7.099999999999999367e-02 7.099999999999999367e-02 7.099999999999999367e-02 7.099999999999999367e-02 7.099999999999999367e-02 7.099999999999999367e-02 7.099999999999999367e-02 7.099999999999999367e-02 7.099999999999999367e-02 7.099999999999999367e-02 7.099999999999999367e-02 7.099999999999999367e-02 7.099999999999999367e-02 7.099999999999999367e-02 7.099999999999999367e-02 7.099999999999999367e-02 7.099999999999999367e-02 7.099999999999999367e-02 7.099999999999999367e-02 7.099999999999999367e-02 7.099999999999999367e-02 7.099999999999999367e-02 7.099999999999999367e-02 7.099999999999999367e-02 7.099999999999999367e-02 7.099999999999999367e-02 7.099999999999999367e-02 7.099999999999999367e-02 7.099999999999999367e-02 7.099999999999999367e-02 7.099999999999999367e-02 7.099999999999999367e-02 6.400000000000000000e+01 -3.636363636363636881e-02
2.139999999999999958e-01 2.139999999999999958e-01 2.139999999999999958e-01 2.139999999999999958e-01 2.139999999999999958e-01 2.139999999999999958e-01 2.139999999999999958e-01 2.139999999999999958e-01 2.139999999999999958e-01 2.139999999999999958e-01 2.139999999999999958e-01 2.139999999999999958e-01 2.139999999999999958e-01 2.139999999999999958e-01 2.139999999999999958e-01 2.139999999999999958e-01 2.139999999999999958e-01 2.139999999999999958e-01 2.139999999999999958e-01 2.139999999999999958e-01 2.139999999999999958e-01 2.139999999999999958e-01 2.139999999999999958e-01 2.139999999999999958e-01 2.139999999999999958e-01 2.139999999999999958e-01 2.139999999999999958e-01 2.139999999999999958e-01 2.139999999999999958e-01 2.139999999999999958e-01 2.139999999999999958e-01 2.139999999999999958e-01 1.280000000000000000e+02 -5.954545454545454586e-01
3.569999999999999840e-01 3.569999999999999840e-01 3.569999999999999840e-01 3.569999999999999840e-01 3.569999999999999840e-01 3.569999999999999840e-01 3.569999999999999840e-01 3.569999999999999840e-01 3.569999999999999840e-01 3.569999999999999840e-01 3.569999999999999840e-01 3.569999999999999840e-01 3.569999999999999840e-01 3.569999999999999840e-01 3.569999999999999840e-01 3.569999999999999840e-01 3.569999999999999840e-01 3.569999999999999840e-01 3.569999999999999840e-01 3.569999999999999840e-01 3.569999999999999840e-01 3.569999999999999840e-01 3.569999999999999840e-01 3.569999999999999840e-01 3.569999999999999840e-01 3.569999999999999840e-01 3.569999999999999840e-01 3.569999999999999840e-01 3.569999999999999840e-01 3.569999999999999840e-01 3.569999999999999840e-01 3.569999999999999840e-01 2.560000000000000000e+02 -4.148181818181818414e+00
5.000000000000000000e-01 5.000000000000000000e-01 5.000000000000000000e-01 5.000000000000000000e-01 5.000000000000000000e-01 5.000000000000000000e-01 5.000000000000000000e-01 5.000000000000000000e-01 5.000000000000000000e-01 5.000000000000000000e-01 5.000000000000000000e-01 5.000000000000000000e-01 5.000000000000000000e-01 5.000000000000000000e-01 5.000000000000000000e-01 5.000000000000000000e-01 5.000000000000000000e-01 5.000000000000000000e-01 5.000000000000000000e-01 5.000000000000000000e-01 5.000000000000000000e-01 5.000000000000000000e-01 5.000000000000000000e-01 5.000000000000000000e-01 5.000000000000000000e-01 5.000000000000000000e-01 5.000000000000000000e-01 5.000000000000000000e-01 5.000000000000000000e-01 5.000000000000000000e-01 5.000000000000000000e-01 5.000000000000000000e-01 5.120000000000000000e+02 -1.108818181818181792e+01
6.430000000000000160e-01 6.430000000000000160e-01 6.430000000000000160e-01 6.430000000000000160e-01 6.430000000000000160e-01 6.430000000000000160e-01 6.430000000000000160e-01 6.430000000000000160e-01 6.430000000000000160e-01 6.430000000000000160e-01 6.430000000000000160e-01 6.430000000000000160e-01 6.430000000000000160e-01 6.430000000000000160e-01 6.430000000000000160e-01 6.430000000000000160e-01 6.430000000000000160e-01 6.430000000000000160e-01 6.430000000000000160e-01 6.430000000000000160e-01 6.430000000000000160e-01 6.430000000000000160e-01 6.430000000000000160e-01 6.430000000000000160e-01 6.430000000000000160e-01 6.430000000000000160e-01 6.430000000000000160e-01 6.430000000000000160e-01 6.430000000000000160e-01 6.430000000000000160e-01 6.430000000000000160e-01 6.430000000000000160e-01 1.024000000000000000e+03 -2.277545454545454717e+01
7.860000000000000320e-01 7.860000000000000320e-01 7.860000000000000320e-01 7.860000000000000320e-01 7.860000000000000320e-01 7.860000000000000320e-01 7.860000000000000320e-01 7.860000000000000320e-01 7.860000000000000320e-01 7.860000000000000320e-01 7.860000000000000320e-01 7.860000000000000320e-01 7.860000000000000320e-01 7.860000000000000320e-01 7.860000000000000320e-01 7.860000000000000320e-01 7.860000000000000320e-01 7.860000000000000320e-01 7.860000000000000320e-01 7.860000000000000320e-01 7.860000000000000320e-01 7.860000000000000320e-01 7.860000000000000320e-01 7.860000000000000320e-01 7.860000000000000320e-01 7.860000000000000320e-01 7.860000000000000320e-01 7.860000000000000320e-01 7.860000000000000320e-01 7.860000000000000320e-01 7.860000000000000320e-01 7.860000000000000320e-01 2.048000000000000000e+03 -3.046363636363636118e+01
9.290000000000000480e-01 9.290000000000000480e-01 9.290000000000000480e-01 9.290000000000000480e-01 9.290000000000000480e-01 9.290000000000000480e-01 9.290000000000000480e-01 9.290000000000000480e-01 9.290000000000000480e-01 9.290000000000000480e-01 9.290000000000000480e-01 9.290000000000000480e-01 9.290000000000000480e-01 9.290000000000000480e-01 9.290000000000000480e-01 9.290000000000000480e-01 9.290000000000000480e-01 9.290000000000000480e-01 9.290000000000000480e-01 9.290000000000000480e-01 9.290000000000000480e-01 9.290000000000000480e-01 9.290000000000000480e-01 9.290000000000000480e-01 9.290000000000000480e-01 9.290000000000000480e-01 9.290000000000000480e-01 9.290000000000000480e-01 9.290000000000000480e-01 9.290000000000000480e-01 9.290000000000000480e-01 9.290000000000000480e-01 4.096000000000000000e+03 -7.257090909090908326e+01
5.499596620578787176e-01 6.483548188835264181e-01 4.031573756688733856e-01 1.958032880261222908e-01 2.704009991651217804e-01 5.574613117508135929e-01 2.675124162838839470e-01 9.076545228512565844e-01 9.750881068470830249e-01 5.885783967192788069e-01 8.955207968557677978e-01 2.299666373827536359e-01 1.705502977979132806e-01 4.687976438986074523e-01 6.241754460553111672e-01 6.665951276318247132e-01 2.051066005658749858e-01 5.973376488339716683e-01 9.677507933637109483e-01 7.800854691737262314e-01 6.406054641060090482e-01 2.641205845587580869e-01 5.860846633778217241e-01 2.466163523058121088e-01 5.789845308022084636e-01 3.502848306260404332e-01 5.768673578580290062e-01 8.462947572284763575e-01 6.796250054397709461e-02 6.417819552423570384e-02 8.017540475474302930e-01 9.201571036738644960e-01 1.220000000000000000e+03 -2.386181818181818315e+01
2.622698287316063692e-01 9.632098608288813812e-03 5.165716392603276752e-01 5.768566574680376036e-01 6.782206125259221396e-01 5.876394429973132993e-01 7.841409629724142016e-01 2.733712923657345972e-01 5.365866490939278366e-01 6.474857220674236080e-01 2.002105894633453009e-01 5.133235330574751482e-02 4.634996590896091062e-01 3.494233067375930313e-01 8.326469505674507499e-01 7.920917722293130403e-01 9.072141006962872734e-01 2.441623709352906679e-01 9.592898229432198498e-01 4.486929966054843399e-01 5.155760419871965317e-01 1.376924240280757994e-01 4.736147129171294767e-01 2.752941869705160822e-03 9.218405382814913729e-01 5.337959542312068484e-01 8.455907339814657808e-01 2.146798765276285714e-01 3.532994023657911598e-01 3.627727888303389214e-01 9.088807973080816893e-01 2.804788845225503202e-01 1.064000000000000000e+03 -2.029636363636363683e+01
4.568320962797169787e-02 3.051490326569460398e-01 5.339207433116736068e-01 4.231786628204712297e-01 3.714424855602773690e-01 9.655201246498605616e-02 4.539878766960424583e-01 2.543758490909631687e-01 6.154476124719353569e-01 1.424411261214202085e-01 6.197530597665543706e-01 7.428262150917537276e-01 4.766836470389648750e-01 6.195256419179864249e-01 4.627334587545043343e-01 5.718989194723496094e-01 3.964998813585250415e-01 5.528711660013653217e-01 5.634784228254976490e-01 4.273416344066880979e-01 7.323745718622118317e-02 4.824091070515960089e-01 4.993602555629323425e-01 2.859860885000230502e-01 4.088670828404711299e-01 9.259741498757690925e-01 7.381239520014564182e-01 6.623379503475317065e-02 7.603829072103838183e-01 2.873061297674525325e-02 2.757631347469570726e-01 1.188422140819004528e-04 6.540000000000000000e+02 -5.409090909090909172e+00
1.108854236274403327e-01 8.020463280741055856e-01 3.987387679831667919e-02 5.306552448452588333e-01 1.690724823389042342e-01 1.941550058918840027e-01 6.672020152448396857e-01 5.216592544487079763e-01 7.591107242447833192e-01 4.701420981503642293e-01 8.558172067278746464e-01 3.988685335673073165e-03 8.255225304816352638e-01 7.105970043087763699e-01 7.313327842842698434e-01 3.810121596785737697e-01 1.323896065783160547e-01 6.729775322224155198e-01 5.405281456289311171e-02 1.623242265092037506e-01 7.214112177737848075e-01 4.077397317211129413e-01 7.292913618565513012e-01 5.797639820810640554e-01 2.700521845119230879e-01 1.148560871945959599e-01 9.880947779061752811e-01 7.587113989583544882e-01 7.769569427951709961e-02 9.678333997555792212e-02 8.260722142603905693e-01 6.752998455245114995e-01 9.600000000000000000e+02 -1.122818181818181849e+01
8.151219187652072318e-01 5.274273354498268951e-01 8.840089696714226175e-02 8.657577437215348004e-01 8.170489235953045659e-01 1.728997785095600093e-01 8.597376763527200816e-02 2.227300921166591452e-01 8.770181975038766620e-01 5.465238987703550100e-01 5.750227085209668187e-01 9.094837738667342908e-01 1.317190519742365007e-01 5.852766026733757787e-01 2.273624426507550311e-01 8.574141533763554035e-01 3.579277984943725344e-02 1.121044504710683731e-01 1.415271499575850023e-01 1.892827670307735410e-01 5.473626484477503995e-01 5.062048559307512630e-01 4.101598708152049411e-01 7.753632141739409400e-01 6.988066588893979691e-01 9.457684285631901000e-01 1.290091396514009836e-01 7.810694209659609921e-01 3.940694282110827062e-01 7.597551167281091367e-01 5.816296164502789967e-01 3.923331183724804161e-01 1.206000000000000000e+03 -2.270000000000000018e+00
4.591050636143128583e-01 5.092325236331918248e-01 2.282640202322910594e-01 3.966194208457708981e-01 2.589161625682150358e-01 7.217058786508895318e-01 3.099935391692509312e-01 7.753290855763482758e-01 8.911990174349365690e-01 9.267562749265941813e-01 2.555462952511708408e-01 2.562844118703131446e-01 5.775162499642306768e-01 1.235339311124037526e-01 5.381723576332992920e-01 4.190223334924312315e-01 6.097029087312884066e-01 5.776646672445280295e-01 6.041922216319318695e-01 9.509836399139581786e-01 9.180689862103373899e-01 2.561528899969537365e-01 9.149555899959692373e-02 7.996492890330827441e-01 8.595276342541346981e-01 4.840785281536730822e-01 8.927046735326263915e-01 4.184644965511836179e-01 6.290910135439186091e-01 9.596623114712965474e-01 6.257867655703974741e-01 2.529713565020850208e-01 1.404000000000000000e+03 -2.192999999999999972e+01
5.274725378998119663e-01 7.616191857332329507e-01 2.028930162805723039e-02 2.986216385642636029e-01 7.802308647389010199e-01 2.613616069631805594e-01 3.851069579679903820e-01 5.290700983746573494e-01 1.994192987413544449e-01 7.632663812098308131e-01 8.117577287078682202e-01 8.245061376707836232e-01 6.165929718821653305e-01 3.908627545894065580e-01 1.659677523103299801e-01 3.038322632877170082e-01 9.485023691514835043e-02 2.027045215056932914e-01 8.158104423667598137e-01 5.788345350510143428e-01 9.007850183584172887e-01 3.862613233700117887e-01 8.695581238052343398e-01 5.040644540904849064e-02 4.449657619143447262e-01 1.501247579319612557e-01 3.479795007906889004e-01 7.461404974431096182e-01 8.220068722558889762e-01 2.312390010547759056e-01 7.283603697319512849e-01 4.429342594563137614e-01 1.038000000000000000e+03 -1.482545454545454611e+01
4.189622429399909587e-01 5.950156963764934304e-01 1.956232302657928135e-01 1.853508726728327061e-01 9.162194628558604226e-01 2.263358456959838894e-01 8.204072675851288299e-01 8.261320159691749598e-01 6.821706395524205213e-01 7.828700774298109899e-02 9.600408382523322182e-01 6.489578564513183434e-02 2.798285906948690394e-01 8.652596931720982765e-01 3.675755883992327666e-01 5.204239890893941345e-01 2.537738530991504038e-01 3.513587865211981742e-01 7.218897498517069522e-01 4.409262662328875676e-02 9.330890670613490867e-01 2.219636035033515642e-01 7.713446902778234859e-01 1.367199463379012159e-01 6.481300749357711277e-01 2.575097959158744176e-01 2.011896183999300480e-01 8.886939677521368264e-01 2.583794238057737780e-02 2.016263838163233624e-01 1.883998382452828080e-01 9.324144558164088048e-01 1.210000000000000000e+03 -1.457909090909090644e+01
2.033493168497021164e-01 1.367772968492924901e-01 9.902300033160561510e-01 6.738876016602842745e-01 7.087632017192855294e-01 8.820884372451068822e-01 6.242389430282072604e-01 6.635305267853646161e-01 7.380303866130255575e-01 9.009088951725299221e-01 4.187495933504810641e-01 6.806371369888423173e-01 2.560283819722687926e-01 8.841305054449712930e-01 1.230247788887201960e-01 8.379043239914788499e-01 8.296593187569387684e-01 1.240397769920554144e-01 2.914893502972550898e-01 8.297078784287866826e-01 4.708988843131450830e-01 7.996655863084349836e-01 1.176228535993644603e-01 3.091734393095438294e-01 8.019850339046413756e-01 5.649196821878920555e-02 5.339703560304148722e-01 8.105742130606993223e-01 6.601958738374823499e-01 1.871738025522666216e-01 9.592122367777622394e-01 3.641368397159855386e-01 1.366000000000000000e+03 -1.297181818181818080e+01
4.437627262071762724e-01 1.774492498955551334e-01 6.459583429651035713e-01 6.309325319217399253e-01 4.375849279407079684e-01 4.378458333550104831e-01 9.387857175666242115e-01 1.093355197674352186e-01 8.536561434506964030e-01 5.367740063725827682e-01 6.334623706049895553e-01 8.611030000512015503e-01 8.230705444912143065e-01 4.820058703547920598e-02 6.844843189058332777e-01 3.575942349237061068e-03 8.612525724174530106e-01 2.841471215750552282e-01 6.768812800021503095e-01 3.942892585971513042e-01 9.701184254551863395e-01 3.561080283285736336e-01 4.279282931725567063e-02 1.226759771329126725e-01 1.759817769119534081e-01 9.939394156483850606e-01 4.902954384922211251e-01 7.256460920961930183e-01 6.920537742827067573e-01 5.683037754334501201e-01 6.352892578596985862e-01 4.368146075533703709e-01 1.206000000000000000e+03 -1.829454545454545666e+01
2.647319200621682245e-01 6.185398228603294912e-01 2.764628181481790237e-01 9.547906123593250527e-01 4.927554507243903648e-01 7.819693264566618396e-01 5.491820819040201807e-01 7.481353560480412390e-02 9.328702333780570788e-01 5.002658019989347782e-01 3.398625334119712571e-01 4.289634510804754552e-01 5.884857703758888947e-01 6.455670880648022303e-01 6.063019733275017975e-01 9.753243251113445922e-01 2.945245106637151555e-01 5.257567791022991210e-01 9.034835383028569922e-01 9.720860438609830734e-01 1.241691750899000107e-01 5.866164268400831938e-01 2.914473677770725302e-01 4.385575351392258514e-01 1.739005472919854245e-01 8.331456457407028504e-02 2.731258144668745058e-01 9.970005501951479943e-01 8.795403549215820016e-01 4.206310447895825755e-01 1.299919703613315325e-01 5.843073471038912059e-01 1.304000000000000000e+03 -2.159545454545454746e+01
6.787634745238242395e-01 3.234259555056481772e-01 4.085139107148107879e-03 3.787128463808961138e-03 9.442298795054534510e-01 3.205609801659321523e-01 3.348712946042977645e-01 6.299352210309131506e-01 3.623596279068643788e-01 8.793182874708233010e-01 8.732252419850938807e-01 6.457914958855939247e-01 1.945123391905969057e-01 2.333790000019746735e-01 8.706667030031640664e-01 4.922472339020687038e-01 5.818183464855872788e-01 4.637706339447522086e-01 4.418323939684516977e-01 6.036538245257567770e-01 3.583152603648198653e-01 2.404226183586348764e-01 4.279567606169879523e-01 8.242597660536568061e-01 3.379184323630031184e-01 5.648309529363804149e-01 6.810044694839416657e-01 9.069772147783835559e-01 4.171804937470733332e-01 7.187724014706049491e-01 3.273568776219242804e-01 5.188046620285310384e-01 1.128000000000000000e+03 -1.058909090909090978e+01
1.264336078774823402e-01 4.771470828356803584e-01 8.846643645840808201e-01 6.610541140999019738e-02 3.904075622563727976e-01 1.627702681745387195e-02 6.006311782398275900e-01 5.033860875402702550e-01 2.800096184941274500e-04 7.143679900271692196e-01 9.992536689226688695e-02 5.811497851014915117e-01 9.076716538263897016e-01 6.509288796237969743e-01 1.048911241285429841e-01 7.372525635569072699e-01 3.010199153331373223e-01 8.054414850335102349e-02 7.398753363291792340e-01 9.315200952535667156e-01 2.129394084907438034e-01 7.334001316944228632e-01 4.906745770617608748e-01 2.026954607600787439e-01 1.407141795013921726e-01 9.566070180993804239e-01 6.593775516880578946e-01 9.863769892476476064e-02 3.226726339601919125e-01 8.618134244780509823e-01 6.694592960664800252e-01 8.243144920233949069e-01 1.218000000000000000e+03 -2.864363636363636090e+01
7.299929245612041262e-01 8.589274683513994368e-01 7.131475235226892861e-01 7.872909723193435294e-01 4.538258909775414462e-01 7.420616327307834048e-01 1.176283766714723983e-01 7.666608554665192976e-01 7.963804484690204522e-01 5.182793470380585577e-01 1.716294154997294319e-01 1.904264239544951054e-01 5.078441854007085254e-01 3.164448190039126363e-01 4.299321385810017104e-01 2.623271914598369545e-02 1.137290134549213821e-01 7.416955806179367228e-01 8.426680491703343323e-01 7.500141176909516094e-01 8.244373062666401353e-01 5.695934182792948830e-01 5.126691389332018942e-03 5.538315199865220251e-01 3.990320977278534742e-01 7.626843017135810365e-01 1.623852509330939720e-01 4.482081314345378042e-01 4.216199503857900877e-01 3.754611869163148596e-01 6.576131149185083791e-01 5.110274096484745954e-02 9.980000000000000000e+02 -1.713909090909090693e+01
7.974036861647653129e-01 2.088943351341312760e-01 3.672157936894929753e-01 3.836291951941803863e-02 1.991187096741315471e-02 2.719852843016020705e-01 9.252374668904957966e-01 8.203134321550162866e-01 3.999693773897597393e-02 7.366878468475536179e-01 9.363259498184026697e-01 3.254680946219351001e-01 2.820030025341288549e-01 9.165912160998095359e-01 5.547582588204521548e-01 4.118633484972956255e-02 5.767843192721168188e-01 8.058967910859330397e-01 3.933269471763822106e-02 4.103468205285062398e-01 6.783616687458818850e-01 9.527799059218785560e-01 3.880545001249601222e-01 4.175409305491766809e-01 3.597425712892839966e-01 5.595502463285514372e-01 9.597359354782267760e-01 1.706606034036823871e-01 4.640126910889033618e-01 6.522266451141995880e-01 5.427103819643114280e-01 1.874692952120950995e-01 1.134000000000000000e+03 -8.946363636363635408e+00
9.631600605217974786e-01 5.775245184194551795e-01 5.542202998801660785e-01 3.288752146376044405e-01 8.269858628019233215e-01 7.108104566023538684e-01 4.741490552555317761e-02 2.016064943269225695e-01 4.507296422056150109e-01 3.719172239656190482e-01 8.941098881043634261e-01 4.979397244398152678e-01 9.996268829186405469e-01 5.365357993096251388e-01 9.207189083974459676e-01 6.120338637524895820e-01 6.878154892080495797e-01 9.745881899606989585e-02 7.404384454238603641e-02 5.389426122281187892e-01 6.933714399753838631e-01 3.258562511715824839e-02 9.707809027690599279e-01 8.393959662740377858e-01 6.040572968590225411e-01 5.850281062468187798e-01 6.242023380668951793e-01 2.057310425514385574e-02 7.370018373790987454e-01 4.251940481798132110e-01 5.235106407158460762e-01 2.079328121444190547e-01 1.226000000000000000e+03 -1.397818181818181671e+01
3.087034056579238822e-02 2.872877560090278740e-02 8.653284191029075867e-01 5.101779257322749395e-01 9.714207587089285223e-01 7.544634620786730972e-01 1.618899683982257809e-01 9.782091504985472585e-02 5.083786472892806163e-01 8.614113313099289737e-01 2.679388875091015532e-01 2.072390011326689097e-01 9.265875924206051772e-01 7.823679907658038779e-01 3.982009472825043250e-01 1.673217999264210998e-01 9.867401361317509334e-01 6.952082185244291557e-01 1.880341626258696663e-01 5.942563621059696599e-01 5.696286996053845364e-01 6.617476681906518943e-01 5.240573447526793993e-01 3.039831808173886277e-02 6.283174260201278560e-01 8.651321221814183282e-01 8.163472485540137491e-01 7.153570007378906581e-01 9.303968070945785040e-01 7.310350721521610695e-02 4.641959863672019959e-01 7.757245831001920999e-01 1.462000000000000000e+03 -1.651000000000000156e+01
4.764503527984788600e-01 9.434625684076954899e-01 9.510567757770663766e-01 8.844578570197746403e-01 6.126021285304638075e-01 1.916381728693959952e-01 2.499167786318880480e-01 4.156577309560869904e-01 2.831685774052919435e-01 4.440165501352817401e-01 1.405470425991337934e-03 3.412915467332881536e-01 1.412184016351026583e-01 1.927290415515472977e-01 5.142436297848173021e-01 1.340750370422004178e-01 3.599476987385586968e-01 5.342156652031638808e-01 4.798248956649088237e-01 8.497281605670334304e-02 3.421430159577896202e-01 4.026114737921336617e-02 5.408771832531377166e-01 1.568282877060238889e-01 7.223675896523726880e-01 1.873145900980404677e-01 9.431522033800144866e-01 5.039273549098505223e-01 7.204968374209314019e-01 3.923281327188873346e-01 7.731374731434627057e-01 2.842585016229235984e-01 9.260000000000000000e+02 -6.676363636363637610e+00
1.426222035981760672e-01 9.107293232955424589e-01 8.575162235967076496e-02 1.420913427527480122e-01 4.084803527691068803e-01 2.146784028498989472e-02 5.872077383095184455e-01 2.407953273527357607e-01 3.957333458492031664e-01 7.375699114425514624e-01 4.588824055956782222e-01 9.761929492998767666e-01 1.840380727689879814e-01 5.919749100153690741e-02 7.869390922084354423e-02 8.706526442451748560e-01 8.496897922317011576e-01 9.371174017201279183e-01 5.012703536480948019e-01 6.648703629328114317e-01 4.445124258623669444e-01 8.272181602681668577e-01 2.425817592395371203e-01 6.731297749681988130e-01 4.577664489410222803e-02 2.369853330121043655e-01 2.519708584930979711e-01 6.452530787344635810e-01 6.432971911549746347e-01 8.849664156338398202e-01 3.553868716777011660e-01 5.740023974028722886e-01 1.130000000000000000e+03 -8.121818181818182936e+00
7.117445925068711654e-01 7.149799319906910977e-01 6.260389977439805298e-01 9.058725571253682940e-01 5.707586153596052592e-01 6.484032665740800949e-01 4.147940200372667863e-01 6.003708090118342611e-01 6.612586554982764486e-01 4.062959552844211952e-01 1.171564640087661147e-01 6.188608050814712325e-01 3.538111109283441635e-01 4.775801416112860354e-01 2.988370410780637476e-01 2.155483107435836043e-01 6.686816511856124023e-01 9.965090809786660841e-01 6.491606659503577070e-01 8.090583029287906625e-01 5.019131553246904132e-02 9.912688572000777354e-01 9.183224254166925116e-01 9.702240401605439768e-01 2.269755248598592789e-01 8.497518616628524368e-01 9.225486635475894648e-01 2.973816788069763573e-01 5.891145832907237478e-01 6.353312823807475418e-01 5.643203467248755212e-01 2.984884254241708668e-01 1.388000000000000000e+03 -1.335454545454545539e+01
9.770489158995802059e-01 8.940976327494291054e-01 8.302307100645134330e-01 6.033580370372655377e-01 1.552839872778448982e-01 5.323796114399413915e-01 2.885496731632908873e-01 1.676254457099307649e-01 1.523954496584773999e-01 6.732805487773806385e-01 8.361741393347881246e-01 8.595457367141427774e-02 8.628097404122830882e-01 8.655729450573447503e-02 5.436530958484501325e-02 5.392329768179170424e-01 9.693684029101568012e-01 6.555320560837513133e-01 6.480774469431971330e-01 2.816466113710127880e-02 3.750015739436312057e-01 6.871889250059226573e-01 7.859821388458447800e-01 5.103240164121516376e-01 2.392560901474725388e-01 7.235406693152115487e-01 3.324457829373105022e-02 1.060052670255479286e-02 1.079364957860068502e-01 1.311635402501095393e-01 1.620340839570994507e-01 4.908909884112294675e-01 1.044000000000000000e+03 -1.023727272727272641e+01
3.837932107409603999e-01 6.119278119345711309e-01 7.239702591572738655e-01 9.146525176009558944e-01 3.219124712878402295e-01 4.806717823642708137e-02 5.715194209005685089e-01 6.452221310819968858e-01 9.158383587021239336e-01 1.144077582024434769e-01 3.512818897725495382e-01 8.348588263943360621e-01 9.579236282644157940e-01 4.394150637589990804e-01 4.783566160685974178e-01 2.590493746612161918e-01 6.216841439222273724e-01 3.828297171423311052e-01 2.215915744585487401e-01 8.717210232599112985e-01 1.037794630038823690e-01 6.286117407733864404e-01 6.729947799184347046e-01 6.903107287334628861e-01 5.680794590065744165e-01 3.232757149664905461e-02 5.488430509012334202e-01 2.778401755211324931e-01 8.055966039001574153e-01 7.765122365678134297e-01 2.855164506907566513e-01 3.461441302545235077e-01 1.120000000000000000e+03 -1.224363636363636409e+01
5.142135713917879158e-01 9.770104640388650452e-01 1.670243871289153192e-01 5.952987943667192861e-01 7.964628142909122577e-01 1.531906825031855990e-01 7.460529775068489577e-01 9.481684913392105507e-01 1.870201404365442466e-01 2.991864031091354126e-01 9.123961670985805128e-01 3.797803998196378483e-01 2.995677632054147832e-01 5.700135025472022887e-01 5.724688850986507302e-03 1.452444319175493770e-01 7.882317441982142903e-01 1.794464054228040450e-01 9.241493495226799082e-01 9.994490463771545929e-01 4.148217225649831197e-01 6.484331536489440495e-01 9.390271921779380637e-01 8.530397482573065515e-01 9.657504682113330352e-01 6.543399555486469898e-01 2.131410762511257717e-01 9.476316292083297732e-01 8.453633327891511007e-01 9.124815977977784875e-01 2.095268241078662719e-01 9.136710016916439747e-02 1.664000000000000000e+03 -1.866000000000000014e+01
3.649443698758988996e-01 6.742043151886965013e-01 3.404224477438220209e-01 2.477492572910472424e-01 2.049104399421507461e-01 3.069885145215719424e-01 8.466076651821133892e-01 5.672200276021431842e-01 6.377452508144583476e-02 5.731763578380419943e-01 6.218743773052571450e-02 6.557175082269351973e-01 9.774302336709114192e-01 9.753513975154975979e-01 4.567288424712964007e-02 8.130992092749524114e-02 7.493089750192242215e-01 2.810087146382263257e-03 7.996612184136369095e-01 2.380631507163388783e-01 2.930978853182891752e-01 4.570834110861907162e-01 5.639897147865080562e-01 5.411751724952723608e-01 1.074801477029335289e-01 4.479574492341997088e-02 7.865998854174426347e-01 3.173674127395060829e-01 9.690907182598853531e-01 2.541980178032742788e-01 2.358378505953686588e-01 7.702038282574875661e-01 9.380000000000000000e+02 -1.689363636363636445e+01
8.571298068153134775e-01 8.180239372560502709e-01 3.026510040765870158e-01 2.847456015807514618e-01 7.632322080600985048e-01 1.106262682221928195e-01 4.284616429193034426e-01 9.289509409446305988e-01 8.288980075593638253e-01 3.207367226951490236e-01 7.655425375603560623e-01 7.151647518321699870e-01 1.792654339817563447e-02 7.307559132735514940e-01 9.006930459704124425e-01 5.918194297773385903e-01 4.448956950970360813e-01 8.768977138034098617e-01 6.302778774947175311e-01 6.345170804497333172e-01 9.482162281705919238e-01 9.588641541002333735e-02 3.822391529938151677e-01 2.199219436136300998e-01 5.417861041405879208e-01 7.189857065948934700e-01 1.420649524870394309e-01 2.055534216579595341e-01 8.651475387009047724e-01 8.279461073056290088e-01 4.094335501313317582e-01 4.679153694355684401e-01 1.420000000000000000e+03 -2.004545454545454675e+01
6.963538405222606809e-01 5.117881812978071487e-02 3.730969464825299453e-01 7.396338046720719595e-01 7.207610170492794177e-01 6.768541738812886566e-01 9.846819739197474330e-01 4.407886414489996518e-01 7.732333892713098011e-01 2.821697361030753859e-01 2.893132823570122580e-01 4.812862663995464141e-01 6.568783825658701669e-01 9.582797285768708262e-01 9.831301082128168778e-01 3.499689373222513722e-01 6.506026181803753472e-02 4.213292579820231420e-01 1.222474330011736887e-01 1.369255564988660356e-01 1.800653636061397556e-01 5.563225597982903725e-01 7.157271668639443307e-01 7.605623618508902672e-02 8.201745871123128362e-02 8.393210116277776134e-01 6.032027328536609251e-02 1.069005559088493096e-01 4.746914772657855330e-01 6.721319182769343037e-01 5.580442839746075911e-01 6.220823340639876076e-01 1.000000000000000000e+03 -1.510909090909090979e+00
3.255562885427667474e-01 4.154615020174291518e-01 5.957076520969161182e-01 4.674654221402828602e-01 5.238913940186945561e-01 6.662671997724483042e-01 1.408044393770706559e-01 8.421569842386836813e-01 4.711590027408616987e-01 1.666701158186531251e-01 7.065561927880514848e-01 7.313323801513430533e-01 9.403011103883729405e-01 7.411117999791735356e-01 8.441327705303247608e-01 2.697034556951178330e-01 4.092371080498345970e-01 3.262235778753037191e-02 7.100989585813719529e-01 1.518245908925990872e-01 4.303321258295966234e-01 7.853371275069168655e-01 2.680141958163050411e-02 2.766724818941277975e-01 9.602918822858904635e-01 4.086509894079771721e-01 1.911319731661690335e-01 2.578966430275638211e-01 8.359466213542094959e-01 8.570842347580684972e-01 2.251114282908140141e-01 1.143004675059749592e-01 9.640000000000000000e+02 -1.505727272727272670e+01
2.898169631252180412e-01 4.557299707576763503e-01 1.877094245903198622e-01 6.564236891717676325e-01 2.127824380849057673e-01 8.674712166928008061e-01 3.516020656518508702e-01 1.574576248882203489e-01 9.565478408325470694e-01 9.757131382873546199e-01 1.254485035278584126e-01 8.789468338299470940e-01 9.703641767638704341e-02 9.052744471140181659e-01 4.100811441571897698e-01 4.719766887188499016e-01 8.061740471702908417e-01 1.598780476097463321e-01 7.769206407844293505e-01 6.798688981950661292e-01 2.001083663616723685e-01 9.114287617059931845e-01 9.053559167874420943e-01 6.385383812205540632e-01 7.772790491510008781e-01 2.177024058544693164e-01 3.132157216926413912e-01 6.678927106531776792e-01 9.120932972046870424e-02 7.513477618625128418e-01 7.501939079077114547e-01 4.927720367351126063e-01 1.454000000000000000e+03 -1.357909090909090644e+01
2.433128654822614700e-01 1.613572959859432276e-01 7.385003418018025734e-01 3.757697318122791841e-01 2.813799751443606390e-01 4.186762791465121758e-01 2.443775298843667981e-02 3.122466845906058941e-01 5.157554920191022019e-01 2.658431714223401521e-01 9.995851130677085861e-01 4.418222714678428642e-01 4.466435517965173241e-01 6.760108410132015244e-01 1.570655775813974420e-01 1.872295043900369105e-01 5.302494792408581903e-01 7.699424837543551448e-01 9.993369430425915745e-01 3.668919420497809836e-01 2.372527699417436298e-01 5.329509538474809238e-01 6.480376006911093834e-01 9.867559081502325080e-01 8.287583468722762303e-01 3.310557269355941523e-01 3.882239914223497568e-01 5.523495750000572135e-01 7.189648413458219478e-01 8.174730243735159885e-01 9.366330592468573302e-02 5.346839207404562311e-01 9.600000000000000000e+02 -8.279090909090909278e+00
8.831449564362949811e-01 3.499899260358423914e-01 2.832159168948946704e-01 9.345159981836469454e-01 5.693625210524327906e-02 4.411694126899896595e-01 5.196027193407375400e-01 4.652622554495141061e-01 3.507599425483762801e-01 8.390450688605952667e-01 3.747653830389699459e-01 6.916943067838383641e-01 5.202471674109403477e-01 6.064952714159822511e-01 2.672132078377382203e-01 5.483970834290244900e-01 6.573851904572214355e-01 7.262660157683291651e-01 3.350703008479593015e-01 5.083311158775560834e-01 5.726820428074429203e-02 3.188781629054713851e-01 6.854903583359930330e-01 9.895586621195470722e-02 2.907602274202523152e-01 6.733157110590466399e-01 7.989008863621765988e-01 3.597138748507809625e-02 2.585914724858157654e-01 3.154587174877666045e-01 3.392333683790855203e-01 8.432089246874369115e-01 8.520000000000000000e+02 -4.868181818181818166e+00
8.793892795290891851e-02 6.660692807521562120e-01 1.401642583449635437e-01 2.390041117522518077e-01 6.572252248919113748e-01 1.338165372513434037e-01 2.274701337743870733e-01 4.794280197319517600e-01 9.800568229436204537e-02 1.286151810707845400e-01 5.183502124052510179e-02 5.675265506986935105e-01 7.422270561835965230e-01 1.982990352446671600e-02 2.827847125126898842e-01 2.074762961517231108e-01 2.749155668272916242e-01 3.879502587720543572e-01 1.295404812495946079e-01 8.577686050223096714e-01 7.994201299946059880e-01 6.719852342825071156e-01 1.672977511021868369e-01 9.331088666752345162e-01 2.550042852721407516e-01 4.964231455797962766e-01 1.094519677632152937e-01 3.440235219016247181e-01 5.218200890967273908e-01 4.501509775314359585e-01 7.116230049637336519e-01 9.824912874597524493e-01 7.820000000000000000e+02 -8.478181818181818485e+00
4.860923737723970087e-03 3.711873059278132381e-01 1.560699652274759874e-01 5.443488429947286322e-01 3.484424973443274176e-01 9.450115103360626767e-01 4.822517784556946685e-01 9.381946430434502382e-01 1.735364431222491122e-01 2.152442226594092622e-01 6.043929004755010936e-01 2.221356708224664356e-01 3.707371095280264650e-01 3.548509894680801358e-01 3.170932298222906009e-01 6.684412791084336225e-02 3.699531894627944850e-01 8.521155980605739089e-01 8.725883768529506535e-01 8.044082060734314421e-01 7.710864027989234870e-01 3.367316858016956016e-01 8.440200518569174193e-01 1.858182863473492596e-01 3.703920684406904473e-01 5.151608503314911713e-01 6.373848040491786326e-01 6.591411418060552085e-01 9.865030669237601080e-01 3.293455129886693755e-01 9.188532535015514480e-01 3.498149142599676215e-02 1.138000000000000000e+03 -1.779181818181817931e+01
1.866131312660327390e-01 1.022746525159715647e-01 8.963167492831899397e-01 4.936533570851387442e-01 9.908765875371191578e-01 4.992772895540517619e-01 8.246064861170663285e-01 8.946380128494464401e-01 6.941074119135320908e-01 6.509910461311870788e-01 2.122929041369267800e-01 1.355976561626370258e-01 2.330682584036159188e-01 2.869820777680843205e-01 3.404233566168281544e-01 6.413461399691304798e-01 3.112919061296924930e-02 4.084835295569987923e-01 6.923451720566475842e-01 1.721540252863323905e-02 6.023119857726739745e-01 6.109104015303429280e-01 6.248496422884830537e-01 5.059284602741381809e-01 9.120273983720098010e-02 2.934916834509036510e-01 4.160756245747820881e-01 2.428873237667177887e-01 9.564982005641764484e-01 5.052594219825211619e-01 5.885316614504444710e-02 9.743342477373380106e-01 1.060000000000000000e+03 -1.285636363636363733e+01
4.986548659511319537e-01 4.216461830256109100e-01 4.088538398802553653e-01 9.727167791802768804e-01 2.310870681925284442e-01 6.875863251920905084e-02 3.283128587575515622e-01 5.795016361814631090e-01 6.444243279576368222e-01 9.945472823030792053e-01 1.553824788319124461e-01 5.585556967426154040e-01 7.349066726253024040e-01 9.846706548755956856e-01 7.611064053323471912e-01 8.777732159247764177e-01 2.387483436651942348e-01 2.470978721097575326e-01 9.534555174963803975e-03 5.223528974384910040e-01 7.059062362661756573e-01 1.482773013697995246e-01 8.253265304252366263e-01 4.478521032970622096e-01 9.976949421034055909e-01 9.108601041812185439e-01 3.839383211839048626e-01 9.187791214124977346e-01 6.015854450088624628e-01 3.690972469991455479e-02 1.111148067478391205e-01 4.116329735590699146e-01 1.348000000000000000e+03 -1.178727272727272712e+01
9.328207206798069251e-01 3.983632143999884523e-01 7.598337586253975928e-01 4.548424504188546269e-01 1.328908035371182961e-01 3.895820694680035556e-01 8.064923593948807312e-01 6.879615323344836497e-01 2.325102614186061734e-01 8.431435720779033582e-01 7.209390272246655185e-01 1.039982488455781090e-01 4.374869510855326077e-02 8.561499874315098291e-01 6.342289059635138893e-01 3.513410659292451332e-01 5.029857863438711441e-01 7.834827704711265772e-01 5.834813881078568798e-01 6.425982367115046223e-02 2.799609224801076213e-01 6.794439825605698424e-02 1.481525593593761847e-01 7.658987738626810149e-01 1.008091318033584906e-02 7.739285674091903600e-01 3.323101729339706933e-01 5.753945391763897188e-01 1.798859481807259797e-01 4.605622186297387288e-01 2.515924069115623718e-01 5.496115840834083777e-01 8.960000000000000000e+02 -7.884545454545453858e+00
7.516064527458933275e-01 1.411763174098311924e-01 7.945187456630409262e-01 4.202880617089155835e-01 8.775013085342950880e-01 4.658361333209062316e-01 8.843473181128210792e-01 9.941961615479447678e-01 9.103904605921778748e-01 3.475800787208325193e-01 9.726069705110229613e-01 2.315847139941597244e-02 6.004707157735700296e-01 7.994970179794962384e-01 2.166072552878190241e-02 4.492691013475905160e-01 7.338598123592557920e-01 9.046654864132189777e-01 3.185786383847898917e-01 7.320358013281724752e-01 1.572761997792111455e-01 4.265513707995666204e-01 1.932466409448490297e-01 2.285552135135726637e-01 7.030969257609448464e-01 3.855947377961302380e-01 7.171942513673800201e-01 4.787629735213410620e-01 3.586893950787486962e-02 8.014427459639166251e-01 3.108366316556621101e-02 6.936910426007067976e-01 1.422000000000000000e+03 -6.700909090909092036e+00
8.961220308683212066e-01 2.302044814003543494e-01 7.808580961081638128e-01 3.452658675278143519e-01 5.340354991190082723e-01 8.159658425040658969e-01 1.976802800408440364e-01 4.531879003368753656e-02 2.163485724634383045e-01 1.627950606945870182e-02 4.372177807660037607e-01 3.917441423346899043e-01 7.003282401577265448e-01 3.813830214567753285e-01 6.681492841406392325e-01 9.218565758725216774e-02 3.200481827097864107e-01 8.922219307515777409e-01 4.624052310205601923e-01 2.712840521471709954e-01 9.982514824479792326e-01 3.031757514111845797e-01 2.473168577249583722e-01 9.613435743355365215e-01 6.124147282660637875e-02 1.587896386621512057e-01 4.531838119960899802e-01 3.922546243906592789e-01 2.817950378964546587e-01 1.154971058863612510e-01 8.421474737590822768e-01 5.397245467347077524e-02 9.200000000000000000e+02 -1.038909090909090871e+01
6.078625759861870648e-02 7.525096239911059914e-01 4.710874095423872587e-01 7.570220938308950265e-01 6.955947414423530040e-01 9.811214834302308674e-01 7.579505525594691928e-01 2.975873109820783013e-01 4.365819871494521776e-01 2.005462776167296901e-01 6.918115045636455962e-01 3.553189565219497803e-01 5.315024174860715211e-01 9.408839212156788756e-01 5.763535709672236163e-01 9.337941410122859720e-01 7.029854590836819295e-01 5.801488079550197741e-01 8.412076391938052566e-01 3.382745895594168606e-01 8.356603795532866474e-01 6.116062873872866665e-03 2.994966049694606780e-01 7.276712963176517057e-01 8.964834511484387480e-01 6.890929266856967716e-01 4.262445338495414737e-01 6.025229760086594499e-01 2.646316293661457597e-01 5.437583147952340656e-01 3.777026200441148118e-01 6.548104011532988045e-01 1.276000000000000000e+03 -1.826545454545454561e+01
6.635033417392857125e-01 9.638367405288954526e-01 4.418349306435170321e-01 2.647759689802522409e-01 5.929768067801586273e-01 6.875596648435533531e-01 1.780952614957660440e-01 8.689225833502585150e-01 3.234826217056174236e-01 6.302733303634114881e-01 3.989493537942201962e-01 2.984278239319030357e-01 6.472198513668105113e-02 1.201745486392082896e-01 1.197586846189480220e-01 7.882837231714321380e-01 1.453688492578810443e-01 6.916045618257669891e-02 5.344497158953691596e-01 7.618598749186834551e-01 1.116414913009862453e-01 9.686923642450271377e-01 2.242888866497967648e-01 7.486684013412454597e-01 8.651975984312857415e-01 3.930668508301938813e-01 4.719590170061112311e-02 3.840214684195071837e-01 5.440664453584046489e-01 1.552796391867468651e-01 8.912360898334583670e-01 2.176251622625682836e-01 1.084000000000000000e+03 -6.604545454545455385e+00
8.063208885134721948e-02 4.971502973814208026e-01 4.215728032098448042e-01 1.386310303890944395e-01 8.670503246085368154e-01 3.734754833795856377e-01 3.913515708748063759e-01 9.766797557663559060e-01 1.392570146995458502e-01 3.218142810038481655e-02 3.206465831697592472e-01 1.460800165668361683e-01 1.083837275990751081e-01 3.127886501755662296e-01 1.826720786003950270e-01 3.898226499710341075e-01 5.155384270936835822e-01 6.191985525843087812e-01 4.032196434214127545e-01 5.583387942119072411e-01 1.605010790662416420e-01 7.572346263130251831e-01 6.044295300682361177e-02 6.618745129942774641e-01 6.678479437755630022e-01 6.094510145435484867e-03 2.929482434297310811e-01 4.588923173672698197e-01 1.702602143496800557e-01 5.242273377946412571e-01 8.655717350928855414e-01 2.341245546421346913e-01 7.220000000000000000e+02 -4.276363636363636367e+00
4.251633582136700173e-01 5.471223195990178034e-01 5.964071435261403958e-02 9.978816681563322799e-01 8.431126422597166048e-01 6.071379659250832894e-01 8.599416196232185783e-01 7.120925902062232860e-01 7.153025866341174988e-01 3.683431541153699973e-01 5.091122149361664295e-01 5.386573217225846255e-01 6.316779904088828390e-01 1.749924282503850514e-01 8.013119992312076612e-01 3.215646470664447198e-01 5.518296281929691016e-01 4.990494778030216821e-02 2.758265959086782584e-02 3.792281827531998606e-01 3.325784435805860251e-01 8.154674788106470729e-01 8.065101439125029748e-01 6.294761495262527484e-01 3.267193848962834934e-01 2.065869916309487631e-01 9.680288692278150586e-01 4.341470587616515497e-01 5.616048316569866028e-01 9.847909782406653045e-01 4.848648908173932015e-01 7.897388730935053225e-01 1.198000000000000000e+03 -7.990000000000000213e+00
7.596499674414962655e-01 2.805344037415220537e-01 4.943260695950239536e-01 7.925761208773076660e-01 4.758776273572034032e-01 4.747770633085953706e-01 9.780268444679425244e-01 3.654520721828033447e-01 1.170197845392171726e-01 9.627520254048221870e-02 6.690660411572462163e-01 8.051548701475279568e-01 6.677278712863640164e-01 2.248732618211103929e-01 4.957690101910557368e-01 2.807433552267606380e-01 1.883716056206889309e-03 9.476435325708889579e-01 1.659196973842835543e-01 4.829540568517798338e-01 5.272631038496843336e-01 8.808085963830973864e-01 1.350746608836233820e-01 8.711068600380428295e-01 4.245314718979091295e-01 4.609874193646236740e-01 7.713037202028946160e-01 3.010919278652083309e-01 1.310738539059986829e-01 9.804324893087488224e-01 7.676297167267954746e-01 9.075683847663520432e-01 1.314000000000000000e+03 -6.743636363636364095e+00
9.183229704906008539e-01 7.727186595364037291e-01 8.179792738972126998e-01 8.545304724706368482e-01 5.597576013884146828e-01 9.529929176611913189e-01 6.058829377173595432e-02 8.042472632140685862e-01 8.690199334372787632e-02 8.208962205907373022e-01 7.408792754915602963e-01 2.857439904754530691e-01 7.959128474803813802e-01 9.994241121590451138e-02 8.157691148620368482e-01 8.141990358839279462e-01 4.628403437263973741e-01 1.508187988013335867e-01 5.251558543647680821e-01 4.640064976496234839e-01 6.270062786546801714e-01 3.688930115020512268e-01 7.374581210174155355e-02 9.278451294506890878e-01 1.944842395788733969e-01 4.349665325065959487e-01 7.706733343757454779e-02 5.147408614841522123e-01 5.026469662378942882e-01 9.104947093952305837e-01 9.750530572823769004e-01 3.309530925948303004e-01 1.402000000000000000e+03 -1.691545454545454419e+01
3.144650162694963558e-01 8.418219335075720344e-02 2.606406219227276888e-01 3.645659846487200317e-01 3.536439956789932948e-01 8.391076892428716016e-01 5.045387879412417398e-01 4.213407522346939160e-01 4.761885573276997130e-01 6.105781610769737133e-01 1.867817405336510417e-01 6.060727190711906465e-01 4.110832304929319947e-01 5.470270954327235424e-01 7.834061091657259501e-01 7.610525542944810429e-01 1.605604854386858682e-01 9.233884731440219484e-01 8.870091613516152274e-01 3.121338142729187526e-01 8.748306940127319464e-01 8.730214087950955992e-01 9.533644235137108680e-01 9.078749030852608648e-01 5.146085893920703258e-01 3.647263495397309319e-01 8.280757748194433887e-01 7.599075277471283030e-02 4.408032669660422176e-01 5.840238134650489465e-01 3.869691349031748606e-01 1.435303427110387053e-01 1.284000000000000000e+03 -1.998454545454545439e+01
5.909836149829276186e-01 3.618177060220495456e-01 3.198291847607871441e-01 4.822509905285146670e-01 4.566450321675464830e-01 9.226418013348922642e-01 9.073418300015427818e-01 3.379557872451071643e-01 5.992389778499368491e-01 7.876310029565646298e-01 5.056080335367977296e-01 8.560607020833607139e-01 8.261758047964515295e-02 7.596990452504585045e-01 7.073082336913797397e-01 9.608630575330222579e-01 8.118481415966382064e-01 4.738626388231341746e-01 9.433514719803121062e-01 1.951469102429681246e-01 7.863996500856570426e-01 1.075427592607564597e-01 8.797377044749834507e-01 4.756383108817752725e-01 4.670876193959904166e-01 9.812130155055717173e-01 8.301832066625299336e-03 9.318560245868279246e-01 3.092898456762034898e-01 3.497724979566645964e-01 4.965455208103157492e-02 3.707413933805610018e-01 1.468000000000000000e+03 -2.210818181818181927e+01
3.910851199314018811e-01 9.936428898178026881e-01 1.170370898056991293e-01 7.001969954744824420e-01 8.156463078232940866e-02 8.321974005742702185e-02 6.910646259381834078e-01 6.820413259166936415e-01 3.776346852080128547e-01 6.949286831253879138e-01 2.621905186458337034e-02 2.799992064491237387e-01 7.599103663265459607e-01 1.992782779973097662e-01 2.602410516684935948e-01 7.309905422133948782e-01 8.812687072917722020e-01 2.704704984548635394e-01 2.461483652851317039e-01 6.251683495580889760e-01 5.904155054203580333e-01 9.187695911121003256e-01 6.518794441371543735e-01 4.663946374583100574e-01 7.476502542740357526e-01 6.400229721075951783e-01 2.294180973279871527e-01 5.957977024610289218e-01 8.988549137392313204e-01 1.126800205594691816e-02 8.645789529844306875e-02 1.738497013200680508e-01 1.064000000000000000e+03 -1.402818181818181920e+01
6.444606114147723996e-01 8.252276231479276358e-01 9.317562006927690987e-01 8.165031048724490370e-01 1.922405642856993557e-01 5.660866119709030420e-01 4.662733299308450263e-01 5.948801731302798962e-02 3.015187036541535082e-01 4.019314253876717369e-01 2.441967302956957742e-01 4.677431112921191514e-01 7.749897018790491421e-01 4.946037295215932605e-01 9.655389738014822365e-01 9.084229969086196066e-01 6.329948479684626150e-01 8.118869735238135599e-01 3.767587741130327128e-01 6.851253297567183598e-01 4.961704109771364890e-01 2.004570868721098353e-01 3.543056523783481571e-01 3.639298092036022947e-01 9.349536396061511878e-01 8.780692237159583302e-02 6.041980558260755529e-01 5.386563677680620277e-01 2.342800518404263566e-01 7.216307051158203922e-01 9.845926005047220819e-01 9.491724382393209591e-01 1.372000000000000000e+03 -1.901545454545454561e+01
7.814303187906860293e-01 9.123134707315884162e-01 4.801399798270795105e-01 8.304488520320372213e-01 4.899496899165673575e-02 6.299674330952210743e-01 9.557396939177412731e-01 5.584329297899416344e-01 4.076835843296526818e-01 1.905312909503282803e-01 8.203703588430702465e-02 1.186903781047832923e-01 4.264259073883564510e-01 4.102232172175616642e-01 9.566805446445343364e-01 6.792367572873215797e-01 3.455481885242452922e-01 6.352719073327501853e-01 3.052724073635417756e-01 9.245928775784175713e-01 6.605636747324783453e-01 8.563395670543201277e-01 8.194162339392280225e-01 3.984461284721172447e-01 6.574753186914359393e-01 2.666015276687643265e-01 5.095811861990767744e-01 7.935020784388442383e-01 3.780604902388839950e-01 2.255750236547296728e-01 4.947395223794814889e-01 6.134378294744075033e-01 1.162000000000000000e+03 -1.108363636363636395e+01
9.996316778723961516e-01 2.220135170441421002e-01 9.185855743450327404e-01 1.118182405015782643e-01 9.545066100126888831e-01 9.957684054169134713e-01 5.310761929535841031e-01 3.298176369188105528e-01 5.871864727009384888e-01 4.237255803849134250e-01 3.102502060238651049e-01 1.683455569586083944e-01 3.434974320608892295e-01 2.478635234272044408e-01 2.430949037909375665e-01 1.208063185036090115e-01 9.591833817723676159e-01 7.081436645382716000e-01 7.555951328071331963e-01 2.925766907196110100e-01 2.662966279305159500e-02 5.183666535503653749e-01 6.051885282734184024e-01 5.751313088049839761e-01 3.133657085460457292e-01 7.483908196233328702e-01 5.061372031373921887e-01 8.707504805980058604e-01 5.357084230539607139e-01 6.262581103503344071e-01 6.136566513682538693e-01 1.375186306607627806e-01 1.224000000000000000e+03 -1.296727272727272862e+01
1.684790698198213033e-01 2.951779322290873364e-01 6.779006441363465418e-01 6.468619392854433325e-01 1.123383422165388501e-01 9.011937468961636055e-01 8.792768767035419319e-02 7.295725585579553307e-01 5.489717635077120406e-01 2.453347491654359058e-01 7.759381131292240052e-01 5.215485406010523795e-01 5.462522713686184250e-01 8.412782623647587776e-01 9.467259739470926805e-01 4.299973102264427194e-01 9.462176861065321187e-01 2.120211188045501016e-01 4.252368869106189497e-01 1.217702458450081737e-01 2.529338371240369421e-01 1.595293297014397371e-01 4.392972723302308036e-01 8.777452382728317959e-01 7.620974514171690029e-01 1.388011068668683345e-01 8.701743066367004786e-01 7.016402742541506532e-01 1.503343149595549877e-01 2.661762476849339754e-01 4.418004804802738161e-01 7.365949306845879230e-01 1.204000000000000000e+03 -4.338181818181817917e+00
5.677625972885947947e-01 7.353832164176413722e-01 5.988990433904094468e-01 1.582714267986808920e-01 3.131376524664316596e-01 2.833475363001349279e-01 4.344354559348295036e-03 7.526456138222545889e-01 2.694304925173847676e-01 4.886613911692826440e-01 4.867787862713617297e-01 9.836237515479444582e-01 7.037005799512002779e-01 5.109940149228301420e-01 3.717872853682275269e-01 4.830318996813230403e-01 7.571313604739302594e-01 5.010540522055532131e-01 5.486996051983915601e-01 2.464980063547696221e-01 8.524613144381729679e-01 4.443153125267043091e-01 5.469906070611763038e-01 6.081644329543355321e-01 5.474790876861740374e-01 6.178423097483787263e-01 9.178262355488657487e-02 1.870405172709423969e-01 9.237465332262767559e-01 6.886848190786296620e-01 6.887630203109217364e-01 7.499638171900662176e-01 9.680000000000000000e+02 -1.461454545454545340e+01
8.319846719651768918e-01 4.680017184523905249e-01 8.492600890457553398e-01 7.582752932829818493e-02 6.390215621299832893e-01 5.222803194440188701e-01 7.155147075476459007e-01 3.977983832151080756e-01 2.582193795244991930e-01 4.523485314831587195e-02 7.961593478615153208e-01 7.567786017015241118e-01 7.413629876896662627e-03 1.624100701629655266e-02 1.954613042902570430e-01 6.956294588012926772e-01 4.745237933628618232e-01 3.224526822343527499e-01 2.447908235422775469e-01 2.267236740502622805e-01 3.048201221931697291e-01 2.948409861449903802e-01 2.659376673546333114e-01 3.408644362775855585e-01 4.870538756795760871e-01 8.150774489132014411e-01 4.667860431355833062e-01 1.522930164647868234e-01 1.941850757592041843e-01 9.436389109777787443e-01 8.187311601441391584e-01 7.160963453148753155e-01 8.600000000000000000e+02 -3.555454545454545201e+00
3.339058420951572792e-01 8.692259903238231944e-01 5.705836757233948564e-01 7.246628179634858613e-01 8.850234258027610268e-02 3.420283160110568765e-01 6.376748342800485636e-01 1.230566942280022086e-01 7.238437915783949572e-01 9.479539328893965555e-01 5.584629054454868236e-01 4.128764899976202218e-01 4.032367873035138106e-01 2.667361669364349819e-01 4.472668949536806049e-01 6.314668871152125940e-01 9.130760233883454813e-01 4.482933524929355595e-01 9.406386862146833006e-02 8.950623908620548574e-01 7.676610516236494035e-03 7.036990984962069318e-01 9.837594848641051382e-01 3.258803431726211008e-01 8.851731420109862913e-01 8.014142537266276678e-01 7.341081617688298699e-01 3.547227537607257619e-01 2.122256970984313373e-01 4.765223673692907114e-01 1.410288506285675425e-01 8.837516503470774776e-01 1.394000000000000000e+03 -4.844545454545453822e+00
2.165645970845366530e-01 1.088432088665702568e-01 9.730902280033423279e-01 7.189641187041968529e-01 7.383324488723175261e-01 7.962324768027670974e-01 7.275396016446851188e-01 2.379008430727371989e-02 3.350015970045858854e-02 2.576705220224622117e-01 6.636209861914666996e-01 9.218150156505464654e-01 3.203499431005289999e-01 8.239086863117415227e-01 6.554180975243213414e-01 9.283011088691842660e-01 4.219520716445648856e-01 8.366042626727696607e-01 4.110168305246485465e-01 7.163766456329998533e-01 7.499291275313110239e-01 1.841045228316454674e-01 7.423771037628501546e-01 7.184178341687290636e-01 2.359664674881425950e-02 3.150101748001680191e-01 6.850166296952100442e-01 6.244197799178947683e-01 6.821285808355085356e-01 2.914479426887882085e-01 2.989876424504064323e-01 8.670289350650293159e-01 1.380000000000000000e+03 -1.637090909090909108e+01
6.204141686062184524e-01 6.382007416148541279e-02 6.656218353560152678e-01 1.012313196670965032e-01 9.076207591804618113e-01 8.583192223328499626e-01 6.562838398476265045e-01 1.039411286360363007e-02 9.923090234915661334e-01 7.985354186625954753e-01 5.935884247216365317e-01 9.505632413136571035e-01 2.136895296517271337e-01 6.967535570460402505e-01 7.477150337517078915e-01 2.380646887986067328e-01 7.556996667308109317e-02 3.001273924942105542e-01 3.602871209756898785e-01 3.241664926444013384e-01 8.839390180022119736e-01 7.485573275007744165e-01 1.903287548699323928e-01 3.697516212360945631e-01 4.955085685233222015e-01 6.084128238861535865e-01 5.796486891942328468e-01 9.655048353977258024e-01 3.353713419639069437e-01 1.605819759231549848e-01 4.267145113199674600e-01 8.035924569687452612e-02 1.274000000000000000e+03 -5.360000000000000320e+00
6.067486068336142013e-01 2.459695192785833207e-01 2.194953138025858008e-01 2.193224310759793183e-01 6.267228311571892974e-01 3.664350489272648614e-01 1.243296167884743592e-01 1.841607870836682592e-01 5.670351017581913844e-01 6.997020623250817251e-02 5.325502819344305472e-01 9.346499288600171873e-01 8.924976703824477609e-01 1.498854182650385669e-01 8.865087731831892137e-01 7.162537262295282092e-01 1.809849448511639536e-01 3.386554886304384282e-01 2.668171266588583168e-01 1.014882553734476889e-01 4.750350943283873084e-01 7.662701745010071230e-02 3.354661874227030660e-01 6.813156221691502035e-02 8.214017998136846632e-01 4.461921868943182212e-01 3.679200588725864418e-01 1.268144328675609167e-01 1.389956381022823366e-02 5.464449017069644698e-01 1.159826890235171604e-02 8.280022088475852415e-01 7.960000000000000000e+02 -4.444545454545454355e+00
8.733372113310479135e-01 6.894517518780330922e-01 7.009510801783871425e-01 2.928254520332750077e-02 1.055055853697513604e-02 2.305507922165258572e-01 2.347281885602474916e-01 3.852966972627305808e-01 8.155134741790490693e-01 9.397304752053300403e-01 4.540778130675264812e-01 7.845857663895493550e-01 8.534001779329453141e-01 4.322452694603474144e-01 5.929568075991108467e-01 9.878176581424703562e-01 2.270113433828012672e-01 9.801433529925206445e-01 1.944118599132164948e-01 8.893403123037485480e-01 3.914056699775736448e-01 9.328573728437115076e-01 3.208910006161367900e-01 1.709198507599249128e-01 1.293069551040319509e-01 8.847071714111387486e-01 8.957988122493047989e-01 8.416398426082259965e-01 7.821466399792628144e-01 5.975085514851269375e-01 9.392741751810492756e-01 6.317884302205222236e-01 1.714000000000000000e+03 -1.629636363636363683e+01
9.913796979322307967e-01 1.000000000000000000e+00 5.681523842428048976e-01 5.150516565882893305e-01 3.929433071282726897e-01 9.966809329200406742e-01 1.000000000000000000e+00 7.452617423145161402e-01 2.178163089281553999e-01 1.000000000000000000e+00 1.174004436605469576e-01 9.999909545387760668e-01 1.000000000000000000e+00 1.000000000000000000e+00 5.159016052521154952e-04 5.821820889676337929e-01 9.780627193159673327e-01 0.000000000000000000e+00 2.028036259004999675e-01 5.786404590350779920e-01 1.000000000000000000e+00 7.510496791192367017e-01 1.000000000000000000e+00 2.025439838162977069e-01 0.000000000000000000e+00 6.884479195335179158e-01 1.000000000000000000e+00 9.940932850188961556e-01 8.685040099478991138e-01 1.000000000000000000e+00 6.782187703269765278e-01 9.743454984446395795e-01 2.364000000000000000e+03 -2.582363636363636417e+01
3.695648393353153649e-01 1.000000000000000000e+00 0.000000000000000000e+00 0.000000000000000000e+00 0.000000000000000000e+00 1.000000000000000000e+00 1.000000000000000000e+00 1.000000000000000000e+00 0.000000000000000000e+00 9.399418381432520466e-07 0.000000000000000000e+00 0.000000000000000000e+00 0.000000000000000000e+00 1.000000000000000000e+00 3.695825556786341143e-02 0.000000000000000000e+00 1.000000000000000000e+00 0.000000000000000000e+00 1.000000000000000000e+00 0.000000000000000000e+00 0.000000000000000000e+00 1.000000000000000000e+00 6.306781411183580710e-01 0.000000000000000000e+00 0.000000000000000000e+00 1.000000000000000000e+00 1.000000000000000000e+00 0.000000000000000000e+00 8.877567509665692524e-01 4.902259101079687875e-01 0.000000000000000000e+00 1.482605988886594476e-03 1.500000000000000000e+03 -1.365090909090909044e+01
8.203245476516678458e-01 1.000000000000000000e+00 9.947447307368311176e-01 7.070138226395450420e-01 8.511925652128260467e-01 7.474812467472177202e-01 1.000000000000000000e+00 8.062610044775352369e-01 9.351464385064583995e-01 9.999945908327579902e-01 6.531858010494108191e-01 7.637480548703270422e-01 1.000000000000000000e+00 9.981434236915073255e-01 3.936387084088963650e-01 7.711549491609319684e-01 8.423697841446564638e-01 9.999604291578534365e-01 1.000000000000000000e+00 1.000000000000000000e+00 7.128662415613272740e-01 1.000000000000000000e+00 9.418554955541275087e-01 5.294091293260300146e-01 3.583957614781089207e-01 9.896372143706464453e-01 1.000000000000000000e+00 1.883777440689380078e-01 8.589739767825929073e-01 9.880250237369287980e-01 8.122761994356522131e-01 1.000000000000000000e+00 2.820000000000000000e+03 -4.752000000000000313e+01
0.000000000000000000e+00 9.955297548220120030e-01 0.000000000000000000e+00 9.681579675704259369e-01 1.531255136520133786e-01 0.000000000000000000e+00 0.000000000000000000e+00 3.093104692692413902e-04 1.287730122378382899e-02 0.000000000000000000e+00 0.000000000000000000e+00 6.131200317456313442e-01 9.997004052417598485e-01 9.998723224854794145e-01 0.000000000000000000e+00 0.000000000000000000e+00 8.354385290878560966e-01 5.276916442581820466e-01 8.697087860357737288e-01 7.975665160718564684e-01 0.000000000000000000e+00 1.004928629796772877e-03 3.860689030784254100e-02 0.000000000000000000e+00 0.000000000000000000e+00 2.813690939643201383e-01 2.616355460608088546e-01 3.416022667721333849e-03 9.912928271375742728e-01 1.000000000000000000e+00 7.719057530084694196e-01 1.000000000000000000e+00 1.308000000000000000e+03 -1.801090909090909165e+01
7.968342550722948836e-01 8.263388013933760101e-01 1.000000000000000000e+00 0.000000000000000000e+00 5.095501419864258974e-01 0.000000000000000000e+00 1.000000000000000000e+00 8.504763982309767600e-01 3.629063554763957145e-01 7.391738560422473903e-01 0.000000000000000000e+00 1.000000000000000000e+00 1.000000000000000000e+00 9.939879888876365088e-01 1.813799512646166179e-01 0.000000000000000000e+00 1.000000000000000000e+00 0.000000000000000000e+00 1.000000000000000000e+00 1.115069956481087032e-01 8.535023162730566160e-01 4.607560310011891702e-01 5.209088448910443869e-01 9.974399369137059157e-01 0.000000000000000000e+00 0.000000000000000000e+00 1.000000000000000000e+00 0.000000000000000000e+00 8.517470366668044024e-01 0.000000000000000000e+00 0.000000000000000000e+00 1.000000000000000000e+00 1.746000000000000000e+03 -2.516000000000000014e+01
2.327431406984314666e-01 9.033085002346245007e-01 1.000000000000000000e+00 3.816662480700356436e-02 8.227454088887593553e-01 7.675993010618405998e-01 1.000000000000000000e+00 8.871625083531847755e-01 0.000000000000000000e+00 1.000000000000000000e+00 3.315015694006940433e-02 2.110814296088520808e-02 1.000000000000000000e+00 1.000000000000000000e+00 4.425112877797127697e-01 7.868884109463478715e-01 0.000000000000000000e+00 3.330320609687766747e-02 1.000000000000000000e+00 6.356700223842904895e-01 6.721255092207096826e-01 7.595950209656409102e-01 6.847547921473394750e-01 8.273431019248429497e-01 4.070028380335574680e-01 1.000000000000000000e+00 3.604713682114086826e-01 1.968931090685004104e-01 4.931358884321224711e-01 5.549634701688429539e-01 1.000000000000000000e+00 9.988393785618295828e-01 1.908000000000000000e+03 -3.094999999999999929e+01
0.000000000000000000e+00 1.000000000000000000e+00 1.000000000000000000e+00 1.083263994660247920e-01 0.000000000000000000e+00 1.000000000000000000e+00 1.000000000000000000e+00 1.000000000000000000e+00 0.000000000000000000e+00 1.000000000000000000e+00 0.000000000000000000e+00 0.000000000000000000e+00 1.000000000000000000e+00 1.000000000000000000e+00 1.000000000000000000e+00 0.000000000000000000e+00 0.000000000000000000e+00 0.000000000000000000e+00 1.000000000000000000e+00 1.000000000000000000e+00 7.914686727209921946e-01 1.000000000000000000e+00 1.000000000000000000e+00 1.000000000000000000e+00 1.000000000000000000e+00 1.000000000000000000e+00 0.000000000000000000e+00 0.000000000000000000e+00 0.000000000000000000e+00 1.000000000000000000e+00 1.000000000000000000e+00 1.000000000000000000e+00 2.520000000000000000e+03 -3.767181818181818187e+01
0.000000000000000000e+00 1.000000000000000000e+00 1.000000000000000000e+00 1.319497369492059757e-01 2.092870878374847830e-03 1.000000000000000000e+00 9.133078343496222606e-01 5.727658128963371009e-01 0.000000000000000000e+00 1.000000000000000000e+00 0.000000000000000000e+00 0.000000000000000000e+00 1.000000000000000000e+00 1.000000000000000000e+00 1.355840966917947754e-01 5.491992739512565475e-02 0.000000000000000000e+00 0.000000000000000000e+00 9.878689335975013863e-01 1.000000000000000000e+00 1.000000000000000000e+00 1.000000000000000000e+00 9.488867885265213076e-01 9.377001069100050490e-01 8.123157768810069790e-01 1.000000000000000000e+00 1.198331233497680337e-01 0.000000000000000000e+00 2.748748110730012129e-01 1.000000000000000000e+00 1.000000000000000000e+00 1.000000000000000000e+00 2.300000000000000000e+03 -3.250181818181818727e+01
1.066406458495063603e-01 1.000000000000000000e+00 1.000000000000000000e+00 0.000000000000000000e+00 7.752752670486520170e-01 9.999999478932571906e-01 1.000000000000000000e+00 0.000000000000000000e+00 0.000000000000000000e+00 1.000000000000000000e+00 0.000000000000000000e+00 0.000000000000000000e+00 1.000000000000000000e+00 1.000000000000000000e+00 1.630725687965452475e-01 0.000000000000000000e+00 0.000000000000000000e+00 0.000000000000000000e+00 1.000000000000000000e+00 1.000000000000000000e+00 5.964249890235571172e-01 1.000000000000000000e+00 9.999975309116954092e-01 1.783361807210100403e-01 1.000000000000000000e+00 1.000000000000000000e+00 0.000000000000000000e+00 0.000000000000000000e+00 2.719010775892403697e-01 1.000000000000000000e+00 1.000000000000000000e+00 1.000000000000000000e+00 2.178000000000000000e+03 -2.650636363636364123e+01
0.000000000000000000e+00 9.999390043360513181e-01 1.000000000000000000e+00 5.691112165543073430e-08 1.211199589529878828e-01 7.305320570669397717e-02 1.000000000000000000e+00 1.000000000000000000e+00 4.970372546446079065e-01 1.000000000000000000e+00 4.692243245184353207e-08 9.999999839717731431e-01 1.000000000000000000e+00 1.000000000000000000e+00 0.000000000000000000e+00 4.911347437791016568e-01 1.326533303827047911e-08 9.999999922610511849e-01 1.000000000000000000e+00 8.309437731343602973e-01 9.999999629460573081e-01 1.000000000000000000e+00 9.959296040173093445e-01 1.000000000000000000e+00 0.000000000000000000e+00 1.000000000000000000e+00 1.000000000000000000e+00 2.743217064836628789e-08 1.731132448073406313e-02 1.000000000000000000e+00 1.000000000000000000e+00 1.000000000000000000e+00 2.548000000000000000e+03 -4.540909090909090651e+01
3.859034163973156656e-02 9.873510780115756225e-01 1.000000000000000000e+00 3.154278649479501651e-01 0.000000000000000000e+00 7.213818562424362257e-01 1.000000000000000000e+00 9.877426418216334048e-01 1.327340403654078127e-01 9.904399758089444950e-01 1.599421994024481999e-02 2.586186110712381803e-01 1.000000000000000000e+00 1.000000000000000000e+00 0.000000000000000000e+00 1.851647996560676648e-07 0.000000000000000000e+00 7.824461899753660798e-01 9.999986965355899260e-01 1.000000000000000000e+00 1.000000000000000000e+00 1.000000000000000000e+00 1.000000000000000000e+00 9.999562591806350209e-01 1.855815061240549957e-01 9.692171280549283230e-01 9.266801556378299054e-01 3.750516298376314423e-05 0.000000000000000000e+00 1.000000000000000000e+00 6.768320309173140314e-01 1.000000000000000000e+00 2.370000000000000000e+03 -4.016272727272727394e+01
3.827531666858570436e-02 1.000000000000000000e+00 1.000000000000000000e+00 9.145278865593556850e-01 3.776973958819834221e-01 9.580527592127141556e-01 8.783705427695751577e-01 1.000000000000000000e+00 1.000000000000000000e+00 1.000000000000000000e+00 5.809691069108738988e-04 1.000000000000000000e+00 1.000000000000000000e+00 6.542711135410889112e-01 3.891311741838743288e-01 7.066871270041739095e-01 0.000000000000000000e+00 1.000000000000000000e+00 1.000000000000000000e+00 1.000000000000000000e+00 8.349634772580925013e-01 9.999940111858363068e-01 0.000000000000000000e+00 9.999998724464602695e-01 0.000000000000000000e+00 9.294211631188067368e-01 8.268021583944780151e-01 0.000000000000000000e+00 0.000000000000000000e+00 1.000000000000000000e+00 1.000000000000000000e+00 1.000000000000000000e+00 2.654000000000000000e+03 -4.317636363636363939e+01
0.000000000000000000e+00 1.000000000000000000e+00 5.346960615469374956e-01 3.546650845652405543e-02 0.000000000000000000e+00 0.000000000000000000e+00 0.000000000000000000e+00 8.264187623276509909e-01 1.000000000000000000e+00 1.000000000000000000e+00 6.075996077548548868e-01 0.000000000000000000e+00 0.000000000000000000e+00 1.000000000000000000e+00 0.000000000000000000e+00 6.456401410372430982e-03 0.000000000000000000e+00 0.000000000000000000e+00 1.000000000000000000e+00 1.000000000000000000e+00 1.000000000000000000e+00 0.000000000000000000e+00 3.941332138333576429e-01 8.635699199052985220e-01 0.000000000000000000e+00 3.725738600776644371e-02 0.000000000000000000e+00 2.016407533525457112e-04 7.439254854578116350e-04 1.000000000000000000e+00 1.000000000000000000e+00 0.000000000000000000e+00 1.436000000000000000e+03 -1.621909090909091233e+01
3.276311894101349154e-01 5.688675092594333016e-01 1.000000000000000000e+00 0.000000000000000000e+00 2.887488410439414954e-01 3.949926127180283797e-01 9.997188192622136205e-01 1.000000000000000000e+00 1.679112951671433152e-01 9.072565491075508248e-01 0.000000000000000000e+00 1.000000000000000000e+00 1.000000000000000000e+00 1.000000000000000000e+00 0.000000000000000000e+00 4.673488355172389919e-01 1.014220414824944759e-02 1.000000000000000000e+00 1.000000000000000000e+00 7.557360194579563206e-01 3.058393514527891766e-01 1.000000000000000000e+00 1.000000000000000000e+00 4.836970077500806764e-01 2.713530169538276669e-04 7.434714272090038323e-01 9.960744868075033231e-01 1.798180934506989287e-03 5.069605111013073678e-02 6.578210593788608174e-01 9.998167088605364183e-01 9.970297111820083380e-01 2.050000000000000000e+03 -3.526727272727273288e+01
0.000000000000000000e+00 2.595465737411766782e-01 9.665303650991594608e-01 0.000000000000000000e+00 8.120002305720823710e-01 1.000000000000000000e+00 1.000000000000000000e+00 1.000000000000000000e+00 0.000000000000000000e+00 1.000000000000000000e+00 6.122522487828172544e-01 2.463896599535020104e-01 1.000000000000000000e+00 8.827293367871258400e-01 0.000000000000000000e+00 0.000000000000000000e+00 0.000000000000000000e+00 0.000000000000000000e+00 8.716093241539055736e-01 7.913943371338629795e-01 0.000000000000000000e+00 1.619358635042264516e-02 3.553237221190294615e-01 1.000000000000000000e+00 6.457860111387916380e-01 3.694539812977683524e-01 1.000000000000000000e+00 9.082151710405937939e-01 9.179569748708017512e-04 2.648556372122512373e-06 0.000000000000000000e+00 1.229020531787639731e-01 1.650000000000000000e+03 -2.105181818181818088e+01
9.999999997134706442e-01 1.000000000000000000e+00 1.000000000000000000e+00 0.000000000000000000e+00 4.445850996166023639e-01 2.393339358815070360e-08 3.087787455795417135e-01 1.000000000000000000e+00 0.000000000000000000e+00 1.000000000000000000e+00 0.000000000000000000e+00 0.000000000000000000e+00 1.000000000000000000e+00 1.000000000000000000e+00 0.000000000000000000e+00 1.000000000000000000e+00 0.000000000000000000e+00 1.000000000000000000e+00 1.000000000000000000e+00 1.000000000000000000e+00 0.000000000000000000e+00 1.000000000000000000e+00 1.000000000000000000e+00 0.000000000000000000e+00 2.182653556303277932e-07 1.000000000000000000e+00 1.000000000000000000e+00 1.505822126068490363e-01 1.000000000000000000e+00 1.000000000000000000e+00 9.958307659093237341e-01 9.999999962167647194e-01 2.480000000000000000e+03 -4.254909090909091418e+01
1.084089124425239442e-01 9.555356623464190680e-01 1.000000000000000000e+00 0.000000000000000000e+00 1.000000000000000000e+00 0.000000000000000000e+00 4.182204400501473573e-01 1.000000000000000000e+00 0.000000000000000000e+00 3.512879518466573980e-01 0.000000000000000000e+00 1.235191786081495380e-01 9.999999775067146546e-01 1.000000000000000000e+00 0.000000000000000000e+00 1.000000000000000000e+00 1.624081690507387377e-01 1.000000000000000000e+00 1.000000000000000000e+00 9.999999722652427314e-01 1.000000000000000000e+00 1.000000000000000000e+00 3.266634584649101836e-01 4.162071362758222592e-02 0.000000000000000000e+00 1.000000000000000000e+00 9.960536278250733400e-01 0.000000000000000000e+00 1.000000000000000000e+00 5.960737470073295130e-01 1.000000000000000000e+00 9.965124365873653245e-01 2.256000000000000000e+03 -5.271000000000000796e+01
0.000000000000000000e+00 0.000000000000000000e+00 5.526284954253585235e-01 0.000000000000000000e+00 0.000000000000000000e+00 0.000000000000000000e+00 4.571073083451544505e-01 0.000000000000000000e+00 0.000000000000000000e+00 2.543639911270265674e-01 0.000000000000000000e+00 8.870026370061628862e-01 0.000000000000000000e+00 0.000000000000000000e+00 0.000000000000000000e+00 7.826153593777888107e-01 1.000000000000000000e+00 0.000000000000000000e+00 0.000000000000000000e+00 4.831310496915066643e-01 1.000000000000000000e+00 8.907667297915654592e-01 4.762084927020442809e-02 3.219083429463231885e-06 0.000000000000000000e+00 0.000000000000000000e+00 1.000000000000000000e+00 0.000000000000000000e+00 0.000000000000000000e+00 0.000000000000000000e+00 9.872292977890991805e-01 0.000000000000000000e+00 9.260000000000000000e+02 -8.409999999999998366e+00
3.515880805988634838e-01 6.150011430935232726e-01 1.000000000000000000e+00 0.000000000000000000e+00 9.240540626309358130e-01 7.581947707721217178e-01 6.445461716491869275e-01 9.994057603770847287e-01 5.938863571289201837e-02 7.726277528731917421e-01 6.670529685874201364e-01 3.880873251451147365e-01 1.000000000000000000e+00 8.994480727663729525e-01 8.834464164360246452e-02 1.000000000000000000e+00 4.047057579081890788e-01 5.142284841397626316e-01 1.000000000000000000e+00 1.000000000000000000e+00 6.265416118379457666e-01 1.000000000000000000e+00 4.253441390018077306e-01 3.841158548056660118e-08 8.090334499811280278e-02 1.000000000000000000e+00 5.470323736054824026e-01 1.398136538933132667e-02 2.614496620297281915e-01 6.566389068704229226e-01 1.000000000000000000e+00 9.995091899441121974e-01 1.904000000000000000e+03 -4.484000000000000341e+01
5.559981276374837966e-01 2.838722528497609199e-01 1.000000000000000000e+00 0.000000000000000000e+00 2.231176833858774800e-01 1.000000000000000000e+00 1.602391757400646599e-01 1.000000000000000000e+00 0.000000000000000000e+00 4.873545805980450396e-01 7.854773139863837628e-01 1.225546288275981883e-08 9.421245338912810352e-01 4.861884124135137375e-01 0.000000000000000000e+00 9.193784405545777361e-01 3.488542620463050588e-03 1.000000000000000000e+00 2.561044935621978932e-03 1.000000000000000000e+00 4.737137881384866356e-01 6.601133984472643546e-01 3.297512649127843764e-03 0.000000000000000000e+00 2.677205331460734503e-03 9.970058054039823148e-01 2.306274425307692849e-04 2.853472175223036866e-01 1.000000000000000000e+00 4.294823410270386388e-01 4.071537782799113381e-01 1.000000000000000000e+00 1.500000000000000000e+03 -1.948999999999999488e+01
0.000000000000000000e+00 5.550885173810852224e-01 7.512571400957499534e-01 0.000000000000000000e+00 1.000000000000000000e+00 1.013395965212585771e-04 5.289337273668562878e-01 2.620055408208122327e-01 0.000000000000000000e+00 6.661704583259342449e-01 3.431331073366258866e-01 0.000000000000000000e+00 1.000000000000000000e+00 1.000000000000000000e+00 0.000000000000000000e+00 1.000000000000000000e+00 9.734145276479005959e-01 0.000000000000000000e+00 1.000000000000000000e+00 1.000000000000000000e+00 7.463218410216343468e-01 1.000000000000000000e+00 6.586342481744951183e-01 1.854208696264726902e-04 0.000000000000000000e+00 5.058154255406288602e-01 1.000000000000000000e+00 0.000000000000000000e+00 5.147779563493881660e-01 4.159724649502414828e-01 8.380028841823780050e-01 1.000000000000000000e+00 1.640000000000000000e+03 -3.731363636363636260e+01
0.000000000000000000e+00 5.931263388755781962e-01 1.000000000000000000e+00 2.990320039187023896e-02 1.000000000000000000e+00 0.000000000000000000e+00 0.000000000000000000e+00 7.825121640606430562e-01 0.000000000000000000e+00 1.000000000000000000e+00 8.922793798157853118e-01 1.209717020459485509e-01 9.394006542741082377e-01 1.000000000000000000e+00 0.000000000000000000e+00 1.000000000000000000e+00 1.000000000000000000e+00 0.000000000000000000e+00 1.000000000000000000e+00 1.000000000000000000e+00 1.000000000000000000e+00 1.000000000000000000e+00 9.833919412760651346e-02 0.000000000000000000e+00 0.000000000000000000e+00 1.000000000000000000e+00 1.000000000000000000e+00 0.000000000000000000e+00 1.716954096403687791e-01 0.000000000000000000e+00 4.972739397319373977e-01 1.000000000000000000e+00 2.062000000000000000e+03 -5.427000000000000313e+01
0.000000000000000000e+00 0.000000000000000000e+00 1.000000000000000000e+00 1.264061127623193337e-01 3.160610201910341033e-01 8.790219955643114869e-01 9.347061342960025776e-01 0.000000000000000000e+00 2.113074204046912208e-01 0.000000000000000000e+00 8.590072011543116171e-01 0.000000000000000000e+00 0.000000000000000000e+00 4.057217074966548709e-02 0.000000000000000000e+00 8.003359835281038948e-02 6.506404100153004300e-03 9.057000871669788900e-02 0.000000000000000000e+00 9.629845328993394959e-01 0.000000000000000000e+00 7.674200378047382753e-02 0.000000000000000000e+00 0.000000000000000000e+00 9.944367735455327262e-01 0.000000000000000000e+00 1.000000000000000000e+00 0.000000000000000000e+00 2.076898670202489139e-01 0.000000000000000000e+00 9.881152051660644364e-01 0.000000000000000000e+00 1.082000000000000000e+03 -2.227272727272727459e-01
0.000000000000000000e+00 0.000000000000000000e+00 1.000000000000000000e+00 0.000000000000000000e+00 1.000000000000000000e+00 0.000000000000000000e+00 0.000000000000000000e+00 1.000000000000000000e+00 0.000000000000000000e+00 1.000000000000000000e+00 1.000000000000000000e+00 1.082266107937445015e-01 1.000000000000000000e+00 1.000000000000000000e+00 0.000000000000000000e+00 1.000000000000000000e+00 1.000000000000000000e+00 0.000000000000000000e+00 1.000000000000000000e+00 1.000000000000000000e+00 9.505726085602650421e-01 1.000000000000000000e+00 0.000000000000000000e+00 0.000000000000000000e+00 0.000000000000000000e+00 1.000000000000000000e+00 5.604609672510858509e-01 0.000000000000000000e+00 0.000000000000000000e+00 0.000000000000000000e+00 1.000000000000000000e+00 1.000000000000000000e+00 2.094000000000000000e+03 -5.642000000000000171e+01
0.000000000000000000e+00 4.506806276478995676e-01 7.965109818068422110e-01 9.872650184207594215e-01 1.000000000000000000e+00 9.790088022464873418e-01 0.000000000000000000e+00 1.000000000000000000e+00 0.000000000000000000e+00 9.978345041507235003e-01 1.000000000000000000e+00 1.000000000000000000e+00 1.000000000000000000e+00 1.000000000000000000e+00 0.000000000000000000e+00 1.000000000000000000e+00 1.000000000000000000e+00 2.016110225842490944e-01 1.000000000000000000e+00 1.000000000000000000e+00 1.000000000000000000e+00 1.000000000000000000e+00 0.000000000000000000e+00 0.000000000000000000e+00 0.000000000000000000e+00 7.902951722999578266e-01 9.730784520828829054e-01 6.731261091373559645e-05 4.787703416110677263e-02 0.000000000000000000e+00 8.204447386395624653e-01 1.000000000000000000e+00 2.408000000000000000e+03 -5.605000000000000426e+01
6.021908247819630633e-01 1.475769472003480853e-01 1.000000000000000000e+00 6.988328093138745228e-03 1.000000000000000000e+00 0.000000000000000000e+00 0.000000000000000000e+00 2.288355821448768146e-01 3.342253359105433752e-01 1.000000000000000000e+00 2.295796818917715532e-02 0.000000000000000000e+00 1.000000000000000000e+00 1.000000000000000000e+00 0.000000000000000000e+00 8.160537366022536654e-01 1.000000000000000000e+00 0.000000000000000000e+00 1.000000000000000000e+00 7.259387838037986151e-01 9.949444892461392076e-01 1.000000000000000000e+00 1.000000000000000000e+00 0.000000000000000000e+00 0.000000000000000000e+00 8.857974333330371763e-01 7.556089278477232662e-01 0.000000000000000000e+00 8.667885890967191864e-01 9.587276985772857918e-01 1.261578884833426117e-01 9.678040072020301920e-01 2.054000000000000000e+03 -4.086363636363635976e+01
0.000000000000000000e+00 5.122222917328410619e-01 1.000000000000000000e+00 0.000000000000000000e+00 1.000000000000000000e+00 0.000000000000000000e+00 0.000000000000000000e+00 2.358200626724536175e-01 2.206224627101791621e-03 5.197980410303765404e-03 1.000000000000000000e+00 8.400567391996635047e-01 1.000000000000000000e+00 9.882303436290549303e-01 0.000000000000000000e+00 1.000000000000000000e+00 1.000000000000000000e+00 0.000000000000000000e+00 1.000000000000000000e+00 1.000000000000000000e+00 3.977907166053321619e-01 1.000000000000000000e+00 0.000000000000000000e+00 1.185039111189230535e-08 0.000000000000000000e+00 1.312183689424593347e-01 9.837514223085522813e-01 7.401546311909205089e-01 0.000000000000000000e+00 1.165981831040230621e-01 7.340965044402718298e-02 1.000000000000000000e+00 1.722000000000000000e+03 -4.159818181818182126e+01
5.559228360728537405e-02 8.075273661269108949e-01 1.000000000000000000e+00 2.469263271386341607e-01 9.999997640332966009e-01 2.426606113086077817e-03 0.000000000000000000e+00 7.423662222784116471e-01 1.436690725306853100e-01 9.451569955902199283e-01 1.000000000000000000e+00 0.000000000000000000e+00 1.000000000000000000e+00 1.000000000000000000e+00 0.000000000000000000e+00 1.000000000000000000e+00 1.000000000000000000e+00 1.000000000000000000e+00 1.000000000000000000e+00 9.999982975649179817e-01 4.003326365044091451e-01 9.990841758854290822e-01 2.246823776804189321e-01 0.000000000000000000e+00 1.279000905668198351e-01 4.074084862324588163e-02 1.000000000000000000e+00 9.256971378382967963e-02 0.000000000000000000e+00 6.339876693781299269e-03 6.752672197016658107e-01 9.701407733579381354e-01 1.994000000000000000e+03 -4.248090909090908696e+01
0.000000000000000000e+00 6.721780743533961600e-01 1.000000000000000000e+00 1.789967287782873173e-01 9.999983941278607347e-01 0.000000000000000000e+00 1.982383648139116484e-03 2.519135609265794103e-03 0.000000000000000000e+00 6.358408269116955225e-01 1.000000000000000000e+00 2.790669118509135904e-01 1.000000000000000000e+00 1.000000000000000000e+00 1.000000000000000000e+00 9.999999999469240120e-01 1.000000000000000000e+00 0.000000000000000000e+00 1.000000000000000000e+00 1.000000000000000000e+00 2.083237457498252621e-01 1.000000000000000000e+00 3.858659245184754144e-02 1.105569281564385276e-01 0.000000000000000000e+00 1.000000000000000000e+00 0.000000000000000000e+00 9.999616799349158036e-01 0.000000000000000000e+00 1.000000000000000000e+00 9.975687400669741578e-01 7.738351347768714916e-01 2.082000000000000000e+03 -4.810636363636364621e+01
4.124954301342510510e-01 0.000000000000000000e+00 1.000000000000000000e+00 0.000000000000000000e+00 1.922543689442875181e-02 0.000000000000000000e+00 8.763186660807050776e-01 1.000000000000000000e+00 0.000000000000000000e+00 2.087053140837914073e-02 1.375993674587357440e-01 1.000000000000000000e+00 1.000000000000000000e+00 3.338962061584674901e-01 0.000000000000000000e+00 1.000000000000000000e+00 1.000000000000000000e+00 0.000000000000000000e+00 1.000000000000000000e+00 1.000000000000000000e+00 1.110602210194210938e-02 1.000000000000000000e+00 0.000000000000000000e+00 0.000000000000000000e+00 0.000000000000000000e+00 3.727663218379284049e-01 1.905453234031593002e-01 0.000000000000000000e+00 0.000000000000000000e+00 0.000000000000000000e+00 9.739295307546947944e-01 1.000000000000000000e+00 1.596000000000000000e+03 -3.783909090909090622e+01
0.000000000000000000e+00 0.000000000000000000e+00 1.000000000000000000e+00 0.000000000000000000e+00 4.788772348573602788e-01 0.000000000000000000e+00 1.000000000000000000e+00 1.000000000000000000e+00 0.000000000000000000e+00 1.327223728724583329e-01 0.000000000000000000e+00 1.000000000000000000e+00 1.000000000000000000e+00 1.000000000000000000e+00 0.000000000000000000e+00 1.000000000000000000e+00 1.000000000000000000e+00 0.000000000000000000e+00 1.351548205314512252e-01 0.000000000000000000e+00 0.000000000000000000e+00 1.000000000000000000e+00 0.000000000000000000e+00 3.260182593227662988e-04 3.235260219110424607e-01 6.426992637625424942e-01 1.000000000000000000e+00 5.421695713515005677e-01 2.679328022775328000e-01 6.163742197572418258e-01 9.997515376933234776e-01 1.000000000000000000e+00 1.672000000000000000e+03 -7.395454545454544615e+00
1.000000000000000000e+00 1.000000000000000000e+00 4.289718378019605205e-01 0.000000000000000000e+00 0.000000000000000000e+00 0.000000000000000000e+00 0.000000000000000000e+00 7.643131360561005172e-01 1.641335061541138729e-01 0.000000000000000000e+00 9.642451309182273889e-01 1.000000000000000000e+00 1.000000000000000000e+00 3.076450904169450995e-01 0.000000000000000000e+00 1.000000000000000000e+00 6.075202055862375383e-01 0.000000000000000000e+00 1.000000000000000000e+00 1.000000000000000000e+00 1.000000000000000000e+00 1.000000000000000000e+00 0.000000000000000000e+00 0.000000000000000000e+00 1.000000000000000000e+00 1.000000000000000000e+00 0.000000000000000000e+00 0.000000000000000000e+00 0.000000000000000000e+00 0.000000000000000000e+00 0.000000000000000000e+00 9.965674428062529788e-01 1.816000000000000000e+03 -3.615363636363636601e+01
1.000000000000000000e+00 0.000000000000000000e+00 3.938438740360971635e-01 0.000000000000000000e+00 0.000000000000000000e+00 0.000000000000000000e+00 1.000000000000000000e+00 2.259640533809394447e-01 0.000000000000000000e+00 0.000000000000000000e+00 1.000000000000000000e+00 7.093880361671323076e-02 1.000000000000000000e+00 9.934391700811402437e-01 4.928404043735124668e-02 1.000000000000000000e+00 1.000000000000000000e+00 0.000000000000000000e+00 1.000000000000000000e+00 7.223354637257476396e-01 0.000000000000000000e+00 1.000000000000000000e+00 0.000000000000000000e+00 0.000000000000000000e+00 0.000000000000000000e+00 0.000000000000000000e+00 1.000000000000000000e+00 1.000000000000000000e+00 1.774910546350796092e-01 0.000000000000000000e+00 8.760908681128591613e-02 8.681747248513976833e-01 1.648000000000000000e+03 -2.890363636363636246e+01
5.415311215303511005e-01 0.000000000000000000e+00 9.931687091353138541e-01 0.000000000000000000e+00 5.812799088684714732e-01 0.000000000000000000e+00 9.885811812669089704e-01 1.000000000000000000e+00 7.939685252716743944e-04 9.444918143441480840e-01 1.777682804285262430e-01 9.951677074215996566e-01 1.000000000000000000e+00 4.719508015008140323e-01 1.544430789880977262e-01 5.729482191259905877e-01 1.000000000000000000e+00 1.050411345997652283e-02 1.000000000000000000e+00 1.000000000000000000e+00 0.000000000000000000e+00 9.791603241557775839e-01 2.955255599387134925e-03 0.000000000000000000e+00 0.000000000000000000e+00 6.668665515416901668e-01 3.969331556484320123e-01 1.684065916421101372e-01 2.057186945045699072e-02 7.284852258050669160e-01 9.999999956280700708e-01 1.000000000000000000e+00 1.768000000000000000e+03 -3.946545454545454845e+01
0.000000000000000000e+00 1.000000000000000000e+00 3.473211955921829408e-01 0.000000000000000000e+00 1.000000000000000000e+00 0.000000000000000000e+00 4.139613342726835427e-02 1.000000000000000000e+00 0.000000000000000000e+00 9.355647992229015886e-02 1.000000000000000000e+00 1.000000000000000000e+00 1.000000000000000000e+00 9.075982089913564588e-01 0.000000000000000000e+00 8.056189172993519776e-01 0.000000000000000000e+00 0.000000000000000000e+00 1.000000000000000000e+00 1.000000000000000000e+00 0.000000000000000000e+00 1.000000000000000000e+00 0.000000000000000000e+00 4.811759318131454861e-03 0.000000000000000000e+00 1.000000000000000000e+00 9.853669683733026208e-01 0.000000000000000000e+00 9.923340306310023395e-01 0.000000000000000000e+00 0.000000000000000000e+00 1.000000000000000000e+00 1.896000000000000000e+03 -3.133727272727272606e+01
0.000000000000000000e+00 0.000000000000000000e+00 1.000000000000000000e+00 0.000000000000000000e+00 6.425102514863400005e-01 0.000000000000000000e+00 2.535716720692740012e-01 1.000000000000000000e+00 0.000000000000000000e+00 6.486820441355888311e-01 0.000000000000000000e+00 8.549963362502408515e-01 1.000000000000000000e+00 1.000000000000000000e+00 0.000000000000000000e+00 4.637209402862038088e-01 1.000000000000000000e+00 0.000000000000000000e+00 1.000000000000000000e+00 1.000000000000000000e+00 0.000000000000000000e+00 6.929358245039005659e-01 0.000000000000000000e+00 3.994505512429563466e-07 0.000000000000000000e+00 1.000000000000000000e+00 0.000000000000000000e+00 0.000000000000000000e+00 0.000000000000000000e+00 0.000000000000000000e+00 1.000000000000000000e+00 7.081962833920554257e-01 1.396000000000000000e+03 -3.665999999999999659e+01
0.000000000000000000e+00 2.700459133095920675e-03 1.000000000000000000e+00 0.000000000000000000e+00 0.000000000000000000e+00 0.000000000000000000e+00 0.000000000000000000e+00 1.000000000000000000e+00 5.701061538817756708e-02 0.000000000000000000e+00 8.594091978717354197e-01 5.652238106604637879e-01 7.932804689300753109e-01 1.000000000000000000e+00 0.000000000000000000e+00 8.758162956614433670e-01 1.000000000000000000e+00 1.043069435759299973e-01 1.000000000000000000e+00 1.120500305111963302e-01 1.773884028365165233e-01 1.000000000000000000e+00 0.000000000000000000e+00 0.000000000000000000e+00 0.000000000000000000e+00 4.812923586106747642e-01 0.000000000000000000e+00 0.000000000000000000e+00 0.000000000000000000e+00 0.000000000000000000e+00 1.000000000000000000e+00 1.000000000000000000e+00 1.416000000000000000e+03 -2.793545454545454376e+01
5.898270675490667470e-02 5.328558570681610641e-04 8.421682701382874336e-01 0.000000000000000000e+00 7.653871328707613220e-01 0.000000000000000000e+00 0.000000000000000000e+00 1.000000000000000000e+00 0.000000000000000000e+00 7.922298288512524822e-01 5.002111742389467319e-02 2.693885578137786285e-01 1.000000000000000000e+00 9.999315260408065953e-01 0.000000000000000000e+00 7.520697515203651484e-01 9.998799572211910514e-01 0.000000000000000000e+00 1.000000000000000000e+00 1.000000000000000000e+00 8.505768726184463890e-01 6.653277073351332449e-01 0.000000000000000000e+00 9.805674561528121211e-03 5.168353274914781054e-02 5.181676139015323201e-01 5.101358200048985436e-01 3.325076497984481017e-01 1.701741927623411366e-01 4.215593276288946700e-03 6.792826344943674322e-01 8.920002232129696784e-01 1.354000000000000000e+03 -3.464090909090908355e+01
9.767390753407746429e-01 0.000000000000000000e+00 1.000000000000000000e+00 0.000000000000000000e+00 1.000000000000000000e+00 0.000000000000000000e+00 0.000000000000000000e+00 1.000000000000000000e+00 6.617017672256922944e-01 1.000000000000000000e+00 0.000000000000000000e+00 0.000000000000000000e+00 1.796480129362071909e-01 1.000000000000000000e+00 0.000000000000000000e+00 0.000000000000000000e+00 1.000000000000000000e+00 0.000000000000000000e+00 1.000000000000000000e+00 1.000000000000000000e+00 8.072620264552286817e-02 1.000000000000000000e+00 0.000000000000000000e+00 0.000000000000000000e+00 0.000000000000000000e+00 1.000000000000000000e+00 0.000000000000000000e+00 1.216524458984665606e-08 0.000000000000000000e+00 0.000000000000000000e+00 1.000000000000000000e+00 0.000000000000000000e+00 1.608000000000000000e+03 -2.278999999999999559e+01
0.000000000000000000e+00 0.000000000000000000e+00 6.983360718132545220e-01 5.869226714161019931e-01 1.000000000000000000e+00 2.750037311167905993e-02 4.314254123355188986e-01 4.986062445999810966e-01 0.000000000000000000e+00 5.488636792100085593e-01 0.000000000000000000e+00 5.658007167419755179e-01 1.000000000000000000e+00 1.000000000000000000e+00 0.000000000000000000e+00 9.993636931227908304e-01 2.473345557227389635e-01 0.000000000000000000e+00 1.000000000000000000e+00 1.000000000000000000e+00 1.000000000000000000e+00 2.708399251331151114e-01 0.000000000000000000e+00 2.756560471194334852e-02 0.000000000000000000e+00 9.586831758368861145e-01 6.085896462373882598e-03 0.000000000000000000e+00 0.000000000000000000e+00 0.000000000000000000e+00 0.000000000000000000e+00 5.055668235018450085e-01 1.206000000000000000e+03 -3.396545454545454845e+01
0.000000000000000000e+00 0.000000000000000000e+00 1.000000000000000000e+00 0.000000000000000000e+00 1.000000000000000000e+00 0.000000000000000000e+00 0.000000000000000000e+00 1.000000000000000000e+00 0.000000000000000000e+00 0.000000000000000000e+00 0.000000000000000000e+00 1.000000000000000000e+00 1.000000000000000000e+00 1.000000000000000000e+00 0.000000000000000000e+00 0.000000000000000000e+00 1.000000000000000000e+00 0.000000000000000000e+00 1.000000000000000000e+00 1.000000000000000000e+00 1.000000000000000000e+00 0.000000000000000000e+00 0.000000000000000000e+00 0.000000000000000000e+00 0.000000000000000000e+00 1.000000000000000000e+00 0.000000000000000000e+00 1.000000000000000000e+00 0.000000000000000000e+00 0.000000000000000000e+00 0.000000000000000000e+00 1.000000000000000000e+00 1.702000000000000000e+03 -3.506909090909091020e+01
2.873803120361478891e-01 0.000000000000000000e+00 1.000000000000000000e+00 3.552824496150563857e-05 9.728175452945957424e-01 0.000000000000000000e+00 3.382471321444763812e-01 8.830195194624652633e-01 0.000000000000000000e+00 9.999985436381709780e-01 0.000000000000000000e+00 8.899406459892583721e-01 1.000000000000000000e+00 1.000000000000000000e+00 0.000000000000000000e+00 1.000000000000000000e+00 9.694499254012884926e-01 0.000000000000000000e+00 1.000000000000000000e+00 1.000000000000000000e+00 1.000000000000000000e+00 8.836365098474567858e-01 0.000000000000000000e+00 0.000000000000000000e+00 0.000000000000000000e+00 9.952145551726667705e-01 6.385987820637921697e-01 0.000000000000000000e+00 2.797514577529959245e-01 0.000000000000000000e+00 6.366879631020432306e-01 9.821258572607279858e-01 2.028000000000000000e+03 -5.558272727272726854e+01
2.681986749897768973e-01 0.000000000000000000e+00 1.000000000000000000e+00 0.000000000000000000e+00 1.000000000000000000e+00 0.000000000000000000e+00 1.955998244330424685e-01 6.568276867979119631e-03 0.000000000000000000e+00 5.677516681512202457e-01 0.000000000000000000e+00 1.000000000000000000e+00 1.000000000000000000e+00 1.000000000000000000e+00 0.000000000000000000e+00 1.000000000000000000e+00 1.000000000000000000e+00 0.000000000000000000e+00 1.000000000000000000e+00 1.000000000000000000e+00 6.821188057444256547e-02 0.000000000000000000e+00 0.000000000000000000e+00 0.000000000000000000e+00 0.000000000000000000e+00 7.093759739588839652e-01 0.000000000000000000e+00 0.000000000000000000e+00 2.208122272373183870e-01 0.000000000000000000e+00 1.000000000000000000e+00 1.000000000000000000e+00 1.500000000000000000e+03 -3.921000000000000085e+01
0.000000000000000000e+00 0.000000000000000000e+00 9.838705416449244900e-01 0.000000000000000000e+00 1.000000000000000000e+00 0.000000000000000000e+00 0.000000000000000000e+00 1.000000000000000000e+00 0.000000000000000000e+00 1.000000000000000000e+00 0.000000000000000000e+00 3.044330207969292434e-01 1.000000000000000000e+00 4.779133628726914829e-01 0.000000000000000000e+00 1.000000000000000000e+00 1.000000000000000000e+00 0.000000000000000000e+00 1.000000000000000000e+00 0.000000000000000000e+00 1.000000000000000000e+00 2.508842356953274177e-01 0.000000000000000000e+00 0.000000000000000000e+00 0.000000000000000000e+00 1.000000000000000000e+00 0.000000000000000000e+00 0.000000000000000000e+00 0.000000000000000000e+00 0.000000000000000000e+00 0.000000000000000000e+00 0.000000000000000000e+00 1.346000000000000000e+03 -3.045090909090909292e+01
0.000000000000000000e+00 0.000000000000000000e+00 3.523523771339937549e-01 8.382862828903532293e-01 1.000000000000000000e+00 0.000000000000000000e+00 4.078145544174955894e-01 0.000000000000000000e+00 1.265471624602395873e-01 0.000000000000000000e+00 0.000000000000000000e+00 1.000000000000000000e+00 1.000000000000000000e+00 1.000000000000000000e+00 0.000000000000000000e+00 1.000000000000000000e+00 1.000000000000000000e+00 0.000000000000000000e+00 1.000000000000000000e+00 1.000000000000000000e+00 7.235662160783054020e-01 0.000000000000000000e+00 0.000000000000000000e+00 1.986237404571572218e-01 0.000000000000000000e+00 5.619816438263554488e-03 0.000000000000000000e+00 0.000000000000000000e+00 2.505765428067989187e-01 0.000000000000000000e+00 9.173491778011225728e-01 3.077274223921479535e-01 1.344000000000000000e+03 -3.165454545454545965e+01
2.294533840052678797e-01 3.064449712791077370e-03 9.999911126140251794e-01 6.305199322394030581e-01 9.412257667926131610e-01 0.000000000000000000e+00 0.000000000000000000e+00 1.000000000000000000e+00 5.036269469638933183e-01 2.809801131821172415e-01 0.000000000000000000e+00 1.000000000000000000e+00 9.342695643740186462e-01 7.305258771731141243e-01 8.630800990486803270e-02 9.973270995906451386e-01 2.356001854397965153e-02 7.307244973343358929e-02 9.045883514098936873e-01 1.000000000000000000e+00 3.659483469052539073e-01 1.078465819725269309e-01 0.000000000000000000e+00 5.231905328644451819e-02 0.000000000000000000e+00 7.507442855003805260e-01 8.792454998785251830e-01 0.000000000000000000e+00 0.000000000000000000e+00 0.000000000000000000e+00 6.484110482699509229e-09 6.771718930013914672e-01 1.406000000000000000e+03 -3.256272727272727963e+01
0.000000000000000000e+00 3.941374800311052881e-10 1.000000000000000000e+00 8.020981468541764359e-02 1.000000000000000000e+00 3.281547857264582313e-01 3.489819104718217546e-01 7.496217351767100467e-01 4.597947239768692003e-04 7.819486090145384427e-01 2.496821055304659642e-01 6.336581183411583718e-01 8.406772156866307855e-01 1.000000000000000000e+00 9.433623584347594626e-02 9.371092473859231609e-01 9.898149765967733105e-01 0.000000000000000000e+00 9.151716508614738954e-01 1.000000000000000000e+00 4.861730893503071194e-01 3.360682001699171195e-01 0.000000000000000000e+00 0.000000000000000000e+00 0.000000000000000000e+00 9.995349582434965852e-01 4.332346962884658231e-02 0.000000000000000000e+00 1.762729607589250957e-01 0.000000000000000000e+00 9.995906545094171980e-01 1.000000000000000000e+00 1.576000000000000000e+03 -3.691727272727272435e+01
1.143004217065540220e-03 0.000000000000000000e+00 9.989667100172849867e-01 2.894707424973019250e-01 5.398964689123467720e-01 6.776932269565996703e-02 2.802557243529916198e-01 1.000000000000000000e+00 0.000000000000000000e+00 1.000000000000000000e+00 0.000000000000000000e+00 0.000000000000000000e+00 9.995431972612052185e-01 1.000000000000000000e+00 0.000000000000000000e+00 6.290818949965101270e-01 5.579916362536596619e-01 0.000000000000000000e+00 1.000000000000000000e+00 1.000000000000000000e+00 6.056225120385212435e-01 1.395649670520364150e-01 0.000000000000000000e+00 4.547724417544357634e-01 0.000000000000000000e+00 0.000000000000000000e+00 1.000000000000000000e+00 7.678261329588472739e-01 7.728076450735207326e-01 0.000000000000000000e+00 6.160930108561536445e-01 1.000000000000000000e+00 1.462000000000000000e+03 -3.308818181818182325e+01
8.841395533280653751e-01 5.023212465658961892e-11 7.851571853690466618e-01 0.000000000000000000e+00 8.440119262887444407e-01 0.000000000000000000e+00 4.507252694593424369e-01 1.000000000000000000e+00 0.000000000000000000e+00 6.144095604557910928e-01 1.061017283974601683e-02 1.000000000000000000e+00 1.000000000000000000e+00 9.999999687123213299e-01 8.275263383426700869e-01 9.866152894800712669e-01 1.326425177933090171e-01 0.000000000000000000e+00 9.980215257897079306e-01 1.000000000000000000e+00 1.000000000000000000e+00 5.914963495841911723e-01 1.227791678405200989e-04 0.000000000000000000e+00 0.000000000000000000e+00 1.000000000000000000e+00 0.000000000000000000e+00 1.120980143227930158e-04 0.000000000000000000e+00 2.680164764926803445e-01 8.216942189670078944e-01 3.577136657454401680e-01 1.654000000000000000e+03 -4.629636363636363683e+01
9.521615368608612462e-01 0.000000000000000000e+00 0.000000000000000000e+00 4.937678221512325008e-04 4.515435539472678617e-02 0.000000000000000000e+00 2.521146271111470161e-01 7.767397986796210629e-01 4.996388068047425378e-04 1.000000000000000000e+00 0.000000000000000000e+00 9.999999968498238800e-01 1.000000000000000000e+00 1.000000000000000000e+00 5.816068317053464387e-01 1.000000000000000000e+00 2.269068898973709558e-01 6.267428691924195605e-02 1.585578261272860102e-07 1.000000000000000000e+00 1.000000000000000000e+00 1.597496061188753626e-06 2.310113511780868698e-09 0.000000000000000000e+00 0.000000000000000000e+00 4.311149476609176801e-01 2.205333145155051411e-09 0.000000000000000000e+00 0.000000000000000000e+00 0.000000000000000000e+00 7.255294405856623774e-01 3.427533334328054515e-01 1.250000000000000000e+03 -2.839909090909090850e+01
9.995641144526478117e-01 2.990939704180079622e-02 2.009886583028491769e-01 9.950617042856529926e-01 9.914592842394672756e-01 5.247152864735035172e-01 6.376881158097466029e-01 6.345846939899086880e-01 0.000000000000000000e+00 1.000000000000000000e+00 0.000000000000000000e+00 1.000000000000000000e+00 1.000000000000000000e+00 1.000000000000000000e+00 5.186794868359163220e-18 3.304810240823243261e-01 9.971793745269960096e-01 9.275142637931329537e-01 1.000000000000000000e+00 9.775052723555727185e-01 1.000000000000000000e+00 9.061574282186868334e-01 3.154636608067083459e-01 0.000000000000000000e+00 1.062294457196434894e-01 9.991971740021510229e-01 3.899465261528544113e-01 2.802343542970416879e-01 9.904311951099581401e-01 1.953253767915580363e-02 9.896209505561333053e-01 3.567709127234583999e-01 2.182000000000000000e+03 -2.893999999999999773e+01
8.455788672384174642e-01 7.870387220795566074e-02 4.190334299481380809e-01 5.460629608172609117e-01 1.000000000000000000e+00 0.000000000000000000e+00 9.483738703381567457e-09 0.000000000000000000e+00 9.849676448569394394e-01 9.638914603987634999e-01 1.952533381445569144e-03 0.000000000000000000e+00 1.000000000000000000e+00 5.607268691529856269e-02 3.584563318923699726e-01 0.000000000000000000e+00 8.160896869479261628e-01 0.000000000000000000e+00 1.000000000000000000e+00 3.295204489357665689e-02 1.000000000000000000e+00 1.000000000000000000e+00 0.000000000000000000e+00 2.766144507416323783e-02 0.000000000000000000e+00 9.999999858348335158e-01 0.000000000000000000e+00 0.000000000000000000e+00 6.541128126281685606e-01 8.719515770117779174e-03 0.000000000000000000e+00 2.450626097352517907e-01 1.254000000000000000e+03 -2.015000000000000213e+01
1.000000000000000000e+00 2.868847394680478224e-01 7.340048072696861992e-01 7.518899493196207207e-02 9.084437858036832347e-01 8.529620179250977374e-01 2.591805850883299733e-01 9.999072789389845672e-01 0.000000000000000000e+00 9.735980901310496982e-01 0.000000000000000000e+00 1.000000000000000000e+00 5.360651496678793260e-01 0.000000000000000000e+00 7.834415669376268987e-01 6.470692520157289573e-01 0.000000000000000000e+00 1.000000000000000000e+00 1.000000000000000000e+00 1.000000000000000000e+00 1.000000000000000000e+00 6.427794279019971579e-01 0.000000000000000000e+00 0.000000000000000000e+00 0.000000000000000000e+00 1.000000000000000000e+00 1.744481844695358602e-07 0.000000000000000000e+00 0.000000000000000000e+00 0.000000000000000000e+00 1.000000000000000000e+00 5.352652500120253955e-08 1.718000000000000000e+03 -3.029727272727273046e+01
9.753584851892499463e-01 1.282556123854576291e-01 9.884288558273297554e-01 5.153646424376610025e-01 1.000000000000000000e+00 1.000000000000000000e+00 0.000000000000000000e+00 1.000000000000000000e+00 4.357314782364594130e-01 5.653980023558393686e-01 0.000000000000000000e+00 4.231335663886585594e-03 1.000000000000000000e+00 1.000000000000000000e+00 5.801857909341561204e-01 1.243640924060996911e-01 0.000000000000000000e+00 1.249135146268787243e-04 1.824014529298265963e-01 1.000000000000000000e+00 1.000000000000000000e+00 9.954746316120210992e-01 0.000000000000000000e+00 6.811789700097041766e-01 2.716509780381419770e-01 1.000000000000000000e+00 0.000000000000000000e+00 4.831880283942452947e-01 4.628672022819277365e-01 0.000000000000000000e+00 2.854091740132561061e-02 0.000000000000000000e+00 1.584000000000000000e+03 -2.349909090909090992e+01
2.974338918276890967e-02 1.138142026996870895e-06 6.454904375120611437e-01 0.000000000000000000e+00 8.906971349146953765e-01 1.776077343886381110e-01 4.455039842738451336e-04 1.000000000000000000e+00 0.000000000000000000e+00 1.000000000000000000e+00 0.000000000000000000e+00 7.408093388852209360e-01 9.999618833566011888e-01 9.728106558562638062e-01 5.491302563737011921e-03 5.358194440448661444e-01 9.998104303894936873e-01 2.606677853381031418e-01 8.279435674080043439e-01 1.000000000000000000e+00 2.620968546024958212e-01 0.000000000000000000e+00 0.000000000000000000e+00 0.000000000000000000e+00 2.160241804100774266e-01 1.000000000000000000e+00 0.000000000000000000e+00 0.000000000000000000e+00 2.107270432656816461e-01 0.000000000000000000e+00 2.903499644636726718e-01 1.000000000000000000e+00 1.382000000000000000e+03 -2.274363636363636587e+01
0.000000000000000000e+00 0.000000000000000000e+00 3.861968135590473361e-01 6.789101469877579947e-09 1.000000000000000000e+00 0.000000000000000000e+00 0.000000000000000000e+00 6.655634700455451136e-02 0.000000000000000000e+00 0.000000000000000000e+00 1.872766475574341380e-02 1.702216450111709578e-01 8.228422732341711399e-01 1.000000000000000000e+00 1.114509729138605659e-01 8.019872631282548570e-01 8.170295621608889558e-01 7.708248950935797650e-02 9.890327775750038519e-01 2.178143265766947778e-01 9.040079111742755913e-01 0.000000000000000000e+00 0.000000000000000000e+00 4.596920704988965434e-01 0.000000000000000000e+00 9.999215549665183556e-01 4.615653737895944464e-02 0.000000000000000000e+00 9.721851341263601344e-06 0.000000000000000000e+00 7.693718502957221927e-01 7.320462360774024901e-01 1.028000000000000000e+03 -2.141727272727272791e+01
1.066298269027987078e-01 2.044006996181652047e-01 6.039786684201373657e-01 1.791555041996129027e-03 9.643315845802976627e-01 1.843688213171362777e-02 6.701545829400407106e-02 6.894828897154302583e-01 4.726861471442278528e-02 9.099445080596331170e-01 6.037779191267911294e-03 9.935631347254340051e-01 8.964676896867298517e-01 9.775062198850985595e-01 2.530086890801730437e-02 8.372386962629313478e-01 9.009055017384928199e-01 1.101994026693525752e-02 9.709536079824183652e-01 8.944365501874645963e-01 9.517398157371934619e-01 7.655542952978596771e-01 3.615476270451650764e-02 7.027802257067133906e-02 6.422237605329672583e-03 7.656828714022904103e-01 4.144634391130369577e-02 4.153199624642001098e-03 2.178881758899157139e-01 3.242945909149153039e-02 9.704534721182702661e-01 8.532855293444741029e-01 1.636000000000000000e+03 -3.664272727272727082e+01
0.000000000000000000e+00 0.000000000000000000e+00 0.000000000000000000e+00 0.000000000000000000e+00 8.406160842219015938e-01 0.000000000000000000e+00 0.000000000000000000e+00 6.941314057415657324e-01 0.000000000000000000e+00 1.000000000000000000e+00 3.030065585914473725e-01 2.177635382995129765e-01 1.000000000000000000e+00 9.536652770972509074e-01 1.000000000000000000e+00 6.252732161539931166e-01 3.027292748341319784e-01 0.000000000000000000e+00 8.286204585918434118e-01 5.248264250420083821e-01 3.544976024346023213e-01 0.000000000000000000e+00 0.000000000000000000e+00 5.633251226949930190e-01 7.353299401553598305e-03 1.000000000000000000e+00 0.000000000000000000e+00 1.034904835030981268e-01 0.000000000000000000e+00 0.000000000000000000e+00 9.111674869544434952e-01 7.973788301274593593e-01 1.114000000000000000e+03 -1.820181818181818301e+01
1.052243892964680461e-01 9.093530101789341069e-01 5.348967145560049596e-01 6.285041590271429612e-01 8.797485077263874631e-01 1.178841764617200027e-02 7.515521025781316533e-01 9.956221245171843481e-01 1.987620821135777094e-02 8.718509545447494791e-01 6.053580863009222490e-03 9.722624496786717030e-01 9.147994291785188636e-01 6.789700109501917158e-03 8.940827941458617811e-01 9.418367531087824540e-01 9.770376688233884943e-01 7.820102474005330428e-03 9.802930298637340112e-01 9.372790356000917367e-01 8.283899068238498309e-01 5.663804460815383690e-01 2.180452449932113179e-02 9.928831014252690323e-01 1.067420967101737617e-01 9.762015764891156522e-01 9.232157485252057150e-01 7.236961531282131155e-01 6.414094853876575186e-01 4.179090742606600406e-02 4.962867730918847364e-01 4.690666350916289362e-02 2.116000000000000000e+03 -4.169181818181818500e+01
7.888385329118265954e-01 9.790933444812477404e-01 1.000000000000000000e+00 8.785568988913283750e-01 2.283413695395645482e-01 7.572434781641795842e-01 9.128376443663673845e-01 9.703839839929122579e-01 2.405166154295987260e-03 9.966558038895031446e-01 0.000000000000000000e+00 0.000000000000000000e+00 7.118489657761339906e-01 1.000000000000000000e+00 9.841822001290242428e-01 7.950599923886902953e-01 9.669366468970846951e-01 4.687335376477954479e-02 9.271158372015079197e-01 9.603604345430578615e-01 1.000000000000000000e+00 4.830552854579745133e-10 4.703661386941353631e-07 6.895036520006826430e-01 2.452357700217078773e-01 4.002641251884326429e-02 1.082978825788420869e-02 1.507184298430441945e-02 9.160241761506133784e-01 1.077742909747997496e-01 1.620061368324683393e-01 0.000000000000000000e+00 1.954000000000000000e+03 -3.940000000000000568e+01
9.830342141856551752e-01 1.084876774045611392e-01 3.697017616293644948e-03 1.715322789970705475e-01 3.489341366387676419e-02 5.434021534275568222e-01 8.921205090884790634e-01 0.000000000000000000e+00 0.000000000000000000e+00 6.480527497464105835e-01 0.000000000000000000e+00 9.999633852887522822e-01 1.000000000000000000e+00 2.123075188719427686e-01 5.017578043604358218e-01 0.000000000000000000e+00 2.168702550049845523e-01 0.000000000000000000e+00 2.896989831604375736e-04 0.000000000000000000e+00 0.000000000000000000e+00 8.674107049762214139e-01 1.000000000000000000e+00 1.000000000000000000e+00 0.000000000000000000e+00 0.000000000000000000e+00 7.616689296404751675e-01 9.645764625599003717e-01 9.932007423233333299e-01 0.000000000000000000e+00 0.000000000000000000e+00 8.179868052998284789e-01 1.386000000000000000e+03 -1.258181818181818068e+00
5.927658161001704284e-01 1.827590366543068168e-01 4.004985372187643694e-02 1.198288446443806013e-02 1.665700467336599377e-01 5.355368125413656477e-02 4.381882485887372142e-02 3.048574374046955082e-01 2.210306815931077033e-03 9.495948870038410650e-02 3.733271687840938879e-02 0.000000000000000000e+00 0.000000000000000000e+00 1.000000000000000000e+00 0.000000000000000000e+00 4.035379757683587032e-01 8.584393206446259972e-02 0.000000000000000000e+00 9.122510583473104617e-01 3.325630264235353017e-01 3.224600006778844397e-01 1.020298077132019143e-01 7.707714696095260484e-03 3.580947312602208304e-02 4.472199143890231293e-02 2.587194502841490273e-02 0.000000000000000000e+00 1.835936916630477936e-02 8.539219534801313349e-01 2.117351331858801852e-02 2.696699090263058873e-01 2.775755661364326388e-01 4.400000000000000000e+02 -3.808181818181819001e+00
2.135562776163405785e-01 0.000000000000000000e+00 1.000000000000000000e+00 0.000000000000000000e+00 4.680814025024915975e-02 0.000000000000000000e+00 3.449369221176848410e-01 0.000000000000000000e+00 0.000000000000000000e+00 1.000000000000000000e+00 0.000000000000000000e+00 1.000000000000000000e+00 1.000000000000000000e+00 0.000000000000000000e+00 0.000000000000000000e+00 9.956691647783164623e-01 1.000000000000000000e+00 3.129200871300842346e-01 3.913005907826649921e-01 6.268667930167469704e-01 2.987683529816913541e-01 5.375662266633831621e-01 1.468261208039954580e-01 3.311684796153083091e-04 0.000000000000000000e+00 1.000000000000000000e+00 0.000000000000000000e+00 0.000000000000000000e+00 1.169661333887753174e-01 0.000000000000000000e+00 8.920114875679783714e-03 5.225885916816174204e-01 1.032000000000000000e+03 -6.557272727272726698e+00
0.000000000000000000e+00 0.000000000000000000e+00 9.971584746271274780e-01 0.000000000000000000e+00 1.000000000000000000e+00 0.000000000000000000e+00 7.615121771452004751e-01 3.109982309072594764e-01 1.503687625088775265e-02 1.000000000000000000e+00 0.000000000000000000e+00 2.929893279834503428e-01 1.000000000000000000e+00 1.000000000000000000e+00 4.504601336355598118e-01 1.595704089708234375e-09 4.586691148198417944e-01 0.000000000000000000e+00 8.695577890911836416e-01 8.972512947224475788e-01 3.165755090968433993e-01 1.000000000000000000e+00 0.000000000000000000e+00 0.000000000000000000e+00 8.981090764691715966e-01 6.480633423386533698e-02 0.000000000000000000e+00 3.785043519852900884e-01 0.000000000000000000e+00 0.000000000000000000e+00 1.000000000000000000e+00 2.599212388403200347e-01 1.440000000000000000e+03 -2.907454545454545425e+01
4.140011385179559467e-01 0.000000000000000000e+00 0.000000000000000000e+00 1.718482850421097219e-01 0.000000000000000000e+00 0.000000000000000000e+00 8.394008819098783825e-01 2.404870633392097723e-02 0.000000000000000000e+00 0.000000000000000000e+00 8.074281801919405699e-02 2.190301252837293100e-01 9.871052643783254643e-01 0.000000000000000000e+00 2.505867363318266695e-03 0.000000000000000000e+00 0.000000000000000000e+00 0.000000000000000000e+00 3.209863558488642438e-02 2.929105202808040750e-02 5.136925883177676649e-02 0.000000000000000000e+00 2.060533534412596840e-06 2.618323300303659201e-02 2.568985346986926155e-01 9.999727089498279264e-01 1.444244005548574747e-03 0.000000000000000000e+00 0.000000000000000000e+00 0.000000000000000000e+00 2.670176054541246752e-03 7.063527556671582441e-02 3.900000000000000000e+02 -1.818181818181818440e-02
0.000000000000000000e+00 0.000000000000000000e+00 0.000000000000000000e+00 0.000000000000000000e+00 0.000000000000000000e+00 0.000000000000000000e+00 0.000000000000000000e+00 8.803181121564780387e-01 2.535155495580575772e-05 3.791057420454216229e-08 0.000000000000000000e+00 0.000000000000000000e+00 0.000000000000000000e+00 0.000000000000000000e+00 1.000000000000000000e+00 0.000000000000000000e+00 1.000000000000000000e+00 0.000000000000000000e+00 0.000000000000000000e+00 1.000000000000000000e+00 0.000000000000000000e+00 0.000000000000000000e+00 1.000000000000000000e+00 0.000000000000000000e+00 0.000000000000000000e+00 3.184206798860068910e-02 0.000000000000000000e+00 6.573011815681657488e-01 0.000000000000000000e+00 1.907539832559504434e-01 1.000000000000000000e+00 6.424836392562909282e-01 8.820000000000000000e+02 -1.154545454545454541e+00
0.000000000000000000e+00 2.210277978785246955e-01 0.000000000000000000e+00 1.000000000000000000e+00 8.907862071998926545e-01 9.840224551039469247e-01 0.000000000000000000e+00 0.000000000000000000e+00 0.000000000000000000e+00 5.237714297828384158e-01 0.000000000000000000e+00 0.000000000000000000e+00 0.000000000000000000e+00 3.420976064249603987e-01 5.678269669952076271e-01 0.000000000000000000e+00 0.000000000000000000e+00 8.341442136310956990e-01 4.149062322746447642e-04 3.579787957987686786e-01 1.000000000000000000e+00 1.000000000000000000e+00 0.000000000000000000e+00 0.000000000000000000e+00 4.570234131905180630e-03 1.015540495227988949e-01 0.000000000000000000e+00 6.441803385165417728e-01 1.000000000000000000e+00 0.000000000000000000e+00 0.000000000000000000e+00 0.000000000000000000e+00 9.540000000000000000e+02 -7.718181818181818477e-01
3.369791027162181152e-01 0.000000000000000000e+00 2.221952206962547749e-01 2.830483675442950833e-02 8.458074220097597240e-02 0.000000000000000000e+00 1.251913587296612728e-05 0.000000000000000000e+00 2.448554801377691992e-01 9.884886432927112443e-01 1.613822592414861437e-02 7.367651499958977057e-01 1.000000000000000000e+00 1.000000000000000000e+00 0.000000000000000000e+00 2.608906145941885524e-01 5.563745443990839035e-02 0.000000000000000000e+00 2.585673782987156777e-01 1.469934211222517989e-03 4.475777419304037830e-01 4.687375787426332208e-01 0.000000000000000000e+00 0.000000000000000000e+00 3.055116608066967832e-01 7.802755036515386378e-01 5.433713190905284929e-01 0.000000000000000000e+00 2.689984821335541509e-01 1.418618299222593280e-03 2.101753283761190749e-01 1.669175600890906996e-01 6.340000000000000000e+02 -2.485454545454545361e+00
0.000000000000000000e+00 0.000000000000000000e+00 2.034776015038895769e-02 7.594384101226621449e-06 7.504506332114282453e-03 4.552694359305592964e-01 0.000000000000000000e+00 0.000000000000000000e+00 4.099518115503881371e-02 0.000000000000000000e+00 0.000000000000000000e+00 1.000000000000000000e+00 8.944881219074313217e-01 8.209533200075341819e-02 0.000000000000000000e+00 1.059423511473859408e-01 5.630174904635854016e-01 6.566087143713719709e-02 2.062193318799088182e-01 0.000000000000000000e+00 1.000000000000000000e+00 2.216447774941636070e-02 9.690127974290073665e-01 0.000000000000000000e+00 0.000000000000000000e+00 0.000000000000000000e+00 8.265282314009440856e-02 0.000000000000000000e+00 0.000000000000000000e+00 0.000000000000000000e+00 2.381250026103411410e-01 0.000000000000000000e+00 6.000000000000000000e+02 -3.967272727272727284e+00
4.932686278871801222e-01 0.000000000000000000e+00 6.920770305430601343e-01 9.010731353269965660e-02 9.510226723718636643e-01 0.000000000000000000e+00 4.949444068163962041e-02 1.558176978044752692e-01 0.000000000000000000e+00 1.000000000000000000e+00 0.000000000000000000e+00 4.561613186637610284e-01 7.504591357610307378e-01 1.000000000000000000e+00 0.000000000000000000e+00 9.262815215743921415e-01 4.800096271241310886e-01 0.000000000000000000e+00 1.000000000000000000e+00 1.000000000000000000e+00 9.999999973171740386e-01 2.449453341458566191e-01 1.149257943690165111e-08 0.000000000000000000e+00 3.982068346293976546e-01 4.342325313400594022e-01 5.802766674053241869e-02 0.000000000000000000e+00 0.000000000000000000e+00 0.000000000000000000e+00 1.000000000000000000e+00 1.000000000000000000e+00 1.356000000000000000e+03 -3.515636363636363626e+01
1.000000000000000000e+00 1.475169633177495489e-08 1.000000000000000000e+00 0.000000000000000000e+00 7.771712864175261970e-01 0.000000000000000000e+00 0.000000000000000000e+00 1.627537649679872914e-03 0.000000000000000000e+00 0.000000000000000000e+00 0.000000000000000000e+00 1.000000000000000000e+00 5.089946819068976195e-04 8.808189666770979143e-01 0.000000000000000000e+00 1.000000000000000000e+00 9.425330525124735181e-02 0.000000000000000000e+00 9.999999996466395480e-01 1.000000000000000000e+00 0.000000000000000000e+00 0.000000000000000000e+00 0.000000000000000000e+00 3.910380531637611297e-03 0.000000000000000000e+00 1.000000000000000000e+00 1.174144821435722662e-10 0.000000000000000000e+00 8.282025777213616879e-02 0.000000000000000000e+00 1.000000000000000000e+00 3.163808210231747826e-10 1.260000000000000000e+03 -1.830181818181818443e+01
4.770290776089280427e-01 0.000000000000000000e+00 7.560330275092151942e-01 0.000000000000000000e+00 1.000000000000000000e+00 0.000000000000000000e+00 3.178226337699996962e-01 5.189011740381108684e-01 0.000000000000000000e+00 9.914403064900512152e-01 2.803597235262249021e-01 6.106519688196485607e-01 9.793038079239815286e-01 1.000000000000000000e+00 0.000000000000000000e+00 1.000000000000000000e+00 4.444084065914539194e-01 0.000000000000000000e+00 1.000000000000000000e+00 1.000000000000000000e+00 1.000000000000000000e+00 8.318068610930930973e-01 0.000000000000000000e+00 1.143431380191418656e-01 0.000000000000000000e+00 1.000000000000000000e+00 0.000000000000000000e+00 5.515070158140480727e-05 0.000000000000000000e+00 0.000000000000000000e+00 1.000000000000000000e+00 9.485204753397138422e-01 1.654000000000000000e+03 -4.275363636363636743e+01
1.000000000000000000e+00 7.338396074938744462e-01 1.000000000000000000e+00 1.000000000000000000e+00 5.219567407474889897e-01 1.000000000000000000e+00 0.000000000000000000e+00 1.000000000000000000e+00 9.995873889478961161e-01 1.808353147219398660e-01 0.000000000000000000e+00 0.000000000000000000e+00 8.168644926403584305e-01 3.070961483591158527e-03 0.000000000000000000e+00 0.000000000000000000e+00 0.000000000000000000e+00 1.000000000000000000e+00 1.000000000000000000e+00 0.000000000000000000e+00 1.000000000000000000e+00 6.651045654482426080e-06 0.000000000000000000e+00 0.000000000000000000e+00 0.000000000000000000e+00 0.000000000000000000e+00 0.000000000000000000e+00 1.000000000000000000e+00 2.757988929189359589e-02 1.000000000000000000e+00 1.997437438341813365e-01 8.891302020910881732e-01 1.718000000000000000e+03 -1.878181818181818485e+01
6.802963808499812304e-01 2.759920836994318380e-03 9.331991974545066348e-01 3.792656256283015448e-02 3.033645432622898430e-01 1.822672612394156334e-04 2.208030143980998783e-01 9.813765430795267086e-01 2.093771959173751352e-04 2.773995789751684260e-01 1.937511493508197063e-06 1.152543023849326165e-01 9.928872960293954053e-01 1.000000000000000000e+00 5.581225411535918335e-01 2.957702781908114545e-02 4.766586561116928911e-01 5.466224209103092146e-01 6.366012725321237298e-01 1.000000000000000000e+00 9.999438528679592819e-01 2.565080524220786917e-01 2.075151792325441447e-01 9.902417023543448604e-02 5.478509955211740418e-02 9.998243348982497336e-01 1.210898063233532551e-01 3.610608285189093603e-01 3.354743791789534524e-01 3.585520107739870871e-02 9.949520008052148423e-01 8.908462486484524101e-01 1.326000000000000000e+03 -3.056636363636363285e+01
3.836554698033909361e-01 3.323370225517013332e-01 0.000000000000000000e+00 9.131921121704953404e-01 5.025920707887969741e-01 3.236718216924277126e-03 0.000000000000000000e+00 3.364102851252805948e-01 0.000000000000000000e+00 2.269078210848790855e-01 5.608584096820462246e-04 7.329563836260843956e-01 0.000000000000000000e+00 7.586419693655261920e-01 0.000000000000000000e+00 5.074728327382328308e-05 4.763014336986372971e-02 0.000000000000000000e+00 0.000000000000000000e+00 9.705789077919197982e-01 0.000000000000000000e+00 1.199920568223991207e-01 4.673489990215390910e-01 0.000000000000000000e+00 7.101271403234664659e-01 5.064588143141847132e-01 3.323624498581320696e-02 8.623703442896220039e-01 7.072328190060843678e-01 2.899321401081498151e-03 4.505772815722214331e-02 8.334115390158771675e-01 7.500000000000000000e+02 -1.518181818181818243e-01
2.092587918609893904e-01 1.174898342260313894e-01 8.038835424050529976e-01 9.546723583361921284e-01 2.037143121093376863e-01 3.129807154394173563e-01 3.442123477627869604e-02 9.820218439233263652e-01 4.069533464653571908e-01 9.981563647824615026e-01 4.754193266984126365e-01 5.409833420973509943e-01 9.996853221499042430e-01 9.839855897932872075e-01 3.065253914121215395e-01 8.178956713101680487e-01 4.473583457452722234e-01 8.785687709007974355e-01 8.924940394639195862e-01 9.441254252967524740e-01 5.880803495418941429e-01 7.379903591918822725e-01 1.853895981025853179e-01 3.766740858649149648e-01 9.647489431484019828e-01 9.642597436035579284e-01 6.833643636260328114e-01 6.810950084977666075e-01 9.531500354543410714e-01 4.576861259328744019e-03 9.871173991444811557e-01 8.969615913192234835e-01 2.050000000000000000e+03 -4.295727272727272350e+01
7.206557901290790991e-01 3.524454193210493913e-02 9.657920535849002786e-01 1.426293666903292318e-02 9.942740198579578248e-01 3.407356142261497994e-02 1.333115904967071830e-01 6.658126625976356072e-01 0.000000000000000000e+00 9.966162746777327275e-01 0.000000000000000000e+00 8.461847666964067427e-01 8.264916303767529948e-01 1.000000000000000000e+00 1.784803552992315634e-01 9.800418647378532633e-01 0.000000000000000000e+00 0.000000000000000000e+00 6.158568013061129776e-01 1.000000000000000000e+00 9.689778247225642183e-01 1.311242176073323107e-01 6.459495414647874190e-03 0.000000000000000000e+00 0.000000000000000000e+00 1.897629022873886101e-02 1.827797328379707209e-01 6.441085146113033344e-02 4.983556608126590293e-01 8.243871312410108732e-02 8.340271122385800595e-01 1.000000000000000000e+00 1.398000000000000000e+03 -3.014818181818181841e+01
0.000000000000000000e+00 3.019572188907685816e-03 6.585386902973976442e-01 3.461367236489259341e-02 7.044645011918809763e-01 1.275308511058609595e-01 1.723228742784854439e-01 3.521078426742456080e-01 2.616006026938890727e-01 4.702499157883476867e-03 9.665279372161643678e-01 2.962620886271312703e-01 9.999104298486422016e-01 0.000000000000000000e+00 0.000000000000000000e+00 0.000000000000000000e+00 4.327814794742349327e-03 0.000000000000000000e+00 9.236078126830122859e-01 1.312839550125148858e-01 1.043353463190064695e-01 2.109787541806749933e-01 6.531333528480848249e-01 1.960358701827050742e-01 0.000000000000000000e+00 9.352147456941271864e-02 5.095662730084479231e-01 0.000000000000000000e+00 0.000000000000000000e+00 0.000000000000000000e+00 5.921899280424933742e-01 7.646770579526759870e-02 5.960000000000000000e+02 -1.111909090909090914e+01
4.243788698433902384e-01 1.131673200390975222e-02 9.999999775922330247e-01 5.239291600473419130e-01 1.000000000000000000e+00 0.000000000000000000e+00 0.000000000000000000e+00 5.603650881891865110e-01 1.000000000000000000e+00 8.892358750861373284e-01 0.000000000000000000e+00 8.643269532093856417e-05 9.245084163964800705e-01 6.874790689876239536e-02 2.608343061511307903e-01 9.904097522615287197e-01 1.000000000000000000e+00 0.000000000000000000e+00 1.000000000000000000e+00 1.000000000000000000e+00 9.352430703508282095e-01 9.987918465933340872e-01 0.000000000000000000e+00 0.000000000000000000e+00 3.379053704066445341e-01 5.218937459413577340e-01 1.723733187996551543e-10 1.150460497550015361e-07 4.983095002307830895e-02 0.000000000000000000e+00 8.878136509588767655e-01 2.059338451730084452e-01 1.634000000000000000e+03 -4.874727272727272975e+01
0.000000000000000000e+00 0.000000000000000000e+00 1.000000000000000000e+00 7.464007720254779710e-02 1.000000000000000000e+00 0.000000000000000000e+00 0.000000000000000000e+00 3.005331165194655707e-01 0.000000000000000000e+00 5.221867167955947984e-07 1.000000000000000000e+00 6.768887786082631308e-01 1.000000000000000000e+00 0.000000000000000000e+00 0.000000000000000000e+00 0.000000000000000000e+00 0.000000000000000000e+00 0.000000000000000000e+00 1.000000000000000000e+00 8.018384417032728972e-01 0.000000000000000000e+00 1.000000000000000000e+00 1.000000000000000000e+00 1.000000000000000000e+00 0.000000000000000000e+00 0.000000000000000000e+00 1.000000000000000000e+00 0.000000000000000000e+00 0.000000000000000000e+00 0.000000000000000000e+00 1.000000000000000000e+00 0.000000000000000000e+00 1.422000000000000000e+03 -2.192636363636363583e+01
4.391155140464931272e-01 0.000000000000000000e+00 1.000000000000000000e+00 1.000000000000000000e+00 8.793958281179401482e-01 0.000000000000000000e+00 6.837110252663404497e-02 0.000000000000000000e+00 9.714383153844114993e-01 3.475150351894248368e-01 8.396291680430469917e-01 3.408708422155241613e-01 9.990240895765480911e-01 7.873024281344027236e-03 0.000000000000000000e+00 9.389166584055578246e-01 1.000000000000000000e+00 3.523081047236238939e-01 9.989730702492466419e-01 1.000000000000000000e+00 8.537042670129660893e-01 5.669679044849183086e-02 1.310012498523469571e-01 2.975103006815840168e-01 7.947444399798253567e-01 2.582233486302692657e-02 0.000000000000000000e+00 0.000000000000000000e+00 1.238000859155559269e-01 0.000000000000000000e+00 1.000000000000000000e+00 9.999985201571690574e-01 1.674000000000000000e+03 -3.890727272727272634e+01
5.077098042313920537e-04 1.803195767080891269e-03 1.000000000000000000e+00 1.000000000000000000e+00 8.146786640321233008e-01 5.463077576735660967e-01 0.000000000000000000e+00 6.084556516991420638e-01 9.583436759095409485e-01 6.392719525325382124e-01 5.692985543204365229e-01 2.768799672910112065e-07 1.000000000000000000e+00 3.747636428505538575e-01 7.167408328365700854e-01 7.033429732843761162e-01 9.981110776556265662e-01 0.000000000000000000e+00 9.989312761907223059e-01 9.740611783611628771e-02 9.999999978276389312e-01 2.006769021701661770e-01 9.953966198233641371e-01 0.000000000000000000e+00 0.000000000000000000e+00 9.821095175955899537e-01 6.284222767994875891e-01 1.483293131454279246e-06 0.000000000000000000e+00 1.289513013071976024e-07 8.068112968522972439e-01 9.999985625329360639e-01 1.666000000000000000e+03 -3.580545454545454476e+01
7.811002711756746472e-04 1.258897761428588724e-03 9.906066237732976038e-05 3.343319644717385929e-05 1.000000000000000000e+00 3.147093659659666032e-01 6.228798398512434137e-02 7.101525172375516446e-04 9.999692433929566748e-01 2.585934404406580178e-01 1.000000000000000000e+00 0.000000000000000000e+00 9.997978726283262008e-01 5.667339561564879030e-02 0.000000000000000000e+00 2.515940699037981509e-02 2.370668257011739333e-01 2.920971493849141010e-01 9.999691463260433899e-01 1.071838493059916768e-03 4.086138040563184256e-08 0.000000000000000000e+00 9.999209381061374691e-01 9.985727600824014782e-01 1.425509900478266409e-02 1.946529584074279118e-01 3.848907763104781887e-01 7.166127684145430499e-02 0.000000000000000000e+00 1.562282633459615225e-02 1.000000000000000000e+00 0.000000000000000000e+00 1.096000000000000000e+03 -1.010363636363636353e+01
1.601035910439929655e-01 0.000000000000000000e+00 1.000000000000000000e+00 1.289689164079233126e-02 8.174109374122908722e-01 0.000000000000000000e+00 3.440229349322260766e-01 5.247644136913697244e-01 1.833460013277637968e-01 1.000000000000000000e+00 8.778699145506609850e-04 0.000000000000000000e+00 1.000000000000000000e+00 3.732533619814012299e-03 0.000000000000000000e+00 5.208126871335760910e-01 1.000000000000000000e+00 0.000000000000000000e+00 1.000000000000000000e+00 9.900239925588321110e-01 3.278321942867413741e-01 4.923724598997444857e-01 0.000000000000000000e+00 4.206377314893532116e-04 0.000000000000000000e+00 6.159230788369873810e-01 4.632263120994995487e-01 0.000000000000000000e+00 2.211553073890451249e-01 1.416294873562128943e-02 3.878640306611245148e-01 1.891688713383473663e-01 9.940000000000000000e+02 -2.660272727272727167e+01
2.005608763206162548e-01 2.497831360062961054e-03 1.000000000000000000e+00 6.531863157777852581e-04 9.999999506790894221e-01 0.000000000000000000e+00 1.209430015591552443e-01 1.000000000000000000e+00 8.072002139585462976e-03 1.000000000000000000e+00 8.804354952177182447e-01 0.000000000000000000e+00 1.000000000000000000e+00 9.999998833602098403e-01 7.465496182253565649e-02 6.747057912460922013e-01 1.000000000000000000e+00 0.000000000000000000e+00 1.000000000000000000e+00 9.946857667092170452e-01 9.992469713906128037e-01 5.152014316738832145e-01 2.429808064633179332e-01 0.000000000000000000e+00 2.366624061433229842e-01 5.322257575600775059e-01 7.181823838587101383e-01 0.000000000000000000e+00 0.000000000000000000e+00 0.000000000000000000e+00 1.000000000000000000e+00 6.382465879752663440e-01 1.732000000000000000e+03 -4.873090909090908696e+01
0.000000000000000000e+00 0.000000000000000000e+00 8.947214305429467274e-01 4.785637744019199391e-01 2.154971494778641986e-03 0.000000000000000000e+00 0.000000000000000000e+00 2.064950514809046067e-01 3.379463847716990821e-01 1.000000000000000000e+00 0.000000000000000000e+00 0.000000000000000000e+00 7.999454940509456713e-02 1.988898272218000141e-01 0.000000000000000000e+00 9.990546628856037392e-01 4.549804335916708409e-01 3.246725289383832203e-01 1.000000000000000000e+00 5.352148559346488980e-04 2.611526042412855575e-01 3.710172126989999541e-01 4.426284194621090129e-01 0.000000000000000000e+00 0.000000000000000000e+00 2.426966892189846292e-01 0.000000000000000000e+00 1.779461435506962397e-01 0.000000000000000000e+00 1.218908772341558214e-02 7.226745856769007936e-01 0.000000000000000000e+00 7.000000000000000000e+02 -1.445272727272727131e+01
0.000000000000000000e+00 2.463885382382344919e-02 1.000000000000000000e+00 9.294047829815018646e-01 1.000000000000000000e+00 0.000000000000000000e+00 2.573609451497917514e-07 6.036943408614863227e-01 0.000000000000000000e+00 1.000000000000000000e+00 0.000000000000000000e+00 0.000000000000000000e+00 0.000000000000000000e+00 0.000000000000000000e+00 0.000000000000000000e+00 1.000000000000000000e+00 1.000000000000000000e+00 4.527822473088595201e-01 1.000000000000000000e+00 1.000000000000000000e+00 0.000000000000000000e+00 1.755727518021666170e-02 0.000000000000000000e+00 0.000000000000000000e+00 0.000000000000000000e+00 9.962946070328246861e-01 0.000000000000000000e+00 4.683123948177471685e-01 0.000000000000000000e+00 0.000000000000000000e+00 1.000000000000000000e+00 1.000000000000000000e+00 1.508000000000000000e+03 -2.531454545454545269e+01
1.453084434528074866e-04 2.291450399724239972e-01 9.998625956033401208e-01 8.989153625022000549e-02 1.000000000000000000e+00 1.508889821750707648e-03 8.798430609007190650e-01 9.452537955542378301e-01 9.666012616616562747e-01 1.000000000000000000e+00 2.440696534215525404e-01 0.000000000000000000e+00 9.139346889365730364e-01 6.987373646700097835e-03 0.000000000000000000e+00 1.000000000000000000e+00 1.000000000000000000e+00 0.000000000000000000e+00 1.000000000000000000e+00 5.443418284007893737e-01 4.932501850787148756e-01 9.999998560963501149e-01 2.322792327442516069e-01 2.394987012241528868e-03 4.182085565489258028e-01 8.711467423345005123e-01 1.545354681043680130e-02 0.000000000000000000e+00 6.802860574702473961e-01 0.000000000000000000e+00 1.000000000000000000e+00 1.603662773970048194e-01 1.774000000000000000e+03 -3.063545454545454660e+01
0.000000000000000000e+00 0.000000000000000000e+00 3.393384787573318628e-01 0.000000000000000000e+00 1.000000000000000000e+00 6.794593681816257780e-02 2.691667473413615896e-01 5.041459260863138114e-01 0.000000000000000000e+00 0.000000000000000000e+00 0.000000000000000000e+00 0.000000000000000000e+00 2.472889571100837236e-01 3.806567250629697141e-01 2.298787368880680360e-01 1.343330326906499138e-02 1.000000000000000000e+00 8.420242755142446928e-04 7.772872724519066523e-01 1.000000000000000000e+00 5.537952264540149105e-01 5.335129039265686102e-02 8.826136157033415142e-01 0.000000000000000000e+00 5.402705681976628371e-01 1.000000000000000000e+00 1.000000000000000000e+00 0.000000000000000000e+00 2.304631601275789476e-01 0.000000000000000000e+00 9.506599054344927122e-03 4.113164448661611461e-01 9.500000000000000000e+02 -1.060636363636363733e+01
4.362920339327726604e-01 0.000000000000000000e+00 1.000000000000000000e+00 7.571606745450084608e-01 9.918659857920609779e-01 7.832652500702775309e-04 1.402747920107471902e-01 9.938894295588165395e-01 0.000000000000000000e+00 2.406349902911577437e-03 0.000000000000000000e+00 2.113107385722969578e-01 9.998876086645209771e-01 0.000000000000000000e+00 0.000000000000000000e+00 0.000000000000000000e+00 0.000000000000000000e+00 0.000000000000000000e+00 5.751833223864888378e-01 7.895017796095662316e-03 0.000000000000000000e+00 7.971339067527927202e-01 0.000000000000000000e+00 2.223897114505680311e-02 0.000000000000000000e+00 0.000000000000000000e+00 1.400166848290557708e-01 0.000000000000000000e+00 1.041872559496324346e-01 2.201001425687063306e-01 5.561922137888770656e-01 1.873480401966890474e-01 7.560000000000000000e+02 -8.846363636363635763e+00
1.266056440612616241e-01 0.000000000000000000e+00 1.000000000000000000e+00 2.290835132204400437e-01 1.000000000000000000e+00 0.000000000000000000e+00 0.000000000000000000e+00 0.000000000000000000e+00 6.921299066823479729e-01 4.897091486365447999e-01 0.000000000000000000e+00 9.203405005622999902e-01 1.000000000000000000e+00 5.402256591216969550e-01 0.000000000000000000e+00 9.999993364023822551e-01 9.999985724008163546e-01 4.905837950547801626e-03 1.000000000000000000e+00 5.636286508863250777e-01 1.977157809582488768e-01 2.050885207060065274e-01 6.912014041013379070e-04 0.000000000000000000e+00 0.000000000000000000e+00 2.192012682495524459e-02 3.646887574317620069e-04 1.866369235756380751e-01 1.478208039800209261e-02 0.000000000000000000e+00 9.991800328011923860e-01 1.336890470812056586e-01 1.152000000000000000e+03 -2.558636363636363598e+01
0.000000000000000000e+00 0.000000000000000000e+00 1.000000000000000000e+00 0.000000000000000000e+00 0.000000000000000000e+00 0.000000000000000000e+00 2.662612552992420500e-01 0.000000000000000000e+00 5.318017004123233304e-01 1.000000000000000000e+00 1.000000000000000000e+00 0.000000000000000000e+00 0.000000000000000000e+00 0.000000000000000000e+00 0.000000000000000000e+00 6.337767302969711247e-01 1.925537750510386185e-05 7.790400913384079029e-01 1.000000000000000000e+00 0.000000000000000000e+00 5.802807298623611221e-01 0.000000000000000000e+00 1.338394369714977772e-01 0.000000000000000000e+00 2.619866302889981707e-02 0.000000000000000000e+00 0.000000000000000000e+00 1.000000000000000000e+00 0.000000000000000000e+00 0.000000000000000000e+00 1.000000000000000000e+00 0.000000000000000000e+00 9.580000000000000000e+02 -1.589727272727272833e+01
4.553215899124655325e-02 0.000000000000000000e+00 1.000000000000000000e+00 6.362271969164381979e-02 1.000000000000000000e+00 0.000000000000000000e+00 0.000000000000000000e+00 1.209774630790152276e-06 1.000000000000000000e+00 1.000000000000000000e+00 0.000000000000000000e+00 0.000000000000000000e+00 1.000000000000000000e+00 0.000000000000000000e+00 0.000000000000000000e+00 1.000000000000000000e+00 1.000000000000000000e+00 0.000000000000000000e+00 1.000000000000000000e+00 1.000000000000000000e+00 0.000000000000000000e+00 1.000000000000000000e+00 0.000000000000000000e+00 0.000000000000000000e+00 0.000000000000000000e+00 0.000000000000000000e+00 3.846106681462991839e-01 0.000000000000000000e+00 0.000000000000000000e+00 0.000000000000000000e+00 5.443392225866245937e-01 0.000000000000000000e+00 1.344000000000000000e+03 -3.202818181818182097e+01
0.000000000000000000e+00 0.000000000000000000e+00 8.073867412047724956e-01 2.445762985527214217e-01 2.849379190863502442e-01 0.000000000000000000e+00 0.000000000000000000e+00 0.000000000000000000e+00 0.000000000000000000e+00 1.000000000000000000e+00 1.401114870651920530e-01 0.000000000000000000e+00 1.000000000000000000e+00 9.851545579601761471e-01 0.000000000000000000e+00 1.000000000000000000e+00 2.594273528048348099e-01 0.000000000000000000e+00 9.593486283997242348e-01 9.551055716564291753e-01 0.000000000000000000e+00 2.917058218020326388e-01 0.000000000000000000e+00 0.000000000000000000e+00 6.907133761211794454e-01 2.280024551414855383e-01 7.783289029251775348e-01 0.000000000000000000e+00 0.000000000000000000e+00 0.000000000000000000e+00 1.000000000000000000e+00 2.339641395691257619e-01 1.116000000000000000e+03 -2.935727272727272918e+01
1.078304699203203737e-01 5.536147924628277966e-04 9.482197938145482397e-01 2.045024737934478809e-01 8.038168462134218650e-01 2.960152115917970006e-01 0.000000000000000000e+00 0.000000000000000000e+00 0.000000000000000000e+00 1.000000000000000000e+00 0.000000000000000000e+00 2.247560420426104183e-02 0.000000000000000000e+00 6.363626183437176564e-01 4.205045563024762091e-11 1.000000000000000000e+00 1.032574664001121266e-02 0.000000000000000000e+00 3.458843284876214619e-01 4.050362091647475848e-01 3.971039587518189473e-02 0.000000000000000000e+00 1.557316484776593846e-01 0.000000000000000000e+00 2.122488092795014047e-01 0.000000000000000000e+00 4.302611685207274623e-04 1.525479430565709893e-01 0.000000000000000000e+00 0.000000000000000000e+00 3.755679629312016349e-02 3.802552380700064960e-01 5.660000000000000000e+02 -4.036363636363636820e-01
2.928622581354518584e-01 5.957455315752716897e-03 7.216367200646185698e-02 6.805261169055135673e-01 9.458150744340420024e-01 0.000000000000000000e+00 5.377437207585197138e-02 0.000000000000000000e+00 3.979855639536850065e-01 1.000000000000000000e+00 2.788973930651273553e-02 1.698106142360101406e-02 9.150088289428972566e-01 8.965891479841725520e-01 0.000000000000000000e+00 1.000000000000000000e+00 1.000000000000000000e+00 4.744023304916935441e-03 1.000000000000000000e+00 1.000000000000000000e+00 6.177102983825506488e-01 1.000000000000000000e+00 4.381417400276086949e-01 3.624341419675692344e-01 8.314586421101566316e-01 1.724892991221405047e-01 5.916066797287294898e-01 0.000000000000000000e+00 5.499544633077530637e-02 3.634094415427248370e-02 1.853047887985269371e-01 1.701624173179927257e-01 1.388000000000000000e+03 -3.229909090909090708e+01
0.000000000000000000e+00 0.000000000000000000e+00 1.000000000000000000e+00 1.071719767661788170e-01 1.685266746372171276e-01 0.000000000000000000e+00 1.990668305271302285e-01 0.000000000000000000e+00 1.192121820829836060e-01 1.000000000000000000e+00 0.000000000000000000e+00 0.000000000000000000e+00 3.688568768800164488e-01 5.539036699478597781e-01 3.887295455588554161e-01 1.000000000000000000e+00 9.822228938845678492e-01 0.000000000000000000e+00 1.000000000000000000e+00 1.000000000000000000e+00 2.858905654238840799e-01 0.000000000000000000e+00 0.000000000000000000e+00 0.000000000000000000e+00 0.000000000000000000e+00 9.571782963686691348e-01 9.994801104362388555e-01 0.000000000000000000e+00 2.871140417661282584e-01 0.000000000000000000e+00 9.478592742386003911e-01 2.396188434134611800e-01 1.242000000000000000e+03 -2.664545454545454817e+01
1.737311271943031254e-04 0.000000000000000000e+00 9.998718051010798691e-01 2.558770167754887415e-01 5.077403268737134406e-04 2.660785941386079371e-04 1.060428711467784188e-03 8.552892692223477145e-01 4.475196464642780940e-06 8.742910511332605550e-01 1.376297451331154266e-04 4.768890102829027033e-01 1.272853500059242457e-02 1.705262273669892192e-01 9.662288160780148349e-02 5.114421514740850050e-01 9.863501113056158953e-01 0.000000000000000000e+00 8.067859633371111672e-01 9.867358020952131659e-01 3.496256062716928681e-01 2.195513430062040194e-01 1.696217835483012281e-04 1.010207483604458889e-01 1.988317021983194433e-01 9.569626638043031708e-01 6.343025806098631821e-03 8.027994421871208571e-07 2.460417706067202503e-01 0.000000000000000000e+00 8.710399643882876797e-01 2.182623944212197975e-04 9.880000000000000000e+02 -1.822909090909091034e+01
0.000000000000000000e+00 1.876481588683659787e-02 9.809195207794741966e-01 9.659950660666885569e-02 4.209175390130747707e-01 0.000000000000000000e+00 1.076324383099675798e-02 7.233619519647297436e-01 1.219593994909691642e-01 1.000000000000000000e+00 9.194014779887417152e-03 4.064606902066063981e-02 9.721144628695692624e-01 2.394378350734475691e-01 3.718775969340211082e-03 5.055028822677619660e-01 1.000000000000000000e+00 4.721844530650554650e-01 1.000000000000000000e+00 1.000000000000000000e+00 1.295346165124155735e-01 3.813338528830883534e-01 3.665977839595158105e-02 7.795715107371954146e-03 3.080348923449146015e-01 1.099304170946280579e-01 1.677825379080736534e-01 5.253194612045768153e-02 6.942957354698936490e-02 1.204261502439719626e-08 4.470734701313087145e-01 0.000000000000000000e+00 9.460000000000000000e+02 -2.696090909090909093e+01
0.000000000000000000e+00 1.936428170758845366e-02 3.394116112270966767e-01 2.125335222768374652e-02 3.073912668381953983e-01 0.000000000000000000e+00 0.000000000000000000e+00 6.135905791186828662e-01 4.695281472612514162e-01 9.976237869911229739e-01 0.000000000000000000e+00 8.168928004911435838e-04 1.000000000000000000e+00 8.399991064585715650e-01 5.207623021694235410e-01 1.000000000000000000e+00 9.144724840540137123e-01 3.137300799670435757e-03 1.000000000000000000e+00 9.703488801700073108e-01 1.000000000000000000e+00 6.698580247288022926e-01 6.254577786026731918e-05 0.000000000000000000e+00 6.284991171818372635e-01 0.000000000000000000e+00 8.728342549090769564e-01 0.000000000000000000e+00 4.139742147044263021e-01 0.000000000000000000e+00 4.649310735807029027e-01 9.370717308467930717e-01 1.410000000000000000e+03 -4.290545454545454618e+01
0.000000000000000000e+00 7.193479198911889583e-02 2.705119283074542413e-01 3.695963739068026090e-07 8.492936161503131243e-02 3.348584725931706696e-02 5.204494278684252545e-02 7.993095223026149831e-01 1.506277049575193427e-01 7.184263359866339682e-01 1.581662916651237205e-01 1.907487121636781557e-07 6.356468600963067761e-01 0.000000000000000000e+00 0.000000000000000000e+00 5.280056160603801008e-01 5.615379176817744122e-01 3.940138371693709053e-04 1.000000000000000000e+00 6.322145570788594293e-01 6.327634219126130333e-01 0.000000000000000000e+00 0.000000000000000000e+00 0.000000000000000000e+00 1.030884821905246433e-02 1.844977241733123871e-02 2.179872191637808321e-01 2.605410833531276449e-01 8.510604855909384425e-02 1.234151629021421276e-03 4.551049583659872444e-01 1.397417087960173244e-04 4.560000000000000000e+02 -1.775909090909091148e+01
0.000000000000000000e+00 0.000000000000000000e+00 3.844612926390191410e-04 1.998523944443957381e-02 0.000000000000000000e+00 0.000000000000000000e+00 0.000000000000000000e+00 1.000000000000000000e+00 2.578932495705927794e-02 1.000000000000000000e+00 0.000000000000000000e+00 0.000000000000000000e+00 1.000000000000000000e+00 2.794960850934266605e-01 0.000000000000000000e+00 1.000000000000000000e+00 1.684508866193212551e-01 0.000000000000000000e+00 1.000000000000000000e+00 1.000000000000000000e+00 1.000000000000000000e+00 2.988801686357897558e-01 0.000000000000000000e+00 0.000000000000000000e+00 9.996171784563925300e-01 0.000000000000000000e+00 4.285792083092593296e-01 0.000000000000000000e+00 0.000000000000000000e+00 0.000000000000000000e+00 9.995474943160621573e-01 0.000000000000000000e+00 1.222000000000000000e+03 -3.521818181818181870e+01
4.375545114155766913e-02 6.872299331574986681e-02 1.593969689888749541e-02 0.000000000000000000e+00 3.613841160711687289e-02 0.000000000000000000e+00 0.000000000000000000e+00 8.363233444982924869e-01 2.606704030979988679e-02 5.610179443337259819e-01 0.000000000000000000e+00 0.000000000000000000e+00 1.453548269009443950e-01 9.378204973206414330e-01 4.847838960463479174e-01 1.000000000000000000e+00 1.000000000000000000e+00 3.464105059879905163e-02 8.856819501466776101e-01 0.000000000000000000e+00 2.390839001344485515e-01 0.000000000000000000e+00 0.000000000000000000e+00 0.000000000000000000e+00 1.000000000000000000e+00 0.000000000000000000e+00 9.779392641661882601e-01 2.494660534022109799e-02 0.000000000000000000e+00 1.673520746514918500e-02 3.207420002409263060e-01 8.182955585872399643e-04 9.200000000000000000e+02 -1.787636363636363868e+01
0.000000000000000000e+00 0.000000000000000000e+00 7.273900037991113399e-01 0.000000000000000000e+00 0.000000000000000000e+00 0.000000000000000000e+00 0.000000000000000000e+00 1.000000000000000000e+00 1.267745759297116137e-01 1.000000000000000000e+00 0.000000000000000000e+00 0.000000000000000000e+00 1.000000000000000000e+00 1.000000000000000000e+00 9.258415444399422656e-01 9.851129094293450406e-01 1.000000000000000000e+00 0.000000000000000000e+00 1.000000000000000000e+00 1.000000000000000000e+00 6.090878232402668901e-01 1.359561048057989895e-03 0.000000000000000000e+00 0.000000000000000000e+00 1.000000000000000000e+00 0.000000000000000000e+00 6.201914037692015658e-01 0.000000000000000000e+00 0.000000000000000000e+00 0.000000000000000000e+00 3.353735502644579758e-01 7.481573053679435592e-02 1.452000000000000000e+03 -3.835727272727272918e+01
0.000000000000000000e+00 0.000000000000000000e+00 2.512709081307816505e-02 0.000000000000000000e+00 5.810322374532734396e-02 0.000000000000000000e+00 0.000000000000000000e+00 9.605134361447427160e-01 3.945142227772786003e-01 1.000000000000000000e+00 2.338047481643885650e-01 1.180083106301118429e-01 1.000000000000000000e+00 5.093047643865855623e-01 2.945470053882915176e-02 1.000000000000000000e+00 0.000000000000000000e+00 0.000000000000000000e+00 1.000000000000000000e+00 1.000000000000000000e+00 1.000000000000000000e+00 1.000000000000000000e+00 0.000000000000000000e+00 0.000000000000000000e+00 1.000000000000000000e+00 2.924219266219999502e-01 3.682921744620072935e-01 2.205495024703199580e-02 0.000000000000000000e+00 0.000000000000000000e+00 7.666314540298561075e-01 1.776867220599750441e-01 1.296000000000000000e+03 -3.637181818181818471e+01
0.000000000000000000e+00 0.000000000000000000e+00 0.000000000000000000e+00 0.000000000000000000e+00 0.000000000000000000e+00 6.642757260463412194e-01 0.000000000000000000e+00 1.000000000000000000e+00 9.974861926095874853e-01 1.000000000000000000e+00 0.000000000000000000e+00 0.000000000000000000e+00 1.000000000000000000e+00 0.000000000000000000e+00 1.531547203844607352e-01 1.000000000000000000e+00 6.943137349448805784e-01 5.658902880591659690e-02 1.000000000000000000e+00 9.505455584838032879e-01 1.000000000000000000e+00 9.818772970664779720e-01 0.000000000000000000e+00 0.000000000000000000e+00 9.999452697284855196e-01 1.193101655032937670e-02 1.000000000000000000e+00 0.000000000000000000e+00 1.835715080442484048e-01 0.000000000000000000e+00 1.000000000000000000e+00 9.999998109518264400e-01 1.766000000000000000e+03 -4.615000000000000568e+01
0.000000000000000000e+00 0.000000000000000000e+00 1.599248426872643819e-02 1.898623290414377662e-01 0.000000000000000000e+00 1.109065814641495805e-02 4.911821209031669282e-08 1.000000000000000000e+00 9.999662796203512283e-01 1.000000000000000000e+00 0.000000000000000000e+00 0.000000000000000000e+00 8.642991454316876210e-01 1.000000000000000000e+00 0.000000000000000000e+00 8.433113437339234686e-01 1.436880920808145945e-01 3.866514381990677248e-05 1.000000000000000000e+00 7.936700953431893302e-01 4.715707814490684435e-01 2.059186855032373747e-04 0.000000000000000000e+00 1.317783420614256351e-01 1.000000000000000000e+00 2.242278419526297362e-02 9.999998781924097635e-01 4.172365638440688751e-01 0.000000000000000000e+00 3.186337916903325684e-01 8.868113144905162004e-01 4.308275713908282789e-01 1.366000000000000000e+03 -2.712181818181818116e+01
0.000000000000000000e+00 0.000000000000000000e+00 1.618928771565694664e-05 8.560555970967412831e-01 0.000000000000000000e+00 0.000000000000000000e+00 1.564617014433277720e-01 1.000000000000000000e+00 0.000000000000000000e+00 1.000000000000000000e+00 0.000000000000000000e+00 0.000000000000000000e+00 1.000000000000000000e+00 9.375389358883801094e-01 0.000000000000000000e+00 1.000000000000000000e+00 0.000000000000000000e+00 0.000000000000000000e+00 1.000000000000000000e+00 1.000000000000000000e+00 1.000000000000000000e+00 1.000000000000000000e+00 0.000000000000000000e+00 0.000000000000000000e+00 1.000000000000000000e+00 0.000000000000000000e+00 3.590136933257531138e-01 0.000000000000000000e+00 0.000000000000000000e+00 0.000000000000000000e+00 1.000000000000000000e+00 0.000000000000000000e+00 1.520000000000000000e+03 -4.049727272727272975e+01
0.000000000000000000e+00 0.000000000000000000e+00 0.000000000000000000e+00 0.000000000000000000e+00 0.000000000000000000e+00 0.000000000000000000e+00 0.000000000000000000e+00 1.000000000000000000e+00 0.000000000000000000e+00 6.774411546565600739e-01 3.819791099693540803e-01 0.000000000000000000e+00 1.916945276692773037e-01 0.000000000000000000e+00 0.000000000000000000e+00 1.000000000000000000e+00 1.732043484035747372e-01 1.143484113124492926e-02 8.579801869680668824e-01 8.597868925093570258e-01 9.957562663238874734e-01 0.000000000000000000e+00 0.000000000000000000e+00 0.000000000000000000e+00 1.000000000000000000e+00 0.000000000000000000e+00 9.768348756594550375e-01 0.000000000000000000e+00 6.450522431553847864e-10 2.036461093504656838e-10 5.232392852480124423e-01 0.000000000000000000e+00 1.000000000000000000e+03 -2.366181818181818031e+01
0.000000000000000000e+00 1.238807910981346190e-02 0.000000000000000000e+00 0.000000000000000000e+00 0.000000000000000000e+00 0.000000000000000000e+00 0.000000000000000000e+00 1.000000000000000000e+00 7.424992880889687849e-04 1.000000000000000000e+00 7.862543286817025301e-01 0.000000000000000000e+00 1.000000000000000000e+00 6.505194529387858804e-01 0.000000000000000000e+00 1.000000000000000000e+00 2.563258426945611568e-01 4.771749216247946762e-02 1.000000000000000000e+00 1.000000000000000000e+00 1.000000000000000000e+00 2.669706595659224746e-01 0.000000000000000000e+00 5.835820431897401073e-02 0.000000000000000000e+00 0.000000000000000000e+00 6.855310466748303355e-01 0.000000000000000000e+00 0.000000000000000000e+00 0.000000000000000000e+00 9.634307276333969883e-01 1.900726579161335084e-01 1.200000000000000000e+03 -4.024090909090909207e+01
2.146015711140686084e-03 4.012997404511772087e-02 4.725954987719953038e-01 0.000000000000000000e+00 0.000000000000000000e+00 0.000000000000000000e+00 0.000000000000000000e+00 7.756789039976055289e-01 1.848562009256087338e-02 1.000000000000000000e+00 0.000000000000000000e+00 0.000000000000000000e+00 7.482660895384812827e-01 3.522089425140186303e-01 8.446354589369612365e-01 1.000000000000000000e+00 1.000000000000000000e+00 0.000000000000000000e+00 8.119548875138011823e-01 4.263439461127215349e-03 9.829322333126174760e-01 6.970195487917396626e-01 0.000000000000000000e+00 0.000000000000000000e+00 9.937455542871698189e-01 0.000000000000000000e+00 1.000000000000000000e+00 0.000000000000000000e+00 5.359753804057006965e-01 0.000000000000000000e+00 0.000000000000000000e+00 9.560704943353641738e-01 1.258000000000000000e+03 -2.514454545454545098e+01
0.000000000000000000e+00 0.000000000000000000e+00 0.000000000000000000e+00 0.000000000000000000e+00 0.000000000000000000e+00 0.000000000000000000e+00 0.000000000000000000e+00 1.000000000000000000e+00 8.152438160847360615e-01 9.982198729044716723e-01 0.000000000000000000e+00 0.000000000000000000e+00 0.000000000000000000e+00 1.384142538413685453e-01 8.642594099197487001e-01 5.248572180058119763e-01 1.000000000000000000e+00 0.000000000000000000e+00 5.862509644113836904e-01 3.904550746933133087e-01 0.000000000000000000e+00 5.614496080653867960e-01 2.356979466478926165e-03 3.042131225572500611e-02 0.000000000000000000e+00 0.000000000000000000e+00 1.000000000000000000e+00 0.000000000000000000e+00 0.000000000000000000e+00 0.000000000000000000e+00 5.024021010422243805e-01 1.117562159328097660e-02 8.340000000000000000e+02 -9.088181818181817917e+00
3.761903484483563654e-04 6.251244609187257828e-02 3.491766323624646059e-03 6.603414648916269836e-02 0.000000000000000000e+00 2.199962569967481296e-02 0.000000000000000000e+00 2.291823820185593108e-01 0.000000000000000000e+00 8.129474702806507302e-01 3.982070898531767655e-01 9.087215712092103215e-02 9.144375922726543093e-01 8.673441004757019568e-02 3.720784753496334529e-01 5.910510087073316265e-01 2.433933355685191993e-02 0.000000000000000000e+00 4.739238598782663514e-01 3.869931673539327988e-01 9.684618835824612137e-01 2.628735629406282401e-02 9.662990137605861896e-02 1.541054157067655861e-01 1.867269819107019932e-02 1.961296019129974569e-05 8.077397953429371613e-01 1.790558989265482112e-02 8.859562981788249303e-03 6.415049401059808032e-02 4.264691048603638790e-01 5.204054541923897048e-01 5.260000000000000000e+02 -9.850909090909091503e+00
9.743915811788744774e-02 9.999999883702453962e-01 6.175363987736288279e-02 0.000000000000000000e+00 0.000000000000000000e+00 0.000000000000000000e+00 0.000000000000000000e+00 9.400163198681685817e-01 0.000000000000000000e+00 1.000000000000000000e+00 1.000000000000000000e+00 0.000000000000000000e+00 2.947921089350576812e-02 0.000000000000000000e+00 0.000000000000000000e+00 0.000000000000000000e+00 5.124271170968005551e-01 1.564943502931233632e-01 1.000000000000000000e+00 6.915206116255694369e-01 0.000000000000000000e+00 0.000000000000000000e+00 0.000000000000000000e+00 0.000000000000000000e+00 0.000000000000000000e+00 0.000000000000000000e+00 0.000000000000000000e+00 0.000000000000000000e+00 0.000000000000000000e+00 0.000000000000000000e+00 0.000000000000000000e+00 0.000000000000000000e+00 7.400000000000000000e+02 -8.755454545454545823e+00
7.660871738496453920e-02 0.000000000000000000e+00 1.635055654757260335e-01 8.711053702907120000e-01 0.000000000000000000e+00 9.832184852842883183e-02 0.000000000000000000e+00 0.000000000000000000e+00 1.880927245666899061e-01 6.164637094822754682e-01 1.714904350188733440e-01 2.208733485454745463e-03 0.000000000000000000e+00 0.000000000000000000e+00 2.244189100519178859e-01 7.629115969630322347e-01 5.485911075861532593e-01 1.904259710793916038e-01 9.997589319908450900e-01 0.000000000000000000e+00 6.813709151233041106e-02 8.267388478346502367e-01 6.928493047173484715e-03 6.183201719908938600e-04 8.160791303340969582e-01 2.237165664148174360e-01 3.888702620122542336e-02 2.149171411510691354e-01 1.502534181399497321e-02 4.005261505106280651e-02 1.172220890270523480e-01 0.000000000000000000e+00 5.600000000000000000e+02 -9.202727272727271313e+00
4.383551904288097711e-01 0.000000000000000000e+00 8.248806804295975015e-01 0.000000000000000000e+00 4.896676657867879423e-01 0.000000000000000000e+00 0.000000000000000000e+00 5.351596099489956959e-01 4.513634675614668357e-01 1.000000000000000000e+00 3.573718631849334693e-01 0.000000000000000000e+00 1.000000000000000000e+00 1.569535503627124753e-02 2.644569589661104891e-01 1.000000000000000000e+00 9.957474995851688382e-01 3.311661726719935528e-01 1.000000000000000000e+00 1.000000000000000000e+00 5.972559539424587838e-01 5.352773183240918664e-01 0.000000000000000000e+00 0.000000000000000000e+00 7.754199871562407198e-01 4.943528588650212977e-04 2.752451404666849677e-01 6.492562855585039261e-02 0.000000000000000000e+00 0.000000000000000000e+00 5.220744581881259228e-01 5.810196888857085268e-03 1.074000000000000000e+03 -2.932090909090908681e+01
1.599377700091169155e-02 0.000000000000000000e+00 1.748510613312292543e-08 0.000000000000000000e+00 3.692174754163143890e-01 1.617869577973116840e-02 1.148910440859749414e-09 5.728051921801767810e-01 4.276529200853038670e-01 6.552792206439557177e-01 3.901194842195600948e-02 2.945496149127448393e-01 0.000000000000000000e+00 9.233040540161495391e-02 3.998403779108147815e-01 7.128718481637066340e-01 9.020631921938722098e-01 0.000000000000000000e+00 2.649167950550035747e-02 2.522391867361595263e-01 9.608091040898024682e-01 6.068622468149529325e-01 0.000000000000000000e+00 8.196712569624636791e-02 3.353639300969126213e-01 0.000000000000000000e+00 6.235017131789965986e-09 0.000000000000000000e+00 0.000000000000000000e+00 0.000000000000000000e+00 4.812418172721712208e-08 0.000000000000000000e+00 4.680000000000000000e+02 -6.261818181818181728e+00
3.647708059339996312e-01 0.000000000000000000e+00 7.737205746362715297e-01 0.000000000000000000e+00 1.618409549534549630e-01 0.000000000000000000e+00 0.000000000000000000e+00 6.176436651818868473e-01 6.637464333733383848e-01 1.000000000000000000e+00 1.627090838491473124e-01 0.000000000000000000e+00 8.874160925837588643e-01 9.692349483603914795e-01 0.000000000000000000e+00 1.000000000000000000e+00 1.000000000000000000e+00 9.620455906376039756e-01 9.999995573440231267e-01 1.000000000000000000e+00 5.533945172942821289e-01 9.999995764860254432e-01 0.000000000000000000e+00 0.000000000000000000e+00 8.010742576955206529e-01 0.000000000000000000e+00 9.082492347616644146e-01 9.007257745857323583e-02 1.301752778687473855e-01 2.586561153289452988e-03 1.000000000000000000e+00 0.000000000000000000e+00 1.658000000000000000e+03 -3.635272727272727167e+01
0.000000000000000000e+00 0.000000000000000000e+00 1.000000000000000000e+00 0.000000000000000000e+00 0.000000000000000000e+00 0.000000000000000000e+00 0.000000000000000000e+00 0.000000000000000000e+00 0.000000000000000000e+00 1.000000000000000000e+00 1.000000000000000000e+00 0.000000000000000000e+00 1.000000000000000000e+00 9.831299490376735895e-01 0.000000000000000000e+00 1.000000000000000000e+00 0.000000000000000000e+00 0.000000000000000000e+00 9.062082870523920086e-02 1.000000000000000000e+00 1.720994814102445036e-01 5.964251941679299396e-01 0.000000000000000000e+00 0.000000000000000000e+00 0.000000000000000000e+00 0.000000000000000000e+00 1.000000000000000000e+00 0.000000000000000000e+00 0.000000000000000000e+00 0.000000000000000000e+00 7.582071302604663776e-01 0.000000000000000000e+00 1.166000000000000000e+03 -9.140909090909090651e+00
4.144403641100404684e-02 0.000000000000000000e+00 3.840158075846249464e-01 0.000000000000000000e+00 1.916961023319992130e-01 0.000000000000000000e+00 0.000000000000000000e+00 9.441456692186134259e-01 9.938459848277120257e-02 9.999998802559604272e-01 5.256296583761017605e-01 0.000000000000000000e+00 1.000000000000000000e+00 3.010186630345374481e-01 0.000000000000000000e+00 5.833503677870892634e-01 1.000000000000000000e+00 2.061511802579771568e-01 1.000000000000000000e+00 1.000000000000000000e+00 8.235360123322218451e-01 3.785623905705120529e-01 0.000000000000000000e+00 6.162271351107999427e-04 1.133366787299968509e-01 6.524510459057980549e-02 3.201196745227132268e-01 0.000000000000000000e+00 6.970094923536327737e-03 3.913870636525504376e-02 2.313591519246655237e-01 6.008888548851877565e-02 9.560000000000000000e+02 -2.970545454545454334e+01
2.814707274951163130e-01 1.029097388857323596e-03 2.324817711660272496e-06 5.008876775289732297e-01 3.285129938089135470e-06 9.820217118775048833e-04 3.486366089854908007e-02 6.486453275994249036e-04 4.445249758566000020e-03 1.758817560393230173e-01 2.476992904515431804e-01 2.009638151393837502e-06 1.672890372732616926e-01 9.999931885047772528e-01 6.093629741084320983e-01 7.888677716044943944e-01 1.417228076290754646e-01 2.602183146616059428e-01 9.346166177791065399e-01 1.221675342665567065e-04 6.980415480503548986e-01 8.106290161186130439e-02 0.000000000000000000e+00 0.000000000000000000e+00 6.892719823308173988e-06 1.323034233136984223e-04 9.980878496184611981e-01 1.324463751780791164e-03 3.725224197195011687e-07 0.000000000000000000e+00 1.655094442026233126e-01 1.791533425103970442e-02 5.900000000000000000e+02 -1.180454545454545645e+01
1.265521767476973369e-01 0.000000000000000000e+00 2.783379605648509877e-02 1.932317626721425166e-02 7.771232239096406147e-01 0.000000000000000000e+00 0.000000000000000000e+00 1.000000000000000000e+00 2.926399448681137327e-01 8.203998172616255857e-02 1.813392863438351432e-01 0.000000000000000000e+00 1.729964340167151060e-01 8.119847658827489267e-01 0.000000000000000000e+00 3.043695561113898274e-01 9.122526528259623513e-01 9.049342081654216940e-01 5.129777151180974215e-01 5.667524096054202820e-01 0.000000000000000000e+00 1.625419210520363533e-01 0.000000000000000000e+00 5.474752337940253302e-03 1.628882612407351604e-01 8.362724949749284408e-04 8.329811657673985570e-01 2.525735230171693643e-04 9.117853973986050908e-01 7.315393617774053163e-03 1.582510487576947733e-01 1.440349941796245821e-02 8.040000000000000000e+02 -3.432727272727272627e+00
0.000000000000000000e+00 0.000000000000000000e+00 8.593452936747245641e-01 6.345234464419899128e-05 2.772800266006709702e-01 0.000000000000000000e+00 0.000000000000000000e+00 1.000000000000000000e+00 9.979466693457195170e-01 1.000000000000000000e+00 7.934507509535303482e-01 0.000000000000000000e+00 1.000000000000000000e+00 0.000000000000000000e+00 0.000000000000000000e+00 9.142690507176561843e-01 9.991003823395695482e-01 3.868234288856849945e-01 1.000000000000000000e+00 1.000000000000000000e+00 1.000000000000000000e+00 5.497676366746487991e-02 0.000000000000000000e+00 1.985890348039144881e-01 0.000000000000000000e+00 0.000000000000000000e+00 1.150443631489014851e-03 0.000000000000000000e+00 0.000000000000000000e+00 0.000000000000000000e+00 5.158612298284676045e-01 0.000000000000000000e+00 1.410000000000000000e+03 -4.469545454545454533e+01
6.453967650410041834e-02 0.000000000000000000e+00 7.939766028160586409e-01 5.110092335066015456e-01 5.617249222467635139e-02 0.000000000000000000e+00 0.000000000000000000e+00 9.879863086707757480e-01 4.478961308456824164e-01 1.000000000000000000e+00 7.992859508082728048e-01 0.000000000000000000e+00 8.291696151907801404e-01 0.000000000000000000e+00 0.000000000000000000e+00 2.946674500113376505e-01 1.000000000000000000e+00 0.000000000000000000e+00 9.048969952267373884e-01 9.907843062836819703e-01 1.000000000000000000e+00 1.907528206750079558e-01 0.000000000000000000e+00 0.000000000000000000e+00 0.000000000000000000e+00 6.308094770179944327e-03 0.000000000000000000e+00 0.000000000000000000e+00 0.000000000000000000e+00 0.000000000000000000e+00 9.050940264145524994e-01 0.000000000000000000e+00 1.168000000000000000e+03 -2.557545454545454433e+01
5.177751436907206128e-02 0.000000000000000000e+00 2.515714098256989772e-01 2.167054076757757557e-03 4.815203579421679092e-01 0.000000000000000000e+00 0.000000000000000000e+00 1.000000000000000000e+00 9.015583641575318774e-01 1.000000000000000000e+00 1.000000000000000000e+00 0.000000000000000000e+00 9.954585128129525007e-01 0.000000000000000000e+00 0.000000000000000000e+00 1.000000000000000000e+00 1.000000000000000000e+00 2.102273189156326442e-03 6.392012142495239191e-01 8.246742473799310025e-01 9.673219168999031004e-01 8.489808305720834003e-01 0.000000000000000000e+00 0.000000000000000000e+00 0.000000000000000000e+00 0.000000000000000000e+00 3.177458199637749232e-03 0.000000000000000000e+00 0.000000000000000000e+00 0.000000000000000000e+00 7.369652058307043507e-01 0.000000000000000000e+00 1.304000000000000000e+03 -2.764363636363636090e+01
2.204116653269727333e-01 0.000000000000000000e+00 1.781655527863745467e-02 4.179886448192784987e-01 2.923992351385118482e-01 3.468635944079768718e-01 0.000000000000000000e+00 9.999938497748058763e-01 1.549644044803341059e-01 1.000000000000000000e+00 4.862756679743008292e-01 3.978953815238770071e-03 9.418850117479548034e-01 3.563314901982685412e-01 7.110671544802730538e-03 9.709758217558258631e-01 1.411161520722745977e-01 0.000000000000000000e+00 9.504416001396883695e-01 7.312873398796037039e-01 6.486943261647866166e-01 9.806551335407622805e-01 0.000000000000000000e+00 3.706369604658697747e-02 0.000000000000000000e+00 4.212874872302068167e-04 3.115792186028100152e-01 7.732019907620878429e-01 1.628721988406724996e-01 6.560126307939341539e-02 3.919350170114413445e-01 0.000000000000000000e+00 1.030000000000000000e+03 -2.462181818181818116e+01
1.180306912861197460e-01 0.000000000000000000e+00 5.197222852097493906e-01 0.000000000000000000e+00 0.000000000000000000e+00 5.305723303580837935e-02 0.000000000000000000e+00 1.000000000000000000e+00 1.334798041479543472e-02 9.077674788482366364e-02 8.347631401530828388e-01 0.000000000000000000e+00 5.381019046603072731e-01 9.081708488463624551e-02 0.000000000000000000e+00 1.000000000000000000e+00 1.000000000000000000e+00 1.737091656238839710e-01 0.000000000000000000e+00 5.894499780080224988e-02 1.000000000000000000e+00 0.000000000000000000e+00 0.000000000000000000e+00 0.000000000000000000e+00 2.538250157351393341e-03 0.000000000000000000e+00 0.000000000000000000e+00 0.000000000000000000e+00 0.000000000000000000e+00 2.224512297615895834e-02 3.784398639614907495e-02 1.329544942443084687e-01 6.600000000000000000e+02 -5.102727272727273444e+00
0.000000000000000000e+00 0.000000000000000000e+00 3.679936158785427347e-01 0.000000000000000000e+00 1.343305716861755121e-06 0.000000000000000000e+00 0.000000000000000000e+00 1.000000000000000000e+00 1.000000000000000000e+00 3.251572852447673911e-01 8.576497523403919798e-01 0.000000000000000000e+00 1.000000000000000000e+00 2.792852871978225848e-01 2.088504585162759830e-01 6.808890330218930753e-01 1.000000000000000000e+00 1.861620013136019713e-01 8.023779110876483323e-01 9.961568271140032182e-01 3.145813858207309743e-01 1.188710110758988553e-01 0.000000000000000000e+00 5.872913368640875636e-06 5.772797742349401462e-01 1.053218029996763399e-03 6.508206739841264354e-02 7.298475031613168573e-01 0.000000000000000000e+00 0.000000000000000000e+00 5.653565983625729041e-01 0.000000000000000000e+00 1.042000000000000000e+03 -2.198818181818181827e+01
6.217288155246850634e-01 0.000000000000000000e+00 3.445288187222736442e-01 3.025519844615488091e-02 9.645690531765963027e-02 3.031291160940707274e-01 0.000000000000000000e+00 1.272931958938914032e-01 3.094276871714744526e-01 1.557788475980984542e-02 1.008228605317516569e-01 0.000000000000000000e+00 1.030532231794288045e-01 4.738417932906797969e-02 5.322126696024398473e-02 1.176327814930475529e-01 9.135992761776710047e-01 1.706880624731579310e-01 0.000000000000000000e+00 8.315183629806063501e-04 4.416776238813164279e-01 4.821995425454443374e-01 0.000000000000000000e+00 5.672267228603853351e-01 6.543575920020564540e-01 5.485216123772002073e-01 7.027864509844721219e-01 9.560047317899477148e-01 9.913181595169419033e-03 2.046633254534799620e-02 2.150908228771248893e-03 0.000000000000000000e+00 4.820000000000000000e+02 -7.218181818181818032e-01
2.370016792945732275e-14 1.506543298776985389e-02 1.357730444455280128e-01 1.194680987652968463e-04 1.027716065330031936e-04 1.404706070298862020e-01 0.000000000000000000e+00 6.364118479016200869e-01 1.558341911709588772e-04 2.737306100755509397e-01 2.755319737886174347e-01 0.000000000000000000e+00 9.992980894227836419e-01 1.158567243315949781e-11 0.000000000000000000e+00 9.308858723249696654e-02 6.988439119149536527e-01 1.503473043456319547e-01 5.509155843552203669e-01 3.312370075474610487e-01 5.787347655695738169e-01 2.592112880106209631e-04 0.000000000000000000e+00 1.150768297485031405e-09 0.000000000000000000e+00 0.000000000000000000e+00 1.481444098994796343e-01 2.027810665532741863e-01 0.000000000000000000e+00 2.186700978782044891e-01 0.000000000000000000e+00 0.000000000000000000e+00 3.120000000000000000e+02 -6.632727272727271917e+00
0.000000000000000000e+00 0.000000000000000000e+00 2.388397271273249092e-03 4.404070172654140199e-05 0.000000000000000000e+00 0.000000000000000000e+00 0.000000000000000000e+00 9.711039912670735297e-02 1.263394714272282338e-01 9.790697900108936702e-01 4.814556493547558214e-01 0.000000000000000000e+00 0.000000000000000000e+00 0.000000000000000000e+00 0.000000000000000000e+00 0.000000000000000000e+00 0.000000000000000000e+00 6.268351930256933491e-01 0.000000000000000000e+00 0.000000000000000000e+00 5.100781827821824210e-01 0.000000000000000000e+00 0.000000000000000000e+00 3.706296488305469428e-01 0.000000000000000000e+00 0.000000000000000000e+00 0.000000000000000000e+00 0.000000000000000000e+00 0.000000000000000000e+00 0.000000000000000000e+00 0.000000000000000000e+00 2.480499988856013638e-01 2.560000000000000000e+02 -3.181818181818181490e-02
6.044439617634545653e-02 1.061445880233704338e-03 1.611975674410999829e-02 2.468632507659113476e-02 9.254181749715847949e-02 4.293775991064867348e-02 7.510089928117448244e-01 9.068153481562607476e-01 8.739346709183062334e-01 9.925574901952549656e-01 2.050869698041449946e-02 2.489003999571678949e-03 7.289366978806621766e-01 1.755539716296343131e-02 3.920996578914946046e-02 8.888862416833779312e-01 2.323593386500155400e-01 2.265546205065110397e-01 5.247277672179277985e-01 6.736233202858962210e-01 9.289614715590526206e-01 3.290026453701237752e-02 4.284514882824806865e-03 3.967299623038003653e-02 3.251314479411496206e-02 1.271225562263515185e-01 7.030036352408287892e-02 1.874988453623098808e-02 6.052365047839446816e-02 3.018580865638198583e-03 1.876318323213828354e-02 9.374899523115770572e-01 9.920000000000000000e+02 -1.243999999999999950e+01
5.989500506085270182e-01 0.000000000000000000e+00 4.856484129635387226e-01 1.776232400036212022e-01 5.115754066543691803e-01 0.000000000000000000e+00 5.674517788167016130e-01 1.000000000000000000e+00 2.944847085998609018e-02 1.000000000000000000e+00 5.816280050531401624e-01 0.000000000000000000e+00 1.000000000000000000e+00 2.740549168652582912e-01 1.501326973990016386e-06 9.802710772980404164e-01 1.000000000000000000e+00 4.898215399153374450e-01 9.567873633970999103e-01 7.352008585912697125e-01 1.000000000000000000e+00 1.679042868662766474e-01 0.000000000000000000e+00 0.000000000000000000e+00 6.271037386393549795e-01 6.926017511878154471e-04 4.629913076570850161e-01 0.000000000000000000e+00 0.000000000000000000e+00 1.187547708914522271e-01 6.060938726571991619e-01 0.000000000000000000e+00 1.204000000000000000e+03 -3.623636363636364166e+01
7.681790823781995499e-04 6.571598590683862119e-09 8.749173815133952370e-02 0.000000000000000000e+00 5.044579727312467272e-07 0.000000000000000000e+00 3.577972993674128667e-03 9.527100947406920151e-01 5.361580371560848400e-03 8.567451525500687781e-01 3.725324105756911974e-01 0.000000000000000000e+00 1.352408930529906683e-02 5.652471591534679153e-04 0.000000000000000000e+00 1.000000000000000000e+00 4.984442104018775854e-01 0.000000000000000000e+00 1.000000000000000000e+00 9.340342046841655366e-01 8.222964601070100743e-01 0.000000000000000000e+00 8.453752493003455215e-02 9.444115069084355746e-03 0.000000000000000000e+00 2.810724513317096549e-07 7.785873672826602032e-01 9.399949386929887241e-02 2.186300458414928148e-09 4.358531522061586116e-01 0.000000000000000000e+00 0.000000000000000000e+00 7.880000000000000000e+02 -2.300727272727272421e+01
3.243458562978401849e-02 0.000000000000000000e+00 2.622137080617698568e-01 0.000000000000000000e+00 1.288765518064018123e-01 2.496773483780332509e-02 0.000000000000000000e+00 1.000000000000000000e+00 0.000000000000000000e+00 9.697416572898187592e-01 9.265883661396083770e-01 0.000000000000000000e+00 0.000000000000000000e+00 0.000000000000000000e+00 0.000000000000000000e+00 6.296861959771226092e-01 9.754003395611019478e-01 2.632997121072925065e-02 1.000000000000000000e+00 1.000000000000000000e+00 1.000000000000000000e+00 0.000000000000000000e+00 0.000000000000000000e+00 0.000000000000000000e+00 0.000000000000000000e+00 2.022123673866358662e-01 9.574080371854729599e-01 0.000000000000000000e+00 0.000000000000000000e+00 6.149890384135298961e-03 0.000000000000000000e+00 6.635647528692325547e-01 1.136000000000000000e+03 -2.510454545454545183e+01
0.000000000000000000e+00 0.000000000000000000e+00 2.277666915426199423e-01 0.000000000000000000e+00 0.000000000000000000e+00 0.000000000000000000e+00 0.000000000000000000e+00 2.747324700219551108e-01 0.000000000000000000e+00 1.000000000000000000e+00 5.959062623165766598e-02 0.000000000000000000e+00 1.000000000000000000e+00 0.000000000000000000e+00 0.000000000000000000e+00 0.000000000000000000e+00 8.996330088703815564e-01 9.682766960801474365e-01 1.000000000000000000e+00 6.097272230997813347e-01 8.297618992170046059e-01 0.000000000000000000e+00 0.000000000000000000e+00 0.000000000000000000e+00 0.000000000000000000e+00 0.000000000000000000e+00 2.991566249330550598e-01 0.000000000000000000e+00 8.447005535626131434e-02 1.000000000000000000e+00 0.000000000000000000e+00 0.000000000000000000e+00 9.220000000000000000e+02 -1.323181818181818237e+01
0.000000000000000000e+00 3.152751296349056709e-01 5.422751315109496616e-03 0.000000000000000000e+00 9.286170118354154443e-03 3.581216771822978706e-02 2.067574861179386132e-04 9.248442140554711255e-01 9.260964261603100711e-01 0.000000000000000000e+00 7.135800347464158477e-01 0.000000000000000000e+00 6.528198419068619307e-01 0.000000000000000000e+00 1.197322593624984416e-01 9.243033082709650738e-02 4.806370412019659311e-01 1.144810345068325713e-01 5.527934619281431594e-01 8.911957928005014296e-01 8.097684914256918498e-01 9.137667131234281093e-02 0.000000000000000000e+00 6.167318223665128052e-01 0.000000000000000000e+00 6.338584892882034305e-01 5.461829108603108995e-01 2.016666865453961011e-01 4.652297672526450878e-03 3.431368570228462284e-02 4.821850907264330771e-02 3.066681045406521866e-02 6.740000000000000000e+02 -7.251818181818181053e+00
6.103477188012752519e-01 0.000000000000000000e+00 9.893077592478818350e-01 1.000000000000000000e+00 0.000000000000000000e+00 0.000000000000000000e+00 0.000000000000000000e+00 1.354487847941659162e-01 0.000000000000000000e+00 1.000000000000000000e+00 5.458299408729245794e-01 0.000000000000000000e+00 0.000000000000000000e+00 0.000000000000000000e+00 4.839820798513265743e-01 0.000000000000000000e+00 0.000000000000000000e+00 4.172989184989631117e-01 7.196193435039295316e-01 0.000000000000000000e+00 0.000000000000000000e+00 0.000000000000000000e+00 0.000000000000000000e+00 0.000000000000000000e+00 0.000000000000000000e+00 4.847313877193331483e-02 0.000000000000000000e+00 0.000000000000000000e+00 0.000000000000000000e+00 8.178166475699476246e-02 4.389944611532437535e-01 0.000000000000000000e+00 5.820000000000000000e+02 -7.289090909090909953e+00
0.000000000000000000e+00 4.641395265721382501e-01 1.000000000000000000e+00 0.000000000000000000e+00 9.954242162845656772e-01 0.000000000000000000e+00 4.418936439634241209e-01 1.000000000000000000e+00 3.346586859561999638e-01 1.759191611960649049e-01 0.000000000000000000e+00 6.495956132612311640e-01 9.973305027384712917e-02 0.000000000000000000e+00 2.856833502056423391e-01 0.000000000000000000e+00 9.976774883742145494e-01 1.391617415698413185e-01 1.000000000000000000e+00 1.632476540766248374e-01 0.000000000000000000e+00 0.000000000000000000e+00 0.000000000000000000e+00 0.000000000000000000e+00 9.909194059857807935e-02 0.000000000000000000e+00 2.331804242614974043e-01 3.385954924538392974e-01 1.373483089189740062e-04 1.465610675470916833e-03 0.000000000000000000e+00 0.000000000000000000e+00 7.720000000000000000e+02 -1.306545454545454454e+01
2.578853934586012864e-01 2.682444901784591940e-02 5.393869330477167603e-07 0.000000000000000000e+00 2.370199103096055637e-01 0.000000000000000000e+00 0.000000000000000000e+00 9.888830771146190912e-01 0.000000000000000000e+00 1.000000000000000000e+00 2.298397916339704728e-04 0.000000000000000000e+00 4.612620021341826693e-01 4.682075924767935965e-02 0.000000000000000000e+00 9.981175496219200083e-01 9.998875008968017841e-01 1.466963226908036362e-04 9.999998899129574070e-01 1.971190938824603570e-02 9.226622390113689565e-02 3.154241667794721767e-03 0.000000000000000000e+00 4.440283399417732091e-01 6.180690601800296058e-01 0.000000000000000000e+00 9.055132421312618307e-01 0.000000000000000000e+00 0.000000000000000000e+00 1.000000000000000000e+00 3.240141840888613456e-02 1.442540155413734367e-04 1.008000000000000000e+03 -1.537272727272726947e+01
0.000000000000000000e+00 0.000000000000000000e+00 0.000000000000000000e+00 0.000000000000000000e+00 8.001179656775397886e-02 0.000000000000000000e+00 0.000000000000000000e+00 0.000000000000000000e+00 0.000000000000000000e+00 8.220689326052219581e-01 0.000000000000000000e+00 0.000000000000000000e+00 4.909521933839396390e-01 0.000000000000000000e+00 3.263315820195822337e-01 4.601446114626022571e-02 0.000000000000000000e+00 0.000000000000000000e+00 0.000000000000000000e+00 3.405669663360381128e-01 1.640804023135008505e-01 0.000000000000000000e+00 0.000000000000000000e+00 0.000000000000000000e+00 1.102988647350767876e-01 0.000000000000000000e+00 0.000000000000000000e+00 0.000000000000000000e+00 0.000000000000000000e+00 8.263754011917275877e-01 0.000000000000000000e+00 1.965955686121355628e-01 2.180000000000000000e+02 -2.463636363636363680e-01
0.000000000000000000e+00 3.582479566299827667e-01 9.455871809169726083e-02 0.000000000000000000e+00 2.014483732042247552e-02 0.000000000000000000e+00 9.394217260136936143e-02 0.000000000000000000e+00 0.000000000000000000e+00 0.000000000000000000e+00 8.058370751882092398e-01 0.000000000000000000e+00 1.960834696622807127e-01 0.000000000000000000e+00 4.672104859190693849e-01 0.000000000000000000e+00 4.236491627117237035e-01 0.000000000000000000e+00 0.000000000000000000e+00 2.697607272662308486e-01 3.312591980881807174e-02 0.000000000000000000e+00 1.697917792303902176e-02 0.000000000000000000e+00 4.191532726007768384e-02 0.000000000000000000e+00 5.927165318314593645e-02 0.000000000000000000e+00 1.294021164943879032e-01 0.000000000000000000e+00 0.000000000000000000e+00 6.487931561038937263e-03 1.560000000000000000e+02 -1.181818181818181795e-02
0.000000000000000000e+00 0.000000000000000000e+00 6.237010813363126349e-01 0.000000000000000000e+00 3.766713934664773777e-01 0.000000000000000000e+00 1.193930502759569662e-01 9.522823129891589966e-01 3.802934928643189605e-01 1.000000000000000000e+00 5.025908395283126273e-01 0.000000000000000000e+00 9.815210834388417016e-01 0.000000000000000000e+00 1.370951960484730579e-02 1.000000000000000000e+00 9.740105264721361511e-01 4.275786238037643933e-02 8.579041243894739432e-01 1.000000000000000000e+00 1.000000000000000000e+00 6.833608540335759374e-01 0.000000000000000000e+00 0.000000000000000000e+00 2.332666019263584384e-02 5.039705144630718218e-03 3.761967259994904444e-01 0.000000000000000000e+00 7.604930730460575106e-01 3.748116410287511552e-02 1.087854076711070039e-01 1.277437239365200768e-02 1.226000000000000000e+03 -3.802909090909090395e+01
0.000000000000000000e+00 1.806989492748976300e-01 4.744339720412724115e-01 0.000000000000000000e+00 8.958866496497321086e-02 0.000000000000000000e+00 0.000000000000000000e+00 5.790744461669401488e-01 4.439992711376924417e-01 0.000000000000000000e+00 0.000000000000000000e+00 0.000000000000000000e+00 4.067124756845708067e-01 0.000000000000000000e+00 0.000000000000000000e+00 0.000000000000000000e+00 3.341841085397955213e-01 0.000000000000000000e+00 0.000000000000000000e+00 0.000000000000000000e+00 4.884748106180538119e-01 7.534631545691474752e-01 0.000000000000000000e+00 2.437671011159504852e-01 0.000000000000000000e+00 0.000000000000000000e+00 1.710636324544011558e-02 1.330682237652947020e-01 0.000000000000000000e+00 0.000000000000000000e+00 0.000000000000000000e+00 0.000000000000000000e+00 2.140000000000000000e+02 -1.773636363636363678e+00
0.000000000000000000e+00 0.000000000000000000e+00 8.903175568865705561e-03 7.513841785519199436e-03 0.000000000000000000e+00 0.000000000000000000e+00 0.000000000000000000e+00 1.000000000000000000e+00 0.000000000000000000e+00 1.795736056035705519e-01 0.000000000000000000e+00 5.633893190877996560e-01 1.826360735389110646e-01 0.000000000000000000e+00 7.674345035758532996e-01 0.000000000000000000e+00 0.000000000000000000e+00 0.000000000000000000e+00 0.000000000000000000e+00 3.367587375525463167e-01 6.096603383758395639e-03 0.000000000000000000e+00 0.000000000000000000e+00 0.000000000000000000e+00 0.000000000000000000e+00 4.280539626155126232e-02 0.000000000000000000e+00 0.000000000000000000e+00 0.000000000000000000e+00 0.000000000000000000e+00 1.560185187421428976e-01 0.000000000000000000e+00 2.780000000000000000e+02 -1.600000000000000033e-01
4.320526437996993318e-05 1.496429634157395994e-01 1.115845608861225080e-01 4.029476761555406128e-02 0.000000000000000000e+00 0.000000000000000000e+00 0.000000000000000000e+00 1.011414065468412976e-01 1.632626293809516082e-03 3.350698198536428141e-02 1.070950776932944185e-05 2.039026317367866894e-04 9.894358700218611746e-01 0.000000000000000000e+00 0.000000000000000000e+00 3.811559148399113472e-01 0.000000000000000000e+00 2.076779864356955996e-01 1.810640083285456059e-01 5.042416873695029222e-01 8.588542437219183201e-01 7.684739046142771146e-01 2.379017114696397595e-01 7.156371453733260113e-01 0.000000000000000000e+00 0.000000000000000000e+00 2.590323845938779739e-05 2.654540129372956470e-01 0.000000000000000000e+00 1.810574737231083475e-01 0.000000000000000000e+00 3.288984578261395047e-07 4.720000000000000000e+02 -4.394545454545455421e+00
2.220607347839474788e-09 0.000000000000000000e+00 6.065800354029616814e-01 2.496623203052285387e-03 9.160455274923561264e-01 1.557551281691132413e-06 0.000000000000000000e+00 3.174767725550502462e-01 7.489089942478653616e-02 7.264014543806641966e-02 5.637968945016812450e-01 0.000000000000000000e+00 0.000000000000000000e+00 0.000000000000000000e+00 0.000000000000000000e+00 0.000000000000000000e+00 2.689146064355688384e-02 0.000000000000000000e+00 9.633690339619051246e-02 9.999145932184234642e-01 6.628590308570614376e-01 8.335863706575604715e-01 0.000000000000000000e+00 0.000000000000000000e+00 0.000000000000000000e+00 5.554499941540248786e-02 9.999999981510626634e-01 3.241675319986804527e-02 9.428038958351766348e-04 0.000000000000000000e+00 9.990162603997403412e-01 0.000000000000000000e+00 7.100000000000000000e+02 -1.524545454545454426e+00
3.986871805498478499e-02 0.000000000000000000e+00 1.790808476122801307e-01 0.000000000000000000e+00 2.354992862290682665e-01 0.000000000000000000e+00 0.000000000000000000e+00 1.000000000000000000e+00 8.596481394144235288e-01 6.588771417494337923e-01 6.720652894782709608e-02 0.000000000000000000e+00 9.900646101779442265e-01 0.000000000000000000e+00 0.000000000000000000e+00 1.000000000000000000e+00 1.000000000000000000e+00 2.081558514959269135e-01 9.546602741255334479e-01 9.825053343137758466e-01 1.000000000000000000e+00 1.000000000000000000e+00 0.000000000000000000e+00 0.000000000000000000e+00 0.000000000000000000e+00 1.205909677199355906e-01 0.000000000000000000e+00 0.000000000000000000e+00 0.000000000000000000e+00 0.000000000000000000e+00 8.109000424501165705e-02 1.338439323261997327e-01 1.234000000000000000e+03 -3.778909090909090907e+01
5.110275890047733666e-02 0.000000000000000000e+00 9.710008225953757899e-01 3.047950336782191336e-02 0.000000000000000000e+00 4.654101619305389126e-01 0.000000000000000000e+00 5.368334623085241342e-01 5.444379621251689691e-04 4.921183713223036826e-01 9.957524355854115161e-02 0.000000000000000000e+00 9.369977504402847712e-01 0.000000000000000000e+00 0.000000000000000000e+00 4.521639389945885101e-01 6.399219424526565447e-01 1.623689428137264912e-01 1.000000000000000000e+00 9.999952442722486179e-01 7.172214105497051184e-01 2.722835898221544482e-01 4.510244616680754715e-01 4.166350891301438999e-06 0.000000000000000000e+00 1.130270676957026571e-01 2.765943615040217241e-01 1.675280119592646721e-01 0.000000000000000000e+00 0.000000000000000000e+00 1.419838281667430702e-01 8.238066408061274493e-03 7.380000000000000000e+02 -2.446454545454545482e+01
0.000000000000000000e+00 0.000000000000000000e+00 1.000000000000000000e+00 0.000000000000000000e+00 1.197119757177509715e-02 0.000000000000000000e+00 0.000000000000000000e+00 6.315652074172622976e-01 9.861640016802506459e-01 2.821781413683400186e-01 2.828966173717030186e-01 0.000000000000000000e+00 1.000000000000000000e+00 1.432176633347178318e-01 0.000000000000000000e+00 0.000000000000000000e+00 9.116536601006498541e-01 1.914504372203350985e-02 1.000000000000000000e+00 1.000000000000000000e+00 1.000000000000000000e+00 1.000000000000000000e+00 0.000000000000000000e+00 0.000000000000000000e+00 0.000000000000000000e+00 4.236117138434380980e-01 0.000000000000000000e+00 0.000000000000000000e+00 0.000000000000000000e+00 0.000000000000000000e+00 0.000000000000000000e+00 8.984700757621844058e-02 1.114000000000000000e+03 -2.764272727272727082e+01
0.000000000000000000e+00 0.000000000000000000e+00 1.000000000000000000e+00 0.000000000000000000e+00 0.000000000000000000e+00 3.621764983101062318e-01 0.000000000000000000e+00 1.000000000000000000e+00 1.432419041463991842e-02 6.822286488557300910e-01 5.125937533007780544e-01 0.000000000000000000e+00 1.000000000000000000e+00 0.000000000000000000e+00 0.000000000000000000e+00 3.559485135242206333e-01 6.515758509546349941e-01 4.322524700452184954e-01 1.000000000000000000e+00 1.000000000000000000e+00 1.000000000000000000e+00 0.000000000000000000e+00 2.492125156083447104e-02 0.000000000000000000e+00 0.000000000000000000e+00 1.156644689320165606e-02 5.471431294881770047e-01 4.023470349323510220e-01 0.000000000000000000e+00 6.741963218612120065e-05 2.610035894632565384e-02 0.000000000000000000e+00 9.400000000000000000e+02 -3.076909090909090594e+01
0.000000000000000000e+00 2.599379824916642212e-02 1.000000000000000000e+00 1.787891037532722827e-01 4.382347082357010426e-01 0.000000000000000000e+00 0.000000000000000000e+00 0.000000000000000000e+00 1.449571499135435815e-01 1.979639876455135949e-01 7.586355349344879595e-02 0.000000000000000000e+00 9.975739343086701405e-01 0.000000000000000000e+00 2.595418581645763667e-01 4.022434193838087535e-01 0.000000000000000000e+00 1.463377024154640937e-01 0.000000000000000000e+00 1.000000000000000000e+00 2.392905143458226025e-01 1.736961430013705607e-02 7.397232456875693085e-01 0.000000000000000000e+00 0.000000000000000000e+00 0.000000000000000000e+00 0.000000000000000000e+00 7.691306893919887299e-04 1.833520732774871764e-01 0.000000000000000000e+00 1.259648946620151012e-04 0.000000000000000000e+00 5.380000000000000000e+02 -9.709090909090908328e-01
0.000000000000000000e+00 0.000000000000000000e+00 1.000000000000000000e+00 1.641349647044207938e-01 0.000000000000000000e+00 9.895722731094531988e-02 0.000000000000000000e+00 5.909979649982146643e-01 1.253295965890623975e-01 9.382723998451646813e-03 0.000000000000000000e+00 0.000000000000000000e+00 9.998854901540675799e-01 0.000000000000000000e+00 0.000000000000000000e+00 4.406637570624762357e-01 4.841177384964240327e-01 0.000000000000000000e+00 7.809824372468579523e-02 2.518647484175224327e-01 9.842028351174083589e-01 0.000000000000000000e+00 0.000000000000000000e+00 6.459069430387701094e-02 0.000000000000000000e+00 2.212495916828384826e-02 0.000000000000000000e+00 0.000000000000000000e+00 0.000000000000000000e+00 3.941289631876595534e-01 0.000000000000000000e+00 0.000000000000000000e+00 5.100000000000000000e+02 -8.648181818181818414e+00
0.000000000000000000e+00 7.725384988742518555e-01 1.000000000000000000e+00 0.000000000000000000e+00 0.000000000000000000e+00 7.588222515361995324e-01 0.000000000000000000e+00 1.000000000000000000e+00 0.000000000000000000e+00 2.563269858548267721e-01 1.155924426963328075e-02 0.000000000000000000e+00 9.868563096164348902e-01 0.000000000000000000e+00 0.000000000000000000e+00 0.000000000000000000e+00 5.186052384532917614e-01 0.000000000000000000e+00 1.000000000000000000e+00 9.533986488063601605e-01 1.000000000000000000e+00 4.525333914504610089e-01 1.000000000000000000e+00 0.000000000000000000e+00 0.000000000000000000e+00 0.000000000000000000e+00 0.000000000000000000e+00 1.000000000000000000e+00 1.538141734653207700e-02 0.000000000000000000e+00 0.000000000000000000e+00 0.000000000000000000e+00 1.226000000000000000e+03 -2.208181818181818201e+01
0.000000000000000000e+00 0.000000000000000000e+00 9.999985822386519008e-01 0.000000000000000000e+00 2.047653272772192168e-01 2.244234681071662352e-01 1.536728238179019593e-04 5.670415011612578438e-01 1.203037369853692806e-01 3.919208711031710868e-01 1.192304712781187132e-02 1.118333316230219476e-01 9.999722641233587117e-01 7.964587145638612236e-06 0.000000000000000000e+00 3.815408959134496958e-01 7.595100663095987192e-01 9.839264488921401972e-03 2.101663565881870532e-01 9.980512900772120499e-01 8.286873920055073395e-01 0.000000000000000000e+00 5.292056766447215333e-08 8.226999640949627102e-01 0.000000000000000000e+00 8.225805482398834689e-02 5.771113952570155137e-06 7.869052748670418707e-01 1.281515622916885866e-01 0.000000000000000000e+00 0.000000000000000000e+00 1.266972996732257661e-01 7.220000000000000000e+02 -1.049000000000000021e+01
3.919875021512687074e-01 0.000000000000000000e+00 0.000000000000000000e+00 1.878303155211850928e-01 2.223112279327041574e-05 1.597050832172784429e-01 2.417931867877811114e-01 5.703112417525484368e-01 0.000000000000000000e+00 8.156143029730068481e-03 1.315295236167406123e-01 0.000000000000000000e+00 8.117826455194318558e-02 0.000000000000000000e+00 2.875937570699469304e-04 4.477270340355578027e-01 3.102728303545463362e-01 0.000000000000000000e+00 3.146444518774036969e-01 0.000000000000000000e+00 4.107450084405604440e-01 9.927370046867606268e-01 1.635472035447242678e-01 0.000000000000000000e+00 0.000000000000000000e+00 3.234832680228841295e-02 0.000000000000000000e+00 2.307924242034082307e-01 3.377376312894000282e-02 7.271817816251255895e-01 9.599791035333402056e-02 6.751433394685656397e-01 3.440000000000000000e+02 -1.933636363636363598e+00
0.000000000000000000e+00 6.381334999362574534e-01 0.000000000000000000e+00 1.667623529030200918e-02 2.237886013746663572e-02 2.697876550981980759e-01 3.260825561990273597e-02 4.586772608368850923e-01 2.080956009519838723e-01 3.230934947474596308e-01 2.723022267923183581e-01 0.000000000000000000e+00 0.000000000000000000e+00 0.000000000000000000e+00 0.000000000000000000e+00 4.914121443443032478e-01 1.857628913687245920e-01 6.003924119549815253e-02 9.562024710276786355e-01 8.932483681849988644e-01 7.590064343468653218e-01 1.665066246048861054e-01 0.000000000000000000e+00 1.467455089517199218e-01 0.000000000000000000e+00 3.587850467680303024e-01 0.000000000000000000e+00 8.972472463686770316e-02 1.120828105190105166e-02 0.000000000000000000e+00 0.000000000000000000e+00 9.430649257706985589e-02 4.600000000000000000e+02 -1.291909090909090807e+01
0.000000000000000000e+00 2.203677706381788805e-04 2.222983806142871110e-01 0.000000000000000000e+00 6.073908291318785846e-01 6.921685912306386745e-01 0.000000000000000000e+00 9.282179891876224387e-01 7.020263636453392131e-01 5.676391126242394947e-01 0.000000000000000000e+00 0.000000000000000000e+00 4.593394915406862067e-01 0.000000000000000000e+00 0.000000000000000000e+00 1.924578998958203135e-04 9.616394910527458206e-01 6.152838752553272395e-01 0.000000000000000000e+00 7.255887500941822221e-01 1.000000000000000000e+00 0.000000000000000000e+00 0.000000000000000000e+00 1.604249998958486578e-01 0.000000000000000000e+00 0.000000000000000000e+00 3.578999654296617650e-02 3.175582501809324776e-01 0.000000000000000000e+00 0.000000000000000000e+00 1.000000000000000000e+00 0.000000000000000000e+00 7.880000000000000000e+02 -9.025454545454545396e+00
1.030848858392309497e-03 0.000000000000000000e+00 1.000000000000000000e+00 0.000000000000000000e+00 4.484418982273283283e-02 1.466959641309328322e-01 0.000000000000000000e+00 1.551183276105668196e-01 5.327679282696272736e-03 1.000000000000000000e+00 6.911992658819380297e-01 0.000000000000000000e+00 9.881045237012221483e-01 0.000000000000000000e+00 1.480321051408378153e-06 0.000000000000000000e+00 9.814493130156498601e-01 0.000000000000000000e+00 1.000000000000000000e+00 9.996175510652227647e-01 1.000000000000000000e+00 0.000000000000000000e+00 3.920372199059743434e-01 0.000000000000000000e+00 0.000000000000000000e+00 0.000000000000000000e+00 1.643537523350076801e-01 0.000000000000000000e+00 0.000000000000000000e+00 0.000000000000000000e+00 1.476180107751065840e-01 7.261541780225656550e-01 1.052000000000000000e+03 -2.962636363636363512e+01
0.000000000000000000e+00 5.295720436772576312e-01 1.000000000000000000e+00 2.999584459149508725e-09 1.248242217596802206e-01 7.512743759362477958e-01 2.087622945892286530e-01 9.264169042828495071e-01 3.355111047572563541e-03 9.055117855626593215e-02 6.794828688319412002e-01 6.720908933861292622e-01 9.442375022401923168e-01 9.231737708119047616e-04 2.730363286983547022e-01 6.896052131043036715e-01 3.047912980354507417e-01 8.351733086749980606e-01 9.739973661165031160e-01 9.999591764588455778e-01 9.981919844161366573e-01 5.605247593092391734e-01 4.128385829762283230e-03 1.659085175019189839e-01 7.610132107703435067e-02 1.820212221172492206e-01 8.467080289749648880e-01 2.205506821923946094e-04 2.918929430822896770e-02 3.547920374430256311e-03 4.760506109145606901e-01 5.119397424900332672e-01 1.166000000000000000e+03 -4.017454545454545922e+01
0.000000000000000000e+00 1.027487710054614950e-01 9.111108805219777507e-01 0.000000000000000000e+00 5.649917522335934361e-02 9.999291828249400327e-01 0.000000000000000000e+00 1.000000000000000000e+00 0.000000000000000000e+00 2.035422189313846608e-01 1.000000000000000000e+00 1.149149383952415785e-03 1.000000000000000000e+00 5.919851557393916996e-01 3.303368659406827421e-04 8.646230573348100412e-01 2.168858087269314727e-01 9.999676390759580924e-01 1.000000000000000000e+00 1.000000000000000000e+00 1.000000000000000000e+00 0.000000000000000000e+00 0.000000000000000000e+00 0.000000000000000000e+00 0.000000000000000000e+00 0.000000000000000000e+00 7.017766278926890200e-01 2.940506473229333451e-01 0.000000000000000000e+00 0.000000000000000000e+00 3.699861769654841370e-01 0.000000000000000000e+00 1.400000000000000000e+03 -4.236999999999999744e+01
0.000000000000000000e+00 1.419719607555648133e-01 5.650001276341644063e-01 0.000000000000000000e+00 0.000000000000000000e+00 1.000000000000000000e+00 0.000000000000000000e+00 9.885892476806850127e-01 0.000000000000000000e+00 4.401998579695171054e-01 1.000000000000000000e+00 0.000000000000000000e+00 1.000000000000000000e+00 0.000000000000000000e+00 0.000000000000000000e+00 1.000000000000000000e+00 8.680907902510215379e-02 9.999062681864940849e-01 1.000000000000000000e+00 1.000000000000000000e+00 1.000000000000000000e+00 0.000000000000000000e+00 0.000000000000000000e+00 0.000000000000000000e+00 0.000000000000000000e+00 0.000000000000000000e+00 5.306530633280259757e-01 1.311502155587874474e-01 0.000000000000000000e+00 0.000000000000000000e+00 3.965632004370786556e-01 1.884438211351893155e-01 1.248000000000000000e+03 -3.869363636363636516e+01
5.487051426153616296e-02 1.351473619269358550e-01 9.149701913511512075e-01 2.115302513559328898e-02 9.747803274894853987e-01 9.465486120201499487e-01 2.991289446885522785e-01 9.519086689798827994e-01 1.391924869080582994e-01 5.395889272556454036e-02 9.774133352870612024e-02 5.735165124573287504e-02 8.736231007927028891e-01 6.526774993498112021e-02 5.293303265228949117e-01 9.786356807830302040e-01 2.752046686775797002e-01 8.332724651629439538e-01 9.999826196179131266e-01 4.359898498479249929e-01 1.000000000000000000e+00 9.352896883383609028e-01 8.035031625604927008e-03 4.295594630626708432e-01 6.965791257113274071e-01 9.874492485572703426e-01 6.840038388643051581e-01 1.074285274712410143e-01 5.462884862520618612e-03 4.098171148544354492e-01 9.293794649437077116e-01 8.577362632956211375e-01 1.754000000000000000e+03 -3.814999999999999858e+01
1.590282330451486586e-04 0.000000000000000000e+00 7.589877284118221601e-01 0.000000000000000000e+00 1.899537903252535020e-01 1.000000000000000000e+00 0.000000000000000000e+00 3.783749419488092319e-02 4.620266565131461028e-02 5.083122338467569758e-04 7.394922928938142404e-01 4.203768233293169159e-04 1.000000000000000000e+00 0.000000000000000000e+00 0.000000000000000000e+00 6.147160944140089844e-01 6.235311297957495807e-02 9.998974032427899727e-01 1.000000000000000000e+00 1.000000000000000000e+00 1.000000000000000000e+00 9.273199326329122361e-01 0.000000000000000000e+00 1.768244420235373605e-03 0.000000000000000000e+00 1.000000000000000000e+00 1.488857531722880823e-01 2.150259679709155269e-01 0.000000000000000000e+00 0.000000000000000000e+00 7.465605102061194653e-01 4.470361827097101004e-02 1.294000000000000000e+03 -2.309636363636363754e+01
2.273504464422328175e-02 4.186953449185739154e-03 1.000000000000000000e+00 3.048471898890699472e-01 1.544544443005844703e-01 4.504105491507286452e-01 7.021332778489831894e-02 1.000000000000000000e+00 0.000000000000000000e+00 3.890964568032494464e-01 8.047417507535284953e-01 2.847245588279616602e-01 8.530088056420294107e-01 0.000000000000000000e+00 9.200822307896891483e-02 2.309585390458099574e-01 2.748849427837312190e-02 5.911849214244528916e-01 1.000000000000000000e+00 1.205828583322365588e-01 1.000000000000000000e+00 6.401372447632542872e-01 0.000000000000000000e+00 0.000000000000000000e+00 8.117443803420391901e-02 1.286350212108570250e-06 2.368569026008832124e-01 5.853369463228625356e-03 2.361755524956852537e-01 0.000000000000000000e+00 2.927520361620484790e-01 6.307554086242921076e-02 7.940000000000000000e+02 -1.956363636363636260e+01
1.439693343887255884e-04 4.001567694555042132e-01 7.928584988756164353e-01 2.435001137633853972e-03 0.000000000000000000e+00 8.534557381085029482e-01 6.747875546566992587e-03 1.000000000000000000e+00 8.302898504397011881e-02 2.486661344657535855e-01 3.458196603981428252e-01 4.484578157553916616e-02 2.761554382523608298e-01 5.608296806919600697e-02 0.000000000000000000e+00 4.417532406175794790e-01 3.223103283055979429e-02 9.821841830464050904e-01 9.937083813213655192e-01 1.000000000000000000e+00 9.348376944785043996e-01 5.162268443438663978e-02 3.881824492734181065e-01 0.000000000000000000e+00 0.000000000000000000e+00 1.267907420033068111e-01 8.641214354431876465e-01 1.932152378795531575e-02 0.000000000000000000e+00 4.524169295641393418e-02 1.161342885819095921e-01 1.227637936715866435e-01 9.800000000000000000e+02 -1.476272727272727181e+01
2.322779025823678845e-01 0.000000000000000000e+00 1.000000000000000000e+00 7.313014531160842445e-07 0.000000000000000000e+00 1.000000000000000000e+00 2.043677695219668286e-02 1.000000000000000000e+00 1.740960539558734643e-01 6.765189624404588375e-01 4.841514237565173739e-01 4.142606441281949659e-01 1.000000000000000000e+00 1.512568808049786773e-01 0.000000000000000000e+00 8.103152561610111881e-01 5.135903862119722829e-02 2.446722528482258852e-01 1.000000000000000000e+00 1.000000000000000000e+00 1.000000000000000000e+00 7.493595742399120074e-03 0.000000000000000000e+00 0.000000000000000000e+00 0.000000000000000000e+00 2.669169607618286366e-01 8.426679089401415412e-01 1.686103598382176771e-01 0.000000000000000000e+00 0.000000000000000000e+00 2.998531463119819551e-01 4.657030650632814073e-01 1.152000000000000000e+03 -3.331454545454544558e+01
1.147517335940359956e-01 0.000000000000000000e+00 1.000000000000000000e+00 0.000000000000000000e+00 0.000000000000000000e+00 9.999999718350051081e-01 9.963848560203077045e-04 7.247528585562860171e-01 1.176918346175700181e-01 4.086698815094955660e-03 9.999999998476171159e-01 5.570592575712317585e-01 9.996761744048419107e-01 3.217760607340743040e-02 0.000000000000000000e+00 7.121109387285153858e-01 4.434497745682859371e-01 7.206093661099894909e-01 9.555529593037314084e-01 9.429544583408524527e-01 9.595556319658250510e-01 2.054163227529009206e-01 5.832624237075861168e-02 2.095558029116285637e-01 0.000000000000000000e+00 1.531639305730923221e-03 5.736221557443063057e-01 3.072872948357415201e-01 1.221277772033438069e-01 5.856181281491417215e-03 0.000000000000000000e+00 1.909583729679442329e-02 1.168000000000000000e+03 -3.575272727272727025e+01
1.000000000000000000e+00 0.000000000000000000e+00 1.000000000000000000e+00 2.850951824559215877e-02 1.494970636380186235e-01 1.000000000000000000e+00 1.031289805159783662e-01 1.000000000000000000e+00 1.000000000000000000e+00 1.000000000000000000e+00 9.998170056078677925e-01 0.000000000000000000e+00 1.000000000000000000e+00 3.897233131015894695e-03 4.330816138465157228e-02 9.999422515928479971e-01 4.674661800128808720e-01 2.152073721836231593e-02 9.998692436461285027e-01 1.000000000000000000e+00 9.645732685024838160e-01 9.829181972034426243e-03 4.355460740277358189e-01 2.989882458367228435e-01 0.000000000000000000e+00 0.000000000000000000e+00 1.000000000000000000e+00 3.953954595458091803e-01 0.000000000000000000e+00 3.769930403934481089e-01 8.454990361209580030e-01 7.579186195223618083e-02 1.812000000000000000e+03 -4.552363636363636346e+01
0.000000000000000000e+00 8.040326753644111077e-03 8.974030138879313112e-01 8.852816677285933397e-03 4.835243563371502407e-02 9.051551585396329092e-01 9.666338360092156251e-07 8.783388945630503652e-01 2.089983458061085708e-01 3.358517885532182889e-01 7.269893168302513642e-01 0.000000000000000000e+00 7.469875661308374992e-01 1.388942336549638459e-02 2.980868025463204521e-02 8.369837463213020134e-02 1.110720541705001868e-01 1.921599468066134409e-01 8.739344625793799004e-01 8.195300094811636127e-01 9.944276928067473653e-01 1.566725561534416666e-01 2.463358485470310000e-02 4.156989209359370809e-03 8.874167209609535104e-03 3.002812569787267072e-01 4.248910755881235013e-01 8.295500125052018836e-02 4.313807111586043241e-01 8.669023499609566136e-07 1.916122166714251049e-02 3.005846327069203183e-01 9.240000000000000000e+02 -1.833818181818181969e+01
5.723952957348368287e-01 7.789337818404497016e-01 1.000000000000000000e+00 0.000000000000000000e+00 2.010274321940031250e-01 7.235434575544202884e-02 1.112679792146819557e-01 1.000000000000000000e+00 8.207492498238936340e-01 1.713457223848922073e-01 0.000000000000000000e+00 0.000000000000000000e+00 9.017348232491853022e-01 0.000000000000000000e+00 5.815667830748689343e-02 1.000000000000000000e+00 3.066281247451903558e-01 6.557606049048133601e-01 5.581957849852542397e-01 1.000000000000000000e+00 1.000000000000000000e+00 9.864947241705003256e-01 0.000000000000000000e+00 2.857811109473832878e-01 3.009960437575792767e-03 8.486884212543834016e-02 8.039293688813503591e-01 3.288997878948590192e-01 0.000000000000000000e+00 0.000000000000000000e+00 6.833498612283755991e-01 9.632066421426008773e-01 1.384000000000000000e+03 -3.182181818181817690e+01
1.085847226020625472e-01 1.975515115410885966e-02 1.000000000000000000e+00 0.000000000000000000e+00 0.000000000000000000e+00 1.000000000000000000e+00 0.000000000000000000e+00 1.000000000000000000e+00 0.000000000000000000e+00 1.000000000000000000e+00 1.000000000000000000e+00 6.724518905704496285e-01 1.000000000000000000e+00 3.046387321782498825e-01 0.000000000000000000e+00 1.000000000000000000e+00 5.792967467880183959e-08 7.329080868948252281e-01 9.971675018601061646e-01 1.000000000000000000e+00 1.000000000000000000e+00 3.422309022699563941e-01 2.302546725463928690e-01 0.000000000000000000e+00 0.000000000000000000e+00 8.528138568140825049e-02 9.858735185993484640e-01 1.770884335921913688e-01 0.000000000000000000e+00 4.994460522646414907e-02 8.233377542136610661e-01 3.060296193074253379e-01 1.626000000000000000e+03 -5.039636363636363825e+01
3.491573361792624924e-03 3.598436258810020494e-01 9.999913276050020894e-01 6.648595261541861978e-02 3.634181719107489328e-01 9.060194460487557278e-01 5.896805593108259136e-02 6.938038054225548201e-01 0.000000000000000000e+00 6.823689992356476441e-01 0.000000000000000000e+00 8.561765130846652472e-01 1.000000000000000000e+00 9.999898121217883906e-01 1.168579770542847035e-01 7.035251702601218460e-01 9.661407397509612638e-01 9.503711540856223383e-01 9.988130389317549929e-01 9.578871557263695102e-01 1.000000000000000000e+00 8.832680452952385020e-01 4.037374126853826017e-01 8.770719979517001968e-03 3.749566643502885016e-02 7.378258155729863210e-01 9.410726569726882706e-01 8.809724382317303260e-01 0.000000000000000000e+00 1.505230768466932158e-04 4.150618848529472604e-01 2.678526524757520733e-01 1.816000000000000000e+03 -4.686545454545454703e+01
0.000000000000000000e+00 0.000000000000000000e+00 3.685003644263682432e-01 0.000000000000000000e+00 0.000000000000000000e+00 1.000000000000000000e+00 0.000000000000000000e+00 1.000000000000000000e+00 0.000000000000000000e+00 1.000000000000000000e+00 0.000000000000000000e+00 6.757652433655059188e-03 1.000000000000000000e+00 2.579070661076245785e-05 0.000000000000000000e+00 1.000000000000000000e+00 5.257516033721835319e-02 0.000000000000000000e+00 1.000000000000000000e+00 8.461630719024250125e-01 5.718362656559184964e-01 0.000000000000000000e+00 0.000000000000000000e+00 0.000000000000000000e+00 0.000000000000000000e+00 0.000000000000000000e+00 1.000000000000000000e+00 1.643145928486260121e-01 0.000000000000000000e+00 0.000000000000000000e+00 1.000000000000000000e+00 0.000000000000000000e+00 1.172000000000000000e+03 -2.473818181818181827e+01
1.921390509329656548e-01 1.751429925348694377e-02 9.999999585258811940e-01 2.499899873872383493e-01 1.225373472758431448e-01 9.999982740239286017e-01 3.019945916271333242e-01 1.000000000000000000e+00 4.861625389812203324e-02 7.538941901090079334e-01 9.999970796217747537e-01 1.007798080632265258e-05 1.000000000000000000e+00 1.217895209456485023e-01 4.368285336269456254e-03 7.770656977142460509e-01 1.000000000000000000e+00 1.000000000000000000e+00 9.998733675317277303e-01 9.992331399445886220e-01 1.000000000000000000e+00 2.654854601975996653e-01 8.112596084911479390e-09 2.901967612709276390e-01 0.000000000000000000e+00 7.532778993429848323e-03 9.999983450123612894e-01 7.052771413895558839e-01 1.692662660821171450e-01 6.299767048534622455e-04 5.978606770620127353e-01 2.565255642884573528e-01 1.656000000000000000e+03 -4.292545454545454220e+01
0.000000000000000000e+00 3.306190703947246151e-02 1.000000000000000000e+00 0.000000000000000000e+00 1.986633917115893100e-02 9.607156016255690156e-01 1.491069590500687485e-02 9.518872948192875771e-01 2.189032575928769736e-02 1.000000000000000000e+00 1.000000000000000000e+00 9.856241397392884185e-01 1.000000000000000000e+00 7.766372415523234984e-01 0.000000000000000000e+00 8.733768336589028403e-01 3.003931391254888866e-02 9.149481582984122507e-01 1.000000000000000000e+00 8.004916046259119566e-01 9.976243481283142422e-01 4.786665657556404829e-01 1.870000377008749770e-01 1.451326546448860515e-03 0.000000000000000000e+00 1.164588395479454336e-01 1.000000000000000000e+00 4.880426995432530224e-01 2.401614263142265795e-02 7.138521777281384706e-01 8.766737180953118047e-01 0.000000000000000000e+00 1.886000000000000000e+03 -4.287818181818182239e+01
0.000000000000000000e+00 3.342530568483114140e-01 8.739034723173128016e-01 0.000000000000000000e+00 0.000000000000000000e+00 1.000000000000000000e+00 0.000000000000000000e+00 1.000000000000000000e+00 2.973458290838342233e-01 3.866171140718229760e-01 6.757048952427870958e-01 2.428842876896636915e-01 1.000000000000000000e+00 7.466002852949438218e-01 0.000000000000000000e+00 3.757294359960809405e-01 3.023399127774655248e-01 1.000000000000000000e+00 1.000000000000000000e+00 1.032003998830963720e-01 1.000000000000000000e+00 0.000000000000000000e+00 0.000000000000000000e+00 0.000000000000000000e+00 0.000000000000000000e+00 0.000000000000000000e+00 2.517196260519240503e-01 3.976303769133875399e-01 0.000000000000000000e+00 0.000000000000000000e+00 9.638597845604470749e-01 0.000000000000000000e+00 1.204000000000000000e+03 -2.844545454545454177e+01
0.000000000000000000e+00 5.297340582277145771e-01 9.741261597310710840e-01 5.572612161057326902e-02 5.638630587181719944e-01 1.000000000000000000e+00 0.000000000000000000e+00 1.000000000000000000e+00 4.278999918164578240e-04 1.113343400071755557e-01 1.000000000000000000e+00 6.413643511412780995e-02 9.056059117823234139e-01 3.493988755685714653e-01 0.000000000000000000e+00 9.492385534976371941e-01 1.682835906174253437e-01 6.985819058048743369e-01 2.213906781236966437e-01 1.000000000000000000e+00 3.315271021912976068e-01 0.000000000000000000e+00 8.610528122291050135e-02 3.632102225361438785e-01 0.000000000000000000e+00 0.000000000000000000e+00 9.432462909834229414e-01 3.710816843856774849e-02 0.000000000000000000e+00 3.514695971607849079e-01 4.645634593411302471e-01 7.530293957683714678e-02 1.172000000000000000e+03 -1.171090909090909093e+01
1.667392106203630375e-01 1.315270470717552209e-01 9.872312867852790497e-01 1.387183550679149946e-01 1.950424454303953739e-02 6.511617381129313209e-01 2.917623943183118573e-01 9.634554461052389218e-01 7.997408486928378815e-03 7.527854892666429043e-01 7.857896173667117123e-01 3.431661342734246833e-01 9.692313069935855063e-01 4.548867754502412125e-02 1.751450090823639671e-01 9.531251666662102773e-01 7.957126233770259183e-02 2.602969293451993238e-01 9.773313679321226077e-01 9.763498231024657636e-01 9.072486760444435916e-01 7.772008846177758112e-01 1.130920823259972813e-01 3.821077066172887116e-02 2.232218291271308131e-04 7.653893661081719035e-02 5.231845820071788777e-01 3.570677834406687512e-01 4.594107296155518346e-04 2.093800560947650657e-02 3.063404604210421267e-01 3.277179740971546962e-01 1.212000000000000000e+03 -3.983363636363637283e+01
1.782439992037371801e-01 0.000000000000000000e+00 7.797711083599423443e-01 0.000000000000000000e+00 5.946896275835481527e-01 9.129454651984672542e-02 0.000000000000000000e+00 1.000000000000000000e+00 7.029242373517447656e-04 1.311255337973506012e-02 6.431594828740136993e-01 9.251591284029738738e-01 9.971883351463692868e-01 3.556917820405526842e-01 2.832286259575765228e-03 9.946658684246055815e-01 4.932932420931029210e-02 1.892172620703080899e-01 1.000000000000000000e+00 9.999065848326387229e-01 8.068826755998794731e-01 5.539026582067784199e-01 1.233129886623167697e-04 1.206599049042285515e-01 2.798712560516058989e-02 1.179678902301488225e-01 8.646291228277711571e-01 4.318636321800242012e-02 2.270313760914344225e-02 9.211113590471549199e-04 8.539398648927216950e-02 5.172309535247587853e-01 1.168000000000000000e+03 -2.983636363636363598e+01
1.374630142502223651e-01 6.925217165531577512e-01 8.282060965910817973e-01 5.664401270948830197e-02 6.111152048982581783e-03 6.908193563892726097e-01 1.646075870643953221e-01 1.000000000000000000e+00 1.028315106633162501e-01 2.450713178300956419e-01 1.000000000000000000e+00 4.205923244090645219e-02 7.296119461514790627e-01 7.196359410936149255e-07 7.037340113274146436e-01 2.663278109058683230e-01 2.003141875576821829e-01 8.146628392471845226e-01 9.686821489509789274e-01 9.571800921874979995e-01 9.826925190148381173e-01 1.583057205209259244e-01 9.216104457235745062e-02 2.232072655124169025e-01 0.000000000000000000e+00 4.093753125617466465e-06 1.000000000000000000e+00 2.595756909577409122e-01 1.932087681827958092e-01 3.080062252971811354e-01 1.552612958955381650e-01 3.669708157684634653e-01 1.126000000000000000e+03 -2.368636363636363740e+01
1.602232772855532311e-02 1.182105398694762721e-01 9.897396166582218824e-02 0.000000000000000000e+00 0.000000000000000000e+00 7.847736968392379220e-01 2.955154844997608457e-02 8.796198345179726541e-01 5.579996876686896257e-02 4.672389730239052130e-01 9.872647818403086362e-01 9.033301973640218696e-01 3.625361978394293916e-02 4.495826462256885536e-02 5.511815113495708435e-02 2.690612356809509165e-01 8.874931454525332442e-02 4.068149659282810915e-01 2.030167679151795301e-01 1.843470084018979660e-01 9.999832021502240709e-01 3.292571794905907456e-02 8.955166357738547633e-02 3.053374682279964489e-02 4.966558430992027914e-03 1.744097035151658259e-01 6.691780586847627665e-01 1.140723537355364664e-01 4.465531930117534049e-02 9.301043271402251525e-03 6.921626847292342566e-01 1.712808928054352087e-01 7.200000000000000000e+02 -3.002727272727272911e+00
0.000000000000000000e+00 2.589491028172897780e-01 8.088002799627324046e-01 0.000000000000000000e+00 0.000000000000000000e+00 2.369432251275300216e-01 0.000000000000000000e+00 1.000000000000000000e+00 0.000000000000000000e+00 1.000000000000000000e+00 9.946920824305102160e-01 9.006644687987076514e-01 1.000000000000000000e+00 3.304731573833268876e-01 5.029088315997844345e-03 8.775044703651131428e-01 9.964190772918289918e-01 9.385888563832369691e-01 1.000000000000000000e+00 1.000000000000000000e+00 9.648862091543979336e-01 0.000000000000000000e+00 2.171678651587208853e-01 0.000000000000000000e+00 0.000000000000000000e+00 5.311953668755410307e-01 1.000000000000000000e+00 4.921360144422669280e-02 0.000000000000000000e+00 0.000000000000000000e+00 8.248334060729360928e-01 3.165525102856032698e-04 1.726000000000000000e+03 -5.170090909090909292e+01
1.000000000000000000e+00 9.999998877049148804e-01 9.048579927957318692e-01 0.000000000000000000e+00 8.604799300671253093e-01 7.273545891411381525e-01 9.784432110517726766e-01 9.998131260488640759e-01 1.000000000000000000e+00 0.000000000000000000e+00 3.697728092838567515e-01 1.000000000000000000e+00 0.000000000000000000e+00 9.984186736610621837e-01 1.158138652257847956e-01 4.554501433668969312e-01 9.446801090820415858e-01 3.478571847137322259e-01 8.147608462451642333e-07 0.000000000000000000e+00 1.000000000000000000e+00 9.523321630571801588e-01 9.821935736017738394e-01 6.852122165461512759e-01 1.681323553865277792e-02 8.816288613806562147e-01 8.199722352995624242e-01 0.000000000000000000e+00 5.013000618993650459e-01 9.996025324488636565e-01 2.178624510283830029e-01 0.000000000000000000e+00 2.150000000000000000e+03 -1.455727272727272670e+01
0.000000000000000000e+00 6.365521499589764376e-02 9.918923351740422945e-01 0.000000000000000000e+00 0.000000000000000000e+00 9.787542147634664680e-01 3.021053269727183022e-01 1.000000000000000000e+00 0.000000000000000000e+00 9.956037017727907834e-01 7.071818059491563613e-01 6.316023502172113391e-01 1.000000000000000000e+00 1.806677101820467202e-01 5.303895588305179734e-08 1.000000000000000000e+00 7.200451725502827749e-01 9.629324034976278757e-01 1.000000000000000000e+00 1.000000000000000000e+00 5.087826201689860106e-01 0.000000000000000000e+00 2.544158759225175204e-01 0.000000000000000000e+00 0.000000000000000000e+00 2.833708651960105129e-01 9.802261801107580164e-01 0.000000000000000000e+00 2.140807799231930764e-02 0.000000000000000000e+00 8.441873695788295606e-01 0.000000000000000000e+00 1.534000000000000000e+03 -3.827727272727273089e+01
8.635754511893941610e-01 1.000000000000000000e+00 9.551203227404809759e-01 1.526449847069646648e-01 0.000000000000000000e+00 3.732662811618898679e-01 1.000000000000000000e+00 1.576748916222351915e-01 7.991562470609960833e-01 0.000000000000000000e+00 0.000000000000000000e+00 3.110938201669962225e-02 0.000000000000000000e+00 0.000000000000000000e+00 2.323495083441460760e-02 5.114324785169906823e-02 5.048916466431453420e-01 1.509211127519440900e-02 0.000000000000000000e+00 0.000000000000000000e+00 2.838225188092307616e-01 3.650143400285071199e-02 2.277293974679361344e-01 1.000000000000000000e+00 7.944610808331578622e-02 9.456276847690767706e-01 9.546517289365049619e-01 1.000000000000000000e+00 9.224866394995541174e-01 0.000000000000000000e+00 3.696882752245722048e-01 8.977636640755067843e-01 1.420000000000000000e+03 -5.918181818181817988e-01
2.000291022528507059e-02 7.907757000633399702e-01 1.000000000000000000e+00 0.000000000000000000e+00 0.000000000000000000e+00 4.551383873637576127e-01 0.000000000000000000e+00 9.999773713314396018e-01 1.854132812477002068e-01 2.338601100436538682e-01 8.773622945893683189e-01 7.721014306291413831e-01 1.000000000000000000e+00 7.210674671004124736e-02 7.782291994367043220e-01 5.483858623331024917e-01 2.936777583081481846e-01 8.517513511621664923e-01 2.428804241642305572e-01 9.874853408194276261e-01 9.547198779944111591e-01 0.000000000000000000e+00 2.169515060958919495e-02 1.369958737649426951e-04 2.763958230603242618e-03 1.226686614378134921e-01 8.347192257023787754e-01 6.718500080004348451e-02 1.024178381788279635e-01 0.000000000000000000e+00 3.972577689852389016e-01 0.000000000000000000e+00 1.176000000000000000e+03 -3.669818181818182268e+01
0.000000000000000000e+00 2.176711859798407811e-01 9.999999998318356287e-01 8.167473528505499311e-04 1.655529269787256756e-04 8.427040037362623637e-02 1.848701976273621922e-07 1.000000000000000000e+00 0.000000000000000000e+00 4.811507524043826534e-01 9.913453353707363247e-01 1.896280657824040705e-01 1.000000000000000000e+00 7.141174327236989028e-02 0.000000000000000000e+00 7.490909467663844357e-01 6.231199843275576633e-01 7.561749890997064849e-01 9.997343161722789251e-01 9.108556985400835249e-01 9.685622201626377104e-01 0.000000000000000000e+00 2.741217844072051935e-01 0.000000000000000000e+00 1.177018211132983654e-03 4.459412413235297468e-01 1.000000000000000000e+00 1.732582853458140559e-01 0.000000000000000000e+00 8.575925079309684081e-06 5.783812454379771983e-01 6.871768084662317477e-01 1.322000000000000000e+03 -4.086545454545454703e+01
0.000000000000000000e+00 3.211030147787641842e-01 1.000000000000000000e+00 1.250780984725831380e-01 1.360957916651543524e-02 5.868467930863976653e-03 0.000000000000000000e+00 9.999263613144478979e-01 1.393958520699899450e-01 4.052926703376469309e-05 5.472363871171178618e-01 3.771933829731154431e-01 5.733543626376236269e-01 0.000000000000000000e+00 0.000000000000000000e+00 3.479610583768941168e-01 1.713063432561601554e-02 7.933688072980012995e-01 5.410885452958896086e-02 0.000000000000000000e+00 5.949255088549542103e-01 3.756296517076783137e-01 0.000000000000000000e+00 0.000000000000000000e+00 0.000000000000000000e+00 2.065320233116939574e-01 9.921687073858868056e-01 8.528735413238614730e-05 8.855821059402057107e-04 1.540171159772579235e-01 5.612925141609160784e-01 0.000000000000000000e+00 6.200000000000000000e+02 -6.507272727272726875e+00
1.954101970446865677e-01 1.207178209390133150e-01 7.373437359346444175e-01 0.000000000000000000e+00 0.000000000000000000e+00 8.838165716437577923e-03 9.673777757671618849e-01 1.000000000000000000e+00 1.000000000000000000e+00 0.000000000000000000e+00 5.099713601392582944e-03 2.303405989338619397e-03 1.000000000000000000e+00 6.524447568521700713e-01 0.000000000000000000e+00 4.363321175081638637e-01 0.000000000000000000e+00 0.000000000000000000e+00 0.000000000000000000e+00 1.347769687788114845e-01 1.859000403958024211e-02 2.950787866196329379e-01 0.000000000000000000e+00 1.000000000000000000e+00 0.000000000000000000e+00 0.000000000000000000e+00 0.000000000000000000e+00 1.000000000000000000e+00 7.153102975821226117e-01 1.538190281653102065e-01 8.192430434526642991e-01 8.374291133906287821e-02 1.060000000000000000e+03 -7.718181818181818477e-01
2.062335209527438595e-01 1.135295919698995626e-01 9.117656345889443292e-01 4.434851416691745165e-06 4.252606914235021809e-03 3.746331745047262740e-01 4.983899393186578264e-01 1.000000000000000000e+00 4.893102371477834889e-01 8.066621816285091118e-01 6.140784716532490251e-01 7.858665777657368734e-01 1.000000000000000000e+00 9.493131294373093887e-01 0.000000000000000000e+00 7.791919573204850735e-01 9.118634237688894029e-01 7.671678232082670412e-01 1.000000000000000000e+00 1.000000000000000000e+00 9.945379045300046794e-01 2.117128432067869603e-01 1.785580550733478766e-01 0.000000000000000000e+00 9.779268426487793681e-03 7.274658274484568921e-01 9.478806320065780167e-01 0.000000000000000000e+00 2.084555220428692679e-01 6.553135975415911307e-01 1.000000000000000000e+00 3.664118020213424365e-01 1.742000000000000000e+03 -5.502818181818181387e+01
1.535712792252971780e-04 1.549816242896005477e-03 7.311088805145067315e-01 7.766924567442895500e-01 6.005197078636288766e-03 4.427476365961873217e-01 5.743366785644463679e-01 1.000000000000000000e+00 0.000000000000000000e+00 9.998304901580196136e-01 6.296325372206192927e-01 8.361752245646623116e-01 9.999926555214443402e-01 8.404590583808296822e-01 0.000000000000000000e+00 2.325144971412553552e-01 7.473265754004673189e-01 6.348704305048765706e-01 2.256595569260689549e-01 5.362353017733360039e-01 9.998453285069442975e-01 3.616702739616125539e-01 0.000000000000000000e+00 0.000000000000000000e+00 0.000000000000000000e+00 1.337492181556915465e-04 7.421471468932857585e-01 2.763003314216381945e-05 0.000000000000000000e+00 4.034076715155721776e-02 5.312224045284542617e-01 5.949494002720252528e-01 1.112000000000000000e+03 -2.097272727272727266e+01
0.000000000000000000e+00 4.027543193706777797e-02 7.521510780216963399e-01 9.848928318671877624e-02 0.000000000000000000e+00 1.413005122816001768e-01 1.597795419146866638e-02 1.000000000000000000e+00 3.955179401481850876e-01 1.000000000000000000e+00 1.000000000000000000e+00 4.167417977292500741e-01 1.000000000000000000e+00 7.933826709988675008e-01 0.000000000000000000e+00 1.000000000000000000e+00 2.380661801364932217e-01 5.543936031161152966e-01 9.999976812150047634e-01 9.999745165761670940e-01 1.000000000000000000e+00 0.000000000000000000e+00 3.634292592236378350e-01 0.000000000000000000e+00 0.000000000000000000e+00 9.966372896036640450e-01 8.818983490125223978e-01 2.278816370871145358e-01 0.000000000000000000e+00 2.049341180383852934e-01 9.830400892990600603e-01 3.157634595551237489e-01 1.618000000000000000e+03 -4.762727272727272521e+01
0.000000000000000000e+00 0.000000000000000000e+00 1.000000000000000000e+00 0.000000000000000000e+00 0.000000000000000000e+00 4.902091062820538858e-01 3.074777770601268669e-04 1.000000000000000000e+00 5.657204911931469349e-01 1.000000000000000000e+00 1.000000000000000000e+00 8.196497870245961215e-01 1.000000000000000000e+00 9.962642115249702446e-01 0.000000000000000000e+00 1.000000000000000000e+00 3.438928723828375555e-01 4.687945622269621970e-01 1.000000000000000000e+00 1.000000000000000000e+00 1.000000000000000000e+00 3.158396999192995976e-04 4.594295786095800582e-01 0.000000000000000000e+00 0.000000000000000000e+00 1.000000000000000000e+00 1.000000000000000000e+00 5.154916808772154468e-02 2.788860111999908950e-02 0.000000000000000000e+00 1.000000000000000000e+00 4.762103083378969592e-01 1.840000000000000000e+03 -5.443363636363636004e+01
6.054888104024607962e-04 0.000000000000000000e+00 4.220902540050895935e-01 0.000000000000000000e+00 9.966244010067400183e-02 1.557010690785948781e-01 2.343201514616999048e-01 9.999993207429260789e-01 7.931018127288246289e-01 6.844858887238592926e-01 9.999993998914108451e-01 9.839217254899133014e-01 9.957638697812365436e-01 5.935172157666414039e-01 2.718563824612823173e-05 4.774850040466578904e-01 7.863386648949717284e-01 9.999999658632261479e-01 1.000000000000000000e+00 9.999994157447796850e-01 9.999993988489873642e-01 4.609643482039839091e-01 1.584391688585161662e-01 4.894551461274661563e-01 0.000000000000000000e+00 7.613590378726492469e-01 1.000000000000000000e+00 8.872165592015628377e-01 9.999972204301513790e-01 2.669868090593004450e-01 3.724057372276250444e-01 1.000000000000000000e+00 1.884000000000000000e+03 -4.427636363636363370e+01
0.000000000000000000e+00 0.000000000000000000e+00 1.000000000000000000e+00 0.000000000000000000e+00 0.000000000000000000e+00 1.184625451111911282e-01 0.000000000000000000e+00 1.000000000000000000e+00 0.000000000000000000e+00 1.409710608385481567e-01 9.364631931740570181e-01 0.000000000000000000e+00 1.000000000000000000e+00 5.880082413902639749e-01 0.000000000000000000e+00 1.000000000000000000e+00 8.060790047204242637e-01 6.924136342961664248e-01 1.000000000000000000e+00 1.000000000000000000e+00 1.000000000000000000e+00 0.000000000000000000e+00 0.000000000000000000e+00 0.000000000000000000e+00 0.000000000000000000e+00 5.514112493846915486e-01 7.999175326626248861e-01 1.533103178150928960e-07 0.000000000000000000e+00 0.000000000000000000e+00 1.000000000000000000e+00 3.359051925850345954e-01 1.402000000000000000e+03 -4.771272727272727820e+01
4.993700880447304695e-03 9.452456572937621981e-01 7.628805104098445034e-01 1.721566712286827505e-01 3.217135065172522373e-02 1.373929512198663883e-01 1.095578169173167145e-02 9.256670272124248866e-01 7.622505846619463676e-02 4.383253333354665826e-01 3.744403831599816823e-01 4.778057580549026073e-01 9.134455136933079533e-01 2.396084469934226246e-01 9.836510540065060426e-02 5.956488444306824448e-01 7.833403907931600907e-01 4.794037411730313059e-01 9.272152982127793708e-01 9.541174652085600005e-01 7.990506502623974106e-01 0.000000000000000000e+00 2.845755718973053128e-01 5.186265685150561744e-01 1.873418162007043156e-02 5.292959271189066062e-01 7.537711393505526214e-01 4.731016940268456539e-01 1.025235148910368932e-01 3.302814576331800644e-01 5.820050166905925693e-01 1.039123479387568105e-01 1.104000000000000000e+03 -3.119545454545454177e+01
1.896694088009618457e-03 1.000000000000000000e+00 1.000000000000000000e+00 1.033584918428830969e-02 1.169006119574354449e-02 3.201394201198169975e-01 5.475477182295284545e-02 9.842209393405195739e-01 0.000000000000000000e+00 5.036340404773080870e-01 9.793155662783159521e-01 8.654531270757520600e-01 1.000000000000000000e+00 8.639621020356575976e-01 6.734332502858364489e-01 1.000000000000000000e+00 9.601116285681908780e-01 1.000000000000000000e+00 1.000000000000000000e+00 6.726322749972802884e-01 8.624202895924688583e-01 0.000000000000000000e+00 2.870208317956505217e-01 5.785865798838826235e-01 1.315584722154987049e-02 9.974410314173326464e-01 1.000000000000000000e+00 2.869556827906269425e-01 0.000000000000000000e+00 0.000000000000000000e+00 8.664770181905413482e-01 3.798471676150647625e-01 2.082000000000000000e+03 -4.594454545454545524e+01
9.999999666247572083e-01 2.635035676110201730e-01 9.986123236772483924e-01 0.000000000000000000e+00 0.000000000000000000e+00 1.696484039376870744e-03 1.228852885265146241e-03 1.000000000000000000e+00 4.415580363301790551e-08 4.707529545854325925e-01 6.722529397253272920e-01 1.415915646386222693e-01 9.999977127226072904e-01 7.359097500857553209e-02 1.726602131309359633e-01 9.999999999843096621e-01 1.000000000000000000e+00 8.342058717152872616e-01 1.000000000000000000e+00 1.000000000000000000e+00 1.000000000000000000e+00 2.547343769049662584e-03 1.837297475809108738e-01 1.725632585166415184e-02 0.000000000000000000e+00 4.798091291836585892e-01 1.000000000000000000e+00 8.258227492040637330e-01 7.593618002694264846e-02 3.307035779162633693e-01 8.306747838581387544e-01 3.997674230984363808e-01 1.586000000000000000e+03 -4.878181818181818130e+01
9.806889570155371549e-01 0.000000000000000000e+00 1.000000000000000000e+00 1.712828828829897898e-01 0.000000000000000000e+00 0.000000000000000000e+00 3.319866435045021325e-02 1.000000000000000000e+00 0.000000000000000000e+00 3.244603078118977746e-01 5.355534934856511775e-01 0.000000000000000000e+00 1.000000000000000000e+00 1.699168063815159960e-02 0.000000000000000000e+00 8.084820696463694834e-01 8.614160342825946115e-01 8.759990251463096733e-01 1.000000000000000000e+00 9.998846961456474558e-01 1.000000000000000000e+00 0.000000000000000000e+00 3.409499115787029688e-01 0.000000000000000000e+00 0.000000000000000000e+00 6.312797577558115769e-01 1.000000000000000000e+00 1.000000000000000000e+00 0.000000000000000000e+00 9.974834130088235939e-01 1.000000000000000000e+00 0.000000000000000000e+00 1.822000000000000000e+03 -4.131272727272727252e+01
1.000563841847371405e-01 0.000000000000000000e+00 1.000000000000000000e+00 0.000000000000000000e+00 0.000000000000000000e+00 2.144384586201487225e-02 1.441291994960237632e-01 9.886224778471076613e-01 0.000000000000000000e+00 5.482231585525181305e-01 1.000000000000000000e+00 4.765601643212856176e-01 1.000000000000000000e+00 2.194940319888922242e-01 0.000000000000000000e+00 9.567110034145969166e-01 9.835583826361576909e-01 1.000000000000000000e+00 7.719410839344412745e-01 1.000000000000000000e+00 1.000000000000000000e+00 3.422975628523280273e-02 0.000000000000000000e+00 0.000000000000000000e+00 0.000000000000000000e+00 9.942901463702109588e-01 9.999941562685600305e-01 6.334117243555488219e-01 1.184944294167864474e-02 4.002319817688314574e-01 1.000000000000000000e+00 0.000000000000000000e+00 1.706000000000000000e+03 -5.134272727272727366e+01
4.758156261003458343e-01 8.044307647448950549e-01 1.000000000000000000e+00 1.897721167487065666e-04 0.000000000000000000e+00 0.000000000000000000e+00 2.273987645325624141e-01 8.604018418876141494e-01 0.000000000000000000e+00 2.818980744047897696e-02 1.000000000000000000e+00 7.643980418653842923e-01 1.000000000000000000e+00 0.000000000000000000e+00 0.000000000000000000e+00 1.000000000000000000e+00 4.539568852447728453e-01 9.064597424773831458e-01 1.000000000000000000e+00 5.789816840665941156e-01 1.000000000000000000e+00 0.000000000000000000e+00 3.700011694474169644e-05 4.993233370429442028e-04 1.230239194317546067e-02 1.000000000000000000e+00 9.999997271852177905e-01 9.999999739066908200e-01 4.693397489685448287e-02 1.003065932257937304e-01 5.278171935473489063e-01 1.854854661920064270e-07 1.648000000000000000e+03 -3.821181818181818102e+01
6.607626690304673200e-01 0.000000000000000000e+00 5.823531378291674221e-01 1.312723240855765694e-01 0.000000000000000000e+00 2.013046072810970033e-01 3.697207309390942304e-02 1.000000000000000000e+00 0.000000000000000000e+00 1.519505035108390245e-01 1.000000000000000000e+00 3.584785938937324473e-02 8.188023089483106309e-01 0.000000000000000000e+00 0.000000000000000000e+00 1.000000000000000000e+00 2.234504951411542539e-01 6.394467527641345406e-01 1.992664559281723535e-01 3.189146646559951059e-01 8.463383081547591891e-01 0.000000000000000000e+00 0.000000000000000000e+00 0.000000000000000000e+00 1.152726544805693920e-01 6.719032993362545891e-01 8.822690715564184272e-01 3.994604201819333400e-01 0.000000000000000000e+00 7.791969338096930153e-01 4.884319644627350687e-01 4.115466952384387311e-01 9.140000000000000000e+02 -9.778181818181819196e+00
4.867315681813253608e-02 1.745163157222296693e-03 9.999974223922789562e-01 1.603144494716519583e-02 2.182923758909494517e-03 3.582742632239362401e-01 4.683595751800256890e-01 9.999977473526479033e-01 1.182201789338096525e-07 7.035025981865509204e-01 1.000000000000000000e+00 3.843699639329294371e-01 9.143527783281586441e-01 5.162057589130167878e-01 1.580434295758229024e-02 7.567111306701083118e-01 9.997769470356386856e-01 6.247505513379052466e-01 1.000000000000000000e+00 9.999998534906719971e-01 9.999376684332412779e-01 0.000000000000000000e+00 1.148586828588982617e-01 1.608923106679847614e-01 2.055719564704077025e-03 1.000000000000000000e+00 7.967285114510718191e-01 3.001131185664650410e-04 1.413380398635265822e-01 6.330479778966392468e-01 9.999995500184108987e-01 6.896589522082108292e-01 1.610000000000000000e+03 -5.075545454545454049e+01
1.844833988428425664e-01 2.517074525477348002e-01 8.200053921588300598e-01 0.000000000000000000e+00 0.000000000000000000e+00 1.783071082380008887e-01 6.232172967841765887e-01 9.473051500894228427e-01 0.000000000000000000e+00 9.808384124107900615e-01 7.454893585536054301e-01 9.166365368528848201e-01 9.896438709936529188e-01 9.864320846596915660e-01 0.000000000000000000e+00 1.632413891324667465e-01 1.000000000000000000e+00 7.508781138642958153e-01 1.000000000000000000e+00 1.000000000000000000e+00 9.994961776472149895e-01 4.258099775295081518e-02 1.125452258493876180e-02 1.944921413739911231e-01 0.000000000000000000e+00 1.000000000000000000e+00 1.000000000000000000e+00 3.327723893248256681e-01 7.923221353136661316e-02 5.493628486077730688e-01 8.838357544620176753e-01 5.463570740913563650e-01 1.836000000000000000e+03 -4.737909090909090537e+01
0.000000000000000000e+00 1.897436604702433804e-01 2.344365554855252776e-01 0.000000000000000000e+00 0.000000000000000000e+00 1.684646807666719259e-01 0.000000000000000000e+00 1.000000000000000000e+00 0.000000000000000000e+00 2.078360043857117589e-01 7.307434385632417539e-01 1.101279745640746655e-01 1.000000000000000000e+00 6.460388332744091411e-01 0.000000000000000000e+00 8.897758708018449481e-01 1.000000000000000000e+00 3.569382550123733067e-01 1.000000000000000000e+00 1.000000000000000000e+00 1.000000000000000000e+00 0.000000000000000000e+00 0.000000000000000000e+00 0.000000000000000000e+00 0.000000000000000000e+00 5.168335777586881008e-01 9.144028272749973318e-01 0.000000000000000000e+00 0.000000000000000000e+00 5.633908951106543495e-02 1.000000000000000000e+00 9.338664133149042756e-01 1.444000000000000000e+03 -4.786909090909090736e+01
3.866325073262509848e-01 5.567427142753065272e-01 1.000000000000000000e+00 2.764800046979664716e-04 0.000000000000000000e+00 6.061667387965855580e-01 4.513932995825615246e-01 1.000000000000000000e+00 1.494584549406487682e-02 3.569198645940463988e-01 2.441915999526579617e-01 6.544970105630861790e-01 9.981301820490616761e-01 0.000000000000000000e+00 2.071816084893282617e-01 1.650693821595808630e-01 1.000000000000000000e+00 2.269121995978746753e-01 9.964102830664384181e-01 9.921496626889778625e-01 1.000000000000000000e+00 5.118924086215735914e-01 2.843619199640253226e-01 2.352198711004740428e-01 8.616503467959051032e-02 9.997365464945958680e-01 1.000000000000000000e+00 1.751592848220202281e-01 3.707998093546249416e-03 3.080972369682312140e-01 1.779959447386445515e-01 1.000000000000000000e+00 1.460000000000000000e+03 -3.825999999999999801e+01
2.038714853001609706e-01 9.999984408927626856e-01 9.449212294245786792e-01 0.000000000000000000e+00 0.000000000000000000e+00 7.251528005338097049e-01 0.000000000000000000e+00 1.000000000000000000e+00 0.000000000000000000e+00 1.478617770100814077e-01 5.061716669980707017e-01 2.988681096747457522e-01 7.167437233795701523e-01 2.399545064501596436e-01 0.000000000000000000e+00 1.000000000000000000e+00 1.000000000000000000e+00 9.193227171905664630e-01 1.000000000000000000e+00 9.999998636050470013e-01 9.999996870950658145e-01 0.000000000000000000e+00 5.534918239549996288e-02 0.000000000000000000e+00 1.536557144441186296e-01 9.980534605406095050e-01 9.999922289572712453e-01 9.705366787756957159e-01 0.000000000000000000e+00 6.635403518524253252e-01 8.313523041542539849e-01 7.212643096833533107e-01 1.882000000000000000e+03 -4.253454545454545155e+01
6.988433122739976522e-01 4.712755454969393132e-02 9.115046170803445813e-01 1.652186266739198994e-01 0.000000000000000000e+00 6.872958264972654774e-02 7.589075237585128642e-02 1.000000000000000000e+00 0.000000000000000000e+00 3.639414457355472643e-01 8.074453390198116365e-01 2.982487397882158109e-02 1.000000000000000000e+00 5.809143250653534540e-01 0.000000000000000000e+00 1.000000000000000000e+00 8.356867480659175840e-01 8.082429600139032777e-01 1.000000000000000000e+00 1.000000000000000000e+00 1.000000000000000000e+00 1.254678888975192252e-01 0.000000000000000000e+00 0.000000000000000000e+00 0.000000000000000000e+00 1.000000000000000000e+00 9.607564190993344022e-01 1.342371547746696117e-04 0.000000000000000000e+00 1.762598738777597948e-04 1.000000000000000000e+00 8.238759987062613810e-01 1.640000000000000000e+03 -5.099545454545454959e+01
4.428838771543787689e-01 6.280011004821637070e-04 9.991347190698055547e-01 0.000000000000000000e+00 3.557326419172795323e-02 3.024521076126232000e-01 4.337564428538335237e-01 1.000000000000000000e+00 3.520089875095335635e-02 5.064184838782377351e-01 9.977196052992333142e-01 4.645866952447609555e-02 1.000000000000000000e+00 2.029268247807828052e-01 3.274246412281720670e-02 5.813068417830778989e-01 1.000000000000000000e+00 7.095763744132642659e-01 9.999999164163135834e-01 9.877397182332796621e-01 1.000000000000000000e+00 6.784149661105638501e-05 3.475995477327286504e-02 0.000000000000000000e+00 2.683412524669164315e-02 5.766405816373543214e-01 9.810037557140708353e-01 0.000000000000000000e+00 0.000000000000000000e+00 6.826545536483586557e-03 6.833289356786848012e-01 9.227164167714576593e-01 1.494000000000000000e+03 -4.491363636363636402e+01
4.651398338020448775e-02 0.000000000000000000e+00 6.629247424485004148e-01 0.000000000000000000e+00 0.000000000000000000e+00 0.000000000000000000e+00 0.000000000000000000e+00 1.000000000000000000e+00 0.000000000000000000e+00 1.201145783733394284e-01 7.340107945684926083e-01 0.000000000000000000e+00 7.930809649441685760e-01 6.308460354378119250e-01 0.000000000000000000e+00 1.000000000000000000e+00 1.000000000000000000e+00 9.362903228845117498e-01 1.000000000000000000e+00 1.000000000000000000e+00 1.000000000000000000e+00 1.489966798507862955e-01 0.000000000000000000e+00 4.350834970920265665e-03 0.000000000000000000e+00 7.970856667735239931e-01 1.000000000000000000e+00 0.000000000000000000e+00 0.000000000000000000e+00 0.000000000000000000e+00 5.279337746700494272e-01 4.737099314384766724e-01 1.348000000000000000e+03 -3.862090909090908752e+01
0.000000000000000000e+00 5.910260343551194256e-02 1.000000000000000000e+00 0.000000000000000000e+00 0.000000000000000000e+00 8.385886011656459166e-03 5.418427476209910360e-02 1.000000000000000000e+00 0.000000000000000000e+00 3.034917250572077285e-01 9.978604375238901980e-01 6.799395355039269950e-02 1.000000000000000000e+00 9.326502759039116963e-01 0.000000000000000000e+00 1.000000000000000000e+00 1.000000000000000000e+00 1.000000000000000000e+00 6.653421081347645760e-01 9.922327931164843795e-01 1.000000000000000000e+00 1.470760728752715935e-02 6.266491908962881774e-02 3.845486763347153447e-01 1.813425210313669364e-02 2.290686568913586629e-01 1.000000000000000000e+00 6.183278003386422084e-02 1.956477849758121446e-01 0.000000000000000000e+00 1.000000000000000000e+00 0.000000000000000000e+00 1.622000000000000000e+03 -5.175000000000000000e+01
8.245989005805149557e-04 2.113766870820293076e-01 1.000000000000000000e+00 1.942056255956157279e-09 1.702443144936553743e-03 5.231115728987345559e-01 0.000000000000000000e+00 1.000000000000000000e+00 1.273406952347437282e-01 5.783497352946749548e-02 9.398461216614651947e-01 1.491735957566673043e-01 1.000000000000000000e+00 9.999919197646509605e-01 2.690663714287905850e-01 1.000000000000000000e+00 6.823854202121033552e-01 4.037935426074245604e-01 7.487692566876119615e-01 9.996221614544932299e-01 9.913677704487552367e-01 7.368139243503685210e-01 6.469882531864144803e-02 9.999994440573982679e-01 0.000000000000000000e+00 2.308200682172444063e-01 1.000000000000000000e+00 6.367615794350980352e-01 5.771641363018960025e-01 5.253919497698856800e-01 8.834070808578916578e-01 4.417877419997295191e-02 1.706000000000000000e+03 -4.630818181818181500e+01
1.299117246353718724e-01 2.154193856244555616e-01 9.363255562409966704e-01 1.863483876070330669e-01 5.160102765306428391e-02 0.000000000000000000e+00 6.209434974694886394e-02 1.000000000000000000e+00 0.000000000000000000e+00 2.082791538942187215e-01 9.199220193268575763e-01 4.576655565529628222e-07 1.000000000000000000e+00 3.351471769367626030e-01 0.000000000000000000e+00 9.999999750257486664e-01 7.602771997463499964e-01 0.000000000000000000e+00 1.000000000000000000e+00 1.000000000000000000e+00 1.000000000000000000e+00 0.000000000000000000e+00 0.000000000000000000e+00 1.027917702600083844e-08 0.000000000000000000e+00 4.215758802209897960e-01 9.996133012659238481e-01 0.000000000000000000e+00 0.000000000000000000e+00 6.376685588670510940e-01 1.000000000000000000e+00 7.904154994312853066e-01 1.496000000000000000e+03 -4.855636363636363484e+01
0.000000000000000000e+00 0.000000000000000000e+00 1.000000000000000000e+00 0.000000000000000000e+00 0.000000000000000000e+00 1.754403899018464053e-01 0.000000000000000000e+00 1.000000000000000000e+00 0.000000000000000000e+00 1.355450009973037384e-03 1.000000000000000000e+00 2.661801148117848813e-03 1.000000000000000000e+00 1.000000000000000000e+00 0.000000000000000000e+00 9.383751318611915915e-01 1.000000000000000000e+00 2.640362376188862270e-01 9.972430489455047509e-01 1.000000000000000000e+00 1.000000000000000000e+00 0.000000000000000000e+00 0.000000000000000000e+00 4.100011095729386851e-03 0.000000000000000000e+00 2.325587044196777697e-01 6.320616124487699050e-01 0.000000000000000000e+00 0.000000000000000000e+00 5.198727088776127214e-01 1.000000000000000000e+00 9.900653873731540822e-01 1.626000000000000000e+03 -5.111000000000000654e+01
0.000000000000000000e+00 3.676747426280774222e-01 1.000000000000000000e+00 0.000000000000000000e+00 0.000000000000000000e+00 6.865656537974232365e-02 0.000000000000000000e+00 1.000000000000000000e+00 0.000000000000000000e+00 1.983848583429585755e-03 5.192710788743205574e-01 0.000000000000000000e+00 1.000000000000000000e+00 7.682252238257736114e-03 0.000000000000000000e+00 3.717871221550211880e-01 1.000000000000000000e+00 2.679137741016219265e-01 9.998868424798579291e-01 1.000000000000000000e+00 9.999292768311317525e-01 2.638365963968580113e-02 0.000000000000000000e+00 0.000000000000000000e+00 1.273032856526068446e-04 4.380185311061238207e-01 9.102670720826158135e-01 3.987833417624594423e-01 0.000000000000000000e+00 2.660267602406699017e-01 9.802514762266325565e-01 4.067066507900325978e-01 1.254000000000000000e+03 -3.263000000000000256e+01
3.413229217294702633e-02 1.454644136314678371e-01 1.000000000000000000e+00 5.830838464589602199e-02 0.000000000000000000e+00 8.472507083590862242e-01 2.462260216753791031e-01 1.000000000000000000e+00 0.000000000000000000e+00 4.142508348286664810e-01 1.000000000000000000e+00 4.458408277674805534e-03 1.000000000000000000e+00 8.737212190116090405e-01 1.968011861825424702e-01 7.407773136450931384e-01 9.962188659089109555e-01 5.028019826190073260e-01 9.995404084507041320e-01 1.000000000000000000e+00 9.990953585385977664e-01 0.000000000000000000e+00 2.436022004579345944e-03 9.556628295522916205e-02 0.000000000000000000e+00 2.945574042216710930e-01 9.906980980280891691e-01 2.515528298224196588e-03 4.595884042316111251e-01 4.040823821978279384e-01 5.689431797511490529e-01 6.395028419757538274e-02 1.514000000000000000e+03 -4.433636363636364308e+01
1.036003661745008575e-01 0.000000000000000000e+00 1.924644286615959932e-01 0.000000000000000000e+00 0.000000000000000000e+00 1.524269933095581675e-02 0.000000000000000000e+00 1.000000000000000000e+00 0.000000000000000000e+00 2.186677396232612480e-01 5.063613594955331809e-01 7.942758088383672366e-02 9.897053366090667881e-01 2.491420281427303984e-01 0.000000000000000000e+00 9.185608421544394497e-01 1.000000000000000000e+00 8.623490274460575422e-02 1.000000000000000000e+00 9.965786903187177082e-01 9.621791339378329422e-01 0.000000000000000000e+00 0.000000000000000000e+00 0.000000000000000000e+00 0.000000000000000000e+00 0.000000000000000000e+00 8.884687795447879788e-01 0.000000000000000000e+00 4.927071287850825522e-03 3.330821688245238499e-01 1.000000000000000000e+00 4.857881947341536333e-01 1.238000000000000000e+03 -4.131636363636362574e+01
9.868204152251289218e-02 7.958228836862195621e-01 2.805359787218065226e-01 0.000000000000000000e+00 1.396373837479640556e-01 7.402632103435452526e-01 0.000000000000000000e+00 1.000000000000000000e+00 1.268638197959286729e-01 3.372831785737251953e-01 3.823371634098817196e-01 6.975274171555256864e-02 9.896582937214859488e-01 6.590177893562145783e-01 2.158120933150237120e-02 9.990648333090171862e-01 8.211523351075215027e-01 6.956956450578481894e-03 1.000000000000000000e+00 1.000000000000000000e+00 9.303874509814308302e-01 1.217610917842719687e-01 4.067355773801726443e-02 0.000000000000000000e+00 0.000000000000000000e+00 8.568495021757327685e-04 8.449443269627578967e-01 1.296333270830729301e-01 0.000000000000000000e+00 8.090389880401072098e-01 9.810108670794444041e-01 9.978972548181059832e-01 1.426000000000000000e+03 -4.349818181818181984e+01
8.048342629197441757e-04 1.849576826817760653e-03 7.446259565652718626e-01 0.000000000000000000e+00 2.545675406453451439e-06 4.830533885647949055e-01 4.581411648499623124e-01 9.966152307704380098e-01 2.281847431377754393e-02 1.895778623891601622e-01 8.114010495941614831e-01 3.938622260730826330e-01 1.000000000000000000e+00 5.744803727503416946e-01 0.000000000000000000e+00 9.062480810802422404e-01 9.706775343616116380e-01 3.331982936549073293e-01 9.999031567205003412e-01 9.999999999862946298e-01 9.690667448772588566e-01 4.167108083316223982e-02 0.000000000000000000e+00 9.103355173499307063e-02 0.000000000000000000e+00 7.868989503255071627e-01 2.589061202290537933e-01 2.857732634005478167e-01 9.372718830192411366e-02 6.608192755788115935e-01 7.369158059440613640e-01 1.824388725449073712e-01 1.306000000000000000e+03 -4.606000000000000227e+01
0.000000000000000000e+00 0.000000000000000000e+00 1.644970364908769356e-01 6.398459181439449840e-04 1.034031265229425588e-03 2.337694228353937032e-01 3.795094412128892098e-06 9.999978176183038636e-01 1.210377552553538625e-03 1.877941683599063938e-01 8.885555109002454266e-01 9.816433300704959786e-01 1.000000000000000000e+00 2.438985233752629864e-02 6.719585189752275665e-03 1.991870472942534331e-01 5.465100699552718488e-01 3.588120710629214560e-01 1.000000000000000000e+00 9.130755349862074155e-01 9.999663168112807865e-01 2.323602770381916552e-02 0.000000000000000000e+00 8.663700614889338070e-01 7.403800728297540914e-05 6.666194812660911628e-01 9.939296845061431629e-01 7.365170746428971141e-07 2.697566901160015629e-01 2.832498373348263376e-02 8.633269448521864176e-01 2.952134778764227397e-04 1.384000000000000000e+03 -3.099454545454545595e+01
4.555917824574413078e-01 9.396769747173281395e-01 5.205843854151793737e-01 0.000000000000000000e+00 0.000000000000000000e+00 7.633482224787073722e-01 8.816174096105403590e-01 1.000000000000000000e+00 6.232672589586749773e-02 5.085980570226693587e-01 9.999575145135571885e-01 5.776355061031669402e-01 1.000000000000000000e+00 0.000000000000000000e+00 9.752719083857586124e-02 9.242757598090766136e-01 9.508984222942231668e-01 8.627948286968216696e-01 8.737645199934114260e-01 8.628969986243076873e-01 1.000000000000000000e+00 0.000000000000000000e+00 1.000000000000000000e+00 8.214630516137725325e-01 0.000000000000000000e+00 6.275941430964966372e-01 6.178407395105528499e-01 9.433368523505445413e-01 0.000000000000000000e+00 5.988883663922137668e-01 1.000000000000000000e+00 3.497117225356914938e-01 2.120000000000000000e+03 -5.249727272727272975e+01
0.000000000000000000e+00 0.000000000000000000e+00 8.148191068839654161e-01 0.000000000000000000e+00 0.000000000000000000e+00 1.131668796266437904e-01 1.591295464359701040e-01 1.000000000000000000e+00 0.000000000000000000e+00 3.273200156198770028e-01 9.404976579358997890e-01 5.822813877662858656e-02 1.000000000000000000e+00 5.781743567975095033e-01 0.000000000000000000e+00 1.000000000000000000e+00 1.000000000000000000e+00 0.000000000000000000e+00 1.000000000000000000e+00 1.000000000000000000e+00 1.000000000000000000e+00 2.765095663229327413e-02 0.000000000000000000e+00 3.369254096250311886e-02 0.000000000000000000e+00 1.000000000000000000e+00 5.868967768496011761e-01 1.315132785090523948e-01 0.000000000000000000e+00 4.847368253899893564e-01 6.554295157861386167e-01 6.083063526786935959e-02 1.372000000000000000e+03 -4.471000000000000085e+01
2.773089760310072996e-02 4.760655389870114829e-01 5.168766167558455082e-01 3.127761471255057213e-01 0.000000000000000000e+00 2.070978318202491494e-02 2.819854858184036028e-01 9.271202192195129310e-01 2.353506000700616996e-01 7.937835312516694497e-01 4.959468193539243730e-01 5.382132203908840395e-01 9.925650858651330344e-01 1.121648532235264423e-01 1.082198439633914044e-01 9.421719908258924248e-01 8.193601347532093460e-01 8.017666878663512464e-02 4.575135466033704024e-01 7.443966192959493577e-01 9.025809956785615373e-01 0.000000000000000000e+00 1.762606817101891946e-02 3.954846258812876880e-01 1.556926373204999270e-01 5.927900470467163396e-01 6.681178730060476356e-01 5.062318061707746664e-04 5.105978739657911492e-01 4.601177244665880517e-01 1.000000000000000000e+00 5.415979722916207661e-01 1.070000000000000000e+03 -2.754727272727273046e+01
1.468430770140169428e-01 4.875555945630342114e-01 7.221521131050363529e-01 1.639994193250630672e-01 6.877435287081124816e-03 1.845557038728701527e-01 8.960019056566646822e-02 9.873767620832438752e-01 8.836957922765155404e-03 1.094707726898410116e-01 9.748756714118768096e-01 2.784544835179194044e-01 9.116300866630434596e-01 2.015585998122448042e-01 7.246398531092514833e-03 3.319409117435702106e-01 9.992862290214834520e-01 7.404291221039690507e-01 9.815894766416300987e-01 9.994811940847937448e-01 9.754734504437685416e-01 5.211105572612317882e-02 9.012716561012564798e-01 5.876071307818417910e-01 8.428561247569002490e-02 4.857366427110763607e-01 5.037067707080418177e-01 8.489733379036272162e-03 7.072434356223115948e-02 5.595629905254263514e-01 7.547419657365663781e-01 7.213726583752096966e-01 1.422000000000000000e+03 -3.567454545454545212e+01
4.836865083350717215e-02 1.011853294646042484e-01 9.998037953811584888e-01 3.108125985459706531e-01 1.002546573026764920e-01 1.131942488225482074e-01 0.000000000000000000e+00 7.992874843374210281e-01 0.000000000000000000e+00 1.354750964640290217e-05 4.827128923794948845e-01 1.815758937544311932e-02 9.972057547181447656e-01 4.926970790130275751e-02 1.967520851068123577e-01 9.229710059656969223e-01 9.431967074149397723e-01 0.000000000000000000e+00 1.000000000000000000e+00 7.060798833087025272e-01 8.733425748900536245e-01 9.741989629025345210e-03 0.000000000000000000e+00 1.866456029247972881e-01 6.396282828992105093e-04 2.187536737674053433e-01 8.650800669496552242e-01 3.794750867150716023e-02 1.762707875958121652e-03 1.079814062534232254e-02 7.700524983259590117e-01 2.166662987270957519e-01 1.128000000000000000e+03 -3.368545454545454731e+01
2.604235956816305583e-02 5.418973763794943110e-01 1.829594379493293677e-01 0.000000000000000000e+00 0.000000000000000000e+00 1.687452425464086025e-01 4.993968499275031614e-01 1.000000000000000000e+00 0.000000000000000000e+00 8.150423753621116596e-02 7.618119638460699727e-01 1.065287226888412125e-01 9.112122897463985627e-01 4.772923571695466549e-01 1.575742373758428627e-01 7.818365103153550599e-01 9.138787332340998493e-01 4.935633841284604584e-01 1.000000000000000000e+00 7.859347455478187250e-01 9.850135783823453783e-01 3.822825796781347679e-03 0.000000000000000000e+00 8.931678642172211635e-01 0.000000000000000000e+00 1.315483350463826362e-01 4.684812830748277812e-01 2.572987066271342216e-01 6.034770236088736750e-01 3.699779672661562824e-01 1.000000000000000000e+00 9.151048346391265076e-01 1.372000000000000000e+03 -3.714181818181818784e+01
9.032679903239666797e-02 2.419034101195338682e-02 9.263371851851670558e-01 1.995401588132355696e-03 1.798088455301140587e-01 7.552270923375294098e-02 7.873598445267578905e-01 9.999998002115372264e-01 1.869835802478447551e-01 3.469423594613808559e-01 9.936091782779243875e-01 3.322833628382579341e-02 7.988677370060263128e-01 9.378935147995809407e-01 3.421022588114019242e-02 6.794612888314507382e-01 7.268992179335371784e-01 6.440668334160177810e-01 9.208651450658876803e-01 1.000000000000000000e+00 1.000000000000000000e+00 1.058925234742724708e-01 1.765796171581949514e-01 3.668542195362629182e-02 6.527653753843516704e-02 9.870696087246672024e-01 8.085210785425442914e-01 4.123000086419342791e-01 9.767876154201216021e-01 9.955322687914507362e-01 8.970634589248133173e-01 8.978841522851991330e-01 1.902000000000000000e+03 -3.705000000000000426e+01
5.033273926456866693e-02 1.365250621046385504e-01 9.796960904092851807e-01 0.000000000000000000e+00 6.362983150078461991e-02 6.874208009877048886e-02 3.923699913812189743e-02 1.000000000000000000e+00 0.000000000000000000e+00 1.836316410211934202e-02 2.243350880996726748e-01 6.004988967705191527e-01 1.000000000000000000e+00 2.147306936396554122e-01 1.807335447187395638e-01 6.823826639162551277e-01 1.000000000000000000e+00 5.937486299968494641e-02 1.000000000000000000e+00 1.000000000000000000e+00 1.000000000000000000e+00 0.000000000000000000e+00 1.982324045265598453e-02 2.951607075618350451e-01 0.000000000000000000e+00 0.000000000000000000e+00 5.644055297688227446e-01 0.000000000000000000e+00 0.000000000000000000e+00 4.017201154810701169e-02 1.000000000000000000e+00 2.055955841542109197e-02 1.158000000000000000e+03 -3.911727272727272720e+01
0.000000000000000000e+00 3.049883577013495078e-02 0.000000000000000000e+00 0.000000000000000000e+00 1.292483967685411350e-01 0.000000000000000000e+00 2.825642899743548986e-01 1.000000000000000000e+00 0.000000000000000000e+00 2.923322830983458021e-01 1.000000000000000000e+00 1.463093818447842309e-01 1.000000000000000000e+00 9.745722534392372571e-01 0.000000000000000000e+00 4.685521633839522804e-01 1.000000000000000000e+00 1.385422842838535673e-01 9.838912677391886685e-01 1.000000000000000000e+00 1.000000000000000000e+00 0.000000000000000000e+00 0.000000000000000000e+00 1.892308365794991010e-02 7.794866579013746966e-02 3.488768376752842126e-01 9.267538114517668291e-01 0.000000000000000000e+00 1.036843839287481944e-01 0.000000000000000000e+00 1.000000000000000000e+00 1.370210787238468619e-01 1.354000000000000000e+03 -3.846636363636363853e+01
1.178273565132988560e-01 4.531373411097640025e-01 5.731929795563249774e-01 1.003763433832885327e-01 5.891366246874980145e-02 3.813627986453342611e-02 2.973553379454746959e-01 7.844640979390875568e-01 9.043771033798192471e-02 2.520778387527425890e-01 4.144699717460106903e-01 4.812689883549155223e-02 9.999816218126557077e-01 5.874022495034652014e-01 2.884283536861726588e-02 9.115250222716416717e-01 6.745982478510083036e-01 5.028304995670850319e-01 2.105239609193222672e-01 1.000000000000000000e+00 9.978966106535613889e-01 7.976374547170640705e-02 1.058680886549791533e-01 6.399765123739073469e-02 5.122596990108517490e-02 2.103235495047073855e-01 1.000000000000000000e+00 6.248164362719150673e-08 1.202497449194213364e-01 3.062821476074945249e-05 6.626026403975167067e-01 4.088863909595066293e-01 9.280000000000000000e+02 -2.628454545454545510e+01
1.212013610633713157e-01 3.987069582007249369e-01 1.000000000000000000e+00 3.579323163044972889e-02 2.743696238780405500e-02 0.000000000000000000e+00 0.000000000000000000e+00 8.067227155516702997e-01 1.681851957270059233e-02 0.000000000000000000e+00 1.459607390926676018e-01 1.000000000000000000e+00 1.000000000000000000e+00 0.000000000000000000e+00 7.142959124785916991e-01 1.000000000000000000e+00 1.000000000000000000e+00 7.036377189864514436e-01 1.000000000000000000e+00 1.000000000000000000e+00 1.000000000000000000e+00 0.000000000000000000e+00 0.000000000000000000e+00 1.000000000000000000e+00 0.000000000000000000e+00 0.000000000000000000e+00 1.000000000000000000e+00 0.000000000000000000e+00 0.000000000000000000e+00 1.207370251412261952e-01 1.000000000000000000e+00 1.947094928516037993e-01 1.614000000000000000e+03 -5.340545454545454618e+01
0.000000000000000000e+00 0.000000000000000000e+00 9.871864867009174649e-01 0.000000000000000000e+00 1.953689311409541607e-01 8.350446877347016128e-02 5.746126182169999930e-02 1.000000000000000000e+00 0.000000000000000000e+00 0.000000000000000000e+00 7.789188237029330830e-01 4.373611963348795206e-01 1.000000000000000000e+00 1.846791785885776860e-01 1.510850583923129264e-01 1.000000000000000000e+00 9.158111289943814404e-01 2.062411405996033772e-02 4.219134484767471105e-01 1.000000000000000000e+00 1.000000000000000000e+00 3.950268056485576884e-01 0.000000000000000000e+00 3.094273344605663958e-02 0.000000000000000000e+00 0.000000000000000000e+00 8.140910900118929483e-01 0.000000000000000000e+00 0.000000000000000000e+00 1.570845698219188458e-01 1.000000000000000000e+00 8.303724821378987153e-01 1.292000000000000000e+03 -4.860181818181818159e+01
2.008037261117504579e-01 9.997295701822336289e-01 1.000000000000000000e+00 5.401772592602486350e-02 4.131521737939606309e-01 2.907658247369832583e-01 3.370166946261597962e-01 9.972260539355854991e-01 1.478544996608811835e-01 6.709297641162798032e-01 4.228895485338007854e-01 1.000000000000000000e+00 1.000000000000000000e+00 0.000000000000000000e+00 8.063772356037827160e-01 9.999995634739906603e-01 1.000000000000000000e+00 4.735917463556311990e-02 1.000000000000000000e+00 8.963165372886952031e-01 1.000000000000000000e+00 4.438800773173273151e-01 0.000000000000000000e+00 2.434597995489816147e-01 2.772146415130908870e-01 8.140508399544438278e-01 1.000000000000000000e+00 9.880637341001246021e-01 4.553660680620275070e-02 3.916634035941870189e-08 9.288528673818916559e-01 2.771149436516650022e-01 1.904000000000000000e+03 -5.661000000000000654e+01
2.087403533039883328e-03 3.501299964140709986e-01 9.089202774242653993e-01 3.446877933882002559e-02 2.721898084593393774e-01 3.677525158100109631e-02 1.326495962389369065e-01 5.043390483792776768e-01 1.913182806452876361e-01 1.907441630858674464e-01 6.953281295190458233e-02 7.916810219310457253e-01 4.236550174385702028e-01 1.400797488437444949e-01 6.349810595554671311e-01 7.727686838284359983e-01 7.764919657886270032e-01 2.442890652996008161e-01 9.577349847014978712e-01 8.404273299829029265e-01 6.574389631793794431e-01 1.037513603953687386e-02 0.000000000000000000e+00 5.784907260328832068e-01 6.996297448840438186e-03 1.126776417232483625e-02 8.830243353223407032e-01 5.750153396377593040e-01 2.880653693878921021e-02 1.355531239970619341e-02 4.581452794309724963e-01 3.215952671588256234e-02 8.580000000000000000e+02 -2.395909090909091077e+01
9.779680071918089856e-02 6.886143785515852489e-01 1.000000000000000000e+00 0.000000000000000000e+00 0.000000000000000000e+00 0.000000000000000000e+00 3.113615100412864822e-01 1.000000000000000000e+00 0.000000000000000000e+00 1.805505599583472620e-01 4.446566508751039204e-01 7.706694386324700607e-01 8.253647090436011524e-01 9.884146240149288554e-02 5.204457593830535966e-01 9.945304599680376834e-01 1.000000000000000000e+00 3.283550251355488170e-01 6.240995868017796822e-01 0.000000000000000000e+00 8.722141334297311976e-01 0.000000000000000000e+00 7.343462045347591560e-02 7.653622397340341665e-01 0.000000000000000000e+00 4.884683347734473068e-03 9.999419298262098854e-01 2.963148246834972910e-01 0.000000000000000000e+00 8.363770819250192501e-01 1.000000000000000000e+00 1.421109241033421088e-02 1.302000000000000000e+03 -2.713090909090908909e+01
4.262167560576276409e-02 8.134123531137980034e-01 9.951512798023894879e-01 6.517046668160404732e-02 0.000000000000000000e+00 0.000000000000000000e+00 2.821584065543282227e-01 1.000000000000000000e+00 0.000000000000000000e+00 2.543544394958048849e-01 3.859483989691332995e-01 1.000000000000000000e+00 1.000000000000000000e+00 0.000000000000000000e+00 1.000000000000000000e+00 1.000000000000000000e+00 1.000000000000000000e+00 1.000000000000000000e+00 1.000000000000000000e+00 1.000000000000000000e+00 1.000000000000000000e+00 0.000000000000000000e+00 1.334327616833019814e-01 0.000000000000000000e+00 8.362612705262310042e-01 0.000000000000000000e+00 1.000000000000000000e+00 0.000000000000000000e+00 0.000000000000000000e+00 3.714192849221050752e-01 1.000000000000000000e+00 0.000000000000000000e+00 1.842000000000000000e+03 -5.856727272727271583e+01
7.297119946596902773e-01 7.482803265133831649e-01 9.928406621002899834e-01 0.000000000000000000e+00 7.100941041180404423e-02 0.000000000000000000e+00 0.000000000000000000e+00 7.715042574715900159e-01 1.085946282674950247e-02 2.578663813753562933e-02 0.000000000000000000e+00 6.589338291296109595e-01 6.803430388240668814e-01 6.883164072470829842e-01 9.919801517076641817e-01 8.548108676313017629e-01 1.000000000000000000e+00 9.999614790042810064e-01 1.000000000000000000e+00 1.000000000000000000e+00 1.000000000000000000e+00 2.092317620443762561e-03 2.037585046803606359e-01 3.310115015950541029e-01 0.000000000000000000e+00 7.529664406796557352e-02 7.890420418237981126e-01 0.000000000000000000e+00 4.208346996986785382e-01 1.947036470777304589e-03 1.000000000000000000e+00 0.000000000000000000e+00 1.486000000000000000e+03 -3.696727272727272862e+01
2.978544333986248294e-01 4.352475536041419679e-02 4.260565671464653509e-02 1.549697710500620162e-01 1.412533553561640275e-05 0.000000000000000000e+00 9.982314118538127001e-01 9.999990068916515540e-01 7.815444296728782936e-01 0.000000000000000000e+00 2.289900908566125937e-01 2.121252549459187176e-01 1.000000000000000000e+00 6.450795228376135981e-04 7.398033216763306719e-01 1.154448175163187429e-01 1.000000000000000000e+00 9.879123789328079219e-01 1.000000000000000000e+00 9.668371339775942985e-01 1.000000000000000000e+00 5.363118526193079161e-01 4.782893997417086984e-01 0.000000000000000000e+00 2.295489655631992989e-09 3.384836886867258893e-02 9.999973618472588477e-01 1.197193990463369245e-01 1.182890058888937113e-02 2.563397032982410728e-01 1.000000000000000000e+00 7.192573849741953733e-04 1.490000000000000000e+03 -3.782818181818181102e+01
0.000000000000000000e+00 3.536581662946076676e-01 1.000000000000000000e+00 6.751472697288974922e-01 0.000000000000000000e+00 0.000000000000000000e+00 6.463894799537801550e-01 9.999997317134430297e-01 0.000000000000000000e+00 0.000000000000000000e+00 5.858486588292957098e-01 5.587449143785475636e-01 1.000000000000000000e+00 0.000000000000000000e+00 1.000000000000000000e+00 9.675795921739080985e-01 1.000000000000000000e+00 2.765023755391131099e-01 1.000000000000000000e+00 1.000000000000000000e+00 9.492248208973104173e-01 0.000000000000000000e+00 2.637140821263411206e-01 0.000000000000000000e+00 0.000000000000000000e+00 0.000000000000000000e+00 1.000000000000000000e+00 0.000000000000000000e+00 0.000000000000000000e+00 1.522829257814633797e-01 1.000000000000000000e+00 0.000000000000000000e+00 1.566000000000000000e+03 -5.772090909090909605e+01
2.093855258542540176e-02 9.414623595289698388e-01 6.800166640344859625e-02 4.185416854186464475e-01 2.555808339897840953e-01 8.971063128515666119e-01 9.078275864489034896e-01 6.369615553446150713e-01 2.153180856577258662e-01 2.187892975034188420e-02 7.199104373026142811e-01 7.468110808984248505e-01 2.800381572486880799e-01 1.781481234291061033e-01 9.026299347374393545e-01 9.350224739557818632e-01 3.623444897085170147e-01 1.731958654639913775e-01 8.537400790348825819e-01 6.351699465515835419e-01 6.256043923584256872e-01 4.732294591922991261e-02 4.352342184424166094e-01 7.516175450036897132e-01 9.740235886681211097e-01 6.782673502559368739e-01 2.530113576921408369e-01 7.576808200946769656e-01 1.000000000000000000e+00 1.499551790948972819e-02 9.691857716582245041e-01 4.922563334456451778e-01 1.554000000000000000e+03 -1.962181818181818116e+01
9.196717227898912328e-02 8.744698223198941189e-01 8.978420379251990102e-01 8.222290353751340319e-01 0.000000000000000000e+00 5.721743661104729527e-05 7.547424784201032244e-01 9.929410005810985762e-01 3.009960294748795784e-01 0.000000000000000000e+00 2.034933785478038461e-04 9.941057250312362870e-01 1.000000000000000000e+00 3.776418434925670753e-01 6.367586573182943965e-01 8.179597174924664316e-01 1.000000000000000000e+00 0.000000000000000000e+00 1.000000000000000000e+00 9.660218290596127577e-01 1.000000000000000000e+00 0.000000000000000000e+00 0.000000000000000000e+00 1.310841496679128297e-02 4.601467021533707791e-01 0.000000000000000000e+00 9.940279821119746284e-01 6.006643690342204937e-04 0.000000000000000000e+00 0.000000000000000000e+00 8.661805026516581352e-01 0.000000000000000000e+00 1.692000000000000000e+03 -4.676090909090908809e+01
0.000000000000000000e+00 8.983689778590826513e-01 1.000000000000000000e+00 3.100496848648946063e-02 0.000000000000000000e+00 0.000000000000000000e+00 1.948304367509563484e-01 9.770902423369794976e-01 0.000000000000000000e+00 0.000000000000000000e+00 4.354484398459494976e-01 8.747496448806899028e-02 1.000000000000000000e+00 0.000000000000000000e+00 3.292421256245092742e-01 1.000000000000000000e+00 1.000000000000000000e+00 0.000000000000000000e+00 3.777978381727807866e-01 1.000000000000000000e+00 1.000000000000000000e+00 2.628372967648376357e-01 0.000000000000000000e+00 0.000000000000000000e+00 0.000000000000000000e+00 0.000000000000000000e+00 1.000000000000000000e+00 0.000000000000000000e+00 0.000000000000000000e+00 0.000000000000000000e+00 1.000000000000000000e+00 0.000000000000000000e+00 1.354000000000000000e+03 -4.055272727272727451e+01
4.211333921847711104e-02 8.606440424647150422e-01 2.896502151349693022e-01 1.000000000000000000e+00 0.000000000000000000e+00 0.000000000000000000e+00 3.191173098107549233e-01 1.000000000000000000e+00 0.000000000000000000e+00 0.000000000000000000e+00 0.000000000000000000e+00 7.263055576389741974e-01 1.000000000000000000e+00 0.000000000000000000e+00 0.000000000000000000e+00 6.780147165078785898e-01 9.814388216066134429e-01 5.702853283529959461e-01 1.000000000000000000e+00 1.000000000000000000e+00 9.999999854724990200e-01 0.000000000000000000e+00 4.416089392744324549e-01 8.759997274854568194e-02 2.648134382124459063e-01 0.000000000000000000e+00 3.054720352657855909e-01 3.966857826169635226e-01 0.000000000000000000e+00 2.179888735279567405e-02 2.464497772316956159e-01 2.298490741870527765e-02 1.220000000000000000e+03 -3.515090909090909577e+01
0.000000000000000000e+00 0.000000000000000000e+00 9.998901335839966986e-01 0.000000000000000000e+00 0.000000000000000000e+00 1.187887857482998813e-02 4.823386716285468778e-02 1.000000000000000000e+00 0.000000000000000000e+00 3.135007218501947857e-03 3.111131978321173830e-01 4.567960541175238864e-01 1.000000000000000000e+00 0.000000000000000000e+00 3.075275951398874774e-01 8.618077904182799287e-01 9.958086376454309274e-01 0.000000000000000000e+00 1.000000000000000000e+00 1.000000000000000000e+00 1.000000000000000000e+00 2.123244670988152713e-02 4.160140294537888472e-01 9.960756397177086829e-02 1.326841824341083442e-01 5.635248115800578494e-02 1.000000000000000000e+00 5.830914898627230763e-04 0.000000000000000000e+00 7.027457016012433888e-02 7.243663998391163261e-01 0.000000000000000000e+00 1.292000000000000000e+03 -4.464272727272726371e+01
0.000000000000000000e+00 8.383895175499965768e-01 4.112053729610850444e-02 1.000000000000000000e+00 0.000000000000000000e+00 3.624071292453786008e-01 7.359335508325131059e-01 9.999998525630581225e-01 0.000000000000000000e+00 0.000000000000000000e+00 1.000000000000000000e+00 0.000000000000000000e+00 8.741094613962004933e-01 0.000000000000000000e+00 8.081074278965029167e-01 9.987936054552543075e-01 2.432023522422126771e-01 2.194821342337861803e-01 0.000000000000000000e+00 1.000000000000000000e+00 1.000000000000000000e+00 2.336925466407958592e-04 0.000000000000000000e+00 7.291770907484966813e-01 0.000000000000000000e+00 0.000000000000000000e+00 1.000000000000000000e+00 1.336949331565639998e-01 1.068733457961294417e-02 0.000000000000000000e+00 7.049912173054829756e-01 0.000000000000000000e+00 1.360000000000000000e+03 -3.460000000000000142e+01
1.251441667770726851e-01 1.984591875583225085e-01 8.284525445987904468e-02 5.343812484222471205e-05 0.000000000000000000e+00 1.511974931262310418e-01 0.000000000000000000e+00 2.982823734832982798e-01 0.000000000000000000e+00 0.000000000000000000e+00 0.000000000000000000e+00 9.699197119313644755e-02 1.882339723223701300e-01 0.000000000000000000e+00 4.378823575824838943e-01 2.984188316194482660e-01 3.509978511861063799e-01 3.081038529322426278e-01 1.036802548097749688e-01 5.720907587796168758e-02 1.395355351458455948e-02 0.000000000000000000e+00 0.000000000000000000e+00 0.000000000000000000e+00 4.370604391333468564e-01 0.000000000000000000e+00 3.913661339603110023e-01 0.000000000000000000e+00 3.119806485157076981e-02 4.295643326501619175e-01 9.813399318209481414e-01 2.063912381320605078e-03 2.680000000000000000e+02 -3.736363636363635998e-01
0.000000000000000000e+00 0.000000000000000000e+00 1.000000000000000000e+00 2.623690346802318718e-01 0.000000000000000000e+00 1.594648763125893487e-01 1.614460547560338938e-03 9.484302977968424031e-01 0.000000000000000000e+00 3.605479058267917897e-02 2.229023620474042677e-01 1.077553367300336101e-01 1.000000000000000000e+00 0.000000000000000000e+00 4.144193797369192245e-01 7.087445285110954840e-01 1.000000000000000000e+00 2.835020010819198563e-04 1.000000000000000000e+00 9.980018302242144035e-01 1.000000000000000000e+00 0.000000000000000000e+00 2.421907636863644686e-01 0.000000000000000000e+00 2.638198796660378917e-02 1.190110850974349273e-02 9.459312627079462521e-01 5.476412258878968903e-02 7.042422361132620774e-03 0.000000000000000000e+00 1.000000000000000000e+00 1.706088019738656314e-01 1.244000000000000000e+03 -3.619272727272726797e+01
0.000000000000000000e+00 6.449944686659866422e-01 1.000000000000000000e+00 1.339161465624564840e-01 3.596617425243242507e-04 1.788666022664635747e-03 7.579151755791631029e-01 8.957840749532151037e-01 0.000000000000000000e+00 1.790579729245145857e-01 9.794836407238330933e-01 9.113774114108168511e-01 1.000000000000000000e+00 3.867493595316461551e-03 2.690584238717384172e-03 9.997102336733960648e-01 1.000000000000000000e+00 3.675221794897630123e-01 1.000000000000000000e+00 9.993300054278920763e-01 1.000000000000000000e+00 1.940627310513323711e-02 3.066955246400402887e-02 3.921461190732598162e-02 4.342288873967377616e-01 0.000000000000000000e+00 1.000000000000000000e+00 0.000000000000000000e+00 0.000000000000000000e+00 0.000000000000000000e+00 9.127348158399395395e-01 0.000000000000000000e+00 1.690000000000000000e+03 -5.306818181818182012e+01
8.475419654732770092e-02 9.998028916550021350e-01 5.975303843645269897e-01 3.934763104945095957e-01 3.297409740159059077e-01 6.770739331954179763e-01 4.168868692015005317e-01 9.996522517291919208e-01 1.174248652409979610e-01 4.421004496769572190e-01 1.633211873076767795e-01 7.154885908571437803e-01 1.000000000000000000e+00 9.963833350805997302e-01 7.229006339777411805e-01 9.878951973472039905e-01 9.999975268483918267e-01 1.000000000000000000e+00 7.983415633629762365e-01 7.436635935292038591e-01 8.862514229866980120e-01 7.813290277919830995e-01 7.307243045792051195e-01 2.621736681207422880e-03 8.681119275227664467e-01 3.544344740030980906e-02 8.379304723369012109e-01 3.791295927670651099e-04 1.281687675586479780e-01 6.146880550671409704e-01 6.891969392681116524e-01 6.677629015282346425e-02 1.786000000000000000e+03 -3.757454545454545070e+01
2.444854143419840642e-01 5.370611603533235190e-01 6.820564784312854734e-01 1.000000000000000000e+00 1.201572852115489858e-02 3.167947472271104552e-03 9.660790222798161242e-01 9.991480044396681137e-01 1.321163057673012120e-01 0.000000000000000000e+00 2.311132103413900407e-01 3.095017495201246149e-03 9.677631215924109576e-01 4.941912080829344200e-06 1.000000000000000000e+00 4.645389863708818817e-02 7.070677652969860338e-02 1.635791511030257606e-01 3.854085081207827002e-01 1.893140753626312844e-02 1.000000000000000000e+00 2.705435591796789829e-01 7.195646541621538717e-01 5.083036134979174170e-01 9.974776864672341148e-01 0.000000000000000000e+00 9.628566883701248358e-01 2.288072270927836160e-01 2.051483718674169954e-01 5.114018553468058226e-01 6.257596364682869172e-01 0.000000000000000000e+00 1.254000000000000000e+03 -1.693636363636363740e+01
0.000000000000000000e+00 4.945711630231918732e-01 6.691247155820136960e-01 0.000000000000000000e+00 0.000000000000000000e+00 9.579064338512213728e-02 4.264819092467568851e-01 5.138773573836133979e-01 2.243972716199915327e-02 4.267517223907878188e-02 6.653356329044179951e-02 1.564752307226658090e-01 7.496959710204776917e-01 0.000000000000000000e+00 5.725168082921137103e-01 9.598281643046192579e-01 9.827126422884189250e-01 7.813968224157216147e-01 6.527542938151822405e-01 9.603629921778457090e-01 8.378604525394705016e-01 3.813529133464459847e-02 1.685990952716206470e-01 2.413918304408509685e-01 1.597582624572207455e-01 0.000000000000000000e+00 4.333604176976323941e-01 2.396583169279605241e-01 0.000000000000000000e+00 0.000000000000000000e+00 5.689302457277349845e-01 9.572746170224968876e-02 7.900000000000000000e+02 -2.017181818181818187e+01
1.626230215584982819e-01 6.192694097181106888e-02 3.198880706670653717e-01 1.320290067193215788e-01 1.369681189881074819e-03 2.636119652257283043e-03 7.212388263624208706e-01 1.000000000000000000e+00 0.000000000000000000e+00 2.096938102609968713e-01 2.823768247664908415e-01 1.684996367572197395e-02 1.000000000000000000e+00 0.000000000000000000e+00 1.126109581251656389e-01 7.031736465592489660e-01 1.000000000000000000e+00 2.581167325304383788e-03 5.688286900652281264e-02 1.000000000000000000e+00 9.131931472978035425e-01 6.151074274029361133e-03 6.230392712188780047e-02 0.000000000000000000e+00 1.220160396378038783e-05 0.000000000000000000e+00 7.227451841300464030e-01 0.000000000000000000e+00 1.681531364853033851e-03 0.000000000000000000e+00 7.474934230093942533e-01 2.291643184180380474e-03 9.220000000000000000e+02 -2.447727272727272663e+01
1.071775390993038313e-01 9.608500370679197156e-01 6.934842265251266458e-01 0.000000000000000000e+00 1.471560391011079213e-03 2.293014161179854071e-01 1.803003392535749150e-01 9.847021667471196338e-01 0.000000000000000000e+00 4.901675839484864045e-02 2.303928273054256515e-01 1.000000000000000000e+00 9.987055654702082785e-01 3.058341150307835044e-01 9.987658035608493190e-01 9.927504425653357334e-01 9.668004863669814597e-01 9.375446584387057136e-01 8.545536520448611117e-01 1.000000000000000000e+00 9.999999925168234771e-01 4.529781774382283382e-02 2.487788795637030925e-01 0.000000000000000000e+00 7.232474777385200504e-01 4.813225183999243484e-01 7.957803382818523508e-01 1.113006459982908683e-06 6.013889967213666976e-01 1.714007134895410567e-01 6.943189248577448236e-01 0.000000000000000000e+00 1.630000000000000000e+03 -4.956909090909091020e+01
6.758794499754500196e-02 8.457604004408015852e-01 8.916140410691116847e-01 9.838582172724500419e-01 1.448605571069322417e-02 1.429795156603902440e-01 3.330530294090456866e-01 9.743429189161179060e-01 2.104868118955765532e-01 3.294599534708172461e-01 6.597293920606109863e-01 3.085580684374570337e-01 9.770536198864474553e-01 7.065814347472187951e-02 3.921386398401016660e-02 9.136841278750841289e-01 8.926665128063350219e-01 1.414669477086700766e-01 6.453352967074184043e-01 9.990695192390474100e-01 9.604755915055993576e-01 6.436863074356418135e-01 4.286223581301443764e-01 2.618305731139566883e-01 1.071375120533553105e-01 3.981734663710267963e-02 7.972447430297175952e-01 1.827798845351268353e-01 1.534776552995376075e-02 9.446716465445159638e-02 9.925134750656602334e-01 2.011035612583245147e-02 1.452000000000000000e+03 -4.726181818181817818e+01
2.421220006237577264e-03 7.379018636721504931e-01 6.947397393635449392e-01 1.217316680168882406e-06 0.000000000000000000e+00 4.248386899261270000e-01 5.715131040650927099e-03 9.913548969944804279e-01 7.548275008936688084e-09 1.009940127755977919e-05 4.077838581700378162e-01 7.549589923359587562e-01 1.000000000000000000e+00 2.847936335527995536e-02 3.748044447324390682e-01 1.942608694664950397e-01 1.000000000000000000e+00 1.000000000000000000e+00 3.075408766893578671e-01 9.998733849244322291e-01 1.000000000000000000e+00 8.350501956746143595e-01 0.000000000000000000e+00 2.043601380167814688e-02 6.317815694937888304e-01 0.000000000000000000e+00 9.986392180184567868e-01 4.146944153644935849e-01 0.000000000000000000e+00 2.546007467120776080e-01 4.865385281460715694e-01 8.748145700758322985e-01 1.366000000000000000e+03 -3.048909090909090835e+01
2.425303020512999952e-01 8.124007792339620629e-09 4.884103607327126007e-01 2.485501273131889843e-01 3.787916041151890845e-01 5.951003970941416005e-02 9.993764709489348919e-01 9.999997253710902756e-01 7.829751735592275635e-07 2.149947251873716436e-01 3.830338054444820117e-01 5.876512893646099744e-01 9.999991563312673470e-01 3.202139889553157898e-02 8.700203338201418779e-01 9.866959975461808696e-01 9.999999996904788135e-01 1.869725433481622592e-03 3.890949853448992801e-01 1.000000000000000000e+00 1.000000000000000000e+00 1.040579788561322795e-06 6.966536219573404853e-01 1.537132823494186673e-01 4.016905645118826196e-01 8.191215230110990286e-02 1.000000000000000000e+00 8.156509094324994324e-02 4.263174794573133114e-02 4.781855400594810512e-01 9.999999992318711062e-01 3.905247800657160595e-01 1.450000000000000000e+03 -5.227090909090909321e+01
1.191590007738344004e-01 2.453160204033541236e-01 4.172746912556958843e-01 3.645669057469717866e-02 3.699372704165871384e-01 1.789871034751650914e-09 8.837534998699289046e-01 1.000000000000000000e+00 0.000000000000000000e+00 0.000000000000000000e+00 5.944955002156214752e-01 5.350115374923849476e-01 1.000000000000000000e+00 2.465307376163481112e-01 5.817285954963464789e-01 2.745304661362276688e-01 9.898445376181962407e-01 0.000000000000000000e+00 8.908967197112540592e-01 5.743383452934752720e-01 1.000000000000000000e+00 0.000000000000000000e+00 5.322504902387644732e-01 1.645264322159634141e-01 4.573802531854802567e-01 0.000000000000000000e+00 3.844607938719729057e-01 8.588509868067480124e-02 0.000000000000000000e+00 3.676856686508824801e-01 3.233853207531955376e-01 1.320242694015104010e-02 9.900000000000000000e+02 -3.028272727272727494e+01
3.683268594976358418e-02 0.000000000000000000e+00 4.342986386181746927e-01 2.292842374536639694e-01 0.000000000000000000e+00 0.000000000000000000e+00 9.773482669521283972e-01 1.000000000000000000e+00 0.000000000000000000e+00 5.823334777306189425e-01 0.000000000000000000e+00 6.399636875971920214e-02 1.000000000000000000e+00 3.888562388856615665e-03 9.994033284219548952e-01 9.590562565389683103e-01 9.999999317928113252e-01 0.000000000000000000e+00 9.869410155071594026e-01 9.992201273690264340e-01 8.809965686896000792e-01 0.000000000000000000e+00 7.796664414063099180e-01 5.981972795575424967e-02 0.000000000000000000e+00 0.000000000000000000e+00 9.720866309563220842e-01 9.267296591165411490e-01 1.000000000000000000e+00 2.340595082472405886e-01 1.000000000000000000e+00 5.514402617504031434e-02 1.812000000000000000e+03 -5.322818181818181671e+01
1.369925413613512777e-01 9.984267029542484018e-01 2.377379560642601565e-03 3.803367057664307910e-02 3.661630861640504664e-01 0.000000000000000000e+00 6.392778878011472488e-01 3.160562166165627462e-01 0.000000000000000000e+00 0.000000000000000000e+00 1.636069275575564030e-01 0.000000000000000000e+00 1.000000000000000000e+00 0.000000000000000000e+00 2.433682411143540058e-04 8.531796409496877898e-01 9.960695211266695770e-01 8.289311297316359628e-02 8.926070038626965353e-01 8.669946495399389885e-01 5.508982955860599606e-01 0.000000000000000000e+00 4.183236144812702006e-01 1.452343781628832658e-03 2.777694180984497524e-02 2.935426773014190405e-04 1.839180313732725613e-01 9.036798994235878402e-02 8.707377072682325955e-03 1.913551443362959941e-03 9.996897948600772521e-01 7.877261160620470382e-02 9.480000000000000000e+02 -2.329363636363636658e+01
3.229602226871691045e-02 3.203014940286349772e-03 1.429829389104826654e-01 5.920040422088045096e-02 1.847468309607334103e-01 8.251292849676369542e-03 6.121380620358461977e-01 9.060038569478636727e-01 2.637157067217326886e-02 0.000000000000000000e+00 3.557434137786804913e-03 2.066003511166420170e-01 9.055885809202852688e-01 6.317670883122915304e-02 9.811253110880362449e-01 8.819860221798256524e-05 7.329880744766081868e-01 2.993263050781962420e-01 7.737175873325999320e-02 3.842132320901835429e-01 5.807888161072044531e-01 2.031448152550125591e-02 3.017853668762056074e-01 8.932079925489606886e-02 3.197948337472648617e-01 1.291184576877407036e-02 9.107451760399546403e-01 6.400205644151609613e-03 7.599905154433077292e-02 8.051899547518716060e-01 6.047795653096413870e-01 4.759387686849320676e-01 8.260000000000000000e+02 -1.232454545454545425e+01
0.000000000000000000e+00 2.791167784348136394e-02 7.894670094593300158e-01 1.070814551041629221e-03 5.860107138730717702e-02 3.098295195076727904e-01 9.997960944793113924e-01 8.841403108773928654e-01 4.460382203701091508e-01 2.299405392763755884e-01 4.587420291025511021e-02 0.000000000000000000e+00 8.473454727134633879e-01 0.000000000000000000e+00 8.473136636989102299e-02 5.176756637037828179e-01 1.951640343820016388e-01 2.338108629525174620e-01 0.000000000000000000e+00 8.434884086156912986e-01 7.626054084760421903e-01 0.000000000000000000e+00 3.671962683558147589e-01 3.129952211006497426e-02 1.732927746466380670e-03 6.531647331873925710e-02 1.000000000000000000e+00 0.000000000000000000e+00 0.000000000000000000e+00 8.874225416038841741e-02 0.000000000000000000e+00 4.307695318462690520e-02 7.360000000000000000e+02 -9.308181818181816780e+00
4.495824538228201384e-01 9.937135811850443812e-01 5.136422388921329379e-02 4.246048260393661122e-01 9.316728140342989128e-01 3.166375838919318064e-01 8.755762728901295144e-01 4.460992630107017409e-01 2.967409400052797297e-01 7.991062672127141608e-02 1.546968249574039445e-01 1.456734340368304459e-01 6.274596520826999368e-01 1.152483028760717815e-01 5.910375244577101839e-01 4.295136121823096009e-01 9.621042150462915110e-01 5.835884190489861734e-01 1.532225779395241516e-01 2.013427530323339265e-01 6.912590275252672445e-01 6.896342211400098288e-01 9.760401468632555755e-01 2.939382708506024788e-01 2.091033213953333580e-01 8.225562056347930640e-02 7.757489108470400074e-01 5.395726355344207179e-03 9.885691367757620807e-01 5.359569170158641205e-01 9.967869406639371377e-01 1.000000000000000000e+00 1.374000000000000000e+03 -9.713636363636362958e+00
2.224205711122869550e-02 1.337188690711950921e-02 6.214015371626381290e-01 2.427700113605350818e-02 0.000000000000000000e+00 0.000000000000000000e+00 3.795944473087159432e-02 9.926061606679218441e-01 0.000000000000000000e+00 1.254466664520828155e-04 1.366125052850702681e-01 8.402796154541876117e-01 1.000000000000000000e+00 0.000000000000000000e+00 9.083591054598102454e-01 8.893464226088825253e-01 8.048804199942716231e-01 3.657094897212996298e-01 1.000000000000000000e+00 5.098328964333543878e-01 6.391759583429011959e-01 2.283105253313390259e-01 1.341604183615185963e-01 0.000000000000000000e+00 1.697740594218893429e-04 0.000000000000000000e+00 8.312793897018010414e-01 1.781128843444103327e-02 0.000000000000000000e+00 4.190361103934616208e-03 5.585378169751523680e-01 2.540607240389798904e-01 9.780000000000000000e+02 -2.798454545454545794e+01
1.171203963275281069e-02 0.000000000000000000e+00 9.121809567597810586e-01 0.000000000000000000e+00 0.000000000000000000e+00 0.000000000000000000e+00 9.870124846764626314e-01 1.000000000000000000e+00 0.000000000000000000e+00 0.000000000000000000e+00 1.162511327186442067e-01 7.742791102189046371e-02 1.000000000000000000e+00 0.000000000000000000e+00 4.218636210821306576e-01 6.522243338035191851e-01 9.813853658179428896e-01 0.000000000000000000e+00 1.683535773483823272e-01 1.000000000000000000e+00 9.743893245005283976e-01 0.000000000000000000e+00 0.000000000000000000e+00 0.000000000000000000e+00 0.000000000000000000e+00 0.000000000000000000e+00 6.206247358041317996e-01 0.000000000000000000e+00 0.000000000000000000e+00 4.395657474339986770e-02 2.929530213582472453e-01 4.541446662918147831e-02 1.020000000000000000e+03 -2.732636363636363797e+01
2.888657158763805952e-02 3.469078541928051207e-01 9.238023668605832572e-01 2.002313863593845888e-01 8.243042204110490045e-01 1.804230675575803355e-01 6.514674333507706194e-01 9.582376983549849569e-01 3.447562072195707872e-01 1.279197917537411577e-01 2.346345474534301812e-01 9.552358919759311728e-01 9.249390664544780982e-01 4.209725416154827538e-02 5.819195698126041760e-01 7.065594782962331122e-02 8.849975341119697969e-01 5.210285732320564245e-01 9.639113406904686876e-01 9.292618796914215995e-01 9.480196061096188842e-01 2.382415013925926472e-01 8.491181429207600440e-02 6.575974555265544641e-01 8.567461990796565452e-01 4.838284000258970957e-02 9.676324711181250038e-01 5.360567015670316682e-01 2.509479126018591619e-02 4.095946122155383895e-01 8.799007327614641882e-01 9.684374899440728601e-02 1.592000000000000000e+03 -4.282999999999999829e+01
0.000000000000000000e+00 1.179024356829428133e-01 0.000000000000000000e+00 0.000000000000000000e+00 0.000000000000000000e+00 7.595949049924349827e-02 0.000000000000000000e+00 1.000000000000000000e+00 0.000000000000000000e+00 0.000000000000000000e+00 0.000000000000000000e+00 0.000000000000000000e+00 1.000000000000000000e+00 0.000000000000000000e+00 7.639247773487877098e-03 5.109478177787009079e-01 1.000000000000000000e+00 0.000000000000000000e+00 8.137145044862582610e-01 4.827915778053404328e-01 1.000000000000000000e+00 0.000000000000000000e+00 0.000000000000000000e+00 1.559805086817605546e-01 0.000000000000000000e+00 0.000000000000000000e+00 1.000000000000000000e+00 4.565241824354207001e-01 0.000000000000000000e+00 6.868047680799062304e-02 4.609988648098929942e-01 0.000000000000000000e+00 8.140000000000000000e+02 -1.936727272727272720e+01
4.734483173464344025e-02 1.928139393712928813e-11 1.928326856390442101e-01 0.000000000000000000e+00 0.000000000000000000e+00 0.000000000000000000e+00 1.645456500943434652e-01 6.441614037332757947e-01 3.901381078121415880e-02 2.250546235085688074e-01 7.866327853002541559e-01 5.316214058177061164e-01 8.589679273114888547e-01 2.837501165593152019e-01 2.455374059773106354e-01 9.999322749374387476e-01 6.767305136526061693e-01 0.000000000000000000e+00 4.430743557956177692e-01 9.981216831910932896e-01 1.000000000000000000e+00 0.000000000000000000e+00 5.498904249374207964e-01 0.000000000000000000e+00 0.000000000000000000e+00 6.216084822349537270e-02 3.484323946607759126e-01 0.000000000000000000e+00 0.000000000000000000e+00 0.000000000000000000e+00 1.000000000000000000e+00 0.000000000000000000e+00 8.740000000000000000e+02 -2.329363636363636658e+01
0.000000000000000000e+00 0.000000000000000000e+00 9.326284403131418488e-01 0.000000000000000000e+00 0.000000000000000000e+00 2.611052965575519358e-01 3.229322467506832717e-01 1.000000000000000000e+00 0.000000000000000000e+00 7.313926484427581273e-04 6.235693253400808045e-01 2.442296323237768130e-01 1.000000000000000000e+00 1.899913731987827870e-01 3.561228999117151961e-01 5.288000226561393458e-01 1.000000000000000000e+00 7.251398694291227853e-01 1.435085261583173843e-01 1.000000000000000000e+00 7.702903188212595342e-01 5.700251345989073570e-01 3.180952473438408146e-01 0.000000000000000000e+00 3.751237927097482716e-01 0.000000000000000000e+00 1.000000000000000000e+00 3.325385767796396747e-02 9.409613335832058001e-02 3.410708994130439153e-01 8.909624565774202365e-01 6.487514014088657799e-01 1.196000000000000000e+03 -2.869454545454545169e+01
6.626784544525159415e-01 9.252837700821589517e-02 3.703051293909121466e-01 6.973193084159982069e-01 6.993369429864199334e-07 1.017587211502683602e-02 2.604640251306200582e-01 1.534337848871240688e-02 2.972137441162043744e-02 4.451835984078866826e-01 1.697355592586689277e-01 8.839834607862615545e-01 6.093112266769739049e-01 4.460005647845256783e-04 1.238247191236333151e-02 4.700193127743132471e-01 4.910888505450941022e-01 4.123320170513692373e-01 8.442294392229258498e-09 4.472296400270423748e-04 5.842024341045707336e-01 4.542655541336496072e-03 6.107486366420071880e-03 1.213446845855631860e-02 1.224668572515016755e-02 2.036749291879687966e-07 9.631697060461360538e-01 3.748023280569839910e-02 9.437469659235896424e-01 9.757633462126092949e-01 1.356965553919865508e-01 1.276412897495123600e-01 7.460000000000000000e+02 -3.694545454545454799e+00
0.000000000000000000e+00 6.229346952377248225e-01 9.460433730903463623e-01 2.350937454827179696e-01 1.191653798279457624e-02 0.000000000000000000e+00 5.674887792297781397e-01 5.671723369313173002e-01 0.000000000000000000e+00 1.576221024203466048e-01 4.567993498928833440e-01 2.942971520054893930e-01 4.850440162635039631e-01 3.607807535846736108e-02 4.887665948389893766e-01 9.122605867782800360e-01 8.847916093123137093e-01 1.052958900796111819e-01 8.145443056675744087e-01 5.483523795264242384e-01 1.000000000000000000e+00 0.000000000000000000e+00 4.946567135199577137e-01 2.797511197249077236e-02 4.585146824984345088e-02 8.670842637740125425e-02 5.491572694984112601e-01 9.966652608941841719e-04 3.351461699917364090e-01 5.178592105879938901e-01 9.232177274600567030e-01 4.276557151834948778e-01 9.340000000000000000e+02 -2.345545454545454334e+01
1.291289256010992592e-01 4.018281424306811012e-01 3.845262700349980772e-02 4.866134532357976883e-02 0.000000000000000000e+00 1.870586671488770007e-03 3.045513752215872061e-01 9.012366007394937428e-01 0.000000000000000000e+00 4.451203818866876216e-01 0.000000000000000000e+00 6.399080982348741564e-01 9.755244659598568679e-01 4.644436917214977423e-01 3.933581234498575441e-01 9.766287951544707635e-01 9.999074806532678439e-01 3.399059756122010988e-04 9.750047795942395901e-02 7.458662433951885884e-01 1.000000000000000000e+00 6.677225462824909474e-02 4.032520753247375023e-01 2.315118033354320870e-01 0.000000000000000000e+00 0.000000000000000000e+00 8.093221768115950177e-01 0.000000000000000000e+00 9.441723845098955181e-02 4.673672819272760015e-01 9.247367487309463563e-01 0.000000000000000000e+00 1.042000000000000000e+03 -3.058999999999999986e+01
1.867297806130916978e-04 2.209572787456169640e-01 9.214027910059895410e-01 3.040955270686194756e-01 7.267364239114046942e-01 1.344286445510681494e-01 5.361171954656851479e-01 1.000000000000000000e+00 0.000000000000000000e+00 3.917529047980627954e-02 1.000000000000000000e+00 7.579209667523255645e-01 9.758374964297221732e-01 2.510217307271397913e-01 4.501981470645298744e-01 9.653693646367512704e-01 9.997195724034226849e-01 9.724064669828819119e-02 6.329716802371901929e-01 9.497742809931440933e-01 9.402219204561199639e-01 6.579337312653453734e-05 8.879357473915587551e-02 4.128171798789610492e-01 1.977683188220260846e-01 0.000000000000000000e+00 9.021660838728214893e-01 2.037363957007242432e-01 1.075894652120161499e-02 4.008369520583200396e-01 9.809463863422629437e-01 9.386977899419350624e-02 1.532000000000000000e+03 -5.319272727272727508e+01
4.931736499197870716e-01 3.825224160855678623e-01 4.528259443556793551e-01 1.060506307106321294e-01 8.205413356155187854e-01 1.054826596674425104e-01 1.158313227067747919e-01 1.000000000000000000e+00 3.476620477580206203e-01 1.951986237965853410e-01 1.000000000000000000e+00 5.051260962809211996e-01 9.999998757112945613e-01 5.045169190356525446e-01 7.131436839768252878e-03 1.000000000000000000e+00 5.598567088050423468e-01 9.199735983372865633e-02 1.305185273462444451e-01 8.062242801897511191e-01 1.000000000000000000e+00 0.000000000000000000e+00 8.795692411909471209e-02 8.879183068862831485e-01 1.475093730879699448e-03 9.487151830939327679e-02 6.735993900851636740e-01 7.812442039512930425e-03 9.990655716841836398e-01 6.921813499522657676e-01 1.000000000000000000e+00 4.503510018190203246e-01 1.354000000000000000e+03 -2.778090909090909477e+01
0.000000000000000000e+00 4.008345167513502338e-02 5.570799763619765227e-02 1.000000000000000000e+00 1.203135618987135613e-01 5.471522119054252897e-01 7.943879798665129943e-01 9.778621104644796835e-01 8.436098640132827509e-02 3.576577294059683636e-10 9.216314396028738587e-01 5.955738387362563557e-01 1.263688049934296592e-02 7.111661467080915310e-05 5.127985341988957613e-01 9.752250167512848122e-01 9.362700364427799515e-01 2.390841944850761319e-02 3.996454295359588849e-01 2.107512539173424237e-02 3.159336159445971237e-01 9.294318423324180456e-01 9.210033370334278491e-01 9.344749619277307184e-01 4.908987790542303498e-01 0.000000000000000000e+00 8.944761230844869848e-01 0.000000000000000000e+00 6.066839199808956445e-02 6.407956808822039552e-01 3.729633673937644833e-02 4.950777704279021862e-02 1.374000000000000000e+03 -5.410000000000000142e+00
0.000000000000000000e+00 1.308298706309650797e-02 1.000000000000000000e+00 2.355600066939059212e-02 4.078330419532567169e-02 0.000000000000000000e+00 1.028895219403954675e-01 6.459191836558859645e-01 0.000000000000000000e+00 8.300747312801652622e-02 2.741870724073107723e-01 3.542544835612459475e-01 1.000000000000000000e+00 7.966706099433774196e-03 3.130354137161681649e-01 1.737691264950049497e-01 1.000000000000000000e+00 0.000000000000000000e+00 6.096239244492640541e-01 9.795403883213470442e-01 1.000000000000000000e+00 0.000000000000000000e+00 0.000000000000000000e+00 4.047147815893920031e-02 9.076963411676589044e-02 0.000000000000000000e+00 8.599377275178901048e-01 1.090532712285254280e-01 0.000000000000000000e+00 1.847520837509985803e-01 3.710880565488953731e-01 0.000000000000000000e+00 9.040000000000000000e+02 -2.650181818181818372e+01
1.743031992037410438e-01 6.488279474447781499e-07 6.024101886362170921e-01 6.959786737301089099e-01 9.636140496232344921e-01 1.000000000000000000e+00 6.098006678402455305e-02 1.000000000000000000e+00 0.000000000000000000e+00 3.353168366583962612e-02 9.310437311687534967e-01 6.969204283410709300e-01 1.000000000000000000e+00 2.846533719708593251e-06 6.281272695485585755e-01 7.897948702993895509e-01 8.731298178038801039e-01 0.000000000000000000e+00 1.000000000000000000e+00 1.000000000000000000e+00 1.000000000000000000e+00 1.016649430481736810e-01 3.685730609909314559e-01 7.194891101500077157e-01 4.152112859284097235e-01 0.000000000000000000e+00 9.544435494750644899e-01 0.000000000000000000e+00 3.176350616176581987e-01 7.684832218663657510e-01 1.000000000000000000e+00 4.257472879195949300e-01 1.782000000000000000e+03 -4.499181818181818215e+01
6.430450241854230864e-01 2.204126005868268512e-01 9.322991092101517996e-01 3.597582022617458741e-01 6.773737419816635574e-01 1.315979455472623127e-01 6.423522212860960368e-01 1.000000000000000000e+00 1.123072753868905975e-02 8.383816340428024150e-01 3.383199434656098958e-01 5.131696329377588572e-01 9.999999998574011784e-01 0.000000000000000000e+00 3.741051056670118835e-01 4.143549269913780475e-01 7.866073683844462261e-01 4.155675690700934566e-01 2.429414767985866586e-01 9.990859223612771345e-01 9.884393055862473743e-01 2.258702055104426509e-01 9.656396115390318835e-01 9.400861655095521519e-01 7.861306449808201924e-01 3.327937709601347187e-04 9.275417022856761173e-01 9.549285456755004509e-01 3.493079413066110805e-02 1.000000000000000000e+00 5.564495065061616508e-01 8.541765936933606862e-02 1.664000000000000000e+03 -3.481909090909091020e+01
1.559366622734124387e-02 1.295555593442892367e-02 8.709561203740328050e-01 1.238970542128850355e-01 1.990587200178093596e-01 4.422938794695144282e-01 3.600513239985556058e-01 9.103523076163930750e-01 1.460970403607089827e-03 1.028454474431864801e-01 2.347246921484138493e-01 5.450550985544183602e-01 9.994078390994367567e-01 0.000000000000000000e+00 3.288976744459139456e-01 2.459925668268911347e-01 1.000000000000000000e+00 1.009664805878183608e-01 9.794946610031508571e-01 8.439617925933315945e-01 9.923091851105917405e-01 1.788618965611048217e-02 1.251120667239978383e-02 2.601161691730225489e-01 3.328011947048464120e-02 0.000000000000000000e+00 3.315091166502734388e-01 4.185318349450102837e-01 5.996780831375948719e-04 3.054027343532690342e-01 2.900092523425421877e-03 1.056437943021460921e-02 9.480000000000000000e+02 -2.884545454545454035e+01
0.000000000000000000e+00 5.324941130300220316e-01 9.795493488577103891e-01 1.703788522885453909e-06 1.279639710078023295e-04 1.164797065661424547e-01 4.654633314611140715e-01 1.000000000000000000e+00 3.219707794469901796e-02 9.284784508987122820e-01 9.862987543531236134e-02 1.000000000000000000e+00 9.995005326669157419e-01 1.653711571208201225e-01 7.278596232771147312e-01 9.989334301051278064e-01 7.496147931239913742e-01 7.713064156583512756e-05 9.353940361641152057e-01 9.999417957603603524e-01 8.796387406267783815e-01 0.000000000000000000e+00 9.265517519537552760e-01 7.731591799943591248e-01 5.513668717095482341e-01 7.056914128725204349e-02 9.346244186380344710e-01 6.471404607149564558e-01 8.706879384865232399e-03 9.940276021807535889e-01 8.474087983161914250e-01 2.055247216437485758e-01 1.900000000000000000e+03 -5.455272727272727451e+01
0.000000000000000000e+00 1.643056834263702248e-01 9.171347620123938560e-01 2.081628831233807986e-01 0.000000000000000000e+00 0.000000000000000000e+00 1.468492924414659950e-01 1.000000000000000000e+00 0.000000000000000000e+00 5.239725285766203000e-02 1.000000000000000000e+00 9.983767515298931361e-01 1.000000000000000000e+00 7.833397966764063525e-02 1.056437919897740413e-01 0.000000000000000000e+00 9.416908375129195985e-01 0.000000000000000000e+00 4.354839303414856366e-01 1.000000000000000000e+00 3.772073098211647380e-01 0.000000000000000000e+00 0.000000000000000000e+00 2.066557875167834291e-01 4.965571755361117834e-01 1.651682713747024394e-03 1.299630704739114517e-01 4.432935339141795203e-03 0.000000000000000000e+00 5.435747655199896222e-01 1.000000000000000000e+00 0.000000000000000000e+00 1.128000000000000000e+03 -1.530363636363636459e+01
2.883602531138305253e-02 6.897220133906059036e-01 4.624530621204335223e-01 2.481948389189781723e-01 8.026575120349405124e-01 2.528293606079889261e-02 4.908894922156097074e-02 8.689420548469114491e-01 0.000000000000000000e+00 4.073075668760860885e-02 9.900971839354811843e-01 5.903016310033611935e-01 9.720172347418434278e-01 1.539571906581409799e-01 3.926774064476858395e-01 1.000000000000000000e+00 1.000000000000000000e+00 5.111683988483665952e-02 9.744008975258268146e-01 1.000000000000000000e+00 9.781571704869660433e-01 3.264953920574378832e-02 1.019674572884949060e-01 2.946478953734982947e-02 4.352455715265919275e-03 2.361260325888006606e-02 6.729275266619954010e-01 4.608881274696627894e-01 2.498992175464187782e-01 6.462951041009985520e-01 6.149001267544638161e-01 4.565292064659929629e-03 1.324000000000000000e+03 -4.485454545454545894e+01
0.000000000000000000e+00 2.799698787962459079e-01 0.000000000000000000e+00 3.145346127792823412e-08 8.789929008470585489e-03 5.268854230138982075e-02 3.186999839686831537e-01 0.000000000000000000e+00 7.288284030558114975e-03 0.000000000000000000e+00 2.658676047893019367e-01 1.734503823399384179e-02 3.209552345710109944e-01 1.377195618988487011e-02 4.874525881961153662e-01 2.378564169628044345e-01 4.751906375600146726e-01 0.000000000000000000e+00 1.004814149559527942e-01 5.842271671659640120e-01 2.067064626426138585e-01 1.106027057042244591e-02 7.718970973916536860e-01 1.523471531791604529e-02 0.000000000000000000e+00 0.000000000000000000e+00 5.392791353931821602e-02 7.225968048132663801e-03 0.000000000000000000e+00 7.863365034055809499e-02 2.180042772425847264e-01 8.812089234356679235e-02 2.060000000000000000e+02 -6.245454545454545148e-01
1.590941934813428771e-01 2.436509227291513147e-01 9.546909325886682174e-01 5.895923901667472489e-01 6.211938490303859917e-01 1.000000000000000000e+00 1.363942013797183328e-01 8.247412943156522402e-01 6.319620035468788422e-02 0.000000000000000000e+00 2.825503887622038968e-01 7.274172902772528815e-01 9.783461217289011191e-01 4.605243202164643716e-03 6.497328791867263975e-01 8.055996742539405231e-01 1.000000000000000000e+00 8.772368228965594650e-01 7.760940483970983905e-01 1.000000000000000000e+00 5.209906412735318959e-01 4.633978427708110998e-02 1.000000000000000000e+00 7.636690086149415801e-01 0.000000000000000000e+00 1.374439256426613909e-01 4.944243664205442146e-01 5.908477368489315623e-02 8.652930817837516109e-02 6.623549935713982650e-01 7.326525038782623067e-01 6.382353948058172577e-01 1.502000000000000000e+03 -2.898272727272727778e+01
0.000000000000000000e+00 3.786806947349689034e-01 9.988487551592322156e-01 7.626450681427447698e-02 0.000000000000000000e+00 0.000000000000000000e+00 0.000000000000000000e+00 9.329880149365342712e-01 0.000000000000000000e+00 0.000000000000000000e+00 9.101961239680507187e-01 9.869886239723194565e-01 1.000000000000000000e+00 0.000000000000000000e+00 1.346873911426569315e-01 1.000000000000000000e+00 1.000000000000000000e+00 0.000000000000000000e+00 1.000000000000000000e+00 9.581606800269979463e-01 7.182942665316413011e-01 0.000000000000000000e+00 1.029564070276674584e-02 1.753307013695582645e-02 4.702814664413455342e-10 0.000000000000000000e+00 9.493388705635299463e-01 0.000000000000000000e+00 0.000000000000000000e+00 5.931805144991542100e-02 4.905153083154540905e-01 1.744675381886841570e-01 1.408000000000000000e+03 -3.584999999999999432e+01
5.930604417394235404e-03 9.335364092458152754e-03 0.000000000000000000e+00 0.000000000000000000e+00 7.780634182325972537e-02 3.159501545155049031e-03 5.079809850346455047e-01 9.999999979370257641e-01 0.000000000000000000e+00 3.696492211743227507e-01 4.257325421086637918e-01 4.132019478709284543e-01 1.000000000000000000e+00 5.539244795899790630e-02 9.641432360797175249e-01 1.000000000000000000e+00 8.233468991971657491e-01 0.000000000000000000e+00 7.306449498050774372e-01 1.000000000000000000e+00 9.773922441116603688e-01 0.000000000000000000e+00 9.813138833473337153e-01 8.205257666804247618e-01 8.439337044003575317e-02 0.000000000000000000e+00 1.195297311535747226e-02 1.759779165945785928e-01 6.469605786753289400e-02 5.550733143770025801e-01 9.623876263948876186e-01 0.000000000000000000e+00 1.306000000000000000e+03 -4.154545454545454675e+01
6.917428894516071125e-01 6.629658360807706430e-01 9.194748263707779312e-01 3.555400544210846059e-01 7.150214539891986965e-01 1.344195989855125895e-01 6.810866661442225301e-01 6.020119174477442936e-01 4.663930598798868288e-01 4.204572717379018165e-02 3.353244362359624753e-01 9.689183673071533054e-01 9.999794426115904411e-01 0.000000000000000000e+00 9.998382179791782676e-01 7.131212920695692015e-01 9.380803120208530688e-01 1.383825140972850531e-01 9.981887017466202217e-01 1.000000000000000000e+00 1.000000000000000000e+00 3.064423005895183239e-01 7.605506973933924275e-01 1.000000000000000000e+00 2.056454439093141628e-01 3.912111749415000346e-07 9.983642707735729260e-01 0.000000000000000000e+00 0.000000000000000000e+00 4.602215528666786515e-01 8.946946445309870155e-01 3.471197624056607811e-01 1.778000000000000000e+03 -4.973909090909091191e+01
1.219644592120748897e-02 2.309838144652430203e-01 9.998839499161330524e-01 3.030224144518773866e-01 9.313864082975895618e-05 1.764533721319336116e-04 9.768403793107241495e-03 3.535627282813029737e-01 7.948100015085217407e-03 1.006764433614794063e-01 4.562298980088269063e-01 4.811361744581115207e-01 8.945945339755647652e-01 5.153202795359278499e-01 5.762907552269345146e-01 7.654889707351010264e-01 7.592911242137644345e-01 2.524720973988362274e-02 9.611143607332671701e-01 1.000000000000000000e+00 3.885158338337331152e-01 1.034438595301613306e-01 1.780940536490081751e-05 1.306264831402574600e-01 2.127848151070137601e-05 1.769188107241265878e-04 6.056005529920763797e-01 4.434910752461836969e-01 0.000000000000000000e+00 2.765415350902405978e-02 7.240098840399472602e-01 3.072229554061441381e-01 8.960000000000000000e+02 -3.112363636363636488e+01
1.161935331063134597e-01 9.797391262130573653e-01 9.999272333431235005e-01 6.814835644427912342e-01 0.000000000000000000e+00 0.000000000000000000e+00 1.241914114721149043e-01 8.546161561642116877e-02 2.862807671977699586e-01 0.000000000000000000e+00 9.987449631105674852e-01 8.647913383161541789e-01 1.000000000000000000e+00 4.850386868816038838e-02 9.999999992629081680e-01 9.999999847515017581e-01 8.832099485592284083e-01 5.334939843428879724e-01 1.000000000000000000e+00 1.000000000000000000e+00 3.603618317539104554e-01 5.820545128438791606e-04 1.000000000000000000e+00 4.390197705307586906e-01 5.419018212194896692e-04 1.045185123498382799e-07 5.821534251347471045e-01 0.000000000000000000e+00 0.000000000000000000e+00 3.090563176993540440e-01 1.000000000000000000e+00 5.751282504426374897e-01 1.712000000000000000e+03 -4.523090909090908696e+01
0.000000000000000000e+00 9.278804890300850206e-01 8.924453023778312621e-01 1.000000000000000000e+00 4.078633555350794082e-01 0.000000000000000000e+00 1.284920335719035578e-01 9.874980760635209132e-01 1.290235876440129492e-01 4.174780660136329612e-03 1.551155312247601108e-02 2.883669125216896667e-01 1.224898745930780158e-01 0.000000000000000000e+00 0.000000000000000000e+00 1.000000000000000000e+00 9.999999956250696931e-01 0.000000000000000000e+00 5.506678004280817218e-01 9.778361682842970309e-10 3.060519578249666917e-01 3.641775592698878131e-03 2.647447996087696209e-01 0.000000000000000000e+00 2.142356230214133850e-01 2.718526931264735880e-01 9.615794601905800487e-01 3.344157309219353519e-04 0.000000000000000000e+00 2.634887155260826064e-01 1.000000000000000000e+00 0.000000000000000000e+00 1.112000000000000000e+03 -5.988181818181818272e+00
0.000000000000000000e+00 0.000000000000000000e+00 9.999999873220780655e-01 4.002850537672685283e-01 0.000000000000000000e+00 0.000000000000000000e+00 7.807941507531914738e-01 4.234269345301856502e-01 0.000000000000000000e+00 0.000000000000000000e+00 8.923112398292909475e-01 5.214413568867984905e-01 1.000000000000000000e+00 4.947005686720639117e-01 9.999999755827928549e-01 9.955116015490970138e-01 4.590965140002006839e-01 4.810382145610150872e-03 1.000000000000000000e+00 1.000000000000000000e+00 9.502292726184212723e-01 1.143807145275282655e-01 9.607730268080859337e-02 9.999565673711504621e-01 1.836607227210204918e-01 0.000000000000000000e+00 8.884588017985536879e-02 6.493691107427728149e-01 0.000000000000000000e+00 2.367223529764701517e-01 1.000000000000000000e+00 6.455773349370158565e-01 1.504000000000000000e+03 -5.436818181818181728e+01
0.000000000000000000e+00 9.150224658881851436e-01 1.000000000000000000e+00 6.412453480556385976e-01 5.364265023098311030e-04 6.239544037062854168e-03 8.324787355202879768e-02 0.000000000000000000e+00 0.000000000000000000e+00 3.104039332903386628e-01 8.838517491695828676e-01 4.805479501139288678e-01 9.929358434469224282e-01 7.892643489773503163e-01 1.000000000000000000e+00 9.083346075767795291e-01 2.463915692679072567e-01 0.000000000000000000e+00 1.000000000000000000e+00 9.863240831446187240e-01 9.936499970015451044e-01 3.801208524014726975e-01 0.000000000000000000e+00 7.700976383275627279e-01 1.242439036409124543e-03 1.390013675439618485e-02 2.455224422728588818e-01 6.226222431330837859e-01 0.000000000000000000e+00 0.000000000000000000e+00 1.000000000000000000e+00 9.872400656143944797e-01 1.664000000000000000e+03 -5.456909090909091020e+01
1.203753070619009435e-01 7.228507737588983628e-02 5.568599880556105441e-01 4.141281786550171096e-01 3.792136908896710096e-02 2.021302417939941365e-01 0.000000000000000000e+00 5.997958929855840005e-01 1.063610101574661709e-01 3.518752192782844540e-02 2.550332347005275224e-01 9.192953609844933816e-02 9.653230382758730688e-01 5.772898527549390479e-01 6.059575640687023812e-01 2.676104144220730618e-01 6.895319267852109135e-01 5.685058513783036727e-01 1.000000000000000000e+00 6.890980719315408232e-01 1.187921831375702286e-01 5.031828896043226695e-01 8.256323902730684505e-01 1.402995486199519193e-01 1.985605384689442254e-01 8.371796128475560844e-04 6.757356535543641574e-01 8.844261052942904711e-02 0.000000000000000000e+00 3.796295221145550292e-01 5.830928684023715114e-01 2.902152769882000438e-01 6.560000000000000000e+02 -2.183909090909090978e+01
0.000000000000000000e+00 0.000000000000000000e+00 9.998333930349152521e-01 9.797227275190578677e-01 1.821088404272353314e-02 1.459688543727211407e-01 9.877862540477627684e-01 9.373445093227922298e-01 6.910120393519189304e-04 0.000000000000000000e+00 7.497807774167074557e-01 3.926294861400762559e-01 9.304861547441013458e-01 4.077294724059019743e-02 9.978823921276639419e-01 1.000000000000000000e+00 8.117515632639792367e-01 1.000000000000000000e+00 1.000000000000000000e+00 1.000000000000000000e+00 1.999503750908614153e-01 2.086724132751376637e-01 8.243370165820161910e-01 2.847959546118491742e-03 0.000000000000000000e+00 0.000000000000000000e+00 7.066466392148298414e-01 3.694591381376214345e-01 5.897581638556964601e-01 4.463508778195858229e-01 9.475540226403073030e-01 1.000000000000000000e+00 1.854000000000000000e+03 -4.668181818181817988e+01
2.270565446510356203e-02 4.677390378860383779e-01 9.493208950863439854e-01 3.484176277198406391e-01 3.492133043734400588e-01 3.159243839367704698e-01 3.232255852210315639e-01 5.060569905437735105e-01 4.663664213188409846e-01 0.000000000000000000e+00 7.684342724075160502e-02 1.331015951714023624e-03 9.902547710481756083e-01 3.446341333689524333e-01 9.487739053270346501e-01 2.241239056495638315e-01 7.278418798441960158e-01 2.825753632945393612e-01 9.994725568051250342e-01 9.292836816227026953e-01 7.778757908678296529e-01 2.308231214007022691e-02 5.975758727092952416e-01 3.256242719818634446e-01 6.143759084739953275e-03 2.708119918421670325e-01 0.000000000000000000e+00 4.613565344722443673e-02 1.747815377268563744e-02 4.534094520376080184e-01 5.659264204964793432e-01 5.693964570676428583e-01 9.740000000000000000e+02 -2.699727272727272620e+01
3.110105698570763688e-01 3.678928628764701614e-01 0.000000000000000000e+00 0.000000000000000000e+00 0.000000000000000000e+00 5.621063323506992893e-01 9.397187567402318642e-01 0.000000000000000000e+00 7.146590892482523882e-02 0.000000000000000000e+00 4.831510626688836352e-01 0.000000000000000000e+00 5.252878953460921041e-01 1.777377481434656570e-01 1.000000000000000000e+00 1.000000000000000000e+00 2.250954710790984137e-01 8.813111517374917422e-03 4.408214666496045320e-01 1.000000000000000000e+00 8.881717969722109640e-02 4.634345275778518070e-01 1.000000000000000000e+00 0.000000000000000000e+00 6.547542167251564349e-01 0.000000000000000000e+00 9.550563398621230160e-01 3.296276126935013262e-02 0.000000000000000000e+00 0.000000000000000000e+00 8.330393477169371896e-02 9.769104961830584744e-01 1.062000000000000000e+03 -7.257272727272726875e+00
1.792334315201473544e-02 5.812230972437623100e-01 9.567902973449643467e-01 3.778698227988634417e-01 0.000000000000000000e+00 5.718704798707329173e-01 2.412926436968592658e-01 3.052595866518037493e-01 0.000000000000000000e+00 1.211855130405359027e-01 0.000000000000000000e+00 4.262669063285207671e-01 5.854580384946008742e-01 0.000000000000000000e+00 5.807687066120988950e-01 5.145997101930305240e-01 0.000000000000000000e+00 2.747938775076816387e-01 1.000000000000000000e+00 9.126576646027230177e-01 4.626820169218164892e-03 0.000000000000000000e+00 2.953612229303995140e-01 0.000000000000000000e+00 3.141076346416937781e-01 0.000000000000000000e+00 6.412847885706364215e-01 1.253520196539763265e-01 0.000000000000000000e+00 0.000000000000000000e+00 9.990604546917076778e-01 5.736589907903107965e-01 7.960000000000000000e+02 -1.746909090909090878e+01
8.171276798147669718e-02 3.378744902099132252e-01 4.758515970165322906e-01 2.604239068079634012e-01 2.070781979918755455e-01 2.191226689506206053e-05 1.333741994174356404e-01 3.681049717068830551e-01 9.886335391156787084e-03 3.569111515191558930e-03 4.831629735363820455e-01 9.305346014831368251e-01 9.999999965093228083e-01 4.476303641964244906e-01 9.349433640680323565e-01 4.953921364707686847e-01 5.012016896584894354e-01 8.515186190612228367e-01 9.666434543281878788e-01 9.792514555238220897e-01 5.975355067194657588e-01 2.374172581378621305e-01 4.647085400112883069e-01 4.367867556142891461e-01 7.932629141411771112e-01 4.696455898499197340e-03 3.142514495721651091e-01 2.209122527743960229e-01 1.359275589745347762e-02 7.315856590016981409e-01 9.506934065049825744e-01 2.709310137411674035e-01 1.162000000000000000e+03 -2.802363636363635635e+01
4.418967156965327159e-01 3.693249957664717087e-01 7.158801895581422270e-02 6.032601491517830539e-02 0.000000000000000000e+00 7.269452498790918149e-01 0.000000000000000000e+00 0.000000000000000000e+00 2.443412936107027030e-08 5.204528049062137098e-03 4.697144339798909884e-01 6.805148000225750282e-01 6.069511718474067440e-04 6.198453010355908094e-02 9.999947563472253442e-01 1.556938845484892309e-01 8.665184724293006902e-01 1.867906458853208218e-01 1.781752244516334183e-01 3.747653511501182755e-01 8.005033560425206529e-01 9.327567049441998215e-01 0.000000000000000000e+00 6.900472800476686874e-01 0.000000000000000000e+00 1.056511859250406776e-01 3.433428725720419350e-01 0.000000000000000000e+00 0.000000000000000000e+00 4.333516993404528117e-01 7.293017453121763971e-01 1.695126927200833467e-01 7.560000000000000000e+02 -4.305454545454545645e+00
0.000000000000000000e+00 0.000000000000000000e+00 6.528937493004131065e-01 5.895369035342886699e-01 0.000000000000000000e+00 2.959660956562361315e-05 8.359997645220648144e-01 1.712745888526390203e-01 0.000000000000000000e+00 0.000000000000000000e+00 7.537024805282893647e-01 7.106645066454225128e-05 9.944134250346166048e-01 1.480553159184011813e-01 9.997559628837583423e-01 0.000000000000000000e+00 4.629941795768066082e-01 0.000000000000000000e+00 1.000000000000000000e+00 1.000000000000000000e+00 6.499951365939675707e-01 0.000000000000000000e+00 2.801776395498926432e-04 1.000000000000000000e+00 9.458526903020597620e-03 5.807891303926007026e-02 9.996255391943280610e-01 7.207432650518162676e-02 0.000000000000000000e+00 0.000000000000000000e+00 1.000000000000000000e+00 1.000000000000000000e+00 1.304000000000000000e+03 -2.717818181818181600e+01
0.000000000000000000e+00 1.023367137500761220e-01 3.525280823960414978e-01 5.756531275978591516e-02 0.000000000000000000e+00 5.141644306326155212e-01 4.690300204464026984e-02 0.000000000000000000e+00 0.000000000000000000e+00 3.183784844903459962e-03 9.961758606753540191e-01 8.079681126880235154e-02 8.764937868905039453e-01 0.000000000000000000e+00 9.390231476134826005e-01 7.783991355150782221e-01 9.868164447491194480e-01 0.000000000000000000e+00 9.459829919110022134e-01 8.678779813544768018e-01 9.218209813179257806e-01 7.415349694139651282e-01 9.946657656543049786e-01 1.000000000000000000e+00 0.000000000000000000e+00 4.491327541902735976e-01 8.256360164017872982e-02 9.750925979863551696e-01 0.000000000000000000e+00 1.096514569178629744e-01 6.198567163919718181e-01 4.415043599113408490e-01 1.526000000000000000e+03 -3.586090909090909662e+01
0.000000000000000000e+00 7.191535093951942903e-01 4.995280354686058022e-01 1.948552374630171113e-01 0.000000000000000000e+00 0.000000000000000000e+00 0.000000000000000000e+00 3.756014772078076769e-01 0.000000000000000000e+00 0.000000000000000000e+00 4.832737183636219847e-01 5.941051722673174051e-01 9.888413127985762330e-01 0.000000000000000000e+00 1.000000000000000000e+00 0.000000000000000000e+00 1.000000000000000000e+00 5.637601308458930482e-01 4.739342827203091996e-02 3.140906028792841975e-01 0.000000000000000000e+00 0.000000000000000000e+00 0.000000000000000000e+00 8.208680165406880835e-01 1.294251081043915064e-01 0.000000000000000000e+00 4.112549612753150230e-01 3.235858925900471639e-01 0.000000000000000000e+00 1.604608168673680169e-01 8.040900981712622020e-01 1.716701124900625874e-01 7.300000000000000000e+02 -3.050909090909091237e+00
6.230890808155769428e-02 0.000000000000000000e+00 3.520735317004233811e-01 1.528535633426442997e-01 0.000000000000000000e+00 0.000000000000000000e+00 1.715375875546999718e-01 8.248690421048014976e-01 1.045973054912210801e-03 4.436406722410435322e-02 1.000000000000000000e+00 3.124938244742143101e-01 4.480616000474787336e-02 0.000000000000000000e+00 9.349349710514286427e-01 9.699271686882341426e-01 9.639901444296151700e-01 0.000000000000000000e+00 1.184600643762926883e-02 9.867179263679116685e-01 9.690910258579791270e-01 7.834015052918126554e-02 7.658340240579848412e-01 5.228646542904636166e-03 9.926212549033525123e-02 0.000000000000000000e+00 2.437274635544517953e-01 0.000000000000000000e+00 0.000000000000000000e+00 0.000000000000000000e+00 1.000000000000000000e+00 7.288131997463364042e-01 1.150000000000000000e+03 -2.401909090909091304e+01
3.333304612622955965e-01 1.126370409202707111e-03 0.000000000000000000e+00 8.969891142946233265e-05 8.915734860222174207e-02 1.922201518336259882e-03 1.362278473222709174e-01 6.315135289330391366e-01 0.000000000000000000e+00 0.000000000000000000e+00 2.534717727810607002e-01 1.440239076149602004e-01 1.785146001912967439e-03 8.232817658896124380e-02 8.861164097381885041e-01 1.000000000000000000e+00 7.901710554436016665e-01 0.000000000000000000e+00 1.000000000000000000e+00 7.454138276210890979e-01 7.258509197231230448e-02 9.657977324362090887e-02 1.954151548235525948e-01 2.754168445520542852e-01 0.000000000000000000e+00 0.000000000000000000e+00 2.103434420238456948e-01 1.258234032328314767e-01 0.000000000000000000e+00 0.000000000000000000e+00 5.102640198924744963e-01 2.188694988417728624e-02 6.260000000000000000e+02 -1.732000000000000028e+01
1.096422205648232423e-01 4.752008759563950413e-01 9.341344059738083743e-04 5.359833363452574106e-01 0.000000000000000000e+00 8.413935755548440643e-02 9.279318638707113875e-02 2.567922373867582708e-01 1.181876781812989672e-03 2.246017487903785928e-02 4.504949009464735976e-01 7.092873810654464206e-01 1.000000000000000000e+00 2.096185267055012402e-01 4.027928253964213057e-01 9.541228119799156637e-01 7.827452619561989788e-01 6.456765052104462832e-01 8.264655510629496105e-01 1.110193609358648970e-01 6.254161205143552449e-01 9.970633342037695801e-01 8.998359203526269390e-01 3.123678549921236614e-01 5.495663921881071001e-01 7.586821746044464590e-03 1.129507313755200582e-01 8.813529876914778516e-01 1.063860594262068249e-01 2.238419421336541315e-01 8.993295659085442928e-02 1.070704801712176052e-01 9.820000000000000000e+02 -1.725181818181818016e+01
9.131813889561121722e-02 1.291844749418065985e-01 3.089516739545017376e-01 7.497619085547565509e-01 2.064175347352717807e-02 5.803173659391481359e-02 2.317763292893470772e-01 9.497076829856686553e-01 6.150549128398680176e-02 5.335208312332283959e-02 9.667978623372444069e-01 5.729736661870444836e-01 9.990727401006199715e-01 1.652195123287147072e-01 8.835173616364140337e-01 7.470851387052508397e-01 4.078819290599589031e-01 5.278091957913625398e-01 8.936188366067945310e-01 1.000000000000000000e+00 9.799277692318605348e-01 3.746368936724322335e-02 3.681500733116503943e-01 2.640164859882401793e-01 8.930376370230432848e-01 6.572046627878605496e-02 5.716424965886478526e-01 2.354488806502407217e-01 2.216066568748466942e-02 8.615991499848425772e-02 9.997273821669487859e-01 9.099647026035078134e-01 1.548000000000000000e+03 -4.830909090909090509e+01
2.039691223668315193e-02 4.481355863334271494e-01 9.060133836274647523e-01 7.700315962613512612e-05 1.498830030437774304e-04 0.000000000000000000e+00 7.882414881660627232e-03 9.897761071075158457e-01 5.655716760842828261e-01 0.000000000000000000e+00 7.884398067363896923e-01 2.076487722778653788e-01 9.435324286887947220e-01 5.527220285067010463e-01 9.828477587344689459e-01 1.000000000000000000e+00 5.356475271777704217e-01 1.285376246573027327e-02 9.183607248997682770e-01 9.999767408429314219e-01 9.391242529124849137e-01 1.000000000000000000e+00 1.175912882001854121e-01 5.479450758125223864e-01 3.778407605849975481e-01 8.161643131086168679e-02 4.668813955895951828e-01 8.873030621719669719e-01 1.978972327041106372e-02 5.336803243590881179e-02 9.783626156841976895e-01 9.086802873399776326e-01 1.730000000000000000e+03 -5.723272727272726712e+01
0.000000000000000000e+00 6.513680836943160080e-02 5.032241514045530939e-02 9.999999998289599290e-01 0.000000000000000000e+00 1.318650517872724248e-01 8.482442952823620042e-01 0.000000000000000000e+00 3.329939383206148573e-02 0.000000000000000000e+00 3.734322716942344239e-04 4.397098853428859089e-01 5.233416171205825806e-01 9.541887597609392813e-02 9.752628281506302566e-01 9.954181235074006651e-01 1.000000000000000000e+00 0.000000000000000000e+00 6.135798699966888980e-01 5.677502127020906952e-01 9.423602753114346253e-01 0.000000000000000000e+00 1.000000000000000000e+00 0.000000000000000000e+00 1.321657612417791866e-02 2.814882451104891285e-04 0.000000000000000000e+00 6.258152538865010550e-01 0.000000000000000000e+00 4.782140255746766266e-01 6.311294438529240214e-01 6.037951561986064364e-02 1.028000000000000000e+03 -1.587181818181817938e+01
0.000000000000000000e+00 0.000000000000000000e+00 8.789940524436752334e-01 5.754095755042727689e-02 1.964841868132832651e-04 1.399297574754249616e-02 4.349668924935322090e-01 5.914338115249177102e-02 0.000000000000000000e+00 0.000000000000000000e+00 4.577788099258509602e-01 0.000000000000000000e+00 4.167265701220523866e-01 0.000000000000000000e+00 7.231321905822347684e-01 5.723825976598803100e-01 3.559204852554918586e-01 2.998202762325497539e-01 4.648495687029170487e-01 5.616686198403028074e-01 4.339432298308228408e-01 7.818488854839293623e-02 4.469569003936905149e-01 1.458579063335214698e-01 3.579281060236607637e-01 0.000000000000000000e+00 0.000000000000000000e+00 7.963776387045529148e-02 3.281890321803038885e-02 3.188868887608212188e-01 4.634012913947852530e-01 3.637233632174918796e-01 4.180000000000000000e+02 -6.622727272727273906e+00
3.907132996995706375e-01 7.017182722248835672e-03 4.865919484916050863e-01 1.160458596855754032e-01 4.734007371557159317e-03 4.420767290067721955e-01 1.256250774604621145e-01 1.023967585021051535e-01 1.309460643654760705e-02 1.592961768299562889e-02 4.547471660794671910e-02 2.315007458138139684e-01 9.880411391777349506e-01 2.489820886769477173e-02 4.566904029058177494e-01 5.617508971307176857e-01 7.975005348032457864e-01 2.284526176588621074e-02 3.663849837944013199e-01 1.639125926163590152e-01 2.220479315283742094e-01 2.036661664252560622e-02 8.210863451314207584e-01 4.318180063038696281e-01 7.377287985669267467e-02 1.088406455550274682e-02 3.200821374577033640e-01 3.505172915290892810e-01 9.167129846116510829e-04 1.456203794686835098e-02 4.137320888666617957e-01 1.486134060582454675e-01 4.220000000000000000e+02 -3.001818181818181941e+00
7.945961221305619659e-01 8.216601943400701769e-02 3.492228091556792702e-01 9.006536236874984613e-01 2.549758638703055746e-01 0.000000000000000000e+00 2.549191793992928168e-01 1.000000000000000000e+00 4.589019028272641743e-01 0.000000000000000000e+00 7.244376446337238429e-01 0.000000000000000000e+00 9.595720542938742659e-01 8.773596718916304438e-01 1.874226335275147315e-01 1.000000000000000000e+00 9.824878798865726015e-01 1.394131592450025270e-01 1.000000000000000000e+00 9.512994718337054456e-01 5.333679555843834352e-01 3.750679616414032136e-01 7.551989344237299839e-01 7.241199688582335980e-01 0.000000000000000000e+00 8.621629520644431832e-02 7.973692361560938968e-01 3.883842998349292808e-01 1.964870788455539974e-01 9.698430323259384922e-01 1.000000000000000000e+00 1.341886875106849675e-01 1.688000000000000000e+03 -3.702272727272727337e+01
8.593063609039010287e-02 5.239297809628911118e-01 9.999999538588280057e-01 5.411980851767584921e-01 0.000000000000000000e+00 5.850872533469917425e-01 7.472457061012917345e-02 1.000000000000000000e+00 0.000000000000000000e+00 0.000000000000000000e+00 2.272211963367496979e-01 3.839941062154577645e-01 1.000000000000000000e+00 8.252201515768925466e-01 8.752416505360284260e-01 4.071920091536832542e-01 9.885231485101365623e-01 0.000000000000000000e+00 1.000000000000000000e+00 6.152615328164948716e-01 9.827114894078741170e-01 9.500743665220875434e-01 8.787696555299837585e-04 8.247267769170941731e-01 2.247207141816173585e-03 0.000000000000000000e+00 5.532950320098296570e-01 4.301635218324580817e-02 2.917513305565455628e-02 1.179348747925449831e-01 8.346955280941340538e-01 2.017994542937395189e-04 1.374000000000000000e+03 -3.625363636363636033e+01
0.000000000000000000e+00 0.000000000000000000e+00 8.409843995337281664e-01 0.000000000000000000e+00 0.000000000000000000e+00 9.324289245661925019e-02 9.647696283315942251e-05 6.636194707308971097e-01 0.000000000000000000e+00 0.000000000000000000e+00 0.000000000000000000e+00 4.926435839965569441e-01 8.009187702923302732e-01 5.492033626977686897e-04 3.390723455033680112e-01 1.813111112922492218e-01 2.040397740719621165e-04 0.000000000000000000e+00 9.338414234545260317e-01 4.335501870217051135e-01 2.227458785608891767e-01 0.000000000000000000e+00 0.000000000000000000e+00 0.000000000000000000e+00 4.181372759551332807e-01 0.000000000000000000e+00 5.544108909110911400e-03 0.000000000000000000e+00 0.000000000000000000e+00 1.370167428128753542e-02 2.050198503856805746e-07 1.972330670166080602e-01 3.900000000000000000e+02 -1.197272727272727444e+01
2.027554696726721617e-01 0.000000000000000000e+00 1.000000000000000000e+00 4.076706934139022742e-01 0.000000000000000000e+00 5.923344104822542144e-02 9.112099156367456931e-01 8.289533368847066264e-01 0.000000000000000000e+00 7.953044150175029789e-03 9.998298004612004020e-01 5.517196082674477031e-01 9.673409611412515652e-01 4.436073900986837737e-01 9.983344145807208081e-01 9.999942275692819127e-01 8.931127076321411229e-01 8.813607867581634003e-02 1.000000000000000000e+00 1.000000000000000000e+00 7.862077235110759288e-01 0.000000000000000000e+00 1.705610688290751797e-01 7.518959309321628925e-01 3.728929627221986287e-01 0.000000000000000000e+00 2.059751924606842421e-02 5.304070467515112908e-01 0.000000000000000000e+00 7.531056715169910654e-03 1.000000000000000000e+00 8.595741108202633596e-01 1.694000000000000000e+03 -4.661000000000000654e+01
0.000000000000000000e+00 6.690039221796504343e-01 5.511818908368244507e-01 6.679540223008584299e-01 0.000000000000000000e+00 1.255696936711522271e-01 9.538289074626486730e-02 1.392795255181610847e-01 1.503400391656119217e-01 6.444687552033856459e-01 2.578498165573792078e-01 8.787529015323344295e-01 9.976920335989791777e-01 1.194820612817174277e-01 4.056203039857598780e-01 1.000000000000000000e+00 2.456235461956682853e-01 8.324513293708448725e-01 9.615990929758092554e-01 9.825084671948233206e-01 6.104335079136571363e-01 1.007781376862394440e-01 0.000000000000000000e+00 1.424745567083942656e-02 2.508804941929567156e-01 2.307138104106398052e-02 3.170358504826444324e-01 3.854423133042163552e-01 6.921669458484566370e-03 2.984820683651106046e-02 3.925932746787721972e-01 7.844925694787822923e-02 9.220000000000000000e+02 -2.471454545454545482e+01
0.000000000000000000e+00 9.885024316520275578e-01 1.780116149579284157e-01 5.896772726174939131e-05 0.000000000000000000e+00 0.000000000000000000e+00 0.000000000000000000e+00 6.393852957213784494e-02 0.000000000000000000e+00 0.000000000000000000e+00 7.933254557015172459e-01 5.445349940600688887e-01 4.507158403387259704e-01 2.767978288298520405e-03 3.475867845264253853e-01 3.397175253107318632e-02 4.971433834824792730e-01 1.794065219912694409e-01 2.353679855852496561e-01 8.228968203576546570e-01 8.535529082743822716e-07 7.675983169590222662e-04 5.376346951096806492e-01 3.989908628422921899e-04 2.709829465995439168e-01 0.000000000000000000e+00 6.971911242637661710e-01 3.503106390016439975e-01 2.108728090393753119e-05 0.000000000000000000e+00 5.511416802924736791e-01 2.916235313298028986e-01 4.400000000000000000e+02 -2.280909090909090775e+00
0.000000000000000000e+00 8.027675069664252927e-01 8.858566371350837798e-01 9.598081770399247148e-01 1.767861772762109596e-01 0.000000000000000000e+00 2.235498815622408847e-02 5.823783325251060683e-01 7.669198232332149479e-01 3.364484314163025680e-02 7.676478430257523133e-02 9.995333395848274849e-01 1.288788094886625657e-01 9.838606440469340741e-01 6.784487267914451891e-01 1.054008849726585650e-01 0.000000000000000000e+00 4.862584993815061152e-02 1.000000000000000000e+00 9.651863114463793414e-02 4.642167217913241808e-04 1.000000000000000000e+00 9.328239811599410292e-01 6.284735656209660126e-01 4.360605699243066957e-01 4.842032871476971145e-01 1.138044117069368921e-01 5.806090220479417363e-01 8.894801759474906281e-04 4.719550116172074872e-02 1.471590279710401419e-02 1.952304458100600701e-02 1.220000000000000000e+03 -1.173454545454545261e+01
0.000000000000000000e+00 4.999070180056405244e-01 6.433986842595231792e-01 1.971153438627163551e-02 1.113604079310940957e-02 3.528541452595370959e-03 8.088599647108007940e-01 6.833012255867035867e-01 0.000000000000000000e+00 0.000000000000000000e+00 6.944865400558536406e-01 4.246417694759686001e-01 1.000000000000000000e+00 1.961659486487215553e-01 9.896553406729734492e-01 1.000000000000000000e+00 1.268889914211438485e-01 1.503157082085025513e-02 1.000000000000000000e+00 2.335223488896931987e-01 2.526062569680725955e-01 0.000000000000000000e+00 1.279554206227337954e-01 7.621996547064252558e-01 2.518668296423972990e-03 1.152599683023972366e-01 4.925922578373210237e-01 5.908245378592921727e-05 3.986779050715104182e-03 6.232285499159262443e-02 1.865501632038147062e-01 0.000000000000000000e+00 8.240000000000000000e+02 -1.777272727272727337e+01
9.393525803349338664e-07 3.458537880403837056e-02 8.016251079809660895e-01 7.974320950209039249e-02 5.498154429499170492e-03 1.160747518811805804e-04 4.605381813828721832e-02 6.992385212764009594e-01 9.484148481926815699e-02 4.110223023434696477e-01 1.897382784088591789e-01 3.610237706003060487e-01 2.255659462994014930e-01 2.788993094750081073e-02 5.496786741050931901e-01 7.503654438165257012e-01 4.264074601930426534e-01 7.261443317026784749e-02 8.801143689506619738e-01 9.362085565205504611e-01 4.829733804749569703e-01 6.476535556442789554e-01 3.495882090037352175e-01 4.540864533162590851e-05 0.000000000000000000e+00 8.782176396701212723e-05 9.806484476554924168e-01 2.626273806372264596e-01 1.776272976084066618e-02 7.892499261293758894e-02 6.829373951620038019e-01 5.409300564804245814e-01 7.280000000000000000e+02 -2.227181818181818329e+01
0.000000000000000000e+00 7.175904994307855111e-02 2.769058358407592291e-01 8.823262380013532913e-02 3.855559900349975503e-04 9.265724988773294697e-09 8.646660819534789100e-02 1.580948818887939755e-01 1.214174835657299834e-01 3.614595729400819080e-01 6.272634154054513855e-01 3.433673295671665904e-01 1.000000000000000000e+00 1.747024391565211721e-01 6.121334400871095704e-01 1.686304405319966893e-01 7.868099776841110116e-02 0.000000000000000000e+00 5.835258854054973243e-01 9.877646766543476398e-01 2.459412340889604587e-01 3.284322143526429132e-03 5.376529408619008521e-01 3.023072852058556262e-02 1.408246904913292852e-01 1.471708905332742012e-01 5.932864485197207882e-01 4.054561911845398076e-02 2.933510334507322126e-01 5.476269951912413753e-02 9.679906585556086185e-01 6.796057901076332231e-01 6.360000000000000000e+02 -1.253181818181818130e+01
0.000000000000000000e+00 6.289759766231955984e-01 8.857850189667691998e-01 2.948013705086626191e-01 1.772692612785262883e-07 3.158643422580399431e-10 0.000000000000000000e+00 9.575737894057683164e-01 3.304235966465857710e-01 1.029170899351683315e-02 1.789284315338783571e-01 3.704497259378563556e-01 3.727284741574924953e-01 0.000000000000000000e+00 4.065372016820335832e-02 9.970978897365101457e-01 6.777602207815744961e-01 1.448037724692660851e-02 9.268533455245955288e-01 9.902096000597851999e-01 4.815264816870800102e-01 5.334698254021873892e-02 1.122671420522522306e-01 4.815461820782199753e-01 1.522895495861693316e-01 0.000000000000000000e+00 1.603726072785563450e-01 4.130882237965711190e-01 0.000000000000000000e+00 8.259092620301589083e-01 6.734638459706685509e-01 4.725376511053633322e-01 9.240000000000000000e+02 -2.289454545454545453e+01
1.768949738704847638e-03 1.103112545436040343e-01 9.280762523208654358e-01 2.100630388751007632e-02 7.767398636943366463e-02 0.000000000000000000e+00 1.186483634864552161e-01 4.089277773017837014e-01 2.892688737201209830e-03 1.853437969996447193e-02 1.154239839215714658e-01 8.962466085503150159e-01 3.509643092232893058e-01 9.430228183613489565e-03 8.946684939138588311e-01 6.418452561368574727e-02 3.382754570568453634e-01 2.143988988865835020e-03 9.986115473727085190e-01 9.643735373042827685e-01 6.483662106911847189e-01 6.757711604275201678e-01 1.938027949925883175e-01 1.162877228815506064e-01 3.634616661276957907e-03 3.880401365526533314e-04 5.328508613543432304e-01 1.434667806036649118e-01 9.548758142562232057e-04 7.150276953421637327e-02 5.949354421979854285e-03 5.158596167146625722e-02 7.900000000000000000e+02 -1.765727272727272634e+01
0.000000000000000000e+00 7.086559078166956849e-02 9.911129706817183305e-01 3.574027671899389635e-01 0.000000000000000000e+00 0.000000000000000000e+00 2.853708646113599090e-01 1.000000000000000000e+00 0.000000000000000000e+00 1.324551882715881146e-01 7.998763376855354268e-02 1.425956429564871099e-02 1.000000000000000000e+00 4.089543363626032546e-01 5.336066040992595294e-01 1.000000000000000000e+00 0.000000000000000000e+00 9.868822097068531696e-02 1.000000000000000000e+00 1.000000000000000000e+00 8.368606480777658341e-01 5.836125627222659828e-04 8.788294135035531474e-01 9.459475345346389508e-02 4.361097852565381378e-02 0.000000000000000000e+00 2.018141034363010455e-01 4.221670464131962314e-02 0.000000000000000000e+00 1.043915127198602050e-01 9.999017047241267608e-01 2.929275881976997967e-02 1.164000000000000000e+03 -2.761181818181818315e+01
1.074920995524634437e-01 1.490393002891985397e-01 1.000000000000000000e+00 0.000000000000000000e+00 0.000000000000000000e+00 8.280527841695558069e-03 0.000000000000000000e+00 3.371284204216109387e-02 1.116533009727532708e-05 1.213776389943466732e-05 0.000000000000000000e+00 1.190960949279075837e-01 7.628896341194996156e-01 1.225390881723165653e-05 9.671392173141486470e-01 1.000000000000000000e+00 2.288636405642251737e-01 5.147699848788308552e-01 6.418856687842924291e-01 1.000000000000000000e+00 2.009986799073738561e-01 0.000000000000000000e+00 1.001585203854997701e-03 4.634525578387525824e-03 3.211326051527145806e-12 0.000000000000000000e+00 9.355693671975914283e-01 1.119166056706494411e-01 1.126144367083422183e-03 1.533347347049447418e-01 3.131371770240595764e-02 1.302864487461936893e-01 8.080000000000000000e+02 -1.167272727272727373e+01
1.289530697523040007e-07 0.000000000000000000e+00 9.994809060857510197e-01 5.106980565855403934e-05 0.000000000000000000e+00 0.000000000000000000e+00 3.384120691741107079e-01 0.000000000000000000e+00 0.000000000000000000e+00 0.000000000000000000e+00 2.061220639545914002e-01 1.796946343368799326e-01 2.598097481579842438e-01 0.000000000000000000e+00 3.247893884098759787e-01 0.000000000000000000e+00 0.000000000000000000e+00 0.000000000000000000e+00 9.310547097734785948e-01 9.490899762480026203e-01 8.204768348728319616e-01 0.000000000000000000e+00 1.922586746773349148e-02 0.000000000000000000e+00 2.647359157402159324e-01 0.000000000000000000e+00 9.695614089973866312e-01 1.244428428294467315e-01 7.823543174313966496e-05 5.251029441591938899e-05 2.704928401247664316e-01 6.845232386587548623e-01 6.820000000000000000e+02 -1.040090909090909044e+01
4.250007684209624184e-08 1.197490471029334056e-04 9.199190293171701782e-01 0.000000000000000000e+00 0.000000000000000000e+00 2.022236996813484011e-01 2.448530149440432662e-03 1.956258479401695172e-01 0.000000000000000000e+00 0.000000000000000000e+00 7.974744678641442151e-08 4.885437635050046907e-04 6.178615537073358643e-01 1.616442292946973225e-01 1.743996245958303881e-01 6.941480261574541899e-01 1.543842649723382377e-04 8.940537080470191411e-02 8.642736170487004266e-01 2.197840607331625895e-01 0.000000000000000000e+00 8.855928946457994888e-01 3.697254271608295118e-01 3.454053098082591755e-01 5.073649502531100210e-05 8.571018178897981570e-05 2.699434365758442427e-04 4.116745835516535078e-03 1.240417279724569396e-08 0.000000000000000000e+00 3.170624635868055097e-01 8.875927895110038990e-02 5.300000000000000000e+02 -1.334909090909090956e+01
0.000000000000000000e+00 1.174649015710555432e-02 2.592422240558562296e-01 1.323772671858204908e-01 4.480681006228853618e-03 0.000000000000000000e+00 7.748208736023647764e-03 0.000000000000000000e+00 1.788517640107513060e-02 0.000000000000000000e+00 1.735615512066938371e-01 8.806356961452972421e-01 5.617198699138441498e-01 6.380432561464679520e-01 8.598591250571994138e-01 7.359558278825431912e-03 7.961260816122689432e-02 0.000000000000000000e+00 4.844893731484323784e-01 3.831718169324703493e-02 1.058582117010177931e-01 3.285075802773613218e-01 4.395516771266163025e-01 9.991185950920036252e-01 0.000000000000000000e+00 2.266293576976839523e-03 2.684909091233792303e-03 7.203438246231574915e-01 0.000000000000000000e+00 5.544206969923207162e-02 3.718999954664224949e-01 6.281561761231830854e-01 6.220000000000000000e+02 -1.924545454545454337e+00
1.153397481711077925e-06 2.647057905647758891e-01 2.564236647901069199e-01 1.829070967460085049e-04 0.000000000000000000e+00 5.777834168262766662e-02 3.804587868516194349e-01 2.187918280282606376e-01 0.000000000000000000e+00 6.242323463956243358e-03 1.115271622882021800e-02 5.633262254405893533e-05 6.949191362122636439e-02 0.000000000000000000e+00 3.366917169839351853e-01 1.808272783916901327e-01 1.354681665114302984e-02 1.950841321846099041e-01 5.759679547483097517e-01 1.285525970907073490e-01 1.160001929622884453e-01 1.062958743309828369e-01 3.197538934906313485e-04 1.765398587780347972e-02 1.616486413528778199e-02 4.060419089428219058e-08 3.367381227098569657e-02 1.456143429340346351e-01 1.437421214534373480e-04 3.721648999958010202e-03 4.681334998375066836e-01 2.169469927744158977e-01 1.340000000000000000e+02 -1.139090909090908932e+00
3.664165417985145723e-01 1.310492192049915114e-02 3.825758996499101228e-01 1.062107299432596685e-01 8.241531121270716883e-08 0.000000000000000000e+00 9.033818335808288524e-02 5.135191462179198307e-01 4.837506043023906377e-08 0.000000000000000000e+00 2.743565772668245528e-01 9.710182854344295844e-02 9.999606365367518235e-01 3.023216689570981056e-03 2.943128417377271488e-01 9.969607978141108440e-01 4.183374560943892151e-01 0.000000000000000000e+00 1.000000000000000000e+00 4.051729949871551439e-01 8.110473110851929013e-01 3.180050563869291080e-01 3.638636426304406486e-03 5.861848678567165968e-07 1.578577178214525013e-03 0.000000000000000000e+00 7.352829655892102745e-02 0.000000000000000000e+00 0.000000000000000000e+00 1.008334725602721277e-01 8.653304771611515234e-01 2.141543665012869413e-01 6.840000000000000000e+02 -2.173090909090909051e+01
1.828148377669067126e-01 0.000000000000000000e+00 1.000000000000000000e+00 0.000000000000000000e+00 0.000000000000000000e+00 0.000000000000000000e+00 0.000000000000000000e+00 8.018840825697900465e-01 0.000000000000000000e+00 0.000000000000000000e+00 0.000000000000000000e+00 4.018582297113505275e-04 4.370178950457209166e-01 1.406759548939913104e-02 3.800125292095771212e-01 0.000000000000000000e+00 0.000000000000000000e+00 2.389930827568207128e-01 1.000000000000000000e+00 0.000000000000000000e+00 2.897722333313533793e-01 0.000000000000000000e+00 3.597145694111733571e-02 0.000000000000000000e+00 0.000000000000000000e+00 0.000000000000000000e+00 6.310978580154075201e-01 1.169862639378956015e-02 0.000000000000000000e+00 2.990379189146668421e-02 7.437827936321836919e-01 3.355584121863789404e-01 5.060000000000000000e+02 -1.390363636363636424e+01
0.000000000000000000e+00 5.512560804662844927e-01 9.936034865470695365e-01 5.086108234284545393e-01 2.631050159904785497e-04 0.000000000000000000e+00 1.000000000000000000e+00 1.000000000000000000e+00 2.946861307881694647e-01 1.747568876030962393e-02 3.001207475082726117e-01 8.073026500280197082e-01 1.000000000000000000e+00 9.917758163805818344e-03 1.000000000000000000e+00 9.999996784731812749e-01 6.092530450737294601e-01 8.943420047804483998e-04 9.988827297329819777e-01 9.999155153352899950e-01 3.503696621547539580e-01 8.417662177499802834e-01 6.032742594666539171e-01 3.156594467987164920e-01 5.904609101954101380e-01 7.202591628730335982e-01 9.853079838162371873e-01 2.038843518886963024e-01 3.763490760989754436e-01 2.034507407279334268e-01 9.970236870491056003e-01 5.822634277824573212e-01 1.692000000000000000e+03 -4.391272727272726684e+01
2.000217330059428453e-03 2.611488873559235091e-01 3.520994649779806696e-01 3.456282926409752765e-01 9.036761830304973486e-02 9.971238499562979918e-01 0.000000000000000000e+00 3.890423412874569878e-04 1.000000000000000000e+00 0.000000000000000000e+00 0.000000000000000000e+00 9.816353811726455936e-01 7.774744061170334175e-02 6.895557285690875338e-01 5.490119342115918483e-02 6.337002153404310613e-10 5.460849552585731554e-04 8.164548956366226573e-01 2.714992623268471794e-01 3.979261627050343364e-01 0.000000000000000000e+00 2.842516058582124083e-01 3.423824929923614119e-02 1.975643322355311593e-01 1.136598568282863736e-01 4.964706665740191704e-01 1.126666713174465710e-06 7.845947294460812182e-01 9.458504770638116732e-02 9.570757501727716887e-01 1.324238002141574612e-03 0.000000000000000000e+00 7.620000000000000000e+02 -0.000000000000000000e+00
0.000000000000000000e+00 1.241374653132493594e-01 9.424638118914857587e-01 9.999977833087245749e-01 2.158874308139571881e-03 1.538575553940541851e-01 1.703018181425363098e-01 1.000000000000000000e+00 6.475447829303208058e-01 1.058550355531154563e-01 4.994735216055762317e-01 1.000000000000000000e+00 1.000000000000000000e+00 2.125807611918945905e-01 8.895298707889073286e-01 1.000000000000000000e+00 7.337767486850931276e-01 6.079023670399951174e-01 1.000000000000000000e+00 8.525325098603313556e-01 7.150822308878207467e-01 3.326397299445087996e-01 1.936895215513650672e-06 5.391707859646140966e-01 1.190218930380611967e-01 8.581509121740318879e-02 1.000000000000000000e+00 0.000000000000000000e+00 0.000000000000000000e+00 4.312840606791866760e-01 1.000000000000000000e+00 9.999966887766186252e-01 1.750000000000000000e+03 -3.628454545454545155e+01
5.694222782593441762e-06 1.247790887868383825e-01 9.813996035372415383e-01 6.456038618640596027e-01 0.000000000000000000e+00 6.103080702856973350e-01 6.707840165135788846e-01 0.000000000000000000e+00 4.909361781044916523e-02 5.809692391888358551e-03 4.869227375516601425e-02 0.000000000000000000e+00 1.024319121235900548e-01 3.712472136879969490e-05 9.712495449452464638e-03 2.857038024348088068e-01 5.964875637711625927e-10 0.000000000000000000e+00 7.371301595255187467e-01 3.562578807831193739e-01 1.188355259154135340e-01 7.368991019270334508e-01 1.532060424676139621e-01 2.341014867394610732e-01 1.812195933677312187e-01 0.000000000000000000e+00 1.632353778775577358e-01 6.913314076712119283e-01 2.189720548535692424e-02 0.000000000000000000e+00 0.000000000000000000e+00 2.177636938480563833e-01 4.520000000000000000e+02 -2.703636363636363615e+00
1.925072437949461313e-01 9.217353677130417366e-02 4.363284079980499497e-01 5.353512194363684307e-01 1.365727806667291211e-02 3.339734542658213956e-02 5.124547223962004905e-01 9.559034523645195680e-01 1.158830108055420027e-01 1.002113068801585294e-01 5.028908412834796060e-01 5.439884572529836149e-01 9.122578750834904326e-01 0.000000000000000000e+00 9.493399326142233363e-01 5.592302015464967191e-01 7.678991312123412127e-01 4.786025393898686309e-01 8.730347983524965327e-01 1.722662849372005589e-01 6.352803054712153896e-01 6.005280805191303556e-02 4.071190355762638324e-01 2.303871269068384076e-01 2.897513336504921599e-01 6.568391176185912894e-03 6.273846929351758472e-01 6.778572360459210466e-02 1.432364776394684167e-02 2.048829340053739401e-01 8.561240693969399684e-01 1.065038737002144305e-02 8.700000000000000000e+02 -2.540181818181818230e+01
1.454683766807640839e-02 3.334186310606712667e-01 7.283534459405256456e-01 1.222155557296636212e-02 6.721187957518160241e-03 5.296457809879672081e-03 6.520588247622593342e-03 9.801224463987930902e-01 1.601032195192742674e-02 6.256782341494618316e-02 9.616028285288395760e-02 4.612318940222892572e-02 9.939113899914070460e-01 1.455572871273523028e-01 9.410436333153729960e-01 3.921173384125135053e-01 3.981487103142783424e-02 8.367263085538833023e-01 7.710454296236495253e-01 1.652515955315489726e-01 2.130097306722771866e-01 1.345837339868950940e-02 5.703237934674621444e-03 7.381196352203921174e-02 8.060508378192900170e-02 1.543105988326485753e-02 2.833651631728679177e-01 7.036055301685428809e-02 2.259471877733158773e-02 1.672945382463793262e-02 6.288097785381722982e-02 3.946935791504297963e-01 6.540000000000000000e+02 -1.237272727272727302e+01
2.106202380243790695e-01 4.266301777269639744e-02 8.831084820211130282e-01 4.344864296437150886e-01 4.907555287756153184e-02 1.099238907377072111e-01 5.810008770215062054e-03 7.702131231624043117e-01 7.935082796198623944e-02 1.129399499571306226e-02 1.273150045279986264e-01 6.374811172556655858e-01 1.000000000000000000e+00 1.179576536629889233e-01 6.806615682708302417e-01 9.204812695005025747e-01 9.607011506851300675e-01 2.299380869733658739e-01 8.774817910228374096e-01 1.000000000000000000e+00 8.414486627580020084e-01 3.837205106485858108e-01 9.165333799309312024e-01 6.332231186575636439e-01 8.543318105383940209e-01 2.434469285179001741e-01 9.285325881974624274e-01 2.527893068907459684e-01 2.259118564383055527e-01 3.623900079961723808e-01 8.177720753254279495e-01 7.174658397622912798e-02 1.446000000000000000e+03 -3.930545454545454476e+01
9.280912130837431093e-06 6.942660469007784219e-01 0.000000000000000000e+00 0.000000000000000000e+00 0.000000000000000000e+00 0.000000000000000000e+00 0.000000000000000000e+00 4.118629736558783172e-01 0.000000000000000000e+00 0.000000000000000000e+00 8.545622446799919780e-01 4.197517253964060807e-02 5.086947487486066510e-01 7.204062825828655425e-01 9.077553831640815599e-03 9.871717168852685926e-07 0.000000000000000000e+00 5.204897292314635271e-01 8.771977802919899148e-01 2.986125074897745535e-02 3.524441711859033904e-02 0.000000000000000000e+00 1.054092970755456972e-02 5.743505825788699504e-01 2.163898054850795782e-01 0.000000000000000000e+00 8.994191442881063203e-01 0.000000000000000000e+00 0.000000000000000000e+00 9.443772074807516015e-01 1.050775640024019346e-02 4.508746204861157625e-01 6.760000000000000000e+02 -3.767272727272727106e+00
0.000000000000000000e+00 0.000000000000000000e+00 0.000000000000000000e+00 2.287509158266028825e-03 0.000000000000000000e+00 0.000000000000000000e+00 7.982209368449672340e-03 1.427899256911324133e-01 0.000000000000000000e+00 5.869315355155979574e-01 1.876557289892024083e-01 1.000000000000000000e+00 6.894802283638309381e-01 0.000000000000000000e+00 3.444730454115633167e-01 1.000000000000000000e+00 1.000000000000000000e+00 0.000000000000000000e+00 1.000000000000000000e+00 6.161021687824861509e-02 1.894880215229589882e-02 0.000000000000000000e+00 9.702856467140613672e-03 3.020670569734712138e-02 3.416436468167157597e-02 0.000000000000000000e+00 1.000000000000000000e+00 0.000000000000000000e+00 0.000000000000000000e+00 0.000000000000000000e+00 3.074691581740728874e-01 0.000000000000000000e+00 7.680000000000000000e+02 -1.424727272727272798e+01
3.611544698043476359e-02 3.878455891611542333e-02 2.751976967823008269e-01 2.271820368372112486e-01 0.000000000000000000e+00 2.465803364711487491e-02 8.747000482903351248e-02 2.066438285033652678e-01 0.000000000000000000e+00 0.000000000000000000e+00 1.327701343248217092e-01 9.007881276744858501e-02 7.635565753332032579e-02 0.000000000000000000e+00 4.512616381781177632e-01 1.540793036422618278e-01 8.211131657647383064e-02 1.544343194011432996e-01 9.999564829539593358e-01 0.000000000000000000e+00 2.102959612245434984e-01 0.000000000000000000e+00 2.848708543392312054e-01 9.775506843182572014e-01 0.000000000000000000e+00 0.000000000000000000e+00 0.000000000000000000e+00 1.431696064136168955e-02 3.537321910989656842e-02 9.739411941137586168e-03 1.808174360654681316e-03 7.176354932922059116e-02 3.440000000000000000e+02 -1.062727272727272743e+00
8.356750036587419495e-02 9.475538136514310636e-03 9.668387119686997488e-01 4.640081743463133623e-01 0.000000000000000000e+00 0.000000000000000000e+00 0.000000000000000000e+00 2.804807246826853673e-01 3.406685312635541335e-02 1.038182044430272519e-03 8.079067012792500169e-01 3.041198528069395668e-02 8.238983048915556051e-02 9.897902235570840701e-03 9.301156969871169355e-01 9.245037735765353204e-02 1.000000000000000000e+00 0.000000000000000000e+00 7.767853683272184506e-01 8.877372874998626928e-01 9.797026434099637138e-01 0.000000000000000000e+00 3.964398330181360119e-01 1.752282616767076836e-04 0.000000000000000000e+00 2.088857453707589074e-01 6.074507327196343454e-01 3.566153352502456908e-01 0.000000000000000000e+00 1.374446560921153693e-01 9.999954354768519904e-01 4.220102118880960512e-03 1.004000000000000000e+03 -2.248454545454545439e+01
0.000000000000000000e+00 0.000000000000000000e+00 2.031727756877316493e-01 8.331919569043197971e-01 0.000000000000000000e+00 7.189653328490033108e-09 0.000000000000000000e+00 9.992833787441406379e-01 0.000000000000000000e+00 1.766681050869185754e-01 1.196389266194287371e-01 0.000000000000000000e+00 9.999999901358399557e-01 0.000000000000000000e+00 7.805990634922252980e-01 9.863026085984166746e-01 9.738746335172502322e-01 0.000000000000000000e+00 1.000000000000000000e+00 9.734050069499090574e-01 2.100595223497386810e-01 1.779202579373066473e-01 5.688151400886415354e-01 0.000000000000000000e+00 1.671236894567218642e-08 0.000000000000000000e+00 1.000000000000000000e+00 5.101819361188092428e-01 0.000000000000000000e+00 2.929728540055491215e-01 9.996370348092223912e-01 0.000000000000000000e+00 1.238000000000000000e+03 -3.334818181818182126e+01
1.498998041468448394e-01 1.663661137208121144e-01 9.194851548283675680e-01 7.747749156049092978e-01 1.588819075066751768e-02 1.203455557751677840e-01 5.488896275456516261e-01 1.000000000000000000e+00 1.912542585221380792e-02 4.647508275960005562e-03 5.700299188741569933e-01 8.744961381603973960e-01 1.920320754493129167e-01 2.486758725145046117e-02 9.225439452171910748e-01 4.041715638721408155e-01 9.276573832735230951e-01 2.303105498977492671e-01 9.529860111832828551e-01 9.959270902912201739e-01 8.685908428658491998e-01 8.160202630767340315e-01 3.472319921084053296e-01 1.650286195792349461e-02 1.783810723646839583e-02 2.131814679672132482e-03 5.878358873411042573e-01 7.161808803808535073e-02 4.060501228158238662e-01 1.043907817645796376e-01 1.000000000000000000e+00 1.314556238967433954e-01 1.406000000000000000e+03 -3.795363636363636317e+01
0.000000000000000000e+00 0.000000000000000000e+00 7.995151684337132858e-01 0.000000000000000000e+00 0.000000000000000000e+00 0.000000000000000000e+00 0.000000000000000000e+00 0.000000000000000000e+00 0.000000000000000000e+00 0.000000000000000000e+00 3.216611522100554232e-01 8.364591869389652601e-01 0.000000000000000000e+00 0.000000000000000000e+00 7.967533470871812629e-01 7.337588787828810966e-02 0.000000000000000000e+00 8.541253917542934726e-01 3.464110384316631402e-02 0.000000000000000000e+00 1.487200233643496544e-02 4.442531543012263884e-02 0.000000000000000000e+00 0.000000000000000000e+00 5.291357900803854708e-01 0.000000000000000000e+00 7.886361560927174219e-01 0.000000000000000000e+00 0.000000000000000000e+00 1.886561409695135250e-02 9.955726393298983679e-01 1.361371180642340258e-02 5.200000000000000000e+02 -1.318181818181818343e-01
6.460857973381813890e-01 5.829382110231560998e-03 9.997665367007152470e-01 2.529035959456158444e-01 5.755476181339204411e-02 2.714347056400499489e-02 4.207908695368018925e-01 9.999077064860217856e-01 3.833381057035319811e-02 0.000000000000000000e+00 2.577498034289473286e-02 4.262206505774164822e-01 9.879122069962436026e-01 1.445591739289237843e-01 6.182679642963542221e-01 4.232516169974506748e-01 2.305794288805457504e-01 7.214779247630732639e-01 1.000000000000000000e+00 1.000000000000000000e+00 9.942735332032940354e-01 3.637365652145658351e-02 3.728222081744075322e-01 2.072478406322174338e-01 7.174827623065859195e-01 0.000000000000000000e+00 9.974062395059960506e-01 6.620623892321408910e-02 0.000000000000000000e+00 5.002842839645972595e-02 5.683315394371926121e-01 6.989466452377824605e-04 1.176000000000000000e+03 -3.060909090909090935e+01
0.000000000000000000e+00 5.219106328062077527e-01 5.563058875389865765e-01 1.809976120672556615e-02 0.000000000000000000e+00 5.716546281394460638e-02 0.000000000000000000e+00 9.299587636769569843e-02 0.000000000000000000e+00 0.000000000000000000e+00 1.005840641611314284e-01 2.348944088131879951e-02 4.679036049360962290e-01 7.218092693478801725e-02 3.726696436553120773e-01 7.269427306342436390e-01 3.122206504063184673e-01 4.045608664651129116e-02 9.700980046498514087e-01 9.456882508852867408e-01 2.090928786931379180e-01 8.713152444326968671e-02 3.177217620609923965e-01 0.000000000000000000e+00 6.468638535689613667e-02 0.000000000000000000e+00 1.993161900405950385e-02 1.924090604156748485e-01 0.000000000000000000e+00 5.586167828139827936e-03 2.970181408547575841e-01 2.208102062587625480e-01 4.500000000000000000e+02 -1.183636363636363598e+01
0.000000000000000000e+00 0.000000000000000000e+00 1.000000000000000000e+00 5.052695309774296595e-01 1.675390166732972064e-04 1.320320723706321919e-01 1.000000000000000000e+00 9.518140174913911622e-01 0.000000000000000000e+00 2.145136342393904327e-01 5.984508916586578353e-01 2.759259811201624224e-01 4.061440287438928820e-01 0.000000000000000000e+00 1.000000000000000000e+00 8.172937907548081249e-01 7.104449504572344365e-01 1.350348942770918936e-01 7.741097680829667205e-01 7.355031883552707317e-01 9.366553379143561786e-01 7.741212804220936293e-03 2.106804613759537259e-01 9.246491720202522357e-02 4.634483381803126967e-02 0.000000000000000000e+00 5.887689127926546417e-01 7.178933631158431750e-01 6.045078084487257725e-02 1.379419388269601532e-01 1.000000000000000000e+00 1.241587900458153287e-01 1.184000000000000000e+03 -2.350090909090909008e+01
5.291937887010646907e-02 5.036432679671163370e-01 6.826720365954345171e-01 4.175464767042956493e-02 1.159708265143284169e-09 9.754083538571814427e-02 3.791056430643791608e-01 9.498151596199796431e-01 0.000000000000000000e+00 1.705809743600993078e-01 6.788572487578428127e-01 8.056323845525589222e-01 9.112048147768133655e-01 0.000000000000000000e+00 1.000000000000000000e+00 4.890818713329770917e-01 5.778892163770277257e-01 2.898651391925747833e-01 1.000000000000000000e+00 5.105841558089692089e-01 8.917754695983529656e-01 4.085017541854961687e-01 3.062126010111072549e-01 0.000000000000000000e+00 1.221714921984749375e-01 0.000000000000000000e+00 1.000000000000000000e+00 0.000000000000000000e+00 0.000000000000000000e+00 7.229032106785414635e-01 1.000000000000000000e+00 2.640162080609632644e-01 1.230000000000000000e+03 -3.778181818181818130e+01
1.364098651548697506e-02 1.235914981844835753e-02 2.722202465014423312e-01 3.809888873449138180e-01 3.193022387712641241e-01 0.000000000000000000e+00 1.653347088345563376e-01 9.996164745525693007e-01 8.433304670535039793e-03 2.051676835911632746e-01 3.693000597888193570e-02 9.591570761629263087e-02 9.643947879179419758e-01 0.000000000000000000e+00 1.051976945196741592e-01 3.291080831342919066e-01 6.605967687727559712e-02 3.801700498767261738e-02 5.907825644013316169e-02 8.958629835501536950e-03 7.140195878862836895e-03 9.852380816977242273e-02 8.174196147556516134e-01 2.071141476901236234e-01 8.258172110793116083e-01 1.885679382698025180e-02 2.072891652508850047e-01 0.000000000000000000e+00 1.297544039967294879e-02 0.000000000000000000e+00 3.559921427617758760e-01 8.376782739228765262e-01 5.360000000000000000e+02 -4.099999999999999756e-01
8.570674359002800058e-02 4.881960263747078810e-01 3.005939256414937311e-01 3.423363113570320748e-01 4.273736980308278505e-02 1.012968417458641815e-02 2.506049377814779100e-01 9.102223747425126632e-01 0.000000000000000000e+00 7.045467917318383455e-02 6.190048745770768690e-01 1.649800680891861104e-01 1.000000000000000000e+00 9.977897179708532516e-01 9.302688733396303755e-01 8.472136386825359633e-01 9.136763411626187548e-01 9.984516410915128537e-02 1.000000000000000000e+00 9.732301013028231695e-01 5.949640908709514786e-01 3.376878177146824811e-02 1.154853422848737959e-01 2.360449626299826742e-01 5.842895361397981713e-01 2.709891793322790829e-02 8.168924262906452904e-01 5.171733016427039475e-02 1.642343068418848639e-02 4.468495901720961894e-01 8.637215311987390676e-01 4.138194132267428160e-01 1.338000000000000000e+03 -3.723363636363636431e+01
1.283300934850118129e-03 6.818957215322961340e-02 6.581952218013191747e-01 0.000000000000000000e+00 1.761178431201372921e-02 4.191343970205000935e-01 1.233002817769709852e-01 9.613580742512775057e-01 4.215963647642260309e-02 2.912792745848602483e-02 5.882340400621479531e-02 4.180545439546965447e-01 9.497773546502020769e-01 6.954486124506693758e-04 2.745232747593457923e-01 4.665372836679904656e-01 1.761043822215497823e-01 5.317175572787862237e-01 1.000000000000000000e+00 4.789972535163399270e-01 2.982427351831618556e-01 6.647082105760533377e-01 2.827046429096172209e-01 3.553226283880944192e-01 9.319501212001856105e-01 9.958018273945512533e-02 3.355615106713639162e-01 1.287834920771280776e-02 2.622994417708081061e-01 2.124394602380958244e-02 9.174149500934120072e-01 4.278534098624563881e-02 8.340000000000000000e+02 -2.190636363636363981e+01
5.062476264579165441e-01 0.000000000000000000e+00 8.790880693043362504e-01 4.520983402634327075e-01 2.018558719940970747e-01 4.959167548424299465e-02 1.900285003917665872e-04 7.629108524949563819e-01 5.906565972481331306e-01 3.100490674640145605e-01 9.337804227953603320e-01 3.983703326056226013e-01 9.997058008574415400e-01 2.422029865478456112e-01 7.698004931891255787e-01 9.626675308342652745e-05 7.754029696776244540e-01 7.179145044435257528e-02 7.822455880723786503e-01 4.590536756785884021e-01 1.156200097420709005e-01 4.831311375815027231e-01 1.602192208765599868e-01 5.821160168899580107e-07 1.096049000586449829e-01 0.000000000000000000e+00 3.490293274155515379e-01 2.478449636614816209e-01 5.544689218186155989e-04 1.457566846391417648e-01 8.843954565785508981e-01 1.281319072998771992e-02 9.300000000000000000e+02 -1.839272727272727437e+01
0.000000000000000000e+00 1.598303436160024016e-01 4.333035125941571142e-01 1.613041638427164526e-01 3.652662091253026239e-02 0.000000000000000000e+00 1.125043687122016939e-01 6.968206626616547661e-01 8.883400153106986441e-02 5.956333116543505168e-03 7.032358969867447129e-02 2.370361971574322657e-01 4.176152155311322334e-01 4.781670442260357867e-02 3.331095516056294947e-01 4.936790210315963323e-01 7.427048889831372458e-01 2.305028893193329098e-01 6.660864095902782056e-01 7.704108352870761012e-01 1.227855944072381994e-01 1.680247098079948841e-03 1.979069124865251994e-01 3.242400472996926908e-01 3.238582660468142822e-06 1.546440421495284330e-15 1.754446862749732550e-01 2.115724619519439575e-01 9.755372891063562868e-02 3.316729187891515052e-02 8.511093663090461003e-01 6.304999136579271246e-01 4.000000000000000000e+02 -8.970000000000000639e+00
1.836558149320757782e-01 2.270191877278601444e-01 7.242318543393511110e-01 3.942164795920270054e-02 1.557678232048383959e-01 3.951262117807521901e-02 2.523130530005547878e-01 9.441475660505316281e-01 1.494906562673459574e-02 2.787873161979206524e-02 5.515640703273645418e-01 8.845890190159090283e-01 9.952567376183465431e-01 3.818262674176702010e-02 5.440694280964184504e-01 9.999998739835722628e-01 8.914518671648706816e-01 3.080379470167682668e-02 9.100358629294031942e-01 9.446012109635615328e-01 9.641427402192510598e-01 5.341333118336804089e-03 2.619202022722468826e-01 3.214221774444799701e-02 1.695996366236902642e-01 1.144178614289542290e-01 9.089780155916262760e-01 1.344506347946689342e-02 3.073194443306670465e-02 1.065242773334176829e-01 1.000000000000000000e+00 8.907718042394444646e-01 1.552000000000000000e+03 -4.949000000000000199e+01
3.060168958315785670e-02 1.159022705041250628e-01 1.343771737445355607e-01 5.826564304460272181e-01 1.083138641130397886e-02 2.518184858946446725e-01 1.133825776071242381e-01 9.370568645939937324e-01 2.003164088201459525e-01 1.081916412741655981e-01 3.309945000680358101e-02 1.322748652702786798e-01 7.917948690007338142e-01 2.047772713463634833e-02 1.992228955219120523e-01 2.081299004286521759e-01 8.823453900345853418e-01 1.794413199391758917e-01 9.748358186385726043e-01 8.179957862002112945e-01 3.765014972025074180e-01 2.391641649146807880e-01 1.242482020919981195e-01 3.075167796683683230e-01 1.085444781370752537e-01 3.133441039849047677e-02 9.633850380825385029e-01 3.722078171949448344e-01 1.272006096781963178e-02 1.869743187437251097e-01 1.776147728760134603e-01 9.848438365025251329e-02 7.560000000000000000e+02 -1.797909090909091034e+01
7.968912973143496559e-02 3.480457458756488487e-01 9.607373942069932227e-01 0.000000000000000000e+00 6.075704158211570061e-01 1.030418475727904295e-03 2.192937095502473233e-01 9.989217408960149314e-01 1.381333531077698091e-03 1.817989163583812184e-01 8.753866017692433360e-03 4.975257940422029845e-01 9.783941024182557511e-01 4.641208491423283178e-01 9.987123849058471281e-01 5.078646525299661540e-01 4.720657860618310830e-01 2.278750793750186077e-01 1.000000000000000000e+00 9.158358434658172564e-01 9.722572276035932326e-01 0.000000000000000000e+00 4.243784754773770318e-02 0.000000000000000000e+00 0.000000000000000000e+00 1.005054075867763477e-03 6.289725714861522654e-01 5.196199017297929712e-02 0.000000000000000000e+00 8.281961574919873836e-01 1.000000000000000000e+00 1.444920079977182747e-02 1.262000000000000000e+03 -4.442090909090909179e+01
8.035277973647076966e-01 0.000000000000000000e+00 1.063888844825290614e-01 8.582382153848198136e-01 0.000000000000000000e+00 5.589899303460846985e-02 9.982713993837607491e-01 3.059488045599750849e-01 6.614025880973360971e-01 1.254262943992995663e-02 0.000000000000000000e+00 3.495826450444450284e-01 0.000000000000000000e+00 0.000000000000000000e+00 9.999998572350439208e-01 0.000000000000000000e+00 3.251886448228196724e-01 6.234212188600347648e-01 1.421582370356386238e-01 1.024912428115410667e-01 3.439719003467736069e-01 6.189979622539474582e-04 4.281754877150137917e-01 3.021459540056953830e-01 5.662206230318469341e-02 0.000000000000000000e+00 4.147075764494305705e-01 2.202735031320306458e-01 5.331852623028134877e-05 8.383182318674241573e-01 1.000000000000000000e+00 0.000000000000000000e+00 7.960000000000000000e+02 -1.219999999999999973e+00
2.948531186089770008e-04 2.344205738699011998e-01 9.734428173066627110e-01 3.396565494610566116e-01 0.000000000000000000e+00 7.498445013858926478e-01 7.288734900505156045e-02 1.808316539125718325e-01 0.000000000000000000e+00 0.000000000000000000e+00 4.869611231695376814e-05 3.209868706509303449e-01 9.694596551307574916e-01 0.000000000000000000e+00 8.916900164451362076e-02 2.055503054833157737e-03 9.659409124144776593e-01 5.812939931333911403e-01 2.999020916011900240e-01 4.636345635866391257e-01 0.000000000000000000e+00 4.202504937661996794e-03 0.000000000000000000e+00 4.613898748688311652e-02 2.719391799564075396e-01 0.000000000000000000e+00 4.135200751650892625e-01 3.639771616605531057e-01 0.000000000000000000e+00 9.044853253186814213e-01 1.000000000000000000e+00 0.000000000000000000e+00 8.360000000000000000e+02 -5.217272727272727728e+00
1.646680725198844675e-01 0.000000000000000000e+00 1.000000000000000000e+00 5.132568497080550740e-01 9.841021797452214059e-01 0.000000000000000000e+00 9.962903917741123827e-01 9.779925880855140363e-01 0.000000000000000000e+00 4.688464054615426035e-01 1.000000000000000000e+00 5.275235181350056424e-01 1.000000000000000000e+00 2.795089879538809607e-01 9.999966743163856142e-01 8.636569894473266062e-01 1.603000338101661093e-01 8.262505155607997122e-06 8.107089005026949513e-01 1.000000000000000000e+00 9.623367343329159995e-01 5.737686641687627098e-01 0.000000000000000000e+00 0.000000000000000000e+00 4.207263393446366056e-06 0.000000000000000000e+00 1.000000000000000000e+00 3.857229996700369812e-01 0.000000000000000000e+00 7.094086873696761053e-01 1.000000000000000000e+00 0.000000000000000000e+00 1.752000000000000000e+03 -5.402727272727272378e+01
0.000000000000000000e+00 6.874696898742407337e-03 1.616795771353081446e-01 0.000000000000000000e+00 0.000000000000000000e+00 1.787742299524070766e-01 6.700248048116566046e-01 8.033159691579219164e-01 0.000000000000000000e+00 2.167495365208912950e-02 1.766443581311409328e-01 1.226356102113444584e-02 1.000000000000000000e+00 7.443305889430488209e-01 9.992861534205990104e-01 5.874117056492383915e-02 0.000000000000000000e+00 0.000000000000000000e+00 1.000000000000000000e+00 1.000000000000000000e+00 7.529032270099478286e-01 0.000000000000000000e+00 0.000000000000000000e+00 8.268955702316146961e-02 6.653773636179333801e-04 0.000000000000000000e+00 7.897440442600792143e-02 0.000000000000000000e+00 0.000000000000000000e+00 9.221552952988288920e-01 9.359041754645887057e-01 0.000000000000000000e+00 1.042000000000000000e+03 -2.181727272727272648e+01
3.131214915987073355e-01 2.548374716017209884e-01 5.767141529207768791e-01 2.728580785553892385e-01 1.722510640401141435e-01 2.062934404238075947e-02 1.162599608598624823e-01 5.076641609310481584e-01 6.435304791680750425e-01 7.396440708655135365e-01 7.137324057852344195e-02 7.943660166118510224e-01 7.632834297801401879e-01 6.068183403143428967e-02 1.781386063208196258e-01 1.698331776825782735e-01 1.586440159981065967e-01 7.897422169904840805e-01 9.095487646473627841e-01 8.633784377170006241e-01 5.064661843411337738e-01 5.327020461606571944e-01 3.295336997631773679e-01 1.761454806634361048e-01 6.647353605370727447e-02 4.631140995701579777e-02 2.327347640266053674e-01 6.455967841127658868e-01 2.218177316112103226e-01 7.597814567925017526e-01 9.377223368235273471e-01 2.579393324694690959e-01 9.160000000000000000e+02 -1.783272727272727209e+01
5.450053844739726622e-02 1.204870983715126825e-01 5.253542303523101031e-01 8.738855031011585339e-01 0.000000000000000000e+00 1.155944144294117869e-02 4.634882314154632060e-02 6.709944090244271409e-02 0.000000000000000000e+00 0.000000000000000000e+00 7.099730403309736926e-02 9.998671171674990976e-01 3.838102216646933906e-02 0.000000000000000000e+00 2.820733960998583201e-01 5.173923718315672771e-01 2.306242777569003297e-02 5.626941157511367031e-01 7.790487949631854647e-01 4.041570634253542453e-03 9.826782211105947740e-01 4.381341370252491152e-01 0.000000000000000000e+00 2.537768011883627661e-01 4.505592366415635541e-01 0.000000000000000000e+00 7.805244154546872072e-03 2.616281295263633289e-01 6.555316885858352149e-01 0.000000000000000000e+00 9.307455811144033087e-01 3.033149022682892978e-02 7.360000000000000000e+02 -9.269090909090909491e+00
0.000000000000000000e+00 3.425988284680359820e-09 5.240053167120762856e-01 6.808974527019934220e-02 0.000000000000000000e+00 5.681339309624729844e-09 1.724234666381807835e-01 5.395180459479279600e-01 4.284550328221561899e-02 0.000000000000000000e+00 2.705125846739719203e-02 1.208782819798283614e-01 7.106819568281782518e-01 4.131252094122721090e-03 3.578049911156147012e-01 7.871569968032643416e-02 6.529766223456135998e-01 0.000000000000000000e+00 4.896369199778810022e-01 1.731982683259173372e-01 7.404292476872743611e-01 1.109136681861447316e-02 3.398286221658235184e-02 0.000000000000000000e+00 7.661081033708014298e-02 0.000000000000000000e+00 2.141184536447703901e-01 0.000000000000000000e+00 1.459984177930432822e-02 7.449949230307757742e-02 1.850411523806397935e-03 5.924735656219627666e-02 2.400000000000000000e+02 -6.173636363636362923e+00
0.000000000000000000e+00 4.807068116355500687e-01 3.004080980439575166e-01 0.000000000000000000e+00 8.759577055419482316e-05 0.000000000000000000e+00 6.804728720689470767e-02 5.645806269299341595e-01 0.000000000000000000e+00 9.275243501977244349e-04 3.367639738074521549e-01 6.301439182841743758e-01 4.495075526549085487e-01 9.619989727396022552e-03 8.633769109758427929e-01 9.660752369943160778e-01 2.966307723175415009e-02 1.276526418930445396e-04 9.996001357742283489e-01 2.051800799968013789e-01 6.813055836788839414e-01 0.000000000000000000e+00 0.000000000000000000e+00 0.000000000000000000e+00 5.263845340664644601e-01 0.000000000000000000e+00 4.635107523131030138e-01 3.999599232981020380e-01 0.000000000000000000e+00 4.823714296096825449e-01 9.383650973247418259e-01 0.000000000000000000e+00 7.320000000000000000e+02 -1.624909090909090637e+01
0.000000000000000000e+00 9.542525396432335882e-02 7.763834637088111723e-01 3.996024754715842703e-02 0.000000000000000000e+00 3.347545735980242084e-04 0.000000000000000000e+00 7.403419565544312464e-01 4.315706320401194174e-03 1.359207157845447600e-02 5.142367002929650738e-02 8.490840665834477330e-03 8.115329332316121302e-01 1.316503693467515612e-01 3.046353427253337687e-01 4.910695709434894640e-01 9.927085945349430063e-02 2.689577934330052850e-02 1.000000000000000000e+00 7.545004859418582566e-01 5.148142304507924427e-01 6.682533733433373979e-03 1.490690891398316897e-01 0.000000000000000000e+00 0.000000000000000000e+00 3.323239725999243416e-02 7.633505237979212321e-01 0.000000000000000000e+00 3.186991095851060551e-02 0.000000000000000000e+00 4.982069680988199245e-01 1.653298508760839558e-01 5.520000000000000000e+02 -1.787090909090909108e+01
0.000000000000000000e+00 1.652784973240853383e-01 2.240423334465993510e-01 4.297435542827058100e-03 7.196178193052259475e-01 1.188341663662958287e-05 7.408201020608026210e-01 8.352883215346416090e-01 5.428487753126493703e-02 1.273117755182609778e-01 3.614339126674540603e-01 1.000000000000000000e+00 1.000000000000000000e+00 3.253882778841600265e-01 9.797541493798560541e-01 1.000000000000000000e+00 1.000000000000000000e+00 3.926283521956356881e-01 9.932547996322936834e-01 9.418532804471161368e-01 1.000000000000000000e+00 7.630793137021271710e-02 5.425157186970615969e-02 1.965414586954109810e-01 1.649194005634680230e-02 0.000000000000000000e+00 9.004817227276536995e-01 1.651167377667572822e-02 0.000000000000000000e+00 7.599562216526727365e-01 9.042060377150726858e-01 2.874288756039628523e-01 1.602000000000000000e+03 -4.935090909090909150e+01
0.000000000000000000e+00 5.895549104605654067e-01 9.999374888926643168e-01 1.594214013007278219e-01 0.000000000000000000e+00 0.000000000000000000e+00 2.640686310783456423e-03 8.906073662058934248e-01 0.000000000000000000e+00 3.385063467251998859e-02 6.112095732271688453e-02 6.113825683388309784e-01 6.705828186171799432e-01 7.470211976798782350e-02 4.844621590167830227e-01 3.474674563858507620e-02 8.880814408375793667e-02 2.304127892450715323e-03 9.918528602809710826e-01 9.505179671857643120e-01 5.651552096680573234e-02 2.202958545257792944e-01 6.002046809038199537e-01 5.612523907794950695e-01 1.492119626457719950e-01 0.000000000000000000e+00 4.206879106057116458e-01 0.000000000000000000e+00 2.054175538082848584e-01 2.465333292926920328e-02 9.361927825664546621e-01 0.000000000000000000e+00 8.560000000000000000e+02 -1.750999999999999801e+01
0.000000000000000000e+00 5.361510295859073238e-01 1.000000000000000000e+00 5.150521255418809563e-01 5.607543587004111540e-02 2.773435851571009678e-02 1.682041459346901580e-01 1.000000000000000000e+00 0.000000000000000000e+00 2.402789963913948834e-01 1.049048187792434167e-01 6.513344480029426009e-01 1.000000000000000000e+00 2.383362400704098216e-01 6.838164198468822397e-01 1.297783185180071130e-01 9.713379669603474653e-01 0.000000000000000000e+00 1.000000000000000000e+00 2.218496298570254432e-01 9.876024834698081678e-01 7.552813793654983288e-02 0.000000000000000000e+00 1.903911687459771069e-03 2.202952835337034232e-01 0.000000000000000000e+00 7.573857351790781456e-01 0.000000000000000000e+00 0.000000000000000000e+00 6.668062708789604942e-01 1.000000000000000000e+00 1.158216455649903115e-03 1.136000000000000000e+03 -2.975454545454545396e+01
0.000000000000000000e+00 4.875238166564794563e-03 1.000000000000000000e+00 1.799539834078598410e-01 0.000000000000000000e+00 4.254266724432975016e-03 0.000000000000000000e+00 8.139919680699256865e-01 7.536291045933539434e-02 1.690682500601892180e-01 2.202014610307297116e-01 0.000000000000000000e+00 9.951842235942993664e-01 7.353486117347396434e-02 2.140886130651481201e-01 3.416666653743919979e-01 6.069482677850284169e-01 1.607114144000868980e-02 9.770453747412574108e-01 2.751500616998087678e-01 9.959455917306364592e-01 7.675768662091188022e-01 3.075985298748460176e-02 0.000000000000000000e+00 8.726093240363060055e-02 0.000000000000000000e+00 6.991165786546175154e-01 3.814249294240485560e-02 1.970690435341840643e-02 8.773447034261961514e-03 1.433562018277309280e-01 7.020364118497881556e-01 8.000000000000000000e+02 -2.220818181818181714e+01
8.766802759770377443e-03 3.301903600375065331e-03 6.519563047044039106e-01 1.000754236583104861e-01 0.000000000000000000e+00 2.429148452021587523e-01 4.433081109929164487e-01 9.999039586616800257e-01 0.000000000000000000e+00 0.000000000000000000e+00 0.000000000000000000e+00 1.347525804694301443e-01 1.000000000000000000e+00 0.000000000000000000e+00 9.999447113282800004e-01 6.885647671573705830e-01 7.958906533832961205e-01 0.000000000000000000e+00 1.000000000000000000e+00 9.180148259937941368e-01 1.000000000000000000e+00 0.000000000000000000e+00 6.439246294604158427e-01 0.000000000000000000e+00 4.464646912449740657e-01 2.809935435751307123e-02 4.675095132000046672e-01 0.000000000000000000e+00 0.000000000000000000e+00 3.698644369383743968e-01 6.674480849974206986e-01 0.000000000000000000e+00 1.052000000000000000e+03 -3.666545454545454419e+01
0.000000000000000000e+00 0.000000000000000000e+00 9.363395251636338346e-01 5.253100918832676741e-02 0.000000000000000000e+00 3.524889144401469609e-01 1.267945026008683862e-01 9.955414193148581781e-01 0.000000000000000000e+00 1.214803217773612574e-02 0.000000000000000000e+00 5.079955213258571245e-01 8.876294139047421483e-01 0.000000000000000000e+00 7.375293949886301270e-01 6.486325601169767863e-01 6.608575129619262967e-01 2.414734686767540939e-01 9.999190568813821622e-01 8.562581452012296701e-01 9.687249015868962809e-01 4.021373930422651455e-01 1.237072120539356168e-01 0.000000000000000000e+00 0.000000000000000000e+00 0.000000000000000000e+00 1.965147168592699112e-01 1.591832637103561543e-02 0.000000000000000000e+00 4.346640412423263267e-01 7.375257787860637348e-01 1.412581579988312908e-01 9.840000000000000000e+02 -3.131363636363636260e+01
0.000000000000000000e+00 0.000000000000000000e+00 7.731646509239533671e-01 3.120541405194432460e-02 0.000000000000000000e+00 0.000000000000000000e+00 5.488949185909088868e-01 1.000000000000000000e+00 0.000000000000000000e+00 0.000000000000000000e+00 0.000000000000000000e+00 8.778801767017574420e-01 1.000000000000000000e+00 2.432981574169623684e-01 1.000000000000000000e+00 1.000000000000000000e+00 6.380566396091728043e-01 1.189424540801669039e-01 1.000000000000000000e+00 7.581644895481290947e-01 9.999995498016538420e-01 2.335105044166295093e-02 1.135432509693994479e-01 0.000000000000000000e+00 2.934988882960563594e-01 0.000000000000000000e+00 1.058075231270430294e-01 1.549896536924318113e-01 1.660448846899780354e-07 4.488288743567820371e-01 9.554099894420806649e-01 1.731656063989301664e-01 1.266000000000000000e+03 -3.918181818181817988e+01
0.000000000000000000e+00 7.079935296398888814e-03 9.642311731127448660e-01 0.000000000000000000e+00 6.727696915001167739e-03 3.978166200342693748e-01 5.084807773432233891e-01 9.954170140655187460e-01 1.484611221499439540e-02 1.901750460176224178e-02 6.003404131139787603e-02 6.431230931458067346e-01 9.954269932967318990e-01 8.736519626784524650e-01 8.951324965228676378e-01 6.295707430634723822e-01 4.439143039511773622e-03 1.061334045154011252e-01 1.000000000000000000e+00 9.881068058536187637e-01 9.936423049454328194e-01 3.441279911384001466e-02 2.644685603974209626e-02 2.182937964610887072e-02 9.480793435408661762e-02 1.120698810173525756e-03 2.719326172477790071e-01 9.379030980371496629e-01 0.000000000000000000e+00 3.578641398524081696e-01 9.905434897201842448e-01 9.807019749121437258e-01 1.538000000000000000e+03 -4.547999999999999687e+01
2.390306923059397930e-09 0.000000000000000000e+00 6.842568103656055944e-01 6.277412593381075101e-02 1.544571917123833682e-01 2.524390907136331297e-01 9.960836529314613663e-03 1.000000000000000000e+00 2.008882746825218883e-03 1.253063039563285241e-01 2.342544892824883346e-02 1.429279291420498255e-01 9.971678117494905402e-01 7.260390405757226329e-02 3.897168741067952857e-01 9.235119189875738710e-02 8.576431625633824662e-01 5.518855327065529635e-03 1.000000000000000000e+00 9.802320524180412331e-01 8.777569470154236164e-01 3.540645745983195813e-01 2.096824122143339242e-01 0.000000000000000000e+00 5.067317196311184324e-02 0.000000000000000000e+00 7.696116747896922794e-01 0.000000000000000000e+00 0.000000000000000000e+00 1.153265116167831311e-01 6.669966455397701166e-01 1.526512600964569644e-01 9.640000000000000000e+02 -2.770727272727273061e+01
1.516195612630518059e-03 0.000000000000000000e+00 1.000000000000000000e+00 2.242880900544418354e-01 3.484562705543858222e-03 1.713051725883546483e-01 2.046104270324631824e-01 1.000000000000000000e+00 0.000000000000000000e+00 0.000000000000000000e+00 5.720414282289604246e-02 6.795195770662004753e-01 9.985573837118051355e-01 1.064023022048550121e-01 1.000000000000000000e+00 2.276701796950459655e-01 2.640505021547783215e-01 3.239069765578003572e-03 5.232050090397238895e-01 8.776283371171420544e-01 8.208480644041969976e-01 0.000000000000000000e+00 4.494306783532308475e-02 4.194288579696399122e-01 1.269742653472055449e-01 0.000000000000000000e+00 4.712377903528391365e-01 1.751661714720526782e-16 4.734516758504157298e-03 1.032832044694036583e-01 3.659495443526342151e-01 0.000000000000000000e+00 8.360000000000000000e+02 -1.850727272727272421e+01
1.305311416115395150e-03 0.000000000000000000e+00 1.000000000000000000e+00 1.502385657876760816e-01 2.500651963640003195e-01 5.219410057184681317e-01 1.046547861471692070e-01 1.000000000000000000e+00 0.000000000000000000e+00 1.082534802914077582e-01 3.509854235051351051e-02 0.000000000000000000e+00 1.000000000000000000e+00 6.599624474741285773e-01 1.000000000000000000e+00 6.388583081118959228e-01 8.589666487738011336e-01 4.546943015059029536e-01 1.000000000000000000e+00 9.996493658685673411e-01 1.000000000000000000e+00 6.855718776318102670e-01 3.047876673454902874e-01 4.071261659168676737e-03 9.309816385173659559e-02 0.000000000000000000e+00 8.500862363225534235e-01 1.884928534906106512e-01 0.000000000000000000e+00 6.775113737170556094e-01 9.261468621941290058e-01 3.097046931318411800e-01 1.426000000000000000e+03 -4.893454545454545013e+01
1.409554164836150647e-01 1.208270439734627881e-02 1.000000000000000000e+00 6.751203640898477409e-03 0.000000000000000000e+00 7.382096693961955891e-01 3.621342096418003059e-02 1.000000000000000000e+00 3.763203914983075430e-04 7.068033531457604962e-03 0.000000000000000000e+00 1.232995524336358284e-01 9.999910090932108142e-01 9.679906895691398061e-01 9.999995128443160963e-01 5.599302087263321459e-01 0.000000000000000000e+00 9.476569592978705270e-01 1.000000000000000000e+00 9.999934803228094360e-01 7.631726242292840023e-01 1.000000000000000000e+00 9.084498373705988117e-01 9.932033643500041783e-07 6.824134544982082273e-01 1.185338729813668196e-01 8.121903096872434835e-01 4.023185766122678621e-03 3.124622196013723818e-02 9.005793132508235210e-01 2.002537095907820641e-01 3.006386410407274959e-02 1.682000000000000000e+03 -3.363000000000000256e+01
0.000000000000000000e+00 0.000000000000000000e+00 1.000000000000000000e+00 8.203335101876928215e-02 7.129385722996025264e-03 2.655944907428169910e-01 1.037492084388769338e-02 9.996972312218586065e-01 1.841909710210994089e-01 8.395683405238652669e-03 1.630825220981848515e-03 4.459787802413161389e-02 9.761848478557874076e-01 9.396960320500490349e-01 9.856991711893231534e-01 5.321831727650409016e-01 1.000000000000000000e+00 8.873494855259407288e-01 1.000000000000000000e+00 1.000000000000000000e+00 9.951591452703770768e-01 7.710823859018901549e-01 7.306214294968443879e-01 0.000000000000000000e+00 0.000000000000000000e+00 0.000000000000000000e+00 6.688841005250254490e-01 1.424210193373458223e-04 1.609402469537668523e-02 2.814541303303326192e-01 6.377379974699081133e-01 2.986525827076281780e-01 1.534000000000000000e+03 -4.309363636363636374e+01
7.034432951284490914e-09 2.232716825482459200e-01 1.000000000000000000e+00 0.000000000000000000e+00 0.000000000000000000e+00 0.000000000000000000e+00 9.727055280271245108e-01 5.487322289443779437e-07 9.200459439780711568e-01 3.780640392796803520e-07 0.000000000000000000e+00 2.745584937295492689e-01 1.000000000000000000e+00 0.000000000000000000e+00 3.911291272425074239e-01 1.552444631433929328e-07 3.802887702089435829e-01 0.000000000000000000e+00 6.943027978395944766e-01 1.082211301399731845e-01 1.000000000000000000e+00 4.676414065219128835e-01 0.000000000000000000e+00 1.510322160597204165e-02 0.000000000000000000e+00 0.000000000000000000e+00 4.473446235074381439e-01 5.788453449986713517e-01 0.000000000000000000e+00 7.543963015009115258e-01 0.000000000000000000e+00 2.669603684480024164e-01 8.620000000000000000e+02 -1.509636363636363576e+01
4.662869386510991310e-02 0.000000000000000000e+00 6.863948975507386807e-01 2.198007811982895243e-01 5.510685706218866782e-03 4.635065908611904885e-09 3.477376296071767459e-01 1.709378600163715678e-01 0.000000000000000000e+00 0.000000000000000000e+00 0.000000000000000000e+00 5.375733872817026936e-09 1.000000000000000000e+00 2.621102340470972680e-01 9.985917645169969381e-01 1.477977051771328376e-01 9.839652885072562860e-01 0.000000000000000000e+00 9.987577635505942020e-01 7.213878853178020689e-01 3.175043724932803957e-01 6.510594405562191156e-01 0.000000000000000000e+00 1.718398593952363829e-02 2.413740060646828603e-08 2.238555607277228432e-04 0.000000000000000000e+00 0.000000000000000000e+00 0.000000000000000000e+00 6.397327765630677066e-01 2.387189994318002773e-01 2.582599146111331789e-01 7.440000000000000000e+02 -2.212727272727272876e+01
1.928242706580746146e-02 1.837228841571791893e-02 9.730301533664870162e-01 1.258987872089936677e-01 9.691722318100481903e-02 1.073582305952692217e-01 6.892009490811137340e-01 9.402424450183484161e-01 5.571152564505854610e-02 1.093378690795190344e-01 4.102000793375265575e-02 2.863635895636639783e-01 9.917419656167464348e-01 1.486120579811237574e-01 9.336028887301468515e-01 9.894272941468335025e-01 6.561284708324125470e-01 4.005210373096490528e-02 9.492348457889842051e-01 9.725983574945251675e-01 9.407634748533988400e-01 5.884788047443025860e-01 1.346247180217612360e-01 3.171243713672494691e-02 1.744245463118636041e-01 1.289505291129650066e-02 8.839282107655032084e-01 8.651486945739417234e-02 9.098528408223560682e-03 4.811494601394262216e-01 8.912358940974676180e-01 5.741530063639171955e-02 1.438000000000000000e+03 -5.046909090909090878e+01
0.000000000000000000e+00 9.718591114102348178e-04 5.753924611368612663e-01 1.901139170518265130e-03 0.000000000000000000e+00 5.351512267579842108e-01 9.999434160426565743e-01 9.539795555278596240e-01 3.611010373471024715e-01 0.000000000000000000e+00 2.788712287589074079e-01 8.263180197537902671e-01 9.999992952946742397e-01 4.729627275947966738e-08 7.529451773915565305e-01 2.479572704751637213e-01 9.868917016417542154e-01 9.461182181732894492e-01 8.588009805971246191e-01 9.117219921199672117e-02 8.326442624672872883e-01 9.999999859943304870e-01 2.557063425650107358e-01 0.000000000000000000e+00 1.280294169282678028e-05 0.000000000000000000e+00 1.493345460689873283e-01 6.384921242087141513e-01 6.077997080415919937e-08 9.936645846985162622e-01 8.169778498697943814e-01 1.589040387764102669e-01 1.410000000000000000e+03 -2.723999999999999844e+01
3.306140469480634003e-02 1.821705406562542512e-02 5.383612039171664643e-01 1.250633880559685607e-01 6.946855966763321177e-02 8.101621620753574060e-02 1.260291951509981967e-01 8.667230285772581366e-01 1.036781040687536487e-01 0.000000000000000000e+00 8.966750217667110792e-03 4.469985114500160117e-01 5.131020054291872690e-01 3.752932890195631588e-01 8.087739072368280713e-01 5.128806753224801618e-01 5.541759832169138589e-01 6.770413094190092690e-06 3.307111860145868776e-01 9.822100638863926481e-01 9.746086884097157066e-01 5.370363521129569717e-01 2.990536292788236183e-01 4.940454596234881285e-02 2.051791499911924388e-02 0.000000000000000000e+00 9.059974511321083890e-01 1.718755592430472323e-01 1.143824204827581653e-01 1.482849557417114383e-01 9.892917355869402796e-01 1.197479803692625827e-01 8.620000000000000000e+02 -1.360727272727272741e+01
0.000000000000000000e+00 0.000000000000000000e+00 1.000000000000000000e+00 0.000000000000000000e+00 2.023432690024286607e-01 1.335288832077494159e-01 1.919148710114763068e-01 9.036664603676968222e-01 0.000000000000000000e+00 1.964639915011969773e-01 9.721356596820393547e-02 2.699297298309698556e-01 1.000000000000000000e+00 0.000000000000000000e+00 9.091872434404117964e-01 1.000000000000000000e+00 8.237731818596781830e-01 8.295304922661755898e-02 1.000000000000000000e+00 7.082216068149632671e-01 1.000000000000000000e+00 2.962155197222828273e-01 1.562389444242607249e-02 0.000000000000000000e+00 0.000000000000000000e+00 0.000000000000000000e+00 7.172783144887403539e-01 0.000000000000000000e+00 0.000000000000000000e+00 3.831526879095797367e-01 9.908623568195854547e-01 2.961954068828758224e-01 1.252000000000000000e+03 -3.875363636363636033e+01
0.000000000000000000e+00 3.653958823976068051e-03 7.835302391225067442e-01 4.916367604662910948e-08 3.417594436922717915e-01 4.175855520151958156e-01 1.000000000000000000e+00 1.000000000000000000e+00 3.795966815127900951e-03 3.178260342743559619e-01 4.097569802265250277e-02 7.801114464161856832e-02 1.000000000000000000e+00 1.243378620631033736e-02 9.982261653137408652e-01 9.166984001782234603e-01 8.769687146939054712e-01 6.789391767826260526e-01 1.000000000000000000e+00 9.999999972770250434e-01 9.827630222559406992e-01 2.142200490189327677e-01 7.697993849785921272e-01 0.000000000000000000e+00 4.690032549466297551e-01 4.604516895328780782e-09 8.164833253132778301e-01 5.110339170515661687e-03 0.000000000000000000e+00 9.988522562512934799e-01 9.039991045136277492e-01 0.000000000000000000e+00 1.700000000000000000e+03 -5.514090909090908355e+01
0.000000000000000000e+00 2.166725691291069289e-01 9.718808103910071550e-01 6.330461894495001651e-06 1.344418139974825344e-01 8.631468014282438483e-01 9.747155401013032211e-05 9.992510766160247471e-01 3.408314816417086224e-01 9.731196269206794647e-02 7.703964810507011318e-01 0.000000000000000000e+00 7.595811137663635026e-01 9.962091625779460058e-01 8.332341509868840257e-01 1.624838277118051955e-01 9.375579555385418207e-01 1.526925940458483274e-04 1.000000000000000000e+00 8.777087313929156087e-01 8.547056744371076542e-01 1.000000000000000000e+00 5.905051819573378102e-01 0.000000000000000000e+00 1.763680385641252790e-01 0.000000000000000000e+00 3.807554381887389150e-01 1.926921055871140265e-01 2.269345811406897062e-01 6.866942418113556323e-01 9.058688580622898945e-01 1.000000000000000000e+00 1.654000000000000000e+03 -2.948727272727272819e+01
8.649080587920279228e-01 3.568711535595506246e-01 7.307241559514183749e-01 4.626065003935695974e-01 7.372887318870728277e-03 3.744432379495726271e-01 7.325193449360029030e-01 8.959361833448545864e-01 0.000000000000000000e+00 8.575917225015936007e-02 9.268160625604332514e-01 7.117330293511363593e-01 9.963807427977728892e-01 0.000000000000000000e+00 1.000000000000000000e+00 1.000000000000000000e+00 6.992695538518395315e-01 4.765593257680066364e-01 1.000000000000000000e+00 1.000000000000000000e+00 6.443148975202961370e-01 2.258711493208931387e-01 5.890441229858134342e-01 0.000000000000000000e+00 7.256698832568204971e-02 0.000000000000000000e+00 8.410245112695814429e-01 9.867388773669434621e-02 2.022082132056201090e-02 5.804846644785597309e-01 1.000000000000000000e+00 9.289680153844828148e-01 1.702000000000000000e+03 -4.479545454545454675e+01
2.635252463340942257e-03 9.001998529637594837e-02 9.282815286706738167e-01 9.061254073360019978e-01 7.121974201302613272e-01 4.349526197978315079e-01 8.083859697789624876e-01 7.810950925653671328e-01 0.000000000000000000e+00 0.000000000000000000e+00 5.999419548288355123e-05 4.131579642377734563e-01 9.132166267458640130e-01 2.160492440859544325e-02 1.000000000000000000e+00 1.000000000000000000e+00 2.648289678599494712e-01 2.751486464636440036e-03 9.959911521604769558e-01 9.999809908038890249e-01 9.560535974319233077e-01 8.269349588499331771e-01 8.778429654712313068e-01 0.000000000000000000e+00 3.518921484190694615e-01 0.000000000000000000e+00 1.000000000000000000e+00 5.819086318904325150e-01 1.095364774574539707e-01 4.885829545131835649e-01 9.999253810908942386e-01 5.599243910987773409e-01 1.752000000000000000e+03 -5.161999999999999744e+01
1.739352864397893106e-01 3.180369587838487253e-03 9.180505249483678076e-01 0.000000000000000000e+00 2.244649482822007325e-01 2.590059142711856888e-01 5.243896639732530396e-01 1.000000000000000000e+00 7.200419532389938128e-03 1.873675626265471628e-01 2.387191510157876118e-01 4.315043947167055971e-01 6.283975744758775184e-01 1.206380970723771873e-01 9.991205023012520448e-01 7.987292655768520877e-01 3.572256092513486081e-01 1.767102412082595664e-01 9.934488563457166688e-01 1.000000000000000000e+00 9.999920039897188806e-01 4.252231379476120732e-01 0.000000000000000000e+00 4.518094075207639837e-01 0.000000000000000000e+00 1.558861251214780849e-02 6.303724029858480682e-01 0.000000000000000000e+00 6.340682138277010981e-04 7.916773560108526508e-01 1.000000000000000000e+00 3.096545051506555124e-01 1.202000000000000000e+03 -3.523818181818182182e+01
1.595129750699572852e-03 0.000000000000000000e+00 1.000000000000000000e+00 2.059699291205950578e-01 5.920932711235125760e-03 8.992574782620413321e-02 0.000000000000000000e+00 8.500826964328422886e-01 0.000000000000000000e+00 1.265623880503304599e-01 0.000000000000000000e+00 1.464634219544884153e-01 9.973067837253253298e-01 0.000000000000000000e+00 9.482475630149509449e-01 6.479659632067013009e-01 6.158780101244926142e-01 0.000000000000000000e+00 1.000000000000000000e+00 9.466382946223348416e-01 7.986490137702476622e-01 5.100461298187077604e-04 2.455201179607666151e-02 8.404936677375882884e-07 0.000000000000000000e+00 0.000000000000000000e+00 6.702508389480679174e-01 6.630905700131217717e-02 1.010378835037001183e-01 3.530509742098080217e-01 1.000000000000000000e+00 4.365949573636038888e-03 1.044000000000000000e+03 -3.018727272727272748e+01
0.000000000000000000e+00 9.422346008039306220e-02 9.999971937232615682e-01 2.078467340979245070e-01 1.426107598705159407e-01 6.351096873469078141e-02 5.975393335679453077e-01 5.171606738457117380e-01 1.643051364312094961e-02 2.109913247045974161e-01 5.145622123914416202e-01 3.178614612380050719e-01 1.000000000000000000e+00 3.563763466228211385e-01 9.141033881607609768e-01 1.000000000000000000e+00 7.578623710201835006e-01 4.012481983082566428e-01 1.000000000000000000e+00 8.459505655411506675e-01 9.167649033302138761e-01 4.796871486343438074e-01 2.405862016318242869e-01 1.417080728110540805e-04 5.092990992819886563e-03 4.002301800343377849e-09 8.953153980698360659e-01 3.566276781906960180e-01 0.000000000000000000e+00 4.899904932032625449e-01 9.986701217472884196e-01 9.759272146384399924e-05 1.312000000000000000e+03 -4.432181818181818045e+01
1.321491340094161082e-01 0.000000000000000000e+00 9.688445905519395534e-04 5.126169704283931039e-02 1.207732637029956813e-01 0.000000000000000000e+00 5.526423031687183185e-01 9.999620000938516107e-01 5.011852195465695825e-01 1.000000000000000000e+00 7.157168559385583828e-01 9.696386656413117366e-01 1.000000000000000000e+00 1.000000000000000000e+00 6.181803604694624532e-01 3.771136072533899375e-01 2.565752566290042669e-01 1.000000000000000000e+00 3.410006278086846199e-01 8.937768660115006369e-01 9.991201961556734901e-01 8.786687715684122768e-01 2.503375615383415242e-01 7.026987295876174766e-01 1.180733341892700322e-01 0.000000000000000000e+00 8.221320312201768621e-01 0.000000000000000000e+00 1.260035234393090849e-02 1.445428685753457620e-01 1.000000000000000000e+00 3.925746226769391556e-01 1.560000000000000000e+03 -3.672363636363636630e+01
8.919408394982702992e-02 1.322456562536795423e-03 1.000000000000000000e+00 9.363576415077866366e-02 1.734428860657335758e-01 3.196598655701365921e-01 3.028961319780984485e-01 8.980421271301848307e-01 0.000000000000000000e+00 7.888337399165741282e-01 3.880790071915735107e-01 2.673648672017603367e-01 1.000000000000000000e+00 3.707145924542471493e-01 2.092841926860059543e-01 8.000714625753720943e-01 8.463938307545393336e-01 1.992579634276031575e-01 9.526470044404186099e-01 8.720752964132649776e-01 1.000000000000000000e+00 8.519219824356910609e-03 2.702971947131289562e-02 2.130823266409463956e-01 4.322060383908960524e-01 1.155458988102317031e-03 1.681200174564367877e-01 4.053734391700102857e-01 9.875499126918529762e-04 2.362922078636839895e-01 7.491587865439057747e-01 2.134381207668586966e-01 1.128000000000000000e+03 -4.014545454545454817e+01
2.047123318983155946e-04 0.000000000000000000e+00 1.000000000000000000e+00 9.995054620010856983e-01 0.000000000000000000e+00 6.227632326494170895e-02 0.000000000000000000e+00 9.748709151274141949e-01 0.000000000000000000e+00 7.725199442574803843e-01 8.667669122137542370e-01 2.550856920723265642e-01 1.000000000000000000e+00 8.890960774184570869e-01 1.000000000000000000e+00 9.981390250867575586e-01 7.849719218295631018e-01 8.831357857651470425e-03 8.912989039641503464e-01 9.887862922902097562e-01 1.000000000000000000e+00 0.000000000000000000e+00 7.574163588613360698e-01 5.610987982348522005e-05 9.727931775088404232e-01 6.718457667501997793e-05 8.742519964497309504e-01 0.000000000000000000e+00 1.475002759855506274e-01 1.176241253589076728e-04 9.999358033372577337e-01 9.674094053065591947e-02 2.018000000000000000e+03 -6.034181818181818358e+01
4.970890441678574856e-01 1.628604126516771111e-01 9.842724404623437451e-01 5.449266646023863681e-01 0.000000000000000000e+00 4.331901563351797102e-01 1.000000000000000000e+00 1.000000000000000000e+00 4.423109812893761816e-01 3.812072888460525388e-01 6.640830336549633506e-01 2.893519337662178756e-08 1.000000000000000000e+00 8.041529481893583409e-01 5.978314058087360605e-01 9.325524084632486055e-01 8.211604503000663469e-01 4.392710098961988829e-01 9.956185651427427175e-01 8.609716963627875863e-01 8.974139131216026799e-01 4.562223748266488466e-01 9.900156226888897626e-01 4.382411846889916474e-01 1.000000000000000000e+00 9.447725677396481836e-02 4.052026093159112885e-01 5.685215328906103593e-01 4.150988605136437526e-01 2.988715263696621882e-01 6.971804510135637400e-01 2.373449007176146874e-01 1.678000000000000000e+03 -4.898454545454544728e+01
1.646074787645781384e-02 0.000000000000000000e+00 1.000000000000000000e+00 8.615016572507672166e-01 2.955774903173351564e-01 2.746451493250424147e-01 9.155365419783204617e-01 8.238278434471447698e-01 0.000000000000000000e+00 1.000000000000000000e+00 1.000000000000000000e+00 9.052030991693010842e-01 9.907580691097986891e-01 1.000000000000000000e+00 1.000000000000000000e+00 9.875479365232394668e-01 4.147894157217679179e-01 0.000000000000000000e+00 7.122474153613930214e-01 5.310753193511347225e-01 1.000000000000000000e+00 0.000000000000000000e+00 9.977216224318304905e-01 2.679526908384172526e-02 1.000000000000000000e+00 0.000000000000000000e+00 9.104185211921441701e-01 0.000000000000000000e+00 0.000000000000000000e+00 0.000000000000000000e+00 9.997651656352307681e-01 5.153968501489315512e-01 2.088000000000000000e+03 -3.776181818181817818e+01
0.000000000000000000e+00 0.000000000000000000e+00 1.000000000000000000e+00 4.370439054637596521e-01 0.000000000000000000e+00 1.493206656470681161e-02 1.891966924070586503e-02 9.795242376435252529e-01 0.000000000000000000e+00 4.176987964419471844e-01 7.758860798919446633e-02 9.642774525072915492e-02 1.000000000000000000e+00 1.522133079630349790e-03 1.000000000000000000e+00 8.823979097863225984e-01 9.640529178102590357e-01 4.174936135607760015e-03 9.830969323452202202e-01 9.599664852394856895e-01 9.638193896396967109e-01 2.439502934122847466e-02 4.301602839596148642e-01 0.000000000000000000e+00 6.721417464681108678e-01 0.000000000000000000e+00 4.918525412091398485e-01 9.231903413164516126e-03 0.000000000000000000e+00 5.983754276278996365e-01 9.943504249136727591e-01 1.124810201376686336e-03 1.432000000000000000e+03 -5.156636363636363996e+01
0.000000000000000000e+00 0.000000000000000000e+00 7.646340463836837076e-01 8.999111354708700938e-01 1.819656720802003131e-07 1.357325618861831840e-01 4.947054024238796421e-02 1.000000000000000000e+00 0.000000000000000000e+00 9.760843034947610519e-01 3.375326565399040524e-01 3.889247495072213900e-01 9.968574905617125781e-01 9.958557509143101116e-01 9.437020544807288580e-01 2.043149558399475207e-01 9.191300480338384649e-01 5.997967713216774133e-01 1.000000000000000000e+00 9.922489490459346362e-01 1.000000000000000000e+00 2.133626756309064270e-04 1.563417678009983158e-01 6.966411008998069119e-06 4.371301227698879410e-01 0.000000000000000000e+00 1.997904695413029730e-01 9.769390345460911285e-02 0.000000000000000000e+00 5.694825152870512941e-01 1.000000000000000000e+00 7.583647690445891598e-01 1.650000000000000000e+03 -4.961636363636363711e+01
6.128337135848532327e-08 2.380800829893371384e-01 3.749666966420359682e-01 4.289186262212803524e-01 0.000000000000000000e+00 8.821512218356630797e-01 1.167011725425856801e-02 9.888509554783510014e-01 6.418969883125212128e-05 8.132165425616383336e-01 8.263163356830381945e-01 1.707218972661001810e-01 9.999999955919848249e-01 6.810481603023733621e-01 1.000000000000000000e+00 8.506905638847336304e-01 9.999979068326023679e-01 1.221624044730668969e-04 1.000000000000000000e+00 9.815366102887139732e-01 9.917263864071955703e-01 3.148455305110415270e-01 9.446873972520030138e-01 8.809090934457917618e-03 1.000000000000000000e+00 0.000000000000000000e+00 4.708754876403008494e-01 1.143376420573510030e-03 1.463097130762288089e-01 9.599959172642364980e-01 1.000000000000000000e+00 3.247054381674031875e-02 1.838000000000000000e+03 -5.287000000000000455e+01
0.000000000000000000e+00 2.570840738848050841e-14 9.998382361364434034e-01 8.710337640752796595e-01 7.035854468933199213e-01 5.992193062310128410e-02 2.603657737600292843e-01 1.000000000000000000e+00 8.635363408285426923e-01 7.250737377628612146e-01 1.000000000000000000e+00 6.384064810402914070e-01 1.000000000000000000e+00 7.625427735024068454e-01 1.000000000000000000e+00 9.871390265707398193e-01 2.855809907685412027e-02 2.745248387921264133e-01 1.000000000000000000e+00 6.026935639750682361e-01 1.000000000000000000e+00 2.722329502648598203e-04 1.000000000000000000e+00 3.984261559952775866e-01 1.000000000000000000e+00 0.000000000000000000e+00 8.053884375697203390e-01 5.345082133159406723e-01 3.892837867178529365e-02 5.135634314159854830e-01 1.000000000000000000e+00 1.353925298598009953e-02 2.016000000000000000e+03 -4.720181818181818301e+01
8.860278681824428071e-02 6.959065602599527611e-02 9.037545668526836273e-01 2.533333568244328093e-01 6.197673872034136222e-01 4.021419955931861412e-01 1.276786334170629082e-02 9.534924239662367906e-01 8.609418868160290117e-02 4.910273679603135294e-02 6.239499286863231520e-01 4.233249176250587081e-02 6.482078566667589525e-01 2.658428502996590392e-01 7.487073619305845140e-01 4.730061892048646466e-01 2.474689679874550186e-01 4.325222502491320176e-02 3.385077096478208980e-01 6.920882695867621726e-01 3.898409934784923814e-01 3.033042647109977508e-01 4.061793423245851353e-01 6.668063331989751430e-02 4.677292550114351966e-01 2.486297212197942363e-02 6.657461330571684544e-01 9.127231655364709262e-02 1.550088362457762436e-01 4.181267685218135743e-01 4.133871484870315638e-01 2.122742844643825122e-01 6.080000000000000000e+02 -7.632727272727271917e+00
0.000000000000000000e+00 5.222203632407456109e-01 1.000000000000000000e+00 4.488575423397581088e-01 7.598285821754945969e-04 0.000000000000000000e+00 5.317784926192105077e-01 7.987220153608211026e-01 0.000000000000000000e+00 1.513350632891654669e-04 4.218911261347640940e-01 0.000000000000000000e+00 1.000000000000000000e+00 9.331008781924098328e-01 9.751645694235985262e-01 7.262225283221123151e-01 9.680892644005588688e-01 5.333304255111442904e-01 1.000000000000000000e+00 1.000000000000000000e+00 5.094435798329086662e-01 4.400327466954893074e-01 2.469108531460267320e-01 0.000000000000000000e+00 9.278853454176724802e-02 0.000000000000000000e+00 1.296825702203228403e-01 1.969515899434790551e-01 0.000000000000000000e+00 4.517680617107899255e-01 1.000000000000000000e+00 0.000000000000000000e+00 1.304000000000000000e+03 -3.702727272727273089e+01
6.273744449055466132e-01 2.897895601880290939e-01 9.749356613706875452e-01 6.028550624360312638e-01 6.159764009136357854e-02 1.993092020686353383e-01 1.609190231042882391e-01 6.702235550723398827e-01 1.226811359989321733e-02 6.322574062072213730e-01 7.647505018289161294e-01 3.467059158934036600e-01 1.000000000000000000e+00 5.263846235527807060e-01 2.891180330258479730e-02 5.765689135345968275e-01 7.339435173659771827e-01 5.400554370513543923e-01 1.000000000000000000e+00 9.303288273967470490e-01 9.855630890439941449e-01 0.000000000000000000e+00 7.963495430659041086e-01 0.000000000000000000e+00 8.546480413732832071e-01 0.000000000000000000e+00 1.991395909342385251e-01 4.207750657529492067e-01 1.991595869641598487e-02 0.000000000000000000e+00 8.534706603117412360e-01 1.116153342025372752e-01 1.206000000000000000e+03 -4.026727272727271867e+01
2.173062669056870233e-01 2.606203853444420959e-01 9.930004106362837479e-01 9.686258679593515164e-02 3.092110990000254689e-01 3.230688564962338472e-01 9.332577790387467376e-01 1.000000000000000000e+00 7.352325684427911678e-01 5.289902246620989956e-01 0.000000000000000000e+00 1.341417431495976198e-01 3.492477953497427068e-01 2.240322158453009280e-03 6.430942900108383986e-01 0.000000000000000000e+00 6.033501455844226813e-01 9.567229172192506237e-01 8.858740181410665882e-01 2.190157357610171551e-01 1.000000000000000000e+00 6.656670825108262912e-01 1.000000000000000000e+00 3.277516981096598170e-01 1.000000000000000000e+00 3.655816066864545077e-01 1.445277314968786697e-01 1.000000000000000000e+00 0.000000000000000000e+00 0.000000000000000000e+00 1.961789996662630792e-02 8.443771530150699922e-01 1.464000000000000000e+03 -2.574727272727272975e+01
0.000000000000000000e+00 6.324548305660016023e-02 1.000000000000000000e+00 4.704276364376605568e-01 4.527511603000578672e-02 4.755465849488734603e-02 1.989815660147803700e-01 1.000000000000000000e+00 0.000000000000000000e+00 1.559690205090681903e-01 7.054775998527904601e-01 9.657669432796960329e-01 9.822415229018256477e-01 7.490257944507158205e-01 9.637069256117455351e-01 8.193319352888872587e-01 9.999774810800545755e-01 1.000000000000000000e+00 1.000000000000000000e+00 9.999871124467316630e-01 6.663751978309906399e-01 4.767704551732799279e-01 9.315510496257283224e-01 4.437806014996534959e-02 1.000000000000000000e+00 0.000000000000000000e+00 8.326176010661000548e-01 4.249919989784777807e-01 2.500140295002713578e-02 4.072676311235775004e-01 9.999995652474149566e-01 1.123470492298108275e-01 1.866000000000000000e+03 -4.668909090909090054e+01
4.910968622788639548e-01 0.000000000000000000e+00 1.000000000000000000e+00 1.000000000000000000e+00 0.000000000000000000e+00 7.309554052638026975e-03 3.284291365951849673e-01 5.812854464596297621e-01 0.000000000000000000e+00 9.937308382011710295e-01 1.263141367442364160e-01 9.595918799981947855e-02 1.000000000000000000e+00 4.790892686155346913e-01 9.501855143410826710e-01 4.175143055197951258e-01 9.936916598609664142e-01 0.000000000000000000e+00 1.000000000000000000e+00 9.960618775170257955e-01 1.000000000000000000e+00 0.000000000000000000e+00 9.818990855052925903e-01 0.000000000000000000e+00 1.000000000000000000e+00 0.000000000000000000e+00 1.690807224529429498e-02 5.282002504080329786e-01 0.000000000000000000e+00 9.999961481615323722e-01 7.745528552531483202e-01 6.390166930131623707e-03 1.722000000000000000e+03 -4.315545454545454618e+01
1.252158089846079972e-02 3.857108750455719992e-01 8.308112879537036255e-01 1.161276551126429468e-01 3.467101263416302315e-01 6.461641508096533336e-03 0.000000000000000000e+00 9.970174259847078835e-01 8.020055530559745682e-02 8.017586908745734098e-01 1.868498212312358072e-06 3.475582207259296785e-01 4.247150686694909361e-01 3.728049692694691553e-01 5.918648094972850382e-01 9.996358117367384333e-01 6.561274362243644243e-01 1.249240783913763281e-01 9.999460520983947109e-01 9.999910573976532602e-01 9.993312654252922700e-01 7.484746957449353033e-01 1.405448585524067817e-01 1.773381931273594842e-04 1.489986716587600457e-01 0.000000000000000000e+00 9.998504637331921963e-01 7.841893097889024444e-01 3.841788723712152159e-02 5.049746148590136263e-01 9.999999318495923495e-01 8.849958985621647622e-01 1.426000000000000000e+03 -3.731636363636363996e+01
2.025172645737003396e-01 7.357426594456760727e-01 9.983838218710198165e-01 6.529418687646163511e-01 1.402047015013245523e-01 1.343988371526847218e-03 5.163946784820008101e-02 9.599205318230392692e-01 1.096963912899953514e-01 2.942050747330535732e-01 3.764665764234163825e-02 1.018911925200893277e-02 6.283278199998836300e-01 2.149570164159926577e-01 8.664108967249043239e-03 0.000000000000000000e+00 6.177805680383083864e-01 6.811848946063667198e-02 7.198449386430193220e-02 0.000000000000000000e+00 8.344349232543628592e-01 7.956017310863165992e-01 8.009462981509676283e-01 1.236448983318942513e-01 9.792946867470807559e-01 3.214571108341906513e-01 1.298343997101717405e-02 7.204651456831425715e-01 8.148299793226684296e-01 2.665273473515115676e-01 5.048323563855806190e-02 2.092938211574078833e-02 9.220000000000000000e+02 -8.072727272727270531e+00
2.593059965339773454e-01 2.677403448209606518e-01 9.999932310573390604e-01 5.824982642665965660e-01 7.535767453538355816e-03 4.336951157884199604e-01 1.687262794128540355e-01 6.786835315907921995e-01 4.248290186571106707e-03 5.951058827782940153e-01 6.624185877584760629e-01 3.526592330523236653e-03 9.760280001700953889e-01 1.001369340071093794e-01 6.628997171571452407e-01 9.715438327094072513e-01 8.327448557178409594e-01 1.424090599374304156e-01 8.959347324274186120e-01 7.974006134844768834e-01 9.843488090787801958e-01 7.419979763527549677e-02 5.325481656586356083e-01 3.213463209699208428e-02 5.442821455634065941e-01 4.847153737919914634e-02 7.828510655913255289e-02 6.464481849084389165e-01 1.056164566360378587e-01 1.590452761427910144e-01 9.511965213602751046e-01 1.821849772596287609e-01 1.176000000000000000e+03 -4.015818181818181642e+01
9.523009217977744800e-01 2.953024620521298993e-01 9.289357441470348364e-01 1.999671203366020222e-01 3.293072985864550217e-01 4.222846980281270701e-01 9.377399385210067884e-01 9.551129927771742079e-01 9.336361093228190411e-02 4.710796252257737904e-01 1.241753588969908839e-01 4.356261400694089736e-01 9.819540757243442330e-01 5.200498692041812809e-01 9.768328403520714076e-01 5.374886170510008165e-01 8.076612709246923094e-01 4.247397071080170061e-01 9.944654717449283865e-01 9.672966706265796466e-01 6.590654195313619956e-01 1.178937445185056498e-01 6.819169458565934594e-01 2.152339728076940739e-01 9.596934657544156089e-01 1.727390152719294192e-01 2.518884167054722401e-01 3.487103445926475476e-01 5.709327960656973566e-02 1.439047538795785730e-01 9.650260104090400137e-01 1.058100679237021779e-01 1.542000000000000000e+03 -3.935545454545454902e+01
1.019597940194634789e-01 6.182843129662826120e-01 8.946290030475873012e-01 0.000000000000000000e+00 5.448239380459667742e-05 2.381391907513552217e-02 4.138402579689620109e-01 1.000000000000000000e+00 2.300663355501833540e-01 4.009623743066840773e-01 0.000000000000000000e+00 2.449703033606056568e-01 9.864756238637072405e-01 2.134897169521475860e-02 9.999774377977985740e-01 2.153191544696493875e-01 5.462243041548696665e-01 4.024181771019547660e-01 1.000000000000000000e+00 9.473473633778667358e-01 1.000000000000000000e+00 2.275831520132243491e-01 0.000000000000000000e+00 1.380833782529644893e-01 7.654404829163480306e-01 0.000000000000000000e+00 4.012974559637050298e-01 1.730533710505728628e-01 2.423146711921514151e-01 1.138044224221137768e-01 9.451228923937617099e-02 0.000000000000000000e+00 1.088000000000000000e+03 -3.364272727272727082e+01
4.337710470998542567e-01 6.411292242671051689e-02 6.759119891690631432e-01 8.408306449598804688e-01 1.139988688348142487e-02 4.782813064297582462e-01 3.361785103491746751e-01 8.154446653998405070e-01 1.851642584236521394e-01 2.523941275413249530e-02 7.728046064175472241e-01 8.050838393788271041e-01 9.729742996683728995e-01 3.511454618571703268e-01 9.624181686250372625e-01 7.992678272863055211e-01 9.827283412644891580e-01 1.928193282549328647e-02 9.204972372580643158e-01 9.208419488431511812e-01 9.958953171946834937e-01 1.007713064710039075e-01 8.120313323294936492e-02 6.722719772195107080e-02 7.749809893133098315e-01 5.488837795273605602e-01 9.765996848513632811e-01 2.493819836799898715e-01 9.858364212315617880e-02 4.455671475587371644e-01 8.983995206411257151e-01 2.617268058780962137e-01 1.548000000000000000e+03 -4.106636363636363996e+01
7.363718869662533306e-01 1.369825974229266219e-01 1.000000000000000000e+00 9.747196127522360642e-01 3.339999499613879874e-02 1.602283138440804278e-01 2.979477264099208988e-01 9.986302970581399929e-01 1.728105466356662438e-05 5.896211790508589790e-01 4.271767528928612778e-01 4.529214696280716712e-01 7.813676908155008372e-01 6.274311530066624121e-01 9.861555240262522837e-01 8.863265664839083957e-01 9.758824251822233453e-01 4.507757813602614183e-01 1.000000000000000000e+00 9.939667891248969989e-01 9.980114660255414716e-01 4.277005857973349007e-02 8.787100136688333896e-01 7.555565584835476356e-01 4.397151830326687105e-01 3.385653225712271393e-08 9.939413309747761049e-01 3.238392572098887645e-01 4.345757086783733964e-10 3.366417796385374750e-01 1.000000000000000000e+00 8.826178217253690672e-01 2.016000000000000000e+03 -5.703545454545455584e+01
2.266679551403096571e-01 1.314735551853153384e-01 4.657606670926580650e-01 1.000000000000000000e+00 8.148534196145840180e-01 0.000000000000000000e+00 5.528499112333881138e-01 1.000000000000000000e+00 4.525964594259522522e-02 1.280001789812872381e-01 9.306479714021170802e-01 7.165968298850541318e-01 1.000000000000000000e+00 2.198321453929068248e-01 1.000000000000000000e+00 7.914212169040584222e-01 1.000000000000000000e+00 9.665623345205541783e-01 9.992823843691631680e-01 5.905429602437702874e-01 9.583503149380241393e-01 9.876931965309690975e-01 9.944398709372958001e-01 4.067411147333173105e-01 1.000000000000000000e+00 0.000000000000000000e+00 5.835037073925795070e-01 0.000000000000000000e+00 0.000000000000000000e+00 4.977506208414262945e-01 9.934077430394563368e-01 3.388404134728003059e-01 2.006000000000000000e+03 -4.625545454545454760e+01
0.000000000000000000e+00 8.759005178859567697e-02 9.140003354345582753e-01 4.717812491217026061e-01 8.253334409366257229e-02 4.670586620957956764e-02 0.000000000000000000e+00 1.000000000000000000e+00 5.480920724949465278e-02 1.907506757893397131e-01 4.308599483282130049e-01 0.000000000000000000e+00 9.920035229245078856e-01 7.809517307011649700e-01 6.840977792362332721e-01 9.503064609773893556e-01 9.321086828687571435e-01 7.670180674583998437e-02 9.998397585449473324e-01 7.465748231976471194e-01 6.240342828173947032e-01 2.455078082110017934e-01 8.855047989297204492e-01 2.200289099439253770e-01 6.506968570802215135e-01 3.146289418058230642e-04 2.470618919407028824e-01 2.651658265307410001e-01 1.331101391555184354e-05 4.741003857073057548e-02 9.117724784895827606e-01 1.024968998321598712e-02 1.324000000000000000e+03 -3.162454545454545496e+01
0.000000000000000000e+00 5.275863796997456788e-08 1.000000000000000000e+00 4.475398381304839246e-01 5.818716122104532484e-01 6.627457224233080924e-01 7.920328475047002659e-01 6.761574202968746450e-01 0.000000000000000000e+00 2.435552354422608479e-01 2.411792974960155767e-01 4.390976201758829689e-02 9.999991643854374557e-01 8.514639080165887774e-01 1.000000000000000000e+00 9.312230875455328460e-01 8.565527524250680091e-01 5.721794430510542678e-02 1.000000000000000000e+00 8.934510471215219019e-01 9.435185113658061118e-01 2.624574975516869284e-03 2.861022865873645848e-01 0.000000000000000000e+00 2.454523101812851049e-01 3.148093199216766298e-07 1.955636335939845566e-02 7.124101311184241059e-01 6.402543019293964466e-02 0.000000000000000000e+00 9.555539777345594121e-01 1.246520459556529382e-02 1.404000000000000000e+03 -5.200090909090909008e+01
1.013349895591491440e-01 9.872310135111680429e-01 8.814347889843173744e-01 1.066361565038442261e-01 8.423910619538728106e-01 1.000000000000000000e+00 1.000000000000000000e+00 2.873181941373645189e-05 0.000000000000000000e+00 1.549567337293960567e-01 2.899355869109602590e-03 0.000000000000000000e+00 0.000000000000000000e+00 0.000000000000000000e+00 2.904792730182110747e-03 1.992011906949134881e-01 1.170250548998837403e-01 1.000000000000000000e+00 9.998292457971067471e-01 3.270909578081935276e-01 5.587588213247138835e-01 1.436578583567176826e-01 2.829553428094400691e-01 0.000000000000000000e+00 0.000000000000000000e+00 6.598840489788775354e-01 1.351674526494224884e-02 5.949467386967570715e-01 2.875414408418226070e-02 0.000000000000000000e+00 2.748430911330532189e-01 8.649811984476245552e-01 1.098000000000000000e+03 -9.450000000000001066e+00
1.487930587615413913e-01 5.932575746078205120e-02 9.631323894551646614e-01 8.242382358808337806e-01 6.311692812961991472e-02 9.780072438829012782e-01 9.542375021454758688e-01 9.875838621042355436e-01 4.502157300066765393e-04 7.248578732510768674e-01 7.241361131430215092e-01 7.751586048958309938e-01 9.203694563425696140e-01 5.191511483986906983e-01 6.263560590352337254e-01 1.000000000000000000e+00 9.464336604190263236e-01 9.744180828670516714e-01 9.957736923183517774e-01 1.131221889151258070e-01 2.664096953891452735e-01 1.598386683739611847e-01 9.427877866410755425e-01 1.314187043324653303e-01 1.000000000000000000e+00 0.000000000000000000e+00 5.461220513551120481e-01 3.418766087886119798e-01 7.052808704348092483e-01 7.005308213603947953e-01 8.279981955782612646e-01 1.643583626306341083e-01 1.892000000000000000e+03 -3.119000000000000128e+01
0.000000000000000000e+00 1.385978758687466186e-02 6.468749574333138019e-01 7.281185911911645103e-01 0.000000000000000000e+00 6.313354452497198233e-02 1.322904937273185026e-02 4.759771602529678236e-01 2.743444616888997614e-03 0.000000000000000000e+00 2.029037613522627070e-01 0.000000000000000000e+00 0.000000000000000000e+00 0.000000000000000000e+00 1.252928929650831968e-01 6.048017587088860836e-01 3.948317431005619604e-01 6.009188158933259638e-02 5.328765441592564489e-01 7.077629435716120687e-01 9.694423118143460361e-01 2.631485009714862322e-01 9.833257483650146291e-01 6.487346522125634132e-03 7.387850301412505205e-01 0.000000000000000000e+00 8.024108743942252875e-02 2.129311256512879114e-01 2.433620789526365694e-02 4.047478196667288544e-03 2.363994511915978869e-02 8.305697761363131735e-04 5.700000000000000000e+02 -7.347272727272727622e+00
2.452037727790004062e-01 4.876281644892874745e-01 7.645140443101393624e-01 6.322495018866959304e-01 2.893570812795878133e-01 4.200489445649557840e-02 4.630600299528669916e-01 9.706298207214154594e-01 3.753694286712521699e-01 1.802938321923855947e-01 8.646128914464360493e-01 5.561627229223219393e-01 9.813022924938958891e-01 9.967023600886003587e-01 9.370800378118027130e-01 5.619034008471345265e-01 6.686626552585589467e-01 8.393087977063997673e-01 9.542290164072929626e-01 8.420351998750161826e-01 9.077893654646516097e-01 5.185862542703801870e-01 8.547472127119716268e-01 1.473632299074151275e-02 6.298540617229933525e-02 3.531222813441873415e-02 9.467009324760987665e-01 7.339326688273484223e-02 2.252625816641616041e-01 2.523397481359294647e-01 1.000000000000000000e+00 1.492485218392495538e-01 1.598000000000000000e+03 -4.194454545454545524e+01
6.994337057773873656e-02 0.000000000000000000e+00 9.558657339535571174e-01 5.722809172695590973e-01 9.024007152042782254e-01 3.438605149305914432e-01 5.131828545019873067e-01 2.179904992216135651e-01 0.000000000000000000e+00 5.363828336649250073e-01 9.953223195368117171e-01 8.318187928386222389e-04 1.000000000000000000e+00 6.676044002841619029e-01 1.000000000000000000e+00 1.753953684334932650e-01 9.999610859521076422e-01 4.317022261224430779e-01 1.000000000000000000e+00 8.529156476856054603e-01 7.685906576559603520e-01 0.000000000000000000e+00 9.383245831553869154e-01 1.671704437391425060e-02 1.000000000000000000e+00 0.000000000000000000e+00 5.032610436090113604e-01 8.068478734792872142e-01 1.725251774201370589e-02 0.000000000000000000e+00 1.000000000000000000e+00 2.557515550888111444e-01 1.638000000000000000e+03 -3.111818181818181372e+01
3.163869244982394635e-01 2.229700519446716211e-01 9.570681953059823055e-01 9.783754241826712883e-02 2.641466153706267458e-02 5.167771506576185336e-01 1.282201416761508117e-01 6.651741095465436571e-01 9.065604553510227259e-02 7.292854907294266109e-01 4.811104173265240980e-01 1.329861894743305517e-01 1.000000000000000000e+00 4.911717579251430044e-01 3.080059831475766563e-01 2.482573512022686821e-02 5.238101511402277755e-01 4.794617999562340027e-01 1.000000000000000000e+00 9.883880962874944665e-01 9.105667865279103435e-01 3.659474488829611571e-01 2.637778206640572498e-01 0.000000000000000000e+00 9.734033776983145314e-01 1.528378819222931187e-02 1.101216427176309950e-02 4.297349107631471821e-01 0.000000000000000000e+00 0.000000000000000000e+00 1.536005230705246860e-01 6.269250611022170183e-02 1.020000000000000000e+03 -2.906545454545454277e+01
1.510440718810610317e-01 3.489705264415518537e-02 1.000000000000000000e+00 7.835656843328021592e-01 1.432371499129977543e-13 3.038597157594947751e-01 1.350558937967601288e-04 9.999989557932191797e-01 1.136198759808617481e-01 6.858998107435579361e-02 8.236575017260511222e-01 6.207660069108947853e-01 8.669825177193948296e-01 9.931518305066072694e-02 4.708881548194496780e-01 7.772035172846287754e-01 6.657905560205762407e-01 4.121664740635068158e-01 9.999418939207267432e-01 9.999991228589159009e-01 9.070137315783106668e-01 3.425108485678335282e-03 1.645692985247587670e-01 1.066581945720804842e-06 9.283007048517730730e-01 0.000000000000000000e+00 8.825072018608557389e-01 1.378447774502798429e-01 3.033255948593035936e-04 2.689515162455927144e-01 3.734590308574087802e-01 6.994402262070690268e-01 1.386000000000000000e+03 -4.510272727272727167e+01
0.000000000000000000e+00 7.215277698698411291e-01 5.597549775255424853e-01 0.000000000000000000e+00 4.836571114635767610e-01 6.943165714194782234e-01 6.930415398001170679e-01 9.604240353251944917e-01 9.701517724297823442e-01 9.080146302169959938e-02 0.000000000000000000e+00 1.501907552729447037e-01 1.000000000000000000e+00 3.896003772768505402e-01 1.000000000000000000e+00 6.931997848141071561e-01 0.000000000000000000e+00 4.087949660590667889e-01 7.491240412169059004e-01 0.000000000000000000e+00 1.000000000000000000e+00 0.000000000000000000e+00 8.062963687032360938e-03 0.000000000000000000e+00 0.000000000000000000e+00 0.000000000000000000e+00 0.000000000000000000e+00 1.140164664769508507e-01 6.886445808214358699e-02 6.256132404336854913e-01 8.133107512835943131e-01 0.000000000000000000e+00 1.042000000000000000e+03 -2.208999999999999986e+01
8.612384049747835724e-02 9.378485410833070635e-02 1.773996363190132874e-01 1.799553737055757663e-01 7.244435044073617158e-01 4.949936736440179591e-02 5.072536000102200182e-01 1.000000000000000000e+00 1.205445699566411316e-01 1.912133298756617805e-01 2.010354554752515066e-02 6.503776273570924804e-01 6.867968017962179372e-01 2.579977398318730186e-01 7.406076045197009794e-01 4.966866987366674313e-01 2.409050352419406515e-01 4.182509206415737507e-02 3.585527221992665936e-01 3.295677474833845211e-01 9.314958145258145361e-01 9.931299840552081266e-04 4.125260564732239899e-01 1.799106981743163729e-03 9.140996515026059699e-01 1.099955320610156856e-02 3.855052886563827275e-01 1.750573575642570823e-02 1.385686659947416022e-01 7.302183369013551771e-03 8.712647654055446500e-01 4.052235392639588069e-02 8.140000000000000000e+02 -1.165999999999999837e+01
3.577108413242559570e-01 4.266595856945823440e-01 1.000000000000000000e+00 4.391339664088600436e-01 6.508130133425017450e-01 3.801249803771522551e-01 5.758265132142169618e-01 9.394044800733709621e-01 3.239805692382594637e-01 1.765976217632125042e-03 8.697774543429807881e-02 5.098675315087514148e-01 9.300674439969232044e-01 9.714643849106594509e-01 1.000000000000000000e+00 7.167425679943324468e-01 2.176634615736718903e-01 3.958955626397450689e-01 1.000000000000000000e+00 1.000000000000000000e+00 7.866434158997863690e-01 0.000000000000000000e+00 9.247053139403617061e-01 2.611238383839018656e-02 4.060929080783974299e-01 0.000000000000000000e+00 5.417084474232386482e-01 2.209406630148384176e-01 0.000000000000000000e+00 8.876653293480007978e-02 1.000000000000000000e+00 4.674438859918372130e-03 1.464000000000000000e+03 -3.758727272727273316e+01
1.640149931711580046e-04 9.410526555583708817e-04 9.795870468800101927e-01 3.202448775242309657e-05 2.673724472131550067e-01 1.000000000000000000e+00 3.138897202084695026e-01 9.982561705769729121e-01 1.011353423070832439e-02 4.701829697477961055e-03 2.700555776912920147e-01 4.358140426148264801e-01 1.000000000000000000e+00 8.673944741618309084e-01 1.000000000000000000e+00 7.054705402322379859e-01 2.757055220308132770e-01 5.697309490507059676e-03 1.000000000000000000e+00 1.000000000000000000e+00 1.000000000000000000e+00 1.479210939056210296e-03 3.262021379779796448e-01 0.000000000000000000e+00 3.069116993288422135e-01 0.000000000000000000e+00 1.398664385671099242e-01 2.194612656165270692e-04 0.000000000000000000e+00 3.404122840359866857e-05 9.289497821272111322e-01 2.928381905262620322e-01 1.398000000000000000e+03 -4.357727272727272094e+01
2.023446304545390984e-01 2.311144008441182868e-02 9.997568886207095495e-01 9.232969358302859364e-01 4.006423204415976436e-02 2.544994261216526957e-02 5.318004039036414721e-01 9.214213207733729094e-01 0.000000000000000000e+00 9.793106368143816853e-01 3.841071747111680090e-01 1.393557467324735566e-01 9.865475949131096156e-01 4.476454324655045336e-01 5.570078137555627418e-01 6.049902132692021040e-01 9.495602114122136950e-01 1.690986602048033874e-02 9.672173532970580467e-01 1.000000000000000000e+00 5.257051610116315610e-01 6.312116547368744232e-08 7.192564024806423761e-01 6.029819906546220187e-02 5.579895665924575754e-01 4.488493255860879144e-05 9.567546438848939516e-01 6.032339796371988250e-01 5.831320714659646298e-02 3.267793444479423059e-03 5.430277742512794603e-01 2.531977259149681969e-01 1.414000000000000000e+03 -3.318454545454545013e+01
0.000000000000000000e+00 2.303895656660880087e-01 3.522327673788930996e-02 4.176729995339304512e-09 3.121558719706438167e-01 1.000000000000000000e+00 9.999836122417100626e-01 1.000000000000000000e+00 4.367333761710875395e-01 9.363192780489808520e-01 0.000000000000000000e+00 0.000000000000000000e+00 9.827995002500979904e-01 7.516636945746999476e-01 4.694281169705166040e-02 1.418276746784766294e-04 1.000000000000000000e+00 1.384822249496540144e-03 9.996743180228622183e-01 0.000000000000000000e+00 5.090801968105945763e-01 1.000000000000000000e+00 3.446236036542276349e-04 3.017128980026919966e-04 4.202447625726411506e-01 0.000000000000000000e+00 6.170931985426798827e-02 7.074197426844583969e-01 0.000000000000000000e+00 3.138974414155891735e-01 4.181573609007601111e-01 2.222437844553028924e-02 1.218000000000000000e+03 -2.190090909090909221e+01
1.862846771108998822e-01 2.535541811111846622e-01 6.704164259072121768e-01 6.138064573697676884e-01 3.379401573737614295e-01 7.981650322091700112e-01 9.457498568648128323e-01 1.000000000000000000e+00 1.099640761027859265e-01 1.639255920618056250e-01 3.457175598157748997e-01 4.821858615576808393e-01 8.699741100581809272e-01 5.124697628766831103e-01 6.182052975399151551e-01 5.088077091826314069e-01 8.789798133157259441e-01 5.925688844249277221e-01 8.470275305605308169e-01 1.000000000000000000e+00 8.990277003068570805e-01 1.137797123530957938e-01 5.647048435722373805e-01 2.183847144351905301e-01 1.000000000000000000e+00 4.229181768631989219e-02 4.149575611687250087e-01 1.245434622099529376e-01 0.000000000000000000e+00 0.000000000000000000e+00 9.748265914629218321e-01 1.789342266980001595e-01 1.400000000000000000e+03 -4.077909090909091105e+01
7.476227189380910132e-02 8.138264467894795046e-03 1.000000000000000000e+00 5.137808492972449903e-01 5.670747139919070090e-01 2.255737882865735955e-01 2.289337969781799209e-01 8.233598693264810864e-01 2.293249013927038116e-01 1.000000000000000000e+00 6.712573239809388470e-01 4.307300036654354569e-01 1.000000000000000000e+00 8.305902749924558570e-01 7.717359922619495549e-01 9.535759183525388538e-01 9.846263254184033364e-01 1.134311009557389602e-02 9.681377924051519646e-01 7.609902692877202890e-01 9.996206019942793786e-01 2.449807716812649749e-01 2.821279697553066290e-01 9.934950683911665248e-01 4.487288753678934233e-02 3.610762310737034714e-02 1.491353781251601451e-01 1.000000000000000000e+00 2.667201159045498038e-01 5.108914119825883754e-02 6.092147490791051112e-01 2.996422283199060010e-01 1.568000000000000000e+03 -4.090727272727272634e+01
7.833695492777559277e-02 4.033529916265891913e-02 9.330590392148883083e-01 9.679085311090113164e-01 3.992851563215727984e-01 9.679706356070625836e-03 5.697980378327334172e-01 9.167247684657314766e-01 3.247990686864657972e-01 4.619957694855125196e-01 1.452216836940364020e-01 3.725859274319121006e-01 7.740074294089521745e-01 8.460771569265262970e-01 3.436167769755261725e-01 4.075019825848350541e-01 4.124472579545636064e-01 2.243951148681930519e-01 9.779430656537503319e-01 2.455320613111292623e-03 3.526377349506783498e-01 5.321443710921364145e-01 8.031291327119111090e-01 7.486233380406491500e-02 1.617115631683465615e-01 1.562634938418551445e-01 9.460710232108837658e-01 9.856157332929754711e-01 1.063548108070819509e-01 4.374560217604782086e-01 6.065683341926126904e-01 4.874871201460935777e-01 1.156000000000000000e+03 -2.083909090909090978e+01
6.996402183132419128e-02 2.206998364372908181e-02 8.198323323282900033e-01 8.513794191039615322e-01 6.272427613373041111e-02 1.554659342216331008e-01 4.770309418645851118e-01 6.201271285727005811e-01 0.000000000000000000e+00 1.307659529109280738e-01 7.512292400652124946e-02 2.556526739401253634e-01 1.000000000000000000e+00 5.245609174652771101e-01 7.039010744375979733e-01 5.218480984701253655e-01 7.735735419647319366e-01 1.917853167515434429e-02 9.788904881752702458e-01 8.905578305323816890e-01 8.392599891249171717e-01 0.000000000000000000e+00 4.375172061941478008e-01 0.000000000000000000e+00 9.450723510139974470e-02 0.000000000000000000e+00 1.211803483714653656e-01 3.375508328158380311e-02 5.875734257341477113e-02 3.637411764286908698e-05 9.404684613554955552e-01 2.239388466648299658e-01 9.380000000000000000e+02 -2.534999999999999787e+01
5.234483354044792147e-01 0.000000000000000000e+00 9.998875878583299848e-01 9.335247935383989004e-02 0.000000000000000000e+00 5.886085866856146653e-01 7.163688523035991462e-01 1.000000000000000000e+00 1.687772229407755453e-01 3.493771040819488305e-01 2.884035879679582304e-01 1.965171989400747721e-01 1.000000000000000000e+00 8.011144250053262583e-01 2.910029896165277144e-02 5.562271289844482602e-01 7.333015146701735709e-01 0.000000000000000000e+00 1.000000000000000000e+00 1.000000000000000000e+00 9.997945747433235608e-01 1.411562875152633718e-06 6.144056569792997191e-01 8.084303727103571077e-04 6.777867857550700093e-01 0.000000000000000000e+00 3.629210788682531164e-02 1.000000000000000000e+00 7.495405116120486266e-02 2.078313088458326463e-01 1.000000000000000000e+00 3.968610098892136340e-01 1.400000000000000000e+03 -3.856090909090909236e+01
6.313939430089040954e-04 0.000000000000000000e+00 1.000000000000000000e+00 1.162938009684229140e-01 0.000000000000000000e+00 4.608759169589027316e-01 2.308662502083310862e-04 1.000000000000000000e+00 0.000000000000000000e+00 0.000000000000000000e+00 2.291607071463827583e-01 3.853895247293473436e-01 9.387692985501915333e-01 7.828069946693706066e-03 8.136509943385467070e-01 6.269735454711972134e-01 6.979831681514051533e-01 1.186059456413832008e-01 8.620063563019874087e-01 9.796885230145503387e-01 9.739147500776329514e-01 0.000000000000000000e+00 6.771321421188848666e-02 0.000000000000000000e+00 1.480766491770506288e-01 0.000000000000000000e+00 0.000000000000000000e+00 1.948714794123742045e-01 2.940211361718326836e-08 2.150856706222917421e-03 6.122540346781728537e-01 2.462189868968983897e-01 1.000000000000000000e+03 -3.465999999999999659e+01
3.267789010667945110e-02 1.933864763149130417e-02 9.962673564095608780e-01 2.950042443338886100e-01 1.707421737500150472e-01 2.890468535057810762e-01 6.437422155311430805e-01 9.453245754623617048e-01 1.253217245809360586e-02 1.939157401587714435e-01 4.788662712207880645e-01 2.525626222486817007e-01 9.286521413845708617e-01 4.702915004967058166e-01 7.275777576273670944e-01 9.125209586204975354e-01 8.618128381209720912e-01 4.000298663007190170e-02 7.338877903299388938e-01 1.666758754827975531e-01 7.043527298936362868e-01 1.031527502839100011e-02 3.676847030344890244e-01 2.374034077309613022e-01 4.487062689444181740e-01 0.000000000000000000e+00 1.801038886037101550e-01 5.816016031985179469e-01 2.299801957705881472e-01 2.752803560294763904e-02 6.424113562944132605e-01 9.134827327123418161e-02 1.012000000000000000e+03 -1.950636363636363413e+01
2.534492121380875207e-01 8.925776835297494216e-03 8.135943421527241926e-01 2.798171811712104051e-01 2.720562281160407991e-01 0.000000000000000000e+00 9.887276082468585137e-02 1.000000000000000000e+00 2.395733595221901380e-01 1.000000000000000000e+00 8.167132616847563309e-01 8.817145326648716530e-01 9.545638237498111911e-01 3.051259913920867373e-01 7.721314623191769533e-01 4.916804253802162794e-01 1.000000000000000000e+00 1.144195150671705463e-01 1.000000000000000000e+00 5.461343198692794054e-01 9.938846932434362014e-01 3.551958147498634338e-02 5.094940273056803859e-01 2.195251223375050409e-01 2.171765234593537319e-01 0.000000000000000000e+00 3.634839652564320067e-01 2.356825300295909698e-01 2.124931740887219198e-05 3.266610828516349208e-01 9.894466127699654834e-01 2.557486550353770243e-03 1.332000000000000000e+03 -3.798090909090908696e+01
3.589291487278270520e-02 2.117229256274068550e-01 8.009259078428230261e-01 3.946602974984406154e-03 7.887959549264542125e-02 4.409246374022296466e-01 9.525886297206098696e-01 9.810180118930091897e-01 1.673495430156194536e-02 3.451832696649882459e-01 8.181759497508417356e-01 8.231633246307865637e-01 9.911155961013037308e-01 4.275467284782422661e-01 6.875392237183097777e-01 6.014683767452227992e-01 3.123843625882006259e-01 5.814416883255564272e-01 9.878595521891002651e-01 9.803262741162637184e-01 9.980971573680692543e-01 2.713967020000437880e-02 5.195891434961728145e-02 3.581171867231794370e-02 1.212931596318472249e-01 1.529707978550993476e-02 6.760178416405986102e-02 2.327269430965281556e-03 6.075704100273607473e-03 0.000000000000000000e+00 9.445706605345151052e-01 8.659059021637957043e-01 1.382000000000000000e+03 -4.335545454545454191e+01
7.367952613419906926e-01 2.691144575422858565e-01 7.326095313989398061e-01 5.102595520626861392e-01 4.320266600982087257e-01 6.858743264469752132e-01 0.000000000000000000e+00 9.677173926374859070e-01 6.239306949844548589e-01 0.000000000000000000e+00 9.491503252575602678e-01 8.435597560713156140e-01 7.869234079892085676e-01 0.000000000000000000e+00 0.000000000000000000e+00 1.712951016444262120e-01 6.423505521426756126e-02 8.528991523012567910e-01 3.895856923603994160e-01 5.744950439857374747e-01 9.998175394469295263e-01 8.636703880169551706e-01 4.200610466271869486e-02 9.770791092807901146e-02 4.800435492816138572e-01 0.000000000000000000e+00 0.000000000000000000e+00 9.441775452331843677e-02 5.414091900993338313e-03 0.000000000000000000e+00 9.299123976653104195e-01 8.681762416753052714e-01 1.272000000000000000e+03 -1.168181818181818166e+01
2.929441309884096012e-01 1.000000000000000000e+00 9.945227747696274712e-01 9.464841531385030649e-02 1.075682063886732320e-01 7.206064703011605399e-01 1.327363216407715651e-01 9.999742000429640010e-01 3.200856950735385120e-01 1.254341144838439057e-04 9.186924529031451625e-01 1.000000000000000000e+00 1.000000000000000000e+00 0.000000000000000000e+00 1.000000000000000000e+00 1.000000000000000000e+00 5.220154188696969344e-01 9.998606672527808881e-01 4.807353648390346734e-01 9.999676322998676259e-01 1.000000000000000000e+00 8.267913063161862475e-01 5.478699931538173473e-01 8.748948745641517422e-02 9.510035814788793118e-01 4.080240195819258791e-05 2.912149860065404994e-01 2.124023714387527628e-01 3.466468547758846941e-01 1.808669691633186249e-01 1.918166304779729825e-01 4.912255807101614802e-02 1.772000000000000000e+03 -5.036363636363636687e+01
2.590027558764244620e-01 1.429695783178453004e-03 2.480363900120904075e-01 3.100861085111376036e-01 0.000000000000000000e+00 8.574477312417466690e-01 7.323579438177633127e-01 1.000000000000000000e+00 1.648301117803652183e-02 0.000000000000000000e+00 6.755557854809305374e-01 9.905432668363246540e-01 9.999985904565591444e-01 5.181222645172044450e-01 9.994185944843229086e-01 1.000000000000000000e+00 5.161720287227663975e-05 1.000000000000000000e+00 9.999955690346621351e-01 8.327885034151274457e-01 9.650087672879726908e-01 0.000000000000000000e+00 1.913907045060327453e-02 9.081406241362148801e-01 3.399565697172405310e-01 0.000000000000000000e+00 7.855158990677404418e-01 6.325402778521349578e-01 2.033264169247727391e-04 4.700188751147105215e-02 1.000000000000000000e+00 6.999000751621099470e-01 1.756000000000000000e+03 -4.476545454545454561e+01
7.334913351688189531e-02 4.759561210832195105e-02 5.089702923221398612e-01 6.841453231670803214e-01 2.145782958247155481e-02 5.725604895947171702e-01 7.438855180793229049e-01 6.536122692354668917e-01 9.607535351002756407e-02 9.241656079312137173e-01 6.041789148510466889e-01 5.655302356143917381e-03 9.949594639244460081e-01 6.339555530824841911e-01 6.682371784264934389e-01 7.713033044020810580e-01 7.525205716237798326e-01 1.728222256668170420e-01 9.298845082660543993e-01 6.870552673824424916e-01 6.798402423836705788e-01 1.659110933100027205e-02 1.092318974319521768e-01 5.171970104090442555e-02 3.045958646423935212e-01 0.000000000000000000e+00 1.978394949843770984e-02 5.124754127457043645e-02 1.886973324845508601e-02 1.361961528903757497e-02 4.869698233564844214e-01 4.726172575290452094e-02 9.040000000000000000e+02 -2.590636363636363981e+01
2.251620050459204048e-01 4.033521446877441075e-01 1.000000000000000000e+00 1.954653982936817858e-01 7.839933891145557665e-02 0.000000000000000000e+00 8.820931778370976195e-01 8.801302864498211642e-01 4.549381123357103414e-05 6.378815665862535011e-01 6.584084781464850655e-01 5.307249952245849389e-01 9.982860786425664656e-01 8.450525545635557967e-02 1.673167964080411740e-01 8.495428749318211237e-01 6.929217267750336084e-01 9.907468278753789366e-07 1.000000000000000000e+00 7.313503787218674779e-01 9.321677631120408591e-01 5.769462847040209008e-02 3.443650218586341016e-01 2.947420323234393735e-01 8.756928632456635331e-01 0.000000000000000000e+00 9.999993528104288432e-01 3.183160637577198810e-04 6.580874628094030010e-02 5.709612972739992742e-02 7.657601985366618846e-01 3.233553376023182158e-01 1.392000000000000000e+03 -3.864545454545454106e+01
4.226823625457882261e-01 2.905439975809080422e-01 9.840539747719126984e-01 9.585150031511084912e-01 2.919884579177186579e-01 5.700878397419994331e-02 9.944794813799462396e-02 5.516809427779917341e-01 1.602872046045676624e-02 1.843524714109596729e-01 8.405940557207119967e-01 2.258334894067337284e-01 8.576717393134393186e-01 1.748649741432496685e-01 4.692203327798510903e-01 8.317731084431249089e-01 4.467988474572367474e-01 3.834089439667232035e-03 8.971034772758045284e-01 6.567168609201943230e-01 4.248324732675110571e-01 0.000000000000000000e+00 2.406629955547828492e-01 5.543896775533741590e-04 5.289950395163253716e-02 1.648634611467258634e-02 1.459671176063133402e-01 4.631002443612498576e-01 2.510928873528174843e-01 1.367579820828461121e-02 8.362929235263887318e-01 1.866509555752998706e-01 8.780000000000000000e+02 -2.489090909090909065e+01
6.114587929164509489e-06 0.000000000000000000e+00 1.000000000000000000e+00 2.242172672107353753e-05 0.000000000000000000e+00 4.394878906455770284e-01 8.527333178165019678e-02 8.997748777389726893e-01 0.000000000000000000e+00 0.000000000000000000e+00 9.412765962914091400e-01 1.419801863948967069e-01 1.000000000000000000e+00 0.000000000000000000e+00 1.000000000000000000e+00 6.366360536313364626e-01 8.866761621593642895e-01 0.000000000000000000e+00 1.000000000000000000e+00 1.191796646917718300e-04 0.000000000000000000e+00 1.604395906849633568e-01 6.277228363924851617e-01 0.000000000000000000e+00 7.060464842837983757e-02 0.000000000000000000e+00 0.000000000000000000e+00 4.704324059662060575e-01 0.000000000000000000e+00 0.000000000000000000e+00 0.000000000000000000e+00 2.356608434918952555e-01 1.038000000000000000e+03 -1.938363636363636289e+01
3.765763876443193464e-02 2.731272395413968934e-01 7.147654803254089861e-01 8.584046445175452789e-01 3.758837532886580846e-01 2.519942468700066968e-02 8.652892461077875685e-01 1.000000000000000000e+00 3.608617207172626906e-01 4.752254384493517225e-01 4.865006380567396538e-01 6.118399763739515995e-01 9.887122591597541366e-01 2.469828708309326215e-01 1.000000000000000000e+00 8.862946385452361575e-01 6.035849125723964370e-01 7.616660423978605099e-01 9.999999991977677194e-01 9.025702734485984147e-01 9.999985916804322583e-01 1.585796132106363221e-01 2.031379544101496737e-01 3.445511956539631610e-06 8.118883122667512608e-02 0.000000000000000000e+00 5.619186113201538602e-01 2.535530669321711117e-01 1.897473861798623929e-01 0.000000000000000000e+00 9.218338607595945033e-01 1.877138693163913907e-01 1.576000000000000000e+03 -5.520181818181818301e+01
8.607104122184498773e-02 0.000000000000000000e+00 6.272372018094649615e-01 5.827169839455111425e-03 3.778093278426368218e-01 2.888600808081994709e-01 0.000000000000000000e+00 3.731831496319328867e-01 6.584692143454723423e-02 4.528880238946351167e-01 1.561680082344915066e-01 2.290152543285864373e-01 9.803035986132981883e-01 3.958478179019906951e-01 3.370960448962295741e-01 9.208153057657831875e-01 2.095317787435551915e-01 8.359279081001952383e-02 7.144297446519847217e-01 9.494462500122577975e-01 9.710166690611458096e-01 0.000000000000000000e+00 3.436575367651952678e-02 2.595024146389830061e-02 5.606492333696569963e-01 0.000000000000000000e+00 1.110707563810537091e-01 3.046725079572356210e-03 0.000000000000000000e+00 4.725766849768216205e-02 9.407470386527171380e-01 4.581777030761836900e-02 8.500000000000000000e+02 -2.432545454545454433e+01
0.000000000000000000e+00 1.465007635651509234e-03 9.196978955991995663e-01 1.142292324709145816e-02 0.000000000000000000e+00 3.817446680542261328e-01 7.530736848014121798e-02 1.000000000000000000e+00 1.611109177077386934e-01 7.612547000751658521e-02 3.947190536208887712e-01 6.178883413291660354e-01 7.037506206646905182e-01 0.000000000000000000e+00 5.902383954183730852e-01 9.250740159850338040e-01 8.845405951438601866e-01 2.959064188527647521e-01 1.000000000000000000e+00 9.999999983829875871e-01 9.642712484225350877e-01 7.432382244681813577e-02 2.344758996830441089e-01 1.279563360189075669e-03 3.749694298279959703e-01 0.000000000000000000e+00 1.118871743816595397e-02 5.852757277597961938e-01 0.000000000000000000e+00 6.579934053728273002e-02 7.117832633169107748e-01 2.084096789377033188e-01 1.126000000000000000e+03 -3.761363636363636687e+01
1.286904620824671358e-02 5.677865322611512500e-02 9.640390852414491007e-01 1.173723289148680821e-01 5.333906204861713074e-02 7.248757840806749342e-02 3.443571131703857535e-01 9.846444529617206509e-01 2.955239169097633595e-02 6.427493015157069722e-01 6.770738418316808449e-01 6.822835028783664768e-01 9.532319325428874057e-01 1.455816330520446900e-01 6.041986492240583040e-01 9.664225833293160761e-01 9.977492155161785670e-01 5.024526320782416594e-02 9.778829873826893060e-01 9.881296595827038232e-01 9.642265787465962301e-01 1.795514250245633103e-01 3.294081632214425071e-01 1.371850368721667240e-02 8.033479739154185673e-01 3.558498158997976026e-03 6.360684505108005204e-01 4.077460612281215944e-03 4.198989510504936851e-01 4.523692971579156286e-01 7.453484597160197067e-01 3.454053970504452620e-01 1.388000000000000000e+03 -5.335545454545455613e+01
1.607799038327367147e-01 0.000000000000000000e+00 9.950459608590122018e-01 1.008301053035306621e-01 0.000000000000000000e+00 2.906877838069868479e-04 0.000000000000000000e+00 1.000000000000000000e+00 0.000000000000000000e+00 3.643929346897897825e-02 6.524670196376869402e-01 6.540768929466226345e-01 1.000000000000000000e+00 5.713235056251259047e-02 5.764108460812141788e-01 9.999974352394742638e-01 1.000000000000000000e+00 3.512932361688112515e-01 1.000000000000000000e+00 7.499266916018514362e-01 9.981114267661420625e-01 1.488938689084363105e-06 3.831819295422496108e-01 0.000000000000000000e+00 6.628744841063293203e-01 0.000000000000000000e+00 1.825690323372320539e-02 3.922407298076311388e-01 1.997920265719725086e-01 4.973177101106839026e-02 6.784131788518169559e-01 7.141721777819821648e-01 1.210000000000000000e+03 -3.872363636363635919e+01
0.000000000000000000e+00 1.155053015341471756e-01 9.460789772062212499e-01 1.930777735612458357e-01 1.204761974411844751e-05 1.401619039504490571e-01 9.344232261557882113e-01 9.821826652346417053e-01 2.017361390459400661e-01 4.894431932427335541e-01 6.938150135642585647e-01 7.703684530889315374e-01 9.872587670695202045e-01 2.143255849473522379e-01 7.841310292143592875e-01 5.239018312757235396e-01 1.919895707941315088e-01 5.951117609229945593e-01 9.198572035476815234e-01 2.538163858741585566e-01 9.999759642386321090e-01 2.168104618026112096e-01 5.784278120519319444e-01 4.069415916872070604e-01 9.769615579323581711e-01 0.000000000000000000e+00 5.415792306214594065e-01 8.506407370726924710e-02 6.842717661822379505e-01 7.151827167840906219e-01 1.000000000000000000e+00 6.048151630704953208e-01 1.468000000000000000e+03 -3.876363636363635834e+01
2.007388988105071881e-01 1.401334362824492932e-02 9.061202960715971644e-01 2.057891092799765329e-02 1.510462160966887478e-02 8.984193555659570896e-01 3.208482919630838842e-02 3.918450861090916892e-01 9.963611223741070111e-01 3.229740927498144787e-01 6.755839391253896098e-01 6.625473324076828208e-01 1.563740043719738237e-01 1.477168306574749585e-03 5.117994575493433063e-01 2.888435739916721257e-02 1.760561200114429958e-01 3.524354616940741924e-01 9.653961756323349297e-01 7.440002420360544155e-01 8.450928913711344137e-01 7.973683884165996133e-03 2.194946089031881153e-01 3.679716038908463771e-01 7.927426766093340627e-01 9.692945040319766309e-03 9.181932034487359437e-03 6.798090603663474452e-02 8.633985806409896213e-01 1.108992862500992327e-01 9.917378446367841258e-03 2.419355830806484697e-01 9.880000000000000000e+02 -1.495636363636363519e+01
0.000000000000000000e+00 0.000000000000000000e+00 5.287499018875677637e-01 0.000000000000000000e+00 0.000000000000000000e+00 0.000000000000000000e+00 0.000000000000000000e+00 1.000000000000000000e+00 0.000000000000000000e+00 1.266009840521845505e-06 7.091265140800141753e-02 0.000000000000000000e+00 1.000000000000000000e+00 7.802601010028456519e-02 8.202114833097509106e-01 5.417599292498269659e-01 2.395482094048284605e-01 1.222129122188796505e-02 8.729506649760271353e-01 7.661407744315984480e-01 2.368482623259868507e-03 0.000000000000000000e+00 2.421958609481969504e-01 0.000000000000000000e+00 1.354060566825556139e-03 0.000000000000000000e+00 0.000000000000000000e+00 5.769711175411745829e-01 0.000000000000000000e+00 0.000000000000000000e+00 9.981766129819549249e-01 1.647542321176615192e-04 7.540000000000000000e+02 -2.093454545454545368e+01
1.023138474999709313e-03 5.949074745310956730e-02 8.887348442106749458e-01 1.693790517586047373e-01 0.000000000000000000e+00 9.452846964984147268e-03 7.404785792024670688e-02 5.405262136111296245e-01 3.982917868988135324e-02 3.540379095798857345e-01 7.403769257601691134e-01 4.510924979868330964e-01 6.962228626417790167e-01 2.578421135952549959e-01 1.000000000000000000e+00 7.745671436656431652e-01 3.080071192228867605e-01 4.170303361751949434e-02 7.526448469071342906e-01 7.111955185998702911e-01 4.222331054537447614e-01 1.224540913289053632e-03 2.834560089902103848e-03 1.173109139819501767e-02 6.784830920417526112e-01 1.577088437230068918e-02 3.167569546665292557e-01 3.255232571891507332e-02 6.170607418601194161e-02 3.912238217813819238e-03 4.560039339398340164e-01 5.907832763527862824e-02 6.620000000000000000e+02 -1.742000000000000171e+01
1.012532459959125317e-02 3.422200304957646877e-02 1.000000000000000000e+00 1.222694051941594640e-01 1.094586022250108870e-01 2.344719053617617954e-01 0.000000000000000000e+00 9.999786883190870945e-01 0.000000000000000000e+00 6.335223557577109865e-01 4.466406782034554879e-01 1.906959411959747441e-01 1.000000000000000000e+00 5.385862642960419500e-01 3.012096120279776357e-01 9.474158794318290333e-01 1.000000000000000000e+00 6.217204547714455520e-01 1.000000000000000000e+00 9.999999993414806498e-01 3.489939774520114946e-01 5.068409355352643253e-01 5.919710608701911347e-01 7.620715893770507732e-02 2.998771380219082960e-01 0.000000000000000000e+00 6.762966134213732605e-01 0.000000000000000000e+00 1.959158311748695203e-01 5.653613193985549401e-01 1.000000000000000000e+00 6.252578739016076970e-01 1.302000000000000000e+03 -4.110909090909090224e+01
2.071247821870778145e-06 6.578248863972317381e-03 7.637920529856244700e-01 1.810313453675728157e-01 3.118028909741912971e-06 3.614088151765676438e-01 8.545204733438427347e-02 9.960980754279584737e-01 0.000000000000000000e+00 5.554252840130463609e-01 5.197524514512271709e-01 5.445368766272115080e-01 9.565564738135314826e-01 3.671417862277577259e-06 9.422911079041778049e-01 8.608073528788952045e-01 6.414358838733783541e-01 3.567570707640927985e-01 9.732901662941328969e-01 9.990272595560136804e-01 9.999954820268427413e-01 3.255491098711015170e-03 1.324945779314084734e-03 1.574151832995809704e-06 5.191171040047141139e-01 0.000000000000000000e+00 1.667379917971312797e-01 3.450766112808183184e-02 1.056575719519380063e-02 1.695346505747764854e-02 9.397140986186340861e-01 7.917533872810371409e-02 1.236000000000000000e+03 -5.130818181818181500e+01
0.000000000000000000e+00 1.350976889907317714e-02 6.626788087411386030e-01 8.712859795154174192e-01 0.000000000000000000e+00 1.157116185576851225e-01 1.469366728931148502e-01 9.992916136019038831e-01 0.000000000000000000e+00 6.642571319891309445e-01 9.999949847989531015e-01 1.251118443135184333e-01 9.848771839860854804e-01 2.627649515626420129e-01 9.578151696431126405e-01 7.666159041874509583e-01 5.983969874918757537e-01 1.036672918637474017e-01 1.000000000000000000e+00 6.692882862047949688e-01 1.000000000000000000e+00 0.000000000000000000e+00 2.153766153155909358e-01 9.995081142651981651e-03 6.607172512070169645e-01 3.189509003284574963e-03 2.195970025040682935e-02 3.149348899436735238e-01 7.722496005801207652e-02 1.459720095782298388e-01 5.213895823895593473e-01 1.503510209553724419e-03 1.186000000000000000e+03 -3.430909090909091219e+01
2.427879506390243913e-01 8.186299919762133337e-01 1.000000000000000000e+00 6.558945918638831030e-02 0.000000000000000000e+00 8.404835330409905492e-01 3.930615435378701505e-01 9.844700487959676671e-01 1.664059879419397814e-01 9.908012751754772252e-01 8.303880586605998371e-01 1.000000000000000000e+00 7.058026598714995936e-01 3.146989727990434083e-01 5.452774558816381179e-01 9.991809394499521213e-01 9.978637280310327373e-01 7.044667957796020286e-01 1.000000000000000000e+00 1.000000000000000000e+00 1.000000000000000000e+00 3.146503046253395497e-01 6.326112796015745943e-01 9.511377585998033457e-02 9.058132675670688139e-01 1.274521285444897012e-01 2.085930654199424361e-01 7.690856907179995927e-01 2.437990907520282136e-01 3.624130828665122483e-01 1.000000000000000000e+00 1.117158494284486581e-13 1.834000000000000000e+03 -5.285818181818182637e+01
4.794220826815294156e-01 0.000000000000000000e+00 1.000000000000000000e+00 5.048250279675330771e-02 0.000000000000000000e+00 3.397345212825472055e-03 9.234379529519080518e-03 5.832497680506716353e-01 2.923625286994969031e-03 5.670659172724173969e-02 4.218938883111306160e-01 4.900923184560480872e-02 7.814575283686188145e-01 2.481000186199991322e-03 3.419402271704097274e-01 4.190970087625003337e-01 9.937045099908057288e-01 4.129949885169776347e-01 1.000000000000000000e+00 8.906643776518042843e-01 5.889466006739929593e-01 2.987424844421576742e-01 8.639678661324285969e-01 4.084871098623852476e-03 5.964281758655013421e-01 1.888233392077499819e-03 0.000000000000000000e+00 4.276990080962036339e-02 3.300646354888128742e-02 1.451867020656566823e-02 8.150864421798716952e-01 2.539762840929419077e-02 9.520000000000000000e+02 -2.324272727272727579e+01
2.041256087963421589e-02 1.000000000000000000e+00 1.000000000000000000e+00 0.000000000000000000e+00 2.706198563619919076e-02 1.608415780762099956e-01 6.309319264132045024e-01 4.150295383081908374e-01 8.046820184559092537e-01 8.311227420136282351e-01 4.794144991741074446e-01 8.310773686157891804e-01 1.000000000000000000e+00 0.000000000000000000e+00 9.185464827725859926e-01 1.000000000000000000e+00 6.135986119617924395e-01 3.371037642145998103e-01 1.000000000000000000e+00 3.562811504396539708e-01 9.999368316222050357e-01 9.507230956237636699e-01 3.371459953747062976e-01 6.563980883795812460e-01 9.588065557034121111e-01 0.000000000000000000e+00 7.460112362224939897e-01 3.057408892345803708e-01 6.135881453053299711e-02 4.560509224965937358e-01 3.977621723000229759e-01 1.235250340175541167e-01 1.602000000000000000e+03 -4.331909090909091020e+01
2.377021535699593707e-02 3.104580753311806385e-01 9.482382736760109898e-01 5.365482485416562392e-02 0.000000000000000000e+00 7.393071023531102570e-01 3.269524588037206470e-01 1.000000000000000000e+00 0.000000000000000000e+00 5.715613811138015032e-01 3.599879833308619048e-01 5.320315573944852661e-01 1.000000000000000000e+00 0.000000000000000000e+00 7.508874772751580329e-01 7.330564807851687181e-01 8.118222434496743523e-01 8.134358251512027183e-01 1.000000000000000000e+00 9.999999999750779356e-01 8.359714143222596316e-01 6.120075353520911809e-01 3.870802953900330801e-01 0.000000000000000000e+00 4.871482623119466893e-01 2.698501309263006132e-01 8.761837815009613228e-01 1.552405283695764693e-01 0.000000000000000000e+00 2.317212770239052977e-01 9.966362812095471702e-01 6.138340470332762644e-01 1.466000000000000000e+03 -4.107636363636363086e+01
1.732003929476518022e-04 3.756251163202831700e-01 1.000000000000000000e+00 3.999655266133049780e-01 1.494985911665036860e-01 6.797744748116991698e-01 7.486545891691953614e-01 1.000000000000000000e+00 4.424775160585292522e-01 1.272345026360711118e-01 8.486864998307226404e-01 6.136503879880470524e-01 1.000000000000000000e+00 4.857328424193729233e-01 2.221040970313068741e-01 9.575246495994104157e-01 3.867514366547989413e-01 0.000000000000000000e+00 9.974491198874647635e-01 7.609122303240407614e-01 9.128593774072908396e-01 4.479089141670859475e-01 2.417530292049569207e-01 9.170700991964135518e-02 8.660192900797751836e-01 1.492639283281203648e-02 2.167923062223851005e-01 1.465394039728708242e-01 6.992700097556669991e-01 4.293739159054669741e-01 1.577007590027118544e-02 9.230164079714534356e-03 1.306000000000000000e+03 -3.529454545454545666e+01
0.000000000000000000e+00 5.070708274938288129e-01 1.000000000000000000e+00 1.491278777039115044e-01 0.000000000000000000e+00 3.746348118920010961e-01 1.739966023775089687e-01 9.972662181971871931e-01 1.975105087586204785e-03 0.000000000000000000e+00 5.565304210003062940e-02 9.922817760634454753e-01 8.601571335271265273e-01 4.222612793511943546e-02 8.955162679461784458e-01 9.999999980114849807e-01 9.484967987500799724e-01 7.182721900197440723e-01 9.920594651159410082e-01 4.989537026581398749e-01 9.593593757335042715e-01 7.598381967511839605e-05 5.734270916367532498e-04 1.012981763179349737e-01 3.952174729760766780e-01 1.102454419582344670e-03 2.362468246746248640e-02 2.409789685375882395e-01 5.424135553255671205e-02 0.000000000000000000e+00 8.492994154119097860e-01 3.313371269974451825e-04 1.368000000000000000e+03 -3.841818181818182154e+01
2.958841831827215430e-04 0.000000000000000000e+00 9.741512021512993558e-01 0.000000000000000000e+00 4.449368023132829406e-03 2.166409852825641746e-01 3.903350180709966311e-02 9.682743413122539833e-01 7.348648106798333357e-02 6.155719243068397128e-01 3.803821700407950535e-01 3.402646330084084791e-01 9.288523387813180099e-01 6.839581096333513521e-02 5.287415856084390908e-01 8.936880015403277921e-01 1.000000000000000000e+00 0.000000000000000000e+00 1.000000000000000000e+00 9.999997066853764105e-01 1.000000000000000000e+00 7.425852807159982394e-11 1.680887083744646571e-01 0.000000000000000000e+00 1.709975349385920995e-01 0.000000000000000000e+00 2.052993397457394953e-02 3.133360668851294384e-01 3.045287386169203206e-05 1.285010354691783164e-04 5.942152480339072396e-01 3.660381000315435108e-07 1.170000000000000000e+03 -4.590999999999999659e+01
2.929253653881556257e-02 0.000000000000000000e+00 5.493818485429813325e-01 5.975299663958355198e-03 2.637523009317417622e-02 4.567213441564242915e-01 3.548829596821813648e-01 5.368788116633597118e-01 2.789557350421716445e-02 4.717682529063908954e-03 3.206966431580683952e-01 3.919097251810996774e-01 6.498439044556486577e-01 1.085579616136372744e-01 9.554451229139500068e-01 4.972266301676300793e-01 1.404246056709322343e-01 1.754147481340074741e-02 9.459192591247590487e-01 6.511624587964626176e-01 6.674469171489659791e-01 2.396222337585204171e-02 3.574754587300479902e-02 6.878992909053231741e-02 4.173769423500389708e-01 1.244056533997898312e-01 0.000000000000000000e+00 5.941624813903488567e-02 8.796614012120944348e-02 1.687884467923213561e-01 4.942682244346423004e-01 1.592182487951371572e-01 5.040000000000000000e+02 -1.472727272727272663e+01
4.210619246414073688e-03 1.074940656046426551e-01 9.955448851374111285e-01 4.278791711480428583e-01 0.000000000000000000e+00 7.011131582259167994e-01 1.926320397779529830e-03 9.539796966163502923e-01 6.907926833815138893e-05 1.000000000000000000e+00 5.012454678482318737e-01 1.000000000000000000e+00 1.000000000000000000e+00 7.325881032257404446e-02 7.827155135162940924e-01 9.999799034843532830e-01 1.000000000000000000e+00 8.443566283330734557e-01 1.000000000000000000e+00 1.000000000000000000e+00 5.241647699052818243e-01 7.664094756232728844e-01 5.115818066695936306e-01 2.194385948748852067e-01 7.126959968795351097e-01 0.000000000000000000e+00 7.851022581777542531e-01 7.712260421621028872e-01 4.938919230574635028e-02 4.734616791415781067e-01 9.132540961522992440e-01 3.079519969178589611e-01 1.764000000000000000e+03 -4.646545454545454845e+01
7.750430859175583970e-03 0.000000000000000000e+00 9.999035452958273673e-01 9.904284907641729141e-02 0.000000000000000000e+00 4.020777302544579213e-01 5.432561175488226368e-01 1.000000000000000000e+00 2.019533170656350740e-01 5.353130128024693457e-01 7.335552140196609505e-01 7.438933149091302433e-01 9.979644338056462560e-01 2.173946141485605110e-01 9.803790993244719809e-01 6.065504153375093077e-01 1.000000000000000000e+00 1.528658361733175597e-01 1.000000000000000000e+00 1.000000000000000000e+00 8.950322751985434477e-01 3.158177458355310163e-01 0.000000000000000000e+00 2.649438373203693575e-01 7.164003338823295985e-01 1.603728859637351400e-01 3.647172513638916591e-01 5.372185701792291379e-01 0.000000000000000000e+00 1.263703961732595867e-02 8.640607893081037050e-01 4.996826533110848567e-01 1.498000000000000000e+03 -5.508545454545455300e+01
3.874616325450357113e-02 4.749305060188051264e-02 7.745567229783671959e-01 0.000000000000000000e+00 0.000000000000000000e+00 2.816639923483745256e-01 3.052235969405541274e-02 9.690683215192474886e-01 9.206175441062414144e-02 7.543306824844482339e-01 8.449694993127926379e-02 6.488613500396981371e-01 2.990373994000815050e-01 3.482761389401287100e-01 5.464034509316963995e-01 8.447463495899945052e-01 5.573896760119989580e-01 2.233494040309201012e-01 9.637172107936952115e-01 8.344702884416446143e-01 7.626955110018058814e-01 1.822775066669191091e-02 4.011367235330403069e-01 3.472398197296774208e-02 4.496196039461411442e-01 6.331700615973463731e-02 0.000000000000000000e+00 0.000000000000000000e+00 4.119119066093503423e-01 2.609369220455603350e-02 9.791557248952778014e-01 3.815090003113925932e-02 8.520000000000000000e+02 -2.443000000000000327e+01
2.426430180769768297e-01 8.397919561192034033e-02 1.451295369561994390e-02 2.134011678486164576e-01 2.304087073624014048e-01 9.999976733809166074e-01 1.235013813021479806e-01 1.000000000000000000e+00 5.178714150695967744e-01 6.496908851645146754e-01 3.268791967712198626e-02 9.244109250922194487e-02 8.117520691842722291e-01 3.855991795391925520e-03 5.610543712291682361e-01 4.585561969774982205e-01 1.000000000000000000e+00 2.123675564113577108e-01 1.000000000000000000e+00 9.985382981680663850e-01 5.965004468146278827e-01 1.000000000000000000e+00 9.988025461410335870e-01 6.754106042112088815e-02 0.000000000000000000e+00 6.817520565913635089e-01 3.675864427337935183e-08 2.690303463577686793e-01 5.586601224741361005e-01 8.179976277622914502e-03 5.474900221637092335e-01 1.207580774630405418e-01 1.178000000000000000e+03 -2.589545454545454817e+01
1.669435692248494784e-03 1.866973180980305638e-02 9.090260031770064364e-01 0.000000000000000000e+00 0.000000000000000000e+00 2.494627039552587897e-02 1.591058781149695123e-01 1.000000000000000000e+00 3.319755360175163320e-03 5.775695377810590170e-01 5.642961975228519833e-01 6.360197927245140326e-01 7.886224675226166658e-01 0.000000000000000000e+00 9.999997341939628193e-01 2.964910964206369237e-01 1.000000000000000000e+00 1.484976840064576933e-02 1.000000000000000000e+00 9.147627826110903415e-01 6.645122299140553412e-01 0.000000000000000000e+00 1.214827862903315563e-02 0.000000000000000000e+00 4.734041865129433035e-01 0.000000000000000000e+00 4.901816417359917688e-01 1.450665939062835141e-01 3.917883957114418416e-06 3.037142354508762937e-02 6.612250623850655096e-01 4.619989430915012740e-02 1.054000000000000000e+03 -2.929545454545454675e+01
1.659025603606340826e-01 2.311183510104315719e-02 9.169063633773930633e-01 2.034980605156742062e-01 4.387318762305970898e-02 2.415195680791147603e-01 2.432480718842745110e-02 9.998098300271701655e-01 4.913443528984360875e-01 7.060989514933130318e-01 2.416431259800823350e-01 4.227788809296823686e-02 9.910513132144270765e-01 2.329714821099533248e-02 8.000666142522930846e-01 2.602975294577919985e-01 5.755811238852848177e-01 1.795385313430511720e-01 9.774549185691590036e-01 5.098994087243889917e-01 6.174475898302246302e-01 4.328685670854082734e-01 5.435452123843226985e-02 2.938090700755648099e-02 5.556039690721532587e-01 7.900894563974993068e-02 9.038825675149060324e-01 3.431496203809447643e-01 0.000000000000000000e+00 0.000000000000000000e+00 3.803569353363616679e-01 3.226237777423384134e-01 9.320000000000000000e+02 -2.164545454545454461e+01
5.055609941915784589e-07 2.999261371977221188e-02 9.986009164712300601e-01 3.240446518186564963e-03 0.000000000000000000e+00 1.000000000000000000e+00 0.000000000000000000e+00 9.410586270464121883e-01 2.188584130781153977e-02 1.736321579746253618e-01 5.533833340009968182e-01 8.552742696076042206e-01 4.865120661700844673e-01 0.000000000000000000e+00 8.785671670087144003e-01 3.916516831453071279e-01 6.220100104487388259e-01 2.522968861632070570e-01 1.000000000000000000e+00 6.010581350965308392e-06 9.995778894244480295e-01 9.902599545628674171e-01 1.750000357135314821e-01 0.000000000000000000e+00 1.152642864343582790e-01 0.000000000000000000e+00 3.635313429412396768e-01 2.128780575435256124e-03 1.041738805816871671e-01 6.216238602479682296e-01 5.655126308155974252e-02 5.008717272104536988e-01 1.128000000000000000e+03 -2.783636363636363953e+01
6.429585784281344196e-02 2.475399094428165636e-01 9.982261070928524216e-01 7.754469729943959111e-01 1.311711729459827946e-01 6.233387348494934255e-02 3.253679131397659297e-01 9.200859852640351777e-01 1.377859681254889335e-01 3.296077336451166961e-01 3.809483288253245892e-01 9.684344278818722840e-01 1.000000000000000000e+00 1.183665833244118386e-02 8.191717111610153923e-01 9.437363173101739333e-01 6.216312640227866781e-01 2.758859990568167664e-01 9.499666115337094263e-01 6.081747530637684473e-01 8.010692692471603760e-01 1.950963508572824481e-02 2.054427066528588253e-01 3.925195607783592769e-08 6.801787014309899071e-01 4.121031666971046725e-01 5.950486771884576642e-01 6.139158166037096409e-01 9.104026658322064702e-03 8.015123511833580072e-02 5.723940963224755096e-01 8.039842194319128943e-01 1.278000000000000000e+03 -3.172090909090908539e+01
4.584379132932136364e-02 8.563010865118537984e-02 3.690574791132323895e-01 1.622054885989710621e-02 1.021837110225567030e-01 9.293862360634279618e-01 8.608367209981531154e-01 8.749440321587209635e-01 8.515058734275063879e-01 4.541549402414142289e-01 7.608310631700648807e-01 8.457219144551413326e-01 9.304454271870148396e-01 6.279938434008529302e-02 7.740817143897160690e-01 4.291784416922549417e-01 9.975822233578380827e-01 2.054663033319396523e-02 8.018075868171623544e-01 9.657951210495763217e-01 7.818683058416727727e-01 1.833466680916087943e-01 3.159194787883484040e-02 2.451158693785721043e-02 3.010338376564732354e-01 5.318249106174239849e-01 9.831232334286441055e-02 5.821987696177579608e-01 1.117022045252765022e-01 1.541151061705081302e-02 2.343267374149153592e-01 1.872758588078914099e-02 1.280000000000000000e+03 -2.610818181818181927e+01
0.000000000000000000e+00 8.959650424915575062e-01 5.800160423869777926e-01 0.000000000000000000e+00 0.000000000000000000e+00 4.563880714930431681e-01 2.194528125981283148e-02 4.211071289498287684e-01 1.000000000000000000e+00 0.000000000000000000e+00 0.000000000000000000e+00 0.000000000000000000e+00 5.359897322525971480e-02 7.859036853402499509e-04 4.004762937477044371e-01 0.000000000000000000e+00 4.238002743036312775e-02 6.232162399260787050e-02 1.170501931340184459e-01 0.000000000000000000e+00 1.379207372301611114e-03 3.658089619051875796e-01 0.000000000000000000e+00 4.322103468725850828e-01 0.000000000000000000e+00 0.000000000000000000e+00 0.000000000000000000e+00 2.206779289026079560e-01 3.773680465163194997e-01 0.000000000000000000e+00 0.000000000000000000e+00 4.595736496295039775e-01 4.140000000000000000e+02 -4.272727272727272485e-02
2.480342632239621731e-02 9.737762787856562019e-01 9.623948397950382594e-01 3.398900090570948773e-01 2.184433799879191840e-01 6.872235252462544075e-01 8.681104237392911482e-02 9.992588348027815481e-01 5.364390232815551274e-01 1.157413269671932069e-03 7.863176347832169233e-01 8.272175912484009963e-01 6.301697844828643147e-01 5.877464246228631950e-01 6.411458629561192502e-02 9.997489874508658225e-01 8.640878688912298489e-02 1.000000000000000000e+00 9.961052729877141187e-01 9.999999985858922802e-01 9.999999912871421204e-01 4.339115087587809838e-01 4.603923071065130213e-02 1.414728383517675596e-03 1.134733275721679369e-01 3.177614699074637339e-01 5.838867741231159592e-01 8.391456726610684314e-01 1.032906443130225116e-01 3.815683059836618568e-02 1.673357094382421639e-01 8.767232954714961890e-01 1.548000000000000000e+03 -3.894090909090908781e+01
0.000000000000000000e+00 0.000000000000000000e+00 2.348824121855218328e-01 2.708444855493662498e-02 0.000000000000000000e+00 1.000000000000000000e+00 0.000000000000000000e+00 1.000000000000000000e+00 5.376631162600559177e-02 9.953594003965663406e-01 2.875504611366680452e-01 1.434823951715864521e-01 1.639796190205396742e-01 0.000000000000000000e+00 1.000000000000000000e+00 0.000000000000000000e+00 9.999999723079064928e-01 2.019553607262456474e-01 1.000000000000000000e+00 1.000000000000000000e+00 9.275821620554560720e-01 0.000000000000000000e+00 0.000000000000000000e+00 4.747704568298712763e-02 1.371074805971746746e-01 0.000000000000000000e+00 8.366288023426443621e-01 6.204234417340517282e-01 0.000000000000000000e+00 0.000000000000000000e+00 8.528316088026130504e-02 8.595907095809414145e-01 1.304000000000000000e+03 -2.887545454545454504e+01
0.000000000000000000e+00 0.000000000000000000e+00 1.000000000000000000e+00 0.000000000000000000e+00 0.000000000000000000e+00 0.000000000000000000e+00 0.000000000000000000e+00 1.000000000000000000e+00 0.000000000000000000e+00 0.000000000000000000e+00 0.000000000000000000e+00 1.000000000000000000e+00 1.000000000000000000e+00 0.000000000000000000e+00 0.000000000000000000e+00 0.000000000000000000e+00 1.000000000000000000e+00 0.000000000000000000e+00 1.000000000000000000e+00 0.000000000000000000e+00 1.000000000000000000e+00 0.000000000000000000e+00 0.000000000000000000e+00 0.000000000000000000e+00 1.000000000000000000e+00 0.000000000000000000e+00 0.000000000000000000e+00 0.000000000000000000e+00 0.000000000000000000e+00 0.000000000000000000e+00 0.000000000000000000e+00 0.000000000000000000e+00 1.072000000000000000e+03 -2.219181818181818144e+01
5.177356098201163492e-01 0.000000000000000000e+00 9.176943204000281851e-01 4.447982251464757501e-03 5.540623027409132678e-02 2.050872707663265945e-02 1.138341946181910674e-01 1.000000000000000000e+00 1.615142865922499227e-01 2.401755184926488706e-01 3.733399280069130133e-01 4.005413266083537316e-01 9.786693538765639522e-01 6.629934746961943515e-02 9.999717668267222859e-01 9.684852747929704186e-01 9.652086010348086553e-01 3.861092350514530036e-01 1.000000000000000000e+00 9.550547517752052684e-01 8.401080013338738661e-01 7.777883835395377199e-02 2.422512949307961405e-01 3.089439526181851289e-02 7.983349341313106945e-03 2.721243020449074512e-01 9.397593542798747535e-02 4.023325309196180699e-01 4.428531141769675439e-01 1.514945460210003758e-01 3.480429017682201143e-01 8.002397444826219175e-01 1.264000000000000000e+03 -3.696090909090909093e+01
0.000000000000000000e+00 0.000000000000000000e+00 9.359337796116385944e-01 6.275364754686506563e-01 0.000000000000000000e+00 0.000000000000000000e+00 3.343380985075305456e-01 1.000000000000000000e+00 0.000000000000000000e+00 1.781543263800177898e-03 1.892138761292931626e-01 6.079854372021358255e-01 9.372682254206931018e-01 0.000000000000000000e+00 7.403939086253649160e-01 2.270805959104229277e-01 9.692769762593452798e-01 1.997600625489664439e-01 9.636050707162649998e-01 9.137493933806041246e-01 8.804844894384976639e-01 0.000000000000000000e+00 2.092860800804135224e-01 0.000000000000000000e+00 3.478380285803440719e-01 0.000000000000000000e+00 0.000000000000000000e+00 2.667758640986312574e-02 0.000000000000000000e+00 2.144782384722683233e-01 1.781197786421232776e-01 0.000000000000000000e+00 1.092000000000000000e+03 -3.582454545454545070e+01
0.000000000000000000e+00 0.000000000000000000e+00 9.971154786467956166e-01 0.000000000000000000e+00 0.000000000000000000e+00 4.643433976949959963e-01 0.000000000000000000e+00 8.036765304828561440e-01 4.194086171671511099e-01 2.446046195447005578e-01 2.464298841623125125e-01 5.245595188525121744e-01 1.000000000000000000e+00 0.000000000000000000e+00 9.882636970605546134e-01 9.284465424982114579e-01 1.000000000000000000e+00 3.114204572593793907e-01 9.940247752655019253e-01 6.702174961544403731e-01 1.000000000000000000e+00 1.248587478359611085e-02 7.081684163958601452e-02 0.000000000000000000e+00 5.041307389333790079e-01 0.000000000000000000e+00 1.362751829583952745e-01 1.022579224218699012e-01 1.292319917237433960e-06 3.174813329414265944e-02 3.099362954198665587e-01 1.278468512529034977e-02 1.102000000000000000e+03 -3.735363636363636175e+01
0.000000000000000000e+00 0.000000000000000000e+00 9.513383250560615290e-01 0.000000000000000000e+00 8.848865574987974103e-02 1.000000000000000000e+00 0.000000000000000000e+00 9.991740987640083116e-01 7.932600591289528102e-01 5.728134954865236883e-02 5.295910180437479048e-02 5.310416444928630630e-01 1.000000000000000000e+00 0.000000000000000000e+00 4.812288765599298523e-01 9.929895280985940875e-01 1.000000000000000000e+00 0.000000000000000000e+00 1.000000000000000000e+00 9.735850216842624194e-01 9.999825560114712353e-01 0.000000000000000000e+00 7.771466418808785637e-01 2.851067914872438269e-01 1.592269839534262432e-01 4.798194716475637049e-03 2.121288729205855206e-01 6.035312883464275524e-01 0.000000000000000000e+00 7.885987449704690011e-02 8.500064228884802731e-01 3.009805221068573289e-01 1.454000000000000000e+03 -4.521727272727272862e+01
1.472690344691823805e-02 2.329273295265804622e-02 9.999412134023842880e-01 4.650884040233749239e-02 3.208759957126217088e-03 8.921385343606373919e-01 3.762122952453095248e-02 9.923404336814289906e-01 2.658806578692662903e-02 7.073447235970697911e-03 2.635246726282712837e-01 9.179577434310648432e-01 9.912209794682675934e-01 1.838427550864790705e-02 9.864743275376349763e-01 9.810042203608647648e-01 9.211410146153105050e-01 1.150252003039540782e-01 9.706001122373295598e-01 9.386338895082673162e-01 9.900853539802354497e-01 2.482595509898277708e-02 1.394946042337829040e-01 6.534085258231719928e-02 4.664679879764728199e-01 1.481147478908689807e-02 3.585566476068946518e-02 4.045944355165603801e-02 2.684829178955738804e-03 1.492182093658839248e-02 7.112392035419187186e-01 4.663615765434743210e-01 1.510000000000000000e+03 -5.108000000000001251e+01
4.833176504529269613e-01 1.746943386378871921e-01 2.979260522850060017e-02 2.950411292924654538e-01 3.847908037901549144e-02 9.878728730052722673e-01 3.298865546091726553e-01 9.934683966606485672e-01 2.266929573507666384e-01 3.852122506715164874e-01 4.179358113489591298e-01 1.742318133821945392e-01 3.347666861525564475e-01 3.198744998581835586e-01 7.817542202228330295e-01 2.067628052731264598e-01 9.018383732278149045e-01 4.162911674468390832e-01 6.576230489848518268e-02 2.642714104234235501e-04 3.180241928201873458e-01 0.000000000000000000e+00 7.664641172226958066e-01 3.277746269663924239e-01 9.760129330233527911e-01 1.574164603263759343e-01 5.929940182266790852e-06 3.047303140077294858e-01 5.418328717782450177e-01 4.756747386230702479e-01 4.770105822817893859e-02 2.872461808978227782e-01 8.100000000000000000e+02 -2.589999999999999858e+00
1.046907352562843063e-01 0.000000000000000000e+00 9.754742295954812459e-01 2.115108714827589054e-01 2.352468533442053644e-02 1.104191537887703745e-01 6.084572727690537031e-01 9.902826864516396377e-01 1.683402751781452600e-01 4.463024783108942017e-01 5.024086859112648629e-01 1.411204098882736513e-01 6.513396060622159700e-01 0.000000000000000000e+00 9.992426463592225527e-01 3.676219374169607534e-01 9.982139521447008779e-01 6.828020954464433245e-01 9.828980579479172919e-01 8.258901243291677519e-01 1.000000000000000000e+00 8.297266214460967682e-01 2.086985107821432706e-01 1.149050276120146818e-01 5.462278937316332739e-01 4.240747816836439033e-02 7.613489954292623763e-01 0.000000000000000000e+00 0.000000000000000000e+00 6.132409750521394809e-02 7.806568349152492869e-01 1.486410152150384467e-01 1.214000000000000000e+03 -3.435636363636363910e+01
0.000000000000000000e+00 3.134654387381065610e-01 1.000000000000000000e+00 9.919192732335814222e-01 0.000000000000000000e+00 3.959440282887060070e-01 5.678135153229575682e-03 9.099733856604933502e-01 7.023958867606291999e-04 9.858677282674123132e-01 7.746269745371209270e-02 7.257428785496333745e-01 9.991635343890920007e-01 2.672849630414712019e-01 7.112135081407420234e-01 6.134673914987407439e-01 9.475700112703846489e-01 3.638660678126445780e-02 1.000000000000000000e+00 9.691129891785069672e-01 9.820513094780359831e-01 0.000000000000000000e+00 4.401594483732795826e-01 0.000000000000000000e+00 3.685232562448492039e-02 9.511299015754237293e-03 5.052867658181977584e-01 0.000000000000000000e+00 6.478027650757165953e-03 0.000000000000000000e+00 7.244492273461045073e-01 5.317593889150762365e-02 1.424000000000000000e+03 -4.833363636363637283e+01
0.000000000000000000e+00 0.000000000000000000e+00 8.925389784418669148e-01 0.000000000000000000e+00 0.000000000000000000e+00 1.776396324276844352e-01 0.000000000000000000e+00 9.979137985989146031e-01 3.956410139157304773e-01 1.809282544724659103e-01 3.691856983820390736e-01 9.999560572761885258e-01 1.000000000000000000e+00 1.168029007035781969e-01 9.812867267338571953e-01 1.000000000000000000e+00 8.213691459160560315e-01 8.131661646075560856e-02 9.984573579103549479e-01 9.206520749993987174e-01 1.665814302450797368e-01 3.528879597762839618e-03 5.147009604820038664e-01 0.000000000000000000e+00 5.201872653644842304e-01 4.800803467800270063e-02 1.148094991444404116e-03 2.234013196774350457e-06 0.000000000000000000e+00 9.393522907962871538e-02 8.453853896416593794e-02 3.080611520303433992e-01 1.186000000000000000e+03 -3.100363636363636033e+01
7.930586047740386182e-03 9.576860205725983314e-04 9.968612656514470594e-01 3.146852835399444603e-01 0.000000000000000000e+00 1.606659068691949129e-04 0.000000000000000000e+00 9.584204174532420240e-01 2.565262952095011782e-03 9.866503855789955368e-01 9.292219195248924146e-01 7.045332336362256642e-01 9.963155247637631717e-01 6.012729527396518114e-02 8.870682040150790204e-01 9.111983811290044200e-01 1.000000000000000000e+00 6.184520382696460095e-01 9.318633662608775126e-01 9.991955440678790268e-01 9.579527732565431553e-01 1.475690559623600850e-01 2.361426674688527506e-03 2.597869303840345465e-02 5.290669818102543553e-01 1.533447214893785826e-01 6.090973514340711770e-01 4.449590924287613602e-01 4.033947396261065577e-01 7.496923157410576022e-02 8.616162344069431267e-01 2.718353117419939902e-01 1.712000000000000000e+03 -6.058181818181817135e+01
0.000000000000000000e+00 3.592013899895830226e-02 9.053631184002194354e-01 1.232476306145934702e-03 3.738736722735398754e-02 6.842301351813453447e-01 4.476490645569255467e-01 9.945151394945472845e-01 5.805357586866402402e-03 6.263931546992388411e-01 9.185887950069020480e-01 9.709695057597025336e-01 1.000000000000000000e+00 0.000000000000000000e+00 9.875459443785563618e-01 1.000000000000000000e+00 1.000000000000000000e+00 9.568944399630385789e-01 1.000000000000000000e+00 8.891175130662140047e-01 5.696886035862513964e-01 9.922627311385657789e-01 2.860353312919091118e-01 5.983815105577755707e-03 2.769343411773900199e-01 4.583279925962657209e-01 8.637419295854337209e-01 3.159943931679065621e-01 5.404590911647875195e-01 0.000000000000000000e+00 9.841960713654034354e-01 3.153380667399403869e-02 1.958000000000000000e+03 -5.015363636363636601e+01
0.000000000000000000e+00 4.101883447296312716e-05 8.148037201823882247e-01 5.661916683171610122e-04 6.158334317114866655e-05 2.653798739374259030e-01 2.154533130690754542e-02 9.994166060649835037e-01 4.352923524205172257e-01 4.141479353200609448e-01 5.853182785517232339e-02 2.664339752162425135e-01 9.152463266985163548e-01 7.156981065530550255e-05 8.793511077538854748e-01 3.954311979147078771e-01 1.000000000000000000e+00 9.993767427992953367e-01 8.063899895628094949e-01 9.999550020954102170e-01 9.873122986985887195e-01 4.943082987332975641e-05 5.306939198665701074e-01 1.942941555057212761e-03 8.934062653018258748e-01 2.598248094129337882e-01 2.398627970318577187e-03 1.878511793334994295e-01 0.000000000000000000e+00 1.972467018121648041e-01 4.714349439522967644e-02 1.669534628563830447e-01 1.248000000000000000e+03 -3.283727272727273316e+01
7.887650268448177313e-06 0.000000000000000000e+00 9.848268213939286309e-01 4.533596673237501467e-06 4.405960486617038069e-02 1.205993691274295787e-01 8.930541314655461582e-03 1.000000000000000000e+00 1.274459718576184120e-01 7.706591128463909923e-01 9.129480627539666993e-02 1.067454524233345768e-03 5.863422843367029902e-01 7.383918891989049417e-07 5.597286631236924048e-01 7.843809946782847042e-01 9.772202588740633855e-01 2.297434227016895703e-01 1.000000000000000000e+00 1.000000000000000000e+00 9.444609094403966232e-01 7.875250305863199518e-01 2.723403433142012817e-03 1.430161856275328634e-04 4.334168317192330089e-01 1.272824728804454117e-02 2.296905134916089053e-01 3.502552799979453124e-01 4.343845793022159119e-01 4.171751962896416144e-01 5.090520198006336372e-01 4.544462972574278559e-02 1.108000000000000000e+03 -3.195636363636363342e+01
0.000000000000000000e+00 3.396945029865075516e-02 8.983174332754436664e-01 6.064520875673458100e-01 0.000000000000000000e+00 4.505677070974358212e-01 1.654465786074046169e-09 9.944797793093000937e-01 8.513171759217186274e-01 2.813925778213859086e-02 4.414394681609905002e-01 9.455251933856038127e-01 8.821509075515319154e-01 1.820232005400009836e-03 9.976762638303633413e-01 9.406822161593149101e-01 6.387595990946339786e-01 3.204119593974655844e-01 6.503855408121876902e-01 9.536972420603728740e-01 1.741137069319347377e-02 5.890984259510497756e-01 3.780363171612426132e-02 1.372931333674516363e-01 7.598864689850035048e-02 0.000000000000000000e+00 4.259871988851786084e-01 5.630740767849134326e-02 4.588660241334809875e-01 6.067896045891861545e-02 1.682826588641395116e-01 1.897593440185152691e-01 1.186000000000000000e+03 -2.337090909090909108e+01
0.000000000000000000e+00 0.000000000000000000e+00 1.000000000000000000e+00 1.439750284387007750e-02 0.000000000000000000e+00 0.000000000000000000e+00 3.790087473212446767e-01 1.000000000000000000e+00 1.242567764108208905e-01 3.615510863590950530e-01 1.000000000000000000e+00 1.000000000000000000e+00 9.029346666175438463e-01 0.000000000000000000e+00 9.503040728922272917e-01 7.375454413783413266e-01 1.153375296787609861e-01 2.244593269728276663e-01 1.000000000000000000e+00 1.000000000000000000e+00 6.986655501602699880e-01 1.158627968341480879e-01 5.178840347914662884e-02 7.001777877614849543e-02 5.062112818979315199e-01 0.000000000000000000e+00 7.630451834959876833e-02 9.820149302860412543e-01 2.300139450127658691e-01 1.002372894682518195e-01 6.292036387851742685e-01 4.474911274505845825e-03 1.350000000000000000e+03 -3.360909090909091645e+01
2.268104919585500062e-02 1.849657159918964219e-02 8.912485981288539305e-01 1.156691994071286228e-01 8.093704958655512094e-02 3.570268755363021490e-02 0.000000000000000000e+00 9.969045502766451516e-01 2.178444307928084633e-01 7.871750247383831056e-02 1.530295885719719917e-01 1.165102035776340167e-01 9.438865745183242506e-01 0.000000000000000000e+00 6.077408292195296546e-01 4.044022628915704826e-02 6.511025790082786147e-01 7.929729931532327747e-01 9.343067806319028668e-01 4.501816211195435180e-01 3.470121989816856156e-01 2.433713117481206729e-03 0.000000000000000000e+00 5.284072208473690468e-02 6.090608038301663883e-03 2.201458382545870215e-02 8.698296290595583513e-02 1.723263080407014536e-01 9.670859589538509382e-02 0.000000000000000000e+00 8.441920788064554149e-01 1.384173761286056938e-02 7.780000000000000000e+02 -1.958181818181818556e+01
6.515682046020978765e-03 0.000000000000000000e+00 8.613445525899129374e-01 4.121706035218779263e-02 3.541699292266404370e-02 4.317157579315209492e-01 2.073268451192902817e-02 5.703298353720184233e-01 9.611855640034661433e-03 6.913384020194011104e-01 8.230461597591145484e-01 5.945842398196713452e-01 7.199686584295384995e-01 3.183447888420510067e-04 9.190145771027583566e-01 8.375560263688213158e-01 8.810059748439311722e-01 3.029247131962796713e-01 1.000000000000000000e+00 1.000000000000000000e+00 9.753526422033339527e-01 0.000000000000000000e+00 3.656805043843692204e-01 5.128860278968005310e-02 7.982574916130545650e-02 5.938128334613802795e-02 1.995711576927886727e-02 4.318403358321816210e-01 3.445819113920149945e-01 5.453754298757417136e-03 4.866351268996462198e-01 0.000000000000000000e+00 1.140000000000000000e+03 -3.795090909090909292e+01
2.956646381175860003e-05 2.551325797583990293e-03 5.722580690699267114e-01 2.330172696163051449e-01 0.000000000000000000e+00 6.119514958679145300e-02 1.162171667386460439e-01 8.543856947528187806e-01 5.129003075279682045e-04 1.750305340425530598e-01 4.112608356570059825e-02 4.273875813784798749e-01 1.000000000000000000e+00 0.000000000000000000e+00 3.621124537932216558e-01 3.906258583883233659e-01 7.137364685139120368e-01 5.176520577913749088e-01 6.636003362160929342e-01 4.656418612826355163e-01 8.403971518141788444e-01 1.089524993396076558e-02 1.697489673396883065e-04 0.000000000000000000e+00 5.282883307710926069e-01 2.257453873629601795e-13 0.000000000000000000e+00 2.785066454602420638e-01 0.000000000000000000e+00 0.000000000000000000e+00 5.568702273699073224e-01 3.602235549579222568e-02 4.840000000000000000e+02 -1.583000000000000007e+01
0.000000000000000000e+00 7.302523772240792077e-01 0.000000000000000000e+00 0.000000000000000000e+00 0.000000000000000000e+00 2.332485618257574833e-01 9.996111463441320621e-01 1.000000000000000000e+00 9.861892347241598689e-01 1.465138783239596475e-02 0.000000000000000000e+00 1.487063535279606608e-01 4.901389163015663908e-02 2.251111623874519838e-03 8.410383963652329209e-01 0.000000000000000000e+00 5.029528471227389108e-01 0.000000000000000000e+00 4.054400683467939692e-01 0.000000000000000000e+00 1.000000000000000000e+00 1.000000000000000000e+00 0.000000000000000000e+00 8.128493157994744200e-02 0.000000000000000000e+00 7.059921939757231035e-01 1.368714010665037124e-02 3.562782586580768851e-01 1.000000000000000000e+00 1.164500352579042304e-03 0.000000000000000000e+00 7.121406612176608064e-04 1.004000000000000000e+03 -6.337272727272726947e+00
3.000609823650832175e-02 4.923351283361375452e-02 9.614003102093703346e-01 1.929792486419024677e-01 7.470048759577399208e-03 3.252433063188926998e-01 4.798065293660201958e-01 9.511680291218216343e-01 3.309487159528312072e-01 9.404211763303411686e-01 4.083516417292685219e-01 4.996286189065191619e-01 6.807411106509486665e-01 5.826714710980089237e-03 5.090312628739406264e-01 1.530899349984821411e-01 9.953838125221775579e-01 4.773624934531556785e-01 9.566340537624882234e-01 9.602890613493975103e-02 2.828422641099469503e-01 7.221183273011363979e-02 1.510242704886940882e-04 1.558717482659779385e-01 1.180241458553715761e-02 3.156765883324220284e-02 4.202784780512304752e-01 5.543721682028983633e-01 3.820395704351478572e-01 2.020651739839241651e-02 1.398478753198259816e-01 2.431446484717391110e-01 8.340000000000000000e+02 -1.692000000000000171e+01
2.918883559188889532e-01 1.115728762264030921e-01 1.000000000000000000e+00 0.000000000000000000e+00 0.000000000000000000e+00 9.183441975240879129e-01 1.316671600427712918e-01 1.000000000000000000e+00 8.215035557873993088e-01 0.000000000000000000e+00 0.000000000000000000e+00 8.762192496131991915e-01 1.000000000000000000e+00 0.000000000000000000e+00 3.520059216100904220e-01 7.390542688644002878e-02 9.903555834088059173e-01 5.460501890166414851e-01 1.000000000000000000e+00 9.998208679028546264e-01 9.999994340583574504e-01 9.999999999996425082e-01 8.427703240294999454e-02 0.000000000000000000e+00 0.000000000000000000e+00 3.447330228769519410e-05 0.000000000000000000e+00 5.396701935309097002e-06 0.000000000000000000e+00 0.000000000000000000e+00 6.836579412274053358e-02 2.049977725422797992e-01 1.414000000000000000e+03 -3.510999999999999943e+01
1.147305314610038568e-02 0.000000000000000000e+00 8.685938593122261020e-01 9.139818313672325167e-02 0.000000000000000000e+00 1.697218662803572087e-01 2.712130806530015925e-01 9.992280166464471147e-01 0.000000000000000000e+00 8.960480856995824972e-01 3.625741175917128745e-01 6.492644994242851020e-01 9.968150788840834942e-01 3.626263635995806271e-04 8.538178246923346926e-01 6.450383733578441969e-01 7.029295459729159035e-01 7.015903479043856805e-01 9.583907850465038791e-01 9.938244956744807235e-01 9.699341255060348610e-01 3.484532185412854144e-01 3.707540241082723370e-02 0.000000000000000000e+00 5.810813154729668195e-01 0.000000000000000000e+00 1.902245469488199892e-01 2.615508178317784149e-01 0.000000000000000000e+00 2.194484317500565995e-01 4.852891028378933935e-01 2.215550940246006351e-01 1.196000000000000000e+03 -4.512727272727272521e+01
0.000000000000000000e+00 1.107256033957220026e-01 1.000000000000000000e+00 0.000000000000000000e+00 0.000000000000000000e+00 9.777266703183017105e-02 4.639981633502834324e-01 2.554587178588714328e-04 0.000000000000000000e+00 5.261330883857325003e-02 0.000000000000000000e+00 8.710049578245577795e-01 1.434033925315669929e-03 0.000000000000000000e+00 5.804467663952084244e-01 7.935877535677375860e-01 5.261034718394196931e-03 0.000000000000000000e+00 1.000000000000000000e+00 9.339791992403291276e-01 8.796035338745763488e-01 0.000000000000000000e+00 0.000000000000000000e+00 0.000000000000000000e+00 3.321724085017632166e-01 0.000000000000000000e+00 1.092944833572334212e-01 5.895589881511119623e-01 4.632645871989414521e-02 0.000000000000000000e+00 5.817330172234532748e-01 0.000000000000000000e+00 8.660000000000000000e+02 -2.088272727272727280e+01
2.657219236284250399e-02 0.000000000000000000e+00 8.812260475744244648e-01 1.471836954566257682e-01 0.000000000000000000e+00 2.058129379088128597e-01 6.103684996280265814e-05 1.000000000000000000e+00 1.078722749357129188e-06 9.757789519238335707e-02 8.055549197132092498e-01 3.844832781377752751e-01 6.543004133825078839e-01 1.353990498830306421e-01 9.714804349687686802e-01 3.879660970016215460e-01 1.000000000000000000e+00 9.784479951772249995e-02 1.000000000000000000e+00 2.428452226231141431e-01 1.000000000000000000e+00 8.047269045047235059e-01 1.091034824825913158e-01 3.040437471669452801e-02 2.268089788045849764e-01 9.163430856455598295e-02 2.520094590952427771e-02 7.827825451574605964e-01 1.748583245300499300e-01 9.164534186930518855e-02 1.000000000000000000e+00 6.874184808581230710e-01 1.214000000000000000e+03 -3.099636363636363612e+01
0.000000000000000000e+00 1.224987533802633990e-02 8.865726121945922689e-01 3.741386714528414648e-01 1.294319758109873644e-03 2.491119743043411772e-01 4.716266664290185706e-01 1.000000000000000000e+00 1.245652206177337989e-01 2.818213166554887072e-01 7.530278432246769738e-01 9.505617041483050977e-01 1.672242585605890342e-01 5.164006676068197410e-02 1.167630144036016782e-01 8.556830439284569545e-01 9.988921151210137239e-01 9.246205134560941952e-02 9.167182719691675530e-01 1.000000000000000000e+00 5.392348372743273055e-01 7.201795903975465318e-01 3.292926278335214958e-03 0.000000000000000000e+00 5.476311295290366976e-01 1.350930535252495637e-02 7.319722870651053370e-02 7.694326629366503578e-01 5.186390875226580544e-02 1.022107694731034799e-01 7.384671019696873451e-01 5.501910565707812673e-01 1.198000000000000000e+03 -2.803545454545454518e+01
6.212449911027706495e-03 1.030450459663861951e-02 4.724296549380706534e-01 6.254877682160545627e-01 9.591106706907820412e-02 1.245250023547528340e-02 2.556538621018548119e-01 8.114787451221494585e-02 5.814770721742432702e-01 1.260129053742734540e-01 1.252926969395866119e-01 4.822813679736646097e-01 7.690744620947476129e-01 2.777540043255977142e-02 8.476722547635742178e-01 8.747472629639152508e-01 4.518106423820928974e-01 6.338882244858261572e-01 9.889536167754727769e-01 2.610720149621391095e-01 4.111689721403350983e-01 7.949187478165897769e-02 4.620281166758805069e-02 5.705131180478800745e-02 2.940150939007979414e-01 5.974611744993696405e-03 5.884527803027435056e-01 2.557033783776841429e-01 7.586901616149784866e-01 5.505677043307956042e-01 7.360557926443299648e-01 3.119419985113798255e-01 7.640000000000000000e+02 -1.905727272727272847e+01
1.812824874771279959e-01 6.804807502791364315e-02 9.999987906354821376e-01 1.537623171116819232e-01 7.375408804670365026e-03 8.818337414099892690e-01 4.557174624432483792e-03 1.000000000000000000e+00 9.701517409805309189e-01 1.717908607211202643e-01 2.535374326003064227e-01 1.447900898553831084e-01 6.391752580540533968e-01 0.000000000000000000e+00 8.641347225159023981e-01 4.899675209931108055e-01 1.000000000000000000e+00 0.000000000000000000e+00 1.000000000000000000e+00 8.674551691763415784e-01 9.257168066302490228e-01 1.000000000000000000e+00 4.839968224338833148e-03 2.349614877622064057e-01 1.373396281597328017e-01 4.536782207633136108e-04 4.645050357316243272e-01 9.621624794972657435e-01 0.000000000000000000e+00 3.658838922652891124e-01 8.058572088182739401e-01 4.585050510262760892e-01 1.602000000000000000e+03 -3.595545454545454334e+01
7.495236124453664994e-02 1.355131221502087202e-01 9.553242537914747867e-01 2.178701931319162455e-01 3.994475902578371331e-07 2.577721600465035512e-02 2.863580495035437656e-01 1.000000000000000000e+00 8.350394899898661016e-02 6.160357647578378337e-01 4.901380201983085438e-01 5.507912294285516319e-01 1.000000000000000000e+00 4.288143545578130406e-02 6.229714061268781800e-01 9.225164274582110524e-01 5.066700320603950702e-01 6.587300172177852631e-02 9.999983251294387587e-01 3.927696249913999460e-01 4.481046839069441901e-01 2.053874469856618867e-02 1.857469413182738776e-04 1.331713482857060094e-01 5.859657374788524997e-01 3.021783255319215530e-02 0.000000000000000000e+00 7.660709869291922047e-02 1.132886655739214210e-01 4.573212137082741102e-02 2.184238339356623926e-01 4.043247365373859453e-02 8.560000000000000000e+02 -2.467363636363636559e+01
1.884147050751266428e-01 4.638724816643143706e-02 1.000000000000000000e+00 3.166730597154145954e-01 0.000000000000000000e+00 3.952784797101914216e-01 2.432544131679378330e-01 9.519352375267020605e-01 2.740942515239245814e-01 7.121696235781409534e-01 1.361746144860079000e-01 8.228151149146638588e-01 8.129913168263119827e-01 5.128573592810449222e-01 5.005930048215531114e-01 1.000000000000000000e+00 1.000000000000000000e+00 1.951631561435139273e-01 1.000000000000000000e+00 9.997829006760247106e-01 9.465743004678300876e-01 6.314600578408405829e-01 1.008588992769350740e-01 4.153269050755044600e-01 5.224015780198218994e-01 0.000000000000000000e+00 7.100080311882527306e-01 4.543723347294809090e-01 6.603963288847133906e-02 2.130002374326370740e-01 1.000000000000000000e+00 1.739613349683481192e-01 1.372000000000000000e+03 -4.797090909090909605e+01
0.000000000000000000e+00 4.046568033002586051e-01 9.977749473726130747e-01 9.207819916849184494e-02 1.174073528277285366e-04 5.911323574063033215e-01 6.988952587643949554e-01 8.888679868054780719e-01 8.456025157188722385e-01 5.079960401492101818e-01 9.576162833631436666e-02 8.715992693106837663e-01 9.776335825737346719e-01 2.374413647119128293e-02 8.465526047539203569e-01 7.230295095338807876e-01 9.816975573416372169e-01 3.469161461730739526e-02 6.326540449908834018e-01 2.687187544001899409e-01 1.000000000000000000e+00 8.413099492615411235e-01 1.059723258737102353e-01 0.000000000000000000e+00 4.973087515634845857e-01 4.145911262999143337e-02 0.000000000000000000e+00 5.297101553613978164e-02 4.388290600501040251e-01 1.681661509613170125e-01 8.150443555574972410e-02 0.000000000000000000e+00 1.210000000000000000e+03 -2.603090909090908767e+01
0.000000000000000000e+00 0.000000000000000000e+00 8.750780160045981138e-01 8.092724897272711437e-02 0.000000000000000000e+00 5.007631954448533984e-02 1.427466349875432805e-01 1.000000000000000000e+00 0.000000000000000000e+00 3.743448905234587620e-01 1.785383896831833628e-01 8.094498697066342396e-01 1.000000000000000000e+00 0.000000000000000000e+00 0.000000000000000000e+00 6.807763572756386772e-01 4.745865796603611075e-01 0.000000000000000000e+00 8.828530321813309323e-01 6.223291417560851135e-01 3.676325946662324373e-01 4.796283515656837304e-01 0.000000000000000000e+00 1.959222488665945672e-01 8.960483949722775066e-02 0.000000000000000000e+00 0.000000000000000000e+00 5.531219164830403212e-01 0.000000000000000000e+00 0.000000000000000000e+00 1.333736345864787454e-01 0.000000000000000000e+00 7.480000000000000000e+02 -2.302545454545454362e+01
2.382594020920172310e-03 4.979839614858596990e-03 4.915905917940879832e-01 7.211453618495806683e-01 4.048007378713262827e-02 2.778672535512163172e-02 1.996535011511663474e-02 2.445892545405692342e-02 6.361178975750437781e-01 5.990641324559204707e-03 4.034238922678527045e-02 9.940328204387806066e-01 0.000000000000000000e+00 9.328881343663492434e-03 0.000000000000000000e+00 7.410360357794907316e-01 0.000000000000000000e+00 1.951211791857560343e-02 9.860213809670809182e-01 2.781211632466616852e-03 1.513812918682760390e-02 1.590959713195905928e-02 2.310558559325155137e-01 9.780122923153816705e-02 1.457003261089784008e-01 1.949246757915102934e-01 5.026824066502978416e-01 5.865919411232395353e-01 3.783747328727581904e-01 4.950555616273367293e-02 5.782098756233379211e-01 5.602333025415517920e-01 5.840000000000000000e+02 -8.652727272727274155e+00
4.134002543482042374e-06 0.000000000000000000e+00 9.586612838359042099e-01 0.000000000000000000e+00 6.077721325244387235e-05 0.000000000000000000e+00 0.000000000000000000e+00 8.478671895962797134e-01 3.812200494640231169e-02 6.402417319133920648e-01 1.734502986165034066e-01 3.708394364110504521e-02 6.844837439739897000e-01 0.000000000000000000e+00 3.862881447302904947e-01 9.532574813871927955e-01 9.673055732001035745e-01 0.000000000000000000e+00 4.107406185701267809e-01 5.042880271937067067e-03 5.111232171779274136e-01 0.000000000000000000e+00 0.000000000000000000e+00 0.000000000000000000e+00 9.140382251329370877e-01 0.000000000000000000e+00 7.646799337991347367e-02 0.000000000000000000e+00 1.116519025640154844e-01 1.104952438212964544e-01 1.286236094563115995e-01 0.000000000000000000e+00 7.180000000000000000e+02 -3.861818181818182261e+00
7.211422452699800946e-10 6.585178193532513491e-02 9.287960386454924278e-01 1.869902625044445321e-01 0.000000000000000000e+00 3.299139908708069169e-01 0.000000000000000000e+00 6.920381399337603989e-01 4.685270750688712640e-03 2.987145079623535482e-01 1.745262453595751717e-01 5.284974631459878891e-01 8.067347610100354949e-01 0.000000000000000000e+00 8.400035985771336922e-01 4.184598057862303766e-01 9.026501691896030577e-01 5.315623097262495850e-02 1.000000000000000000e+00 5.808902656908414563e-01 5.027397932168566896e-01 1.889033797218193537e-05 3.332103300544486668e-02 1.739452333994407273e-04 5.927882688484854556e-01 4.310632359702545324e-01 9.728424006493136596e-04 4.593684782410377421e-02 0.000000000000000000e+00 1.307000173313448664e-02 2.087401310181500047e-01 1.596132575792105074e-02 7.220000000000000000e+02 -2.105909090909090864e+01
4.638271938012732365e-07 1.972992560649640056e-02 1.000000000000000000e+00 5.131097514819672745e-02 5.794712358308877834e-03 6.818541445375068122e-01 0.000000000000000000e+00 1.000000000000000000e+00 0.000000000000000000e+00 3.582417624273470658e-01 8.009015681531589381e-01 5.273698677148315195e-01 1.000000000000000000e+00 5.993436644903753219e-03 6.474590624131887351e-01 9.987912267135806710e-01 9.679092055522645621e-01 9.338333248598398306e-01 7.832319178577245022e-01 1.000000000000000000e+00 1.000000000000000000e+00 4.651961371468982254e-01 1.925668751684790070e-01 4.114517821389266500e-02 4.782968122481656148e-01 0.000000000000000000e+00 1.986095755531354645e-01 7.528970818181327518e-01 1.867103816372512604e-01 1.073283379686007927e-01 7.057072551374710123e-01 4.399613843561698268e-01 1.416000000000000000e+03 -4.651909090909090594e+01
0.000000000000000000e+00 0.000000000000000000e+00 1.000000000000000000e+00 2.056231917550670751e-01 0.000000000000000000e+00 1.086549701608194030e-01 4.642509060210923688e-01 1.000000000000000000e+00 0.000000000000000000e+00 3.474270533008274597e-01 4.744503519548269876e-01 3.236874059610730381e-01 9.418237103809226074e-01 0.000000000000000000e+00 1.000000000000000000e+00 9.041155472739114130e-01 9.801957138390942070e-01 8.286440570153784380e-02 1.000000000000000000e+00 7.292768349752377643e-01 1.000000000000000000e+00 0.000000000000000000e+00 2.209903905247733238e-02 9.143192521231876743e-03 3.554246863498606857e-01 0.000000000000000000e+00 5.182662102156460060e-01 0.000000000000000000e+00 2.286280219423884597e-01 0.000000000000000000e+00 9.760104949825736398e-01 0.000000000000000000e+00 1.324000000000000000e+03 -4.439363636363636800e+01
1.184854456370465631e-01 5.699372038537685314e-02 7.422319124565643911e-01 3.134615555436749967e-01 0.000000000000000000e+00 1.645769200943235921e-01 3.206882682806410645e-01 9.249530335157344352e-01 5.428592290102891571e-01 3.776698316204802897e-01 5.716216160947964475e-01 5.814455975849963654e-01 1.000000000000000000e+00 3.955306587391785311e-02 9.423042233301539561e-01 9.997620289543716066e-01 1.000000000000000000e+00 2.510751529456384246e-01 7.345619555425429992e-01 4.042013974479633509e-01 1.000000000000000000e+00 7.383027937850666911e-02 0.000000000000000000e+00 2.021539526652482363e-02 3.588532349373905750e-01 1.263972413999043393e-02 5.352869505302695341e-01 2.492881948252307356e-01 1.720571468796115167e-01 0.000000000000000000e+00 6.613399514039987048e-01 0.000000000000000000e+00 1.100000000000000000e+03 -2.921181818181818102e+01
1.478945220796717974e-01 3.332537363477504171e-03 9.660584914288304903e-01 8.992479835197086241e-03 0.000000000000000000e+00 2.773455778021886031e-01 1.163013067749371935e-03 1.000000000000000000e+00 4.447635468330695535e-02 0.000000000000000000e+00 1.273121525943211596e-01 3.270124357564879736e-02 9.877605114529228736e-01 1.153384431065812956e-03 6.696745605326448469e-01 8.404165174910794844e-01 9.694136947381506442e-01 1.637648905158706029e-03 9.939838378817162923e-01 3.840823410674872318e-01 9.914432827222541267e-01 7.658755541602015049e-02 0.000000000000000000e+00 0.000000000000000000e+00 1.312845209352011544e-01 0.000000000000000000e+00 2.399218880808402787e-01 1.137662931316690273e-01 0.000000000000000000e+00 0.000000000000000000e+00 0.000000000000000000e+00 1.583307567241214187e-01 9.260000000000000000e+02 -2.651000000000000156e+01
0.000000000000000000e+00 3.510616221229448538e-05 3.801902336967119544e-01 2.745384980241321049e-01 2.573383753037952193e-01 1.000000000000000000e+00 1.563701594904305381e-01 1.000000000000000000e+00 3.494076806632916421e-01 2.604011616875332325e-03 9.785518047652624896e-01 7.035015220693853211e-01 1.000000000000000000e+00 8.031336214781568429e-05 6.113866428331411473e-01 5.694483906500010795e-01 9.582258659099088804e-01 1.000000000000000000e+00 9.414229445036550459e-01 3.662896213983204419e-01 3.995480584922116996e-01 8.906531581969163724e-01 0.000000000000000000e+00 1.193467854441313536e-01 6.405025705119599122e-01 0.000000000000000000e+00 1.995833605019093349e-01 3.452256487311242128e-01 2.041296895573286307e-01 1.001129203297644685e-03 9.993622159237792735e-01 5.848916580211521721e-01 1.372000000000000000e+03 -2.975363636363636033e+01
0.000000000000000000e+00 0.000000000000000000e+00 9.985497099460743931e-01 3.248220715047379636e-01 9.159449597245186312e-04 2.390552901457174417e-01 9.991643755768645496e-01 3.461054068559088481e-01 2.935526475713551992e-02 7.640171382442103587e-01 4.453609860219016892e-02 8.536724765004630178e-02 8.926616236512726621e-01 0.000000000000000000e+00 9.358914739472864452e-01 5.931233007914787914e-01 7.289786364743559011e-01 6.014594391911077809e-01 1.000000000000000000e+00 3.831446284797296875e-01 6.116504188819317234e-01 0.000000000000000000e+00 5.678877559449547335e-02 2.226831809918426719e-02 1.000000000000000000e+00 0.000000000000000000e+00 6.236256331962333199e-01 0.000000000000000000e+00 1.746812076110698837e-03 6.679623908078117893e-03 6.568958641296620549e-01 4.278683209802258136e-01 1.120000000000000000e+03 -2.548454545454545794e+01
7.018215413758995339e-03 1.348266149998222571e-02 9.546965859295544199e-01 4.409615624548701013e-02 2.527502139851426494e-02 4.166575971488791774e-01 1.471723168940224646e-01 9.721338341174693420e-01 4.353152063314270903e-02 5.900363338531439128e-02 1.543253425550175119e-02 5.439686130559641120e-01 9.997518357066874639e-01 9.080783196728673540e-03 3.891858576860162677e-01 6.445532100979198820e-01 8.923942791612606007e-02 1.449710966786942612e-01 9.970116285591956728e-01 8.330998052378588703e-01 9.975157624362738229e-01 3.546297477614566152e-01 9.856825017931707122e-02 3.365578653765085616e-03 2.739379094701883122e-01 2.014599336715115589e-03 5.673287782124847300e-02 5.377988002754100112e-03 7.066944857863244334e-03 5.986348009665813930e-01 8.464292922457190838e-02 1.659284798998374166e-01 8.560000000000000000e+02 -2.427272727272727337e+01
9.427371458690168848e-02 4.342097049039772192e-04 5.026115891219719023e-01 3.793021600565803508e-01 6.891448867121216515e-02 8.718375111936335631e-02 0.000000000000000000e+00 5.889146889649770067e-01 1.200313425977325293e-01 5.504254753201155703e-02 1.620221753566026546e-01 3.721425799759418406e-04 9.794664360480463960e-01 9.650302716616315779e-02 7.340980415430279349e-01 0.000000000000000000e+00 5.296012963834350051e-01 2.958035742802522239e-01 8.846035675068523174e-01 3.201139098920207093e-01 2.029450006829999882e-06 0.000000000000000000e+00 6.952528778434220458e-01 2.775394495286193086e-02 8.196289284722861890e-01 1.296577277068490519e-02 4.141349335040108159e-01 1.048286041094020904e-01 6.227124305619459177e-01 5.142967314304542903e-01 5.678528714477705241e-01 2.515520409584030102e-05 6.120000000000000000e+02 -1.861636363636363711e+01
7.266547133188346573e-03 1.864568902703363056e-03 6.077720762534352117e-01 1.421449860394229103e-01 0.000000000000000000e+00 0.000000000000000000e+00 3.750670498993074337e-02 6.374684101609029430e-01 6.063733692629989791e-02 5.734124005407036373e-01 6.667292334231063045e-01 4.723422209097732360e-01 9.782317124741762848e-01 4.278967428981516469e-02 1.000000000000000000e+00 1.776441561699857730e-01 9.044727210963022790e-01 1.509171059753205112e-02 1.000000000000000000e+00 4.593863155457192926e-01 2.040196043742835419e-01 1.603041637806005282e-01 2.950301911536296756e-02 0.000000000000000000e+00 1.369034120583218217e-01 2.956440987735284853e-01 5.421571308445298776e-01 7.701109183262989932e-02 9.287560022472531873e-01 2.714965733344446575e-01 4.358447280521735023e-01 4.385059784046389797e-02 8.840000000000000000e+02 -2.275909090909090793e+01
0.000000000000000000e+00 0.000000000000000000e+00 5.052143994458609955e-01 1.802149997359518141e-01 1.144280509789208089e-01 8.284784734646692961e-01 2.864566461669531550e-01 9.842496640820644904e-01 6.925831001031148570e-01 9.694531898615674770e-01 3.596360439530848047e-09 1.366042523257917285e-03 1.000000000000000000e+00 1.361605319581891439e-03 1.000000000000000000e+00 6.501913247501212023e-02 4.079542755602819648e-01 5.368922297190228399e-01 1.000000000000000000e+00 1.000000000000000000e+00 1.000000000000000000e+00 8.841115291012057176e-01 4.220954243988933596e-01 5.868983836454935155e-01 9.366745597394650069e-01 3.681811260665029950e-02 2.951857400180697977e-01 7.934109194633948148e-01 6.885863128472102801e-01 6.804199821940884463e-02 8.799189432573019110e-01 1.784499712533281490e-02 1.592000000000000000e+03 -4.204909090909091418e+01
1.236661484118827917e-06 1.382881521851375139e-01 4.317219314240624550e-01 9.320461808595718045e-01 1.828301938658599413e-01 5.290835679823037083e-03 0.000000000000000000e+00 9.999736606144683515e-01 5.511416551560320842e-01 7.505926336655870390e-01 9.936078053888863781e-01 8.101904039681823155e-01 1.000000000000000000e+00 0.000000000000000000e+00 9.998966956720224397e-01 1.472312927059160614e-01 6.406493470473797469e-01 7.071003553090268179e-01 1.000000000000000000e+00 2.535296942000725973e-01 3.399452749100113635e-01 9.983913974151966686e-01 8.581485223951103025e-01 0.000000000000000000e+00 4.209489880212921586e-01 9.923178182906702283e-01 9.979142187232689087e-01 4.082080150615736702e-01 9.998674966021863231e-01 9.999999822781285852e-01 8.592813533128668135e-01 9.698990610317507199e-01 2.064000000000000000e+03 -3.288818181818181330e+01
7.243754165848381721e-03 3.230415320265112022e-02 9.571783734300418622e-01 6.574423840331178326e-02 7.393977409423716646e-03 6.802347158865664767e-01 1.997223445804993947e-01 9.868635501752521799e-01 2.952877936978989468e-02 1.480662805171254759e-01 8.985615712787296816e-02 7.324943386626393549e-01 9.547195494611844246e-01 4.346155846761517311e-02 8.171462998584104742e-01 9.467434288919487351e-01 9.512019388239741913e-01 2.691858253436971160e-02 9.473677822253911973e-01 7.673385239873554697e-01 3.861724921402573396e-01 1.222860248520751814e-02 4.113168901106781239e-02 1.109935153597983505e-05 5.982064184419051411e-01 6.195757369398754988e-02 2.712545111005602513e-02 9.011755104353345869e-02 2.304255172314029904e-02 4.710452068341701437e-02 2.873179297697705525e-01 4.257337854591714682e-02 1.082000000000000000e+03 -2.802454545454545354e+01
5.595582076545151384e-01 2.490232056745349531e-01 8.990909926468062530e-01 8.714349916470240376e-02 4.769393605895681960e-03 4.729850633637971979e-01 1.539702788374798237e-01 9.471526443210280810e-01 1.516174725780193300e-01 9.335593593442780280e-01 6.547099668829858832e-01 8.114842611524080151e-01 9.999978839863887803e-01 2.008611063323682278e-01 9.905813041869528934e-01 5.941086370158746854e-01 9.889516279080922123e-01 2.688292712924619243e-01 1.000000000000000000e+00 9.992881706782514861e-01 1.568582631580311506e-08 3.636485044865977751e-03 9.047472019316649128e-02 8.056632022244292202e-02 9.819858983136126040e-01 6.553243885119351686e-02 4.955588436846725814e-03 4.246078854203793607e-01 7.189625040988883997e-01 3.005830255351837899e-01 9.975450015997742170e-01 8.715687441034797615e-04 1.558000000000000000e+03 -4.328454545454545865e+01
1.874212235497045576e-02 1.363976105281132223e-01 8.058491823446236602e-01 6.548439534648355098e-02 8.267819464963816617e-03 5.824820326419743316e-02 1.131539088286773187e-01 1.164495042089688272e-02 8.395928551945330137e-03 4.398118724508343763e-02 1.078402028796570933e-01 5.106368150448855614e-01 9.545933229494638628e-01 6.483449250840897602e-04 5.536832312878223750e-01 2.709450359906986905e-01 1.868265165576050513e-03 1.046060944079992526e-02 8.135125187659605350e-01 0.000000000000000000e+00 4.002234651425464751e-01 1.210240035998609055e-03 2.399457622491374953e-01 1.518339562507439178e-01 2.506451790625254805e-01 6.406307949967163240e-02 6.646698664095265219e-01 3.554524320200449367e-02 6.435585708386690751e-01 7.300525861441013731e-02 2.307679588496602541e-01 1.525130376292645473e-01 4.200000000000000000e+02 -1.185636363636363733e+01
3.580681221589029350e-01 1.751158840913986381e-01 1.830229824928785581e-02 2.291054104118166734e-01 6.764174373535889462e-01 6.789936570911430866e-03 2.560767881386196709e-01 6.267085625324262388e-01 0.000000000000000000e+00 1.394226268575327610e-01 7.330187143529463822e-02 0.000000000000000000e+00 1.000000000000000000e+00 0.000000000000000000e+00 3.031195189967948456e-01 2.411011160314330271e-02 6.751190094178568524e-01 0.000000000000000000e+00 1.000000000000000000e+00 1.934356149388722634e-01 6.530943611234863999e-01 1.011660751958862181e-02 9.489963544001499551e-01 0.000000000000000000e+00 1.000000000000000000e+00 3.352281301687067699e-02 7.880812453520278371e-01 1.729386703765135036e-01 8.272893353319733523e-01 6.250878448829861878e-01 0.000000000000000000e+00 1.132767306921152184e-02 8.640000000000000000e+02 -1.779454545454545666e+01
1.229681055035079622e-02 1.323218362554793399e-03 9.997691625430549234e-01 1.367538965079986846e-01 3.470134386647148045e-02 9.402298932106445406e-01 1.392023626368878164e-01 1.000000000000000000e+00 2.120699387232696242e-01 6.941868488925445613e-01 5.597837865409306390e-01 2.825394838627026117e-01 9.849798883431827301e-01 9.496248798628145922e-04 1.000000000000000000e+00 4.951234861138402166e-01 1.000000000000000000e+00 1.453556565138422463e-01 9.822955104722089770e-01 1.000000000000000000e+00 9.711358491745956112e-01 1.803538807048088444e-01 3.762318385400896248e-01 8.829044518892505133e-02 9.999902687047127481e-01 0.000000000000000000e+00 2.479605231345847483e-01 3.913863963653250178e-01 1.092674474510511029e-01 2.384471567625165433e-02 8.878468699146299103e-01 8.283093469489828387e-01 1.592000000000000000e+03 -5.028090909090908411e+01
1.244661378320224554e-01 1.960489091682082220e-03 9.322629398379597143e-01 1.379594961874559302e-02 4.768187561189300705e-02 1.213809742727922775e-01 5.195343395930174246e-02 8.564530811698037871e-01 2.308159060868791856e-02 1.617448072053641606e-01 2.480893473156169371e-01 2.237059988396311316e-01 9.398871864832591960e-01 3.380363948877147806e-02 8.922162101954841384e-01 7.312719639737025323e-01 5.450341720670519585e-01 3.496702763594548846e-02 9.957176115300261365e-01 8.123596013606171340e-01 4.973704481795953591e-01 5.213311572807081268e-02 1.807486158281480515e-01 0.000000000000000000e+00 5.932891277249182638e-01 1.825090121746145710e-01 3.554045653034150209e-01 1.379748904344126614e-01 1.242896195561215833e-01 5.928831214750220763e-02 2.473569998778512580e-01 1.601723594285025046e-02 8.300000000000000000e+02 -2.499636363636363612e+01
1.742558922207636529e-01 2.102391464311499369e-01 0.000000000000000000e+00 6.440850584825718039e-01 1.531697516463729124e-06 8.445139624466740935e-01 1.158021950239776360e-01 4.982652250770716607e-01 9.878463468755196986e-02 2.771275039566172271e-01 8.465564756869305152e-02 6.134440068048972045e-02 5.289114369294747320e-01 0.000000000000000000e+00 3.380464601339158159e-01 3.659034057894099412e-01 4.835978826241022488e-01 6.254393255591826906e-01 3.386325607184660913e-01 2.424944441447466903e-01 2.122148800472562977e-02 2.119977708483449519e-01 2.602191642661277338e-01 7.600470448969361970e-01 4.988903539621653560e-01 4.383151280033293351e-01 5.949723767428385674e-04 5.456613994182987204e-01 8.170908414982190615e-02 8.325702782847848038e-01 1.027882221213480413e-01 6.951001529110890920e-02 4.240000000000000000e+02 -8.345454545454544792e-01
1.810787207475683669e-02 0.000000000000000000e+00 5.444613538241922512e-01 0.000000000000000000e+00 8.191189641016964618e-02 2.628260796517206122e-01 3.844280712041178716e-01 1.000000000000000000e+00 0.000000000000000000e+00 0.000000000000000000e+00 6.435128898466703218e-01 2.079630965465745773e-01 6.966168704323163485e-01 2.826453712481650227e-01 3.739944588488016142e-01 6.240200208759626443e-01 8.806747225270875612e-01 6.208480351657434948e-01 1.000000000000000000e+00 2.478404012023195380e-01 2.099368922678931104e-01 6.093063251062170727e-01 9.636187700162585079e-01 1.215792530691577056e-01 2.286896718725505984e-01 1.102996496171071983e-01 6.012267557194098805e-02 1.234584634327480085e-01 8.359580365417929038e-01 9.535134137684843081e-01 1.921285845950422566e-01 4.553804315497822497e-01 9.600000000000000000e+02 -1.910454545454545539e+01
2.868665548546686650e-01 2.800978589686704111e-07 9.979741331015198336e-01 3.559851476524911185e-02 6.610238236714438553e-02 1.618229415965654061e-01 1.665825164186253080e-02 9.477978183817806768e-01 1.099500775338193292e-01 2.218709760218713078e-01 3.571698784387678516e-01 4.089312582125756990e-01 9.944133954298690625e-01 7.162161960922286408e-02 9.482342476351875993e-01 4.639966771775669852e-01 6.010748964186418686e-01 1.527899484631314309e-01 1.000000000000000000e+00 1.000000000000000000e+00 1.000000000000000000e+00 1.199832079358194564e-03 7.669912534846476393e-02 2.533633622386529879e-02 5.563122122472768938e-01 0.000000000000000000e+00 2.656580319298967874e-01 4.418284026858760316e-01 2.983969231992337286e-04 1.714610865592267747e-02 5.001037522518955170e-01 4.061752076659718713e-01 1.064000000000000000e+03 -3.953454545454545865e+01
6.068182294321069342e-03 7.656758742632084891e-01 9.972858096188129684e-01 2.005485260204704131e-03 0.000000000000000000e+00 0.000000000000000000e+00 7.270022889978463576e-01 9.802459658575612966e-01 8.402387404327750220e-01 1.301706048377013897e-03 8.094391100782697551e-03 0.000000000000000000e+00 4.461351943446296153e-01 0.000000000000000000e+00 1.950200468386740008e-02 0.000000000000000000e+00 9.313800073456718343e-01 5.038647907223255118e-02 8.091599860364466767e-01 1.592365476034198965e-02 4.478235631048131937e-01 4.670506509143952378e-01 8.749720893328924998e-01 2.793229423830772759e-02 3.440271270270339743e-01 1.895237123005326652e-01 7.190019672836255211e-03 9.973927187063515998e-01 9.996131468321081126e-01 4.221106413767336529e-01 0.000000000000000000e+00 9.183430050341670481e-02 1.124000000000000000e+03 -1.311545454545454703e+01
2.138261722307868151e-01 2.009141643686593037e-01 1.000000000000000000e+00 3.967703168908578992e-01 0.000000000000000000e+00 2.138351044240648369e-01 1.066804869104592129e-02 1.000000000000000000e+00 0.000000000000000000e+00 1.000000000000000000e+00 0.000000000000000000e+00 1.965918257114637191e-01 1.000000000000000000e+00 5.816234744815533889e-03 2.149453103534470777e-01 1.000000000000000000e+00 0.000000000000000000e+00 4.075242493156375906e-02 1.000000000000000000e+00 1.000000000000000000e+00 9.959412409282646372e-01 1.000000000000000000e+00 7.672364184866720116e-02 6.999830878057989869e-01 6.752265488867937870e-01 9.990872450128398530e-01 1.965106251757780531e-01 6.940674180339195809e-01 6.582645297185030220e-01 2.406339495976551543e-02 6.490812271730365124e-01 4.187722051002354395e-01 1.498000000000000000e+03 -3.761363636363636687e+01
2.861149715615219358e-01 6.516492123036282669e-02 4.075141628704464503e-01 2.874988480732398877e-01 8.995272696619001362e-02 3.501956350221135245e-02 9.307892889427967775e-01 1.000000000000000000e+00 7.530074009604455221e-02 9.574645851981785638e-01 1.000000000000000000e+00 7.862796189573331151e-01 1.000000000000000000e+00 0.000000000000000000e+00 6.635200686046069940e-01 9.967015229305551394e-01 8.076334114617123028e-01 3.419996347123777647e-01 9.927123222924931767e-01 9.837430970449346779e-01 2.503378203670029722e-01 0.000000000000000000e+00 5.294042887689839709e-03 4.695474144036557856e-02 1.000000000000000000e+00 7.174955921321736485e-02 9.942604794834212223e-01 1.632317623599112977e-01 3.240793239258110692e-01 0.000000000000000000e+00 8.353752003382916014e-01 5.658043411535618183e-01 1.588000000000000000e+03 -3.689909090909091560e+01
0.000000000000000000e+00 0.000000000000000000e+00 9.846680390090476465e-01 6.386944078481359144e-01 3.643593830602592006e-03 4.046740273186441583e-02 3.904579292866539736e-02 6.173010046932968509e-01 1.327077527243444299e-01 4.722525501248231450e-02 5.560376441369926925e-02 0.000000000000000000e+00 1.000000000000000000e+00 8.799479297625345531e-02 6.435085617993149265e-01 0.000000000000000000e+00 8.487006383849197977e-02 2.793112704714488248e-01 9.999999671385915168e-01 0.000000000000000000e+00 0.000000000000000000e+00 4.400711744429302782e-03 8.580790595836587098e-01 0.000000000000000000e+00 9.350034888900992103e-01 3.979213360309221898e-08 6.683695678185479494e-01 1.589234775310127690e-01 6.145445090323674586e-01 4.189797864706051866e-01 3.632918427838683351e-01 0.000000000000000000e+00 8.600000000000000000e+02 -1.645818181818181714e+01
0.000000000000000000e+00 7.808202920484593260e-03 6.228471959479535691e-01 5.264968541138138197e-02 0.000000000000000000e+00 1.056726965277458574e-01 0.000000000000000000e+00 6.162050977584274461e-03 0.000000000000000000e+00 1.195770798807108820e-01 2.791981792996578796e-02 2.258167425413454832e-01 4.219628273563024168e-01 3.393756131950079191e-01 2.201421924307168376e-01 2.684172233187748918e-02 2.460012281052320060e-01 4.541288349323763240e-01 1.830262359798309479e-01 9.723951901706026080e-01 2.097268905165206032e-01 1.786604183132696304e-03 4.486474205864639520e-01 4.882784945737478712e-04 1.667132186533153426e-01 0.000000000000000000e+00 4.358887705306443427e-01 7.502189771091993808e-01 9.999999986939791530e-01 3.324198631482352256e-02 7.591059026492784356e-03 2.267891007476431631e-01 4.760000000000000000e+02 -9.672727272727272840e-01
0.000000000000000000e+00 0.000000000000000000e+00 6.054303291682305507e-03 6.962801010085771514e-02 0.000000000000000000e+00 0.000000000000000000e+00 0.000000000000000000e+00 3.723465543919903252e-05 0.000000000000000000e+00 0.000000000000000000e+00 2.413681803476025178e-01 6.372114252851358851e-02 4.631353771100783501e-01 0.000000000000000000e+00 1.000000000000000000e+00 0.000000000000000000e+00 0.000000000000000000e+00 0.000000000000000000e+00 4.863730500815433705e-02 1.000000000000000000e+00 0.000000000000000000e+00 0.000000000000000000e+00 4.718678392202750316e-01 0.000000000000000000e+00 3.677145420091716688e-02 0.000000000000000000e+00 4.131997376269595512e-01 7.074727290737827801e-01 0.000000000000000000e+00 5.707719872444388942e-02 4.682823709914923281e-05 0.000000000000000000e+00 3.820000000000000000e+02 -5.536363636363635932e-01
4.348288282536444394e-02 1.149792175911650699e-01 3.232176056279684184e-01 1.271977256736040451e-01 3.405714377658640435e-02 0.000000000000000000e+00 0.000000000000000000e+00 3.743653377479296829e-01 6.039103422168053958e-01 5.174981148531890285e-02 4.331401270581884955e-01 8.621271702500253598e-02 9.405571344533451006e-01 9.276214313217226969e-05 1.967401228115449319e-01 3.183548194428066636e-02 3.807839629109084911e-01 3.671155456617667453e-04 8.746395556340748056e-01 5.104047569278705350e-03 5.310585875670067457e-01 3.873904773638898319e-02 4.237436660351094897e-01 0.000000000000000000e+00 2.288702486079935428e-01 3.339731273983260421e-04 7.136995285507717890e-01 2.747300908913293260e-01 2.073614750257146006e-02 5.429695015435807154e-03 6.183874618035453130e-01 0.000000000000000000e+00 4.640000000000000000e+02 -1.433818181818181614e+01
6.884591007510937333e-01 2.709617543259976169e-03 4.349711493514076266e-01 3.651137473345087425e-01 0.000000000000000000e+00 4.938523525315779983e-02 4.778114567947542775e-06 8.877599569303378235e-01 9.921006390333225386e-03 0.000000000000000000e+00 6.819508508815635972e-02 8.492273691808070735e-02 9.695025175142598650e-01 0.000000000000000000e+00 9.466977892369677905e-01 1.447660689965149516e-01 1.420154070929292578e-01 1.660757255318996012e-02 6.308150546255650859e-01 4.461690434395562121e-01 4.273276194166292230e-02 2.707456459722581282e-02 1.102794257663655131e-01 0.000000000000000000e+00 3.919495726764357091e-01 5.003904462112204049e-02 1.443787872348427370e-01 7.969203447805300877e-01 4.712555166893102054e-01 0.000000000000000000e+00 5.442975835342883650e-01 2.006806872975407385e-01 6.380000000000000000e+02 -1.088909090909090871e+01
3.257421403982276328e-09 8.894565975316296585e-03 2.299815469095066178e-01 2.144475749823946190e-02 1.127602371132964930e-02 9.280732492668117839e-01 3.963224567241008245e-01 1.603639713630995445e-01 2.563676240191323230e-02 5.361063802033345232e-03 0.000000000000000000e+00 0.000000000000000000e+00 0.000000000000000000e+00 0.000000000000000000e+00 7.971574057120210943e-01 7.657620070970955206e-02 9.535349642700990946e-02 3.424869714398938447e-02 9.508680894315754140e-01 2.409742465069207307e-01 2.478317443379567941e-01 0.000000000000000000e+00 1.227251746921157460e-01 8.111220181704184573e-02 5.723724204570159735e-01 5.508190899623888886e-03 0.000000000000000000e+00 5.226627494396093310e-01 3.451921332897650574e-02 0.000000000000000000e+00 1.186398836682708985e-01 1.339958164669773633e-01 4.360000000000000000e+02 -7.836363636363636864e-01
5.849830775254537957e-03 1.046875134880279230e-02 6.998144488361639493e-01 1.043524667581414295e-01 8.057524513371768643e-03 4.757486197994804655e-01 0.000000000000000000e+00 7.863449696718737281e-01 4.376754597403459445e-04 7.821883909401559087e-01 4.408320155909672966e-01 2.016928864348225062e-02 9.778600946403649408e-01 6.254146148842651409e-02 6.527213103473503697e-01 3.007609578765084724e-01 8.849349125086606316e-01 2.654404022647073869e-01 9.999044295811613248e-01 9.987676998331154188e-01 2.612918388555816041e-01 4.712001596188983982e-03 8.211855126371685187e-02 2.315145927106073993e-03 1.077558487803637333e-01 9.376722702164036862e-04 8.304843055673406527e-01 2.433340303719122046e-04 3.186247478725866000e-01 3.611871441556394752e-04 2.750267438624999783e-01 5.869478975176838607e-04 8.600000000000000000e+02 -2.517454545454545567e+01
