5.000000000000000000e-01 5.000000000000000000e-01 5.000000000000000000e-01 5.000000000000000000e-01 5.000000000000000000e-01 5.000000000000000000e-01 5.000000000000000000e-01 5.000000000000000000e-01 5.000000000000000000e-01 5.000000000000000000e-01 5.000000000000000000e-01 5.000000000000000000e-01 5.000000000000000000e-01 5.000000000000000000e-01 5.000000000000000000e-01 5.000000000000000000e-01 5.000000000000000000e-01 5.000000000000000000e-01 5.000000000000000000e-01 5.000000000000000000e-01 5.000000000000000000e-01 5.000000000000000000e-01 5.000000000000000000e-01 5.000000000000000000e-01 5.000000000000000000e-01 5.000000000000000000e-01 5.000000000000000000e-01 5.000000000000000000e-01 5.000000000000000000e-01 5.000000000000000000e-01 5.000000000000000000e-01 5.000000000000000000e-01 1.024000000000000000e+03 -8.534545454545454390e+01
5.000000000000000278e-02 7.903225806451613655e-02 1.080645161290322565e-01 1.370967741935483764e-01 1.661290322580645240e-01 1.951612903225806162e-01 2.241935483870967638e-01 2.532258064516129115e-01 2.822580645161290036e-01 3.112903225806451513e-01 3.403225806451612434e-01 3.693548387096773911e-01 3.983870967741935387e-01 4.274193548387096309e-01 4.564516129032257785e-01 4.854838709677418707e-01 5.145161290322580738e-01 5.435483870967742215e-01 5.725806451612903691e-01 6.016129032258064058e-01 6.306451612903225534e-01 6.596774193548387011e-01 6.887096774193548487e-01 7.177419354838709964e-01 7.467741935483871440e-01 7.758064516129031807e-01 8.048387096774193283e-01 8.338709677419354760e-01 8.629032258064516236e-01 8.919354838709677713e-01 9.209677419354838079e-01 9.499999999999999556e-01 1.024000000000000000e+03 -8.544545454545453822e+01
9.499999999999999556e-01 9.209677419354838079e-01 8.919354838709677713e-01 8.629032258064516236e-01 8.338709677419354760e-01 8.048387096774193283e-01 7.758064516129031807e-01 7.467741935483871440e-01 7.177419354838709964e-01 6.887096774193548487e-01 6.596774193548387011e-01 6.306451612903225534e-01 6.016129032258064058e-01 5.725806451612903691e-01 5.435483870967742215e-01 5.145161290322580738e-01 4.854838709677418707e-01 4.564516129032257785e-01 4.274193548387096309e-01 3.983870967741935387e-01 3.693548387096773911e-01 3.403225806451612434e-01 3.112903225806451513e-01 2.822580645161290036e-01 2.532258064516129115e-01 2.241935483870967638e-01 1.951612903225806162e-01 1.661290322580645240e-01 1.370967741935483764e-01 1.080645161290322565e-01 7.903225806451613655e-02 5.000000000000000278e-02 1.024000000000000000e+03 -8.037545454545454504e+01
5.000000000000000278e-02 1.099999999999999867e-01 1.699999999999999845e-01 2.299999999999999822e-01 2.899999999999999800e-01 3.499999999999999223e-01 4.099999999999999201e-01 4.699999999999999178e-01 5.299999999999999156e-01 5.899999999999999689e-01 6.499999999999999112e-01 7.099999999999999645e-01 7.699999999999999067e-01 8.299999999999999600e-01 8.899999999999999023e-01 9.499999999999999556e-01 9.499999999999999556e-01 8.900000000000000133e-01 8.299999999999999600e-01 7.700000000000000178e-01 7.099999999999999645e-01 6.500000000000000222e-01 5.900000000000000799e-01 5.300000000000000266e-01 4.700000000000000289e-01 4.100000000000000311e-01 3.500000000000000888e-01 2.900000000000000355e-01 2.300000000000000933e-01 1.700000000000000400e-01 1.100000000000000977e-01 5.000000000000000278e-02 1.024000000000000000e+03 -8.692454545454545212e+01
9.499999999999999556e-01 8.900000000000000133e-01 8.300000000000000711e-01 7.700000000000000178e-01 7.099999999999999645e-01 6.500000000000001332e-01 5.900000000000000799e-01 5.300000000000000266e-01 4.700000000000000844e-01 4.100000000000000311e-01 3.500000000000000888e-01 2.900000000000000355e-01 2.300000000000000933e-01 1.700000000000000400e-01 1.100000000000000977e-01 5.000000000000004441e-02 5.000000000000004441e-02 1.099999999999999867e-01 1.700000000000000400e-01 2.299999999999999822e-01 2.900000000000000355e-01 3.499999999999999778e-01 4.099999999999999201e-01 4.699999999999999734e-01 5.300000000000000266e-01 5.899999999999999689e-01 6.499999999999999112e-01 7.099999999999999645e-01 7.699999999999999067e-01 8.299999999999999600e-01 8.899999999999999023e-01 9.499999999999999556e-01 1.024000000000000000e+03 -7.500909090909091503e+01
1.499999999999999944e-01 8.499999999999999778e-01 1.499999999999999944e-01 8.499999999999999778e-01 1.499999999999999944e-01 8.499999999999999778e-01 1.499999999999999944e-01 8.499999999999999778e-01 1.499999999999999944e-01 8.499999999999999778e-01 1.499999999999999944e-01 8.499999999999999778e-01 1.499999999999999944e-01 8.499999999999999778e-01 1.499999999999999944e-01 8.499999999999999778e-01 1.499999999999999944e-01 8.499999999999999778e-01 1.499999999999999944e-01 8.499999999999999778e-01 1.499999999999999944e-01 8.499999999999999778e-01 1.499999999999999944e-01 8.499999999999999778e-01 1.499999999999999944e-01 8.499999999999999778e-01 1.499999999999999944e-01 8.499999999999999778e-01 1.499999999999999944e-01 8.499999999999999778e-01 1.499999999999999944e-01 8.499999999999999778e-01 1.024000000000000000e+03 -8.101181818181818528e+01
6.406250000000000833e-02 1.625000000000000056e-01 5.000000000000000000e-01 1.062500000000000111e-01 6.406250000000000833e-02 9.500000000000000666e-01 1.625000000000000056e-01 2.750000000000000222e-01 5.000000000000000000e-01 7.812500000000000000e-02 9.500000000000000666e-01 5.000000000000000000e-01 1.062500000000000111e-01 2.750000000000000222e-01 9.500000000000000666e-01 9.500000000000000666e-01 9.500000000000000666e-01 9.500000000000000666e-01 6.406250000000000833e-02 6.406250000000000833e-02 9.500000000000000666e-01 1.062500000000000111e-01 9.500000000000000666e-01 9.500000000000000666e-01 9.500000000000000666e-01 2.750000000000000222e-01 1.625000000000000056e-01 5.000000000000000000e-01 6.406250000000000833e-02 7.812500000000000000e-02 2.750000000000000222e-01 6.406250000000000833e-02 1.024000000000000000e+03 -9.109727272727272407e+01
5.499596620578787176e-01 6.483548188835264181e-01 4.031573756688733856e-01 1.958032880261222908e-01 2.704009991651217804e-01 5.574613117508135929e-01 2.675124162838839470e-01 9.076545228512565844e-01 9.750881068470830249e-01 5.885783967192788069e-01 8.955207968557677978e-01 2.299666373827536359e-01 1.705502977979132806e-01 4.687976438986074523e-01 6.241754460553111672e-01 6.665951276318247132e-01 2.051066005658749858e-01 5.973376488339716683e-01 9.677507933637109483e-01 7.800854691737262314e-01 6.406054641060090482e-01 2.641205845587580869e-01 5.860846633778217241e-01 2.466163523058121088e-01 5.789845308022084636e-01 3.502848306260404332e-01 5.768673578580290062e-01 8.462947572284763575e-01 6.796250054397709461e-02 6.417819552423570384e-02 8.017540475474302930e-01 9.201571036738644960e-01 1.024000000000000000e+03 -8.501545454545454561e+01
2.622698287316063692e-01 9.632098608288813812e-03 5.165716392603276752e-01 5.768566574680376036e-01 6.782206125259221396e-01 5.876394429973132993e-01 7.841409629724142016e-01 2.733712923657345972e-01 5.365866490939278366e-01 6.474857220674236080e-01 2.002105894633453009e-01 5.133235330574751482e-02 4.634996590896091062e-01 3.494233067375930313e-01 8.326469505674507499e-01 7.920917722293130403e-01 9.072141006962872734e-01 2.441623709352906679e-01 9.592898229432198498e-01 4.486929966054843399e-01 5.155760419871965317e-01 1.376924240280757994e-01 4.736147129171294767e-01 2.752941869705160822e-03 9.218405382814913729e-01 5.337959542312068484e-01 8.455907339814657808e-01 2.146798765276285714e-01 3.532994023657911598e-01 3.627727888303389214e-01 9.088807973080816893e-01 2.804788845225503202e-01 1.024000000000000000e+03 -8.653000000000000114e+01
4.568320962797169787e-02 3.051490326569460398e-01 5.339207433116736068e-01 4.231786628204712297e-01 3.714424855602773690e-01 9.655201246498605616e-02 4.539878766960424583e-01 2.543758490909631687e-01 6.154476124719353569e-01 1.424411261214202085e-01 6.197530597665543706e-01 7.428262150917537276e-01 4.766836470389648750e-01 6.195256419179864249e-01 4.627334587545043343e-01 5.718989194723496094e-01 3.964998813585250415e-01 5.528711660013653217e-01 5.634784228254976490e-01 4.273416344066880979e-01 7.323745718622118317e-02 4.824091070515960089e-01 4.993602555629323425e-01 2.859860885000230502e-01 4.088670828404711299e-01 9.259741498757690925e-01 7.381239520014564182e-01 6.623379503475317065e-02 7.603829072103838183e-01 2.873061297674525325e-02 2.757631347469570726e-01 1.188422140819004528e-04 1.024000000000000000e+03 -8.417545454545455641e+01
1.108854236274403327e-01 8.020463280741055856e-01 3.987387679831667919e-02 5.306552448452588333e-01 1.690724823389042342e-01 1.941550058918840027e-01 6.672020152448396857e-01 5.216592544487079763e-01 7.591107242447833192e-01 4.701420981503642293e-01 8.558172067278746464e-01 3.988685335673073165e-03 8.255225304816352638e-01 7.105970043087763699e-01 7.313327842842698434e-01 3.810121596785737697e-01 1.323896065783160547e-01 6.729775322224155198e-01 5.405281456289311171e-02 1.623242265092037506e-01 7.214112177737848075e-01 4.077397317211129413e-01 7.292913618565513012e-01 5.797639820810640554e-01 2.700521845119230879e-01 1.148560871945959599e-01 9.880947779061752811e-01 7.587113989583544882e-01 7.769569427951709961e-02 9.678333997555792212e-02 8.260722142603905693e-01 6.752998455245114995e-01 1.024000000000000000e+03 -8.153000000000000114e+01
8.151219187652072318e-01 5.274273354498268951e-01 8.840089696714226175e-02 8.657577437215348004e-01 8.170489235953045659e-01 1.728997785095600093e-01 8.597376763527200816e-02 2.227300921166591452e-01 8.770181975038766620e-01 5.465238987703550100e-01 5.750227085209668187e-01 9.094837738667342908e-01 1.317190519742365007e-01 5.852766026733757787e-01 2.273624426507550311e-01 8.574141533763554035e-01 3.579277984943725344e-02 1.121044504710683731e-01 1.415271499575850023e-01 1.892827670307735410e-01 5.473626484477503995e-01 5.062048559307512630e-01 4.101598708152049411e-01 7.753632141739409400e-01 6.988066588893979691e-01 9.457684285631901000e-01 1.290091396514009836e-01 7.810694209659609921e-01 3.940694282110827062e-01 7.597551167281091367e-01 5.816296164502789967e-01 3.923331183724804161e-01 1.024000000000000000e+03 -8.063363636363636999e+01
4.591050636143128583e-01 5.092325236331918248e-01 2.282640202322910594e-01 3.966194208457708981e-01 2.589161625682150358e-01 7.217058786508895318e-01 3.099935391692509312e-01 7.753290855763482758e-01 8.911990174349365690e-01 9.267562749265941813e-01 2.555462952511708408e-01 2.562844118703131446e-01 5.775162499642306768e-01 1.235339311124037526e-01 5.381723576332992920e-01 4.190223334924312315e-01 6.097029087312884066e-01 5.776646672445280295e-01 6.041922216319318695e-01 9.509836399139581786e-01 9.180689862103373899e-01 2.561528899969537365e-01 9.149555899959692373e-02 7.996492890330827441e-01 8.595276342541346981e-01 4.840785281536730822e-01 8.927046735326263915e-01 4.184644965511836179e-01 6.290910135439186091e-01 9.596623114712965474e-01 6.257867655703974741e-01 2.529713565020850208e-01 1.024000000000000000e+03 -8.474818181818181984e+01
5.274725378998119663e-01 7.616191857332329507e-01 2.028930162805723039e-02 2.986216385642636029e-01 7.802308647389010199e-01 2.613616069631805594e-01 3.851069579679903820e-01 5.290700983746573494e-01 1.994192987413544449e-01 7.632663812098308131e-01 8.117577287078682202e-01 8.245061376707836232e-01 6.165929718821653305e-01 3.908627545894065580e-01 1.659677523103299801e-01 3.038322632877170082e-01 9.485023691514835043e-02 2.027045215056932914e-01 8.158104423667598137e-01 5.788345350510143428e-01 9.007850183584172887e-01 3.862613233700117887e-01 8.695581238052343398e-01 5.040644540904849064e-02 4.449657619143447262e-01 1.501247579319612557e-01 3.479795007906889004e-01 7.461404974431096182e-01 8.220068722558889762e-01 2.312390010547759056e-01 7.283603697319512849e-01 4.429342594563137614e-01 1.024000000000000000e+03 -7.877909090909089684e+01
4.189622429399909587e-01 5.950156963764934304e-01 1.956232302657928135e-01 1.853508726728327061e-01 9.162194628558604226e-01 2.263358456959838894e-01 8.204072675851288299e-01 8.261320159691749598e-01 6.821706395524205213e-01 7.828700774298109899e-02 9.600408382523322182e-01 6.489578564513183434e-02 2.798285906948690394e-01 8.652596931720982765e-01 3.675755883992327666e-01 5.204239890893941345e-01 2.537738530991504038e-01 3.513587865211981742e-01 7.218897498517069522e-01 4.409262662328875676e-02 9.330890670613490867e-01 2.219636035033515642e-01 7.713446902778234859e-01 1.367199463379012159e-01 6.481300749357711277e-01 2.575097959158744176e-01 2.011896183999300480e-01 8.886939677521368264e-01 2.583794238057737780e-02 2.016263838163233624e-01 1.883998382452828080e-01 9.324144558164088048e-01 1.024000000000000000e+03 -8.550272727272727025e+01
2.033493168497021164e-01 1.367772968492924901e-01 9.902300033160561510e-01 6.738876016602842745e-01 7.087632017192855294e-01 8.820884372451068822e-01 6.242389430282072604e-01 6.635305267853646161e-01 7.380303866130255575e-01 9.009088951725299221e-01 4.187495933504810641e-01 6.806371369888423173e-01 2.560283819722687926e-01 8.841305054449712930e-01 1.230247788887201960e-01 8.379043239914788499e-01 8.296593187569387684e-01 1.240397769920554144e-01 2.914893502972550898e-01 8.297078784287866826e-01 4.708988843131450830e-01 7.996655863084349836e-01 1.176228535993644603e-01 3.091734393095438294e-01 8.019850339046413756e-01 5.649196821878920555e-02 5.339703560304148722e-01 8.105742130606993223e-01 6.601958738374823499e-01 1.871738025522666216e-01 9.592122367777622394e-01 3.641368397159855386e-01 1.024000000000000000e+03 -8.271818181818181870e+01
4.437627262071762724e-01 1.774492498955551334e-01 6.459583429651035713e-01 6.309325319217399253e-01 4.375849279407079684e-01 4.378458333550104831e-01 9.387857175666242115e-01 1.093355197674352186e-01 8.536561434506964030e-01 5.367740063725827682e-01 6.334623706049895553e-01 8.611030000512015503e-01 8.230705444912143065e-01 4.820058703547920598e-02 6.844843189058332777e-01 3.575942349237061068e-03 8.612525724174530106e-01 2.841471215750552282e-01 6.768812800021503095e-01 3.942892585971513042e-01 9.701184254551863395e-01 3.561080283285736336e-01 4.279282931725567063e-02 1.226759771329126725e-01 1.759817769119534081e-01 9.939394156483850606e-01 4.902954384922211251e-01 7.256460920961930183e-01 6.920537742827067573e-01 5.683037754334501201e-01 6.352892578596985862e-01 4.368146075533703709e-01 1.024000000000000000e+03 -8.277909090909089684e+01
2.647319200621682245e-01 6.185398228603294912e-01 2.764628181481790237e-01 9.547906123593250527e-01 4.927554507243903648e-01 7.819693264566618396e-01 5.491820819040201807e-01 7.481353560480412390e-02 9.328702333780570788e-01 5.002658019989347782e-01 3.398625334119712571e-01 4.289634510804754552e-01 5.884857703758888947e-01 6.455670880648022303e-01 6.063019733275017975e-01 9.753243251113445922e-01 2.945245106637151555e-01 5.257567791022991210e-01 9.034835383028569922e-01 9.720860438609830734e-01 1.241691750899000107e-01 5.866164268400831938e-01 2.914473677770725302e-01 4.385575351392258514e-01 1.739005472919854245e-01 8.331456457407028504e-02 2.731258144668745058e-01 9.970005501951479943e-01 8.795403549215820016e-01 4.206310447895825755e-01 1.299919703613315325e-01 5.843073471038912059e-01 1.024000000000000000e+03 -8.393636363636363740e+01
6.787634745238242395e-01 3.234259555056481772e-01 4.085139107148107879e-03 3.787128463808961138e-03 9.442298795054534510e-01 3.205609801659321523e-01 3.348712946042977645e-01 6.299352210309131506e-01 3.623596279068643788e-01 8.793182874708233010e-01 8.732252419850938807e-01 6.457914958855939247e-01 1.945123391905969057e-01 2.333790000019746735e-01 8.706667030031640664e-01 4.922472339020687038e-01 5.818183464855872788e-01 4.637706339447522086e-01 4.418323939684516977e-01 6.036538245257567770e-01 3.583152603648198653e-01 2.404226183586348764e-01 4.279567606169879523e-01 8.242597660536568061e-01 3.379184323630031184e-01 5.648309529363804149e-01 6.810044694839416657e-01 9.069772147783835559e-01 4.171804937470733332e-01 7.187724014706049491e-01 3.273568776219242804e-01 5.188046620285310384e-01 1.024000000000000000e+03 -8.527909090909089684e+01
1.264336078774823402e-01 4.771470828356803584e-01 8.846643645840808201e-01 6.610541140999019738e-02 3.904075622563727976e-01 1.627702681745387195e-02 6.006311782398275900e-01 5.033860875402702550e-01 2.800096184941274500e-04 7.143679900271692196e-01 9.992536689226688695e-02 5.811497851014915117e-01 9.076716538263897016e-01 6.509288796237969743e-01 1.048911241285429841e-01 7.372525635569072699e-01 3.010199153331373223e-01 8.054414850335102349e-02 7.398753363291792340e-01 9.315200952535667156e-01 2.129394084907438034e-01 7.334001316944228632e-01 4.906745770617608748e-01 2.026954607600787439e-01 1.407141795013921726e-01 9.566070180993804239e-01 6.593775516880578946e-01 9.863769892476476064e-02 3.226726339601919125e-01 8.618134244780509823e-01 6.694592960664800252e-01 8.243144920233949069e-01 1.024000000000000000e+03 -7.621181818181818812e+01
7.299929245612041262e-01 8.589274683513994368e-01 7.131475235226892861e-01 7.872909723193435294e-01 4.538258909775414462e-01 7.420616327307834048e-01 1.176283766714723983e-01 7.666608554665192976e-01 7.963804484690204522e-01 5.182793470380585577e-01 1.716294154997294319e-01 1.904264239544951054e-01 5.078441854007085254e-01 3.164448190039126363e-01 4.299321385810017104e-01 2.623271914598369545e-02 1.137290134549213821e-01 7.416955806179367228e-01 8.426680491703343323e-01 7.500141176909516094e-01 8.244373062666401353e-01 5.695934182792948830e-01 5.126691389332018942e-03 5.538315199865220251e-01 3.990320977278534742e-01 7.626843017135810365e-01 1.623852509330939720e-01 4.482081314345378042e-01 4.216199503857900877e-01 3.754611869163148596e-01 6.576131149185083791e-01 5.110274096484745954e-02 1.024000000000000000e+03 -7.466090909090908667e+01
7.974036861647653129e-01 2.088943351341312760e-01 3.672157936894929753e-01 3.836291951941803863e-02 1.991187096741315471e-02 2.719852843016020705e-01 9.252374668904957966e-01 8.203134321550162866e-01 3.999693773897597393e-02 7.366878468475536179e-01 9.363259498184026697e-01 3.254680946219351001e-01 2.820030025341288549e-01 9.165912160998095359e-01 5.547582588204521548e-01 4.118633484972956255e-02 5.767843192721168188e-01 8.058967910859330397e-01 3.933269471763822106e-02 4.103468205285062398e-01 6.783616687458818850e-01 9.527799059218785560e-01 3.880545001249601222e-01 4.175409305491766809e-01 3.597425712892839966e-01 5.595502463285514372e-01 9.597359354782267760e-01 1.706606034036823871e-01 4.640126910889033618e-01 6.522266451141995880e-01 5.427103819643114280e-01 1.874692952120950995e-01 1.024000000000000000e+03 -8.377545454545453651e+01
9.631600605217974786e-01 5.775245184194551795e-01 5.542202998801660785e-01 3.288752146376044405e-01 8.269858628019233215e-01 7.108104566023538684e-01 4.741490552555317761e-02 2.016064943269225695e-01 4.507296422056150109e-01 3.719172239656190482e-01 8.941098881043634261e-01 4.979397244398152678e-01 9.996268829186405469e-01 5.365357993096251388e-01 9.207189083974459676e-01 6.120338637524895820e-01 6.878154892080495797e-01 9.745881899606989585e-02 7.404384454238603641e-02 5.389426122281187892e-01 6.933714399753838631e-01 3.258562511715824839e-02 9.707809027690599279e-01 8.393959662740377858e-01 6.040572968590225411e-01 5.850281062468187798e-01 6.242023380668951793e-01 2.057310425514385574e-02 7.370018373790987454e-01 4.251940481798132110e-01 5.235106407158460762e-01 2.079328121444190547e-01 1.024000000000000000e+03 -8.229090909090908212e+01
3.087034056579238822e-02 2.872877560090278740e-02 8.653284191029075867e-01 5.101779257322749395e-01 9.714207587089285223e-01 7.544634620786730972e-01 1.618899683982257809e-01 9.782091504985472585e-02 5.083786472892806163e-01 8.614113313099289737e-01 2.679388875091015532e-01 2.072390011326689097e-01 9.265875924206051772e-01 7.823679907658038779e-01 3.982009472825043250e-01 1.673217999264210998e-01 9.867401361317509334e-01 6.952082185244291557e-01 1.880341626258696663e-01 5.942563621059696599e-01 5.696286996053845364e-01 6.617476681906518943e-01 5.240573447526793993e-01 3.039831808173886277e-02 6.283174260201278560e-01 8.651321221814183282e-01 8.163472485540137491e-01 7.153570007378906581e-01 9.303968070945785040e-01 7.310350721521610695e-02 4.641959863672019959e-01 7.757245831001920999e-01 1.024000000000000000e+03 -8.629090909090908212e+01
4.764503527984788600e-01 9.434625684076954899e-01 9.510567757770663766e-01 8.844578570197746403e-01 6.126021285304638075e-01 1.916381728693959952e-01 2.499167786318880480e-01 4.156577309560869904e-01 2.831685774052919435e-01 4.440165501352817401e-01 1.405470425991337934e-03 3.412915467332881536e-01 1.412184016351026583e-01 1.927290415515472977e-01 5.142436297848173021e-01 1.340750370422004178e-01 3.599476987385586968e-01 5.342156652031638808e-01 4.798248956649088237e-01 8.497281605670334304e-02 3.421430159577896202e-01 4.026114737921336617e-02 5.408771832531377166e-01 1.568282877060238889e-01 7.223675896523726880e-01 1.873145900980404677e-01 9.431522033800144866e-01 5.039273549098505223e-01 7.204968374209314019e-01 3.923281327188873346e-01 7.731374731434627057e-01 2.842585016229235984e-01 1.024000000000000000e+03 -8.297545454545455357e+01
1.426222035981760672e-01 9.107293232955424589e-01 8.575162235967076496e-02 1.420913427527480122e-01 4.084803527691068803e-01 2.146784028498989472e-02 5.872077383095184455e-01 2.407953273527357607e-01 3.957333458492031664e-01 7.375699114425514624e-01 4.588824055956782222e-01 9.761929492998767666e-01 1.840380727689879814e-01 5.919749100153690741e-02 7.869390922084354423e-02 8.706526442451748560e-01 8.496897922317011576e-01 9.371174017201279183e-01 5.012703536480948019e-01 6.648703629328114317e-01 4.445124258623669444e-01 8.272181602681668577e-01 2.425817592395371203e-01 6.731297749681988130e-01 4.577664489410222803e-02 2.369853330121043655e-01 2.519708584930979711e-01 6.452530787344635810e-01 6.432971911549746347e-01 8.849664156338398202e-01 3.553868716777011660e-01 5.740023974028722886e-01 1.024000000000000000e+03 -7.961545454545453993e+01
7.117445925068711654e-01 7.149799319906910977e-01 6.260389977439805298e-01 9.058725571253682940e-01 5.707586153596052592e-01 6.484032665740800949e-01 4.147940200372667863e-01 6.003708090118342611e-01 6.612586554982764486e-01 4.062959552844211952e-01 1.171564640087661147e-01 6.188608050814712325e-01 3.538111109283441635e-01 4.775801416112860354e-01 2.988370410780637476e-01 2.155483107435836043e-01 6.686816511856124023e-01 9.965090809786660841e-01 6.491606659503577070e-01 8.090583029287906625e-01 5.019131553246904132e-02 9.912688572000777354e-01 9.183224254166925116e-01 9.702240401605439768e-01 2.269755248598592789e-01 8.497518616628524368e-01 9.225486635475894648e-01 2.973816788069763573e-01 5.891145832907237478e-01 6.353312823807475418e-01 5.643203467248755212e-01 2.984884254241708668e-01 1.024000000000000000e+03 -8.286363636363635976e+01
9.770489158995802059e-01 8.940976327494291054e-01 8.302307100645134330e-01 6.033580370372655377e-01 1.552839872778448982e-01 5.323796114399413915e-01 2.885496731632908873e-01 1.676254457099307649e-01 1.523954496584773999e-01 6.732805487773806385e-01 8.361741393347881246e-01 8.595457367141427774e-02 8.628097404122830882e-01 8.655729450573447503e-02 5.436530958484501325e-02 5.392329768179170424e-01 9.693684029101568012e-01 6.555320560837513133e-01 6.480774469431971330e-01 2.816466113710127880e-02 3.750015739436312057e-01 6.871889250059226573e-01 7.859821388458447800e-01 5.103240164121516376e-01 2.392560901474725388e-01 7.235406693152115487e-01 3.324457829373105022e-02 1.060052670255479286e-02 1.079364957860068502e-01 1.311635402501095393e-01 1.620340839570994507e-01 4.908909884112294675e-01 1.024000000000000000e+03 -7.910000000000000853e+01
3.837932107409603999e-01 6.119278119345711309e-01 7.239702591572738655e-01 9.146525176009558944e-01 3.219124712878402295e-01 4.806717823642708137e-02 5.715194209005685089e-01 6.452221310819968858e-01 9.158383587021239336e-01 1.144077582024434769e-01 3.512818897725495382e-01 8.348588263943360621e-01 9.579236282644157940e-01 4.394150637589990804e-01 4.783566160685974178e-01 2.590493746612161918e-01 6.216841439222273724e-01 3.828297171423311052e-01 2.215915744585487401e-01 8.717210232599112985e-01 1.037794630038823690e-01 6.286117407733864404e-01 6.729947799184347046e-01 6.903107287334628861e-01 5.680794590065744165e-01 3.232757149664905461e-02 5.488430509012334202e-01 2.778401755211324931e-01 8.055966039001574153e-01 7.765122365678134297e-01 2.855164506907566513e-01 3.461441302545235077e-01 1.024000000000000000e+03 -8.293000000000000682e+01
5.142135713917879158e-01 9.770104640388650452e-01 1.670243871289153192e-01 5.952987943667192861e-01 7.964628142909122577e-01 1.531906825031855990e-01 7.460529775068489577e-01 9.481684913392105507e-01 1.870201404365442466e-01 2.991864031091354126e-01 9.123961670985805128e-01 3.797803998196378483e-01 2.995677632054147832e-01 5.700135025472022887e-01 5.724688850986507302e-03 1.452444319175493770e-01 7.882317441982142903e-01 1.794464054228040450e-01 9.241493495226799082e-01 9.994490463771545929e-01 4.148217225649831197e-01 6.484331536489440495e-01 9.390271921779380637e-01 8.530397482573065515e-01 9.657504682113330352e-01 6.543399555486469898e-01 2.131410762511257717e-01 9.476316292083297732e-01 8.453633327891511007e-01 9.124815977977784875e-01 2.095268241078662719e-01 9.136710016916439747e-02 1.024000000000000000e+03 -7.964545454545454106e+01
3.649443698758988996e-01 6.742043151886965013e-01 3.404224477438220209e-01 2.477492572910472424e-01 2.049104399421507461e-01 3.069885145215719424e-01 8.466076651821133892e-01 5.672200276021431842e-01 6.377452508144583476e-02 5.731763578380419943e-01 6.218743773052571450e-02 6.557175082269351973e-01 9.774302336709114192e-01 9.753513975154975979e-01 4.567288424712964007e-02 8.130992092749524114e-02 7.493089750192242215e-01 2.810087146382263257e-03 7.996612184136369095e-01 2.380631507163388783e-01 2.930978853182891752e-01 4.570834110861907162e-01 5.639897147865080562e-01 5.411751724952723608e-01 1.074801477029335289e-01 4.479574492341997088e-02 7.865998854174426347e-01 3.173674127395060829e-01 9.690907182598853531e-01 2.541980178032742788e-01 2.358378505953686588e-01 7.702038282574875661e-01 1.024000000000000000e+03 -7.431181818181818244e+01
8.571298068153134775e-01 8.180239372560502709e-01 3.026510040765870158e-01 2.847456015807514618e-01 7.632322080600985048e-01 1.106262682221928195e-01 4.284616429193034426e-01 9.289509409446305988e-01 8.288980075593638253e-01 3.207367226951490236e-01 7.655425375603560623e-01 7.151647518321699870e-01 1.792654339817563447e-02 7.307559132735514940e-01 9.006930459704124425e-01 5.918194297773385903e-01 4.448956950970360813e-01 8.768977138034098617e-01 6.302778774947175311e-01 6.345170804497333172e-01 9.482162281705919238e-01 9.588641541002333735e-02 3.822391529938151677e-01 2.199219436136300998e-01 5.417861041405879208e-01 7.189857065948934700e-01 1.420649524870394309e-01 2.055534216579595341e-01 8.651475387009047724e-01 8.279461073056290088e-01 4.094335501313317582e-01 4.679153694355684401e-01 1.024000000000000000e+03 -8.323909090909090480e+01
6.963538405222606809e-01 5.117881812978071487e-02 3.730969464825299453e-01 7.396338046720719595e-01 7.207610170492794177e-01 6.768541738812886566e-01 9.846819739197474330e-01 4.407886414489996518e-01 7.732333892713098011e-01 2.821697361030753859e-01 2.893132823570122580e-01 4.812862663995464141e-01 6.568783825658701669e-01 9.582797285768708262e-01 9.831301082128168778e-01 3.499689373222513722e-01 6.506026181803753472e-02 4.213292579820231420e-01 1.222474330011736887e-01 1.369255564988660356e-01 1.800653636061397556e-01 5.563225597982903725e-01 7.157271668639443307e-01 7.605623618508902672e-02 8.201745871123128362e-02 8.393210116277776134e-01 6.032027328536609251e-02 1.069005559088493096e-01 4.746914772657855330e-01 6.721319182769343037e-01 5.580442839746075911e-01 6.220823340639876076e-01 1.024000000000000000e+03 -7.764545454545454106e+01
3.255562885427667474e-01 4.154615020174291518e-01 5.957076520969161182e-01 4.674654221402828602e-01 5.238913940186945561e-01 6.662671997724483042e-01 1.408044393770706559e-01 8.421569842386836813e-01 4.711590027408616987e-01 1.666701158186531251e-01 7.065561927880514848e-01 7.313323801513430533e-01 9.403011103883729405e-01 7.411117999791735356e-01 8.441327705303247608e-01 2.697034556951178330e-01 4.092371080498345970e-01 3.262235778753037191e-02 7.100989585813719529e-01 1.518245908925990872e-01 4.303321258295966234e-01 7.853371275069168655e-01 2.680141958163050411e-02 2.766724818941277975e-01 9.602918822858904635e-01 4.086509894079771721e-01 1.911319731661690335e-01 2.578966430275638211e-01 8.359466213542094959e-01 8.570842347580684972e-01 2.251114282908140141e-01 1.143004675059749592e-01 1.024000000000000000e+03 -8.079999999999999716e+01
2.898169631252180412e-01 4.557299707576763503e-01 1.877094245903198622e-01 6.564236891717676325e-01 2.127824380849057673e-01 8.674712166928008061e-01 3.516020656518508702e-01 1.574576248882203489e-01 9.565478408325470694e-01 9.757131382873546199e-01 1.254485035278584126e-01 8.789468338299470940e-01 9.703641767638704341e-02 9.052744471140181659e-01 4.100811441571897698e-01 4.719766887188499016e-01 8.061740471702908417e-01 1.598780476097463321e-01 7.769206407844293505e-01 6.798688981950661292e-01 2.001083663616723685e-01 9.114287617059931845e-01 9.053559167874420943e-01 6.385383812205540632e-01 7.772790491510008781e-01 2.177024058544693164e-01 3.132157216926413912e-01 6.678927106531776792e-01 9.120932972046870424e-02 7.513477618625128418e-01 7.501939079077114547e-01 4.927720367351126063e-01 1.024000000000000000e+03 -8.492454545454545212e+01
2.433128654822614700e-01 1.613572959859432276e-01 7.385003418018025734e-01 3.757697318122791841e-01 2.813799751443606390e-01 4.186762791465121758e-01 2.443775298843667981e-02 3.122466845906058941e-01 5.157554920191022019e-01 2.658431714223401521e-01 9.995851130677085861e-01 4.418222714678428642e-01 4.466435517965173241e-01 6.760108410132015244e-01 1.570655775813974420e-01 1.872295043900369105e-01 5.302494792408581903e-01 7.699424837543551448e-01 9.993369430425915745e-01 3.668919420497809836e-01 2.372527699417436298e-01 5.329509538474809238e-01 6.480376006911093834e-01 9.867559081502325080e-01 8.287583468722762303e-01 3.310557269355941523e-01 3.882239914223497568e-01 5.523495750000572135e-01 7.189648413458219478e-01 8.174730243735159885e-01 9.366330592468573302e-02 5.346839207404562311e-01 1.024000000000000000e+03 -8.478181818181818130e+01
8.831449564362949811e-01 3.499899260358423914e-01 2.832159168948946704e-01 9.345159981836469454e-01 5.693625210524327906e-02 4.411694126899896595e-01 5.196027193407375400e-01 4.652622554495141061e-01 3.507599425483762801e-01 8.390450688605952667e-01 3.747653830389699459e-01 6.916943067838383641e-01 5.202471674109403477e-01 6.064952714159822511e-01 2.672132078377382203e-01 5.483970834290244900e-01 6.573851904572214355e-01 7.262660157683291651e-01 3.350703008479593015e-01 5.083311158775560834e-01 5.726820428074429203e-02 3.188781629054713851e-01 6.854903583359930330e-01 9.895586621195470722e-02 2.907602274202523152e-01 6.733157110590466399e-01 7.989008863621765988e-01 3.597138748507809625e-02 2.585914724858157654e-01 3.154587174877666045e-01 3.392333683790855203e-01 8.432089246874369115e-01 1.024000000000000000e+03 -8.340909090909090651e+01
8.793892795290891851e-02 6.660692807521562120e-01 1.401642583449635437e-01 2.390041117522518077e-01 6.572252248919113748e-01 1.338165372513434037e-01 2.274701337743870733e-01 4.794280197319517600e-01 9.800568229436204537e-02 1.286151810707845400e-01 5.183502124052510179e-02 5.675265506986935105e-01 7.422270561835965230e-01 1.982990352446671600e-02 2.827847125126898842e-01 2.074762961517231108e-01 2.749155668272916242e-01 3.879502587720543572e-01 1.295404812495946079e-01 8.577686050223096714e-01 7.994201299946059880e-01 6.719852342825071156e-01 1.672977511021868369e-01 9.331088666752345162e-01 2.550042852721407516e-01 4.964231455797962766e-01 1.094519677632152937e-01 3.440235219016247181e-01 5.218200890967273908e-01 4.501509775314359585e-01 7.116230049637336519e-01 9.824912874597524493e-01 1.024000000000000000e+03 -7.813363636363636999e+01
4.860923737723970087e-03 3.711873059278132381e-01 1.560699652274759874e-01 5.443488429947286322e-01 3.484424973443274176e-01 9.450115103360626767e-01 4.822517784556946685e-01 9.381946430434502382e-01 1.735364431222491122e-01 2.152442226594092622e-01 6.043929004755010936e-01 2.221356708224664356e-01 3.707371095280264650e-01 3.548509894680801358e-01 3.170932298222906009e-01 6.684412791084336225e-02 3.699531894627944850e-01 8.521155980605739089e-01 8.725883768529506535e-01 8.044082060734314421e-01 7.710864027989234870e-01 3.367316858016956016e-01 8.440200518569174193e-01 1.858182863473492596e-01 3.703920684406904473e-01 5.151608503314911713e-01 6.373848040491786326e-01 6.591411418060552085e-01 9.865030669237601080e-01 3.293455129886693755e-01 9.188532535015514480e-01 3.498149142599676215e-02 1.024000000000000000e+03 -8.523363636363636431e+01
1.866131312660327390e-01 1.022746525159715647e-01 8.963167492831899397e-01 4.936533570851387442e-01 9.908765875371191578e-01 4.992772895540517619e-01 8.246064861170663285e-01 8.946380128494464401e-01 6.941074119135320908e-01 6.509910461311870788e-01 2.122929041369267800e-01 1.355976561626370258e-01 2.330682584036159188e-01 2.869820777680843205e-01 3.404233566168281544e-01 6.413461399691304798e-01 3.112919061296924930e-02 4.084835295569987923e-01 6.923451720566475842e-01 1.721540252863323905e-02 6.023119857726739745e-01 6.109104015303429280e-01 6.248496422884830537e-01 5.059284602741381809e-01 9.120273983720098010e-02 2.934916834509036510e-01 4.160756245747820881e-01 2.428873237667177887e-01 9.564982005641764484e-01 5.052594219825211619e-01 5.885316614504444710e-02 9.743342477373380106e-01 1.024000000000000000e+03 -7.891818181818182154e+01
4.986548659511319537e-01 4.216461830256109100e-01 4.088538398802553653e-01 9.727167791802768804e-01 2.310870681925284442e-01 6.875863251920905084e-02 3.283128587575515622e-01 5.795016361814631090e-01 6.444243279576368222e-01 9.945472823030792053e-01 1.553824788319124461e-01 5.585556967426154040e-01 7.349066726253024040e-01 9.846706548755956856e-01 7.611064053323471912e-01 8.777732159247764177e-01 2.387483436651942348e-01 2.470978721097575326e-01 9.534555174963803975e-03 5.223528974384910040e-01 7.059062362661756573e-01 1.482773013697995246e-01 8.253265304252366263e-01 4.478521032970622096e-01 9.976949421034055909e-01 9.108601041812185439e-01 3.839383211839048626e-01 9.187791214124977346e-01 6.015854450088624628e-01 3.690972469991455479e-02 1.111148067478391205e-01 4.116329735590699146e-01 1.024000000000000000e+03 -8.290909090909090651e+01
9.328207206798069251e-01 3.983632143999884523e-01 7.598337586253975928e-01 4.548424504188546269e-01 1.328908035371182961e-01 3.895820694680035556e-01 8.064923593948807312e-01 6.879615323344836497e-01 2.325102614186061734e-01 8.431435720779033582e-01 7.209390272246655185e-01 1.039982488455781090e-01 4.374869510855326077e-02 8.561499874315098291e-01 6.342289059635138893e-01 3.513410659292451332e-01 5.029857863438711441e-01 7.834827704711265772e-01 5.834813881078568798e-01 6.425982367115046223e-02 2.799609224801076213e-01 6.794439825605698424e-02 1.481525593593761847e-01 7.658987738626810149e-01 1.008091318033584906e-02 7.739285674091903600e-01 3.323101729339706933e-01 5.753945391763897188e-01 1.798859481807259797e-01 4.605622186297387288e-01 2.515924069115623718e-01 5.496115840834083777e-01 1.024000000000000000e+03 -8.517272727272727195e+01
7.516064527458933275e-01 1.411763174098311924e-01 7.945187456630409262e-01 4.202880617089155835e-01 8.775013085342950880e-01 4.658361333209062316e-01 8.843473181128210792e-01 9.941961615479447678e-01 9.103904605921778748e-01 3.475800787208325193e-01 9.726069705110229613e-01 2.315847139941597244e-02 6.004707157735700296e-01 7.994970179794962384e-01 2.166072552878190241e-02 4.492691013475905160e-01 7.338598123592557920e-01 9.046654864132189777e-01 3.185786383847898917e-01 7.320358013281724752e-01 1.572761997792111455e-01 4.265513707995666204e-01 1.932466409448490297e-01 2.285552135135726637e-01 7.030969257609448464e-01 3.855947377961302380e-01 7.171942513673800201e-01 4.787629735213410620e-01 3.586893950787486962e-02 8.014427459639166251e-01 3.108366316556621101e-02 6.936910426007067976e-01 1.024000000000000000e+03 -8.150000000000000000e+01
8.961220308683212066e-01 2.302044814003543494e-01 7.808580961081638128e-01 3.452658675278143519e-01 5.340354991190082723e-01 8.159658425040658969e-01 1.976802800408440364e-01 4.531879003368753656e-02 2.163485724634383045e-01 1.627950606945870182e-02 4.372177807660037607e-01 3.917441423346899043e-01 7.003282401577265448e-01 3.813830214567753285e-01 6.681492841406392325e-01 9.218565758725216774e-02 3.200481827097864107e-01 8.922219307515777409e-01 4.624052310205601923e-01 2.712840521471709954e-01 9.982514824479792326e-01 3.031757514111845797e-01 2.473168577249583722e-01 9.613435743355365215e-01 6.124147282660637875e-02 1.587896386621512057e-01 4.531838119960899802e-01 3.922546243906592789e-01 2.817950378964546587e-01 1.154971058863612510e-01 8.421474737590822768e-01 5.397245467347077524e-02 1.024000000000000000e+03 -8.381181818181818244e+01
6.078625759861870648e-02 7.525096239911059914e-01 4.710874095423872587e-01 7.570220938308950265e-01 6.955947414423530040e-01 9.811214834302308674e-01 7.579505525594691928e-01 2.975873109820783013e-01 4.365819871494521776e-01 2.005462776167296901e-01 6.918115045636455962e-01 3.553189565219497803e-01 5.315024174860715211e-01 9.408839212156788756e-01 5.763535709672236163e-01 9.337941410122859720e-01 7.029854590836819295e-01 5.801488079550197741e-01 8.412076391938052566e-01 3.382745895594168606e-01 8.356603795532866474e-01 6.116062873872866665e-03 2.994966049694606780e-01 7.276712963176517057e-01 8.964834511484387480e-01 6.890929266856967716e-01 4.262445338495414737e-01 6.025229760086594499e-01 2.646316293661457597e-01 5.437583147952340656e-01 3.777026200441148118e-01 6.548104011532988045e-01 1.024000000000000000e+03 -8.728181818181818130e+01
6.635033417392857125e-01 9.638367405288954526e-01 4.418349306435170321e-01 2.647759689802522409e-01 5.929768067801586273e-01 6.875596648435533531e-01 1.780952614957660440e-01 8.689225833502585150e-01 3.234826217056174236e-01 6.302733303634114881e-01 3.989493537942201962e-01 2.984278239319030357e-01 6.472198513668105113e-02 1.201745486392082896e-01 1.197586846189480220e-01 7.882837231714321380e-01 1.453688492578810443e-01 6.916045618257669891e-02 5.344497158953691596e-01 7.618598749186834551e-01 1.116414913009862453e-01 9.686923642450271377e-01 2.242888866497967648e-01 7.486684013412454597e-01 8.651975984312857415e-01 3.930668508301938813e-01 4.719590170061112311e-02 3.840214684195071837e-01 5.440664453584046489e-01 1.552796391867468651e-01 8.912360898334583670e-01 2.176251622625682836e-01 1.024000000000000000e+03 -7.900000000000000000e+01
8.063208885134721948e-02 4.971502973814208026e-01 4.215728032098448042e-01 1.386310303890944395e-01 8.670503246085368154e-01 3.734754833795856377e-01 3.913515708748063759e-01 9.766797557663559060e-01 1.392570146995458502e-01 3.218142810038481655e-02 3.206465831697592472e-01 1.460800165668361683e-01 1.083837275990751081e-01 3.127886501755662296e-01 1.826720786003950270e-01 3.898226499710341075e-01 5.155384270936835822e-01 6.191985525843087812e-01 4.032196434214127545e-01 5.583387942119072411e-01 1.605010790662416420e-01 7.572346263130251831e-01 6.044295300682361177e-02 6.618745129942774641e-01 6.678479437755630022e-01 6.094510145435484867e-03 2.929482434297310811e-01 4.588923173672698197e-01 1.702602143496800557e-01 5.242273377946412571e-01 8.655717350928855414e-01 2.341245546421346913e-01 1.024000000000000000e+03 -8.469999999999998863e+01
4.251633582136700173e-01 5.471223195990178034e-01 5.964071435261403958e-02 9.978816681563322799e-01 8.431126422597166048e-01 6.071379659250832894e-01 8.599416196232185783e-01 7.120925902062232860e-01 7.153025866341174988e-01 3.683431541153699973e-01 5.091122149361664295e-01 5.386573217225846255e-01 6.316779904088828390e-01 1.749924282503850514e-01 8.013119992312076612e-01 3.215646470664447198e-01 5.518296281929691016e-01 4.990494778030216821e-02 2.758265959086782584e-02 3.792281827531998606e-01 3.325784435805860251e-01 8.154674788106470729e-01 8.065101439125029748e-01 6.294761495262527484e-01 3.267193848962834934e-01 2.065869916309487631e-01 9.680288692278150586e-01 4.341470587616515497e-01 5.616048316569866028e-01 9.847909782406653045e-01 4.848648908173932015e-01 7.897388730935053225e-01 1.024000000000000000e+03 -7.904272727272726229e+01
7.596499674414962655e-01 2.805344037415220537e-01 4.943260695950239536e-01 7.925761208773076660e-01 4.758776273572034032e-01 4.747770633085953706e-01 9.780268444679425244e-01 3.654520721828033447e-01 1.170197845392171726e-01 9.627520254048221870e-02 6.690660411572462163e-01 8.051548701475279568e-01 6.677278712863640164e-01 2.248732618211103929e-01 4.957690101910557368e-01 2.807433552267606380e-01 1.883716056206889309e-03 9.476435325708889579e-01 1.659196973842835543e-01 4.829540568517798338e-01 5.272631038496843336e-01 8.808085963830973864e-01 1.350746608836233820e-01 8.711068600380428295e-01 4.245314718979091295e-01 4.609874193646236740e-01 7.713037202028946160e-01 3.010919278652083309e-01 1.310738539059986829e-01 9.804324893087488224e-01 7.676297167267954746e-01 9.075683847663520432e-01 1.024000000000000000e+03 -8.083000000000001251e+01
9.183229704906008539e-01 7.727186595364037291e-01 8.179792738972126998e-01 8.545304724706368482e-01 5.597576013884146828e-01 9.529929176611913189e-01 6.058829377173595432e-02 8.042472632140685862e-01 8.690199334372787632e-02 8.208962205907373022e-01 7.408792754915602963e-01 2.857439904754530691e-01 7.959128474803813802e-01 9.994241121590451138e-02 8.157691148620368482e-01 8.141990358839279462e-01 4.628403437263973741e-01 1.508187988013335867e-01 5.251558543647680821e-01 4.640064976496234839e-01 6.270062786546801714e-01 3.688930115020512268e-01 7.374581210174155355e-02 9.278451294506890878e-01 1.944842395788733969e-01 4.349665325065959487e-01 7.706733343757454779e-02 5.147408614841522123e-01 5.026469662378942882e-01 9.104947093952305837e-01 9.750530572823769004e-01 3.309530925948303004e-01 1.024000000000000000e+03 -8.276363636363636545e+01
3.144650162694963558e-01 8.418219335075720344e-02 2.606406219227276888e-01 3.645659846487200317e-01 3.536439956789932948e-01 8.391076892428716016e-01 5.045387879412417398e-01 4.213407522346939160e-01 4.761885573276997130e-01 6.105781610769737133e-01 1.867817405336510417e-01 6.060727190711906465e-01 4.110832304929319947e-01 5.470270954327235424e-01 7.834061091657259501e-01 7.610525542944810429e-01 1.605604854386858682e-01 9.233884731440219484e-01 8.870091613516152274e-01 3.121338142729187526e-01 8.748306940127319464e-01 8.730214087950955992e-01 9.533644235137108680e-01 9.078749030852608648e-01 5.146085893920703258e-01 3.647263495397309319e-01 8.280757748194433887e-01 7.599075277471283030e-02 4.408032669660422176e-01 5.840238134650489465e-01 3.869691349031748606e-01 1.435303427110387053e-01 1.024000000000000000e+03 -8.338454545454546007e+01
5.909836149829276186e-01 3.618177060220495456e-01 3.198291847607871441e-01 4.822509905285146670e-01 4.566450321675464830e-01 9.226418013348922642e-01 9.073418300015427818e-01 3.379557872451071643e-01 5.992389778499368491e-01 7.876310029565646298e-01 5.056080335367977296e-01 8.560607020833607139e-01 8.261758047964515295e-02 7.596990452504585045e-01 7.073082336913797397e-01 9.608630575330222579e-01 8.118481415966382064e-01 4.738626388231341746e-01 9.433514719803121062e-01 1.951469102429681246e-01 7.863996500856570426e-01 1.075427592607564597e-01 8.797377044749834507e-01 4.756383108817752725e-01 4.670876193959904166e-01 9.812130155055717173e-01 8.301832066625299336e-03 9.318560245868279246e-01 3.092898456762034898e-01 3.497724979566645964e-01 4.965455208103157492e-02 3.707413933805610018e-01 1.024000000000000000e+03 -8.731818181818181301e+01
3.910851199314018811e-01 9.936428898178026881e-01 1.170370898056991293e-01 7.001969954744824420e-01 8.156463078232940866e-02 8.321974005742702185e-02 6.910646259381834078e-01 6.820413259166936415e-01 3.776346852080128547e-01 6.949286831253879138e-01 2.621905186458337034e-02 2.799992064491237387e-01 7.599103663265459607e-01 1.992782779973097662e-01 2.602410516684935948e-01 7.309905422133948782e-01 8.812687072917722020e-01 2.704704984548635394e-01 2.461483652851317039e-01 6.251683495580889760e-01 5.904155054203580333e-01 9.187695911121003256e-01 6.518794441371543735e-01 4.663946374583100574e-01 7.476502542740357526e-01 6.400229721075951783e-01 2.294180973279871527e-01 5.957977024610289218e-01 8.988549137392313204e-01 1.126800205594691816e-02 8.645789529844306875e-02 1.738497013200680508e-01 1.024000000000000000e+03 -8.231181818181818244e+01
6.444606114147723996e-01 8.252276231479276358e-01 9.317562006927690987e-01 8.165031048724490370e-01 1.922405642856993557e-01 5.660866119709030420e-01 4.662733299308450263e-01 5.948801731302798962e-02 3.015187036541535082e-01 4.019314253876717369e-01 2.441967302956957742e-01 4.677431112921191514e-01 7.749897018790491421e-01 4.946037295215932605e-01 9.655389738014822365e-01 9.084229969086196066e-01 6.329948479684626150e-01 8.118869735238135599e-01 3.767587741130327128e-01 6.851253297567183598e-01 4.961704109771364890e-01 2.004570868721098353e-01 3.543056523783481571e-01 3.639298092036022947e-01 9.349536396061511878e-01 8.780692237159583302e-02 6.041980558260755529e-01 5.386563677680620277e-01 2.342800518404263566e-01 7.216307051158203922e-01 9.845926005047220819e-01 9.491724382393209591e-01 1.024000000000000000e+03 -8.712454545454545496e+01
7.814303187906860293e-01 9.123134707315884162e-01 4.801399798270795105e-01 8.304488520320372213e-01 4.899496899165673575e-02 6.299674330952210743e-01 9.557396939177412731e-01 5.584329297899416344e-01 4.076835843296526818e-01 1.905312909503282803e-01 8.203703588430702465e-02 1.186903781047832923e-01 4.264259073883564510e-01 4.102232172175616642e-01 9.566805446445343364e-01 6.792367572873215797e-01 3.455481885242452922e-01 6.352719073327501853e-01 3.052724073635417756e-01 9.245928775784175713e-01 6.605636747324783453e-01 8.563395670543201277e-01 8.194162339392280225e-01 3.984461284721172447e-01 6.574753186914359393e-01 2.666015276687643265e-01 5.095811861990767744e-01 7.935020784388442383e-01 3.780604902388839950e-01 2.255750236547296728e-01 4.947395223794814889e-01 6.134378294744075033e-01 1.024000000000000000e+03 -8.384818181818182836e+01
9.996316778723961516e-01 2.220135170441421002e-01 9.185855743450327404e-01 1.118182405015782643e-01 9.545066100126888831e-01 9.957684054169134713e-01 5.310761929535841031e-01 3.298176369188105528e-01 5.871864727009384888e-01 4.237255803849134250e-01 3.102502060238651049e-01 1.683455569586083944e-01 3.434974320608892295e-01 2.478635234272044408e-01 2.430949037909375665e-01 1.208063185036090115e-01 9.591833817723676159e-01 7.081436645382716000e-01 7.555951328071331963e-01 2.925766907196110100e-01 2.662966279305159500e-02 5.183666535503653749e-01 6.051885282734184024e-01 5.751313088049839761e-01 3.133657085460457292e-01 7.483908196233328702e-01 5.061372031373921887e-01 8.707504805980058604e-01 5.357084230539607139e-01 6.262581103503344071e-01 6.136566513682538693e-01 1.375186306607627806e-01 1.024000000000000000e+03 -8.528454545454546576e+01
1.684790698198213033e-01 2.951779322290873364e-01 6.779006441363465418e-01 6.468619392854433325e-01 1.123383422165388501e-01 9.011937468961636055e-01 8.792768767035419319e-02 7.295725585579553307e-01 5.489717635077120406e-01 2.453347491654359058e-01 7.759381131292240052e-01 5.215485406010523795e-01 5.462522713686184250e-01 8.412782623647587776e-01 9.467259739470926805e-01 4.299973102264427194e-01 9.462176861065321187e-01 2.120211188045501016e-01 4.252368869106189497e-01 1.217702458450081737e-01 2.529338371240369421e-01 1.595293297014397371e-01 4.392972723302308036e-01 8.777452382728317959e-01 7.620974514171690029e-01 1.388011068668683345e-01 8.701743066367004786e-01 7.016402742541506532e-01 1.503343149595549877e-01 2.661762476849339754e-01 4.418004804802738161e-01 7.365949306845879230e-01 1.024000000000000000e+03 -8.710636363636363910e+01
5.677625972885947947e-01 7.353832164176413722e-01 5.988990433904094468e-01 1.582714267986808920e-01 3.131376524664316596e-01 2.833475363001349279e-01 4.344354559348295036e-03 7.526456138222545889e-01 2.694304925173847676e-01 4.886613911692826440e-01 4.867787862713617297e-01 9.836237515479444582e-01 7.037005799512002779e-01 5.109940149228301420e-01 3.717872853682275269e-01 4.830318996813230403e-01 7.571313604739302594e-01 5.010540522055532131e-01 5.486996051983915601e-01 2.464980063547696221e-01 8.524613144381729679e-01 4.443153125267043091e-01 5.469906070611763038e-01 6.081644329543355321e-01 5.474790876861740374e-01 6.178423097483787263e-01 9.178262355488657487e-02 1.870405172709423969e-01 9.237465332262767559e-01 6.886848190786296620e-01 6.887630203109217364e-01 7.499638171900662176e-01 1.024000000000000000e+03 -8.426636363636363569e+01
8.319846719651768918e-01 4.680017184523905249e-01 8.492600890457553398e-01 7.582752932829818493e-02 6.390215621299832893e-01 5.222803194440188701e-01 7.155147075476459007e-01 3.977983832151080756e-01 2.582193795244991930e-01 4.523485314831587195e-02 7.961593478615153208e-01 7.567786017015241118e-01 7.413629876896662627e-03 1.624100701629655266e-02 1.954613042902570430e-01 6.956294588012926772e-01 4.745237933628618232e-01 3.224526822343527499e-01 2.447908235422775469e-01 2.267236740502622805e-01 3.048201221931697291e-01 2.948409861449903802e-01 2.659376673546333114e-01 3.408644362775855585e-01 4.870538756795760871e-01 8.150774489132014411e-01 4.667860431355833062e-01 1.522930164647868234e-01 1.941850757592041843e-01 9.436389109777787443e-01 8.187311601441391584e-01 7.160963453148753155e-01 1.024000000000000000e+03 -8.296363636363636829e+01
3.339058420951572792e-01 8.692259903238231944e-01 5.705836757233948564e-01 7.246628179634858613e-01 8.850234258027610268e-02 3.420283160110568765e-01 6.376748342800485636e-01 1.230566942280022086e-01 7.238437915783949572e-01 9.479539328893965555e-01 5.584629054454868236e-01 4.128764899976202218e-01 4.032367873035138106e-01 2.667361669364349819e-01 4.472668949536806049e-01 6.314668871152125940e-01 9.130760233883454813e-01 4.482933524929355595e-01 9.406386862146833006e-02 8.950623908620548574e-01 7.676610516236494035e-03 7.036990984962069318e-01 9.837594848641051382e-01 3.258803431726211008e-01 8.851731420109862913e-01 8.014142537266276678e-01 7.341081617688298699e-01 3.547227537607257619e-01 2.122256970984313373e-01 4.765223673692907114e-01 1.410288506285675425e-01 8.837516503470774776e-01 1.024000000000000000e+03 -8.444272727272726797e+01
2.165645970845366530e-01 1.088432088665702568e-01 9.730902280033423279e-01 7.189641187041968529e-01 7.383324488723175261e-01 7.962324768027670974e-01 7.275396016446851188e-01 2.379008430727371989e-02 3.350015970045858854e-02 2.576705220224622117e-01 6.636209861914666996e-01 9.218150156505464654e-01 3.203499431005289999e-01 8.239086863117415227e-01 6.554180975243213414e-01 9.283011088691842660e-01 4.219520716445648856e-01 8.366042626727696607e-01 4.110168305246485465e-01 7.163766456329998533e-01 7.499291275313110239e-01 1.841045228316454674e-01 7.423771037628501546e-01 7.184178341687290636e-01 2.359664674881425950e-02 3.150101748001680191e-01 6.850166296952100442e-01 6.244197799178947683e-01 6.821285808355085356e-01 2.914479426887882085e-01 2.989876424504064323e-01 8.670289350650293159e-01 1.024000000000000000e+03 -8.492090909090909179e+01
6.204141686062184524e-01 6.382007416148541279e-02 6.656218353560152678e-01 1.012313196670965032e-01 9.076207591804618113e-01 8.583192223328499626e-01 6.562838398476265045e-01 1.039411286360363007e-02 9.923090234915661334e-01 7.985354186625954753e-01 5.935884247216365317e-01 9.505632413136571035e-01 2.136895296517271337e-01 6.967535570460402505e-01 7.477150337517078915e-01 2.380646887986067328e-01 7.556996667308109317e-02 3.001273924942105542e-01 3.602871209756898785e-01 3.241664926444013384e-01 8.839390180022119736e-01 7.485573275007744165e-01 1.903287548699323928e-01 3.697516212360945631e-01 4.955085685233222015e-01 6.084128238861535865e-01 5.796486891942328468e-01 9.655048353977258024e-01 3.353713419639069437e-01 1.605819759231549848e-01 4.267145113199674600e-01 8.035924569687452612e-02 1.024000000000000000e+03 -8.153909090909091617e+01
6.067486068336142013e-01 2.459695192785833207e-01 2.194953138025858008e-01 2.193224310759793183e-01 6.267228311571892974e-01 3.664350489272648614e-01 1.243296167884743592e-01 1.841607870836682592e-01 5.670351017581913844e-01 6.997020623250817251e-02 5.325502819344305472e-01 9.346499288600171873e-01 8.924976703824477609e-01 1.498854182650385669e-01 8.865087731831892137e-01 7.162537262295282092e-01 1.809849448511639536e-01 3.386554886304384282e-01 2.668171266588583168e-01 1.014882553734476889e-01 4.750350943283873084e-01 7.662701745010071230e-02 3.354661874227030660e-01 6.813156221691502035e-02 8.214017998136846632e-01 4.461921868943182212e-01 3.679200588725864418e-01 1.268144328675609167e-01 1.389956381022823366e-02 5.464449017069644698e-01 1.159826890235171604e-02 8.280022088475852415e-01 1.024000000000000000e+03 -8.306999999999999318e+01
8.733372113310479135e-01 6.894517518780330922e-01 7.009510801783871425e-01 2.928254520332750077e-02 1.055055853697513604e-02 2.305507922165258572e-01 2.347281885602474916e-01 3.852966972627305808e-01 8.155134741790490693e-01 9.397304752053300403e-01 4.540778130675264812e-01 7.845857663895493550e-01 8.534001779329453141e-01 4.322452694603474144e-01 5.929568075991108467e-01 9.878176581424703562e-01 2.270113433828012672e-01 9.801433529925206445e-01 1.944118599132164948e-01 8.893403123037485480e-01 3.914056699775736448e-01 9.328573728437115076e-01 3.208910006161367900e-01 1.709198507599249128e-01 1.293069551040319509e-01 8.847071714111387486e-01 8.957988122493047989e-01 8.416398426082259965e-01 7.821466399792628144e-01 5.975085514851269375e-01 9.392741751810492756e-01 6.317884302205222236e-01 1.024000000000000000e+03 -8.400636363636363058e+01
0.000000000000000000e+00 0.000000000000000000e+00 0.000000000000000000e+00 5.155627529063699921e-01 0.000000000000000000e+00 7.595848238623582604e-01 0.000000000000000000e+00 0.000000000000000000e+00 0.000000000000000000e+00 0.000000000000000000e+00 5.062506282499586695e-03 0.000000000000000000e+00 0.000000000000000000e+00 0.000000000000000000e+00 4.581787414958654048e-01 1.288746091442283803e-01 1.365946230232845393e-01 9.539903112385189621e-01 0.000000000000000000e+00 0.000000000000000000e+00 2.114176503919618089e-01 0.000000000000000000e+00 3.961257421332187167e-01 8.631518347852632500e-01 1.000000000000000000e+00 1.826112467645467363e-01 0.000000000000000000e+00 5.714450045389889304e-06 0.000000000000000000e+00 3.856103666640295913e-01 0.000000000000000000e+00 0.000000000000000000e+00 1.024000000000000000e+03 -5.511545454545453282e+01
0.000000000000000000e+00 3.354753832997284493e-07 2.780890307021373353e-02 0.000000000000000000e+00 0.000000000000000000e+00 5.530960623370570484e-02 7.214069152866635637e-01 1.499368174659542266e-02 7.428618916377535131e-01 3.042024908562216967e-01 8.582027672639108706e-01 1.371469798797289238e-02 1.028924470933529484e-01 1.452522093357353732e-06 1.032991796886389731e-05 9.999971561460165859e-01 1.000000000000000000e+00 9.886702506395445011e-01 9.757165279596127436e-03 2.709355782151706138e-01 1.794034356838122846e-01 0.000000000000000000e+00 5.944427049234739073e-04 1.000000000000000000e+00 3.045921659217348254e-01 1.131784646753370909e-05 0.000000000000000000e+00 3.350934809935954828e-01 0.000000000000000000e+00 2.670048292921911037e-01 3.708471204066942639e-01 0.000000000000000000e+00 1.024000000000000000e+03 -7.587545454545454504e+01
0.000000000000000000e+00 0.000000000000000000e+00 5.037021726141666100e-01 9.096803311118967228e-01 0.000000000000000000e+00 1.000000000000000000e+00 1.000000000000000000e+00 0.000000000000000000e+00 0.000000000000000000e+00 0.000000000000000000e+00 5.477245547778939599e-02 0.000000000000000000e+00 0.000000000000000000e+00 0.000000000000000000e+00 9.062904574756683873e-01 8.668901430177469941e-06 2.287544522809153991e-01 1.000000000000000000e+00 5.955713186428525895e-03 2.060862205982934986e-02 5.913028244567295477e-01 0.000000000000000000e+00 7.817616128927948882e-01 1.000000000000000000e+00 6.869821809930118919e-06 6.423769581136831164e-01 5.888715143257660387e-04 0.000000000000000000e+00 7.113513683596569754e-09 0.000000000000000000e+00 1.000000000000000000e+00 3.383206890045996397e-08 1.024000000000000000e+03 -5.309363636363637085e+01
0.000000000000000000e+00 0.000000000000000000e+00 8.790634652891535783e-01 0.000000000000000000e+00 0.000000000000000000e+00 1.000000000000000000e+00 0.000000000000000000e+00 0.000000000000000000e+00 1.000000000000000000e+00 0.000000000000000000e+00 1.000000000000000000e+00 7.160639648055173723e-01 0.000000000000000000e+00 2.731725565226965358e-02 1.000000000000000000e+00 1.000000000000000000e+00 1.000000000000000000e+00 1.000000000000000000e+00 0.000000000000000000e+00 4.734511338632025473e-03 1.000000000000000000e+00 4.186867257898844175e-01 1.298443495529010283e-01 4.401350758139108699e-01 1.000000000000000000e+00 9.135770615133791406e-01 4.035022124636433727e-01 3.138526633364892571e-01 0.000000000000000000e+00 0.000000000000000000e+00 8.016518096790155312e-02 0.000000000000000000e+00 1.024000000000000000e+03 -8.770000000000000284e+01
0.000000000000000000e+00 8.175327678185844160e-01 0.000000000000000000e+00 0.000000000000000000e+00 0.000000000000000000e+00 1.000000000000000000e+00 0.000000000000000000e+00 3.253325158815233986e-01 0.000000000000000000e+00 0.000000000000000000e+00 1.000000000000000000e+00 0.000000000000000000e+00 0.000000000000000000e+00 3.683669158480055161e-01 1.000000000000000000e+00 8.162492766745361727e-01 1.000000000000000000e+00 0.000000000000000000e+00 0.000000000000000000e+00 0.000000000000000000e+00 1.000000000000000000e+00 0.000000000000000000e+00 1.000000000000000000e+00 1.000000000000000000e+00 1.000000000000000000e+00 0.000000000000000000e+00 0.000000000000000000e+00 1.000000000000000000e+00 0.000000000000000000e+00 0.000000000000000000e+00 7.759879838188600554e-02 8.543919008324856179e-01 1.024000000000000000e+03 -7.959363636363636374e+01
1.288363124759684623e-03 0.000000000000000000e+00 1.522421584196875051e-03 0.000000000000000000e+00 0.000000000000000000e+00 1.000000000000000000e+00 0.000000000000000000e+00 0.000000000000000000e+00 1.000000000000000000e+00 0.000000000000000000e+00 1.000000000000000000e+00 5.564533490400890292e-01 1.280460647042513667e-01 7.783697830615486923e-01 1.535887291704529367e-01 8.932554738148543727e-01 0.000000000000000000e+00 1.000000000000000000e+00 0.000000000000000000e+00 0.000000000000000000e+00 1.000000000000000000e+00 0.000000000000000000e+00 9.999998250168249392e-01 7.017243963767215709e-01 6.833494424072446283e-03 0.000000000000000000e+00 1.050481984786849262e-07 1.000000000000000000e+00 0.000000000000000000e+00 2.075102404115128085e-01 2.613139943773116203e-01 0.000000000000000000e+00 1.024000000000000000e+03 -7.669090909090908781e+01
0.000000000000000000e+00 1.522448905056345281e-01 0.000000000000000000e+00 0.000000000000000000e+00 0.000000000000000000e+00 4.466464976079849158e-01 3.221190476978646436e-04 2.178259054703857167e-02 0.000000000000000000e+00 0.000000000000000000e+00 7.393978059967311334e-02 4.472058980803368177e-06 4.671763982474131521e-02 0.000000000000000000e+00 1.000000000000000000e+00 1.000000000000000000e+00 2.635065401161078569e-01 8.309886982272929323e-01 0.000000000000000000e+00 0.000000000000000000e+00 9.959299585043440706e-01 0.000000000000000000e+00 5.137842907388259217e-01 3.957599849691210148e-01 4.709511132196531613e-01 9.368518381270565798e-02 1.679154897637463451e-01 0.000000000000000000e+00 0.000000000000000000e+00 0.000000000000000000e+00 0.000000000000000000e+00 0.000000000000000000e+00 1.024000000000000000e+03 -7.127272727272726627e+01
0.000000000000000000e+00 0.000000000000000000e+00 8.120289070458884817e-01 0.000000000000000000e+00 0.000000000000000000e+00 3.465239418675733485e-01 0.000000000000000000e+00 9.499525874621931321e-01 5.490802432849085646e-01 2.863485902733732200e-02 9.759799814601533008e-01 0.000000000000000000e+00 0.000000000000000000e+00 1.177224286559170642e-03 1.000000000000000000e+00 9.620933061958830690e-01 1.000000000000000000e+00 9.577568904571992503e-01 9.883282155357577675e-03 0.000000000000000000e+00 8.990744223825361536e-02 0.000000000000000000e+00 9.998192414254313265e-01 7.981101713282359178e-01 9.991434244114185681e-01 3.482658333384416015e-03 3.177377568157193632e-01 1.544815930851305696e-01 6.906995332413909795e-05 0.000000000000000000e+00 1.225358277478044849e-01 0.000000000000000000e+00 1.024000000000000000e+03 -8.704818181818181699e+01
0.000000000000000000e+00 0.000000000000000000e+00 3.026991517554250555e-02 0.000000000000000000e+00 0.000000000000000000e+00 0.000000000000000000e+00 0.000000000000000000e+00 3.421950995862020877e-03 4.885512571868150244e-01 1.501408179252184186e-02 7.013580748611962790e-01 3.694031578273736516e-01 0.000000000000000000e+00 0.000000000000000000e+00 0.000000000000000000e+00 0.000000000000000000e+00 0.000000000000000000e+00 0.000000000000000000e+00 0.000000000000000000e+00 2.389402809163804903e-02 2.259369030377156862e-01 0.000000000000000000e+00 3.052494730446989046e-01 0.000000000000000000e+00 0.000000000000000000e+00 0.000000000000000000e+00 0.000000000000000000e+00 0.000000000000000000e+00 1.825405243650702058e-01 0.000000000000000000e+00 0.000000000000000000e+00 0.000000000000000000e+00 1.024000000000000000e+03 -1.127272727272727204e+00
0.000000000000000000e+00 3.121668825811885761e-01 0.000000000000000000e+00 0.000000000000000000e+00 0.000000000000000000e+00 8.015705659324150190e-02 0.000000000000000000e+00 0.000000000000000000e+00 0.000000000000000000e+00 0.000000000000000000e+00 1.774983742979734658e-01 6.924381020943681797e-01 0.000000000000000000e+00 0.000000000000000000e+00 0.000000000000000000e+00 0.000000000000000000e+00 7.463751614519166244e-01 0.000000000000000000e+00 5.017962951641598800e-03 0.000000000000000000e+00 3.238353230145971096e-01 0.000000000000000000e+00 4.178147062263328770e-01 7.460046447213003473e-01 4.672234102644777787e-01 0.000000000000000000e+00 0.000000000000000000e+00 2.248372918279179788e-01 0.000000000000000000e+00 5.332095301796092590e-01 0.000000000000000000e+00 0.000000000000000000e+00 1.024000000000000000e+03 -5.066363636363635692e+01
0.000000000000000000e+00 2.973139157045166514e-01 9.428790386180121996e-02 0.000000000000000000e+00 8.962919601895279198e-02 1.661273203120784692e-02 1.796274359463358947e-05 0.000000000000000000e+00 0.000000000000000000e+00 0.000000000000000000e+00 0.000000000000000000e+00 0.000000000000000000e+00 8.705058162502314623e-02 8.235558134658037543e-01 2.693635150723868495e-03 1.976917701094627403e-02 0.000000000000000000e+00 1.408565233570445996e-01 2.601698271106972493e-01 0.000000000000000000e+00 7.635814452943984719e-03 0.000000000000000000e+00 1.866500790930347362e-02 0.000000000000000000e+00 1.000000000000000000e+00 6.146123889097218074e-01 3.687577761642327895e-02 0.000000000000000000e+00 0.000000000000000000e+00 0.000000000000000000e+00 0.000000000000000000e+00 0.000000000000000000e+00 1.024000000000000000e+03 -5.607545454545454788e+01
0.000000000000000000e+00 0.000000000000000000e+00 0.000000000000000000e+00 0.000000000000000000e+00 2.880041315031713345e-01 1.000000000000000000e+00 3.403884483504129310e-01 0.000000000000000000e+00 8.271779139977931683e-01 0.000000000000000000e+00 0.000000000000000000e+00 3.067097165328728225e-01 0.000000000000000000e+00 0.000000000000000000e+00 3.768865101546579481e-05 5.980114754617164158e-02 5.891996425218012368e-01 4.937966268192579555e-01 0.000000000000000000e+00 0.000000000000000000e+00 0.000000000000000000e+00 0.000000000000000000e+00 9.968605240790331390e-01 0.000000000000000000e+00 8.417430773642911035e-01 0.000000000000000000e+00 2.203465255923830191e-01 3.272332036409746348e-01 0.000000000000000000e+00 0.000000000000000000e+00 0.000000000000000000e+00 0.000000000000000000e+00 1.024000000000000000e+03 -6.168818181818181046e+01
2.281411190967486948e-04 4.267120005527941795e-01 8.135587802901451671e-01 0.000000000000000000e+00 6.134257330384993434e-01 9.970660204628892798e-01 0.000000000000000000e+00 1.820302073917746610e-06 5.167606575225627275e-01 1.129294338476815804e-02 9.355398263021318384e-01 6.077070924612105740e-01 3.755364065745483498e-08 0.000000000000000000e+00 7.026623792866546481e-01 1.000000000000000000e+00 1.000000000000000000e+00 1.000000000000000000e+00 6.057576239321749850e-02 0.000000000000000000e+00 1.000000000000000000e+00 6.909451252796380838e-02 9.035674734592242796e-01 8.364802611679071909e-01 6.171497375736835211e-01 0.000000000000000000e+00 2.522890185551980233e-02 5.676757332629707442e-02 0.000000000000000000e+00 2.564856819283252432e-02 1.624993406423785175e-03 0.000000000000000000e+00 1.024000000000000000e+03 -8.281545454545454277e+01
0.000000000000000000e+00 0.000000000000000000e+00 0.000000000000000000e+00 0.000000000000000000e+00 0.000000000000000000e+00 8.466951575162060539e-01 4.858465097941234295e-02 2.485943676614020201e-02 7.974151400961117893e-04 2.064520526007987064e-02 9.657622418140464626e-01 1.383391334273545714e-01 0.000000000000000000e+00 6.223445917831207375e-01 8.463061127882015588e-01 6.231345555963656579e-01 8.836430885782795563e-01 1.916078350986775702e-01 0.000000000000000000e+00 0.000000000000000000e+00 0.000000000000000000e+00 0.000000000000000000e+00 0.000000000000000000e+00 9.842520737724119728e-01 0.000000000000000000e+00 3.117006864050417964e-02 0.000000000000000000e+00 1.000000000000000000e+00 0.000000000000000000e+00 0.000000000000000000e+00 1.993722434301393454e-01 0.000000000000000000e+00 1.024000000000000000e+03 -8.258454545454544871e+01
1.724760009917798362e-02 0.000000000000000000e+00 0.000000000000000000e+00 0.000000000000000000e+00 0.000000000000000000e+00 3.454471027786456538e-01 0.000000000000000000e+00 1.280621703908562670e-01 0.000000000000000000e+00 0.000000000000000000e+00 0.000000000000000000e+00 0.000000000000000000e+00 5.305472604293087887e-04 5.276588054878735151e-07 0.000000000000000000e+00 1.626902951574089318e-01 3.126951000248144319e-01 0.000000000000000000e+00 4.854676213793001072e-01 0.000000000000000000e+00 5.700979999728554848e-01 0.000000000000000000e+00 9.936062722818757020e-01 0.000000000000000000e+00 1.842562952035696131e-02 0.000000000000000000e+00 2.525212173640868918e-01 1.695447941372236200e-01 0.000000000000000000e+00 0.000000000000000000e+00 0.000000000000000000e+00 8.534657721673201414e-02 1.024000000000000000e+03 -5.278181818181818130e+01
0.000000000000000000e+00 7.446900624661031975e-02 9.975420777769985481e-01 0.000000000000000000e+00 0.000000000000000000e+00 1.000000000000000000e+00 1.433170702405134889e-01 0.000000000000000000e+00 0.000000000000000000e+00 0.000000000000000000e+00 5.700069416011673828e-01 7.081384843593594436e-01 0.000000000000000000e+00 0.000000000000000000e+00 2.237061243924623744e-01 8.321948593346621958e-01 0.000000000000000000e+00 4.066981434516070415e-02 0.000000000000000000e+00 8.934369148508801775e-03 4.599365289721946137e-01 0.000000000000000000e+00 0.000000000000000000e+00 0.000000000000000000e+00 7.366092359309096560e-01 5.145135684222433385e-03 5.141835389566031811e-01 0.000000000000000000e+00 3.916313308397680881e-01 1.017889062750138539e-02 5.105447412001922619e-02 0.000000000000000000e+00 1.024000000000000000e+03 -6.483909090909091333e+01
0.000000000000000000e+00 0.000000000000000000e+00 9.982503896556015333e-01 2.898580825845182285e-01 5.981650632603987411e-02 8.086799444274052062e-01 0.000000000000000000e+00 0.000000000000000000e+00 7.108752250308206233e-02 0.000000000000000000e+00 1.000000000000000000e+00 1.905988388141459378e-02 0.000000000000000000e+00 0.000000000000000000e+00 8.318287176664513893e-01 0.000000000000000000e+00 1.000000000000000000e+00 1.000000000000000000e+00 0.000000000000000000e+00 0.000000000000000000e+00 0.000000000000000000e+00 0.000000000000000000e+00 1.000000000000000000e+00 0.000000000000000000e+00 0.000000000000000000e+00 0.000000000000000000e+00 0.000000000000000000e+00 1.000000000000000000e+00 0.000000000000000000e+00 0.000000000000000000e+00 0.000000000000000000e+00 0.000000000000000000e+00 1.024000000000000000e+03 -6.990636363636362205e+01
0.000000000000000000e+00 0.000000000000000000e+00 8.883597971750104016e-02 0.000000000000000000e+00 0.000000000000000000e+00 2.847100645135302102e-02 1.197950645964674472e-03 5.894116782639242068e-03 0.000000000000000000e+00 0.000000000000000000e+00 5.480217634880674149e-01 7.827934279508693693e-01 3.629864886604756702e-01 0.000000000000000000e+00 1.000000000000000000e+00 1.000000000000000000e+00 1.000000000000000000e+00 4.877414729724905418e-01 0.000000000000000000e+00 2.255640853873187596e-03 9.212424723810247462e-01 2.165149190168043358e-02 9.242078443992645109e-01 2.219731975821601366e-01 9.180278976646299993e-01 3.402822475051724416e-01 1.333762598600869188e-02 5.630499824012410448e-01 6.024429198201763230e-02 2.190040514967664307e-10 3.986515268046553762e-01 0.000000000000000000e+00 1.024000000000000000e+03 -8.221181818181818812e+01
4.810755674316679470e-02 0.000000000000000000e+00 2.487165220765462370e-01 0.000000000000000000e+00 3.905040622913689280e-02 0.000000000000000000e+00 7.335437509173996229e-02 0.000000000000000000e+00 0.000000000000000000e+00 0.000000000000000000e+00 4.640384204647794442e-01 1.089557822833096693e-03 1.683474468271749513e-01 3.102295266212856673e-02 3.795405577509549100e-01 3.065597934344903019e-01 6.408583375146787997e-01 1.851496795803782569e-01 2.670304272442828863e-01 0.000000000000000000e+00 0.000000000000000000e+00 0.000000000000000000e+00 2.159096900426898946e-01 3.827405583940179934e-02 0.000000000000000000e+00 0.000000000000000000e+00 8.108150009265960995e-03 1.466083348509936157e-04 5.233465909511452775e-03 5.277198205436039145e-03 0.000000000000000000e+00 1.733802657416114168e-02 1.024000000000000000e+03 -6.922454545454544927e+01
3.319078084218374507e-03 7.282243681313222492e-07 5.937351901250960129e-01 0.000000000000000000e+00 0.000000000000000000e+00 1.102564318949257735e-03 2.363148463166026558e-01 0.000000000000000000e+00 6.846248819583394818e-01 0.000000000000000000e+00 0.000000000000000000e+00 1.571579429527075080e-06 0.000000000000000000e+00 1.037943441544404155e-01 3.174166960235336732e-01 9.448164014229925023e-01 0.000000000000000000e+00 1.943694883278237378e-03 0.000000000000000000e+00 0.000000000000000000e+00 2.485611224524839676e-03 0.000000000000000000e+00 0.000000000000000000e+00 2.430616619436537229e-01 1.891112652287590123e-01 0.000000000000000000e+00 2.120411388849748335e-01 9.729113285676070644e-02 6.251537773886742765e-05 1.157921746807249047e-01 1.965057269559106201e-01 6.756258589217319262e-03 1.024000000000000000e+03 -6.894545454545453822e+01
6.862986600914848002e-03 3.112276996701983031e-02 2.272821028961208023e-01 5.105545508526275755e-01 0.000000000000000000e+00 2.575789221282691610e-01 1.141577754408995462e-04 0.000000000000000000e+00 2.408874795845176650e-02 0.000000000000000000e+00 9.529046363676169085e-02 0.000000000000000000e+00 1.505759761526939168e-02 0.000000000000000000e+00 1.020655126997585121e-01 1.063558724216264462e-01 2.375042085201198305e-02 1.867963880422170153e-01 0.000000000000000000e+00 0.000000000000000000e+00 1.611166556103317826e-01 3.513633482829035121e-02 5.306160270972353210e-01 9.893789388585981781e-01 6.366804741275715503e-04 1.923272269198045836e-01 0.000000000000000000e+00 1.000000000000000000e+00 0.000000000000000000e+00 0.000000000000000000e+00 0.000000000000000000e+00 0.000000000000000000e+00 1.024000000000000000e+03 -7.195454545454545325e+01
0.000000000000000000e+00 0.000000000000000000e+00 1.452860422370300941e-01 0.000000000000000000e+00 0.000000000000000000e+00 7.082130222825052668e-01 0.000000000000000000e+00 0.000000000000000000e+00 0.000000000000000000e+00 0.000000000000000000e+00 1.000000000000000000e+00 0.000000000000000000e+00 0.000000000000000000e+00 0.000000000000000000e+00 0.000000000000000000e+00 9.200173846477077699e-01 1.000000000000000000e+00 1.000000000000000000e+00 1.022408883278104613e-01 2.797425256387124398e-04 9.496219801794053561e-01 0.000000000000000000e+00 1.128465373046477760e-01 0.000000000000000000e+00 1.653271322578671451e-04 2.554959562886073843e-01 9.137086467713625981e-02 1.420620824341434392e-02 1.528885481575175363e-02 4.225657410231992150e-02 1.019314738009146626e-01 2.262791537398166353e-02 1.024000000000000000e+03 -7.023909090909091901e+01
0.000000000000000000e+00 0.000000000000000000e+00 0.000000000000000000e+00 0.000000000000000000e+00 3.708830753625955866e-09 0.000000000000000000e+00 9.626441683263540217e-01 3.985431660387355191e-01 1.111114360274724064e-10 3.256426012440674016e-04 0.000000000000000000e+00 1.457531039459445885e-03 0.000000000000000000e+00 0.000000000000000000e+00 9.253305944527350224e-01 8.717350632452771642e-01 0.000000000000000000e+00 0.000000000000000000e+00 0.000000000000000000e+00 2.036837805253662731e-02 1.000000000000000000e+00 0.000000000000000000e+00 0.000000000000000000e+00 7.436800932231174555e-02 9.776652580819612526e-01 2.725287548619069189e-01 9.431889777786509835e-06 2.539720460362407950e-01 0.000000000000000000e+00 5.050275491547793093e-10 0.000000000000000000e+00 0.000000000000000000e+00 1.024000000000000000e+03 -4.000909090909090793e+01
4.006186352823719202e-05 0.000000000000000000e+00 3.013571457673579479e-01 0.000000000000000000e+00 0.000000000000000000e+00 0.000000000000000000e+00 1.702950337172191853e-01 6.861730369291561826e-02 0.000000000000000000e+00 0.000000000000000000e+00 0.000000000000000000e+00 6.392528868850790857e-01 0.000000000000000000e+00 0.000000000000000000e+00 2.796770321100623957e-01 0.000000000000000000e+00 0.000000000000000000e+00 0.000000000000000000e+00 4.095904036994704733e-02 0.000000000000000000e+00 7.959992046903915624e-06 0.000000000000000000e+00 0.000000000000000000e+00 3.426859442778080328e-02 1.116262308688982380e-01 0.000000000000000000e+00 0.000000000000000000e+00 6.898272409145178585e-02 0.000000000000000000e+00 0.000000000000000000e+00 0.000000000000000000e+00 0.000000000000000000e+00 1.024000000000000000e+03 -1.691818181818181799e+01
0.000000000000000000e+00 0.000000000000000000e+00 7.370870229845351805e-03 0.000000000000000000e+00 0.000000000000000000e+00 0.000000000000000000e+00 0.000000000000000000e+00 0.000000000000000000e+00 0.000000000000000000e+00 0.000000000000000000e+00 0.000000000000000000e+00 5.502132599321646333e-01 0.000000000000000000e+00 2.921488949733117013e-01 6.074511148185358644e-01 1.000000000000000000e+00 1.803879759181313547e-01 1.199679089597853604e-01 0.000000000000000000e+00 2.859205734552672795e-01 1.577826046575949229e-02 0.000000000000000000e+00 0.000000000000000000e+00 4.153704825008635027e-01 3.051814995902985550e-01 5.455317725681466112e-02 0.000000000000000000e+00 0.000000000000000000e+00 0.000000000000000000e+00 0.000000000000000000e+00 4.030235939695146485e-01 2.491878644160551715e-01 1.024000000000000000e+03 -5.856636363636363996e+01
2.027738498895229058e-01 0.000000000000000000e+00 5.774077227356289033e-01 1.867980586744457912e-03 0.000000000000000000e+00 2.046653549120234783e-01 0.000000000000000000e+00 4.678773723499990433e-02 2.001094280152819135e-02 1.664192564915782380e-01 4.953009851411645514e-01 6.234459406089601918e-01 0.000000000000000000e+00 0.000000000000000000e+00 0.000000000000000000e+00 0.000000000000000000e+00 2.994506286342565215e-05 5.214311255206416362e-01 0.000000000000000000e+00 0.000000000000000000e+00 7.854129563573772899e-01 0.000000000000000000e+00 2.546188963313189002e-01 6.824781324129602922e-01 0.000000000000000000e+00 0.000000000000000000e+00 0.000000000000000000e+00 0.000000000000000000e+00 0.000000000000000000e+00 0.000000000000000000e+00 2.669970255509060419e-01 0.000000000000000000e+00 1.024000000000000000e+03 -6.299999999999999822e+00
0.000000000000000000e+00 0.000000000000000000e+00 1.117911411070130617e-01 0.000000000000000000e+00 0.000000000000000000e+00 1.000000000000000000e+00 0.000000000000000000e+00 1.617431255728813896e-02 1.000000000000000000e+00 0.000000000000000000e+00 2.192517275956794298e-01 0.000000000000000000e+00 5.247069743065679165e-02 0.000000000000000000e+00 0.000000000000000000e+00 9.926756801046157097e-01 3.941380099568173589e-01 0.000000000000000000e+00 0.000000000000000000e+00 2.088364880112871524e-01 3.471138827865006826e-01 0.000000000000000000e+00 1.000000000000000000e+00 4.345070842845026871e-01 3.852216427801297138e-01 4.856656974095190926e-01 0.000000000000000000e+00 8.647356662752671008e-01 0.000000000000000000e+00 0.000000000000000000e+00 0.000000000000000000e+00 0.000000000000000000e+00 1.024000000000000000e+03 -7.297909090909091390e+01
0.000000000000000000e+00 1.000000000000000000e+00 5.796946538306423785e-02 0.000000000000000000e+00 0.000000000000000000e+00 2.565845184204068857e-03 3.421395926995219466e-02 4.600026244423883193e-01 0.000000000000000000e+00 0.000000000000000000e+00 4.727390272168197072e-01 1.184487134205006523e-02 0.000000000000000000e+00 1.012579553554792251e-04 2.030555016836181892e-01 2.383162515282884249e-05 5.561328472782437471e-01 7.366339634715777240e-01 0.000000000000000000e+00 6.601869474132630519e-03 7.905625252938277558e-01 0.000000000000000000e+00 1.826459288745467258e-01 2.075998272671347178e-01 1.099564774888245194e-01 0.000000000000000000e+00 1.212593944667269447e-05 2.878669308212420952e-01 0.000000000000000000e+00 0.000000000000000000e+00 8.442673460226282067e-01 0.000000000000000000e+00 1.024000000000000000e+03 -7.261818181818181017e+01
0.000000000000000000e+00 0.000000000000000000e+00 0.000000000000000000e+00 2.768683851945490104e-02 0.000000000000000000e+00 4.097170031697407455e-01 0.000000000000000000e+00 0.000000000000000000e+00 9.980944450362914111e-01 9.423823053128263516e-02 9.880219644214388586e-01 1.472160828414480205e-01 0.000000000000000000e+00 5.812994358788667881e-01 3.086336338446987303e-03 5.462346954283373579e-01 8.602183399377388850e-01 0.000000000000000000e+00 0.000000000000000000e+00 0.000000000000000000e+00 4.349433505538164026e-05 2.281383535859804190e-01 4.215395663047646901e-01 1.000000000000000000e+00 3.786768050445674660e-01 0.000000000000000000e+00 2.184085401361635648e-01 0.000000000000000000e+00 0.000000000000000000e+00 6.184529964978455752e-01 0.000000000000000000e+00 0.000000000000000000e+00 1.024000000000000000e+03 -6.908818181818182325e+01
3.562131582507035432e-01 8.430816340250311958e-02 3.518983488426833395e-01 2.131319579875765469e-03 2.148064545219889512e-03 4.214568968176015118e-01 0.000000000000000000e+00 2.080079182916300951e-01 8.515011101132001770e-01 2.283749239831956157e-01 1.000000000000000000e+00 1.144418334183673058e-01 0.000000000000000000e+00 1.270905131370646257e-01 9.991847570305104620e-01 1.000000000000000000e+00 1.000000000000000000e+00 9.488360159721449527e-01 1.007236272226933946e-02 0.000000000000000000e+00 9.978400924573231912e-01 0.000000000000000000e+00 6.762446957758097010e-01 9.970830336905656122e-01 9.980052395520386810e-01 4.054941640289670413e-01 7.673440238983311734e-02 3.171490520039950134e-01 0.000000000000000000e+00 0.000000000000000000e+00 5.517233844969511754e-03 1.016035707595100337e-03 1.024000000000000000e+03 -9.321545454545453424e+01
3.007112273873527308e-01 0.000000000000000000e+00 3.385526228962031370e-01 0.000000000000000000e+00 0.000000000000000000e+00 1.964361883546577037e-01 0.000000000000000000e+00 0.000000000000000000e+00 8.980882725775092279e-01 9.665706373733681800e-02 1.000000000000000000e+00 0.000000000000000000e+00 0.000000000000000000e+00 0.000000000000000000e+00 9.464637267549043109e-01 8.902710857945317358e-01 7.633617088236058779e-01 8.091358290036276824e-01 0.000000000000000000e+00 0.000000000000000000e+00 4.204716052749520872e-01 1.145275185612909660e-03 5.656668097636103898e-01 7.807414657314925011e-01 9.965169467325171171e-01 3.796568055612902781e-01 0.000000000000000000e+00 2.642893198084095632e-02 0.000000000000000000e+00 0.000000000000000000e+00 0.000000000000000000e+00 6.502980791619950018e-02 1.024000000000000000e+03 -8.405181818181817732e+01
9.505985084358002934e-01 8.341407521209658060e-02 2.839831897982260378e-02 5.457899530258927129e-02 3.375477182861126579e-02 9.299184095665746774e-02 0.000000000000000000e+00 0.000000000000000000e+00 1.000000000000000000e+00 7.260502104650359279e-01 2.602703595886688981e-01 8.367810862029840200e-10 0.000000000000000000e+00 6.160120162599141969e-02 9.999940873437337396e-01 1.475711977495178240e-01 1.000000000000000000e+00 1.769200296489141227e-09 1.082287982960383893e-01 1.639342051017478874e-01 9.999980884314313423e-01 0.000000000000000000e+00 2.082249882070800941e-04 2.108798379728886137e-04 5.934666113678391808e-01 8.706257093626321719e-01 6.665817327898134748e-01 0.000000000000000000e+00 3.691743601312349465e-01 0.000000000000000000e+00 0.000000000000000000e+00 4.542151978413552270e-07 1.024000000000000000e+03 -7.630636363636362773e+01
0.000000000000000000e+00 2.217934787445447354e-03 4.087454906779667274e-01 9.976975676867411158e-01 0.000000000000000000e+00 0.000000000000000000e+00 0.000000000000000000e+00 0.000000000000000000e+00 6.692524333541493009e-01 1.320804864537586387e-01 4.561890016907816370e-01 3.588782577912232735e-02 0.000000000000000000e+00 8.838681006491391767e-02 3.021988720992671573e-01 6.790420331874844062e-02 1.000000000000000000e+00 0.000000000000000000e+00 0.000000000000000000e+00 6.194447369865830472e-02 9.999999999161363062e-01 0.000000000000000000e+00 0.000000000000000000e+00 7.931014764626663494e-02 0.000000000000000000e+00 0.000000000000000000e+00 1.542098681470199517e-01 5.227531215530564768e-02 0.000000000000000000e+00 0.000000000000000000e+00 0.000000000000000000e+00 0.000000000000000000e+00 1.024000000000000000e+03 -7.152090909090908610e+01
9.999999829839545384e-01 0.000000000000000000e+00 0.000000000000000000e+00 0.000000000000000000e+00 0.000000000000000000e+00 0.000000000000000000e+00 0.000000000000000000e+00 0.000000000000000000e+00 0.000000000000000000e+00 3.840031847378390650e-01 6.616735165575998723e-01 0.000000000000000000e+00 0.000000000000000000e+00 0.000000000000000000e+00 2.658857315435290691e-01 2.920958163762243541e-11 8.989898296865889583e-04 9.018620419437525237e-01 0.000000000000000000e+00 0.000000000000000000e+00 7.710864599149739318e-01 4.567408003003396999e-01 0.000000000000000000e+00 0.000000000000000000e+00 0.000000000000000000e+00 5.067884175526080615e-01 0.000000000000000000e+00 0.000000000000000000e+00 0.000000000000000000e+00 1.310542497171711035e-08 9.779763941383412540e-01 0.000000000000000000e+00 1.024000000000000000e+03 -1.690909090909091139e+00
3.242499233565893646e-01 6.669309660599816170e-02 0.000000000000000000e+00 0.000000000000000000e+00 0.000000000000000000e+00 0.000000000000000000e+00 0.000000000000000000e+00 0.000000000000000000e+00 2.167506422383041476e-01 0.000000000000000000e+00 3.418093065337015068e-01 0.000000000000000000e+00 0.000000000000000000e+00 4.665909335840739969e-03 1.142421322702674019e-01 1.577543094358169976e-04 9.955085579430636988e-01 9.998073163647698269e-01 0.000000000000000000e+00 0.000000000000000000e+00 4.237110606437506366e-01 0.000000000000000000e+00 0.000000000000000000e+00 8.576728764490971768e-01 0.000000000000000000e+00 0.000000000000000000e+00 0.000000000000000000e+00 0.000000000000000000e+00 6.617452127518846927e-02 0.000000000000000000e+00 0.000000000000000000e+00 0.000000000000000000e+00 1.024000000000000000e+03 -2.987545454545454504e+01
4.662863280594917170e-02 0.000000000000000000e+00 0.000000000000000000e+00 0.000000000000000000e+00 0.000000000000000000e+00 0.000000000000000000e+00 0.000000000000000000e+00 0.000000000000000000e+00 0.000000000000000000e+00 4.071919443517530990e-01 0.000000000000000000e+00 0.000000000000000000e+00 0.000000000000000000e+00 0.000000000000000000e+00 0.000000000000000000e+00 0.000000000000000000e+00 0.000000000000000000e+00 3.016538083910720869e-01 0.000000000000000000e+00 0.000000000000000000e+00 0.000000000000000000e+00 0.000000000000000000e+00 0.000000000000000000e+00 0.000000000000000000e+00 0.000000000000000000e+00 1.637466372202749654e-01 0.000000000000000000e+00 0.000000000000000000e+00 0.000000000000000000e+00 0.000000000000000000e+00 0.000000000000000000e+00 0.000000000000000000e+00 1.024000000000000000e+03 -8.004272727272726229e+01
0.000000000000000000e+00 0.000000000000000000e+00 3.426318566058474957e-01 0.000000000000000000e+00 0.000000000000000000e+00 0.000000000000000000e+00 1.594458286209979314e-02 6.287802630194740949e-01 1.000000000000000000e+00 0.000000000000000000e+00 4.541247278109605268e-01 0.000000000000000000e+00 0.000000000000000000e+00 0.000000000000000000e+00 4.083768443800604997e-01 9.239081174807579622e-01 3.725188118186528174e-01 2.913376045411579240e-01 0.000000000000000000e+00 0.000000000000000000e+00 7.970906152151718826e-01 0.000000000000000000e+00 0.000000000000000000e+00 7.967960501737457735e-01 1.000000000000000000e+00 0.000000000000000000e+00 0.000000000000000000e+00 0.000000000000000000e+00 0.000000000000000000e+00 0.000000000000000000e+00 0.000000000000000000e+00 0.000000000000000000e+00 1.024000000000000000e+03 -6.873363636363636431e+01
0.000000000000000000e+00 0.000000000000000000e+00 0.000000000000000000e+00 0.000000000000000000e+00 0.000000000000000000e+00 0.000000000000000000e+00 0.000000000000000000e+00 2.895990082982345393e-01 0.000000000000000000e+00 0.000000000000000000e+00 0.000000000000000000e+00 0.000000000000000000e+00 1.008500134500251721e-01 1.321451731729260670e-01 0.000000000000000000e+00 0.000000000000000000e+00 0.000000000000000000e+00 8.055311124345063134e-02 1.761710405751720221e-01 0.000000000000000000e+00 0.000000000000000000e+00 0.000000000000000000e+00 0.000000000000000000e+00 0.000000000000000000e+00 0.000000000000000000e+00 0.000000000000000000e+00 1.756551793158400709e-02 0.000000000000000000e+00 0.000000000000000000e+00 0.000000000000000000e+00 0.000000000000000000e+00 0.000000000000000000e+00 1.024000000000000000e+03 -7.370636363636363342e+01
7.299211510025068739e-01 1.844253607068194536e-02 0.000000000000000000e+00 0.000000000000000000e+00 2.253249336307973638e-01 0.000000000000000000e+00 0.000000000000000000e+00 0.000000000000000000e+00 9.989297343677636665e-01 5.133888417380140234e-01 3.179234249870295237e-01 0.000000000000000000e+00 0.000000000000000000e+00 2.760503017932157688e-01 6.936024284477569912e-01 9.528937201442186922e-01 3.688381432723939479e-01 6.214962884421256772e-01 0.000000000000000000e+00 0.000000000000000000e+00 9.315800181660408574e-01 0.000000000000000000e+00 5.092032385939966321e-01 9.613914848651927691e-01 1.146795692449309317e-01 1.397521188304133855e-01 2.282082206924313517e-01 0.000000000000000000e+00 0.000000000000000000e+00 0.000000000000000000e+00 0.000000000000000000e+00 0.000000000000000000e+00 1.024000000000000000e+03 -7.670000000000000284e+01
0.000000000000000000e+00 4.963123989116339785e-01 0.000000000000000000e+00 0.000000000000000000e+00 6.207769867251661244e-01 0.000000000000000000e+00 0.000000000000000000e+00 0.000000000000000000e+00 3.941051935448208199e-01 0.000000000000000000e+00 4.764285063016759358e-01 0.000000000000000000e+00 0.000000000000000000e+00 0.000000000000000000e+00 8.757649138870438055e-01 2.573835720441314603e-02 0.000000000000000000e+00 4.179144222069307579e-01 0.000000000000000000e+00 0.000000000000000000e+00 4.921239143966237850e-01 0.000000000000000000e+00 2.722778938157036643e-01 8.793127288783066098e-02 0.000000000000000000e+00 2.264781034254304271e-01 0.000000000000000000e+00 0.000000000000000000e+00 2.215274263809056399e-01 0.000000000000000000e+00 0.000000000000000000e+00 0.000000000000000000e+00 1.024000000000000000e+03 -3.476090909090908809e+01
0.000000000000000000e+00 0.000000000000000000e+00 0.000000000000000000e+00 1.101249585705957323e-01 0.000000000000000000e+00 0.000000000000000000e+00 0.000000000000000000e+00 1.284111175846144037e-01 0.000000000000000000e+00 0.000000000000000000e+00 9.690504090365094081e-01 0.000000000000000000e+00 0.000000000000000000e+00 1.950030136081457033e-02 4.226204925212885544e-02 9.913183542393408931e-01 1.457624763891493536e-01 5.057358648848789273e-02 0.000000000000000000e+00 1.355252556216901202e-02 0.000000000000000000e+00 0.000000000000000000e+00 4.010862342702974370e-01 5.040107962253916746e-02 0.000000000000000000e+00 0.000000000000000000e+00 0.000000000000000000e+00 5.854120982167834025e-02 0.000000000000000000e+00 0.000000000000000000e+00 0.000000000000000000e+00 0.000000000000000000e+00 1.024000000000000000e+03 -6.769090909090908781e+01
2.479780758201436119e-01 0.000000000000000000e+00 5.072786282182976947e-02 6.694647778621292122e-01 1.763858997803064432e-01 0.000000000000000000e+00 0.000000000000000000e+00 1.664249256844637370e-01 5.080545688344492161e-01 0.000000000000000000e+00 0.000000000000000000e+00 0.000000000000000000e+00 0.000000000000000000e+00 0.000000000000000000e+00 0.000000000000000000e+00 0.000000000000000000e+00 1.000000000000000000e+00 6.658994353025683433e-01 0.000000000000000000e+00 4.681018449026048966e-02 0.000000000000000000e+00 0.000000000000000000e+00 0.000000000000000000e+00 9.176494551453673321e-01 3.609672414438819255e-01 1.000000000000000000e+00 0.000000000000000000e+00 9.612228225714947172e-01 0.000000000000000000e+00 0.000000000000000000e+00 0.000000000000000000e+00 0.000000000000000000e+00 1.024000000000000000e+03 -4.876636363636362859e+01
1.000000000000000000e+00 0.000000000000000000e+00 0.000000000000000000e+00 0.000000000000000000e+00 0.000000000000000000e+00 6.397343608093833955e-01 0.000000000000000000e+00 0.000000000000000000e+00 3.983152495616205102e-01 0.000000000000000000e+00 1.000000000000000000e+00 0.000000000000000000e+00 0.000000000000000000e+00 0.000000000000000000e+00 0.000000000000000000e+00 9.487071400642327346e-02 6.758493216200636144e-01 4.684098414589162734e-02 0.000000000000000000e+00 0.000000000000000000e+00 0.000000000000000000e+00 0.000000000000000000e+00 2.235652003404728361e-02 2.067974772247774262e-01 1.000000000000000000e+00 9.327939595912169979e-02 0.000000000000000000e+00 0.000000000000000000e+00 0.000000000000000000e+00 0.000000000000000000e+00 3.542169205522827796e-02 0.000000000000000000e+00 1.024000000000000000e+03 -6.531818181818181301e+01
7.300470169639611262e-01 0.000000000000000000e+00 0.000000000000000000e+00 8.429305788247127076e-03 0.000000000000000000e+00 0.000000000000000000e+00 0.000000000000000000e+00 0.000000000000000000e+00 0.000000000000000000e+00 0.000000000000000000e+00 6.565012564110519477e-01 0.000000000000000000e+00 0.000000000000000000e+00 0.000000000000000000e+00 7.928307999196640976e-01 5.795250298795901270e-03 1.000000000000000000e+00 6.489292087044128410e-01 0.000000000000000000e+00 0.000000000000000000e+00 5.606650996160238432e-01 0.000000000000000000e+00 1.000000000000000000e+00 0.000000000000000000e+00 7.779436837246381797e-01 0.000000000000000000e+00 6.765337997413962690e-01 2.021916935660321157e-01 0.000000000000000000e+00 0.000000000000000000e+00 0.000000000000000000e+00 1.211014388144229705e-03 1.024000000000000000e+03 -5.214545454545454817e+01
0.000000000000000000e+00 0.000000000000000000e+00 0.000000000000000000e+00 0.000000000000000000e+00 0.000000000000000000e+00 0.000000000000000000e+00 0.000000000000000000e+00 0.000000000000000000e+00 1.000000000000000000e+00 4.371498125119506473e-02 0.000000000000000000e+00 0.000000000000000000e+00 0.000000000000000000e+00 0.000000000000000000e+00 7.659260769039090144e-01 0.000000000000000000e+00 1.105818942844658398e-01 4.201862578729329695e-02 0.000000000000000000e+00 7.888466912535373465e-01 0.000000000000000000e+00 0.000000000000000000e+00 0.000000000000000000e+00 3.707913019568609969e-01 1.000000000000000000e+00 0.000000000000000000e+00 0.000000000000000000e+00 0.000000000000000000e+00 0.000000000000000000e+00 0.000000000000000000e+00 0.000000000000000000e+00 0.000000000000000000e+00 1.024000000000000000e+03 -3.379363636363635948e+01
7.716700919366320521e-01 5.597250552005192219e-03 0.000000000000000000e+00 0.000000000000000000e+00 0.000000000000000000e+00 3.334606297986527496e-02 0.000000000000000000e+00 4.914178494418694476e-02 5.664987798034845090e-01 0.000000000000000000e+00 9.912619202583728972e-01 0.000000000000000000e+00 1.000000000000000000e+00 9.999995769284960589e-01 2.096706155565085661e-01 1.000000000000000000e+00 2.347516486321129386e-02 2.468880647267898340e-02 0.000000000000000000e+00 0.000000000000000000e+00 8.088289498172996916e-01 0.000000000000000000e+00 0.000000000000000000e+00 1.137605911631556785e-03 1.392585806612155475e-01 0.000000000000000000e+00 0.000000000000000000e+00 1.051579242785824486e-02 0.000000000000000000e+00 0.000000000000000000e+00 0.000000000000000000e+00 0.000000000000000000e+00 1.024000000000000000e+03 -5.746363636363635408e+01
3.003412906505401603e-01 0.000000000000000000e+00 5.181967575643539603e-02 0.000000000000000000e+00 3.894658129736233015e-02 0.000000000000000000e+00 0.000000000000000000e+00 0.000000000000000000e+00 0.000000000000000000e+00 0.000000000000000000e+00 3.270905458282412082e-01 0.000000000000000000e+00 0.000000000000000000e+00 3.571019737543143502e-01 0.000000000000000000e+00 3.747327990910634399e-01 9.016875443463597817e-01 6.149271881009564789e-01 0.000000000000000000e+00 0.000000000000000000e+00 3.627625142615903409e-01 2.568278501302597161e-01 4.720514905809913286e-01 8.694726269922713469e-01 9.292067083209866185e-01 0.000000000000000000e+00 0.000000000000000000e+00 1.356386514847252728e-02 0.000000000000000000e+00 0.000000000000000000e+00 1.635985894150217279e-02 0.000000000000000000e+00 1.024000000000000000e+03 -6.763636363636364024e+01
0.000000000000000000e+00 0.000000000000000000e+00 1.000000000000000000e+00 0.000000000000000000e+00 0.000000000000000000e+00 4.084697054143358180e-02 0.000000000000000000e+00 0.000000000000000000e+00 5.750933703481773129e-01 0.000000000000000000e+00 6.120855374771086432e-02 0.000000000000000000e+00 5.289694689442769882e-02 0.000000000000000000e+00 8.791448970284826414e-01 0.000000000000000000e+00 9.975224435726500749e-01 8.904234645956877747e-01 0.000000000000000000e+00 0.000000000000000000e+00 8.088412090673363641e-02 0.000000000000000000e+00 3.810225761349965434e-02 3.247669862467664759e-01 1.318495222164883518e-01 0.000000000000000000e+00 0.000000000000000000e+00 0.000000000000000000e+00 0.000000000000000000e+00 1.291390061995185967e-01 0.000000000000000000e+00 3.129731692690016498e-01 1.024000000000000000e+03 -6.861181818181819381e+01
0.000000000000000000e+00 0.000000000000000000e+00 0.000000000000000000e+00 0.000000000000000000e+00 0.000000000000000000e+00 0.000000000000000000e+00 0.000000000000000000e+00 0.000000000000000000e+00 1.181189437730163633e-01 3.602623537231884887e-01 3.306598360281815530e-01 9.939182806725760377e-02 0.000000000000000000e+00 0.000000000000000000e+00 1.008463054084533100e-01 6.927867861887925249e-01 7.588373205691912871e-01 3.609673980471733157e-01 0.000000000000000000e+00 0.000000000000000000e+00 0.000000000000000000e+00 0.000000000000000000e+00 0.000000000000000000e+00 0.000000000000000000e+00 1.423992932971659131e-01 0.000000000000000000e+00 0.000000000000000000e+00 5.266739232717826402e-01 0.000000000000000000e+00 8.464238697017320567e-02 0.000000000000000000e+00 0.000000000000000000e+00 1.024000000000000000e+03 -7.094272727272726797e+01
5.945258005721623662e-02 0.000000000000000000e+00 0.000000000000000000e+00 0.000000000000000000e+00 2.578457081303680565e-01 3.739592966267289015e-02 2.339110893949959308e-09 0.000000000000000000e+00 2.710262337155383561e-01 3.916185709959236760e-01 1.177665502253452262e-01 0.000000000000000000e+00 0.000000000000000000e+00 0.000000000000000000e+00 9.998802720475550299e-01 6.399064674098104977e-01 1.256228158098231240e-01 1.349694009913995074e-01 2.494250059528925131e-02 0.000000000000000000e+00 0.000000000000000000e+00 5.111916655358309490e-03 1.690767261544670053e-01 1.724435281552842147e-01 9.982831491027054360e-01 0.000000000000000000e+00 0.000000000000000000e+00 8.119788866325732251e-05 0.000000000000000000e+00 5.723148249518791170e-02 0.000000000000000000e+00 0.000000000000000000e+00 1.024000000000000000e+03 -7.098454545454545439e+01
0.000000000000000000e+00 0.000000000000000000e+00 0.000000000000000000e+00 1.414816080913117863e-02 3.624003560474571908e-03 0.000000000000000000e+00 0.000000000000000000e+00 2.225431747354508771e-02 1.000000000000000000e+00 3.260640257975487288e-01 1.707699768544653773e-01 0.000000000000000000e+00 0.000000000000000000e+00 3.198602745223002816e-04 3.013875544532552131e-01 4.303503145199334967e-01 0.000000000000000000e+00 7.693280961307522592e-01 0.000000000000000000e+00 0.000000000000000000e+00 0.000000000000000000e+00 0.000000000000000000e+00 0.000000000000000000e+00 9.268949726717418125e-01 2.702048056297702283e-01 5.146511605277821477e-01 0.000000000000000000e+00 0.000000000000000000e+00 0.000000000000000000e+00 0.000000000000000000e+00 0.000000000000000000e+00 4.388034922151720640e-01 1.024000000000000000e+03 -4.734545454545455101e+01
6.075834951526799532e-01 1.209820002276876250e-02 0.000000000000000000e+00 0.000000000000000000e+00 0.000000000000000000e+00 0.000000000000000000e+00 0.000000000000000000e+00 9.387180717636833815e-01 5.383245229184089320e-01 1.906179276896067254e-01 0.000000000000000000e+00 1.791952097431325219e-01 4.403440927171768833e-03 0.000000000000000000e+00 9.506724327916092898e-01 5.128571231903147898e-02 5.849544518603307097e-02 0.000000000000000000e+00 0.000000000000000000e+00 0.000000000000000000e+00 3.555853820722897352e-01 4.017964473205334897e-02 0.000000000000000000e+00 1.000000000000000000e+00 1.853452847894776490e-01 0.000000000000000000e+00 0.000000000000000000e+00 0.000000000000000000e+00 2.030980269041717801e-01 0.000000000000000000e+00 0.000000000000000000e+00 0.000000000000000000e+00 1.024000000000000000e+03 -3.970636363636363342e+01
0.000000000000000000e+00 0.000000000000000000e+00 0.000000000000000000e+00 0.000000000000000000e+00 0.000000000000000000e+00 0.000000000000000000e+00 0.000000000000000000e+00 1.100910513514787581e-01 1.370732785838430466e-02 6.052114969240836029e-01 4.600869167781830860e-01 0.000000000000000000e+00 0.000000000000000000e+00 0.000000000000000000e+00 8.937061355145315966e-01 6.182367098587665533e-01 5.054428751920240215e-01 9.844989779895304549e-01 3.641413582381822223e-02 0.000000000000000000e+00 7.501040665513465378e-01 0.000000000000000000e+00 0.000000000000000000e+00 8.005893012154261523e-01 8.299269791079582070e-01 0.000000000000000000e+00 0.000000000000000000e+00 2.856681411079618482e-01 0.000000000000000000e+00 0.000000000000000000e+00 0.000000000000000000e+00 0.000000000000000000e+00 1.024000000000000000e+03 -7.298818181818181472e+01
4.208803029703423723e-06 0.000000000000000000e+00 0.000000000000000000e+00 0.000000000000000000e+00 0.000000000000000000e+00 3.912828402970135455e-01 0.000000000000000000e+00 0.000000000000000000e+00 6.365631253869793449e-01 0.000000000000000000e+00 1.529110828481747048e-04 0.000000000000000000e+00 0.000000000000000000e+00 2.564192499415904880e-01 7.999117219902061038e-01 1.627567486540194286e-01 4.219189366273549679e-01 0.000000000000000000e+00 0.000000000000000000e+00 0.000000000000000000e+00 9.336420646084045982e-01 6.824741673444917507e-03 0.000000000000000000e+00 9.408225198122140975e-01 0.000000000000000000e+00 4.200367852077736552e-01 0.000000000000000000e+00 0.000000000000000000e+00 0.000000000000000000e+00 0.000000000000000000e+00 1.735166555134467492e-01 0.000000000000000000e+00 1.024000000000000000e+03 -6.469727272727271838e+01
0.000000000000000000e+00 0.000000000000000000e+00 0.000000000000000000e+00 0.000000000000000000e+00 0.000000000000000000e+00 6.378864915528981161e-01 0.000000000000000000e+00 0.000000000000000000e+00 3.097519246135180954e-02 1.000000000000000000e+00 0.000000000000000000e+00 0.000000000000000000e+00 0.000000000000000000e+00 0.000000000000000000e+00 0.000000000000000000e+00 0.000000000000000000e+00 4.988414954984294325e-01 0.000000000000000000e+00 0.000000000000000000e+00 0.000000000000000000e+00 0.000000000000000000e+00 4.788538200102064564e-05 0.000000000000000000e+00 1.160593054116999855e-03 0.000000000000000000e+00 0.000000000000000000e+00 0.000000000000000000e+00 1.292120933924112147e-01 0.000000000000000000e+00 0.000000000000000000e+00 0.000000000000000000e+00 0.000000000000000000e+00 1.024000000000000000e+03 -7.604545454545454675e+01
7.015685922009637365e-02 0.000000000000000000e+00 0.000000000000000000e+00 0.000000000000000000e+00 2.764088264679067716e-06 0.000000000000000000e+00 0.000000000000000000e+00 0.000000000000000000e+00 1.521413645356179400e-01 0.000000000000000000e+00 3.104463610878146484e-01 0.000000000000000000e+00 0.000000000000000000e+00 0.000000000000000000e+00 7.286862503784203859e-01 0.000000000000000000e+00 1.000000000000000000e+00 2.048249662863157461e-01 0.000000000000000000e+00 0.000000000000000000e+00 7.106626583094424743e-02 9.126377408868193708e-01 0.000000000000000000e+00 0.000000000000000000e+00 5.395223372586911426e-01 3.266121549440302585e-02 0.000000000000000000e+00 1.512399719732978323e-06 0.000000000000000000e+00 0.000000000000000000e+00 0.000000000000000000e+00 0.000000000000000000e+00 1.024000000000000000e+03 -4.286363636363636687e+01
6.208916566326598552e-02 0.000000000000000000e+00 0.000000000000000000e+00 0.000000000000000000e+00 1.717546446595646231e-02 0.000000000000000000e+00 0.000000000000000000e+00 0.000000000000000000e+00 0.000000000000000000e+00 0.000000000000000000e+00 0.000000000000000000e+00 0.000000000000000000e+00 9.298088690159724218e-05 2.660693113474660865e-01 0.000000000000000000e+00 5.788750275171572479e-02 0.000000000000000000e+00 0.000000000000000000e+00 0.000000000000000000e+00 0.000000000000000000e+00 1.182128402390562050e-01 0.000000000000000000e+00 4.118365569338487409e-01 0.000000000000000000e+00 0.000000000000000000e+00 0.000000000000000000e+00 0.000000000000000000e+00 0.000000000000000000e+00 0.000000000000000000e+00 8.426340431884944693e-02 0.000000000000000000e+00 0.000000000000000000e+00 1.024000000000000000e+03 -3.658181818181817846e+01
0.000000000000000000e+00 0.000000000000000000e+00 6.450487015709029937e-01 0.000000000000000000e+00 0.000000000000000000e+00 0.000000000000000000e+00 0.000000000000000000e+00 0.000000000000000000e+00 4.411622426485725668e-02 0.000000000000000000e+00 0.000000000000000000e+00 0.000000000000000000e+00 0.000000000000000000e+00 3.362982525710131454e-02 0.000000000000000000e+00 0.000000000000000000e+00 0.000000000000000000e+00 6.027998657809553462e-01 0.000000000000000000e+00 8.448010685676933529e-02 0.000000000000000000e+00 0.000000000000000000e+00 1.757841630755876614e-02 0.000000000000000000e+00 0.000000000000000000e+00 0.000000000000000000e+00 0.000000000000000000e+00 0.000000000000000000e+00 0.000000000000000000e+00 0.000000000000000000e+00 2.350331762088500261e-04 0.000000000000000000e+00 1.024000000000000000e+03 -6.693909090909090764e+01
0.000000000000000000e+00 0.000000000000000000e+00 0.000000000000000000e+00 0.000000000000000000e+00 0.000000000000000000e+00 2.071319147120098125e-01 0.000000000000000000e+00 0.000000000000000000e+00 4.654449963914236155e-01 0.000000000000000000e+00 1.000000000000000000e+00 0.000000000000000000e+00 0.000000000000000000e+00 0.000000000000000000e+00 6.655708529043420363e-01 2.681857675714763856e-01 4.880072496375693070e-01 1.339613914714216369e-01 0.000000000000000000e+00 0.000000000000000000e+00 0.000000000000000000e+00 0.000000000000000000e+00 4.240043303114694045e-02 0.000000000000000000e+00 1.000000000000000000e+00 7.773886401516545697e-02 0.000000000000000000e+00 0.000000000000000000e+00 0.000000000000000000e+00 0.000000000000000000e+00 0.000000000000000000e+00 0.000000000000000000e+00 1.024000000000000000e+03 -6.636090909090908951e+01
0.000000000000000000e+00 0.000000000000000000e+00 1.152344486855050171e-01 0.000000000000000000e+00 0.000000000000000000e+00 3.117596216019631328e-01 0.000000000000000000e+00 0.000000000000000000e+00 9.999777790509194464e-01 0.000000000000000000e+00 2.262288690770014599e-01 2.201455153125714270e-01 0.000000000000000000e+00 0.000000000000000000e+00 4.303090898489749239e-01 5.363645150436329168e-01 5.118094601986683534e-01 7.469057396026218543e-01 0.000000000000000000e+00 0.000000000000000000e+00 9.584421098173644404e-01 0.000000000000000000e+00 0.000000000000000000e+00 5.444350412086231827e-01 8.542452966699873862e-01 0.000000000000000000e+00 0.000000000000000000e+00 6.303820449560568149e-09 0.000000000000000000e+00 0.000000000000000000e+00 7.354567392671111778e-04 0.000000000000000000e+00 1.024000000000000000e+03 -7.283909090909091333e+01
5.991778188029964407e-08 1.279611128364102277e-02 0.000000000000000000e+00 0.000000000000000000e+00 0.000000000000000000e+00 0.000000000000000000e+00 0.000000000000000000e+00 0.000000000000000000e+00 8.501653114930877164e-01 0.000000000000000000e+00 8.508965788630645788e-01 3.988128145071183073e-07 0.000000000000000000e+00 0.000000000000000000e+00 4.375788315361420766e-01 2.521419711689826867e-03 2.362504974719935313e-01 3.502545290008534651e-01 0.000000000000000000e+00 0.000000000000000000e+00 4.213509359190698023e-01 0.000000000000000000e+00 0.000000000000000000e+00 1.273541980426902690e-06 1.099721313907780912e-01 0.000000000000000000e+00 0.000000000000000000e+00 4.736117989642150139e-01 0.000000000000000000e+00 0.000000000000000000e+00 0.000000000000000000e+00 0.000000000000000000e+00 1.024000000000000000e+03 -6.346999999999999886e+01
9.804752946604572417e-01 0.000000000000000000e+00 4.834282070766366401e-01 0.000000000000000000e+00 0.000000000000000000e+00 3.337949622298692076e-01 0.000000000000000000e+00 1.075758427913203058e-01 0.000000000000000000e+00 0.000000000000000000e+00 1.000000000000000000e+00 8.893229289565621198e-02 0.000000000000000000e+00 6.874148400143766935e-01 9.955408067706448261e-01 4.818408613280985575e-01 0.000000000000000000e+00 7.320754196978120909e-01 0.000000000000000000e+00 0.000000000000000000e+00 0.000000000000000000e+00 0.000000000000000000e+00 4.825676517944559873e-01 1.487407938031207189e-02 9.811012349818982736e-01 7.585657681329053270e-01 0.000000000000000000e+00 0.000000000000000000e+00 0.000000000000000000e+00 0.000000000000000000e+00 1.184038024912897023e-02 4.557712971621092485e-02 1.024000000000000000e+03 -6.112454545454544785e+01
1.692449032792073260e-02 0.000000000000000000e+00 5.494640172842051307e-01 1.462140743422691257e-03 0.000000000000000000e+00 0.000000000000000000e+00 0.000000000000000000e+00 0.000000000000000000e+00 1.585868503354612991e-01 0.000000000000000000e+00 5.558183814111086057e-02 0.000000000000000000e+00 0.000000000000000000e+00 1.779256475051584074e-01 1.117299274958691857e-01 6.625276934342583246e-01 9.510907186664856183e-03 2.396509256258541332e-01 0.000000000000000000e+00 0.000000000000000000e+00 0.000000000000000000e+00 0.000000000000000000e+00 0.000000000000000000e+00 1.000000000000000000e+00 2.218514111877586126e-01 0.000000000000000000e+00 0.000000000000000000e+00 0.000000000000000000e+00 0.000000000000000000e+00 0.000000000000000000e+00 0.000000000000000000e+00 0.000000000000000000e+00 1.024000000000000000e+03 -5.974272727272727224e+01
0.000000000000000000e+00 0.000000000000000000e+00 0.000000000000000000e+00 0.000000000000000000e+00 0.000000000000000000e+00 1.193066739411881988e-02 0.000000000000000000e+00 0.000000000000000000e+00 0.000000000000000000e+00 0.000000000000000000e+00 0.000000000000000000e+00 0.000000000000000000e+00 7.065148453239696036e-02 1.102535806682167913e-02 0.000000000000000000e+00 1.553111143538590463e-02 7.762063939920423872e-01 0.000000000000000000e+00 0.000000000000000000e+00 0.000000000000000000e+00 1.000000000000000000e+00 0.000000000000000000e+00 0.000000000000000000e+00 7.955522159441925645e-01 8.048865035104469934e-01 0.000000000000000000e+00 0.000000000000000000e+00 0.000000000000000000e+00 0.000000000000000000e+00 7.132801781993108881e-02 0.000000000000000000e+00 0.000000000000000000e+00 1.024000000000000000e+03 -4.489727272727273544e+01
3.105637580765627741e-05 0.000000000000000000e+00 0.000000000000000000e+00 0.000000000000000000e+00 0.000000000000000000e+00 2.199710366053400645e-02 0.000000000000000000e+00 0.000000000000000000e+00 8.359393679840254610e-02 0.000000000000000000e+00 3.503320444272448042e-02 0.000000000000000000e+00 0.000000000000000000e+00 0.000000000000000000e+00 3.992047886680047397e-02 5.068686468683333348e-08 3.963106523099759748e-01 1.060026728257319195e-01 0.000000000000000000e+00 0.000000000000000000e+00 5.195080523105727321e-01 0.000000000000000000e+00 1.013355955655198927e-03 1.000000000000000000e+00 0.000000000000000000e+00 5.749864778388222852e-01 0.000000000000000000e+00 0.000000000000000000e+00 0.000000000000000000e+00 0.000000000000000000e+00 0.000000000000000000e+00 0.000000000000000000e+00 1.024000000000000000e+03 -5.040272727272726883e+01
0.000000000000000000e+00 0.000000000000000000e+00 0.000000000000000000e+00 0.000000000000000000e+00 0.000000000000000000e+00 0.000000000000000000e+00 1.000000000000000000e+00 0.000000000000000000e+00 7.777524810508192887e-01 0.000000000000000000e+00 0.000000000000000000e+00 0.000000000000000000e+00 0.000000000000000000e+00 0.000000000000000000e+00 0.000000000000000000e+00 0.000000000000000000e+00 0.000000000000000000e+00 0.000000000000000000e+00 0.000000000000000000e+00 0.000000000000000000e+00 0.000000000000000000e+00 0.000000000000000000e+00 0.000000000000000000e+00 0.000000000000000000e+00 0.000000000000000000e+00 0.000000000000000000e+00 8.061900729648045771e-02 0.000000000000000000e+00 0.000000000000000000e+00 0.000000000000000000e+00 0.000000000000000000e+00 0.000000000000000000e+00 1.024000000000000000e+03 -8.219727272727271838e+01
1.498115378989372526e-01 1.523679248569625166e-01 0.000000000000000000e+00 4.688364977440937596e-06 0.000000000000000000e+00 2.920189585238051055e-01 1.621325674871358091e-01 0.000000000000000000e+00 7.569848395397863472e-01 0.000000000000000000e+00 5.325223814120997439e-06 0.000000000000000000e+00 0.000000000000000000e+00 6.496106495067563436e-02 5.376457284979598711e-02 8.334185862646867338e-02 9.917582732281101654e-01 4.634051294165053014e-01 5.769021865464706023e-02 6.951759397542729424e-01 8.731998360115497126e-01 0.000000000000000000e+00 6.486253566029454021e-01 3.947882559809054448e-01 0.000000000000000000e+00 5.481609290391294964e-01 0.000000000000000000e+00 0.000000000000000000e+00 6.785349558701664341e-01 0.000000000000000000e+00 0.000000000000000000e+00 0.000000000000000000e+00 1.024000000000000000e+03 -6.225727272727272776e+01
1.947019189883029133e-01 9.145701367401892767e-02 0.000000000000000000e+00 5.023729586074713316e-01 0.000000000000000000e+00 0.000000000000000000e+00 0.000000000000000000e+00 0.000000000000000000e+00 5.422555982713757050e-01 7.568099914363897972e-04 1.711006396806158078e-04 0.000000000000000000e+00 1.028414104209937445e-02 0.000000000000000000e+00 2.584924652907865106e-01 0.000000000000000000e+00 8.554376756809905580e-04 8.315584358657206465e-01 1.063421427564870169e-03 0.000000000000000000e+00 0.000000000000000000e+00 0.000000000000000000e+00 9.998211951290467692e-01 1.944603931523679052e-01 8.080999636224848182e-01 1.355242409847916552e-01 0.000000000000000000e+00 0.000000000000000000e+00 0.000000000000000000e+00 0.000000000000000000e+00 0.000000000000000000e+00 0.000000000000000000e+00 1.024000000000000000e+03 -1.092727272727272769e+01
0.000000000000000000e+00 0.000000000000000000e+00 0.000000000000000000e+00 0.000000000000000000e+00 1.476413667481533132e-01 0.000000000000000000e+00 0.000000000000000000e+00 0.000000000000000000e+00 0.000000000000000000e+00 0.000000000000000000e+00 8.438702051904027890e-01 0.000000000000000000e+00 0.000000000000000000e+00 0.000000000000000000e+00 2.845285400305744283e-01 2.691095889275215217e-02 6.334842871671954034e-01 4.943747283277961924e-02 0.000000000000000000e+00 0.000000000000000000e+00 6.201931131142935857e-03 0.000000000000000000e+00 4.026418479113703097e-01 3.469983724390440227e-01 0.000000000000000000e+00 9.422258457169854218e-01 0.000000000000000000e+00 0.000000000000000000e+00 0.000000000000000000e+00 0.000000000000000000e+00 0.000000000000000000e+00 0.000000000000000000e+00 1.024000000000000000e+03 -5.364272727272726371e+01
7.834697537565618042e-01 0.000000000000000000e+00 0.000000000000000000e+00 0.000000000000000000e+00 0.000000000000000000e+00 0.000000000000000000e+00 0.000000000000000000e+00 0.000000000000000000e+00 6.737314251342461091e-01 1.435591954453439086e-04 0.000000000000000000e+00 0.000000000000000000e+00 0.000000000000000000e+00 0.000000000000000000e+00 0.000000000000000000e+00 5.394041563905426218e-01 7.150622111126848646e-01 6.215952655109867608e-01 0.000000000000000000e+00 0.000000000000000000e+00 8.895243116597780775e-01 4.021510164323991582e-02 0.000000000000000000e+00 1.297609674196934237e-01 1.625943836978346879e-01 0.000000000000000000e+00 0.000000000000000000e+00 0.000000000000000000e+00 3.398882474538180709e-01 1.551833459781296332e-01 0.000000000000000000e+00 0.000000000000000000e+00 1.024000000000000000e+03 -2.577909090909090750e+01
