7.099999999999999367e-02 7.099999999999999367e-02 7.099999999999999367e-02 7.099999999999999367e-02 7.099999999999999367e-02 7.099999999999999367e-02 7.099999999999999367e-02 7.099999999999999367e-02 7.099999999999999367e-02 7.099999999999999367e-02 7.099999999999999367e-02 7.099999999999999367e-02 7.099999999999999367e-02 7.099999999999999367e-02 7.099999999999999367e-02 7.099999999999999367e-02 7.099999999999999367e-02 7.099999999999999367e-02 7.099999999999999367e-02 7.099999999999999367e-02 7.099999999999999367e-02 7.099999999999999367e-02 7.099999999999999367e-02 7.099999999999999367e-02 7.099999999999999367e-02 7.099999999999999367e-02 7.099999999999999367e-02 7.099999999999999367e-02 7.099999999999999367e-02 7.099999999999999367e-02 7.099999999999999367e-02 7.099999999999999367e-02 6.400000000000000000e+01 -3.800000000000000266e+00
2.139999999999999958e-01 2.139999999999999958e-01 2.139999999999999958e-01 2.139999999999999958e-01 2.139999999999999958e-01 2.139999999999999958e-01 2.139999999999999958e-01 2.139999999999999958e-01 2.139999999999999958e-01 2.139999999999999958e-01 2.139999999999999958e-01 2.139999999999999958e-01 2.139999999999999958e-01 2.139999999999999958e-01 2.139999999999999958e-01 2.139999999999999958e-01 2.139999999999999958e-01 2.139999999999999958e-01 2.139999999999999958e-01 2.139999999999999958e-01 2.139999999999999958e-01 2.139999999999999958e-01 2.139999999999999958e-01 2.139999999999999958e-01 2.139999999999999958e-01 2.139999999999999958e-01 2.139999999999999958e-01 2.139999999999999958e-01 2.139999999999999958e-01 2.139999999999999958e-01 2.139999999999999958e-01 2.139999999999999958e-01 1.280000000000000000e+02 -3.519999999999999574e+00
3.569999999999999840e-01 3.569999999999999840e-01 3.569999999999999840e-01 3.569999999999999840e-01 3.569999999999999840e-01 3.569999999999999840e-01 3.569999999999999840e-01 3.569999999999999840e-01 3.569999999999999840e-01 3.569999999999999840e-01 3.569999999999999840e-01 3.569999999999999840e-01 3.569999999999999840e-01 3.569999999999999840e-01 3.569999999999999840e-01 3.569999999999999840e-01 3.569999999999999840e-01 3.569999999999999840e-01 3.569999999999999840e-01 3.569999999999999840e-01 3.569999999999999840e-01 3.569999999999999840e-01 3.569999999999999840e-01 3.569999999999999840e-01 3.569999999999999840e-01 3.569999999999999840e-01 3.569999999999999840e-01 3.569999999999999840e-01 3.569999999999999840e-01 3.569999999999999840e-01 3.569999999999999840e-01 3.569999999999999840e-01 2.560000000000000000e+02 -4.983333333333333393e+00
5.000000000000000000e-01 5.000000000000000000e-01 5.000000000000000000e-01 5.000000000000000000e-01 5.000000000000000000e-01 5.000000000000000000e-01 5.000000000000000000e-01 5.000000000000000000e-01 5.000000000000000000e-01 5.000000000000000000e-01 5.000000000000000000e-01 5.000000000000000000e-01 5.000000000000000000e-01 5.000000000000000000e-01 5.000000000000000000e-01 5.000000000000000000e-01 5.000000000000000000e-01 5.000000000000000000e-01 5.000000000000000000e-01 5.000000000000000000e-01 5.000000000000000000e-01 5.000000000000000000e-01 5.000000000000000000e-01 5.000000000000000000e-01 5.000000000000000000e-01 5.000000000000000000e-01 5.000000000000000000e-01 5.000000000000000000e-01 5.000000000000000000e-01 5.000000000000000000e-01 5.000000000000000000e-01 5.000000000000000000e-01 5.120000000000000000e+02 -7.033333333333334103e+00
6.430000000000000160e-01 6.430000000000000160e-01 6.430000000000000160e-01 6.430000000000000160e-01 6.430000000000000160e-01 6.430000000000000160e-01 6.430000000000000160e-01 6.430000000000000160e-01 6.430000000000000160e-01 6.430000000000000160e-01 6.430000000000000160e-01 6.430000000000000160e-01 6.430000000000000160e-01 6.430000000000000160e-01 6.430000000000000160e-01 6.430000000000000160e-01 6.430000000000000160e-01 6.430000000000000160e-01 6.430000000000000160e-01 6.430000000000000160e-01 6.430000000000000160e-01 6.430000000000000160e-01 6.430000000000000160e-01 6.430000000000000160e-01 6.430000000000000160e-01 6.430000000000000160e-01 6.430000000000000160e-01 6.430000000000000160e-01 6.430000000000000160e-01 6.430000000000000160e-01 6.430000000000000160e-01 6.430000000000000160e-01 1.024000000000000000e+03 -1.105666666666666664e+01
7.860000000000000320e-01 7.860000000000000320e-01 7.860000000000000320e-01 7.860000000000000320e-01 7.860000000000000320e-01 7.860000000000000320e-01 7.860000000000000320e-01 7.860000000000000320e-01 7.860000000000000320e-01 7.860000000000000320e-01 7.860000000000000320e-01 7.860000000000000320e-01 7.860000000000000320e-01 7.860000000000000320e-01 7.860000000000000320e-01 7.860000000000000320e-01 7.860000000000000320e-01 7.860000000000000320e-01 7.860000000000000320e-01 7.860000000000000320e-01 7.860000000000000320e-01 7.860000000000000320e-01 7.860000000000000320e-01 7.860000000000000320e-01 7.860000000000000320e-01 7.860000000000000320e-01 7.860000000000000320e-01 7.860000000000000320e-01 7.860000000000000320e-01 7.860000000000000320e-01 7.860000000000000320e-01 7.860000000000000320e-01 2.048000000000000000e+03 -1.662999999999999901e+01
9.290000000000000480e-01 9.290000000000000480e-01 9.290000000000000480e-01 9.290000000000000480e-01 9.290000000000000480e-01 9.290000000000000480e-01 9.290000000000000480e-01 9.290000000000000480e-01 9.290000000000000480e-01 9.290000000000000480e-01 9.290000000000000480e-01 9.290000000000000480e-01 9.290000000000000480e-01 9.290000000000000480e-01 9.290000000000000480e-01 9.290000000000000480e-01 9.290000000000000480e-01 9.290000000000000480e-01 9.290000000000000480e-01 9.290000000000000480e-01 9.290000000000000480e-01 9.290000000000000480e-01 9.290000000000000480e-01 9.290000000000000480e-01 9.290000000000000480e-01 9.290000000000000480e-01 9.290000000000000480e-01 9.290000000000000480e-01 9.290000000000000480e-01 9.290000000000000480e-01 9.290000000000000480e-01 9.290000000000000480e-01 4.096000000000000000e+03 -2.539999999999999503e+01
5.499596620578787176e-01 6.483548188835264181e-01 4.031573756688733856e-01 1.958032880261222908e-01 2.704009991651217804e-01 5.574613117508135929e-01 2.675124162838839470e-01 9.076545228512565844e-01 9.750881068470830249e-01 5.885783967192788069e-01 8.955207968557677978e-01 2.299666373827536359e-01 1.705502977979132806e-01 4.687976438986074523e-01 6.241754460553111672e-01 6.665951276318247132e-01 2.051066005658749858e-01 5.973376488339716683e-01 9.677507933637109483e-01 7.800854691737262314e-01 6.406054641060090482e-01 2.641205845587580869e-01 5.860846633778217241e-01 2.466163523058121088e-01 5.789845308022084636e-01 3.502848306260404332e-01 5.768673578580290062e-01 8.462947572284763575e-01 6.796250054397709461e-02 6.417819552423570384e-02 8.017540475474302930e-01 9.201571036738644960e-01 1.220000000000000000e+03 -9.833333333333333925e+00
2.622698287316063692e-01 9.632098608288813812e-03 5.165716392603276752e-01 5.768566574680376036e-01 6.782206125259221396e-01 5.876394429973132993e-01 7.841409629724142016e-01 2.733712923657345972e-01 5.365866490939278366e-01 6.474857220674236080e-01 2.002105894633453009e-01 5.133235330574751482e-02 4.634996590896091062e-01 3.494233067375930313e-01 8.326469505674507499e-01 7.920917722293130403e-01 9.072141006962872734e-01 2.441623709352906679e-01 9.592898229432198498e-01 4.486929966054843399e-01 5.155760419871965317e-01 1.376924240280757994e-01 4.736147129171294767e-01 2.752941869705160822e-03 9.218405382814913729e-01 5.337959542312068484e-01 8.455907339814657808e-01 2.146798765276285714e-01 3.532994023657911598e-01 3.627727888303389214e-01 9.088807973080816893e-01 2.804788845225503202e-01 1.064000000000000000e+03 -1.254333333333333123e+01
4.568320962797169787e-02 3.051490326569460398e-01 5.339207433116736068e-01 4.231786628204712297e-01 3.714424855602773690e-01 9.655201246498605616e-02 4.539878766960424583e-01 2.543758490909631687e-01 6.154476124719353569e-01 1.424411261214202085e-01 6.197530597665543706e-01 7.428262150917537276e-01 4.766836470389648750e-01 6.195256419179864249e-01 4.627334587545043343e-01 5.718989194723496094e-01 3.964998813585250415e-01 5.528711660013653217e-01 5.634784228254976490e-01 4.273416344066880979e-01 7.323745718622118317e-02 4.824091070515960089e-01 4.993602555629323425e-01 2.859860885000230502e-01 4.088670828404711299e-01 9.259741498757690925e-01 7.381239520014564182e-01 6.623379503475317065e-02 7.603829072103838183e-01 2.873061297674525325e-02 2.757631347469570726e-01 1.188422140819004528e-04 6.540000000000000000e+02 -8.386666666666666714e+00
1.108854236274403327e-01 8.020463280741055856e-01 3.987387679831667919e-02 5.306552448452588333e-01 1.690724823389042342e-01 1.941550058918840027e-01 6.672020152448396857e-01 5.216592544487079763e-01 7.591107242447833192e-01 4.701420981503642293e-01 8.558172067278746464e-01 3.988685335673073165e-03 8.255225304816352638e-01 7.105970043087763699e-01 7.313327842842698434e-01 3.810121596785737697e-01 1.323896065783160547e-01 6.729775322224155198e-01 5.405281456289311171e-02 1.623242265092037506e-01 7.214112177737848075e-01 4.077397317211129413e-01 7.292913618565513012e-01 5.797639820810640554e-01 2.700521845119230879e-01 1.148560871945959599e-01 9.880947779061752811e-01 7.587113989583544882e-01 7.769569427951709961e-02 9.678333997555792212e-02 8.260722142603905693e-01 6.752998455245114995e-01 9.600000000000000000e+02 -6.103333333333332611e+00
8.151219187652072318e-01 5.274273354498268951e-01 8.840089696714226175e-02 8.657577437215348004e-01 8.170489235953045659e-01 1.728997785095600093e-01 8.597376763527200816e-02 2.227300921166591452e-01 8.770181975038766620e-01 5.465238987703550100e-01 5.750227085209668187e-01 9.094837738667342908e-01 1.317190519742365007e-01 5.852766026733757787e-01 2.273624426507550311e-01 8.574141533763554035e-01 3.579277984943725344e-02 1.121044504710683731e-01 1.415271499575850023e-01 1.892827670307735410e-01 5.473626484477503995e-01 5.062048559307512630e-01 4.101598708152049411e-01 7.753632141739409400e-01 6.988066588893979691e-01 9.457684285631901000e-01 1.290091396514009836e-01 7.810694209659609921e-01 3.940694282110827062e-01 7.597551167281091367e-01 5.816296164502789967e-01 3.923331183724804161e-01 1.206000000000000000e+03 -6.433333333333332682e+00
4.591050636143128583e-01 5.092325236331918248e-01 2.282640202322910594e-01 3.966194208457708981e-01 2.589161625682150358e-01 7.217058786508895318e-01 3.099935391692509312e-01 7.753290855763482758e-01 8.911990174349365690e-01 9.267562749265941813e-01 2.555462952511708408e-01 2.562844118703131446e-01 5.775162499642306768e-01 1.235339311124037526e-01 5.381723576332992920e-01 4.190223334924312315e-01 6.097029087312884066e-01 5.776646672445280295e-01 6.041922216319318695e-01 9.509836399139581786e-01 9.180689862103373899e-01 2.561528899969537365e-01 9.149555899959692373e-02 7.996492890330827441e-01 8.595276342541346981e-01 4.840785281536730822e-01 8.927046735326263915e-01 4.184644965511836179e-01 6.290910135439186091e-01 9.596623114712965474e-01 6.257867655703974741e-01 2.529713565020850208e-01 1.404000000000000000e+03 -1.584666666666666579e+01
5.274725378998119663e-01 7.616191857332329507e-01 2.028930162805723039e-02 2.986216385642636029e-01 7.802308647389010199e-01 2.613616069631805594e-01 3.851069579679903820e-01 5.290700983746573494e-01 1.994192987413544449e-01 7.632663812098308131e-01 8.117577287078682202e-01 8.245061376707836232e-01 6.165929718821653305e-01 3.908627545894065580e-01 1.659677523103299801e-01 3.038322632877170082e-01 9.485023691514835043e-02 2.027045215056932914e-01 8.158104423667598137e-01 5.788345350510143428e-01 9.007850183584172887e-01 3.862613233700117887e-01 8.695581238052343398e-01 5.040644540904849064e-02 4.449657619143447262e-01 1.501247579319612557e-01 3.479795007906889004e-01 7.461404974431096182e-01 8.220068722558889762e-01 2.312390010547759056e-01 7.283603697319512849e-01 4.429342594563137614e-01 1.038000000000000000e+03 -8.436666666666665648e+00
4.189622429399909587e-01 5.950156963764934304e-01 1.956232302657928135e-01 1.853508726728327061e-01 9.162194628558604226e-01 2.263358456959838894e-01 8.204072675851288299e-01 8.261320159691749598e-01 6.821706395524205213e-01 7.828700774298109899e-02 9.600408382523322182e-01 6.489578564513183434e-02 2.798285906948690394e-01 8.652596931720982765e-01 3.675755883992327666e-01 5.204239890893941345e-01 2.537738530991504038e-01 3.513587865211981742e-01 7.218897498517069522e-01 4.409262662328875676e-02 9.330890670613490867e-01 2.219636035033515642e-01 7.713446902778234859e-01 1.367199463379012159e-01 6.481300749357711277e-01 2.575097959158744176e-01 2.011896183999300480e-01 8.886939677521368264e-01 2.583794238057737780e-02 2.016263838163233624e-01 1.883998382452828080e-01 9.324144558164088048e-01 1.210000000000000000e+03 -7.513333333333332753e+00
2.033493168497021164e-01 1.367772968492924901e-01 9.902300033160561510e-01 6.738876016602842745e-01 7.087632017192855294e-01 8.820884372451068822e-01 6.242389430282072604e-01 6.635305267853646161e-01 7.380303866130255575e-01 9.009088951725299221e-01 4.187495933504810641e-01 6.806371369888423173e-01 2.560283819722687926e-01 8.841305054449712930e-01 1.230247788887201960e-01 8.379043239914788499e-01 8.296593187569387684e-01 1.240397769920554144e-01 2.914893502972550898e-01 8.297078784287866826e-01 4.708988843131450830e-01 7.996655863084349836e-01 1.176228535993644603e-01 3.091734393095438294e-01 8.019850339046413756e-01 5.649196821878920555e-02 5.339703560304148722e-01 8.105742130606993223e-01 6.601958738374823499e-01 1.871738025522666216e-01 9.592122367777622394e-01 3.641368397159855386e-01 1.366000000000000000e+03 -1.367666666666666764e+01
4.437627262071762724e-01 1.774492498955551334e-01 6.459583429651035713e-01 6.309325319217399253e-01 4.375849279407079684e-01 4.378458333550104831e-01 9.387857175666242115e-01 1.093355197674352186e-01 8.536561434506964030e-01 5.367740063725827682e-01 6.334623706049895553e-01 8.611030000512015503e-01 8.230705444912143065e-01 4.820058703547920598e-02 6.844843189058332777e-01 3.575942349237061068e-03 8.612525724174530106e-01 2.841471215750552282e-01 6.768812800021503095e-01 3.942892585971513042e-01 9.701184254551863395e-01 3.561080283285736336e-01 4.279282931725567063e-02 1.226759771329126725e-01 1.759817769119534081e-01 9.939394156483850606e-01 4.902954384922211251e-01 7.256460920961930183e-01 6.920537742827067573e-01 5.683037754334501201e-01 6.352892578596985862e-01 4.368146075533703709e-01 1.206000000000000000e+03 -9.396666666666666501e+00
2.647319200621682245e-01 6.185398228603294912e-01 2.764628181481790237e-01 9.547906123593250527e-01 4.927554507243903648e-01 7.819693264566618396e-01 5.491820819040201807e-01 7.481353560480412390e-02 9.328702333780570788e-01 5.002658019989347782e-01 3.398625334119712571e-01 4.289634510804754552e-01 5.884857703758888947e-01 6.455670880648022303e-01 6.063019733275017975e-01 9.753243251113445922e-01 2.945245106637151555e-01 5.257567791022991210e-01 9.034835383028569922e-01 9.720860438609830734e-01 1.241691750899000107e-01 5.866164268400831938e-01 2.914473677770725302e-01 4.385575351392258514e-01 1.739005472919854245e-01 8.331456457407028504e-02 2.731258144668745058e-01 9.970005501951479943e-01 8.795403549215820016e-01 4.206310447895825755e-01 1.299919703613315325e-01 5.843073471038912059e-01 1.304000000000000000e+03 -1.460999999999999943e+01
6.787634745238242395e-01 3.234259555056481772e-01 4.085139107148107879e-03 3.787128463808961138e-03 9.442298795054534510e-01 3.205609801659321523e-01 3.348712946042977645e-01 6.299352210309131506e-01 3.623596279068643788e-01 8.793182874708233010e-01 8.732252419850938807e-01 6.457914958855939247e-01 1.945123391905969057e-01 2.333790000019746735e-01 8.706667030031640664e-01 4.922472339020687038e-01 5.818183464855872788e-01 4.637706339447522086e-01 4.418323939684516977e-01 6.036538245257567770e-01 3.583152603648198653e-01 2.404226183586348764e-01 4.279567606169879523e-01 8.242597660536568061e-01 3.379184323630031184e-01 5.648309529363804149e-01 6.810044694839416657e-01 9.069772147783835559e-01 4.171804937470733332e-01 7.187724014706049491e-01 3.273568776219242804e-01 5.188046620285310384e-01 1.128000000000000000e+03 -9.619999999999999218e+00
1.264336078774823402e-01 4.771470828356803584e-01 8.846643645840808201e-01 6.610541140999019738e-02 3.904075622563727976e-01 1.627702681745387195e-02 6.006311782398275900e-01 5.033860875402702550e-01 2.800096184941274500e-04 7.143679900271692196e-01 9.992536689226688695e-02 5.811497851014915117e-01 9.076716538263897016e-01 6.509288796237969743e-01 1.048911241285429841e-01 7.372525635569072699e-01 3.010199153331373223e-01 8.054414850335102349e-02 7.398753363291792340e-01 9.315200952535667156e-01 2.129394084907438034e-01 7.334001316944228632e-01 4.906745770617608748e-01 2.026954607600787439e-01 1.407141795013921726e-01 9.566070180993804239e-01 6.593775516880578946e-01 9.863769892476476064e-02 3.226726339601919125e-01 8.618134244780509823e-01 6.694592960664800252e-01 8.243144920233949069e-01 1.218000000000000000e+03 -1.346666666666666856e+01
7.299929245612041262e-01 8.589274683513994368e-01 7.131475235226892861e-01 7.872909723193435294e-01 4.538258909775414462e-01 7.420616327307834048e-01 1.176283766714723983e-01 7.666608554665192976e-01 7.963804484690204522e-01 5.182793470380585577e-01 1.716294154997294319e-01 1.904264239544951054e-01 5.078441854007085254e-01 3.164448190039126363e-01 4.299321385810017104e-01 2.623271914598369545e-02 1.137290134549213821e-01 7.416955806179367228e-01 8.426680491703343323e-01 7.500141176909516094e-01 8.244373062666401353e-01 5.695934182792948830e-01 5.126691389332018942e-03 5.538315199865220251e-01 3.990320977278534742e-01 7.626843017135810365e-01 1.623852509330939720e-01 4.482081314345378042e-01 4.216199503857900877e-01 3.754611869163148596e-01 6.576131149185083791e-01 5.110274096484745954e-02 9.980000000000000000e+02 -9.813333333333332575e+00
7.974036861647653129e-01 2.088943351341312760e-01 3.672157936894929753e-01 3.836291951941803863e-02 1.991187096741315471e-02 2.719852843016020705e-01 9.252374668904957966e-01 8.203134321550162866e-01 3.999693773897597393e-02 7.366878468475536179e-01 9.363259498184026697e-01 3.254680946219351001e-01 2.820030025341288549e-01 9.165912160998095359e-01 5.547582588204521548e-01 4.118633484972956255e-02 5.767843192721168188e-01 8.058967910859330397e-01 3.933269471763822106e-02 4.103468205285062398e-01 6.783616687458818850e-01 9.527799059218785560e-01 3.880545001249601222e-01 4.175409305491766809e-01 3.597425712892839966e-01 5.595502463285514372e-01 9.597359354782267760e-01 1.706606034036823871e-01 4.640126910889033618e-01 6.522266451141995880e-01 5.427103819643114280e-01 1.874692952120950995e-01 1.134000000000000000e+03 -7.903333333333333321e+00
9.631600605217974786e-01 5.775245184194551795e-01 5.542202998801660785e-01 3.288752146376044405e-01 8.269858628019233215e-01 7.108104566023538684e-01 4.741490552555317761e-02 2.016064943269225695e-01 4.507296422056150109e-01 3.719172239656190482e-01 8.941098881043634261e-01 4.979397244398152678e-01 9.996268829186405469e-01 5.365357993096251388e-01 9.207189083974459676e-01 6.120338637524895820e-01 6.878154892080495797e-01 9.745881899606989585e-02 7.404384454238603641e-02 5.389426122281187892e-01 6.933714399753838631e-01 3.258562511715824839e-02 9.707809027690599279e-01 8.393959662740377858e-01 6.040572968590225411e-01 5.850281062468187798e-01 6.242023380668951793e-01 2.057310425514385574e-02 7.370018373790987454e-01 4.251940481798132110e-01 5.235106407158460762e-01 2.079328121444190547e-01 1.226000000000000000e+03 -9.896666666666666501e+00
3.087034056579238822e-02 2.872877560090278740e-02 8.653284191029075867e-01 5.101779257322749395e-01 9.714207587089285223e-01 7.544634620786730972e-01 1.618899683982257809e-01 9.782091504985472585e-02 5.083786472892806163e-01 8.614113313099289737e-01 2.679388875091015532e-01 2.072390011326689097e-01 9.265875924206051772e-01 7.823679907658038779e-01 3.982009472825043250e-01 1.673217999264210998e-01 9.867401361317509334e-01 6.952082185244291557e-01 1.880341626258696663e-01 5.942563621059696599e-01 5.696286996053845364e-01 6.617476681906518943e-01 5.240573447526793993e-01 3.039831808173886277e-02 6.283174260201278560e-01 8.651321221814183282e-01 8.163472485540137491e-01 7.153570007378906581e-01 9.303968070945785040e-01 7.310350721521610695e-02 4.641959863672019959e-01 7.757245831001920999e-01 1.462000000000000000e+03 -1.171333333333333293e+01
4.764503527984788600e-01 9.434625684076954899e-01 9.510567757770663766e-01 8.844578570197746403e-01 6.126021285304638075e-01 1.916381728693959952e-01 2.499167786318880480e-01 4.156577309560869904e-01 2.831685774052919435e-01 4.440165501352817401e-01 1.405470425991337934e-03 3.412915467332881536e-01 1.412184016351026583e-01 1.927290415515472977e-01 5.142436297848173021e-01 1.340750370422004178e-01 3.599476987385586968e-01 5.342156652031638808e-01 4.798248956649088237e-01 8.497281605670334304e-02 3.421430159577896202e-01 4.026114737921336617e-02 5.408771832531377166e-01 1.568282877060238889e-01 7.223675896523726880e-01 1.873145900980404677e-01 9.431522033800144866e-01 5.039273549098505223e-01 7.204968374209314019e-01 3.923281327188873346e-01 7.731374731434627057e-01 2.842585016229235984e-01 9.260000000000000000e+02 -5.276666666666666394e+00
1.426222035981760672e-01 9.107293232955424589e-01 8.575162235967076496e-02 1.420913427527480122e-01 4.084803527691068803e-01 2.146784028498989472e-02 5.872077383095184455e-01 2.407953273527357607e-01 3.957333458492031664e-01 7.375699114425514624e-01 4.588824055956782222e-01 9.761929492998767666e-01 1.840380727689879814e-01 5.919749100153690741e-02 7.869390922084354423e-02 8.706526442451748560e-01 8.496897922317011576e-01 9.371174017201279183e-01 5.012703536480948019e-01 6.648703629328114317e-01 4.445124258623669444e-01 8.272181602681668577e-01 2.425817592395371203e-01 6.731297749681988130e-01 4.577664489410222803e-02 2.369853330121043655e-01 2.519708584930979711e-01 6.452530787344635810e-01 6.432971911549746347e-01 8.849664156338398202e-01 3.553868716777011660e-01 5.740023974028722886e-01 1.130000000000000000e+03 -1.119333333333333336e+01
7.117445925068711654e-01 7.149799319906910977e-01 6.260389977439805298e-01 9.058725571253682940e-01 5.707586153596052592e-01 6.484032665740800949e-01 4.147940200372667863e-01 6.003708090118342611e-01 6.612586554982764486e-01 4.062959552844211952e-01 1.171564640087661147e-01 6.188608050814712325e-01 3.538111109283441635e-01 4.775801416112860354e-01 2.988370410780637476e-01 2.155483107435836043e-01 6.686816511856124023e-01 9.965090809786660841e-01 6.491606659503577070e-01 8.090583029287906625e-01 5.019131553246904132e-02 9.912688572000777354e-01 9.183224254166925116e-01 9.702240401605439768e-01 2.269755248598592789e-01 8.497518616628524368e-01 9.225486635475894648e-01 2.973816788069763573e-01 5.891145832907237478e-01 6.353312823807475418e-01 5.643203467248755212e-01 2.984884254241708668e-01 1.388000000000000000e+03 -9.356666666666667354e+00
9.770489158995802059e-01 8.940976327494291054e-01 8.302307100645134330e-01 6.033580370372655377e-01 1.552839872778448982e-01 5.323796114399413915e-01 2.885496731632908873e-01 1.676254457099307649e-01 1.523954496584773999e-01 6.732805487773806385e-01 8.361741393347881246e-01 8.595457367141427774e-02 8.628097404122830882e-01 8.655729450573447503e-02 5.436530958484501325e-02 5.392329768179170424e-01 9.693684029101568012e-01 6.555320560837513133e-01 6.480774469431971330e-01 2.816466113710127880e-02 3.750015739436312057e-01 6.871889250059226573e-01 7.859821388458447800e-01 5.103240164121516376e-01 2.392560901474725388e-01 7.235406693152115487e-01 3.324457829373105022e-02 1.060052670255479286e-02 1.079364957860068502e-01 1.311635402501095393e-01 1.620340839570994507e-01 4.908909884112294675e-01 1.044000000000000000e+03 -7.986666666666665471e+00
3.837932107409603999e-01 6.119278119345711309e-01 7.239702591572738655e-01 9.146525176009558944e-01 3.219124712878402295e-01 4.806717823642708137e-02 5.715194209005685089e-01 6.452221310819968858e-01 9.158383587021239336e-01 1.144077582024434769e-01 3.512818897725495382e-01 8.348588263943360621e-01 9.579236282644157940e-01 4.394150637589990804e-01 4.783566160685974178e-01 2.590493746612161918e-01 6.216841439222273724e-01 3.828297171423311052e-01 2.215915744585487401e-01 8.717210232599112985e-01 1.037794630038823690e-01 6.286117407733864404e-01 6.729947799184347046e-01 6.903107287334628861e-01 5.680794590065744165e-01 3.232757149664905461e-02 5.488430509012334202e-01 2.778401755211324931e-01 8.055966039001574153e-01 7.765122365678134297e-01 2.855164506907566513e-01 3.461441302545235077e-01 1.120000000000000000e+03 -1.165000000000000036e+01
5.142135713917879158e-01 9.770104640388650452e-01 1.670243871289153192e-01 5.952987943667192861e-01 7.964628142909122577e-01 1.531906825031855990e-01 7.460529775068489577e-01 9.481684913392105507e-01 1.870201404365442466e-01 2.991864031091354126e-01 9.123961670985805128e-01 3.797803998196378483e-01 2.995677632054147832e-01 5.700135025472022887e-01 5.724688850986507302e-03 1.452444319175493770e-01 7.882317441982142903e-01 1.794464054228040450e-01 9.241493495226799082e-01 9.994490463771545929e-01 4.148217225649831197e-01 6.484331536489440495e-01 9.390271921779380637e-01 8.530397482573065515e-01 9.657504682113330352e-01 6.543399555486469898e-01 2.131410762511257717e-01 9.476316292083297732e-01 8.453633327891511007e-01 9.124815977977784875e-01 2.095268241078662719e-01 9.136710016916439747e-02 1.664000000000000000e+03 -1.291666666666666607e+01
3.649443698758988996e-01 6.742043151886965013e-01 3.404224477438220209e-01 2.477492572910472424e-01 2.049104399421507461e-01 3.069885145215719424e-01 8.466076651821133892e-01 5.672200276021431842e-01 6.377452508144583476e-02 5.731763578380419943e-01 6.218743773052571450e-02 6.557175082269351973e-01 9.774302336709114192e-01 9.753513975154975979e-01 4.567288424712964007e-02 8.130992092749524114e-02 7.493089750192242215e-01 2.810087146382263257e-03 7.996612184136369095e-01 2.380631507163388783e-01 2.930978853182891752e-01 4.570834110861907162e-01 5.639897147865080562e-01 5.411751724952723608e-01 1.074801477029335289e-01 4.479574492341997088e-02 7.865998854174426347e-01 3.173674127395060829e-01 9.690907182598853531e-01 2.541980178032742788e-01 2.358378505953686588e-01 7.702038282574875661e-01 9.380000000000000000e+02 -1.081666666666666821e+01
8.571298068153134775e-01 8.180239372560502709e-01 3.026510040765870158e-01 2.847456015807514618e-01 7.632322080600985048e-01 1.106262682221928195e-01 4.284616429193034426e-01 9.289509409446305988e-01 8.288980075593638253e-01 3.207367226951490236e-01 7.655425375603560623e-01 7.151647518321699870e-01 1.792654339817563447e-02 7.307559132735514940e-01 9.006930459704124425e-01 5.918194297773385903e-01 4.448956950970360813e-01 8.768977138034098617e-01 6.302778774947175311e-01 6.345170804497333172e-01 9.482162281705919238e-01 9.588641541002333735e-02 3.822391529938151677e-01 2.199219436136300998e-01 5.417861041405879208e-01 7.189857065948934700e-01 1.420649524870394309e-01 2.055534216579595341e-01 8.651475387009047724e-01 8.279461073056290088e-01 4.094335501313317582e-01 4.679153694355684401e-01 1.420000000000000000e+03 -1.206666666666666821e+01
6.963538405222606809e-01 5.117881812978071487e-02 3.730969464825299453e-01 7.396338046720719595e-01 7.207610170492794177e-01 6.768541738812886566e-01 9.846819739197474330e-01 4.407886414489996518e-01 7.732333892713098011e-01 2.821697361030753859e-01 2.893132823570122580e-01 4.812862663995464141e-01 6.568783825658701669e-01 9.582797285768708262e-01 9.831301082128168778e-01 3.499689373222513722e-01 6.506026181803753472e-02 4.213292579820231420e-01 1.222474330011736887e-01 1.369255564988660356e-01 1.800653636061397556e-01 5.563225597982903725e-01 7.157271668639443307e-01 7.605623618508902672e-02 8.201745871123128362e-02 8.393210116277776134e-01 6.032027328536609251e-02 1.069005559088493096e-01 4.746914772657855330e-01 6.721319182769343037e-01 5.580442839746075911e-01 6.220823340639876076e-01 1.000000000000000000e+03 -4.743333333333333179e+00
3.255562885427667474e-01 4.154615020174291518e-01 5.957076520969161182e-01 4.674654221402828602e-01 5.238913940186945561e-01 6.662671997724483042e-01 1.408044393770706559e-01 8.421569842386836813e-01 4.711590027408616987e-01 1.666701158186531251e-01 7.065561927880514848e-01 7.313323801513430533e-01 9.403011103883729405e-01 7.411117999791735356e-01 8.441327705303247608e-01 2.697034556951178330e-01 4.092371080498345970e-01 3.262235778753037191e-02 7.100989585813719529e-01 1.518245908925990872e-01 4.303321258295966234e-01 7.853371275069168655e-01 2.680141958163050411e-02 2.766724818941277975e-01 9.602918822858904635e-01 4.086509894079771721e-01 1.911319731661690335e-01 2.578966430275638211e-01 8.359466213542094959e-01 8.570842347580684972e-01 2.251114282908140141e-01 1.143004675059749592e-01 9.640000000000000000e+02 -1.033000000000000007e+01
2.898169631252180412e-01 4.557299707576763503e-01 1.877094245903198622e-01 6.564236891717676325e-01 2.127824380849057673e-01 8.674712166928008061e-01 3.516020656518508702e-01 1.574576248882203489e-01 9.565478408325470694e-01 9.757131382873546199e-01 1.254485035278584126e-01 8.789468338299470940e-01 9.703641767638704341e-02 9.052744471140181659e-01 4.100811441571897698e-01 4.719766887188499016e-01 8.061740471702908417e-01 1.598780476097463321e-01 7.769206407844293505e-01 6.798688981950661292e-01 2.001083663616723685e-01 9.114287617059931845e-01 9.053559167874420943e-01 6.385383812205540632e-01 7.772790491510008781e-01 2.177024058544693164e-01 3.132157216926413912e-01 6.678927106531776792e-01 9.120932972046870424e-02 7.513477618625128418e-01 7.501939079077114547e-01 4.927720367351126063e-01 1.454000000000000000e+03 -9.323333333333332362e+00
2.433128654822614700e-01 1.613572959859432276e-01 7.385003418018025734e-01 3.757697318122791841e-01 2.813799751443606390e-01 4.186762791465121758e-01 2.443775298843667981e-02 3.122466845906058941e-01 5.157554920191022019e-01 2.658431714223401521e-01 9.995851130677085861e-01 4.418222714678428642e-01 4.466435517965173241e-01 6.760108410132015244e-01 1.570655775813974420e-01 1.872295043900369105e-01 5.302494792408581903e-01 7.699424837543551448e-01 9.993369430425915745e-01 3.668919420497809836e-01 2.372527699417436298e-01 5.329509538474809238e-01 6.480376006911093834e-01 9.867559081502325080e-01 8.287583468722762303e-01 3.310557269355941523e-01 3.882239914223497568e-01 5.523495750000572135e-01 7.189648413458219478e-01 8.174730243735159885e-01 9.366330592468573302e-02 5.346839207404562311e-01 9.600000000000000000e+02 -9.936666666666667425e+00
8.831449564362949811e-01 3.499899260358423914e-01 2.832159168948946704e-01 9.345159981836469454e-01 5.693625210524327906e-02 4.411694126899896595e-01 5.196027193407375400e-01 4.652622554495141061e-01 3.507599425483762801e-01 8.390450688605952667e-01 3.747653830389699459e-01 6.916943067838383641e-01 5.202471674109403477e-01 6.064952714159822511e-01 2.672132078377382203e-01 5.483970834290244900e-01 6.573851904572214355e-01 7.262660157683291651e-01 3.350703008479593015e-01 5.083311158775560834e-01 5.726820428074429203e-02 3.188781629054713851e-01 6.854903583359930330e-01 9.895586621195470722e-02 2.907602274202523152e-01 6.733157110590466399e-01 7.989008863621765988e-01 3.597138748507809625e-02 2.585914724858157654e-01 3.154587174877666045e-01 3.392333683790855203e-01 8.432089246874369115e-01 8.520000000000000000e+02 -6.150000000000001243e+00
8.793892795290891851e-02 6.660692807521562120e-01 1.401642583449635437e-01 2.390041117522518077e-01 6.572252248919113748e-01 1.338165372513434037e-01 2.274701337743870733e-01 4.794280197319517600e-01 9.800568229436204537e-02 1.286151810707845400e-01 5.183502124052510179e-02 5.675265506986935105e-01 7.422270561835965230e-01 1.982990352446671600e-02 2.827847125126898842e-01 2.074762961517231108e-01 2.749155668272916242e-01 3.879502587720543572e-01 1.295404812495946079e-01 8.577686050223096714e-01 7.994201299946059880e-01 6.719852342825071156e-01 1.672977511021868369e-01 9.331088666752345162e-01 2.550042852721407516e-01 4.964231455797962766e-01 1.094519677632152937e-01 3.440235219016247181e-01 5.218200890967273908e-01 4.501509775314359585e-01 7.116230049637336519e-01 9.824912874597524493e-01 7.820000000000000000e+02 -7.629999999999999893e+00
4.860923737723970087e-03 3.711873059278132381e-01 1.560699652274759874e-01 5.443488429947286322e-01 3.484424973443274176e-01 9.450115103360626767e-01 4.822517784556946685e-01 9.381946430434502382e-01 1.735364431222491122e-01 2.152442226594092622e-01 6.043929004755010936e-01 2.221356708224664356e-01 3.707371095280264650e-01 3.548509894680801358e-01 3.170932298222906009e-01 6.684412791084336225e-02 3.699531894627944850e-01 8.521155980605739089e-01 8.725883768529506535e-01 8.044082060734314421e-01 7.710864027989234870e-01 3.367316858016956016e-01 8.440200518569174193e-01 1.858182863473492596e-01 3.703920684406904473e-01 5.151608503314911713e-01 6.373848040491786326e-01 6.591411418060552085e-01 9.865030669237601080e-01 3.293455129886693755e-01 9.188532535015514480e-01 3.498149142599676215e-02 1.138000000000000000e+03 -1.472999999999999865e+01
1.866131312660327390e-01 1.022746525159715647e-01 8.963167492831899397e-01 4.936533570851387442e-01 9.908765875371191578e-01 4.992772895540517619e-01 8.246064861170663285e-01 8.946380128494464401e-01 6.941074119135320908e-01 6.509910461311870788e-01 2.122929041369267800e-01 1.355976561626370258e-01 2.330682584036159188e-01 2.869820777680843205e-01 3.404233566168281544e-01 6.413461399691304798e-01 3.112919061296924930e-02 4.084835295569987923e-01 6.923451720566475842e-01 1.721540252863323905e-02 6.023119857726739745e-01 6.109104015303429280e-01 6.248496422884830537e-01 5.059284602741381809e-01 9.120273983720098010e-02 2.934916834509036510e-01 4.160756245747820881e-01 2.428873237667177887e-01 9.564982005641764484e-01 5.052594219825211619e-01 5.885316614504444710e-02 9.743342477373380106e-01 1.060000000000000000e+03 -9.639999999999998792e+00
4.986548659511319537e-01 4.216461830256109100e-01 4.088538398802553653e-01 9.727167791802768804e-01 2.310870681925284442e-01 6.875863251920905084e-02 3.283128587575515622e-01 5.795016361814631090e-01 6.444243279576368222e-01 9.945472823030792053e-01 1.553824788319124461e-01 5.585556967426154040e-01 7.349066726253024040e-01 9.846706548755956856e-01 7.611064053323471912e-01 8.777732159247764177e-01 2.387483436651942348e-01 2.470978721097575326e-01 9.534555174963803975e-03 5.223528974384910040e-01 7.059062362661756573e-01 1.482773013697995246e-01 8.253265304252366263e-01 4.478521032970622096e-01 9.976949421034055909e-01 9.108601041812185439e-01 3.839383211839048626e-01 9.187791214124977346e-01 6.015854450088624628e-01 3.690972469991455479e-02 1.111148067478391205e-01 4.116329735590699146e-01 1.348000000000000000e+03 -1.043999999999999950e+01
9.328207206798069251e-01 3.983632143999884523e-01 7.598337586253975928e-01 4.548424504188546269e-01 1.328908035371182961e-01 3.895820694680035556e-01 8.064923593948807312e-01 6.879615323344836497e-01 2.325102614186061734e-01 8.431435720779033582e-01 7.209390272246655185e-01 1.039982488455781090e-01 4.374869510855326077e-02 8.561499874315098291e-01 6.342289059635138893e-01 3.513410659292451332e-01 5.029857863438711441e-01 7.834827704711265772e-01 5.834813881078568798e-01 6.425982367115046223e-02 2.799609224801076213e-01 6.794439825605698424e-02 1.481525593593761847e-01 7.658987738626810149e-01 1.008091318033584906e-02 7.739285674091903600e-01 3.323101729339706933e-01 5.753945391763897188e-01 1.798859481807259797e-01 4.605622186297387288e-01 2.515924069115623718e-01 5.496115840834083777e-01 8.960000000000000000e+02 -8.436666666666665648e+00
7.516064527458933275e-01 1.411763174098311924e-01 7.945187456630409262e-01 4.202880617089155835e-01 8.775013085342950880e-01 4.658361333209062316e-01 8.843473181128210792e-01 9.941961615479447678e-01 9.103904605921778748e-01 3.475800787208325193e-01 9.726069705110229613e-01 2.315847139941597244e-02 6.004707157735700296e-01 7.994970179794962384e-01 2.166072552878190241e-02 4.492691013475905160e-01 7.338598123592557920e-01 9.046654864132189777e-01 3.185786383847898917e-01 7.320358013281724752e-01 1.572761997792111455e-01 4.265513707995666204e-01 1.932466409448490297e-01 2.285552135135726637e-01 7.030969257609448464e-01 3.855947377961302380e-01 7.171942513673800201e-01 4.787629735213410620e-01 3.586893950787486962e-02 8.014427459639166251e-01 3.108366316556621101e-02 6.936910426007067976e-01 1.422000000000000000e+03 -9.493333333333334068e+00
8.961220308683212066e-01 2.302044814003543494e-01 7.808580961081638128e-01 3.452658675278143519e-01 5.340354991190082723e-01 8.159658425040658969e-01 1.976802800408440364e-01 4.531879003368753656e-02 2.163485724634383045e-01 1.627950606945870182e-02 4.372177807660037607e-01 3.917441423346899043e-01 7.003282401577265448e-01 3.813830214567753285e-01 6.681492841406392325e-01 9.218565758725216774e-02 3.200481827097864107e-01 8.922219307515777409e-01 4.624052310205601923e-01 2.712840521471709954e-01 9.982514824479792326e-01 3.031757514111845797e-01 2.473168577249583722e-01 9.613435743355365215e-01 6.124147282660637875e-02 1.587896386621512057e-01 4.531838119960899802e-01 3.922546243906592789e-01 2.817950378964546587e-01 1.154971058863612510e-01 8.421474737590822768e-01 5.397245467347077524e-02 9.200000000000000000e+02 -1.077999999999999936e+01
6.078625759861870648e-02 7.525096239911059914e-01 4.710874095423872587e-01 7.570220938308950265e-01 6.955947414423530040e-01 9.811214834302308674e-01 7.579505525594691928e-01 2.975873109820783013e-01 4.365819871494521776e-01 2.005462776167296901e-01 6.918115045636455962e-01 3.553189565219497803e-01 5.315024174860715211e-01 9.408839212156788756e-01 5.763535709672236163e-01 9.337941410122859720e-01 7.029854590836819295e-01 5.801488079550197741e-01 8.412076391938052566e-01 3.382745895594168606e-01 8.356603795532866474e-01 6.116062873872866665e-03 2.994966049694606780e-01 7.276712963176517057e-01 8.964834511484387480e-01 6.890929266856967716e-01 4.262445338495414737e-01 6.025229760086594499e-01 2.646316293661457597e-01 5.437583147952340656e-01 3.777026200441148118e-01 6.548104011532988045e-01 1.276000000000000000e+03 -1.058999999999999808e+01
6.635033417392857125e-01 9.638367405288954526e-01 4.418349306435170321e-01 2.647759689802522409e-01 5.929768067801586273e-01 6.875596648435533531e-01 1.780952614957660440e-01 8.689225833502585150e-01 3.234826217056174236e-01 6.302733303634114881e-01 3.989493537942201962e-01 2.984278239319030357e-01 6.472198513668105113e-02 1.201745486392082896e-01 1.197586846189480220e-01 7.882837231714321380e-01 1.453688492578810443e-01 6.916045618257669891e-02 5.344497158953691596e-01 7.618598749186834551e-01 1.116414913009862453e-01 9.686923642450271377e-01 2.242888866497967648e-01 7.486684013412454597e-01 8.651975984312857415e-01 3.930668508301938813e-01 4.719590170061112311e-02 3.840214684195071837e-01 5.440664453584046489e-01 1.552796391867468651e-01 8.912360898334583670e-01 2.176251622625682836e-01 1.084000000000000000e+03 -8.083333333333332149e+00
8.063208885134721948e-02 4.971502973814208026e-01 4.215728032098448042e-01 1.386310303890944395e-01 8.670503246085368154e-01 3.734754833795856377e-01 3.913515708748063759e-01 9.766797557663559060e-01 1.392570146995458502e-01 3.218142810038481655e-02 3.206465831697592472e-01 1.460800165668361683e-01 1.083837275990751081e-01 3.127886501755662296e-01 1.826720786003950270e-01 3.898226499710341075e-01 5.155384270936835822e-01 6.191985525843087812e-01 4.032196434214127545e-01 5.583387942119072411e-01 1.605010790662416420e-01 7.572346263130251831e-01 6.044295300682361177e-02 6.618745129942774641e-01 6.678479437755630022e-01 6.094510145435484867e-03 2.929482434297310811e-01 4.588923173672698197e-01 1.702602143496800557e-01 5.242273377946412571e-01 8.655717350928855414e-01 2.341245546421346913e-01 7.220000000000000000e+02 -7.089999999999999858e+00
4.251633582136700173e-01 5.471223195990178034e-01 5.964071435261403958e-02 9.978816681563322799e-01 8.431126422597166048e-01 6.071379659250832894e-01 8.599416196232185783e-01 7.120925902062232860e-01 7.153025866341174988e-01 3.683431541153699973e-01 5.091122149361664295e-01 5.386573217225846255e-01 6.316779904088828390e-01 1.749924282503850514e-01 8.013119992312076612e-01 3.215646470664447198e-01 5.518296281929691016e-01 4.990494778030216821e-02 2.758265959086782584e-02 3.792281827531998606e-01 3.325784435805860251e-01 8.154674788106470729e-01 8.065101439125029748e-01 6.294761495262527484e-01 3.267193848962834934e-01 2.065869916309487631e-01 9.680288692278150586e-01 4.341470587616515497e-01 5.616048316569866028e-01 9.847909782406653045e-01 4.848648908173932015e-01 7.897388730935053225e-01 1.198000000000000000e+03 -6.023333333333333428e+00
7.596499674414962655e-01 2.805344037415220537e-01 4.943260695950239536e-01 7.925761208773076660e-01 4.758776273572034032e-01 4.747770633085953706e-01 9.780268444679425244e-01 3.654520721828033447e-01 1.170197845392171726e-01 9.627520254048221870e-02 6.690660411572462163e-01 8.051548701475279568e-01 6.677278712863640164e-01 2.248732618211103929e-01 4.957690101910557368e-01 2.807433552267606380e-01 1.883716056206889309e-03 9.476435325708889579e-01 1.659196973842835543e-01 4.829540568517798338e-01 5.272631038496843336e-01 8.808085963830973864e-01 1.350746608836233820e-01 8.711068600380428295e-01 4.245314718979091295e-01 4.609874193646236740e-01 7.713037202028946160e-01 3.010919278652083309e-01 1.310738539059986829e-01 9.804324893087488224e-01 7.676297167267954746e-01 9.075683847663520432e-01 1.314000000000000000e+03 -6.733333333333333393e+00
9.183229704906008539e-01 7.727186595364037291e-01 8.179792738972126998e-01 8.545304724706368482e-01 5.597576013884146828e-01 9.529929176611913189e-01 6.058829377173595432e-02 8.042472632140685862e-01 8.690199334372787632e-02 8.208962205907373022e-01 7.408792754915602963e-01 2.857439904754530691e-01 7.959128474803813802e-01 9.994241121590451138e-02 8.157691148620368482e-01 8.141990358839279462e-01 4.628403437263973741e-01 1.508187988013335867e-01 5.251558543647680821e-01 4.640064976496234839e-01 6.270062786546801714e-01 3.688930115020512268e-01 7.374581210174155355e-02 9.278451294506890878e-01 1.944842395788733969e-01 4.349665325065959487e-01 7.706733343757454779e-02 5.147408614841522123e-01 5.026469662378942882e-01 9.104947093952305837e-01 9.750530572823769004e-01 3.309530925948303004e-01 1.402000000000000000e+03 -1.084666666666666579e+01
3.144650162694963558e-01 8.418219335075720344e-02 2.606406219227276888e-01 3.645659846487200317e-01 3.536439956789932948e-01 8.391076892428716016e-01 5.045387879412417398e-01 4.213407522346939160e-01 4.761885573276997130e-01 6.105781610769737133e-01 1.867817405336510417e-01 6.060727190711906465e-01 4.110832304929319947e-01 5.470270954327235424e-01 7.834061091657259501e-01 7.610525542944810429e-01 1.605604854386858682e-01 9.233884731440219484e-01 8.870091613516152274e-01 3.121338142729187526e-01 8.748306940127319464e-01 8.730214087950955992e-01 9.533644235137108680e-01 9.078749030852608648e-01 5.146085893920703258e-01 3.647263495397309319e-01 8.280757748194433887e-01 7.599075277471283030e-02 4.408032669660422176e-01 5.840238134650489465e-01 3.869691349031748606e-01 1.435303427110387053e-01 1.284000000000000000e+03 -1.344666666666666721e+01
5.909836149829276186e-01 3.618177060220495456e-01 3.198291847607871441e-01 4.822509905285146670e-01 4.566450321675464830e-01 9.226418013348922642e-01 9.073418300015427818e-01 3.379557872451071643e-01 5.992389778499368491e-01 7.876310029565646298e-01 5.056080335367977296e-01 8.560607020833607139e-01 8.261758047964515295e-02 7.596990452504585045e-01 7.073082336913797397e-01 9.608630575330222579e-01 8.118481415966382064e-01 4.738626388231341746e-01 9.433514719803121062e-01 1.951469102429681246e-01 7.863996500856570426e-01 1.075427592607564597e-01 8.797377044749834507e-01 4.756383108817752725e-01 4.670876193959904166e-01 9.812130155055717173e-01 8.301832066625299336e-03 9.318560245868279246e-01 3.092898456762034898e-01 3.497724979566645964e-01 4.965455208103157492e-02 3.707413933805610018e-01 1.468000000000000000e+03 -1.311999999999999922e+01
3.910851199314018811e-01 9.936428898178026881e-01 1.170370898056991293e-01 7.001969954744824420e-01 8.156463078232940866e-02 8.321974005742702185e-02 6.910646259381834078e-01 6.820413259166936415e-01 3.776346852080128547e-01 6.949286831253879138e-01 2.621905186458337034e-02 2.799992064491237387e-01 7.599103663265459607e-01 1.992782779973097662e-01 2.602410516684935948e-01 7.309905422133948782e-01 8.812687072917722020e-01 2.704704984548635394e-01 2.461483652851317039e-01 6.251683495580889760e-01 5.904155054203580333e-01 9.187695911121003256e-01 6.518794441371543735e-01 4.663946374583100574e-01 7.476502542740357526e-01 6.400229721075951783e-01 2.294180973279871527e-01 5.957977024610289218e-01 8.988549137392313204e-01 1.126800205594691816e-02 8.645789529844306875e-02 1.738497013200680508e-01 1.064000000000000000e+03 -1.180333333333333279e+01
6.444606114147723996e-01 8.252276231479276358e-01 9.317562006927690987e-01 8.165031048724490370e-01 1.922405642856993557e-01 5.660866119709030420e-01 4.662733299308450263e-01 5.948801731302798962e-02 3.015187036541535082e-01 4.019314253876717369e-01 2.441967302956957742e-01 4.677431112921191514e-01 7.749897018790491421e-01 4.946037295215932605e-01 9.655389738014822365e-01 9.084229969086196066e-01 6.329948479684626150e-01 8.118869735238135599e-01 3.767587741130327128e-01 6.851253297567183598e-01 4.961704109771364890e-01 2.004570868721098353e-01 3.543056523783481571e-01 3.639298092036022947e-01 9.349536396061511878e-01 8.780692237159583302e-02 6.041980558260755529e-01 5.386563677680620277e-01 2.342800518404263566e-01 7.216307051158203922e-01 9.845926005047220819e-01 9.491724382393209591e-01 1.372000000000000000e+03 -1.415666666666666629e+01
7.814303187906860293e-01 9.123134707315884162e-01 4.801399798270795105e-01 8.304488520320372213e-01 4.899496899165673575e-02 6.299674330952210743e-01 9.557396939177412731e-01 5.584329297899416344e-01 4.076835843296526818e-01 1.905312909503282803e-01 8.203703588430702465e-02 1.186903781047832923e-01 4.264259073883564510e-01 4.102232172175616642e-01 9.566805446445343364e-01 6.792367572873215797e-01 3.455481885242452922e-01 6.352719073327501853e-01 3.052724073635417756e-01 9.245928775784175713e-01 6.605636747324783453e-01 8.563395670543201277e-01 8.194162339392280225e-01 3.984461284721172447e-01 6.574753186914359393e-01 2.666015276687643265e-01 5.095811861990767744e-01 7.935020784388442383e-01 3.780604902388839950e-01 2.255750236547296728e-01 4.947395223794814889e-01 6.134378294744075033e-01 1.162000000000000000e+03 -1.052333333333333165e+01
9.996316778723961516e-01 2.220135170441421002e-01 9.185855743450327404e-01 1.118182405015782643e-01 9.545066100126888831e-01 9.957684054169134713e-01 5.310761929535841031e-01 3.298176369188105528e-01 5.871864727009384888e-01 4.237255803849134250e-01 3.102502060238651049e-01 1.683455569586083944e-01 3.434974320608892295e-01 2.478635234272044408e-01 2.430949037909375665e-01 1.208063185036090115e-01 9.591833817723676159e-01 7.081436645382716000e-01 7.555951328071331963e-01 2.925766907196110100e-01 2.662966279305159500e-02 5.183666535503653749e-01 6.051885282734184024e-01 5.751313088049839761e-01 3.133657085460457292e-01 7.483908196233328702e-01 5.061372031373921887e-01 8.707504805980058604e-01 5.357084230539607139e-01 6.262581103503344071e-01 6.136566513682538693e-01 1.375186306607627806e-01 1.224000000000000000e+03 -9.490000000000000213e+00
1.684790698198213033e-01 2.951779322290873364e-01 6.779006441363465418e-01 6.468619392854433325e-01 1.123383422165388501e-01 9.011937468961636055e-01 8.792768767035419319e-02 7.295725585579553307e-01 5.489717635077120406e-01 2.453347491654359058e-01 7.759381131292240052e-01 5.215485406010523795e-01 5.462522713686184250e-01 8.412782623647587776e-01 9.467259739470926805e-01 4.299973102264427194e-01 9.462176861065321187e-01 2.120211188045501016e-01 4.252368869106189497e-01 1.217702458450081737e-01 2.529338371240369421e-01 1.595293297014397371e-01 4.392972723302308036e-01 8.777452382728317959e-01 7.620974514171690029e-01 1.388011068668683345e-01 8.701743066367004786e-01 7.016402742541506532e-01 1.503343149595549877e-01 2.661762476849339754e-01 4.418004804802738161e-01 7.365949306845879230e-01 1.204000000000000000e+03 -1.029333333333333300e+01
5.677625972885947947e-01 7.353832164176413722e-01 5.988990433904094468e-01 1.582714267986808920e-01 3.131376524664316596e-01 2.833475363001349279e-01 4.344354559348295036e-03 7.526456138222545889e-01 2.694304925173847676e-01 4.886613911692826440e-01 4.867787862713617297e-01 9.836237515479444582e-01 7.037005799512002779e-01 5.109940149228301420e-01 3.717872853682275269e-01 4.830318996813230403e-01 7.571313604739302594e-01 5.010540522055532131e-01 5.486996051983915601e-01 2.464980063547696221e-01 8.524613144381729679e-01 4.443153125267043091e-01 5.469906070611763038e-01 6.081644329543355321e-01 5.474790876861740374e-01 6.178423097483787263e-01 9.178262355488657487e-02 1.870405172709423969e-01 9.237465332262767559e-01 6.886848190786296620e-01 6.887630203109217364e-01 7.499638171900662176e-01 9.680000000000000000e+02 -1.010333333333333350e+01
8.319846719651768918e-01 4.680017184523905249e-01 8.492600890457553398e-01 7.582752932829818493e-02 6.390215621299832893e-01 5.222803194440188701e-01 7.155147075476459007e-01 3.977983832151080756e-01 2.582193795244991930e-01 4.523485314831587195e-02 7.961593478615153208e-01 7.567786017015241118e-01 7.413629876896662627e-03 1.624100701629655266e-02 1.954613042902570430e-01 6.956294588012926772e-01 4.745237933628618232e-01 3.224526822343527499e-01 2.447908235422775469e-01 2.267236740502622805e-01 3.048201221931697291e-01 2.948409861449903802e-01 2.659376673546333114e-01 3.408644362775855585e-01 4.870538756795760871e-01 8.150774489132014411e-01 4.667860431355833062e-01 1.522930164647868234e-01 1.941850757592041843e-01 9.436389109777787443e-01 8.187311601441391584e-01 7.160963453148753155e-01 8.600000000000000000e+02 -5.853333333333332611e+00
3.339058420951572792e-01 8.692259903238231944e-01 5.705836757233948564e-01 7.246628179634858613e-01 8.850234258027610268e-02 3.420283160110568765e-01 6.376748342800485636e-01 1.230566942280022086e-01 7.238437915783949572e-01 9.479539328893965555e-01 5.584629054454868236e-01 4.128764899976202218e-01 4.032367873035138106e-01 2.667361669364349819e-01 4.472668949536806049e-01 6.314668871152125940e-01 9.130760233883454813e-01 4.482933524929355595e-01 9.406386862146833006e-02 8.950623908620548574e-01 7.676610516236494035e-03 7.036990984962069318e-01 9.837594848641051382e-01 3.258803431726211008e-01 8.851731420109862913e-01 8.014142537266276678e-01 7.341081617688298699e-01 3.547227537607257619e-01 2.122256970984313373e-01 4.765223673692907114e-01 1.410288506285675425e-01 8.837516503470774776e-01 1.394000000000000000e+03 -8.429999999999999716e+00
2.165645970845366530e-01 1.088432088665702568e-01 9.730902280033423279e-01 7.189641187041968529e-01 7.383324488723175261e-01 7.962324768027670974e-01 7.275396016446851188e-01 2.379008430727371989e-02 3.350015970045858854e-02 2.576705220224622117e-01 6.636209861914666996e-01 9.218150156505464654e-01 3.203499431005289999e-01 8.239086863117415227e-01 6.554180975243213414e-01 9.283011088691842660e-01 4.219520716445648856e-01 8.366042626727696607e-01 4.110168305246485465e-01 7.163766456329998533e-01 7.499291275313110239e-01 1.841045228316454674e-01 7.423771037628501546e-01 7.184178341687290636e-01 2.359664674881425950e-02 3.150101748001680191e-01 6.850166296952100442e-01 6.244197799178947683e-01 6.821285808355085356e-01 2.914479426887882085e-01 2.989876424504064323e-01 8.670289350650293159e-01 1.380000000000000000e+03 -1.177666666666666551e+01
6.204141686062184524e-01 6.382007416148541279e-02 6.656218353560152678e-01 1.012313196670965032e-01 9.076207591804618113e-01 8.583192223328499626e-01 6.562838398476265045e-01 1.039411286360363007e-02 9.923090234915661334e-01 7.985354186625954753e-01 5.935884247216365317e-01 9.505632413136571035e-01 2.136895296517271337e-01 6.967535570460402505e-01 7.477150337517078915e-01 2.380646887986067328e-01 7.556996667308109317e-02 3.001273924942105542e-01 3.602871209756898785e-01 3.241664926444013384e-01 8.839390180022119736e-01 7.485573275007744165e-01 1.903287548699323928e-01 3.697516212360945631e-01 4.955085685233222015e-01 6.084128238861535865e-01 5.796486891942328468e-01 9.655048353977258024e-01 3.353713419639069437e-01 1.605819759231549848e-01 4.267145113199674600e-01 8.035924569687452612e-02 1.274000000000000000e+03 -8.183333333333333570e+00
6.067486068336142013e-01 2.459695192785833207e-01 2.194953138025858008e-01 2.193224310759793183e-01 6.267228311571892974e-01 3.664350489272648614e-01 1.243296167884743592e-01 1.841607870836682592e-01 5.670351017581913844e-01 6.997020623250817251e-02 5.325502819344305472e-01 9.346499288600171873e-01 8.924976703824477609e-01 1.498854182650385669e-01 8.865087731831892137e-01 7.162537262295282092e-01 1.809849448511639536e-01 3.386554886304384282e-01 2.668171266588583168e-01 1.014882553734476889e-01 4.750350943283873084e-01 7.662701745010071230e-02 3.354661874227030660e-01 6.813156221691502035e-02 8.214017998136846632e-01 4.461921868943182212e-01 3.679200588725864418e-01 1.268144328675609167e-01 1.389956381022823366e-02 5.464449017069644698e-01 1.159826890235171604e-02 8.280022088475852415e-01 7.960000000000000000e+02 -7.566666666666666430e+00
8.733372113310479135e-01 6.894517518780330922e-01 7.009510801783871425e-01 2.928254520332750077e-02 1.055055853697513604e-02 2.305507922165258572e-01 2.347281885602474916e-01 3.852966972627305808e-01 8.155134741790490693e-01 9.397304752053300403e-01 4.540778130675264812e-01 7.845857663895493550e-01 8.534001779329453141e-01 4.322452694603474144e-01 5.929568075991108467e-01 9.878176581424703562e-01 2.270113433828012672e-01 9.801433529925206445e-01 1.944118599132164948e-01 8.893403123037485480e-01 3.914056699775736448e-01 9.328573728437115076e-01 3.208910006161367900e-01 1.709198507599249128e-01 1.293069551040319509e-01 8.847071714111387486e-01 8.957988122493047989e-01 8.416398426082259965e-01 7.821466399792628144e-01 5.975085514851269375e-01 9.392741751810492756e-01 6.317884302205222236e-01 1.714000000000000000e+03 -1.328666666666666885e+01
3.271441585540457199e-03 0.000000000000000000e+00 3.445853494498374858e-01 0.000000000000000000e+00 1.000000000000000000e+00 9.962893719291660011e-01 1.000000000000000000e+00 1.000000000000000000e+00 1.000000000000000000e+00 4.399599173193253221e-01 3.357426671486533065e-01 0.000000000000000000e+00 1.798876413339291491e-01 1.000000000000000000e+00 6.489835221595927628e-01 9.299427470285837050e-01 1.000000000000000000e+00 0.000000000000000000e+00 1.000000000000000000e+00 0.000000000000000000e+00 1.000000000000000000e+00 0.000000000000000000e+00 0.000000000000000000e+00 0.000000000000000000e+00 0.000000000000000000e+00 1.000000000000000000e+00 1.000000000000000000e+00 0.000000000000000000e+00 1.000000000000000000e+00 8.603086729604647598e-02 1.000000000000000000e+00 0.000000000000000000e+00 1.886000000000000000e+03 -1.730999999999999872e+01
0.000000000000000000e+00 0.000000000000000000e+00 5.474085316396393175e-01 0.000000000000000000e+00 0.000000000000000000e+00 1.000000000000000000e+00 1.000000000000000000e+00 1.000000000000000000e+00 0.000000000000000000e+00 2.186058541403554725e-02 0.000000000000000000e+00 0.000000000000000000e+00 1.000000000000000000e+00 0.000000000000000000e+00 0.000000000000000000e+00 1.000000000000000000e+00 8.403919521455496255e-01 4.120907853298630963e-01 1.000000000000000000e+00 1.000000000000000000e+00 9.949763439608764193e-01 0.000000000000000000e+00 0.000000000000000000e+00 1.000000000000000000e+00 0.000000000000000000e+00 1.000000000000000000e+00 1.000000000000000000e+00 0.000000000000000000e+00 1.000000000000000000e+00 0.000000000000000000e+00 1.000000000000000000e+00 0.000000000000000000e+00 1.784000000000000000e+03 -2.163666666666666671e+01
5.783020400643285042e-01 1.000000000000000000e+00 8.829831302528122761e-01 1.000000000000000000e+00 4.989121125200565721e-01 1.000000000000000000e+00 8.212807388129270691e-01 1.000000000000000000e+00 9.644433257353830502e-01 1.000000000000000000e+00 9.879133382440943301e-01 0.000000000000000000e+00 1.000000000000000000e+00 1.000000000000000000e+00 0.000000000000000000e+00 1.542474284026509011e-02 1.000000000000000000e+00 1.000000000000000000e+00 1.000000000000000000e+00 1.000000000000000000e+00 1.000000000000000000e+00 0.000000000000000000e+00 1.000000000000000000e+00 1.000000000000000000e+00 3.875369348759947763e-01 5.959184024503613175e-01 1.000000000000000000e+00 0.000000000000000000e+00 1.000000000000000000e+00 1.601241243645711368e-02 4.570831612100242358e-01 7.924207776862986219e-02 2.614000000000000000e+03 -2.203333333333333144e+01
8.505856499459242548e-02 9.999999770875400706e-01 7.422791286770396013e-01 2.769159128862520580e-01 1.693082710240666755e-01 1.000000000000000000e+00 1.000000000000000000e+00 1.000000000000000000e+00 0.000000000000000000e+00 8.482261589423734094e-01 8.365689828118871851e-01 3.342785326233873033e-01 1.000000000000000000e+00 1.000000000000000000e+00 4.480236876534219315e-01 8.397604521120427545e-01 9.992971897839934003e-01 1.000000000000000000e+00 1.000000000000000000e+00 1.000000000000000000e+00 1.000000000000000000e+00 0.000000000000000000e+00 9.343743925774848913e-01 1.000000000000000000e+00 6.004604522573813163e-01 1.000000000000000000e+00 5.262077512505253241e-01 0.000000000000000000e+00 1.000000000000000000e+00 2.701273491846470712e-02 1.000000000000000000e+00 0.000000000000000000e+00 2.396000000000000000e+03 -1.996999999999999886e+01
1.000000000000000000e+00 0.000000000000000000e+00 2.596830302864157058e-01 1.000000000000000000e+00 0.000000000000000000e+00 1.000000000000000000e+00 1.000000000000000000e+00 7.106432230050520049e-01 3.935966450835203800e-01 1.000000000000000000e+00 1.000000000000000000e+00 0.000000000000000000e+00 1.000000000000000000e+00 2.089782439886214982e-01 1.000000000000000000e+00 8.799032903557640851e-04 9.986265795564962522e-01 9.981636719529048962e-01 1.000000000000000000e+00 1.000000000000000000e+00 1.000000000000000000e+00 0.000000000000000000e+00 0.000000000000000000e+00 1.000000000000000000e+00 1.000000000000000000e+00 0.000000000000000000e+00 1.000000000000000000e+00 0.000000000000000000e+00 1.000000000000000000e+00 3.043530588499560596e-01 1.000000000000000000e+00 0.000000000000000000e+00 2.378000000000000000e+03 -2.142999999999999616e+01
9.997960861344173944e-01 9.938566536538572249e-01 0.000000000000000000e+00 0.000000000000000000e+00 0.000000000000000000e+00 9.964034559344171482e-01 1.000000000000000000e+00 0.000000000000000000e+00 2.647465601741538104e-04 0.000000000000000000e+00 0.000000000000000000e+00 7.630929931402138378e-01 1.000000000000000000e+00 1.000000000000000000e+00 0.000000000000000000e+00 1.987429262227462755e-04 1.000000000000000000e+00 9.199326387775907943e-01 1.000000000000000000e+00 1.000000000000000000e+00 1.000000000000000000e+00 0.000000000000000000e+00 0.000000000000000000e+00 1.000000000000000000e+00 0.000000000000000000e+00 0.000000000000000000e+00 1.000000000000000000e+00 1.000000000000000000e+00 1.000000000000000000e+00 1.000000000000000000e+00 9.987697936219837036e-01 0.000000000000000000e+00 2.268000000000000000e+03 -1.888999999999999702e+01
0.000000000000000000e+00 0.000000000000000000e+00 1.000000000000000000e+00 7.868048704802487192e-01 0.000000000000000000e+00 1.000000000000000000e+00 1.000000000000000000e+00 0.000000000000000000e+00 1.000000000000000000e+00 0.000000000000000000e+00 0.000000000000000000e+00 0.000000000000000000e+00 1.000000000000000000e+00 0.000000000000000000e+00 6.988623166216618721e-01 1.000000000000000000e+00 1.000000000000000000e+00 1.000000000000000000e+00 1.000000000000000000e+00 1.000000000000000000e+00 1.000000000000000000e+00 0.000000000000000000e+00 1.000000000000000000e+00 1.000000000000000000e+00 0.000000000000000000e+00 1.000000000000000000e+00 1.000000000000000000e+00 0.000000000000000000e+00 1.000000000000000000e+00 0.000000000000000000e+00 0.000000000000000000e+00 0.000000000000000000e+00 2.172000000000000000e+03 -2.226999999999999957e+01
0.000000000000000000e+00 0.000000000000000000e+00 1.000000000000000000e+00 6.268694455339216542e-01 0.000000000000000000e+00 1.000000000000000000e+00 3.042919549212305119e-01 1.000000000000000000e+00 0.000000000000000000e+00 0.000000000000000000e+00 0.000000000000000000e+00 0.000000000000000000e+00 1.000000000000000000e+00 0.000000000000000000e+00 1.000000000000000000e+00 1.947708312372726791e-01 0.000000000000000000e+00 0.000000000000000000e+00 1.000000000000000000e+00 5.907529385927740018e-01 1.000000000000000000e+00 5.681188942083276183e-01 6.813537359217836505e-07 1.000000000000000000e+00 0.000000000000000000e+00 1.000000000000000000e+00 1.000000000000000000e+00 9.862208005869086413e-01 1.000000000000000000e+00 0.000000000000000000e+00 1.000000000000000000e+00 6.709522335842922625e-02 1.784000000000000000e+03 -2.017000000000000171e+01
3.544148848197720136e-02 0.000000000000000000e+00 0.000000000000000000e+00 0.000000000000000000e+00 0.000000000000000000e+00 0.000000000000000000e+00 1.000000000000000000e+00 1.000000000000000000e+00 8.251647087218439980e-01 0.000000000000000000e+00 0.000000000000000000e+00 0.000000000000000000e+00 1.000000000000000000e+00 0.000000000000000000e+00 9.910825011792466777e-01 9.998822585500531934e-01 1.000000000000000000e+00 9.630850718994257154e-01 1.000000000000000000e+00 1.000000000000000000e+00 9.997073465774125589e-01 0.000000000000000000e+00 6.158472648507029579e-01 1.000000000000000000e+00 0.000000000000000000e+00 1.000000000000000000e+00 1.000000000000000000e+00 0.000000000000000000e+00 0.000000000000000000e+00 0.000000000000000000e+00 8.363419925707943348e-01 0.000000000000000000e+00 1.856000000000000000e+03 -2.317000000000000171e+01
0.000000000000000000e+00 9.235615878072379603e-01 0.000000000000000000e+00 0.000000000000000000e+00 6.265927250266488391e-02 0.000000000000000000e+00 1.000000000000000000e+00 1.000000000000000000e+00 0.000000000000000000e+00 2.711582063523506822e-02 0.000000000000000000e+00 0.000000000000000000e+00 1.000000000000000000e+00 1.000000000000000000e+00 6.043456414887049544e-01 0.000000000000000000e+00 1.000000000000000000e+00 0.000000000000000000e+00 1.000000000000000000e+00 0.000000000000000000e+00 0.000000000000000000e+00 0.000000000000000000e+00 0.000000000000000000e+00 2.000456692246968815e-01 0.000000000000000000e+00 1.000000000000000000e+00 9.603629407153903008e-01 0.000000000000000000e+00 1.000000000000000000e+00 0.000000000000000000e+00 0.000000000000000000e+00 1.000000000000000000e+00 1.482000000000000000e+03 -1.226666666666666572e+01
8.730294385947039437e-01 0.000000000000000000e+00 1.000000000000000000e+00 0.000000000000000000e+00 1.000000000000000000e+00 0.000000000000000000e+00 1.000000000000000000e+00 3.345681008101280586e-03 0.000000000000000000e+00 1.000000000000000000e+00 0.000000000000000000e+00 1.000000000000000000e+00 0.000000000000000000e+00 1.000000000000000000e+00 3.751451254444157501e-01 0.000000000000000000e+00 1.000000000000000000e+00 1.000000000000000000e+00 1.000000000000000000e+00 1.532612088304260434e-01 0.000000000000000000e+00 1.000000000000000000e+00 7.528051582755945770e-01 1.000000000000000000e+00 1.000000000000000000e+00 1.000000000000000000e+00 1.000000000000000000e+00 0.000000000000000000e+00 9.910175401229220915e-01 0.000000000000000000e+00 1.000000000000000000e+00 4.969763618186427701e-03 2.276000000000000000e+03 -1.804666666666666686e+01
5.664377285649371124e-02 0.000000000000000000e+00 3.157265115865747762e-01 0.000000000000000000e+00 3.126539540603430201e-01 9.143775375330610578e-01 1.000000000000000000e+00 1.000000000000000000e+00 1.406725240075661632e-01 2.689729662926862355e-03 4.750024251540956310e-01 0.000000000000000000e+00 1.000000000000000000e+00 0.000000000000000000e+00 1.924708105362098465e-01 1.000000000000000000e+00 1.902901851964109159e-01 9.999999805621807569e-01 1.000000000000000000e+00 9.885466746810247507e-01 1.000000000000000000e+00 0.000000000000000000e+00 2.320993823449213067e-01 0.000000000000000000e+00 0.000000000000000000e+00 0.000000000000000000e+00 7.431478248698522027e-01 0.000000000000000000e+00 6.711566444392963460e-01 2.120663498076338915e-01 1.000000000000000000e+00 9.900091314631657979e-02 1.450000000000000000e+03 -1.918000000000000327e+01
5.752547545589704603e-01 3.017343221341901582e-01 0.000000000000000000e+00 0.000000000000000000e+00 0.000000000000000000e+00 1.910042781477698515e-01 1.000000000000000000e+00 1.000000000000000000e+00 9.223936472147120647e-01 0.000000000000000000e+00 0.000000000000000000e+00 1.000000000000000000e+00 6.866689716957542489e-01 3.204158434115629839e-01 5.358343420781056521e-01 1.000000000000000000e+00 9.812103771125770812e-01 1.000000000000000000e+00 1.000000000000000000e+00 9.952249466422395663e-02 2.228765531038940095e-01 0.000000000000000000e+00 3.431152751857131922e-02 1.000000000000000000e+00 0.000000000000000000e+00 1.000000000000000000e+00 1.000000000000000000e+00 9.669898123592981509e-01 8.634000556375137636e-01 0.000000000000000000e+00 9.105893571388423702e-01 7.883812660484007528e-02 1.918000000000000000e+03 -1.731333333333333258e+01
0.000000000000000000e+00 0.000000000000000000e+00 0.000000000000000000e+00 0.000000000000000000e+00 0.000000000000000000e+00 0.000000000000000000e+00 1.000000000000000000e+00 1.000000000000000000e+00 0.000000000000000000e+00 0.000000000000000000e+00 7.104211177269823541e-01 1.000000000000000000e+00 8.490932835992822669e-01 0.000000000000000000e+00 3.376470000358540446e-02 1.000000000000000000e+00 2.404553409735242786e-01 1.000000000000000000e+00 1.000000000000000000e+00 1.000000000000000000e+00 0.000000000000000000e+00 0.000000000000000000e+00 9.392462050957145481e-01 0.000000000000000000e+00 1.000000000000000000e+00 2.512337466423417154e-01 1.000000000000000000e+00 0.000000000000000000e+00 1.000000000000000000e+00 0.000000000000000000e+00 1.000000000000000000e+00 0.000000000000000000e+00 1.672000000000000000e+03 -1.812000000000000099e+01
4.480431857407871088e-01 0.000000000000000000e+00 0.000000000000000000e+00 0.000000000000000000e+00 7.805068286230139041e-01 1.000000000000000000e+00 2.877517066480355656e-01 1.000000000000000000e+00 8.820125225149603743e-12 0.000000000000000000e+00 4.112945283523680891e-03 0.000000000000000000e+00 1.000000000000000000e+00 0.000000000000000000e+00 1.000000000000000000e+00 9.226792355493067532e-01 5.444209681094086539e-01 1.000000000000000000e+00 1.000000000000000000e+00 9.105446607194810360e-01 1.000000000000000000e+00 0.000000000000000000e+00 4.395480629615803880e-01 4.357663642695801948e-02 0.000000000000000000e+00 1.963678270374168422e-01 8.406351539640511961e-01 0.000000000000000000e+00 5.465234920879470382e-01 2.246633274744157249e-01 1.000000000000000000e+00 0.000000000000000000e+00 1.514000000000000000e+03 -2.191999999999999815e+01
4.671204782854906923e-01 0.000000000000000000e+00 2.729174105040699239e-01 2.199844740008992661e-01 7.045693659858636160e-01 9.688617030138704234e-01 3.215501554999620204e-01 1.000000000000000000e+00 4.426716162245309394e-01 2.393992463563592021e-01 5.379224460874886676e-02 5.113539326119649620e-02 1.000000000000000000e+00 1.216353073171629225e-02 9.899055986396441131e-01 1.000000000000000000e+00 2.858794231951754528e-01 9.811676572404035568e-01 1.000000000000000000e+00 9.393427836990552171e-01 1.000000000000000000e+00 0.000000000000000000e+00 4.510792914986995195e-01 8.907539728130697831e-02 2.449157821335290752e-01 4.425924784269840706e-01 1.000000000000000000e+00 1.717024857932828164e-01 3.415903983167252189e-01 2.179085864757578095e-01 9.348153941066342787e-01 1.108051526637286871e-01 1.566000000000000000e+03 -2.201333333333333542e+01
3.088775614270397041e-01 0.000000000000000000e+00 0.000000000000000000e+00 5.259595222672298204e-02 1.000000000000000000e+00 1.000000000000000000e+00 0.000000000000000000e+00 9.999999960051663139e-01 4.011380496358063568e-10 0.000000000000000000e+00 3.060658532095764106e-01 0.000000000000000000e+00 4.263309972931872416e-01 8.194683835566263230e-03 7.744817544883697558e-01 1.000000000000000000e+00 9.690868450377851939e-01 1.000000000000000000e+00 1.000000000000000000e+00 1.000000000000000000e+00 1.000000000000000000e+00 1.917610786549794055e-01 1.000000000000000000e+00 0.000000000000000000e+00 0.000000000000000000e+00 0.000000000000000000e+00 1.000000000000000000e+00 6.656019596781578083e-07 2.643963075198459929e-07 5.790879923535644652e-02 1.000000000000000000e+00 0.000000000000000000e+00 1.658000000000000000e+03 -1.909333333333333371e+01
1.000000000000000000e+00 0.000000000000000000e+00 9.999733959377491432e-01 4.328559586559639905e-01 9.164095959439420014e-01 1.000000000000000000e+00 8.014932497023891100e-01 8.780670411014123156e-01 9.921162667147420677e-01 9.848254960074358522e-01 2.038532591960180995e-01 0.000000000000000000e+00 1.000000000000000000e+00 0.000000000000000000e+00 1.000000000000000000e+00 1.000000000000000000e+00 9.134858559205799589e-02 1.000000000000000000e+00 1.000000000000000000e+00 0.000000000000000000e+00 1.000000000000000000e+00 1.044612161568283654e-01 0.000000000000000000e+00 2.545367312757995104e-01 0.000000000000000000e+00 3.793599604064260555e-01 9.990777091838644042e-01 2.683099819549796816e-01 0.000000000000000000e+00 4.219808983245504908e-01 1.000000000000000000e+00 3.917758168809030300e-02 2.048000000000000000e+03 -2.108333333333333215e+01
0.000000000000000000e+00 0.000000000000000000e+00 3.604316829032047087e-01 0.000000000000000000e+00 3.211270110344536121e-09 3.743361757767022513e-01 0.000000000000000000e+00 1.000000000000000000e+00 7.144645448127140419e-01 0.000000000000000000e+00 0.000000000000000000e+00 0.000000000000000000e+00 1.000000000000000000e+00 2.492725340226615086e-02 1.000000000000000000e+00 9.999999856143504395e-01 7.110951864906853159e-02 1.000000000000000000e+00 7.000081355475346045e-01 1.000000000000000000e+00 7.559281285630022884e-01 0.000000000000000000e+00 0.000000000000000000e+00 9.841353436191939696e-01 0.000000000000000000e+00 2.973978528070216898e-01 0.000000000000000000e+00 3.224915497540151721e-01 0.000000000000000000e+00 9.771281070373530886e-01 2.025298973087270304e-01 0.000000000000000000e+00 1.252000000000000000e+03 -1.911333333333333329e+01
1.000000000000000000e+00 0.000000000000000000e+00 1.000000000000000000e+00 0.000000000000000000e+00 0.000000000000000000e+00 0.000000000000000000e+00 0.000000000000000000e+00 7.372134308801067126e-01 0.000000000000000000e+00 3.435158002285583489e-02 0.000000000000000000e+00 0.000000000000000000e+00 1.000000000000000000e+00 1.000000000000000000e+00 1.000000000000000000e+00 3.951624363342634561e-01 8.789848865011038459e-01 1.000000000000000000e+00 6.966438985818184104e-01 3.277460899677664963e-01 2.717551926679449004e-01 0.000000000000000000e+00 0.000000000000000000e+00 1.000000000000000000e+00 0.000000000000000000e+00 0.000000000000000000e+00 0.000000000000000000e+00 1.000000000000000000e+00 0.000000000000000000e+00 1.000000000000000000e+00 0.000000000000000000e+00 9.410119062504369511e-03 1.430000000000000000e+03 -1.292666666666666764e+01
0.000000000000000000e+00 0.000000000000000000e+00 0.000000000000000000e+00 0.000000000000000000e+00 9.525357911447656853e-03 9.664025134081346557e-01 5.741187908681982810e-01 7.578940524453635641e-01 9.552425931103823986e-01 0.000000000000000000e+00 0.000000000000000000e+00 1.505413520657604698e-01 1.000000000000000000e+00 0.000000000000000000e+00 1.000000000000000000e+00 8.263618977954175771e-01 0.000000000000000000e+00 1.000000000000000000e+00 1.000000000000000000e+00 1.000000000000000000e+00 1.000000000000000000e+00 7.579036765799847947e-03 9.999999162350575732e-01 4.143399491975780502e-01 0.000000000000000000e+00 3.237132244736188325e-01 2.549850423261978416e-01 2.545982925034939726e-02 1.447466184783387233e-01 7.465314409751678815e-01 9.918003180261866225e-01 0.000000000000000000e+00 1.558000000000000000e+03 -1.896333333333333471e+01
4.431767530307456626e-01 0.000000000000000000e+00 8.217030918613139612e-01 9.999841255278454355e-01 9.888150932819639305e-01 3.177948962149393375e-01 6.467769996307294322e-01 6.531673891489999662e-01 0.000000000000000000e+00 1.974927735269252915e-01 7.729641441902150856e-01 0.000000000000000000e+00 1.000000000000000000e+00 9.560616636716703920e-02 9.999874624011173552e-01 9.585589329037379480e-01 0.000000000000000000e+00 9.999030635475125717e-01 1.000000000000000000e+00 1.000000000000000000e+00 1.000000000000000000e+00 9.561807289217043315e-02 2.273865987628851948e-01 0.000000000000000000e+00 6.036958447570655029e-01 8.449162158204140960e-01 1.836926336597030918e-01 1.834986260295517757e-01 1.000000000000000000e+00 3.807246741633841386e-02 1.000000000000000000e+00 2.383962797059548666e-01 1.756000000000000000e+03 -2.257666666666666799e+01
0.000000000000000000e+00 0.000000000000000000e+00 8.518876843933436138e-01 7.968815584044277589e-01 9.999999999991170396e-01 0.000000000000000000e+00 0.000000000000000000e+00 1.055732853293258749e-01 0.000000000000000000e+00 0.000000000000000000e+00 9.999999999989819255e-01 0.000000000000000000e+00 5.912424244061448286e-01 1.502376494082119783e-12 1.000000000000000000e+00 1.000000000000000000e+00 0.000000000000000000e+00 1.000000000000000000e+00 1.000000000000000000e+00 1.000000000000000000e+00 1.000000000000000000e+00 7.828728779251241246e-13 4.794693153300599864e-01 0.000000000000000000e+00 5.409546305257131316e-01 1.000000000000000000e+00 1.938553186456428734e-12 1.728764385888369726e-01 1.655936499520440494e-11 0.000000000000000000e+00 1.000000000000000000e+00 0.000000000000000000e+00 1.508000000000000000e+03 -2.024666666666666615e+01
0.000000000000000000e+00 0.000000000000000000e+00 0.000000000000000000e+00 1.000000000000000000e+00 1.122769145691781822e-01 0.000000000000000000e+00 1.000000000000000000e+00 0.000000000000000000e+00 0.000000000000000000e+00 0.000000000000000000e+00 1.000000000000000000e+00 0.000000000000000000e+00 1.000000000000000000e+00 1.000000000000000000e+00 1.000000000000000000e+00 1.000000000000000000e+00 0.000000000000000000e+00 1.000000000000000000e+00 1.000000000000000000e+00 1.000000000000000000e+00 0.000000000000000000e+00 0.000000000000000000e+00 9.005186797313713409e-02 0.000000000000000000e+00 1.000000000000000000e+00 1.000000000000000000e+00 1.000000000000000000e+00 1.228272981782657786e-01 1.000000000000000000e+00 0.000000000000000000e+00 1.000000000000000000e+00 0.000000000000000000e+00 1.954000000000000000e+03 -1.884999999999999787e+01
0.000000000000000000e+00 9.039672010733511565e-01 1.269401034066798828e-01 1.000000000000000000e+00 1.000000000000000000e+00 0.000000000000000000e+00 8.072026111155128358e-01 1.000000000000000000e+00 8.010267207067528483e-01 0.000000000000000000e+00 1.000000000000000000e+00 1.242644000345705275e-02 4.472767622647006447e-01 4.492037897458360240e-01 1.000000000000000000e+00 1.000000000000000000e+00 0.000000000000000000e+00 1.000000000000000000e+00 1.000000000000000000e+00 1.000000000000000000e+00 1.000000000000000000e+00 9.980788808432913273e-01 4.725212860320204128e-02 9.032099208999299078e-01 5.440155205061734144e-07 1.000000000000000000e+00 1.000000000000000000e+00 0.000000000000000000e+00 0.000000000000000000e+00 0.000000000000000000e+00 9.999990335431303556e-01 0.000000000000000000e+00 2.232000000000000000e+03 -2.020333333333333670e+01
0.000000000000000000e+00 0.000000000000000000e+00 1.000000000000000000e+00 2.496864582603401661e-01 5.127266038932440928e-01 0.000000000000000000e+00 1.417725516433273204e-03 1.000000000000000000e+00 0.000000000000000000e+00 0.000000000000000000e+00 9.930888647364092270e-01 0.000000000000000000e+00 1.000000000000000000e+00 0.000000000000000000e+00 1.000000000000000000e+00 1.000000000000000000e+00 0.000000000000000000e+00 1.000000000000000000e+00 1.000000000000000000e+00 1.000000000000000000e+00 1.000000000000000000e+00 0.000000000000000000e+00 2.734737403005947989e-02 0.000000000000000000e+00 9.951821428647886769e-01 1.000000000000000000e+00 0.000000000000000000e+00 6.728883576936511846e-01 1.000000000000000000e+00 0.000000000000000000e+00 7.174427675866528187e-01 0.000000000000000000e+00 1.810000000000000000e+03 -2.482000000000000384e+01
0.000000000000000000e+00 0.000000000000000000e+00 9.971504528113076526e-01 4.169943079460111668e-01 1.000000000000000000e+00 1.000000000000000000e+00 9.216829598374820520e-02 0.000000000000000000e+00 0.000000000000000000e+00 0.000000000000000000e+00 1.000000000000000000e+00 5.751029454010511133e-01 1.000000000000000000e+00 0.000000000000000000e+00 1.000000000000000000e+00 1.000000000000000000e+00 0.000000000000000000e+00 1.000000000000000000e+00 1.000000000000000000e+00 1.000000000000000000e+00 1.000000000000000000e+00 0.000000000000000000e+00 7.365394113394326814e-01 0.000000000000000000e+00 8.353769490777159801e-01 3.885633833027954398e-01 0.000000000000000000e+00 3.209886027557293797e-01 1.000000000000000000e+00 0.000000000000000000e+00 1.000000000000000000e+00 0.000000000000000000e+00 1.874000000000000000e+03 -2.362999999999999901e+01
0.000000000000000000e+00 0.000000000000000000e+00 9.645731128099694907e-01 9.789068195822506757e-01 9.941000380258530056e-01 6.553894976678719120e-01 0.000000000000000000e+00 0.000000000000000000e+00 0.000000000000000000e+00 0.000000000000000000e+00 0.000000000000000000e+00 0.000000000000000000e+00 8.519469837329601836e-01 0.000000000000000000e+00 1.000000000000000000e+00 0.000000000000000000e+00 0.000000000000000000e+00 1.000000000000000000e+00 4.446364475497153745e-01 0.000000000000000000e+00 1.000000000000000000e+00 0.000000000000000000e+00 7.951616476398465361e-01 1.044342468758232070e-02 0.000000000000000000e+00 0.000000000000000000e+00 0.000000000000000000e+00 5.967473923580731698e-01 6.953813783559823491e-01 0.000000000000000000e+00 9.836216450588343152e-01 0.000000000000000000e+00 1.174000000000000000e+03 -9.786666666666667069e+00
0.000000000000000000e+00 0.000000000000000000e+00 0.000000000000000000e+00 4.502551777779494936e-08 8.112177636542377002e-01 3.710270381665637940e-01 2.096620894773295126e-09 1.000000000000000000e+00 0.000000000000000000e+00 0.000000000000000000e+00 1.000000000000000000e+00 0.000000000000000000e+00 1.000000000000000000e+00 2.861083757718567554e-08 1.000000000000000000e+00 9.999999512981774252e-01 0.000000000000000000e+00 6.613648602585987524e-01 1.000000000000000000e+00 1.000000000000000000e+00 1.000000000000000000e+00 0.000000000000000000e+00 0.000000000000000000e+00 0.000000000000000000e+00 0.000000000000000000e+00 5.924105913152947211e-01 2.222982889386412031e-01 3.931803901108083324e-03 4.970917138544671959e-02 1.000000000000000000e+00 3.401751600638865392e-01 2.366446475828560408e-02 1.334000000000000000e+03 -2.116333333333333044e+01
1.000000000000000000e+00 0.000000000000000000e+00 1.000000000000000000e+00 8.788062185051279673e-01 2.143827414807188830e-02 0.000000000000000000e+00 9.726402772627542603e-01 2.461789142283935250e-01 0.000000000000000000e+00 5.349518774236120544e-01 9.578191148456557391e-01 1.000000000000000000e+00 5.990970334127467822e-01 1.000000000000000000e+00 1.000000000000000000e+00 0.000000000000000000e+00 2.991111292636025043e-01 1.000000000000000000e+00 1.000000000000000000e+00 9.853043381297379444e-01 3.325027988769772569e-01 3.199488317315885011e-01 5.744010226221147875e-01 0.000000000000000000e+00 0.000000000000000000e+00 4.535305565387943161e-01 1.845237811546441009e-01 0.000000000000000000e+00 1.000000000000000000e+00 1.034748223186651196e-02 0.000000000000000000e+00 1.000000000000000000e+00 1.812000000000000000e+03 -1.398333333333333428e+01
4.691786466161284030e-01 2.196878737693456762e-01 1.000000000000000000e+00 1.000000000000000000e+00 8.757440706268038166e-01 6.683180553263088353e-01 0.000000000000000000e+00 1.000000000000000000e+00 0.000000000000000000e+00 0.000000000000000000e+00 9.000042722748295976e-01 3.937890040029123073e-10 1.000000000000000000e+00 9.993239998303140581e-01 7.817070877460083889e-01 1.000000000000000000e+00 0.000000000000000000e+00 7.742488495083742484e-01 1.000000000000000000e+00 1.000000000000000000e+00 1.000000000000000000e+00 1.756333665891767566e-04 2.654041867462488269e-01 9.788595063929800277e-01 6.364566484362151055e-02 1.000000000000000000e+00 1.817212382088864708e-01 1.359435129536176456e-01 1.000000000000000000e+00 1.000000000000000000e+00 0.000000000000000000e+00 1.138538002853049617e-02 2.128000000000000000e+03 -2.109666666666666757e+01
0.000000000000000000e+00 0.000000000000000000e+00 0.000000000000000000e+00 0.000000000000000000e+00 4.735607087066491250e-01 3.795373093077427651e-01 0.000000000000000000e+00 1.000000000000000000e+00 4.835020201364594872e-01 2.177056473450825480e-01 9.283487891194877051e-01 0.000000000000000000e+00 1.000000000000000000e+00 0.000000000000000000e+00 6.436144870971223231e-01 1.000000000000000000e+00 0.000000000000000000e+00 1.000000000000000000e+00 9.996445761690023746e-01 1.000000000000000000e+00 6.730485516387396672e-01 0.000000000000000000e+00 0.000000000000000000e+00 0.000000000000000000e+00 1.893019082675750919e-04 9.112681901761975345e-01 7.223357888528735282e-01 3.385557854510272691e-01 9.984753719365369040e-02 1.000000000000000000e+00 0.000000000000000000e+00 0.000000000000000000e+00 1.362000000000000000e+03 -1.816000000000000014e+01
0.000000000000000000e+00 0.000000000000000000e+00 3.031924878383476262e-05 0.000000000000000000e+00 7.401904104776664273e-01 0.000000000000000000e+00 0.000000000000000000e+00 1.000000000000000000e+00 5.063089114417269714e-03 0.000000000000000000e+00 0.000000000000000000e+00 0.000000000000000000e+00 1.000000000000000000e+00 0.000000000000000000e+00 1.000000000000000000e+00 1.000000000000000000e+00 0.000000000000000000e+00 1.000000000000000000e+00 1.000000000000000000e+00 7.053967476439010342e-01 8.029933824876908099e-01 7.149524259167686635e-01 0.000000000000000000e+00 0.000000000000000000e+00 0.000000000000000000e+00 2.003802555174354766e-02 0.000000000000000000e+00 0.000000000000000000e+00 1.000000000000000000e+00 1.000000000000000000e+00 0.000000000000000000e+00 0.000000000000000000e+00 1.288000000000000000e+03 -2.114333333333333442e+01
8.130302903376170065e-02 2.099195863861860190e-01 2.669884609371334649e-01 2.140045820572698265e-01 1.000000000000000000e+00 1.611605383565327676e-01 1.604846145551718506e-01 1.000000000000000000e+00 0.000000000000000000e+00 1.002477452124315160e-01 0.000000000000000000e+00 7.144924567095627399e-01 9.913110994052403147e-01 1.000000000000000000e+00 1.000000000000000000e+00 7.147245145359552021e-01 0.000000000000000000e+00 1.000000000000000000e+00 1.000000000000000000e+00 1.000000000000000000e+00 1.000000000000000000e+00 2.699151067010240324e-01 1.865050287553741692e-01 0.000000000000000000e+00 3.549871261174838977e-01 4.521849006903378432e-01 9.944615269130724355e-01 7.484741789963744729e-01 1.000000000000000000e+00 4.757945308715699206e-01 4.751503984617372334e-01 0.000000000000000000e+00 1.698000000000000000e+03 -2.188666666666666671e+01
1.000000000000000000e+00 1.000000000000000000e+00 1.000000000000000000e+00 0.000000000000000000e+00 3.229706793516405883e-01 8.755617386806565650e-01 1.000000000000000000e+00 1.853906455576399270e-01 0.000000000000000000e+00 9.999998811421658695e-01 3.329406615298942662e-01 4.800000795832888578e-02 7.691416289969226217e-01 1.000000000000000000e+00 9.997602007746285713e-01 5.243842514417788826e-04 8.437972830234643506e-01 7.453028484653582142e-01 1.000000000000000000e+00 1.767746279128892539e-01 1.000000000000000000e+00 4.216297466259107951e-01 2.588512962927689842e-01 1.000000000000000000e+00 5.975949769153281466e-01 3.441312037055379580e-01 1.000000000000000000e+00 8.425333644764024799e-01 5.819597053066733437e-03 8.765641492553176428e-02 9.751553038960540931e-01 9.883819962495772327e-01 2.136000000000000000e+03 -1.738666666666666671e+01
6.137643740327514141e-02 0.000000000000000000e+00 0.000000000000000000e+00 0.000000000000000000e+00 3.744364952122813950e-01 7.969449406380638701e-01 0.000000000000000000e+00 1.000000000000000000e+00 0.000000000000000000e+00 0.000000000000000000e+00 0.000000000000000000e+00 0.000000000000000000e+00 1.000000000000000000e+00 0.000000000000000000e+00 1.000000000000000000e+00 1.000000000000000000e+00 0.000000000000000000e+00 2.736969158850177664e-01 1.000000000000000000e+00 9.874716531943682485e-01 1.000000000000000000e+00 0.000000000000000000e+00 0.000000000000000000e+00 2.151323759843432326e-01 0.000000000000000000e+00 0.000000000000000000e+00 0.000000000000000000e+00 0.000000000000000000e+00 0.000000000000000000e+00 1.000000000000000000e+00 0.000000000000000000e+00 0.000000000000000000e+00 1.144000000000000000e+03 -2.112666666666666515e+01
1.000000000000000000e+00 0.000000000000000000e+00 0.000000000000000000e+00 0.000000000000000000e+00 1.000000000000000000e+00 1.000000000000000000e+00 0.000000000000000000e+00 1.000000000000000000e+00 0.000000000000000000e+00 0.000000000000000000e+00 0.000000000000000000e+00 0.000000000000000000e+00 1.000000000000000000e+00 0.000000000000000000e+00 1.000000000000000000e+00 0.000000000000000000e+00 0.000000000000000000e+00 1.000000000000000000e+00 1.000000000000000000e+00 1.000000000000000000e+00 1.000000000000000000e+00 0.000000000000000000e+00 0.000000000000000000e+00 0.000000000000000000e+00 0.000000000000000000e+00 0.000000000000000000e+00 0.000000000000000000e+00 0.000000000000000000e+00 1.000000000000000000e+00 0.000000000000000000e+00 1.000000000000000000e+00 0.000000000000000000e+00 1.576000000000000000e+03 -1.990000000000000213e+01
0.000000000000000000e+00 0.000000000000000000e+00 1.771373437872262799e-02 0.000000000000000000e+00 8.778259262081135050e-01 0.000000000000000000e+00 0.000000000000000000e+00 1.000000000000000000e+00 0.000000000000000000e+00 0.000000000000000000e+00 0.000000000000000000e+00 0.000000000000000000e+00 9.606828139352002749e-01 0.000000000000000000e+00 1.000000000000000000e+00 1.000000000000000000e+00 1.097273793438353351e-01 1.000000000000000000e+00 1.000000000000000000e+00 1.000000000000000000e+00 1.000000000000000000e+00 2.051825356335389497e-02 0.000000000000000000e+00 0.000000000000000000e+00 8.964417894171606838e-01 0.000000000000000000e+00 0.000000000000000000e+00 3.146535082652410775e-01 9.981920577404057582e-01 3.024675303478688293e-01 5.182578185838639939e-01 0.000000000000000000e+00 1.476000000000000000e+03 -2.262000000000000099e+01
9.978518144706175486e-01 8.864621793933658012e-01 0.000000000000000000e+00 1.000000000000000000e+00 0.000000000000000000e+00 8.394963939409794129e-01 3.431771549193576160e-03 5.001984285452290013e-01 0.000000000000000000e+00 4.951781731261573616e-01 1.000000000000000000e+00 6.528427570112880218e-01 0.000000000000000000e+00 1.000000000000000000e+00 7.952047655541324422e-01 3.406543596690336795e-01 3.026059751892888339e-01 1.000000000000000000e+00 2.570774090823392255e-01 0.000000000000000000e+00 1.000000000000000000e+00 3.157084117559157410e-01 5.664149912458590341e-01 8.129831187094000988e-01 0.000000000000000000e+00 0.000000000000000000e+00 2.505681614359508199e-03 1.000000000000000000e+00 8.693888945662021639e-01 0.000000000000000000e+00 1.000000000000000000e+00 1.151686632103694069e-01 1.602000000000000000e+03 -8.390000000000000568e+00
6.703240103632666924e-02 2.753046692360403003e-01 2.618365095234208573e-01 0.000000000000000000e+00 8.838953363104518068e-02 2.282663554147570592e-02 5.379642656512494125e-02 7.132451989335647502e-02 3.546208639626726583e-02 2.190383185289033335e-02 9.170123945940195087e-01 0.000000000000000000e+00 9.030155553832581727e-01 1.000000000000000000e+00 0.000000000000000000e+00 4.022049031758070381e-01 9.555737314067493937e-01 4.864193223852040365e-02 2.638428871974904943e-01 1.012070959397033953e-01 9.141654683589245465e-04 8.467271111504440784e-01 2.705051050325329443e-01 1.471436033118419806e-01 5.171513654632285961e-01 3.691915623257138648e-03 9.994786518142915188e-01 3.939539380978866467e-01 9.172731670170488627e-01 2.630075092221936459e-02 3.627283129032786435e-02 3.134527347768028549e-01 9.240000000000000000e+02 -8.673333333333333783e+00
0.000000000000000000e+00 0.000000000000000000e+00 0.000000000000000000e+00 9.580639188004249219e-06 3.339665903706551253e-01 7.249552615651960741e-02 0.000000000000000000e+00 1.000000000000000000e+00 0.000000000000000000e+00 2.148769010911738830e-01 4.815108243663521886e-02 6.617880258454527992e-05 1.000000000000000000e+00 3.865439603911363653e-02 1.000000000000000000e+00 1.000000000000000000e+00 0.000000000000000000e+00 1.000000000000000000e+00 9.513350641624462867e-01 3.580123910833743223e-03 1.000000000000000000e+00 1.000000000000000000e+00 1.833001605392244396e-02 0.000000000000000000e+00 1.000000000000000000e+00 0.000000000000000000e+00 0.000000000000000000e+00 2.858183589729488157e-07 0.000000000000000000e+00 1.000000000000000000e+00 3.897453793492147156e-01 0.000000000000000000e+00 1.338000000000000000e+03 -2.180000000000000071e+01
0.000000000000000000e+00 0.000000000000000000e+00 2.028609267766250460e-02 0.000000000000000000e+00 9.996101881589708471e-01 0.000000000000000000e+00 3.287706940146259416e-01 1.000000000000000000e+00 0.000000000000000000e+00 0.000000000000000000e+00 9.701216043156255520e-01 3.827837827963263828e-02 9.812679174261103032e-01 0.000000000000000000e+00 1.000000000000000000e+00 1.000000000000000000e+00 0.000000000000000000e+00 1.000000000000000000e+00 1.000000000000000000e+00 0.000000000000000000e+00 9.999678640697673426e-01 1.000000000000000000e+00 0.000000000000000000e+00 0.000000000000000000e+00 3.050174654337132751e-01 8.660723699059422742e-01 0.000000000000000000e+00 8.539851815729765372e-02 1.000000000000000000e+00 9.635622378974065816e-01 0.000000000000000000e+00 0.000000000000000000e+00 1.714000000000000000e+03 -2.304666666666666330e+01
0.000000000000000000e+00 0.000000000000000000e+00 0.000000000000000000e+00 0.000000000000000000e+00 9.340488010222984805e-01 0.000000000000000000e+00 0.000000000000000000e+00 1.000000000000000000e+00 0.000000000000000000e+00 0.000000000000000000e+00 0.000000000000000000e+00 0.000000000000000000e+00 7.024596827437961100e-01 0.000000000000000000e+00 1.000000000000000000e+00 1.000000000000000000e+00 0.000000000000000000e+00 1.000000000000000000e+00 1.000000000000000000e+00 0.000000000000000000e+00 1.000000000000000000e+00 1.000000000000000000e+00 0.000000000000000000e+00 0.000000000000000000e+00 1.000000000000000000e+00 1.000000000000000000e+00 0.000000000000000000e+00 0.000000000000000000e+00 1.000000000000000000e+00 1.000000000000000000e+00 0.000000000000000000e+00 0.000000000000000000e+00 1.606000000000000000e+03 -2.028666666666666529e+01
0.000000000000000000e+00 0.000000000000000000e+00 0.000000000000000000e+00 2.289556406256118049e-07 0.000000000000000000e+00 0.000000000000000000e+00 0.000000000000000000e+00 1.000000000000000000e+00 0.000000000000000000e+00 1.000000000000000000e+00 1.000000000000000000e+00 0.000000000000000000e+00 1.000000000000000000e+00 4.499204061727215542e-01 1.000000000000000000e+00 1.000000000000000000e+00 0.000000000000000000e+00 1.000000000000000000e+00 5.818138198514464232e-01 1.000000000000000000e+00 1.000000000000000000e+00 1.000000000000000000e+00 0.000000000000000000e+00 0.000000000000000000e+00 0.000000000000000000e+00 0.000000000000000000e+00 0.000000000000000000e+00 0.000000000000000000e+00 1.000000000000000000e+00 1.000000000000000000e+00 0.000000000000000000e+00 0.000000000000000000e+00 1.620000000000000000e+03 -2.151333333333333542e+01
0.000000000000000000e+00 0.000000000000000000e+00 0.000000000000000000e+00 0.000000000000000000e+00 1.000000000000000000e+00 0.000000000000000000e+00 0.000000000000000000e+00 1.000000000000000000e+00 0.000000000000000000e+00 1.980447665426243176e-01 3.967335144092814514e-01 0.000000000000000000e+00 1.000000000000000000e+00 0.000000000000000000e+00 1.000000000000000000e+00 1.000000000000000000e+00 0.000000000000000000e+00 6.520595569002744785e-02 1.000000000000000000e+00 0.000000000000000000e+00 9.985467126952684014e-01 0.000000000000000000e+00 0.000000000000000000e+00 0.000000000000000000e+00 4.353034726628186024e-01 0.000000000000000000e+00 0.000000000000000000e+00 1.000000000000000000e+00 0.000000000000000000e+00 1.000000000000000000e+00 2.815401447264465756e-02 0.000000000000000000e+00 1.220000000000000000e+03 -1.990666666666666629e+01
0.000000000000000000e+00 5.656545834916609783e-01 1.000000000000000000e+00 9.525761953627222001e-01 9.619518864526510615e-01 3.441451145628046659e-01 1.000000000000000000e+00 7.025049852357537761e-01 1.883985516083733214e-02 5.871979011572991958e-01 9.847526386365581530e-01 9.613187208224484026e-01 2.984767354911573856e-01 9.999993371023316868e-01 1.000000000000000000e+00 5.470861739191706236e-02 8.072406645752460141e-01 3.186476970702720735e-01 1.000000000000000000e+00 1.234497548521061860e-01 1.297196882986668964e-01 1.616892058903199592e-01 1.000000000000000000e+00 5.202891182044219187e-01 3.247374750769625451e-01 5.187303415030920595e-06 9.924775723495363744e-01 2.044726249036943888e-01 6.134250636695618430e-01 9.715955475525427376e-01 6.576047608338486672e-01 1.490582353247282554e-01 1.816000000000000000e+03 -1.653666666666666529e+01
0.000000000000000000e+00 3.851628291262445408e-02 2.773135490020348318e-05 0.000000000000000000e+00 8.577271928640602117e-02 8.527741796174302669e-02 0.000000000000000000e+00 1.000000000000000000e+00 4.665614899058979371e-09 0.000000000000000000e+00 1.000000000000000000e+00 0.000000000000000000e+00 6.758436465199156862e-01 6.246483637859049157e-03 4.741454579416984338e-02 9.990370851306182853e-01 2.368201444398080821e-02 4.586224392457996513e-01 1.000000000000000000e+00 1.582875781558392217e-02 1.000000000000000000e+00 2.731386700476485241e-01 2.828994848720094990e-01 0.000000000000000000e+00 1.000000000000000000e+00 2.134593417689800154e-01 6.115910599157440577e-05 5.792562817599612446e-01 8.861557846527123861e-01 9.320146716073436366e-01 1.000000000000000000e+00 5.995454577337348823e-02 1.278000000000000000e+03 -1.633999999999999986e+01
5.884830715561912839e-01 0.000000000000000000e+00 8.876550559088698389e-01 3.975876551622715693e-01 7.413459979549674728e-01 5.161093395527093647e-02 5.242536161268903649e-01 8.123620568750218318e-01 6.901130437152426245e-01 5.800759543236971849e-01 9.999337823057696806e-01 3.674329582647911652e-01 1.000000000000000000e+00 4.979638825367816990e-01 1.000000000000000000e+00 3.866299442172269063e-01 1.000000000000000000e+00 1.276954525753746794e-01 1.000000000000000000e+00 7.744096572416330204e-01 3.099604107288262411e-01 2.027962085016018212e-01 3.682474812173073264e-01 0.000000000000000000e+00 1.000000000000000000e+00 1.000000000000000000e+00 5.965905619988018382e-02 5.151201597592356407e-01 6.588298896632155399e-02 3.015288031882853211e-04 4.918809876560448213e-01 4.357485358732596237e-02 1.436000000000000000e+03 -1.602333333333333343e+01
0.000000000000000000e+00 2.918364460443690668e-03 0.000000000000000000e+00 0.000000000000000000e+00 5.718015220851480063e-01 0.000000000000000000e+00 7.912823917702767051e-01 1.000000000000000000e+00 0.000000000000000000e+00 0.000000000000000000e+00 0.000000000000000000e+00 3.464030817531606853e-06 8.379646663555544439e-01 0.000000000000000000e+00 1.000000000000000000e+00 3.751267956736749690e-03 0.000000000000000000e+00 3.339593468388940556e-01 1.000000000000000000e+00 1.000000000000000000e+00 1.000000000000000000e+00 2.258655203763241127e-03 0.000000000000000000e+00 0.000000000000000000e+00 6.713696901169468045e-01 5.092917443227638064e-01 0.000000000000000000e+00 0.000000000000000000e+00 4.186547726552770077e-01 1.000000000000000000e+00 0.000000000000000000e+00 1.452322387075576484e-05 1.030000000000000000e+03 -1.633333333333333215e+01
0.000000000000000000e+00 0.000000000000000000e+00 0.000000000000000000e+00 0.000000000000000000e+00 9.999640857815451644e-01 0.000000000000000000e+00 0.000000000000000000e+00 8.223210062719844560e-01 0.000000000000000000e+00 0.000000000000000000e+00 1.640379177899642035e-02 0.000000000000000000e+00 1.000000000000000000e+00 0.000000000000000000e+00 1.000000000000000000e+00 1.000000000000000000e+00 0.000000000000000000e+00 1.000000000000000000e+00 1.000000000000000000e+00 1.000000000000000000e+00 1.000000000000000000e+00 0.000000000000000000e+00 0.000000000000000000e+00 0.000000000000000000e+00 1.000000000000000000e+00 0.000000000000000000e+00 0.000000000000000000e+00 0.000000000000000000e+00 0.000000000000000000e+00 8.778424124521488903e-01 0.000000000000000000e+00 0.000000000000000000e+00 1.386000000000000000e+03 -2.226666666666666572e+01
1.000000000000000000e+00 0.000000000000000000e+00 1.000000000000000000e+00 1.000000000000000000e+00 0.000000000000000000e+00 0.000000000000000000e+00 0.000000000000000000e+00 0.000000000000000000e+00 0.000000000000000000e+00 0.000000000000000000e+00 0.000000000000000000e+00 0.000000000000000000e+00 0.000000000000000000e+00 0.000000000000000000e+00 0.000000000000000000e+00 0.000000000000000000e+00 0.000000000000000000e+00 8.303504903617728861e-01 6.597881533322279019e-04 9.661705915116055587e-01 0.000000000000000000e+00 1.632807241503413109e-01 0.000000000000000000e+00 1.000000000000000000e+00 0.000000000000000000e+00 0.000000000000000000e+00 0.000000000000000000e+00 0.000000000000000000e+00 4.168047870031219571e-01 0.000000000000000000e+00 1.886597080176761754e-01 0.000000000000000000e+00 7.660000000000000000e+02 -4.426666666666666750e+00
1.253129384304056638e-03 9.892660029955379075e-01 4.001275622031931767e-01 0.000000000000000000e+00 9.966865321299339664e-01 0.000000000000000000e+00 6.829173620804265266e-01 1.000000000000000000e+00 0.000000000000000000e+00 6.110205894073871859e-03 1.330514090293147544e-01 0.000000000000000000e+00 1.000000000000000000e+00 1.925371216880432390e-01 1.000000000000000000e+00 1.000000000000000000e+00 0.000000000000000000e+00 1.000000000000000000e+00 1.000000000000000000e+00 9.455846243653731609e-01 1.000000000000000000e+00 1.000000000000000000e+00 1.144085900082307677e-01 6.843515054492972519e-04 6.052974319939501413e-01 6.548225341451718862e-02 6.362197164042351916e-02 0.000000000000000000e+00 0.000000000000000000e+00 2.778321417895790717e-03 0.000000000000000000e+00 0.000000000000000000e+00 1.518000000000000000e+03 -2.216000000000000014e+01
0.000000000000000000e+00 0.000000000000000000e+00 0.000000000000000000e+00 0.000000000000000000e+00 1.000000000000000000e+00 0.000000000000000000e+00 0.000000000000000000e+00 1.000000000000000000e+00 0.000000000000000000e+00 0.000000000000000000e+00 1.347751409560739994e-02 7.163681411676989796e-01 1.000000000000000000e+00 0.000000000000000000e+00 1.000000000000000000e+00 0.000000000000000000e+00 0.000000000000000000e+00 0.000000000000000000e+00 1.000000000000000000e+00 1.000000000000000000e+00 1.000000000000000000e+00 0.000000000000000000e+00 0.000000000000000000e+00 0.000000000000000000e+00 1.795489328561910083e-02 1.000000000000000000e+00 0.000000000000000000e+00 0.000000000000000000e+00 8.519339147829402270e-01 1.000000000000000000e+00 0.000000000000000000e+00 0.000000000000000000e+00 1.322000000000000000e+03 -1.673666666666666814e+01
8.791145743087593889e-01 7.830003464056959350e-01 1.000000000000000000e+00 0.000000000000000000e+00 2.680437181005451142e-01 9.519046956826330286e-01 1.000000000000000000e+00 1.004149597412313799e-01 3.429227537683401938e-02 4.135163014819135396e-01 1.000000000000000000e+00 9.239971406526090725e-01 7.278916762300584598e-01 1.000000000000000000e+00 8.471562305495057288e-01 1.000000000000000000e+00 1.861896108982091236e-01 1.000000000000000000e+00 1.000000000000000000e+00 1.067769128446525440e-01 9.033520552277721771e-01 7.747498614129960659e-01 0.000000000000000000e+00 1.000000000000000000e+00 2.275864944107708066e-01 1.000000000000000000e+00 6.836525017511413393e-01 7.597764656391016447e-02 6.306796123732952841e-01 1.398747625398576444e-01 2.794217698671818129e-01 9.941149967006419619e-01 2.150000000000000000e+03 -1.701333333333333542e+01
0.000000000000000000e+00 0.000000000000000000e+00 0.000000000000000000e+00 0.000000000000000000e+00 3.708675310197412922e-01 0.000000000000000000e+00 1.000000000000000000e+00 7.417988099969693438e-01 0.000000000000000000e+00 0.000000000000000000e+00 8.583799905380142814e-01 0.000000000000000000e+00 9.112071834234185541e-01 0.000000000000000000e+00 1.000000000000000000e+00 1.000000000000000000e+00 0.000000000000000000e+00 1.000000000000000000e+00 1.000000000000000000e+00 1.000000000000000000e+00 1.000000000000000000e+00 0.000000000000000000e+00 0.000000000000000000e+00 0.000000000000000000e+00 1.000000000000000000e+00 0.000000000000000000e+00 0.000000000000000000e+00 0.000000000000000000e+00 0.000000000000000000e+00 1.000000000000000000e+00 0.000000000000000000e+00 0.000000000000000000e+00 1.518000000000000000e+03 -2.075333333333333385e+01
3.200140242662082718e-02 0.000000000000000000e+00 0.000000000000000000e+00 0.000000000000000000e+00 9.353130557718600802e-01 0.000000000000000000e+00 0.000000000000000000e+00 1.000000000000000000e+00 0.000000000000000000e+00 1.048346784377120061e-01 0.000000000000000000e+00 0.000000000000000000e+00 1.000000000000000000e+00 0.000000000000000000e+00 1.000000000000000000e+00 8.810566139917460626e-01 0.000000000000000000e+00 6.582125609128238741e-01 1.000000000000000000e+00 7.533557130152260806e-01 1.000000000000000000e+00 0.000000000000000000e+00 0.000000000000000000e+00 0.000000000000000000e+00 1.000000000000000000e+00 0.000000000000000000e+00 0.000000000000000000e+00 0.000000000000000000e+00 2.553679949989902664e-01 9.246119728098838308e-01 0.000000000000000000e+00 2.446991999752201261e-02 1.292000000000000000e+03 -2.121666666666666501e+01
4.147339846067835036e-04 1.768819222244129817e-04 0.000000000000000000e+00 1.962578358713877938e-02 1.443955186899181231e-01 0.000000000000000000e+00 9.908880692113616329e-01 6.938910597681448023e-01 0.000000000000000000e+00 2.287388476088136058e-01 0.000000000000000000e+00 0.000000000000000000e+00 9.311793712943080559e-01 0.000000000000000000e+00 1.000000000000000000e+00 6.806954372373003048e-01 5.345173135886802651e-01 1.000000000000000000e+00 8.105553080046675740e-01 0.000000000000000000e+00 1.000000000000000000e+00 1.000000000000000000e+00 0.000000000000000000e+00 9.478673223948996807e-01 9.845743019793607997e-01 0.000000000000000000e+00 4.666743321791193555e-01 7.187253001610581782e-01 9.999999999800068817e-01 1.000000000000000000e+00 3.156767274739996359e-10 0.000000000000000000e+00 1.540000000000000000e+03 -2.001333333333333542e+01
9.999565253987690028e-01 7.689910461626586757e-01 8.312355624621796668e-01 0.000000000000000000e+00 8.094387896510203406e-01 7.436782507060605285e-01 0.000000000000000000e+00 1.000000000000000000e+00 1.000000000000000000e+00 6.149901291384003432e-01 9.088770524469924617e-01 5.930911358912066556e-01 7.439801335700220175e-01 8.581414658003200246e-01 1.000000000000000000e+00 4.796416255037879717e-01 1.000000000000000000e+00 9.852573826687405223e-01 8.216203077690754641e-01 1.234369003147793992e-01 1.000000000000000000e+00 1.000000000000000000e+00 5.633609497336429239e-01 7.752770437035748641e-01 3.200007651078608517e-01 7.465979079009577024e-01 0.000000000000000000e+00 4.288977021573794901e-01 8.299839564835559402e-01 2.015079428221879243e-01 1.336298030407481741e-01 9.552824984508730966e-01 2.118000000000000000e+03 -1.719333333333333158e+01
0.000000000000000000e+00 0.000000000000000000e+00 0.000000000000000000e+00 0.000000000000000000e+00 4.757827486878187795e-01 0.000000000000000000e+00 0.000000000000000000e+00 3.252513520539705438e-01 6.719831677374777691e-03 0.000000000000000000e+00 5.112623149596620120e-01 1.088311881362411804e-01 1.637099474718113346e-01 0.000000000000000000e+00 1.000000000000000000e+00 7.590196735114945747e-01 2.125580878921128070e-01 1.000000000000000000e+00 3.958693903413407766e-01 4.113723855393227602e-01 8.467049026748550353e-03 9.385539608456040517e-01 0.000000000000000000e+00 0.000000000000000000e+00 9.344049730781284202e-01 6.182934270921758291e-01 0.000000000000000000e+00 6.331139470814456383e-02 1.117120187483195077e-03 2.647918086483547762e-01 1.945855801439533850e-01 1.022175487568039165e-01 7.140000000000000000e+02 -8.500000000000000000e+00
0.000000000000000000e+00 0.000000000000000000e+00 0.000000000000000000e+00 0.000000000000000000e+00 0.000000000000000000e+00 0.000000000000000000e+00 0.000000000000000000e+00 1.000000000000000000e+00 0.000000000000000000e+00 0.000000000000000000e+00 0.000000000000000000e+00 0.000000000000000000e+00 1.000000000000000000e+00 0.000000000000000000e+00 1.000000000000000000e+00 9.761953967306797875e-01 1.000000000000000000e+00 1.000000000000000000e+00 1.000000000000000000e+00 1.000000000000000000e+00 1.000000000000000000e+00 1.000000000000000000e+00 0.000000000000000000e+00 0.000000000000000000e+00 1.000000000000000000e+00 0.000000000000000000e+00 0.000000000000000000e+00 0.000000000000000000e+00 1.000000000000000000e+00 1.000000000000000000e+00 0.000000000000000000e+00 0.000000000000000000e+00 1.702000000000000000e+03 -2.397333333333333272e+01
0.000000000000000000e+00 0.000000000000000000e+00 1.847421366990732727e-02 0.000000000000000000e+00 5.189068025574431863e-05 0.000000000000000000e+00 0.000000000000000000e+00 1.000000000000000000e+00 0.000000000000000000e+00 0.000000000000000000e+00 0.000000000000000000e+00 0.000000000000000000e+00 1.000000000000000000e+00 0.000000000000000000e+00 1.000000000000000000e+00 1.000000000000000000e+00 4.730255362129269781e-01 0.000000000000000000e+00 1.000000000000000000e+00 1.000000000000000000e+00 1.000000000000000000e+00 5.490098354806426953e-06 0.000000000000000000e+00 0.000000000000000000e+00 1.000000000000000000e+00 0.000000000000000000e+00 0.000000000000000000e+00 0.000000000000000000e+00 0.000000000000000000e+00 0.000000000000000000e+00 0.000000000000000000e+00 0.000000000000000000e+00 1.086000000000000000e+03 -2.097666666666666657e+01
0.000000000000000000e+00 6.098328778214270190e-02 0.000000000000000000e+00 0.000000000000000000e+00 1.240683678363101172e-01 5.189787416586645330e-01 0.000000000000000000e+00 1.000000000000000000e+00 6.621922687101174099e-02 0.000000000000000000e+00 0.000000000000000000e+00 6.761804080454170148e-07 9.842991825813994788e-01 0.000000000000000000e+00 1.000000000000000000e+00 5.315773265269583270e-01 4.269634673737701669e-01 9.999999669991249673e-01 1.000000000000000000e+00 9.999999909398422648e-01 8.574883576108958128e-01 4.050376898511846568e-01 0.000000000000000000e+00 0.000000000000000000e+00 1.000000000000000000e+00 0.000000000000000000e+00 0.000000000000000000e+00 0.000000000000000000e+00 0.000000000000000000e+00 6.763976738755176354e-01 0.000000000000000000e+00 2.262743163734315111e-01 1.144000000000000000e+03 -1.737999999999999901e+01
6.100387075965870709e-01 0.000000000000000000e+00 1.000000000000000000e+00 0.000000000000000000e+00 1.832952734195704148e-01 0.000000000000000000e+00 0.000000000000000000e+00 0.000000000000000000e+00 0.000000000000000000e+00 0.000000000000000000e+00 0.000000000000000000e+00 0.000000000000000000e+00 5.548458335925363638e-01 0.000000000000000000e+00 1.000000000000000000e+00 1.000000000000000000e+00 0.000000000000000000e+00 1.000000000000000000e+00 0.000000000000000000e+00 4.223500014747791909e-01 1.000000000000000000e+00 1.000000000000000000e+00 0.000000000000000000e+00 0.000000000000000000e+00 1.000000000000000000e+00 0.000000000000000000e+00 0.000000000000000000e+00 0.000000000000000000e+00 1.799383016669180990e-01 6.294870429824167557e-01 0.000000000000000000e+00 0.000000000000000000e+00 1.030000000000000000e+03 -1.363333333333333464e+01
0.000000000000000000e+00 0.000000000000000000e+00 1.117809720410488095e-01 0.000000000000000000e+00 9.968888097719386110e-01 0.000000000000000000e+00 0.000000000000000000e+00 9.999701635044806469e-01 0.000000000000000000e+00 0.000000000000000000e+00 0.000000000000000000e+00 0.000000000000000000e+00 1.000000000000000000e+00 0.000000000000000000e+00 1.000000000000000000e+00 9.965619081691881043e-01 1.000000000000000000e+00 0.000000000000000000e+00 1.000000000000000000e+00 1.000000000000000000e+00 8.824250524717117683e-01 5.425521963970762057e-02 0.000000000000000000e+00 6.154858929112929505e-02 1.000000000000000000e+00 0.000000000000000000e+00 0.000000000000000000e+00 0.000000000000000000e+00 1.000000000000000000e+00 0.000000000000000000e+00 0.000000000000000000e+00 0.000000000000000000e+00 1.450000000000000000e+03 -2.427666666666666728e+01
9.680847721514233006e-01 5.615515296516685462e-01 7.018024660447674812e-01 2.877375359522333920e-01 5.228799648848436732e-02 6.743754640190002814e-02 5.675675489846510047e-01 6.362731533811966100e-01 4.264063785379051952e-02 3.276774001778837153e-02 1.886813966186295932e-02 9.658034173714615811e-01 2.725310415885989768e-01 9.407730899742666741e-01 5.908040856642512439e-01 8.147602060681041758e-01 8.089462501776524261e-01 6.300361780406876777e-02 5.750435296797824503e-01 8.883642682166209559e-01 2.608534992436345457e-02 8.255250452388968041e-01 9.940448560715885451e-01 2.832071456760321682e-01 9.797848925579049073e-01 8.666955045072910480e-02 9.020543872815027786e-01 1.160165658148715195e-02 5.165461128735813201e-01 9.764316696881166768e-01 4.626044243631561859e-01 5.395070202792812131e-02 1.444000000000000000e+03 -1.236333333333333506e+01
0.000000000000000000e+00 0.000000000000000000e+00 0.000000000000000000e+00 0.000000000000000000e+00 9.847250155877897981e-01 0.000000000000000000e+00 0.000000000000000000e+00 1.000000000000000000e+00 0.000000000000000000e+00 0.000000000000000000e+00 0.000000000000000000e+00 0.000000000000000000e+00 9.380979507934988915e-01 0.000000000000000000e+00 1.000000000000000000e+00 1.000000000000000000e+00 0.000000000000000000e+00 0.000000000000000000e+00 1.000000000000000000e+00 1.000000000000000000e+00 9.999892463552975119e-01 7.782994546650299217e-01 4.632479027578469245e-07 0.000000000000000000e+00 1.000000000000000000e+00 0.000000000000000000e+00 0.000000000000000000e+00 0.000000000000000000e+00 0.000000000000000000e+00 4.630060399776065871e-01 0.000000000000000000e+00 7.610623270257304007e-01 1.336000000000000000e+03 -2.046666666666666501e+01
0.000000000000000000e+00 0.000000000000000000e+00 5.927331742089084754e-01 4.973094601337058052e-02 1.000000000000000000e+00 9.928281898730221267e-01 0.000000000000000000e+00 0.000000000000000000e+00 7.008524866504827200e-01 0.000000000000000000e+00 7.357561484044261579e-01 1.000000000000000000e+00 9.972595601334864890e-01 4.299704400934545867e-01 1.000000000000000000e+00 0.000000000000000000e+00 1.000000000000000000e+00 9.971937486667580286e-01 0.000000000000000000e+00 7.289309358635350788e-01 1.000000000000000000e+00 1.000000000000000000e+00 0.000000000000000000e+00 9.275664846172125833e-01 0.000000000000000000e+00 1.000000000000000000e+00 0.000000000000000000e+00 0.000000000000000000e+00 0.000000000000000000e+00 0.000000000000000000e+00 3.249863660527728838e-03 0.000000000000000000e+00 1.648000000000000000e+03 -1.577999999999999936e+01
0.000000000000000000e+00 9.972048071651236079e-01 7.519293236662785151e-01 2.120082829599452545e-02 2.781294848615087911e-01 5.116556818538560147e-01 1.590020490759848915e-01 1.522234176310241494e-01 7.261147374287504341e-01 1.462043848342467666e-06 6.833740654451154750e-01 7.936226335360456741e-01 0.000000000000000000e+00 8.110131658178186542e-02 2.724793382327803104e-01 8.348704650244055669e-02 1.675584926255537649e-02 5.061485870309969659e-01 1.755528653239357417e-01 5.943932635847106738e-01 0.000000000000000000e+00 3.741446832879919415e-01 4.102481477304360524e-01 3.034391138272562460e-01 1.000000000000000000e+00 9.614389149749494878e-01 8.301017146916914724e-01 1.891566657274840538e-02 6.430135578439740707e-01 0.000000000000000000e+00 2.561559429578883895e-03 1.969472960591379940e-01 8.380000000000000000e+02 -5.423333333333334672e+00
0.000000000000000000e+00 0.000000000000000000e+00 8.837786361844885905e-03 1.486458882725245900e-02 1.570016775787041671e-02 2.097991563274890364e-02 0.000000000000000000e+00 7.075499414428663147e-01 1.147693893352738637e-01 1.746443121630137374e-01 0.000000000000000000e+00 6.972944847051729990e-03 9.388043598916419041e-01 2.327050089619048523e-01 4.035895881270884500e-01 8.260855883306379432e-01 8.645272203931783084e-01 0.000000000000000000e+00 9.999742474105576262e-01 9.931600624800241972e-01 1.000000000000000000e+00 0.000000000000000000e+00 1.010916232954681554e-01 3.604480096505770503e-01 1.000000000000000000e+00 0.000000000000000000e+00 0.000000000000000000e+00 0.000000000000000000e+00 7.660082982553149122e-01 6.001430655818463800e-01 3.335427429181198056e-02 3.488295318255817731e-04 1.020000000000000000e+03 -1.702666666666666728e+01
1.000000000000000000e+00 0.000000000000000000e+00 0.000000000000000000e+00 0.000000000000000000e+00 8.769985629635885793e-01 0.000000000000000000e+00 0.000000000000000000e+00 1.000000000000000000e+00 0.000000000000000000e+00 1.000000000000000000e+00 0.000000000000000000e+00 9.893999797262300611e-01 1.000000000000000000e+00 1.000000000000000000e+00 0.000000000000000000e+00 1.000000000000000000e+00 6.804245038528201617e-01 0.000000000000000000e+00 1.000000000000000000e+00 0.000000000000000000e+00 1.000000000000000000e+00 0.000000000000000000e+00 0.000000000000000000e+00 1.000000000000000000e+00 1.000000000000000000e+00 0.000000000000000000e+00 0.000000000000000000e+00 0.000000000000000000e+00 6.860713259813246978e-01 4.662968806000561406e-02 0.000000000000000000e+00 0.000000000000000000e+00 1.636000000000000000e+03 -2.138333333333333641e+01
0.000000000000000000e+00 0.000000000000000000e+00 1.682010479817397949e-04 0.000000000000000000e+00 3.775628779612523189e-01 0.000000000000000000e+00 0.000000000000000000e+00 2.406517779081969177e-01 3.223280791058704686e-01 5.120939910152794150e-01 0.000000000000000000e+00 0.000000000000000000e+00 1.000000000000000000e+00 0.000000000000000000e+00 9.999995777029005994e-01 3.020225456420267407e-01 4.837595520343465454e-03 0.000000000000000000e+00 9.367200945315258265e-01 7.752435809679855128e-01 4.537784124961453114e-01 0.000000000000000000e+00 0.000000000000000000e+00 4.746382999787305268e-01 1.000000000000000000e+00 0.000000000000000000e+00 0.000000000000000000e+00 0.000000000000000000e+00 6.647669913595085633e-01 9.465454401672097617e-01 0.000000000000000000e+00 0.000000000000000000e+00 8.480000000000000000e+02 -1.295666666666666522e+01
0.000000000000000000e+00 0.000000000000000000e+00 5.676429834733162094e-01 0.000000000000000000e+00 0.000000000000000000e+00 0.000000000000000000e+00 0.000000000000000000e+00 7.530381937226332534e-01 0.000000000000000000e+00 0.000000000000000000e+00 0.000000000000000000e+00 0.000000000000000000e+00 4.234241910114179830e-01 0.000000000000000000e+00 1.000000000000000000e+00 1.000000000000000000e+00 4.306590292094161776e-01 0.000000000000000000e+00 1.000000000000000000e+00 1.000000000000000000e+00 1.000000000000000000e+00 0.000000000000000000e+00 0.000000000000000000e+00 0.000000000000000000e+00 1.000000000000000000e+00 0.000000000000000000e+00 0.000000000000000000e+00 4.810239505449913633e-01 2.391252364817523790e-01 0.000000000000000000e+00 0.000000000000000000e+00 0.000000000000000000e+00 9.320000000000000000e+02 -1.529666666666666686e+01
0.000000000000000000e+00 0.000000000000000000e+00 4.980605291881994717e-02 0.000000000000000000e+00 0.000000000000000000e+00 0.000000000000000000e+00 0.000000000000000000e+00 1.000000000000000000e+00 0.000000000000000000e+00 9.330050155831816072e-01 0.000000000000000000e+00 0.000000000000000000e+00 2.567254069193926069e-01 0.000000000000000000e+00 7.994848414432419448e-01 1.000000000000000000e+00 0.000000000000000000e+00 0.000000000000000000e+00 7.635709937256741631e-01 6.096252144837340792e-01 0.000000000000000000e+00 0.000000000000000000e+00 0.000000000000000000e+00 1.474985988092324674e-01 1.000000000000000000e+00 0.000000000000000000e+00 0.000000000000000000e+00 0.000000000000000000e+00 0.000000000000000000e+00 0.000000000000000000e+00 0.000000000000000000e+00 0.000000000000000000e+00 7.260000000000000000e+02 -8.900000000000000355e+00
0.000000000000000000e+00 0.000000000000000000e+00 0.000000000000000000e+00 0.000000000000000000e+00 0.000000000000000000e+00 0.000000000000000000e+00 0.000000000000000000e+00 1.000000000000000000e+00 0.000000000000000000e+00 1.000000000000000000e+00 0.000000000000000000e+00 0.000000000000000000e+00 1.000000000000000000e+00 0.000000000000000000e+00 1.000000000000000000e+00 1.000000000000000000e+00 1.000000000000000000e+00 0.000000000000000000e+00 1.000000000000000000e+00 6.046038921088892071e-01 0.000000000000000000e+00 0.000000000000000000e+00 0.000000000000000000e+00 0.000000000000000000e+00 1.000000000000000000e+00 0.000000000000000000e+00 0.000000000000000000e+00 0.000000000000000000e+00 0.000000000000000000e+00 1.000000000000000000e+00 0.000000000000000000e+00 0.000000000000000000e+00 1.228000000000000000e+03 -1.903333333333333144e+01
0.000000000000000000e+00 0.000000000000000000e+00 0.000000000000000000e+00 0.000000000000000000e+00 3.078343441953982906e-01 0.000000000000000000e+00 0.000000000000000000e+00 0.000000000000000000e+00 6.275566050024039555e-01 0.000000000000000000e+00 0.000000000000000000e+00 0.000000000000000000e+00 1.000000000000000000e+00 0.000000000000000000e+00 2.341194921534884010e-01 1.000000000000000000e+00 6.806713442525022528e-04 0.000000000000000000e+00 8.625688950163400495e-03 1.000000000000000000e+00 8.947792993158116825e-01 0.000000000000000000e+00 0.000000000000000000e+00 8.175903178700530405e-02 1.000000000000000000e+00 3.622232472947493620e-01 0.000000000000000000e+00 2.828635166274294788e-01 8.805729629461460650e-01 0.000000000000000000e+00 0.000000000000000000e+00 0.000000000000000000e+00 8.660000000000000000e+02 -1.349000000000000199e+01
1.072101246821473980e-01 0.000000000000000000e+00 0.000000000000000000e+00 0.000000000000000000e+00 0.000000000000000000e+00 1.757698487928343600e-01 6.514344239674643640e-06 5.368398199847901342e-01 8.156687397870265865e-01 0.000000000000000000e+00 0.000000000000000000e+00 0.000000000000000000e+00 3.145208304305379104e-04 0.000000000000000000e+00 1.000000000000000000e+00 1.000000000000000000e+00 3.733011724313218815e-01 0.000000000000000000e+00 1.000000000000000000e+00 1.000000000000000000e+00 8.277017589343486081e-01 0.000000000000000000e+00 0.000000000000000000e+00 0.000000000000000000e+00 1.000000000000000000e+00 0.000000000000000000e+00 0.000000000000000000e+00 5.646527599614902249e-01 1.000000000000000000e+00 0.000000000000000000e+00 0.000000000000000000e+00 0.000000000000000000e+00 9.800000000000000000e+02 -1.426666666666666750e+01
2.578631082132850846e-02 4.344245865428486009e-01 7.900537663861173510e-01 0.000000000000000000e+00 9.815758791280472240e-01 1.577060662646203038e-01 0.000000000000000000e+00 2.375277910802928716e-01 0.000000000000000000e+00 9.526874670281094692e-01 1.594131187706681729e-03 0.000000000000000000e+00 9.841011080305153147e-01 0.000000000000000000e+00 8.878715673204922165e-01 9.828647691708409795e-01 9.648530712510521301e-01 0.000000000000000000e+00 1.000000000000000000e+00 1.000000000000000000e+00 1.000000000000000000e+00 5.602049510756462042e-02 0.000000000000000000e+00 0.000000000000000000e+00 9.092576208490912304e-01 2.113319246724141842e-01 5.231225705043716923e-03 2.303996526684786231e-02 1.000000000000000000e+00 1.000000000000000000e+00 0.000000000000000000e+00 1.119930291286291846e-01 1.658000000000000000e+03 -2.343333333333333357e+01
0.000000000000000000e+00 0.000000000000000000e+00 1.568031485373324457e-02 3.462873528709405763e-02 0.000000000000000000e+00 0.000000000000000000e+00 0.000000000000000000e+00 1.000000000000000000e+00 0.000000000000000000e+00 2.244098400783375857e-01 0.000000000000000000e+00 1.000000000000000000e+00 1.000000000000000000e+00 0.000000000000000000e+00 9.942805216665066004e-01 1.000000000000000000e+00 0.000000000000000000e+00 4.574436027642069247e-01 1.000000000000000000e+00 0.000000000000000000e+00 1.000000000000000000e+00 0.000000000000000000e+00 0.000000000000000000e+00 0.000000000000000000e+00 1.000000000000000000e+00 7.153775917811522984e-04 0.000000000000000000e+00 0.000000000000000000e+00 0.000000000000000000e+00 0.000000000000000000e+00 0.000000000000000000e+00 0.000000000000000000e+00 1.088000000000000000e+03 -1.796999999999999886e+01
0.000000000000000000e+00 0.000000000000000000e+00 1.000000000000000000e+00 0.000000000000000000e+00 4.450569022505868055e-01 0.000000000000000000e+00 0.000000000000000000e+00 1.000000000000000000e+00 0.000000000000000000e+00 1.787979372046300530e-01 0.000000000000000000e+00 0.000000000000000000e+00 1.000000000000000000e+00 1.054510366013362149e-01 6.067752552285988754e-01 9.869833768051264333e-02 0.000000000000000000e+00 0.000000000000000000e+00 5.544063904372367180e-01 1.000000000000000000e+00 6.512318542260593368e-01 0.000000000000000000e+00 0.000000000000000000e+00 5.824325565019583539e-01 1.000000000000000000e+00 1.907126269990777057e-01 0.000000000000000000e+00 0.000000000000000000e+00 1.000000000000000000e+00 0.000000000000000000e+00 0.000000000000000000e+00 0.000000000000000000e+00 9.420000000000000000e+02 -9.213333333333332931e+00
0.000000000000000000e+00 0.000000000000000000e+00 0.000000000000000000e+00 0.000000000000000000e+00 0.000000000000000000e+00 0.000000000000000000e+00 1.955675234913981791e-02 5.805321918561561212e-01 1.554328618145040253e-01 9.286957217567097800e-01 0.000000000000000000e+00 0.000000000000000000e+00 5.277473401294711097e-01 0.000000000000000000e+00 7.227765082012000963e-01 1.000000000000000000e+00 0.000000000000000000e+00 0.000000000000000000e+00 9.814370590778574988e-01 9.924992567940140731e-01 3.648591571795901101e-01 2.088064743386758293e-01 0.000000000000000000e+00 0.000000000000000000e+00 1.000000000000000000e+00 2.971213249319342928e-02 0.000000000000000000e+00 3.278278885740410487e-01 0.000000000000000000e+00 0.000000000000000000e+00 0.000000000000000000e+00 0.000000000000000000e+00 8.160000000000000000e+02 -1.260999999999999943e+01
0.000000000000000000e+00 0.000000000000000000e+00 0.000000000000000000e+00 0.000000000000000000e+00 7.251018281454288394e-02 0.000000000000000000e+00 0.000000000000000000e+00 9.428435250058216921e-01 0.000000000000000000e+00 1.000000000000000000e+00 0.000000000000000000e+00 0.000000000000000000e+00 7.389028746916980195e-01 0.000000000000000000e+00 1.000000000000000000e+00 1.000000000000000000e+00 0.000000000000000000e+00 0.000000000000000000e+00 2.857371013498795700e-02 1.000000000000000000e+00 3.354693592197937613e-01 0.000000000000000000e+00 0.000000000000000000e+00 0.000000000000000000e+00 1.000000000000000000e+00 6.540864097461398519e-01 0.000000000000000000e+00 0.000000000000000000e+00 0.000000000000000000e+00 0.000000000000000000e+00 0.000000000000000000e+00 0.000000000000000000e+00 9.180000000000000000e+02 -1.186666666666666714e+01
0.000000000000000000e+00 0.000000000000000000e+00 0.000000000000000000e+00 8.086211059565376336e-03 9.246244249069226484e-01 0.000000000000000000e+00 0.000000000000000000e+00 0.000000000000000000e+00 4.470788455422854968e-01 0.000000000000000000e+00 0.000000000000000000e+00 0.000000000000000000e+00 8.039255565706293627e-01 0.000000000000000000e+00 2.390102991553778033e-01 1.000000000000000000e+00 0.000000000000000000e+00 0.000000000000000000e+00 1.471659632480087354e-01 5.963002780961664806e-01 5.534983467917892197e-01 0.000000000000000000e+00 0.000000000000000000e+00 3.617795063453284332e-02 1.000000000000000000e+00 0.000000000000000000e+00 0.000000000000000000e+00 0.000000000000000000e+00 7.099609670014270790e-01 0.000000000000000000e+00 0.000000000000000000e+00 3.219505753260547471e-04 5.960000000000000000e+02 -7.890000000000000568e+00
0.000000000000000000e+00 0.000000000000000000e+00 0.000000000000000000e+00 1.000000000000000000e+00 7.231052796808071226e-02 0.000000000000000000e+00 0.000000000000000000e+00 2.105632228508572956e-01 9.999751494553759112e-01 0.000000000000000000e+00 0.000000000000000000e+00 0.000000000000000000e+00 3.507959215120917129e-01 6.597748966774769075e-01 1.000000000000000000e+00 1.000000000000000000e+00 0.000000000000000000e+00 0.000000000000000000e+00 7.440816113502529694e-01 1.000000000000000000e+00 0.000000000000000000e+00 7.804663577477384262e-01 3.007972297846150389e-01 8.719838504993351544e-03 1.000000000000000000e+00 0.000000000000000000e+00 0.000000000000000000e+00 0.000000000000000000e+00 1.000000000000000000e+00 0.000000000000000000e+00 0.000000000000000000e+00 0.000000000000000000e+00 1.114000000000000000e+03 -1.391333333333333222e+01
0.000000000000000000e+00 0.000000000000000000e+00 0.000000000000000000e+00 0.000000000000000000e+00 1.000000000000000000e+00 0.000000000000000000e+00 0.000000000000000000e+00 0.000000000000000000e+00 1.000000000000000000e+00 4.905052717931833173e-01 0.000000000000000000e+00 0.000000000000000000e+00 1.000000000000000000e+00 0.000000000000000000e+00 2.638695453445579764e-01 4.001829340332628271e-01 0.000000000000000000e+00 0.000000000000000000e+00 1.000000000000000000e+00 1.000000000000000000e+00 1.000000000000000000e+00 0.000000000000000000e+00 0.000000000000000000e+00 1.000000000000000000e+00 1.000000000000000000e+00 0.000000000000000000e+00 0.000000000000000000e+00 0.000000000000000000e+00 0.000000000000000000e+00 0.000000000000000000e+00 0.000000000000000000e+00 0.000000000000000000e+00 1.094000000000000000e+03 -1.522333333333333449e+01
0.000000000000000000e+00 1.847490488574226597e-01 7.395487341383781832e-01 0.000000000000000000e+00 1.000000000000000000e+00 0.000000000000000000e+00 0.000000000000000000e+00 0.000000000000000000e+00 0.000000000000000000e+00 9.996997777245431038e-01 0.000000000000000000e+00 0.000000000000000000e+00 0.000000000000000000e+00 1.310647105207483343e-01 0.000000000000000000e+00 8.655010694012684747e-01 3.293690614170623476e-01 0.000000000000000000e+00 9.986672679794382779e-01 1.000000000000000000e+00 0.000000000000000000e+00 0.000000000000000000e+00 2.414918768593414811e-01 1.224474460887373106e-02 1.000000000000000000e+00 4.071782486915655475e-01 0.000000000000000000e+00 4.535198918898359910e-01 4.925466232782646503e-01 0.000000000000000000e+00 9.866015259978709595e-02 8.387593266756946386e-01 9.880000000000000000e+02 -9.266666666666667496e+00
0.000000000000000000e+00 0.000000000000000000e+00 6.564193635577407759e-01 0.000000000000000000e+00 1.394221966691536196e-01 0.000000000000000000e+00 0.000000000000000000e+00 0.000000000000000000e+00 0.000000000000000000e+00 3.751871123359076104e-02 0.000000000000000000e+00 0.000000000000000000e+00 0.000000000000000000e+00 0.000000000000000000e+00 1.000000000000000000e+00 1.000000000000000000e+00 0.000000000000000000e+00 0.000000000000000000e+00 1.000000000000000000e+00 9.098740161646662328e-01 0.000000000000000000e+00 0.000000000000000000e+00 0.000000000000000000e+00 6.727527346685883980e-02 9.031628526190186301e-01 0.000000000000000000e+00 0.000000000000000000e+00 1.354827777818042901e-02 0.000000000000000000e+00 6.193740825700422281e-01 0.000000000000000000e+00 0.000000000000000000e+00 7.540000000000000000e+02 -1.034666666666666579e+01
0.000000000000000000e+00 0.000000000000000000e+00 0.000000000000000000e+00 0.000000000000000000e+00 8.616557087529965742e-01 0.000000000000000000e+00 0.000000000000000000e+00 1.657984208145837079e-01 0.000000000000000000e+00 0.000000000000000000e+00 0.000000000000000000e+00 2.165071494245272565e-01 0.000000000000000000e+00 0.000000000000000000e+00 1.485364606637366303e-01 1.000000000000000000e+00 0.000000000000000000e+00 1.000000000000000000e+00 9.990040003441438277e-01 0.000000000000000000e+00 0.000000000000000000e+00 3.406573112068668197e-01 0.000000000000000000e+00 0.000000000000000000e+00 1.000000000000000000e+00 0.000000000000000000e+00 0.000000000000000000e+00 0.000000000000000000e+00 0.000000000000000000e+00 1.000000000000000000e+00 0.000000000000000000e+00 0.000000000000000000e+00 8.320000000000000000e+02 -8.133333333333332860e+00
0.000000000000000000e+00 0.000000000000000000e+00 5.618155561078075344e-01 1.326628264225002962e-01 0.000000000000000000e+00 0.000000000000000000e+00 0.000000000000000000e+00 0.000000000000000000e+00 0.000000000000000000e+00 0.000000000000000000e+00 7.169810925679804825e-01 0.000000000000000000e+00 1.000000000000000000e+00 0.000000000000000000e+00 1.935105906790164027e-05 1.000000000000000000e+00 2.102672998207147023e-02 0.000000000000000000e+00 7.991115845928311744e-05 9.715745062804903576e-01 0.000000000000000000e+00 5.888261959764343745e-01 0.000000000000000000e+00 0.000000000000000000e+00 1.871793801068328267e-01 1.000000000000000000e+00 0.000000000000000000e+00 0.000000000000000000e+00 1.000000000000000000e+00 1.313443211759580162e-04 9.998997645616704011e-01 3.083210297173424874e-02 9.280000000000000000e+02 -1.125666666666666771e+01
0.000000000000000000e+00 0.000000000000000000e+00 9.110359198232914624e-02 0.000000000000000000e+00 0.000000000000000000e+00 0.000000000000000000e+00 0.000000000000000000e+00 1.948508405812702238e-01 0.000000000000000000e+00 9.857176065304097679e-06 0.000000000000000000e+00 0.000000000000000000e+00 1.000000000000000000e+00 0.000000000000000000e+00 9.108579568825936335e-01 1.000000000000000000e+00 2.568321677226212321e-03 0.000000000000000000e+00 1.000000000000000000e+00 4.460234941669248832e-01 1.000000000000000000e+00 0.000000000000000000e+00 0.000000000000000000e+00 4.139561025997244570e-02 1.000000000000000000e+00 0.000000000000000000e+00 0.000000000000000000e+00 0.000000000000000000e+00 0.000000000000000000e+00 6.331478622213589924e-01 0.000000000000000000e+00 0.000000000000000000e+00 8.660000000000000000e+02 -1.564666666666666650e+01
0.000000000000000000e+00 9.931513551778001769e-01 4.274480777827384670e-01 3.075167410776519748e-03 6.760372374601338885e-01 1.379790039305260341e-01 0.000000000000000000e+00 5.239970630716679345e-01 7.498576488619083102e-01 9.994334534850325413e-01 9.467172639124388223e-01 5.854396449195624630e-01 2.183276004955891567e-02 0.000000000000000000e+00 1.103976614810667917e-01 1.000000000000000000e+00 1.109547570830635155e-01 2.079378606833580390e-01 9.046795324264088611e-01 2.717707111170870049e-01 0.000000000000000000e+00 7.961264556163322181e-01 0.000000000000000000e+00 9.228955043352073950e-01 1.000000000000000000e+00 0.000000000000000000e+00 9.337128644655562359e-01 0.000000000000000000e+00 9.731522937097000225e-01 0.000000000000000000e+00 0.000000000000000000e+00 0.000000000000000000e+00 1.406000000000000000e+03 -1.193333333333333179e+01
0.000000000000000000e+00 0.000000000000000000e+00 0.000000000000000000e+00 0.000000000000000000e+00 7.255422132888028619e-01 8.314986005525405732e-02 4.393098242575717917e-08 8.026218178804932490e-01 0.000000000000000000e+00 0.000000000000000000e+00 0.000000000000000000e+00 0.000000000000000000e+00 9.277983269502605435e-01 0.000000000000000000e+00 9.740728821648503288e-01 1.000000000000000000e+00 3.594877488218813049e-08 0.000000000000000000e+00 1.000000000000000000e+00 9.454476928918059686e-01 8.102376160448919729e-01 0.000000000000000000e+00 0.000000000000000000e+00 8.015173226887366553e-01 8.305920787843961151e-01 0.000000000000000000e+00 0.000000000000000000e+00 0.000000000000000000e+00 1.909503143869681341e-01 7.475311795546677462e-01 8.293730974558212454e-02 0.000000000000000000e+00 1.068000000000000000e+03 -2.003999999999999915e+01
0.000000000000000000e+00 0.000000000000000000e+00 2.157149721161855938e-01 0.000000000000000000e+00 9.455668216626890166e-01 0.000000000000000000e+00 0.000000000000000000e+00 1.000000000000000000e+00 0.000000000000000000e+00 0.000000000000000000e+00 0.000000000000000000e+00 0.000000000000000000e+00 1.000000000000000000e+00 4.256906572873528916e-01 1.000000000000000000e+00 9.559946529229672585e-01 0.000000000000000000e+00 0.000000000000000000e+00 1.000000000000000000e+00 1.000000000000000000e+00 2.357616273340450985e-01 4.073998481302699148e-01 0.000000000000000000e+00 9.768567933655644131e-01 1.000000000000000000e+00 6.365379021880597510e-02 4.639318345284797284e-10 0.000000000000000000e+00 0.000000000000000000e+00 7.646643387557481297e-01 0.000000000000000000e+00 0.000000000000000000e+00 1.276000000000000000e+03 -2.168000000000000327e+01
0.000000000000000000e+00 0.000000000000000000e+00 0.000000000000000000e+00 0.000000000000000000e+00 1.000000000000000000e+00 6.941945990059174287e-02 0.000000000000000000e+00 7.900836189229083484e-01 0.000000000000000000e+00 1.000000000000000000e+00 0.000000000000000000e+00 0.000000000000000000e+00 1.000000000000000000e+00 0.000000000000000000e+00 1.000000000000000000e+00 1.000000000000000000e+00 0.000000000000000000e+00 0.000000000000000000e+00 1.000000000000000000e+00 9.371672930080903186e-01 5.636943137248551228e-01 8.752727269871944937e-01 0.000000000000000000e+00 9.789152649057021316e-01 1.000000000000000000e+00 0.000000000000000000e+00 0.000000000000000000e+00 0.000000000000000000e+00 0.000000000000000000e+00 3.621940842510166236e-01 1.000000000000000000e+00 0.000000000000000000e+00 1.532000000000000000e+03 -2.138666666666666671e+01
0.000000000000000000e+00 0.000000000000000000e+00 0.000000000000000000e+00 0.000000000000000000e+00 1.000000000000000000e+00 7.340170126011587026e-01 0.000000000000000000e+00 0.000000000000000000e+00 0.000000000000000000e+00 7.392536971972767101e-02 0.000000000000000000e+00 0.000000000000000000e+00 1.000000000000000000e+00 1.000000000000000000e+00 1.000000000000000000e+00 1.000000000000000000e+00 0.000000000000000000e+00 0.000000000000000000e+00 1.000000000000000000e+00 6.686720256727710643e-01 7.855999442638278429e-01 0.000000000000000000e+00 0.000000000000000000e+00 7.499605695401478922e-01 1.000000000000000000e+00 0.000000000000000000e+00 0.000000000000000000e+00 0.000000000000000000e+00 0.000000000000000000e+00 0.000000000000000000e+00 0.000000000000000000e+00 0.000000000000000000e+00 1.162000000000000000e+03 -1.477333333333333343e+01
0.000000000000000000e+00 5.170971701129799258e-02 0.000000000000000000e+00 0.000000000000000000e+00 0.000000000000000000e+00 0.000000000000000000e+00 0.000000000000000000e+00 6.929696298387665043e-02 4.402755035088523061e-01 0.000000000000000000e+00 0.000000000000000000e+00 0.000000000000000000e+00 5.260916919363226585e-01 0.000000000000000000e+00 1.000000000000000000e+00 1.000000000000000000e+00 1.000000000000000000e+00 0.000000000000000000e+00 9.643518651106889328e-01 6.525748406257838585e-01 8.651453261540738016e-01 0.000000000000000000e+00 0.000000000000000000e+00 9.517643609619409473e-01 1.000000000000000000e+00 0.000000000000000000e+00 0.000000000000000000e+00 0.000000000000000000e+00 0.000000000000000000e+00 7.632077031420816393e-01 5.317432805694644656e-04 0.000000000000000000e+00 1.066000000000000000e+03 -1.520999999999999908e+01
0.000000000000000000e+00 0.000000000000000000e+00 0.000000000000000000e+00 0.000000000000000000e+00 0.000000000000000000e+00 0.000000000000000000e+00 0.000000000000000000e+00 6.249486547752994836e-01 0.000000000000000000e+00 0.000000000000000000e+00 1.000000000000000000e+00 0.000000000000000000e+00 0.000000000000000000e+00 0.000000000000000000e+00 1.000000000000000000e+00 1.442239782508842882e-01 0.000000000000000000e+00 0.000000000000000000e+00 1.000000000000000000e+00 2.128231745797319885e-01 0.000000000000000000e+00 0.000000000000000000e+00 0.000000000000000000e+00 1.907582621796029554e-01 1.000000000000000000e+00 0.000000000000000000e+00 0.000000000000000000e+00 0.000000000000000000e+00 1.081090114310451038e-02 0.000000000000000000e+00 3.595014231721954112e-01 0.000000000000000000e+00 6.100000000000000000e+02 -6.549999999999999822e+00
0.000000000000000000e+00 0.000000000000000000e+00 0.000000000000000000e+00 0.000000000000000000e+00 8.561498264523369484e-01 0.000000000000000000e+00 0.000000000000000000e+00 0.000000000000000000e+00 0.000000000000000000e+00 0.000000000000000000e+00 0.000000000000000000e+00 0.000000000000000000e+00 9.999998769570616064e-01 0.000000000000000000e+00 1.000000000000000000e+00 1.000000000000000000e+00 0.000000000000000000e+00 0.000000000000000000e+00 1.000000000000000000e+00 1.000000000000000000e+00 0.000000000000000000e+00 0.000000000000000000e+00 0.000000000000000000e+00 7.533963294327001847e-01 1.000000000000000000e+00 0.000000000000000000e+00 0.000000000000000000e+00 0.000000000000000000e+00 1.584945427119479888e-01 1.000000000000000000e+00 0.000000000000000000e+00 0.000000000000000000e+00 1.072000000000000000e+03 -1.669000000000000128e+01
0.000000000000000000e+00 0.000000000000000000e+00 3.159517114345919975e-01 3.837364619005796951e-01 3.671237849266525272e-02 3.106684601409725327e-02 0.000000000000000000e+00 8.812884045519516762e-01 0.000000000000000000e+00 2.052007094102235307e-01 0.000000000000000000e+00 0.000000000000000000e+00 9.695203111480363845e-01 3.055169506856900900e-04 1.681368248973542923e-02 1.000000000000000000e+00 0.000000000000000000e+00 0.000000000000000000e+00 1.000000000000000000e+00 9.780245305958708002e-01 9.999999968912143267e-01 0.000000000000000000e+00 5.415652782707597486e-03 0.000000000000000000e+00 1.000000000000000000e+00 0.000000000000000000e+00 3.772998336509596901e-02 5.948120049378945296e-09 6.267090577573541932e-02 1.443158240590019514e-01 0.000000000000000000e+00 0.000000000000000000e+00 9.620000000000000000e+02 -1.677333333333333343e+01
5.079829897348734496e-02 0.000000000000000000e+00 6.013735488977907107e-01 2.562719320707143242e-02 2.960974205609171461e-01 0.000000000000000000e+00 0.000000000000000000e+00 9.478507265225212253e-01 0.000000000000000000e+00 5.082165358647686669e-03 2.519800647438710448e-02 0.000000000000000000e+00 1.000000000000000000e+00 0.000000000000000000e+00 7.076419091261512140e-01 1.000000000000000000e+00 0.000000000000000000e+00 1.512128623642776948e-01 1.127830402200302867e-01 4.637627950105254193e-01 2.568388031310673836e-01 0.000000000000000000e+00 0.000000000000000000e+00 2.220801031541622117e-01 1.000000000000000000e+00 6.001944826303087094e-02 8.860797131954759043e-02 0.000000000000000000e+00 3.838205536472859003e-01 1.107552717971589940e-01 0.000000000000000000e+00 0.000000000000000000e+00 6.600000000000000000e+02 -7.056666666666667531e+00
0.000000000000000000e+00 6.834212380211429627e-01 1.272290697699580142e-01 0.000000000000000000e+00 5.186450226691041027e-02 0.000000000000000000e+00 0.000000000000000000e+00 1.000000000000000000e+00 0.000000000000000000e+00 1.141088733712170705e-01 0.000000000000000000e+00 0.000000000000000000e+00 6.638576163331000313e-01 2.362123194523173264e-02 6.353315614807587552e-01 1.000000000000000000e+00 0.000000000000000000e+00 0.000000000000000000e+00 1.000000000000000000e+00 1.000000000000000000e+00 9.081365696913152874e-01 0.000000000000000000e+00 0.000000000000000000e+00 0.000000000000000000e+00 1.000000000000000000e+00 0.000000000000000000e+00 0.000000000000000000e+00 0.000000000000000000e+00 1.990141037368932560e-03 4.703488311621827345e-01 0.000000000000000000e+00 0.000000000000000000e+00 9.240000000000000000e+02 -1.430000000000000249e+01
0.000000000000000000e+00 0.000000000000000000e+00 0.000000000000000000e+00 4.565289752309896754e-01 0.000000000000000000e+00 0.000000000000000000e+00 0.000000000000000000e+00 1.000000000000000000e+00 0.000000000000000000e+00 0.000000000000000000e+00 1.731509727449208336e-02 0.000000000000000000e+00 1.000000000000000000e+00 6.554501353869424986e-03 0.000000000000000000e+00 1.000000000000000000e+00 0.000000000000000000e+00 0.000000000000000000e+00 1.000000000000000000e+00 3.528556952807386793e-01 1.000000000000000000e+00 0.000000000000000000e+00 0.000000000000000000e+00 5.344115926836496833e-01 1.000000000000000000e+00 0.000000000000000000e+00 0.000000000000000000e+00 0.000000000000000000e+00 1.899947223800929966e-02 3.320000591292682768e-01 2.643817045037406138e-02 0.000000000000000000e+00 8.600000000000000000e+02 -1.315333333333333421e+01
7.076567838009906186e-02 9.941997352085991668e-01 7.013818757826132400e-01 1.000000000000000000e+00 7.817347319496302793e-01 0.000000000000000000e+00 2.965677185544413619e-01 0.000000000000000000e+00 7.135266134385298553e-01 1.842537117491585682e-03 1.000000000000000000e+00 2.900314582275207234e-02 3.972597418092400079e-01 2.115252645644113722e-04 5.752469040355882857e-02 1.000000000000000000e+00 9.999998498649211864e-01 9.944901124936146308e-01 4.081945414055120902e-01 4.039276480315776713e-02 0.000000000000000000e+00 0.000000000000000000e+00 9.505889403569067753e-01 2.169027000466113822e-04 1.000000000000000000e+00 9.999986608623523399e-01 3.444881605715773842e-01 5.854925007995401831e-01 9.641452554356140237e-01 1.656448631802007465e-01 6.264219355035363090e-01 0.000000000000000000e+00 1.532000000000000000e+03 -1.205666666666666487e+01
0.000000000000000000e+00 0.000000000000000000e+00 1.409032148858106737e-02 1.000000000000000000e+00 3.485079891398089602e-01 0.000000000000000000e+00 0.000000000000000000e+00 9.999829653209213465e-01 0.000000000000000000e+00 1.157420120726292481e-02 5.105757571049700516e-01 0.000000000000000000e+00 1.000000000000000000e+00 3.646345821287105826e-01 4.194175889534733082e-01 1.000000000000000000e+00 0.000000000000000000e+00 0.000000000000000000e+00 1.000000000000000000e+00 8.240899021017850101e-01 1.000000000000000000e+00 0.000000000000000000e+00 0.000000000000000000e+00 2.500208119708601795e-01 1.000000000000000000e+00 0.000000000000000000e+00 0.000000000000000000e+00 0.000000000000000000e+00 0.000000000000000000e+00 6.191831753856291698e-01 0.000000000000000000e+00 0.000000000000000000e+00 1.072000000000000000e+03 -1.567666666666666764e+01
0.000000000000000000e+00 0.000000000000000000e+00 0.000000000000000000e+00 0.000000000000000000e+00 0.000000000000000000e+00 4.695267439123075870e-01 0.000000000000000000e+00 1.000000000000000000e+00 0.000000000000000000e+00 3.448305505515080749e-01 0.000000000000000000e+00 0.000000000000000000e+00 8.782859371754470068e-01 1.000000000000000000e+00 8.295623124974554896e-01 1.000000000000000000e+00 0.000000000000000000e+00 0.000000000000000000e+00 9.496928315652086727e-01 1.000000000000000000e+00 1.000000000000000000e+00 0.000000000000000000e+00 0.000000000000000000e+00 9.662964032147861593e-01 1.000000000000000000e+00 0.000000000000000000e+00 0.000000000000000000e+00 0.000000000000000000e+00 0.000000000000000000e+00 1.000000000000000000e+00 0.000000000000000000e+00 0.000000000000000000e+00 1.406000000000000000e+03 -2.179666666666666686e+01
0.000000000000000000e+00 0.000000000000000000e+00 0.000000000000000000e+00 0.000000000000000000e+00 2.763255039920328171e-01 5.154763392135922606e-01 0.000000000000000000e+00 1.000000000000000000e+00 0.000000000000000000e+00 1.742490101824631377e-01 0.000000000000000000e+00 0.000000000000000000e+00 1.000000000000000000e+00 0.000000000000000000e+00 0.000000000000000000e+00 1.000000000000000000e+00 0.000000000000000000e+00 0.000000000000000000e+00 1.000000000000000000e+00 3.803838575934420652e-01 5.274151799403127561e-02 1.678622095437364709e-02 0.000000000000000000e+00 3.003317823179752800e-03 1.000000000000000000e+00 0.000000000000000000e+00 0.000000000000000000e+00 0.000000000000000000e+00 3.835602465158828300e-01 4.771113918239378721e-02 0.000000000000000000e+00 0.000000000000000000e+00 7.240000000000000000e+02 -1.069333333333333336e+01
0.000000000000000000e+00 4.610040389592363136e-08 0.000000000000000000e+00 0.000000000000000000e+00 6.481787029499970210e-01 3.586583763776049526e-04 0.000000000000000000e+00 1.532715256329980069e-01 9.961045763279183785e-01 0.000000000000000000e+00 4.283366568782996930e-01 7.730549115727720910e-02 2.915519524852251965e-01 0.000000000000000000e+00 1.242851657858555503e-01 9.970575466382399776e-01 3.560326944637878799e-01 8.379629043379164290e-08 4.881716681596383611e-01 0.000000000000000000e+00 0.000000000000000000e+00 6.256116999514843569e-01 0.000000000000000000e+00 0.000000000000000000e+00 0.000000000000000000e+00 0.000000000000000000e+00 0.000000000000000000e+00 0.000000000000000000e+00 0.000000000000000000e+00 0.000000000000000000e+00 0.000000000000000000e+00 0.000000000000000000e+00 4.100000000000000000e+02 -4.943333333333332469e+00
0.000000000000000000e+00 0.000000000000000000e+00 4.141267305058339843e-01 7.468075497111661206e-05 0.000000000000000000e+00 3.964638148371567583e-01 0.000000000000000000e+00 1.000000000000000000e+00 9.639801629650881435e-05 2.623635949010769087e-04 8.794195425857877593e-05 0.000000000000000000e+00 1.000000000000000000e+00 0.000000000000000000e+00 4.267537740150903307e-03 6.184196792314804458e-01 3.326865049325372636e-01 3.922052488089607797e-02 9.635668306697261487e-01 6.644555459652373708e-01 2.458857135675438510e-01 7.559389055890765720e-05 0.000000000000000000e+00 0.000000000000000000e+00 1.000000000000000000e+00 0.000000000000000000e+00 0.000000000000000000e+00 0.000000000000000000e+00 4.209668758652436521e-06 5.870449327725214550e-01 1.195033631894950321e-01 0.000000000000000000e+00 6.780000000000000000e+02 -1.052333333333333343e+01
0.000000000000000000e+00 0.000000000000000000e+00 0.000000000000000000e+00 0.000000000000000000e+00 4.086321860747808010e-01 0.000000000000000000e+00 0.000000000000000000e+00 1.000000000000000000e+00 3.190114181822550476e-03 2.526988803672632899e-01 0.000000000000000000e+00 0.000000000000000000e+00 1.000000000000000000e+00 3.397543542339620526e-02 8.275751228354707445e-01 1.000000000000000000e+00 1.481023012287041862e-01 2.732403103137690317e-02 1.000000000000000000e+00 8.616253549531776024e-01 1.000000000000000000e+00 0.000000000000000000e+00 0.000000000000000000e+00 5.527558060380424187e-01 9.980749150954608684e-01 0.000000000000000000e+00 0.000000000000000000e+00 0.000000000000000000e+00 1.195730382392227141e-02 7.117731203135528872e-01 0.000000000000000000e+00 1.286963624219083016e-02 1.062000000000000000e+03 -1.637000000000000099e+01
8.862117078787190572e-02 0.000000000000000000e+00 2.330323833073105755e-04 4.478820171953150288e-04 0.000000000000000000e+00 2.041701430491230651e-01 0.000000000000000000e+00 4.830356103496276088e-01 0.000000000000000000e+00 3.190190464283613331e-02 0.000000000000000000e+00 0.000000000000000000e+00 1.000000000000000000e+00 1.277337855145707288e-02 0.000000000000000000e+00 6.937659465429907302e-01 6.603662028603532030e-06 7.226781309456234426e-02 8.971520800431450615e-01 7.066456078227364435e-01 4.977728440296790291e-01 1.562733710338431309e-02 0.000000000000000000e+00 1.759360304551511323e-01 1.000000000000000000e+00 0.000000000000000000e+00 0.000000000000000000e+00 4.806222797888096837e-02 1.687407793592532179e-01 5.681005768956343821e-02 0.000000000000000000e+00 2.585934609173922705e-01 5.380000000000000000e+02 -7.816666666666665542e+00
0.000000000000000000e+00 0.000000000000000000e+00 0.000000000000000000e+00 4.122091885677513917e-02 1.514181151211967460e-02 3.613539064593627725e-01 0.000000000000000000e+00 9.920765268792706149e-01 0.000000000000000000e+00 0.000000000000000000e+00 2.037346280097025453e-01 3.589761724855442537e-01 1.000000000000000000e+00 7.545379616884790863e-01 0.000000000000000000e+00 7.229684540285702399e-01 1.726005439512195427e-01 3.949328559023084927e-05 1.000000000000000000e+00 5.669680135633134999e-01 2.315992116554498326e-01 5.516494495502415329e-01 0.000000000000000000e+00 0.000000000000000000e+00 1.000000000000000000e+00 9.769033712638963696e-02 0.000000000000000000e+00 0.000000000000000000e+00 1.635194840230031199e-01 0.000000000000000000e+00 0.000000000000000000e+00 0.000000000000000000e+00 7.400000000000000000e+02 -1.310333333333333350e+01
0.000000000000000000e+00 8.191578843868527193e-02 0.000000000000000000e+00 0.000000000000000000e+00 1.508323063315011314e-01 1.000000000000000000e+00 0.000000000000000000e+00 1.000000000000000000e+00 0.000000000000000000e+00 0.000000000000000000e+00 0.000000000000000000e+00 1.680050971322742115e-01 1.000000000000000000e+00 0.000000000000000000e+00 0.000000000000000000e+00 1.000000000000000000e+00 0.000000000000000000e+00 0.000000000000000000e+00 1.000000000000000000e+00 0.000000000000000000e+00 0.000000000000000000e+00 6.835112864743148053e-01 0.000000000000000000e+00 0.000000000000000000e+00 1.000000000000000000e+00 0.000000000000000000e+00 0.000000000000000000e+00 0.000000000000000000e+00 0.000000000000000000e+00 1.945136453859634684e-01 0.000000000000000000e+00 0.000000000000000000e+00 8.560000000000000000e+02 -9.470000000000000639e+00
0.000000000000000000e+00 4.665657789231503578e-06 5.559293663596430735e-01 2.244040339789457952e-03 1.000000000000000000e+00 2.203406503745077849e-01 0.000000000000000000e+00 1.000000000000000000e+00 0.000000000000000000e+00 0.000000000000000000e+00 0.000000000000000000e+00 0.000000000000000000e+00 1.000000000000000000e+00 4.219793980203724870e-01 2.139745328767485646e-03 1.000000000000000000e+00 1.000000000000000000e+00 0.000000000000000000e+00 9.994888371360495238e-01 1.000000000000000000e+00 1.000000000000000000e+00 3.366194069517325915e-01 0.000000000000000000e+00 0.000000000000000000e+00 1.000000000000000000e+00 2.713337812694521789e-01 0.000000000000000000e+00 4.402468240791036075e-04 8.510401704766307196e-01 5.569641683308723668e-01 0.000000000000000000e+00 0.000000000000000000e+00 1.304000000000000000e+03 -2.151333333333333542e+01
0.000000000000000000e+00 0.000000000000000000e+00 0.000000000000000000e+00 0.000000000000000000e+00 1.424907325975902084e-01 6.596824847401616676e-01 0.000000000000000000e+00 1.000000000000000000e+00 0.000000000000000000e+00 0.000000000000000000e+00 0.000000000000000000e+00 5.850272935431055209e-04 1.000000000000000000e+00 0.000000000000000000e+00 0.000000000000000000e+00 1.000000000000000000e+00 2.719731548854673053e-01 0.000000000000000000e+00 9.997111709788937262e-01 1.857707144527137545e-03 1.000000000000000000e+00 0.000000000000000000e+00 1.154913053947126955e-01 0.000000000000000000e+00 9.924144502694560721e-01 0.000000000000000000e+00 0.000000000000000000e+00 0.000000000000000000e+00 6.094454958360312480e-01 6.509568336244618385e-04 2.541539217337209777e-01 0.000000000000000000e+00 8.840000000000000000e+02 -1.535333333333333350e+01
8.054827685523716432e-04 2.461349277344105912e-01 2.017077665002060816e-02 5.450724112647058889e-02 1.298956342649337237e-01 5.679388201505607137e-02 0.000000000000000000e+00 8.136777363647605954e-01 1.288402833433932859e-01 0.000000000000000000e+00 3.441434851082027235e-02 3.671883241371458606e-01 8.129102883831151871e-01 2.621096918727663927e-01 8.260612171606714071e-02 8.187498704699192054e-01 8.993327365755087177e-01 5.309086562684554866e-02 9.030648670418509605e-01 7.186121792295069310e-01 7.154695252653403559e-01 1.305150922577422989e-01 2.846257673414280265e-01 4.069229479814599239e-03 7.421807654700215418e-01 1.053096940392184988e-01 9.310891335616708342e-02 6.045237879805598347e-01 0.000000000000000000e+00 3.026137790286078100e-01 0.000000000000000000e+00 0.000000000000000000e+00 7.360000000000000000e+02 -1.300999999999999979e+01
0.000000000000000000e+00 0.000000000000000000e+00 4.385183742264840978e-01 0.000000000000000000e+00 2.853344131540604955e-01 2.763749074162688210e-02 0.000000000000000000e+00 5.907702395118094030e-01 0.000000000000000000e+00 0.000000000000000000e+00 0.000000000000000000e+00 9.007348030006556358e-03 1.000000000000000000e+00 5.896605897258316853e-01 0.000000000000000000e+00 1.000000000000000000e+00 6.748865496274142339e-01 0.000000000000000000e+00 8.788580563613980212e-01 8.362430247827191687e-01 1.000000000000000000e+00 6.524370294046086260e-02 0.000000000000000000e+00 0.000000000000000000e+00 1.000000000000000000e+00 3.080448167528134218e-01 0.000000000000000000e+00 1.326258124768658064e-01 0.000000000000000000e+00 4.901050587925746826e-02 0.000000000000000000e+00 0.000000000000000000e+00 8.680000000000000000e+02 -1.774333333333333584e+01
1.156774922438551061e-02 0.000000000000000000e+00 8.135149792838319980e-07 9.095855852940999686e-02 6.382131820752341422e-01 2.788722758943632660e-05 0.000000000000000000e+00 1.000000000000000000e+00 0.000000000000000000e+00 0.000000000000000000e+00 0.000000000000000000e+00 0.000000000000000000e+00 1.000000000000000000e+00 9.667405460846224541e-01 0.000000000000000000e+00 1.000000000000000000e+00 1.504003841832937394e-01 7.999719577832212387e-04 9.578334243467687692e-01 0.000000000000000000e+00 6.142073895100804704e-01 0.000000000000000000e+00 1.559716794400016759e-01 0.000000000000000000e+00 9.917036564561048095e-01 0.000000000000000000e+00 0.000000000000000000e+00 8.298207222164164509e-01 0.000000000000000000e+00 3.554763340077635170e-01 1.534388620733934333e-03 0.000000000000000000e+00 9.520000000000000000e+02 -1.366000000000000192e+01
4.172155879535232592e-01 0.000000000000000000e+00 1.022059460111127157e-06 2.211396641484254778e-06 5.555480318046744116e-03 0.000000000000000000e+00 0.000000000000000000e+00 8.728040045662431579e-02 0.000000000000000000e+00 0.000000000000000000e+00 3.529786135552331894e-01 1.739697706634956431e-01 1.000000000000000000e+00 5.792396311059822001e-01 1.570489074662454604e-02 1.000000000000000000e+00 7.794744696023502284e-01 1.144010660623963755e-04 1.000000000000000000e+00 7.977236013378994350e-01 5.199385728907558457e-01 5.547176069015470438e-03 3.188876314988986493e-01 1.000000000000000000e+00 9.920541589589085829e-01 9.477326696157221120e-01 4.183249967844153774e-03 0.000000000000000000e+00 0.000000000000000000e+00 0.000000000000000000e+00 5.021979405186974832e-01 0.000000000000000000e+00 1.022000000000000000e+03 -1.705000000000000071e+01
0.000000000000000000e+00 0.000000000000000000e+00 2.021741948235277592e-04 7.021854084649598038e-02 0.000000000000000000e+00 8.917129522730601887e-02 0.000000000000000000e+00 6.724109966933801141e-01 0.000000000000000000e+00 0.000000000000000000e+00 7.291571152230326425e-02 1.075721171389390218e-01 9.959994282198354476e-01 7.685219885208382368e-03 0.000000000000000000e+00 7.819162297626663927e-01 4.992527313322283056e-01 1.232186794188695755e-01 9.850078511354255495e-01 9.427718040572573566e-01 6.557715572051739938e-01 1.952151846451080641e-01 0.000000000000000000e+00 3.049790962433214792e-01 6.540054815262328347e-01 7.520568668183443949e-04 0.000000000000000000e+00 0.000000000000000000e+00 0.000000000000000000e+00 0.000000000000000000e+00 0.000000000000000000e+00 1.717688484393430515e-03 6.160000000000000000e+02 -1.296666666666666856e+01
0.000000000000000000e+00 1.000000000000000000e+00 0.000000000000000000e+00 0.000000000000000000e+00 1.000000000000000000e+00 0.000000000000000000e+00 1.243688795185565819e-06 1.000000000000000000e+00 0.000000000000000000e+00 0.000000000000000000e+00 0.000000000000000000e+00 8.375385224265590178e-01 1.000000000000000000e+00 0.000000000000000000e+00 0.000000000000000000e+00 1.000000000000000000e+00 7.743740029603621844e-01 0.000000000000000000e+00 5.028912449503447572e-06 1.000000000000000000e+00 8.737390527905440907e-01 0.000000000000000000e+00 0.000000000000000000e+00 1.000000000000000000e+00 9.301611012497310593e-01 0.000000000000000000e+00 0.000000000000000000e+00 2.419276895232733704e-01 0.000000000000000000e+00 4.034500869748776086e-01 0.000000000000000000e+00 0.000000000000000000e+00 1.330000000000000000e+03 -1.960999999999999943e+01
1.485595970329767201e-01 0.000000000000000000e+00 0.000000000000000000e+00 6.509766978915537336e-03 6.881416130365230175e-06 3.432209423651128577e-01 0.000000000000000000e+00 5.156815280128241863e-01 0.000000000000000000e+00 5.589411052972702298e-02 2.699532448487043657e-01 1.569684134055126246e-01 1.000000000000000000e+00 1.502789210373447169e-02 0.000000000000000000e+00 9.667954377178715752e-01 1.000000000000000000e+00 1.849782680363175058e-01 9.372620477229294256e-01 1.000000000000000000e+00 8.396414814625360323e-01 2.098181282351939958e-01 0.000000000000000000e+00 0.000000000000000000e+00 9.529585015766531830e-01 0.000000000000000000e+00 0.000000000000000000e+00 7.855714286937843793e-01 0.000000000000000000e+00 0.000000000000000000e+00 0.000000000000000000e+00 0.000000000000000000e+00 9.740000000000000000e+02 -1.858999999999999986e+01
2.338728705789542076e-02 0.000000000000000000e+00 3.434506971037392109e-01 6.096875348510412407e-02 0.000000000000000000e+00 0.000000000000000000e+00 8.556450083952650554e-03 9.826038460265755781e-01 0.000000000000000000e+00 3.781446866875980417e-01 2.459826455688856051e-01 1.380013500874096257e-05 9.743119879803756600e-01 3.425255551268457377e-01 0.000000000000000000e+00 5.858645493919431013e-01 9.232990306940921377e-01 0.000000000000000000e+00 1.000000000000000000e+00 1.000000000000000000e+00 7.807624933059136296e-01 9.628699666291915538e-01 1.749576204715080352e-01 9.382901493620884881e-02 8.978604552890282475e-01 0.000000000000000000e+00 3.332207969533408920e-01 9.074711665578465425e-01 0.000000000000000000e+00 1.716760055379951966e-01 0.000000000000000000e+00 0.000000000000000000e+00 1.194000000000000000e+03 -1.854666666666666686e+01
0.000000000000000000e+00 3.460271495428285382e-02 0.000000000000000000e+00 3.974500388208400403e-02 6.967278230721693499e-02 3.803966537052579783e-02 0.000000000000000000e+00 8.977265430937020341e-01 1.196017205806306112e-02 0.000000000000000000e+00 1.609269214294529737e-01 4.168170659600592409e-01 1.000000000000000000e+00 3.260642911766736124e-02 3.531632420164937947e-01 1.000000000000000000e+00 1.000000000000000000e+00 1.317665741303359062e-01 1.000000000000000000e+00 9.236500255537998250e-01 8.913160947654736876e-01 4.205595888494949031e-01 0.000000000000000000e+00 1.030076280341663680e-01 9.893374142516335734e-01 4.141693255282130615e-01 0.000000000000000000e+00 1.327216639011021271e-01 0.000000000000000000e+00 6.203035927022085668e-09 1.590035402015095023e-01 1.385918443504948784e-02 1.100000000000000000e+03 -1.849666666666666615e+01
1.624053492586212122e-01 0.000000000000000000e+00 1.222021528731200429e-01 4.155333844942284416e-01 1.683817546580257951e-01 0.000000000000000000e+00 0.000000000000000000e+00 9.563389594791574799e-01 0.000000000000000000e+00 0.000000000000000000e+00 1.090491155040475696e-01 0.000000000000000000e+00 1.000000000000000000e+00 2.281102655097506926e-02 0.000000000000000000e+00 7.068359384073656937e-01 1.000000000000000000e+00 1.355535944692624339e-01 9.398017678114749529e-01 7.625117862659284151e-01 9.988578748731372636e-01 0.000000000000000000e+00 2.242348379133241032e-01 2.502851398633282320e-01 9.974930173299154657e-01 0.000000000000000000e+00 0.000000000000000000e+00 6.335783328138218096e-01 0.000000000000000000e+00 0.000000000000000000e+00 0.000000000000000000e+00 4.010570002453148764e-01 9.620000000000000000e+02 -1.529333333333333123e+01
9.984083850254258374e-01 3.379360137266197717e-02 0.000000000000000000e+00 0.000000000000000000e+00 0.000000000000000000e+00 5.469184952889393214e-01 0.000000000000000000e+00 7.682333574660437092e-01 0.000000000000000000e+00 0.000000000000000000e+00 8.120536299220769694e-01 1.000000000000000000e+00 1.000000000000000000e+00 2.351627209537704155e-01 0.000000000000000000e+00 1.000000000000000000e+00 7.804731077389803762e-01 1.000000000000000000e+00 1.000000000000000000e+00 9.999999997922730532e-01 1.000000000000000000e+00 8.512138247788414436e-01 0.000000000000000000e+00 0.000000000000000000e+00 9.050610411018679136e-01 5.845525726592774030e-01 0.000000000000000000e+00 1.526375660065591722e-01 0.000000000000000000e+00 0.000000000000000000e+00 0.000000000000000000e+00 0.000000000000000000e+00 1.494000000000000000e+03 -2.071000000000000085e+01
0.000000000000000000e+00 1.160494226215897165e-02 0.000000000000000000e+00 0.000000000000000000e+00 4.837691838133937282e-05 3.067213367135415356e-02 0.000000000000000000e+00 1.721198409305968111e-02 0.000000000000000000e+00 0.000000000000000000e+00 1.953546945360500834e-03 2.125127053040029579e-02 9.974862962924495591e-01 2.062316284776130604e-01 0.000000000000000000e+00 4.419391722132065569e-04 4.139155605582710562e-01 0.000000000000000000e+00 3.552040501322001331e-01 4.634170708085631474e-01 4.238860656531341642e-02 1.325957534079563183e-01 6.359319666703781015e-01 0.000000000000000000e+00 0.000000000000000000e+00 3.346598584406233756e-02 0.000000000000000000e+00 6.006545942489187606e-01 0.000000000000000000e+00 0.000000000000000000e+00 0.000000000000000000e+00 0.000000000000000000e+00 2.780000000000000000e+02 -5.143333333333332646e+00
2.026037890262354438e-02 0.000000000000000000e+00 0.000000000000000000e+00 2.319218785108377590e-01 9.423309877477779040e-01 0.000000000000000000e+00 0.000000000000000000e+00 1.844652139389369172e-01 0.000000000000000000e+00 0.000000000000000000e+00 5.258329393379739978e-04 0.000000000000000000e+00 1.000000000000000000e+00 0.000000000000000000e+00 2.621096411406221294e-01 4.470698515208656174e-04 0.000000000000000000e+00 7.017454757581916968e-05 0.000000000000000000e+00 1.000000000000000000e+00 6.146862883473217520e-01 7.985315326995481300e-01 9.017687289073855750e-01 1.743531329098760019e-01 1.578250835501167348e-01 0.000000000000000000e+00 3.619860756720238992e-01 7.041595129119864183e-01 0.000000000000000000e+00 9.887528262919592636e-01 6.255218006212240334e-02 0.000000000000000000e+00 8.320000000000000000e+02 -6.450000000000000178e+00
0.000000000000000000e+00 3.711555337694221282e-04 0.000000000000000000e+00 0.000000000000000000e+00 6.124474285574741383e-01 3.468497576864068566e-02 5.697927053602988567e-02 4.719943247830550581e-02 0.000000000000000000e+00 0.000000000000000000e+00 0.000000000000000000e+00 1.455235053696724880e-02 0.000000000000000000e+00 0.000000000000000000e+00 0.000000000000000000e+00 5.652545649172203220e-05 4.965193946093170441e-01 0.000000000000000000e+00 0.000000000000000000e+00 6.714169048933494865e-01 1.000000000000000000e+00 0.000000000000000000e+00 9.994953497345566706e-01 0.000000000000000000e+00 9.800896458079144669e-01 0.000000000000000000e+00 0.000000000000000000e+00 0.000000000000000000e+00 0.000000000000000000e+00 0.000000000000000000e+00 0.000000000000000000e+00 0.000000000000000000e+00 5.160000000000000000e+02 -4.953333333333333144e+00
0.000000000000000000e+00 0.000000000000000000e+00 0.000000000000000000e+00 0.000000000000000000e+00 1.140589133906894613e-02 0.000000000000000000e+00 0.000000000000000000e+00 4.831256914772364408e-01 0.000000000000000000e+00 0.000000000000000000e+00 0.000000000000000000e+00 0.000000000000000000e+00 1.000000000000000000e+00 5.846025903676873581e-01 0.000000000000000000e+00 8.213080781664054975e-01 9.999303085959213577e-01 1.708327069208614712e-01 3.507823602988561773e-01 5.073826806908004333e-02 1.000000000000000000e+00 0.000000000000000000e+00 0.000000000000000000e+00 0.000000000000000000e+00 2.650191571896051146e-01 0.000000000000000000e+00 0.000000000000000000e+00 8.095804516017404695e-02 1.362865484999055555e-05 0.000000000000000000e+00 0.000000000000000000e+00 8.741707706026844438e-01 6.840000000000000000e+02 -9.423333333333333783e+00
3.359360774889679629e-02 0.000000000000000000e+00 8.141971742389846056e-02 5.572745257465910179e-02 9.999999999589480604e-01 0.000000000000000000e+00 9.992424158776472189e-04 9.937230598330657472e-01 0.000000000000000000e+00 0.000000000000000000e+00 0.000000000000000000e+00 9.064360717524692847e-11 1.000000000000000000e+00 2.618325186119964676e-01 5.785798625891211966e-01 9.799387093820948191e-01 6.474672375098843025e-02 0.000000000000000000e+00 6.855364661200291643e-01 9.931116135985165183e-01 7.703800501345642315e-01 0.000000000000000000e+00 9.894652594011343893e-02 0.000000000000000000e+00 2.147131579781692556e-01 0.000000000000000000e+00 0.000000000000000000e+00 2.209646823123851966e-01 0.000000000000000000e+00 0.000000000000000000e+00 0.000000000000000000e+00 1.082027374109027218e-01 8.220000000000000000e+02 -1.359000000000000163e+01
0.000000000000000000e+00 0.000000000000000000e+00 0.000000000000000000e+00 0.000000000000000000e+00 1.000000000000000000e+00 0.000000000000000000e+00 0.000000000000000000e+00 0.000000000000000000e+00 0.000000000000000000e+00 0.000000000000000000e+00 1.668767112186760881e-01 1.000000000000000000e+00 1.000000000000000000e+00 0.000000000000000000e+00 0.000000000000000000e+00 1.000000000000000000e+00 2.898399449551723045e-02 0.000000000000000000e+00 1.000000000000000000e+00 1.000000000000000000e+00 0.000000000000000000e+00 0.000000000000000000e+00 1.000000000000000000e+00 0.000000000000000000e+00 0.000000000000000000e+00 0.000000000000000000e+00 0.000000000000000000e+00 1.000000000000000000e+00 0.000000000000000000e+00 0.000000000000000000e+00 0.000000000000000000e+00 0.000000000000000000e+00 1.074000000000000000e+03 -1.375666666666666593e+01
0.000000000000000000e+00 0.000000000000000000e+00 0.000000000000000000e+00 0.000000000000000000e+00 5.241012536122694465e-01 4.448792505829155530e-01 0.000000000000000000e+00 1.000000000000000000e+00 0.000000000000000000e+00 0.000000000000000000e+00 4.900904836538847288e-04 0.000000000000000000e+00 9.867546319080973127e-01 8.960147013409859931e-03 9.744817454726795170e-02 1.000000000000000000e+00 6.629769941448205861e-01 6.458871840768636297e-01 7.935387554272550492e-01 8.551734723349501133e-01 1.000000000000000000e+00 0.000000000000000000e+00 3.777131667551651955e-03 1.221008167535039268e-01 9.012954079010545572e-01 2.148345633882096095e-01 0.000000000000000000e+00 1.000000000000000000e+00 0.000000000000000000e+00 7.652192175808024410e-02 0.000000000000000000e+00 3.537186532096295299e-02 1.034000000000000000e+03 -1.760333333333333528e+01
0.000000000000000000e+00 0.000000000000000000e+00 0.000000000000000000e+00 6.702605723784885172e-02 4.737890060286497618e-01 2.084329107468387288e-01 0.000000000000000000e+00 0.000000000000000000e+00 0.000000000000000000e+00 6.226239440806224587e-03 0.000000000000000000e+00 0.000000000000000000e+00 7.491319593891336837e-01 2.895245554301990598e-01 0.000000000000000000e+00 1.117962780777623927e-01 1.990716915100320950e-01 0.000000000000000000e+00 5.056141147217870779e-01 1.296750663467437781e-01 7.852243450249117851e-01 1.575241744365870056e-01 0.000000000000000000e+00 0.000000000000000000e+00 0.000000000000000000e+00 0.000000000000000000e+00 0.000000000000000000e+00 4.015259427005778848e-10 0.000000000000000000e+00 1.564321810218034237e-01 0.000000000000000000e+00 1.104921876074785175e-01 2.300000000000000000e+02 -5.606666666666666465e+00
0.000000000000000000e+00 1.852191078391414447e-02 0.000000000000000000e+00 5.728137979377517092e-02 7.160753890748022821e-01 0.000000000000000000e+00 2.512059431327382311e-02 5.990975663258419903e-01 0.000000000000000000e+00 3.652904836799016628e-07 0.000000000000000000e+00 4.042783112106598797e-02 9.038784103918837687e-01 3.744420962769185596e-02 0.000000000000000000e+00 8.507050279227541534e-01 2.677824351849850681e-01 6.028424127724781867e-01 3.433133770518084771e-01 9.375951021188274614e-01 9.672867366160157188e-01 0.000000000000000000e+00 0.000000000000000000e+00 0.000000000000000000e+00 1.000000000000000000e+00 7.202560997085771799e-02 5.023937044111794620e-02 9.182790009776562942e-03 1.762809606768842019e-02 1.108319455173958218e-02 2.025533018174728930e-02 6.361006694822434610e-03 7.600000000000000000e+02 -1.486333333333333151e+01
0.000000000000000000e+00 0.000000000000000000e+00 3.587922159230481634e-01 0.000000000000000000e+00 5.888720150304782575e-01 0.000000000000000000e+00 0.000000000000000000e+00 3.162509021785387953e-01 0.000000000000000000e+00 0.000000000000000000e+00 0.000000000000000000e+00 2.096479636256962376e-01 1.000000000000000000e+00 1.411000228222784869e-01 0.000000000000000000e+00 1.000000000000000000e+00 1.703963333313528172e-01 5.308412656958905185e-01 9.930587305354579009e-01 1.000000000000000000e+00 9.943673666325023586e-01 0.000000000000000000e+00 0.000000000000000000e+00 0.000000000000000000e+00 1.000000000000000000e+00 1.732657583119509848e-01 0.000000000000000000e+00 0.000000000000000000e+00 4.183961016461103938e-02 3.612477848666889590e-02 8.472548321595108067e-03 0.000000000000000000e+00 8.820000000000000000e+02 -1.465333333333333421e+01
0.000000000000000000e+00 1.866705183693428277e-02 1.906274556592230500e-05 0.000000000000000000e+00 0.000000000000000000e+00 1.000000000000000000e+00 0.000000000000000000e+00 0.000000000000000000e+00 0.000000000000000000e+00 0.000000000000000000e+00 0.000000000000000000e+00 8.397032524420328103e-02 1.000000000000000000e+00 8.210310524772009844e-01 1.746672784456915761e-01 9.802822145813387955e-01 1.360755505068807492e-01 0.000000000000000000e+00 2.680986368900008937e-02 7.063063275993646251e-01 8.438543881700314442e-01 9.999569475554940245e-01 0.000000000000000000e+00 0.000000000000000000e+00 0.000000000000000000e+00 0.000000000000000000e+00 0.000000000000000000e+00 4.753142728306438552e-02 0.000000000000000000e+00 7.488858291279431928e-05 1.856714332362313993e-02 0.000000000000000000e+00 7.240000000000000000e+02 -8.763333333333333641e+00
0.000000000000000000e+00 0.000000000000000000e+00 0.000000000000000000e+00 0.000000000000000000e+00 2.457780027852319860e-01 5.914067975682065631e-02 0.000000000000000000e+00 7.978100812541298881e-01 0.000000000000000000e+00 0.000000000000000000e+00 2.259730179068777378e-01 0.000000000000000000e+00 1.000000000000000000e+00 1.792263490939449144e-01 6.819703194216755748e-02 5.884360337723182344e-01 9.999120129761654985e-01 0.000000000000000000e+00 0.000000000000000000e+00 7.536302682361607497e-01 6.121566821918514867e-01 0.000000000000000000e+00 0.000000000000000000e+00 0.000000000000000000e+00 5.678160084607478675e-01 0.000000000000000000e+00 0.000000000000000000e+00 1.851748778075810314e-02 0.000000000000000000e+00 0.000000000000000000e+00 7.525732694622383305e-03 3.343485147935605639e-02 5.200000000000000000e+02 -9.473333333333334494e+00
0.000000000000000000e+00 0.000000000000000000e+00 0.000000000000000000e+00 6.221878770303409523e-01 2.372026167163721611e-01 2.887061234409861216e-04 0.000000000000000000e+00 7.158885584782928024e-01 0.000000000000000000e+00 0.000000000000000000e+00 0.000000000000000000e+00 2.251569550485447713e-01 0.000000000000000000e+00 5.585161555347626372e-01 0.000000000000000000e+00 0.000000000000000000e+00 9.952590921710248173e-01 3.136168160645076419e-01 1.441237917706857941e-01 3.432627364315277707e-01 1.000000000000000000e+00 3.787237559650185603e-01 0.000000000000000000e+00 0.000000000000000000e+00 0.000000000000000000e+00 1.000000000000000000e+00 0.000000000000000000e+00 1.773392430796107144e-02 1.486321145562691584e-02 0.000000000000000000e+00 0.000000000000000000e+00 0.000000000000000000e+00 5.720000000000000000e+02 -7.256666666666666821e+00
0.000000000000000000e+00 5.652524841189218892e-03 7.487216969917769305e-01 0.000000000000000000e+00 0.000000000000000000e+00 0.000000000000000000e+00 1.256392115995538794e-01 0.000000000000000000e+00 0.000000000000000000e+00 0.000000000000000000e+00 0.000000000000000000e+00 0.000000000000000000e+00 0.000000000000000000e+00 0.000000000000000000e+00 0.000000000000000000e+00 0.000000000000000000e+00 0.000000000000000000e+00 0.000000000000000000e+00 0.000000000000000000e+00 0.000000000000000000e+00 0.000000000000000000e+00 0.000000000000000000e+00 0.000000000000000000e+00 4.312681044348855575e-01 0.000000000000000000e+00 0.000000000000000000e+00 0.000000000000000000e+00 0.000000000000000000e+00 0.000000000000000000e+00 9.653897942662876819e-01 0.000000000000000000e+00 1.251100918337531009e-01 2.660000000000000000e+02 -2.826666666666666661e+00
0.000000000000000000e+00 0.000000000000000000e+00 0.000000000000000000e+00 0.000000000000000000e+00 0.000000000000000000e+00 0.000000000000000000e+00 0.000000000000000000e+00 0.000000000000000000e+00 0.000000000000000000e+00 2.881251034596794217e-03 0.000000000000000000e+00 0.000000000000000000e+00 0.000000000000000000e+00 1.000000000000000000e+00 0.000000000000000000e+00 9.998957347980748089e-01 3.630193082084409162e-01 0.000000000000000000e+00 2.776406685817250919e-02 0.000000000000000000e+00 0.000000000000000000e+00 5.456143607604509171e-02 1.127304945974694078e-01 0.000000000000000000e+00 0.000000000000000000e+00 0.000000000000000000e+00 1.266144412734247215e-01 8.690813991230216251e-01 0.000000000000000000e+00 7.429673256921499880e-02 6.466850068884424929e-02 9.715801133706298831e-01 5.740000000000000000e+02 -5.493333333333333179e+00
2.841232138763073677e-06 0.000000000000000000e+00 9.246177361340708611e-03 9.331619056587019401e-01 2.469478925629883803e-02 2.424776608806534367e-02 0.000000000000000000e+00 3.773638374048796651e-01 0.000000000000000000e+00 0.000000000000000000e+00 4.409071254969245124e-01 0.000000000000000000e+00 2.877125845387031866e-01 6.210389366117331500e-01 0.000000000000000000e+00 3.563268537944874192e-01 3.316358324333585350e-01 2.329901628086378240e-02 4.375216597712311417e-02 0.000000000000000000e+00 8.346084425487622083e-01 0.000000000000000000e+00 0.000000000000000000e+00 0.000000000000000000e+00 9.887560981511919200e-01 0.000000000000000000e+00 8.720037891912056915e-01 0.000000000000000000e+00 0.000000000000000000e+00 8.002622943088059104e-01 0.000000000000000000e+00 1.557658748111699354e-01 6.360000000000000000e+02 -6.163333333333333108e+00
0.000000000000000000e+00 0.000000000000000000e+00 0.000000000000000000e+00 0.000000000000000000e+00 4.317165768619246613e-01 6.945839178118814279e-04 0.000000000000000000e+00 2.743653147413273596e-01 0.000000000000000000e+00 0.000000000000000000e+00 9.898497656459875893e-01 9.031638908700230506e-02 0.000000000000000000e+00 0.000000000000000000e+00 2.107313173691237676e-02 5.439716385304831370e-01 1.000000000000000000e+00 0.000000000000000000e+00 1.517281052354632898e-01 7.829348936704142933e-03 5.299664640890372480e-01 9.258882074332205336e-01 0.000000000000000000e+00 3.507734749823485099e-01 7.214754272926242606e-01 0.000000000000000000e+00 0.000000000000000000e+00 0.000000000000000000e+00 2.309403734443762066e-04 0.000000000000000000e+00 5.628604004762368662e-01 1.254947728383714635e-02 5.700000000000000000e+02 -5.913333333333333997e+00
9.773112035319285462e-02 7.818800066804898474e-02 1.548549731620533221e-01 0.000000000000000000e+00 6.490936131984464475e-04 2.504100580388776143e-01 1.798369358423187458e-01 7.478142712066865316e-01 5.896879091491022407e-02 4.765933231391848365e-03 0.000000000000000000e+00 6.808616614478172346e-01 1.402835178127376514e-01 4.881037315705208934e-01 9.997587223544227575e-01 9.999896624533087808e-01 2.753825518203631972e-01 2.154338915826740364e-01 9.715340982614639742e-01 2.150154692249416424e-02 9.680138031797024256e-01 1.865053726405496021e-02 6.305987801635761988e-03 4.778206537210574201e-01 3.766542767901720490e-01 0.000000000000000000e+00 0.000000000000000000e+00 1.952166173831023088e-01 1.318663677993102790e-05 9.713408718793348218e-01 4.429076349848206084e-01 0.000000000000000000e+00 8.460000000000000000e+02 -1.228333333333333321e+01
4.685264659941541093e-02 2.983576730108482983e-02 0.000000000000000000e+00 0.000000000000000000e+00 0.000000000000000000e+00 0.000000000000000000e+00 0.000000000000000000e+00 0.000000000000000000e+00 0.000000000000000000e+00 0.000000000000000000e+00 0.000000000000000000e+00 1.802149866731818650e-01 7.973285537234157117e-01 0.000000000000000000e+00 0.000000000000000000e+00 2.360323075327849102e-02 0.000000000000000000e+00 0.000000000000000000e+00 5.583194421637097810e-02 4.362767971554004087e-01 3.243172991110338521e-01 0.000000000000000000e+00 0.000000000000000000e+00 5.474940612241419730e-02 0.000000000000000000e+00 0.000000000000000000e+00 1.601921658541332130e-02 0.000000000000000000e+00 0.000000000000000000e+00 1.753995346363473318e-01 0.000000000000000000e+00 0.000000000000000000e+00 1.500000000000000000e+02 -3.416666666666666519e+00
0.000000000000000000e+00 0.000000000000000000e+00 0.000000000000000000e+00 0.000000000000000000e+00 6.366009267827570615e-03 1.714068843621467664e-02 0.000000000000000000e+00 8.293009425859039219e-01 0.000000000000000000e+00 0.000000000000000000e+00 6.687413090957746234e-03 0.000000000000000000e+00 9.847654176326585684e-01 5.733136783078120191e-02 1.000000000000000000e+00 1.000000000000000000e+00 8.557348992679767452e-01 3.327597987542182847e-09 1.000000000000000000e+00 6.528670465730603834e-01 1.000000000000000000e+00 3.284828840527245840e-04 3.702260322492446284e-06 0.000000000000000000e+00 1.060081623179337518e-01 0.000000000000000000e+00 2.145871714418236958e-03 0.000000000000000000e+00 0.000000000000000000e+00 8.222384333304553206e-01 0.000000000000000000e+00 1.766729349483155964e-01 9.120000000000000000e+02 -1.853333333333333144e+01
5.090660476382188326e-01 0.000000000000000000e+00 0.000000000000000000e+00 0.000000000000000000e+00 0.000000000000000000e+00 6.837426754714516497e-02 0.000000000000000000e+00 1.000000000000000000e+00 9.995563353409954166e-01 0.000000000000000000e+00 6.338756320766918417e-01 5.353851664718007886e-01 8.856554214545737658e-01 3.513794103018860193e-01 0.000000000000000000e+00 0.000000000000000000e+00 1.000000000000000000e+00 0.000000000000000000e+00 9.676701458273012646e-02 1.000000000000000000e+00 1.000000000000000000e+00 0.000000000000000000e+00 0.000000000000000000e+00 0.000000000000000000e+00 0.000000000000000000e+00 0.000000000000000000e+00 0.000000000000000000e+00 0.000000000000000000e+00 0.000000000000000000e+00 5.431106365567375249e-01 0.000000000000000000e+00 0.000000000000000000e+00 8.980000000000000000e+02 -1.050999999999999979e+01
4.490865068961568535e-02 7.966550142542763377e-03 7.542538252027762569e-02 0.000000000000000000e+00 5.140554435293168828e-02 2.985037531267893673e-02 0.000000000000000000e+00 6.306846328187999395e-01 0.000000000000000000e+00 0.000000000000000000e+00 0.000000000000000000e+00 4.609037216893341893e-01 1.000000000000000000e+00 6.778696986611634223e-01 2.417394585084695624e-01 8.792680149184655125e-01 6.763809233240917207e-01 0.000000000000000000e+00 2.248036478549550188e-01 1.000000000000000000e+00 9.928190815187003526e-01 0.000000000000000000e+00 0.000000000000000000e+00 0.000000000000000000e+00 1.000000000000000000e+00 0.000000000000000000e+00 1.433450292398876641e-02 9.340260936283582838e-02 0.000000000000000000e+00 1.007069420472056082e-01 0.000000000000000000e+00 0.000000000000000000e+00 8.020000000000000000e+02 -1.408333333333333393e+01
2.464726580196636152e-01 8.921062863867915693e-01 0.000000000000000000e+00 0.000000000000000000e+00 5.022108631088541275e-02 0.000000000000000000e+00 1.727213254497970280e-02 8.607571961107681746e-01 0.000000000000000000e+00 0.000000000000000000e+00 2.348661932260807245e-02 4.753746855804760196e-01 1.000000000000000000e+00 4.291436040304209554e-01 1.982553287720950352e-01 2.366427429228825097e-01 1.000000000000000000e+00 6.668210358572108643e-01 9.101907847058392509e-01 7.024485955833092987e-01 9.305914632791790764e-01 4.790307563267856561e-01 0.000000000000000000e+00 3.832614366360436176e-01 9.751723212387728434e-01 0.000000000000000000e+00 2.374530237271615385e-01 3.352663158895645146e-01 2.046432394108108899e-01 0.000000000000000000e+00 2.204873704131291579e-01 0.000000000000000000e+00 1.072000000000000000e+03 -1.401666666666666572e+01
4.603049289816716905e-01 0.000000000000000000e+00 0.000000000000000000e+00 0.000000000000000000e+00 1.000000000000000000e+00 1.031198138763924910e-01 0.000000000000000000e+00 6.409109896380225102e-01 0.000000000000000000e+00 0.000000000000000000e+00 4.309595566911453290e-01 0.000000000000000000e+00 8.736704285912774148e-01 5.039579550859398654e-02 1.252121475654270066e-01 9.317713324040298728e-01 1.000000000000000000e+00 1.209782088926832849e-05 5.205572148071251348e-01 5.450523043883639396e-01 1.000000000000000000e+00 0.000000000000000000e+00 0.000000000000000000e+00 0.000000000000000000e+00 0.000000000000000000e+00 0.000000000000000000e+00 0.000000000000000000e+00 0.000000000000000000e+00 0.000000000000000000e+00 5.224653358656504709e-01 0.000000000000000000e+00 0.000000000000000000e+00 7.940000000000000000e+02 -1.139000000000000057e+01
2.859243794586723377e-05 0.000000000000000000e+00 0.000000000000000000e+00 0.000000000000000000e+00 4.059562034886806114e-01 0.000000000000000000e+00 0.000000000000000000e+00 1.000000000000000000e+00 0.000000000000000000e+00 0.000000000000000000e+00 0.000000000000000000e+00 0.000000000000000000e+00 1.000000000000000000e+00 6.784389061830336035e-03 0.000000000000000000e+00 6.701153189592542470e-01 1.000000000000000000e+00 6.436582779528967624e-01 1.000000000000000000e+00 1.000000000000000000e+00 1.000000000000000000e+00 0.000000000000000000e+00 0.000000000000000000e+00 0.000000000000000000e+00 0.000000000000000000e+00 0.000000000000000000e+00 0.000000000000000000e+00 0.000000000000000000e+00 0.000000000000000000e+00 1.153065100135092051e-03 3.151319836973867465e-03 7.236898523931864328e-03 8.860000000000000000e+02 -1.638333333333333286e+01
0.000000000000000000e+00 0.000000000000000000e+00 0.000000000000000000e+00 2.442176013891566855e-01 4.079257874478882107e-01 7.530436059383054381e-01 0.000000000000000000e+00 1.000000000000000000e+00 0.000000000000000000e+00 0.000000000000000000e+00 1.529263252421160235e-01 1.387806687569042262e-02 1.000000000000000000e+00 1.000000000000000000e+00 0.000000000000000000e+00 7.069392287459095314e-01 1.000000000000000000e+00 0.000000000000000000e+00 1.000000000000000000e+00 1.000000000000000000e+00 2.315454116088148690e-04 9.991611759412922789e-01 0.000000000000000000e+00 0.000000000000000000e+00 9.540947961847807690e-01 2.558857763921255635e-01 0.000000000000000000e+00 5.608875003945511528e-01 0.000000000000000000e+00 1.200780502444597914e-01 5.524174183474034328e-02 1.887575550986912950e-09 1.190000000000000000e+03 -1.780000000000000071e+01
4.351208332294231179e-02 4.316608632647812166e-02 1.050101669695649304e-01 4.158880911680600673e-02 9.274169713101392265e-01 6.238836995085251765e-05 8.085451783978641915e-12 7.753556302807728118e-01 9.657287061554051266e-05 5.002538048110431040e-02 0.000000000000000000e+00 3.799831173912305848e-01 5.071533017179670200e-01 0.000000000000000000e+00 9.550074858154604662e-01 6.118584459012135245e-06 9.112434231853279165e-01 0.000000000000000000e+00 1.374678373772118345e-03 5.074147109842115366e-01 0.000000000000000000e+00 2.738656672433729241e-06 0.000000000000000000e+00 4.747861492263732990e-07 6.795895780786052054e-01 3.916413688148004946e-01 5.758180718459640635e-02 2.387229357049178158e-02 0.000000000000000000e+00 1.751138089589999169e-01 1.064027218987272511e-01 1.789291212302080714e-01 5.780000000000000000e+02 -6.410000000000000142e+00
1.000000000000000000e+00 8.584679681307613164e-01 1.072343119577877646e-01 3.625749488122994579e-01 1.151814700943270958e-01 6.626883178717678973e-04 5.367443397023132640e-02 7.719159100219690206e-01 0.000000000000000000e+00 0.000000000000000000e+00 1.109489829063715211e-01 1.184238122366435136e-01 1.000000000000000000e+00 0.000000000000000000e+00 1.000000000000000000e+00 9.226402917631024714e-01 9.323587578557155364e-01 0.000000000000000000e+00 9.435158558740243118e-01 5.552804678222955648e-01 3.479545868875990045e-01 5.572530669808791748e-01 0.000000000000000000e+00 1.270646867655937373e-01 2.333513888581398646e-02 3.157324567985637237e-02 2.345754100943465287e-02 0.000000000000000000e+00 0.000000000000000000e+00 2.518860972499956108e-01 0.000000000000000000e+00 8.010588082813557831e-01 1.112000000000000000e+03 -1.486000000000000121e+01
0.000000000000000000e+00 0.000000000000000000e+00 0.000000000000000000e+00 1.567450480791985831e-02 9.821575066601208048e-01 4.695846387367579033e-02 0.000000000000000000e+00 1.000000000000000000e+00 0.000000000000000000e+00 0.000000000000000000e+00 8.782690583437932196e-04 0.000000000000000000e+00 8.783285783526714185e-01 1.892199131470741758e-01 8.036731231396212483e-01 1.000000000000000000e+00 6.160094570275836956e-01 1.712212883373413763e-01 9.585343714883237665e-01 1.000000000000000000e+00 1.000000000000000000e+00 0.000000000000000000e+00 0.000000000000000000e+00 5.552533428783982261e-01 9.884423147097496365e-01 0.000000000000000000e+00 0.000000000000000000e+00 2.955481132888134778e-03 0.000000000000000000e+00 5.743362664753666191e-01 0.000000000000000000e+00 0.000000000000000000e+00 1.212000000000000000e+03 -1.978333333333333499e+01
1.032669767281690770e-01 1.770408650472441760e-03 0.000000000000000000e+00 2.113867498110748311e-01 0.000000000000000000e+00 2.676536834685492861e-01 0.000000000000000000e+00 9.827944694492465327e-01 0.000000000000000000e+00 7.939567754110138736e-06 2.188374545749725451e-04 1.706490555884659366e-01 3.104348784396605554e-01 2.833347980125913169e-06 8.011832631348163591e-01 4.441378597005307127e-01 9.753330701085081156e-01 4.843333967095437842e-01 2.893164071177872017e-04 8.255135264901219960e-01 1.000000000000000000e+00 1.336786248188869819e-01 8.882465198510566262e-01 0.000000000000000000e+00 3.072006570706013392e-02 0.000000000000000000e+00 0.000000000000000000e+00 7.910758984382418868e-01 8.487855816879161241e-02 9.996655125282742915e-01 2.521459270990573098e-01 2.490195319859042355e-01 9.240000000000000000e+02 -1.073333333333333428e+01
0.000000000000000000e+00 4.516383993172539690e-01 7.244857631328027563e-03 4.413207488943660106e-02 6.660512019700763897e-01 0.000000000000000000e+00 0.000000000000000000e+00 5.068634148336287337e-01 0.000000000000000000e+00 0.000000000000000000e+00 2.225556546387083209e-03 0.000000000000000000e+00 9.999741368045033107e-01 0.000000000000000000e+00 8.445893834023319212e-07 6.578902825683732303e-01 2.832422577106025186e-01 5.566799002937916629e-01 3.103702888648079972e-01 6.582831334583304495e-01 9.684970536555795873e-01 1.633712705657491062e-06 0.000000000000000000e+00 0.000000000000000000e+00 7.205696978372190531e-02 0.000000000000000000e+00 0.000000000000000000e+00 0.000000000000000000e+00 3.813884806359004592e-02 7.710751409170072020e-04 0.000000000000000000e+00 7.708314957886346075e-02 4.560000000000000000e+02 -7.806666666666667531e+00
0.000000000000000000e+00 9.053255299672176015e-01 1.345000975601990667e-01 3.477906977014965095e-01 2.606982930560992062e-01 2.078630466446961325e-02 4.918425799401241610e-02 1.805127131739016344e-01 0.000000000000000000e+00 0.000000000000000000e+00 5.809365009886635275e-04 2.928000092074382043e-09 6.956163407443347602e-01 4.831459474525903741e-01 1.665827973983786681e-01 9.999999930177719820e-01 0.000000000000000000e+00 1.736503515269385567e-01 9.349484198565206627e-01 5.035519059256038377e-01 9.925979021355166854e-01 3.367961010249869713e-01 2.962149118123757335e-02 4.257722141615367245e-02 1.060343261077420357e-01 4.352056496643073306e-07 7.203019220620671126e-01 1.331356369132620510e-02 0.000000000000000000e+00 0.000000000000000000e+00 2.891707750799741627e-09 1.176080182637871674e-01 7.080000000000000000e+02 -9.520000000000001350e+00
0.000000000000000000e+00 5.670292686091042331e-05 3.656217547049983672e-03 5.981097036769864039e-02 3.151979005768182351e-01 0.000000000000000000e+00 2.685705704052469573e-03 7.887940945865431486e-01 7.146912022411616076e-05 7.205569411070457397e-02 1.107156509574900305e-01 3.007176788802838896e-01 9.999298040641593222e-01 4.135367964950606001e-04 8.609697199678413293e-01 8.440981037807544496e-01 7.762224637022568929e-01 3.389527081150801036e-01 8.482647302372855469e-01 1.000000000000000000e+00 2.041354598137462839e-01 2.164679747503874263e-01 1.694205741067470947e-02 4.026111155669038766e-01 8.178265588603641500e-01 6.130859686135823004e-09 0.000000000000000000e+00 8.350507315135925479e-01 3.823668746517518147e-02 2.818015967412950632e-03 2.318373472092446084e-08 1.221738920471319165e-03 8.420000000000000000e+02 -1.525333333333333208e+01
0.000000000000000000e+00 0.000000000000000000e+00 4.464055491392349695e-01 1.209369711609959153e-01 3.946528617980513132e-01 2.140700701500964850e-02 4.709439278670107115e-02 3.045087480205236341e-01 0.000000000000000000e+00 0.000000000000000000e+00 3.763969658317335987e-01 5.767261406942496976e-02 8.875267885897365483e-01 2.905414086491238737e-02 6.616048198004783609e-01 7.186262800823544072e-01 9.370304809537439716e-01 3.146807784457782420e-01 3.043899639427271805e-02 4.443281976144927703e-01 8.486516982346937743e-01 0.000000000000000000e+00 1.940204104652851549e-02 2.180461167672685489e-04 9.243227721966142951e-01 2.709920538865559503e-01 4.306888824447780047e-03 5.366135226113644130e-01 0.000000000000000000e+00 2.052608808878887383e-05 6.358560504133553559e-02 0.000000000000000000e+00 6.640000000000000000e+02 -1.074666666666666437e+01
0.000000000000000000e+00 0.000000000000000000e+00 0.000000000000000000e+00 5.062738719179309399e-01 1.000000000000000000e+00 1.458647396285893683e-01 0.000000000000000000e+00 0.000000000000000000e+00 0.000000000000000000e+00 0.000000000000000000e+00 2.585940929145181047e-02 0.000000000000000000e+00 1.000000000000000000e+00 0.000000000000000000e+00 9.403333710198512607e-01 6.248180472462023793e-01 9.970183967512750156e-01 0.000000000000000000e+00 4.367805797938187906e-01 1.000000000000000000e+00 1.000000000000000000e+00 0.000000000000000000e+00 0.000000000000000000e+00 0.000000000000000000e+00 5.168041869189237136e-01 0.000000000000000000e+00 0.000000000000000000e+00 1.984783378799806139e-03 0.000000000000000000e+00 0.000000000000000000e+00 0.000000000000000000e+00 0.000000000000000000e+00 8.940000000000000000e+02 -1.442333333333333378e+01
0.000000000000000000e+00 0.000000000000000000e+00 0.000000000000000000e+00 0.000000000000000000e+00 0.000000000000000000e+00 0.000000000000000000e+00 0.000000000000000000e+00 1.000000000000000000e+00 0.000000000000000000e+00 0.000000000000000000e+00 0.000000000000000000e+00 2.979635741929765538e-09 1.000000000000000000e+00 0.000000000000000000e+00 1.000000000000000000e+00 9.999999999858509847e-01 1.000000000000000000e+00 1.328123334526447041e-01 6.304535846575578528e-01 8.744260960357803647e-01 8.894543827291434557e-01 1.576174631638178614e-01 0.000000000000000000e+00 0.000000000000000000e+00 1.000000000000000000e+00 0.000000000000000000e+00 0.000000000000000000e+00 0.000000000000000000e+00 0.000000000000000000e+00 1.420361341556285531e-02 0.000000000000000000e+00 0.000000000000000000e+00 1.104000000000000000e+03 -1.887000000000000099e+01
0.000000000000000000e+00 0.000000000000000000e+00 1.113117359576193260e-01 0.000000000000000000e+00 1.687194110158664051e-01 0.000000000000000000e+00 0.000000000000000000e+00 9.358112983113455741e-01 0.000000000000000000e+00 0.000000000000000000e+00 4.135222625815001551e-01 2.208528642647703266e-01 1.000000000000000000e+00 3.158274158132810538e-01 9.114274250108257425e-01 9.998987997701486163e-01 7.428653795985409314e-01 6.523485398892654441e-01 9.996191614949970772e-01 1.000000000000000000e+00 9.007172958713923760e-01 1.787629558195883150e-01 0.000000000000000000e+00 0.000000000000000000e+00 4.461875680248492126e-01 1.869691096251548112e-01 0.000000000000000000e+00 1.000000000000000000e+00 0.000000000000000000e+00 3.893593249980548121e-02 8.401896455457197321e-02 0.000000000000000000e+00 1.198000000000000000e+03 -2.286666666666666359e+01
0.000000000000000000e+00 3.140745457755410308e-02 9.524411444084531422e-09 0.000000000000000000e+00 0.000000000000000000e+00 0.000000000000000000e+00 1.107076046474440929e-08 1.000000000000000000e+00 0.000000000000000000e+00 0.000000000000000000e+00 9.957232891712363143e-01 1.977755591212302950e-03 1.000000000000000000e+00 1.352337167298066356e-01 6.419525721017037556e-01 1.000000000000000000e+00 7.925348450395537370e-01 1.000000000000000000e+00 1.000000000000000000e+00 6.194940913039477248e-01 9.999999989637615716e-01 0.000000000000000000e+00 0.000000000000000000e+00 0.000000000000000000e+00 2.500302800442043005e-01 3.083366903153352268e-01 4.075903606278327099e-04 9.988552567564376039e-01 4.376910133878455511e-01 0.000000000000000000e+00 8.987130122569640667e-02 0.000000000000000000e+00 1.216000000000000000e+03 -1.828999999999999915e+01
0.000000000000000000e+00 0.000000000000000000e+00 6.213575414745408088e-01 0.000000000000000000e+00 8.960984450020308134e-02 0.000000000000000000e+00 0.000000000000000000e+00 9.894867468814165790e-01 0.000000000000000000e+00 0.000000000000000000e+00 5.948410507410604176e-01 7.253662437019099858e-03 9.999995796289901095e-01 0.000000000000000000e+00 4.798981676785692985e-01 1.000000000000000000e+00 2.903060685270802965e-01 1.862668638841344926e-01 1.000000000000000000e+00 1.000000000000000000e+00 1.000000000000000000e+00 3.698372411588253801e-07 0.000000000000000000e+00 0.000000000000000000e+00 6.034688986421906688e-03 6.299390357305808541e-01 0.000000000000000000e+00 7.824619040610241161e-01 0.000000000000000000e+00 0.000000000000000000e+00 0.000000000000000000e+00 0.000000000000000000e+00 9.940000000000000000e+02 -1.704000000000000270e+01
1.770106091308581986e-01 8.254127326646565344e-01 0.000000000000000000e+00 0.000000000000000000e+00 0.000000000000000000e+00 1.043111849304408957e-02 5.249488661627053562e-03 9.999914163151045754e-01 0.000000000000000000e+00 0.000000000000000000e+00 0.000000000000000000e+00 8.987180838579985620e-01 9.446991407955281916e-01 7.033470334738461949e-02 1.000000000000000000e+00 9.960822424682108656e-01 9.176655829872929493e-01 0.000000000000000000e+00 1.000000000000000000e+00 1.000000000000000000e+00 1.000000000000000000e+00 1.657336748936566184e-01 3.746202857199223968e-01 8.018845747749588082e-02 3.512473853344125763e-01 0.000000000000000000e+00 1.619366356772036298e-03 1.000000000000000000e+00 9.255982687830580091e-03 5.874018607803854763e-02 0.000000000000000000e+00 0.000000000000000000e+00 1.402000000000000000e+03 -2.136666666666666359e+01
0.000000000000000000e+00 0.000000000000000000e+00 1.072824458491972027e-01 2.947412115967536304e-03 2.109529486145373389e-01 1.772695895045175718e-01 0.000000000000000000e+00 7.929154444050771078e-01 0.000000000000000000e+00 0.000000000000000000e+00 3.435553358205729879e-02 2.045975109028033423e-01 1.000000000000000000e+00 5.537709689170902672e-02 7.543997513267619581e-01 9.915450324068363352e-01 9.788637637960119209e-01 0.000000000000000000e+00 9.876351269666697741e-01 1.000000000000000000e+00 7.509560415140075218e-01 4.381835361737984602e-02 0.000000000000000000e+00 0.000000000000000000e+00 9.915749428930640264e-01 0.000000000000000000e+00 0.000000000000000000e+00 6.217464986504204205e-01 0.000000000000000000e+00 0.000000000000000000e+00 2.940670980787552999e-03 0.000000000000000000e+00 1.042000000000000000e+03 -1.866999999999999815e+01
0.000000000000000000e+00 0.000000000000000000e+00 6.540660810997646069e-01 5.141353753204237244e-03 7.849503832129454128e-01 1.530100471653272620e-01 2.003932533735482691e-01 8.979660445925440326e-01 0.000000000000000000e+00 0.000000000000000000e+00 1.366353609255723800e-01 2.615308264251589142e-03 7.655631994054984402e-01 5.872690871657321177e-01 7.938825531777052857e-01 1.000000000000000000e+00 1.000000000000000000e+00 8.475208951773199016e-04 1.000000000000000000e+00 1.000000000000000000e+00 5.116375836013644651e-01 0.000000000000000000e+00 4.072028905655925013e-01 1.757539003898254959e-02 0.000000000000000000e+00 0.000000000000000000e+00 5.409655503258592110e-03 1.000000000000000000e+00 0.000000000000000000e+00 2.972699720884017932e-02 1.749818193453384352e-01 0.000000000000000000e+00 1.092000000000000000e+03 -1.594666666666666544e+01
0.000000000000000000e+00 0.000000000000000000e+00 2.057757762139184321e-01 1.703360997796288800e-01 0.000000000000000000e+00 4.170667000005957904e-07 0.000000000000000000e+00 5.413680298085157272e-01 0.000000000000000000e+00 0.000000000000000000e+00 7.086258847808292460e-02 0.000000000000000000e+00 1.000000000000000000e+00 0.000000000000000000e+00 6.099052728808158630e-01 3.878842850552725596e-01 1.000000000000000000e+00 1.000000000000000000e+00 1.000000000000000000e+00 1.000000000000000000e+00 1.000000000000000000e+00 0.000000000000000000e+00 0.000000000000000000e+00 1.323480202245742587e-01 8.907062207588480884e-01 0.000000000000000000e+00 1.087833947437763299e-03 1.000000000000000000e+00 0.000000000000000000e+00 0.000000000000000000e+00 0.000000000000000000e+00 0.000000000000000000e+00 1.126000000000000000e+03 -1.542000000000000171e+01
0.000000000000000000e+00 0.000000000000000000e+00 0.000000000000000000e+00 0.000000000000000000e+00 0.000000000000000000e+00 9.956942132211812901e-02 0.000000000000000000e+00 9.072793949980397787e-01 0.000000000000000000e+00 0.000000000000000000e+00 0.000000000000000000e+00 6.990603343767408384e-02 1.000000000000000000e+00 3.148142934403566628e-01 1.000000000000000000e+00 1.000000000000000000e+00 1.000000000000000000e+00 0.000000000000000000e+00 1.000000000000000000e+00 8.451170706668836852e-01 1.000000000000000000e+00 0.000000000000000000e+00 0.000000000000000000e+00 0.000000000000000000e+00 0.000000000000000000e+00 0.000000000000000000e+00 5.830992187452666009e-02 0.000000000000000000e+00 0.000000000000000000e+00 6.728265994662456784e-01 0.000000000000000000e+00 0.000000000000000000e+00 1.044000000000000000e+03 -2.133999999999999986e+01
0.000000000000000000e+00 3.871121412414597618e-01 4.458974508169581963e-01 7.643976473932230509e-02 0.000000000000000000e+00 7.251569708687611859e-01 0.000000000000000000e+00 2.376498201240314079e-01 0.000000000000000000e+00 0.000000000000000000e+00 1.000000000000000000e+00 5.374943413777089063e-01 1.000000000000000000e+00 3.932948555980823879e-02 1.000000000000000000e+00 1.000000000000000000e+00 1.000000000000000000e+00 0.000000000000000000e+00 1.000000000000000000e+00 9.995093640724671546e-01 2.549756678183430214e-01 0.000000000000000000e+00 1.125372721343856908e-01 1.593092402829442145e-02 1.858760052424122955e-01 1.359124209584934018e-01 0.000000000000000000e+00 2.474368869157468342e-01 3.316221489728440330e-01 2.504245947872059397e-02 3.442724198120064062e-03 1.107608480607368412e-01 1.056000000000000000e+03 -1.516000000000000192e+01
0.000000000000000000e+00 2.837353987785376508e-02 4.645373202460527651e-01 0.000000000000000000e+00 8.585919106661478173e-01 0.000000000000000000e+00 8.006721025054520935e-02 5.246021244067934353e-01 3.454118098002793846e-02 0.000000000000000000e+00 3.781381314422266882e-01 3.505389099976548017e-01 1.000000000000000000e+00 3.417210334838974850e-01 5.515667697651673862e-01 1.000000000000000000e+00 1.000000000000000000e+00 6.852719698726948694e-02 9.311689151781348261e-01 1.000000000000000000e+00 6.539737868201104254e-01 0.000000000000000000e+00 0.000000000000000000e+00 0.000000000000000000e+00 6.662139204680892490e-01 5.030875790493177617e-03 0.000000000000000000e+00 8.220558064897938166e-01 3.151361504238550104e-01 7.942735439244309747e-02 3.050676516734107668e-01 0.000000000000000000e+00 1.014000000000000000e+03 -1.839666666666666472e+01
0.000000000000000000e+00 6.119928285309060856e-01 0.000000000000000000e+00 0.000000000000000000e+00 5.895880019797503332e-07 1.558572141779473660e-02 0.000000000000000000e+00 4.552857614574110090e-01 0.000000000000000000e+00 0.000000000000000000e+00 0.000000000000000000e+00 1.387648911470157065e-01 1.000000000000000000e+00 6.893964142665177652e-01 0.000000000000000000e+00 1.000000000000000000e+00 9.999999388544905665e-01 0.000000000000000000e+00 1.000000000000000000e+00 1.000000000000000000e+00 1.000000000000000000e+00 0.000000000000000000e+00 5.213652404433969795e-07 0.000000000000000000e+00 2.635121933542509676e-01 6.369247501532332434e-02 0.000000000000000000e+00 4.598795414913476320e-01 7.584784350850078821e-03 3.275782110971015621e-08 0.000000000000000000e+00 0.000000000000000000e+00 9.100000000000000000e+02 -1.681999999999999673e+01
0.000000000000000000e+00 0.000000000000000000e+00 0.000000000000000000e+00 0.000000000000000000e+00 0.000000000000000000e+00 2.435581536877735598e-01 0.000000000000000000e+00 8.186476642149680405e-01 0.000000000000000000e+00 0.000000000000000000e+00 5.207161997169793555e-01 2.159330748292993471e-02 1.000000000000000000e+00 0.000000000000000000e+00 2.321082177189474349e-01 9.693312206916012697e-01 1.000000000000000000e+00 0.000000000000000000e+00 8.832041123297246221e-01 1.000000000000000000e+00 3.434986670028175038e-01 0.000000000000000000e+00 0.000000000000000000e+00 0.000000000000000000e+00 1.000000000000000000e+00 1.178033632861519020e-01 2.880684623681826206e-01 1.000000000000000000e+00 0.000000000000000000e+00 0.000000000000000000e+00 0.000000000000000000e+00 0.000000000000000000e+00 1.038000000000000000e+03 -1.731333333333333258e+01
0.000000000000000000e+00 2.292935039162961319e-01 0.000000000000000000e+00 1.311776709924188968e-02 9.999765228252930349e-01 1.112013318636731890e-01 9.068059682690889911e-01 0.000000000000000000e+00 1.557175181557276955e-05 4.882445389913532274e-01 5.626209032335272031e-01 0.000000000000000000e+00 1.000000000000000000e+00 4.173308871793077190e-01 1.620080997097389172e-05 0.000000000000000000e+00 7.016513787624782950e-01 0.000000000000000000e+00 1.000000000000000000e+00 0.000000000000000000e+00 9.915417753092597986e-01 9.996520199081219138e-01 0.000000000000000000e+00 0.000000000000000000e+00 0.000000000000000000e+00 9.355264464248283117e-04 1.538106884565751953e-01 5.662759120781540867e-01 1.059900864981902328e-02 0.000000000000000000e+00 9.191201801467996368e-01 8.315089680085612223e-01 1.090000000000000000e+03 -1.247333333333333094e+01
3.042138235039318905e-01 0.000000000000000000e+00 0.000000000000000000e+00 0.000000000000000000e+00 7.856607001481066832e-03 9.162560857277098070e-02 0.000000000000000000e+00 2.635177878130599144e-02 0.000000000000000000e+00 0.000000000000000000e+00 0.000000000000000000e+00 6.488951125188367943e-06 1.000000000000000000e+00 9.211958472705916723e-01 7.284752216611571629e-02 7.443787974466939961e-01 9.999935215254125431e-01 1.034859576616640048e-01 9.030117095349440293e-01 8.599674783705123504e-01 9.407686447550196451e-01 0.000000000000000000e+00 0.000000000000000000e+00 0.000000000000000000e+00 8.946710338572509968e-01 0.000000000000000000e+00 0.000000000000000000e+00 4.636151775416605392e-01 9.416150999911690467e-02 0.000000000000000000e+00 1.500738614849614627e-01 1.299658222080673012e-02 1.030000000000000000e+03 -1.725333333333333385e+01
0.000000000000000000e+00 3.197687669913968495e-02 1.446190793616479973e-02 3.811654359516971485e-02 3.553313351922708749e-04 0.000000000000000000e+00 7.579283971539595112e-04 9.975935496512142731e-01 0.000000000000000000e+00 3.111340004890462280e-02 6.412655617356559645e-01 5.762635781040071903e-01 1.779957141992179193e-01 0.000000000000000000e+00 0.000000000000000000e+00 4.208130989834052427e-01 5.737593594792436136e-01 2.896854791633753090e-02 1.000000000000000000e+00 9.578782638664543603e-01 1.007680983295652644e-01 4.745734251880232391e-06 2.353062215416472369e-03 3.209541420866233140e-03 0.000000000000000000e+00 4.454052427443007667e-01 0.000000000000000000e+00 9.999964002294531307e-01 5.667764845160336851e-01 0.000000000000000000e+00 5.227099182235702690e-01 0.000000000000000000e+00 7.080000000000000000e+02 -8.693333333333333357e+00
2.755733090874482386e-02 1.892304203819314065e-02 1.474374794579687287e-01 3.431668216350999279e-01 1.798474325797281073e-02 0.000000000000000000e+00 0.000000000000000000e+00 9.447147968496188986e-01 2.555666114519484361e-02 4.143373264654436061e-02 2.796869741754807182e-01 5.881055019563883463e-02 9.999970861968557889e-01 0.000000000000000000e+00 9.808941950106287999e-01 5.626110091292111370e-01 9.966617871801225492e-01 4.597116229379051566e-02 9.307880175911447118e-01 1.632946086678489506e-01 8.934781771589281885e-01 7.035293031607910141e-02 1.137442198166122844e-03 1.875412499120199510e-03 3.546740996359448173e-01 5.102844750215894676e-01 8.381480889761703731e-03 6.151443366194822571e-02 5.794035647192440353e-01 3.974236883610333115e-01 2.399676007841913122e-02 7.442626885040489748e-01 9.640000000000000000e+02 -1.648666666666666814e+01
2.773089758864392940e-04 9.665032360108574694e-02 2.484003204695489631e-01 9.932636277286156501e-01 5.774507412398953710e-01 5.106376788053564172e-04 1.782979166577133498e-02 1.731101490967484335e-01 5.362267111373451856e-02 0.000000000000000000e+00 5.644498770853448866e-01 1.710170167370771155e-01 9.688901377098572132e-01 1.716916578563080706e-02 7.696654565106103227e-03 1.000000000000000000e+00 7.743421731584068102e-01 2.089344955582843680e-02 7.323896080566676403e-01 3.610783640408372630e-01 9.678891586963093152e-01 5.069310179533285110e-01 8.882558318310897205e-02 1.142653355709684487e-01 3.625829531626505176e-02 1.201205572663914534e-02 0.000000000000000000e+00 4.963131801179410107e-01 3.779915805018508462e-02 0.000000000000000000e+00 3.315373127342946535e-01 3.809909248614966049e-01 7.880000000000000000e+02 -1.441999999999999993e+01
0.000000000000000000e+00 0.000000000000000000e+00 8.472005277533442569e-02 0.000000000000000000e+00 2.149998068959594610e-01 0.000000000000000000e+00 1.379750430271112771e-01 3.280329232973495657e-01 0.000000000000000000e+00 0.000000000000000000e+00 2.203073749472445053e-01 6.859808708713543979e-01 1.000000000000000000e+00 2.840508864931568303e-02 2.673313336219869663e-01 1.000000000000000000e+00 9.971884330227677173e-01 9.288747989694278173e-01 1.000000000000000000e+00 9.576164378686078393e-01 8.523918907992864558e-01 5.322443827866671917e-01 0.000000000000000000e+00 3.353931114955623072e-02 7.978377028398155879e-01 0.000000000000000000e+00 0.000000000000000000e+00 7.539508110075716640e-01 2.730201565741243730e-01 7.760890645047937344e-06 0.000000000000000000e+00 0.000000000000000000e+00 1.064000000000000000e+03 -1.613666666666666671e+01
0.000000000000000000e+00 6.320535739204924397e-01 7.919777367842838200e-02 0.000000000000000000e+00 1.019153090855534832e-06 0.000000000000000000e+00 0.000000000000000000e+00 5.977677383783820408e-01 0.000000000000000000e+00 4.696747429666814910e-01 0.000000000000000000e+00 7.855575345634379092e-01 9.802414824176890473e-01 0.000000000000000000e+00 5.706942484413179278e-02 2.534404656439609703e-05 9.993218050607486358e-01 0.000000000000000000e+00 6.162244052845911035e-01 1.000000000000000000e+00 1.000000000000000000e+00 5.955407355986889334e-02 9.764561141214206375e-02 0.000000000000000000e+00 9.911157143856872409e-01 1.015388981716276590e-01 0.000000000000000000e+00 6.239600807500735868e-01 9.124631105713618129e-02 0.000000000000000000e+00 6.787611051979597617e-08 0.000000000000000000e+00 8.900000000000000000e+02 -1.654000000000000270e+01
0.000000000000000000e+00 0.000000000000000000e+00 0.000000000000000000e+00 0.000000000000000000e+00 0.000000000000000000e+00 0.000000000000000000e+00 0.000000000000000000e+00 9.150960567087064179e-01 0.000000000000000000e+00 0.000000000000000000e+00 0.000000000000000000e+00 0.000000000000000000e+00 1.000000000000000000e+00 0.000000000000000000e+00 1.000000000000000000e+00 1.000000000000000000e+00 9.999988921346995019e-01 0.000000000000000000e+00 9.780370209608955090e-01 5.701581198920466775e-01 1.000000000000000000e+00 0.000000000000000000e+00 0.000000000000000000e+00 0.000000000000000000e+00 4.659767736832440277e-01 0.000000000000000000e+00 0.000000000000000000e+00 4.901893386768426120e-01 3.001064066926213969e-01 0.000000000000000000e+00 0.000000000000000000e+00 0.000000000000000000e+00 9.940000000000000000e+02 -1.932666666666666444e+01
3.959326230242855016e-01 3.662533296371221492e-01 3.223438206208857626e-02 0.000000000000000000e+00 1.219624081341617178e-02 9.943980500388498178e-02 5.859303272219303915e-01 9.633144031543545704e-01 7.035963982031807895e-02 0.000000000000000000e+00 9.027903285538167158e-05 2.353234088148845428e-04 1.000000000000000000e+00 9.204586009301312603e-04 8.950379083868996721e-01 8.741728645078071791e-01 9.999997017069610639e-01 7.312006179415807550e-01 2.459696204639414286e-03 1.441531179363799153e-01 8.799440921864740695e-01 9.172321180365155743e-03 0.000000000000000000e+00 2.387388620694473051e-01 1.726685496195891623e-01 3.288107737995400459e-01 0.000000000000000000e+00 5.862887568877973854e-02 1.602997051088009620e-02 1.106257732636636501e-02 0.000000000000000000e+00 0.000000000000000000e+00 9.360000000000000000e+02 -1.438000000000000078e+01
0.000000000000000000e+00 7.426183004317641126e-03 1.230061234872008953e-03 1.935151662346092649e-01 1.081050944251457091e-01 1.764102039379068093e-02 0.000000000000000000e+00 1.000000000000000000e+00 6.874332541845576405e-02 8.556093482533103090e-02 3.091281130115804410e-01 3.969366068558113220e-02 9.999807340275442824e-01 0.000000000000000000e+00 8.458813473827913043e-01 6.078415198369151451e-01 6.355620493874371002e-01 0.000000000000000000e+00 1.000000000000000000e+00 9.579154835872516482e-01 1.000000000000000000e+00 3.826793561368885266e-01 0.000000000000000000e+00 1.480525154159334777e-01 2.726820232443346037e-01 1.143476329986243129e-01 0.000000000000000000e+00 7.434757804124894065e-01 4.247954899950643903e-01 0.000000000000000000e+00 0.000000000000000000e+00 0.000000000000000000e+00 9.020000000000000000e+02 -1.637999999999999901e+01
0.000000000000000000e+00 2.700837376923116706e-02 0.000000000000000000e+00 1.601613474488750299e-01 6.060437029546515713e-12 4.187878774262895343e-01 1.048687249129139770e-01 9.989556095555013338e-01 2.839654776862178195e-02 0.000000000000000000e+00 2.819212242823208037e-01 3.389919349236751867e-01 1.000000000000000000e+00 2.673029417194320856e-01 8.584237611284031844e-03 9.299035088736240517e-01 9.812315259921335908e-01 4.406857804596113759e-01 5.062329055148658830e-01 5.587943924267990692e-01 5.486191500310328983e-01 1.994081320757579157e-01 7.251529219909561008e-02 0.000000000000000000e+00 7.040338386122958481e-01 1.177564793753027236e-02 5.536760350824328908e-02 5.014850083505553169e-01 7.027027023096879370e-03 1.515177030715405271e-01 0.000000000000000000e+00 4.849757506457750417e-03 6.900000000000000000e+02 -1.096999999999999886e+01
0.000000000000000000e+00 5.223127915080499895e-01 3.507461328680531176e-01 0.000000000000000000e+00 4.827044221186350126e-01 0.000000000000000000e+00 0.000000000000000000e+00 7.624073559969603009e-01 0.000000000000000000e+00 0.000000000000000000e+00 0.000000000000000000e+00 0.000000000000000000e+00 2.537902834697899901e-01 4.822327300256898375e-01 4.307477637651433433e-01 7.397014800252996736e-01 5.471863263283006235e-02 4.719148620949274453e-01 3.030081890355429582e-03 2.814219622460706338e-01 4.430350032769638791e-01 7.633776713003021311e-03 5.513060700699151662e-01 0.000000000000000000e+00 2.226291939348900850e-01 8.052703785353020338e-01 0.000000000000000000e+00 0.000000000000000000e+00 0.000000000000000000e+00 0.000000000000000000e+00 0.000000000000000000e+00 0.000000000000000000e+00 3.600000000000000000e+02 -4.979999999999999538e+00
8.260092323050742813e-01 5.746179556431514623e-02 9.881451919895912761e-01 7.441386620701515334e-05 1.655136507665129209e-01 1.301072644457868799e-01 2.760728749434432398e-12 7.138670291623361308e-01 4.901119481995142579e-01 6.097736453537276891e-01 8.603360053334442314e-01 2.204966841263279742e-01 9.712910415365273442e-01 6.251052807353698615e-01 1.000000000000000000e+00 9.999999999983416599e-01 9.995315037156251581e-01 3.317593395475759155e-01 1.254498546729471142e-01 9.998030664804391510e-01 1.519411830038836231e-01 7.840562711494354403e-05 2.399325798065608285e-03 4.122065299316615000e-02 8.659052974704470884e-01 4.324069801476557867e-02 1.689422879124913973e-04 5.102585818944658236e-01 9.726702284752326566e-01 0.000000000000000000e+00 2.153798966997939046e-01 2.985476269256813337e-08 1.392000000000000000e+03 -1.837999999999999901e+01
0.000000000000000000e+00 0.000000000000000000e+00 0.000000000000000000e+00 1.228154792161113423e-01 2.693806460059370439e-02 5.138524551059964370e-03 0.000000000000000000e+00 9.063653216653713152e-01 0.000000000000000000e+00 6.309635935796329479e-07 0.000000000000000000e+00 1.212229888237470327e-01 1.000000000000000000e+00 4.786509267531518508e-01 1.000000000000000000e+00 8.926790555370787139e-01 1.000000000000000000e+00 4.437142420487227845e-02 9.999958006332380078e-01 9.949950855545350858e-01 9.999751347410894553e-01 1.503387922581434222e-01 9.246720453499220321e-04 0.000000000000000000e+00 1.135640996852827959e-06 6.114172367850394577e-10 3.153025209834433752e-06 0.000000000000000000e+00 2.594037650826048076e-15 9.056065176374432368e-02 0.000000000000000000e+00 1.981922510877433818e-01 1.090000000000000000e+03 -2.001333333333333186e+01
1.359419735176088804e-06 1.586002587046153323e-01 4.114082645980936537e-01 7.211655353832940873e-01 1.202519658546705433e-03 1.399774183681512345e-02 0.000000000000000000e+00 9.180369137417327963e-01 0.000000000000000000e+00 3.650994978092991870e-03 1.281472590317306835e-02 8.087600276845638980e-01 5.622620190856336686e-01 1.917098985372060749e-01 0.000000000000000000e+00 3.106043715079179202e-01 8.773660021429561251e-01 8.572454282944494963e-01 9.940337269904055972e-01 9.042198871622036949e-01 9.029621380751650106e-01 1.902981975319203295e-02 1.412270131078242896e-02 5.677921037909912025e-03 9.958255290840207774e-01 2.890139458364663402e-03 5.588235310065046146e-01 1.952279219677457989e-01 5.589370857840661759e-04 8.126823479772707991e-10 1.243153896782805273e-02 4.315830082340931808e-04 1.116000000000000000e+03 -1.364666666666666650e+01
0.000000000000000000e+00 0.000000000000000000e+00 0.000000000000000000e+00 0.000000000000000000e+00 1.951374842685821807e-03 2.077916823700367861e-03 3.415028355184424047e-03 4.186650198771786346e-01 0.000000000000000000e+00 0.000000000000000000e+00 7.355083137546042371e-03 4.779267904258192173e-02 9.349969040159390454e-01 1.005179621568020876e-01 4.879181619470626674e-01 6.634514942528395576e-01 9.534480290031066563e-01 0.000000000000000000e+00 7.990375563699091410e-01 6.216341902687619880e-01 9.355743279122872291e-01 7.044444714253662865e-02 0.000000000000000000e+00 0.000000000000000000e+00 1.863377458759342409e-01 0.000000000000000000e+00 6.493833585261321595e-02 1.707320881844134842e-03 3.916666025472503865e-02 6.998866330692360069e-03 0.000000000000000000e+00 0.000000000000000000e+00 5.860000000000000000e+02 -1.104333333333333478e+01
0.000000000000000000e+00 0.000000000000000000e+00 0.000000000000000000e+00 0.000000000000000000e+00 1.505067085623405104e-02 0.000000000000000000e+00 0.000000000000000000e+00 5.123564465118396472e-01 0.000000000000000000e+00 0.000000000000000000e+00 5.561355341481115377e-02 4.865475680196840874e-03 1.000000000000000000e+00 1.280588687316359942e-01 1.171831099453140290e-01 9.927000176010345456e-01 7.971799276346336338e-01 1.025243125010798229e-01 1.000000000000000000e+00 5.523216460381984438e-01 8.822197705843382032e-01 1.235639952084060730e-02 0.000000000000000000e+00 0.000000000000000000e+00 6.450976471506814081e-01 0.000000000000000000e+00 3.018306192832900248e-01 0.000000000000000000e+00 2.004413117489564633e-01 2.938768607475752883e-03 0.000000000000000000e+00 0.000000000000000000e+00 6.960000000000000000e+02 -1.497666666666666657e+01
0.000000000000000000e+00 0.000000000000000000e+00 0.000000000000000000e+00 0.000000000000000000e+00 0.000000000000000000e+00 0.000000000000000000e+00 0.000000000000000000e+00 1.000000000000000000e+00 0.000000000000000000e+00 0.000000000000000000e+00 1.731766822284845353e-01 0.000000000000000000e+00 1.000000000000000000e+00 0.000000000000000000e+00 8.817100440246826709e-01 1.000000000000000000e+00 1.000000000000000000e+00 0.000000000000000000e+00 1.000000000000000000e+00 7.432875231643586156e-02 1.000000000000000000e+00 0.000000000000000000e+00 0.000000000000000000e+00 0.000000000000000000e+00 0.000000000000000000e+00 0.000000000000000000e+00 2.522473450989405341e-01 0.000000000000000000e+00 5.550616523235832878e-01 0.000000000000000000e+00 0.000000000000000000e+00 0.000000000000000000e+00 9.640000000000000000e+02 -1.901333333333333186e+01
8.297502060110066233e-03 0.000000000000000000e+00 0.000000000000000000e+00 1.491336670504281661e-03 3.151290326918959606e-01 0.000000000000000000e+00 7.219117116046896987e-02 7.847938562882970093e-01 0.000000000000000000e+00 8.667695817473494713e-02 3.877877607536818760e-01 0.000000000000000000e+00 1.000000000000000000e+00 2.634693390084936890e-05 1.000000000000000000e+00 8.002620717450319443e-01 1.000000000000000000e+00 0.000000000000000000e+00 9.999996360820015973e-01 8.407117810941776570e-01 1.000000000000000000e+00 0.000000000000000000e+00 0.000000000000000000e+00 1.077044812822181702e-01 0.000000000000000000e+00 9.543568029882426584e-02 0.000000000000000000e+00 4.402202961049756294e-03 8.551706102484660788e-01 0.000000000000000000e+00 6.398864980694364268e-01 0.000000000000000000e+00 9.840000000000000000e+02 -1.953333333333333499e+01
0.000000000000000000e+00 0.000000000000000000e+00 0.000000000000000000e+00 0.000000000000000000e+00 5.103479808134704365e-01 0.000000000000000000e+00 0.000000000000000000e+00 7.822586735031947791e-01 0.000000000000000000e+00 0.000000000000000000e+00 0.000000000000000000e+00 0.000000000000000000e+00 7.143552414810797613e-01 0.000000000000000000e+00 9.980232855146200510e-01 1.000000000000000000e+00 1.000000000000000000e+00 0.000000000000000000e+00 1.000000000000000000e+00 2.935191869041294810e-01 7.132189662768950722e-01 0.000000000000000000e+00 0.000000000000000000e+00 0.000000000000000000e+00 1.456694133382976670e-03 0.000000000000000000e+00 3.610785491696469340e-01 0.000000000000000000e+00 1.000000000000000000e+00 7.702350837742296709e-03 1.188975503090272251e-01 0.000000000000000000e+00 8.740000000000000000e+02 -1.641333333333333400e+01
0.000000000000000000e+00 0.000000000000000000e+00 9.349169843782650924e-01 0.000000000000000000e+00 0.000000000000000000e+00 0.000000000000000000e+00 0.000000000000000000e+00 1.000000000000000000e+00 0.000000000000000000e+00 0.000000000000000000e+00 1.186591135775889594e-01 0.000000000000000000e+00 1.000000000000000000e+00 0.000000000000000000e+00 0.000000000000000000e+00 9.980031284638910538e-01 1.000000000000000000e+00 0.000000000000000000e+00 8.482408140850172806e-01 3.803140528178108326e-01 1.000000000000000000e+00 0.000000000000000000e+00 0.000000000000000000e+00 0.000000000000000000e+00 0.000000000000000000e+00 2.318112502722165930e-02 1.199834632789347871e-09 0.000000000000000000e+00 5.661239174614650649e-01 6.358928939196568653e-01 1.000000000000000000e+00 0.000000000000000000e+00 1.058000000000000000e+03 -1.683333333333333215e+01
2.375658795132758183e-01 0.000000000000000000e+00 3.197941662235157523e-01 0.000000000000000000e+00 2.367431162273874961e-05 0.000000000000000000e+00 2.524274062278292010e-05 1.694538697422433848e-01 0.000000000000000000e+00 2.303922370217342808e-01 2.882850108810719458e-01 8.252776132892098012e-04 8.329049791807581204e-01 7.687540244225689046e-01 1.000000000000000000e+00 6.637466279242931755e-01 9.999888776429475268e-01 1.688208959381969354e-01 1.000000000000000000e+00 1.000000000000000000e+00 1.000000000000000000e+00 0.000000000000000000e+00 0.000000000000000000e+00 0.000000000000000000e+00 0.000000000000000000e+00 6.635376387233280493e-01 0.000000000000000000e+00 0.000000000000000000e+00 7.010667926956857254e-01 8.576529473586010048e-06 2.572641511068227693e-01 0.000000000000000000e+00 9.300000000000000000e+02 -1.564000000000000057e+01
0.000000000000000000e+00 1.513070411075751465e-01 3.364238476616588942e-03 0.000000000000000000e+00 8.913857255613045760e-01 1.838711843657713819e-03 5.770378569676720346e-03 3.992611311395137808e-01 0.000000000000000000e+00 5.209852930570736847e-03 2.803978051042931927e-09 0.000000000000000000e+00 1.000000000000000000e+00 1.796731359346454837e-01 1.000000000000000000e+00 1.000000000000000000e+00 9.999488666127843706e-01 9.337336575700558861e-01 9.346769661829040787e-01 5.465412840144466822e-01 9.999999992769857959e-01 3.938492408128386156e-03 0.000000000000000000e+00 0.000000000000000000e+00 5.336328341902010219e-01 5.876043112770477084e-01 2.993208992987681470e-03 7.432057645568495956e-03 8.638235529820597058e-01 4.548996561877411554e-02 0.000000000000000000e+00 0.000000000000000000e+00 1.266000000000000000e+03 -2.020333333333333314e+01
0.000000000000000000e+00 0.000000000000000000e+00 5.764319623657035907e-04 0.000000000000000000e+00 6.629176602736128743e-01 0.000000000000000000e+00 0.000000000000000000e+00 6.818467416458422470e-01 0.000000000000000000e+00 0.000000000000000000e+00 7.078854687336033624e-01 0.000000000000000000e+00 1.000000000000000000e+00 1.238425284129861803e-01 1.000000000000000000e+00 2.357852779802267484e-01 7.901125314040022829e-01 0.000000000000000000e+00 3.164404029340364133e-01 3.065252731194194058e-01 9.999999999987054800e-01 0.000000000000000000e+00 0.000000000000000000e+00 0.000000000000000000e+00 4.489441517902719586e-02 3.584087742513904495e-01 2.072840386890880283e-03 0.000000000000000000e+00 1.000000000000000000e+00 5.316708587517821050e-01 1.000000000000000000e+00 0.000000000000000000e+00 8.800000000000000000e+02 -1.368999999999999950e+01
0.000000000000000000e+00 5.305250504223186780e-01 1.297419714005360438e-03 0.000000000000000000e+00 3.227446131845334437e-02 0.000000000000000000e+00 2.584516050304064283e-01 3.259874107401278254e-01 0.000000000000000000e+00 0.000000000000000000e+00 6.457957440451396192e-01 0.000000000000000000e+00 1.000000000000000000e+00 1.107956790520961757e-02 5.702088604311759124e-01 8.518982518023980877e-01 1.000000000000000000e+00 0.000000000000000000e+00 1.000000000000000000e+00 0.000000000000000000e+00 1.000000000000000000e+00 0.000000000000000000e+00 0.000000000000000000e+00 3.411409264689615473e-01 0.000000000000000000e+00 0.000000000000000000e+00 0.000000000000000000e+00 0.000000000000000000e+00 0.000000000000000000e+00 7.869317233600537590e-04 2.960140498036015755e-01 0.000000000000000000e+00 7.080000000000000000e+02 -1.400999999999999979e+01
2.031592721359005635e-02 5.321107694727873587e-03 2.323089496949146474e-02 3.044442865559545894e-02 7.105479332402515613e-01 1.133406876666306073e-01 9.851227708215322121e-01 5.379464560874138573e-02 3.708490022157234539e-04 7.305839579827648755e-01 9.040561001787081885e-01 1.093822609760402298e-01 8.794342894171121028e-01 1.320550354016374744e-02 1.196642832930788249e-02 2.350131165294769009e-01 0.000000000000000000e+00 3.770442233193679188e-02 3.537388530032301026e-02 2.278975863531099849e-03 7.484412617852144456e-02 8.673808751550826646e-02 7.111369265447549555e-03 8.843829870292932438e-02 5.995256939701156806e-01 0.000000000000000000e+00 9.288370769711968844e-01 0.000000000000000000e+00 0.000000000000000000e+00 7.533554740438585910e-03 1.021941164023952402e-02 7.177203567669854234e-02 6.920000000000000000e+02 -5.010000000000000675e+00
0.000000000000000000e+00 2.274006989187771777e-01 1.503154670508701548e-03 0.000000000000000000e+00 4.137631882768125213e-01 2.242930469949782913e-05 3.178850145485580606e-03 8.536268848289798594e-01 0.000000000000000000e+00 2.739667538719799469e-02 6.403552140778387067e-03 4.205324001496407033e-03 1.000000000000000000e+00 4.208599811963332007e-03 4.285641035774503393e-01 3.687517276583338055e-01 9.565847011356322094e-01 0.000000000000000000e+00 7.134124584764253152e-01 3.388430312307146863e-01 9.313398874529290605e-01 8.882436525476745948e-02 0.000000000000000000e+00 2.285215694719129886e-01 3.792875730207148893e-03 0.000000000000000000e+00 0.000000000000000000e+00 8.020564412130855303e-02 1.259183737722928687e-01 0.000000000000000000e+00 6.642495283320712374e-02 7.129363600575658322e-02 5.620000000000000000e+02 -8.209999999999999076e+00
1.777314110911960010e-01 7.627910888629087748e-03 3.289645839457491783e-01 0.000000000000000000e+00 0.000000000000000000e+00 0.000000000000000000e+00 0.000000000000000000e+00 8.494067542810977700e-02 1.000000000000000000e+00 0.000000000000000000e+00 1.919861219110638173e-01 0.000000000000000000e+00 1.000000000000000000e+00 8.753970267363932189e-02 2.892042330773343384e-01 0.000000000000000000e+00 4.685307235332391573e-01 4.597165953891187984e-01 8.520921014153026718e-01 7.569086823542717779e-01 1.825237302262459338e-01 2.135121595809148787e-03 0.000000000000000000e+00 2.581699241618906973e-02 0.000000000000000000e+00 0.000000000000000000e+00 0.000000000000000000e+00 5.804749808438607328e-01 6.443122474909644959e-01 4.251448991572528285e-02 0.000000000000000000e+00 1.665487367034142185e-01 5.480000000000000000e+02 -8.693333333333333357e+00
1.806461201526901594e-01 0.000000000000000000e+00 1.049900977732853846e-01 0.000000000000000000e+00 5.123372164485583830e-02 9.708953124052704942e-02 0.000000000000000000e+00 1.231951526260902374e-01 9.468663585664017709e-03 1.611711962573625671e-03 2.174660246069548206e-02 5.640543985161284397e-04 7.910884969727841609e-01 4.245759159542473737e-01 8.293651435146274231e-01 1.000000000000000000e+00 7.568138693944123085e-01 1.301140598997152162e-02 8.658023236342048401e-01 8.761209374302728614e-01 1.977176868963845813e-01 1.361016758128814064e-01 0.000000000000000000e+00 2.585830477605388297e-02 4.464998329101566715e-03 1.196229524039872649e-01 2.969950444184959668e-02 2.439158638870773596e-02 8.965194413444509403e-01 3.911729740696706301e-03 6.912115358501598195e-01 1.912413594698252062e-02 7.940000000000000000e+02 -1.584999999999999964e+01
8.190908793366902252e-01 2.138629366278822341e-03 4.131563067352323482e-01 1.243879554866182333e-02 9.970535892512230047e-01 6.243519249843920184e-03 6.285282200674468037e-03 8.025398592195736036e-01 1.540860185963018880e-01 3.520179600120081909e-01 6.469695015790191128e-01 5.204463725121561968e-01 9.932615614001979454e-01 2.555871246563342081e-01 7.145665574215140925e-01 4.536018224443854607e-01 4.790697257056238390e-01 3.383119295785758096e-01 9.953930313636384364e-01 9.752653269246979173e-01 8.725698750493765532e-01 1.617577685308432128e-02 4.077418498463842439e-02 3.243694821079706747e-01 3.549114112888724915e-01 4.542324221105260018e-01 3.735318528385700443e-02 1.073092249923340291e-01 4.803000861370138597e-01 1.314828350104389060e-02 2.202283544758218414e-01 5.813294432020856828e-01 1.046000000000000000e+03 -1.189666666666666828e+01
0.000000000000000000e+00 3.051919538674045460e-02 1.564367375303490904e-01 0.000000000000000000e+00 3.522400920523465363e-03 0.000000000000000000e+00 0.000000000000000000e+00 1.000000000000000000e+00 0.000000000000000000e+00 0.000000000000000000e+00 0.000000000000000000e+00 0.000000000000000000e+00 1.000000000000000000e+00 1.897210937466134146e-08 7.742626835742004721e-01 1.000000000000000000e+00 9.927614689623011079e-01 6.635325873261073426e-02 1.000000000000000000e+00 1.000000000000000000e+00 9.656388954796750745e-01 1.188348568598813909e-01 0.000000000000000000e+00 2.076806641709455156e-02 3.608898040255076323e-02 0.000000000000000000e+00 1.608514143494245039e-03 0.000000000000000000e+00 9.854303966844829565e-01 4.124789375369591199e-02 4.795501164242623737e-01 0.000000000000000000e+00 1.150000000000000000e+03 -2.092666666666666586e+01
1.604261010140674705e-04 2.533267650965980722e-01 9.882072989061786716e-02 1.459796168431393842e-02 1.348337449074691607e-01 6.284632200466852003e-01 0.000000000000000000e+00 0.000000000000000000e+00 1.207849467703199335e-02 1.358239591920094337e-02 5.032428558983146338e-01 0.000000000000000000e+00 2.261287050227410445e-01 1.585694745196920274e-01 1.659745560529511318e-02 1.392320266211788948e-01 0.000000000000000000e+00 3.330714108445271271e-01 2.215224048811307578e-01 1.200408135749872138e-02 6.730444420266089578e-01 6.871906473189810793e-02 0.000000000000000000e+00 0.000000000000000000e+00 7.858709374019638141e-04 1.265645982027929382e-03 4.597124725951171609e-01 0.000000000000000000e+00 1.777813673974401598e-02 5.652086809538456689e-06 2.296200064215374037e-01 7.729335738874718031e-02 1.680000000000000000e+02 -3.009999999999999787e+00
1.018079514604759185e-02 5.476709560270129895e-01 5.221608387690125364e-01 1.217378198508754505e-01 1.726461673503735805e-01 0.000000000000000000e+00 9.763707782225534981e-02 9.099434708463676191e-01 3.971039452235221312e-02 1.644795007148514704e-02 0.000000000000000000e+00 0.000000000000000000e+00 8.418493097020341986e-01 6.844774538216813475e-01 9.435187129801958505e-01 9.482253657222874388e-01 8.675474292491591743e-01 1.747651127826483361e-03 7.862102032953937059e-01 6.803076391848460469e-01 9.702062784586727995e-01 1.785508134610751252e-01 5.277664115959033314e-02 5.679008688512639930e-02 7.733741618516914995e-02 2.865817048797512090e-01 3.386726714815055730e-03 2.311115204554675673e-02 6.121994873209125609e-01 3.801847720812144560e-02 5.437840873936590491e-02 2.803284058746215168e-02 9.460000000000000000e+02 -1.748999999999999844e+01
1.260109490765085397e-02 0.000000000000000000e+00 0.000000000000000000e+00 0.000000000000000000e+00 6.816576538250639083e-02 0.000000000000000000e+00 0.000000000000000000e+00 4.164879643347935700e-01 0.000000000000000000e+00 0.000000000000000000e+00 0.000000000000000000e+00 0.000000000000000000e+00 9.080415465882343273e-01 2.025266163371390038e-01 3.326911698408527851e-01 1.000000000000000000e+00 1.000000000000000000e+00 0.000000000000000000e+00 3.479607239208122316e-01 9.334942584918395903e-02 1.000000000000000000e+00 2.768477217842210507e-03 0.000000000000000000e+00 0.000000000000000000e+00 2.188537143558670758e-04 0.000000000000000000e+00 0.000000000000000000e+00 0.000000000000000000e+00 2.400819146857729180e-01 0.000000000000000000e+00 6.670530655980264935e-04 0.000000000000000000e+00 5.900000000000000000e+02 -1.042333333333333378e+01
1.253204331964557217e-01 0.000000000000000000e+00 5.710728505650447540e-02 0.000000000000000000e+00 1.391154562874179768e-01 0.000000000000000000e+00 7.863744998712819678e-02 3.505429637546069732e-01 1.072393948680202928e-02 1.146367489050101156e-02 2.799983135854875252e-02 0.000000000000000000e+00 5.414476772340357513e-01 1.063314674176073782e-01 4.021018596564974179e-01 8.350750752601866500e-01 5.229637746258167796e-01 8.853629000193295739e-02 9.403424807330431623e-01 7.562426469067767831e-01 9.972784834628025674e-01 1.322960749655297235e-03 0.000000000000000000e+00 0.000000000000000000e+00 0.000000000000000000e+00 1.653565751243417925e-01 1.345669549415607624e-01 0.000000000000000000e+00 5.836840034446774128e-01 6.429536566634888595e-02 3.638283234578688630e-01 0.000000000000000000e+00 5.180000000000000000e+02 -9.103333333333333499e+00
2.921121368451258804e-01 0.000000000000000000e+00 7.032308474725176839e-02 0.000000000000000000e+00 1.320549386495179778e-01 0.000000000000000000e+00 0.000000000000000000e+00 1.594584607462380399e-01 0.000000000000000000e+00 0.000000000000000000e+00 3.214786420391272936e-01 0.000000000000000000e+00 1.000000000000000000e+00 5.043111864647501497e-01 9.462366016877347130e-01 1.000000000000000000e+00 9.009662506075439836e-01 7.107584724365902454e-03 9.632467368811612474e-01 7.035363937331150508e-01 4.928267330061485985e-01 0.000000000000000000e+00 0.000000000000000000e+00 4.016474387878716905e-03 1.209753388400434471e-03 2.544977931321555920e-01 9.112780321175172060e-02 0.000000000000000000e+00 7.958057310458199751e-01 2.364368145865047566e-01 1.000000000000000000e+00 2.494281744573426454e-02 9.580000000000000000e+02 -1.723666666666666814e+01
0.000000000000000000e+00 9.650336097159466220e-02 4.698821353477838220e-02 0.000000000000000000e+00 4.549040029535683094e-01 2.595769416814141389e-02 4.192434220079931909e-04 9.985684344145389080e-01 3.701733752810928979e-02 0.000000000000000000e+00 0.000000000000000000e+00 0.000000000000000000e+00 1.000000000000000000e+00 6.997746783713229002e-01 4.787747991689037530e-01 1.023168382954899869e-01 8.045403663244999892e-01 0.000000000000000000e+00 9.890314218783241573e-01 1.000000000000000000e+00 9.961578209078244539e-01 4.414797432024009267e-04 0.000000000000000000e+00 0.000000000000000000e+00 0.000000000000000000e+00 0.000000000000000000e+00 0.000000000000000000e+00 0.000000000000000000e+00 3.386426664770222916e-01 0.000000000000000000e+00 7.632295649070964805e-01 0.000000000000000000e+00 8.820000000000000000e+02 -1.335666666666666380e+01
1.785843074568013999e-01 3.454911546594065241e-02 7.081318224497075153e-01 2.527148453804658329e-02 5.016757668088209776e-01 1.678761925442132834e-03 1.228090899671325925e-01 8.650470864577406438e-01 8.119926049211379296e-03 5.384330867797453707e-02 4.921462023950966547e-01 4.664024708322245250e-01 9.656564878697796450e-01 1.710655555452492496e-02 9.633319359031387030e-01 9.999566300204308922e-01 9.215204550089594049e-01 4.559516543108659836e-01 4.613540143869463428e-01 9.867293556411037558e-01 9.411346161851904535e-01 3.245226847959289951e-02 3.893034896605128692e-01 5.427760991160827247e-02 3.387825173841753357e-02 6.578480547651150978e-01 1.401421323050455192e-01 3.603559478063894095e-01 6.574426321409155838e-01 9.094760279300465045e-03 1.901113760229636296e-02 7.114040505455836161e-02 1.120000000000000000e+03 -1.826999999999999957e+01
3.273410377298636370e-09 0.000000000000000000e+00 4.669117502546951126e-01 0.000000000000000000e+00 0.000000000000000000e+00 0.000000000000000000e+00 0.000000000000000000e+00 9.764777151399802735e-01 5.423851709706474511e-02 0.000000000000000000e+00 4.964780227976126059e-01 0.000000000000000000e+00 5.930833996130717711e-01 6.905857537073416610e-03 5.199998086102952666e-01 1.000000000000000000e+00 1.000000000000000000e+00 4.067416579765503054e-02 1.000000000000000000e+00 1.000000000000000000e+00 1.000000000000000000e+00 0.000000000000000000e+00 0.000000000000000000e+00 0.000000000000000000e+00 0.000000000000000000e+00 1.752258389541411776e-01 2.217027870797270150e-01 0.000000000000000000e+00 2.485881554073671174e-01 0.000000000000000000e+00 7.245623746553043754e-01 0.000000000000000000e+00 9.600000000000000000e+02 -1.489333333333333265e+01
3.534815874623741666e-02 2.148581704701860995e-01 3.139048205718833473e-01 1.024136790833756472e-01 3.353962561765744255e-02 9.890827868996766858e-02 3.246151757564270102e-01 5.208754757102568300e-01 1.520389434375050627e-02 1.137687155006077838e-02 3.124888929226552967e-02 2.606475475416751286e-01 9.000681433532674303e-02 3.006215935496568403e-01 2.871250729241890953e-01 6.736766901933828322e-01 2.570693455654035064e-01 3.244344536106618104e-01 6.597146428678269947e-01 8.614616789566900135e-01 8.569188275446137926e-01 1.734445404236818538e-03 1.503350549785722459e-03 8.860062763232852412e-02 2.025677077395409975e-01 2.864025963482247916e-01 6.094152619014670718e-04 9.165540940064845210e-02 5.693806068681837029e-01 0.000000000000000000e+00 5.316622838886876368e-01 1.051509814373069174e-01 3.980000000000000000e+02 -8.236666666666666359e+00
0.000000000000000000e+00 0.000000000000000000e+00 5.026608615261481949e-01 8.503360548751549841e-02 2.242649413268971159e-02 3.956822637707731877e-02 1.775207871149591665e-01 2.316702447951469734e-01 0.000000000000000000e+00 0.000000000000000000e+00 5.716054553524853032e-01 7.733456832952870404e-05 9.522823639482942415e-01 0.000000000000000000e+00 9.523064383653091769e-02 1.000000000000000000e+00 1.000000000000000000e+00 6.419623054776222304e-01 1.000000000000000000e+00 9.989886620294697872e-01 9.963264583195633461e-01 4.485327961405403269e-02 0.000000000000000000e+00 1.724223178427646561e-03 2.483731085070796027e-02 9.913772080381478835e-01 1.290790221725529076e-02 1.031842992341813758e-01 9.954999236840635923e-01 0.000000000000000000e+00 5.467021642153103711e-01 0.000000000000000000e+00 1.164000000000000000e+03 -1.942999999999999972e+01
0.000000000000000000e+00 3.651060907323234184e-01 3.573588104546685518e-01 0.000000000000000000e+00 6.406423109449972675e-02 2.880393593012171849e-02 3.702476898656634902e-02 2.859608160058139115e-01 2.553058365220338215e-04 6.245286646639949257e-01 0.000000000000000000e+00 0.000000000000000000e+00 4.055318825078030320e-01 1.714701097141715647e-01 5.602364856329058451e-01 9.153292848347112098e-01 9.733588719111448961e-01 3.197042610571519394e-01 8.355136094475026365e-01 2.083091101407577028e-01 1.013237876330980834e-07 0.000000000000000000e+00 0.000000000000000000e+00 0.000000000000000000e+00 1.284966579650757834e-02 2.780712289524826519e-01 0.000000000000000000e+00 1.376283612590106231e-01 6.577569349281199296e-01 6.960433144801069652e-09 4.778301261007667500e-01 5.863851449968059404e-01 5.320000000000000000e+02 -7.676666666666666750e+00
0.000000000000000000e+00 0.000000000000000000e+00 0.000000000000000000e+00 0.000000000000000000e+00 3.018517863639645638e-02 1.378784849239560358e-02 4.951419448280629243e-02 1.267795495476872480e-01 1.404421106714945633e-01 1.189384037190126600e-02 0.000000000000000000e+00 0.000000000000000000e+00 4.129418495706144165e-01 0.000000000000000000e+00 8.101156922272233496e-01 7.408124266333100394e-01 1.000000000000000000e+00 0.000000000000000000e+00 4.586335630542572317e-01 9.339258977692652675e-01 5.223512958819529484e-01 0.000000000000000000e+00 3.971863925728194578e-02 2.670236953565220672e-02 0.000000000000000000e+00 7.557301370932813234e-02 5.720123623278526859e-01 5.990051237637518747e-03 4.035415108613218949e-01 4.457115523621663707e-04 6.957575007221309393e-01 0.000000000000000000e+00 5.400000000000000000e+02 -1.026666666666666750e+01
0.000000000000000000e+00 0.000000000000000000e+00 5.163901710055931460e-01 4.287222795495596733e-03 0.000000000000000000e+00 4.182098721906309449e-03 6.551642101614097990e-01 2.678094868748322199e-02 0.000000000000000000e+00 0.000000000000000000e+00 4.990128328548444625e-02 1.575947598615944911e-01 5.509128988222020684e-01 7.359889641829348017e-01 6.471756650882150019e-01 6.432656675797612245e-01 2.796869112192286455e-02 0.000000000000000000e+00 9.964441382325543994e-01 8.632978271985134455e-01 1.000000000000000000e+00 0.000000000000000000e+00 3.558407090116907836e-03 3.866754923626317120e-02 0.000000000000000000e+00 9.764900615552855045e-01 6.968796707994782957e-02 4.532387693037236986e-01 9.964330766681376295e-01 2.384219562949868934e-02 5.152273439288681534e-01 2.908626748353194177e-03 9.040000000000000000e+02 -1.274000000000000021e+01
1.000000000000000000e+00 4.297255205120155061e-03 4.237768478210498726e-05 3.481708643981027973e-01 9.614168269471279338e-01 5.886762082100113203e-01 5.956922616976786378e-01 0.000000000000000000e+00 5.130692647699107080e-07 0.000000000000000000e+00 0.000000000000000000e+00 5.001738620728721229e-05 3.567765314692110076e-05 0.000000000000000000e+00 0.000000000000000000e+00 0.000000000000000000e+00 2.180234944217522742e-05 0.000000000000000000e+00 1.000000000000000000e+00 1.527158461312582427e-01 1.000000000000000000e+00 6.457926473305239412e-05 7.678427060536363591e-02 0.000000000000000000e+00 0.000000000000000000e+00 1.170720306402503186e-01 0.000000000000000000e+00 0.000000000000000000e+00 9.490751207649656962e-01 0.000000000000000000e+00 9.626129062354268212e-03 0.000000000000000000e+00 7.620000000000000000e+02 -5.726666666666666572e+00
4.926733819066062003e-01 8.576875092792603543e-04 8.942233642068320165e-01 2.197955117495554707e-04 0.000000000000000000e+00 1.753436283879125299e-02 2.451864757798273808e-05 9.453419742391334646e-01 9.803243681129583109e-01 3.351621487265484811e-01 1.787405899901993167e-01 6.638061045568274809e-02 3.766524886522769382e-05 0.000000000000000000e+00 9.996526470798982045e-01 8.677664462698488901e-01 7.705080491368170303e-01 6.325925565896474145e-01 9.999455427335590674e-01 8.958080340335871083e-01 2.484970451929262858e-01 3.904966101829854068e-04 1.252239711889757412e-01 2.613870549933913767e-01 7.070904900136633614e-05 9.999481954194536781e-01 8.559600747353159900e-01 7.599635950433973886e-01 3.964954527635615456e-02 8.157556030333079633e-03 8.989370990276017714e-01 9.928420397313685308e-01 1.566000000000000000e+03 -1.751000000000000156e+01
1.728564958733840723e-02 2.818498834382276823e-03 7.930283392542201992e-02 3.012671732172955141e-01 3.354372007622892764e-03 0.000000000000000000e+00 3.724968652142969516e-02 6.517216833539042353e-01 6.668450796529047653e-02 1.879582246607585890e-04 1.270684735702379232e-03 1.122140853636647249e-02 1.782192604873516217e-01 9.170185621623572203e-02 2.394847925425006852e-01 9.849696545791518654e-01 8.831674785412592099e-01 2.439152579601343903e-03 5.005677796715990446e-01 3.747887970497926768e-01 1.840651169362761408e-01 1.765164003294263095e-02 1.190092505289753605e-01 4.615794485782039741e-02 3.518128854083193632e-03 4.228821802966016286e-01 7.008898477575059571e-01 2.166852856511317441e-02 8.533602446880891867e-02 1.437728637243628621e-03 6.470026109536191061e-01 6.558790368222958134e-02 4.440000000000000000e+02 -7.306666666666667531e+00
2.077315319904301516e-01 0.000000000000000000e+00 1.727109379137006448e-02 0.000000000000000000e+00 6.619597514357297707e-02 0.000000000000000000e+00 6.960449731328520436e-09 5.734365783847040765e-01 0.000000000000000000e+00 5.983740515643251601e-03 0.000000000000000000e+00 0.000000000000000000e+00 1.000000000000000000e+00 9.457894419186400892e-02 1.000000000000000000e+00 1.000000000000000000e+00 7.227911684066796738e-01 1.219475456929694224e-01 1.000000000000000000e+00 9.998001491813569563e-01 9.317254311211914386e-01 6.464738747381509887e-02 2.131951047753523065e-01 1.647116784662196187e-02 1.493651582700265823e-01 0.000000000000000000e+00 3.427905608078680721e-01 0.000000000000000000e+00 9.149887315220250894e-01 0.000000000000000000e+00 5.289263334571043390e-02 3.591962871942594449e-02 1.050000000000000000e+03 -2.087333333333333485e+01
0.000000000000000000e+00 7.974787744846658852e-03 0.000000000000000000e+00 1.264734302134202792e-01 9.113053848186508307e-03 1.955589970416999612e-01 3.429299903907838676e-01 1.895388541987103603e-01 0.000000000000000000e+00 0.000000000000000000e+00 1.044518923991597566e-03 3.284975282212428647e-03 9.439295193150604169e-02 0.000000000000000000e+00 4.904686524635529232e-01 4.624502487763011427e-01 7.422045363188407574e-01 1.696351010350945004e-04 4.344639512894979405e-02 8.088406615250776088e-01 4.622420460461201253e-01 1.999885760310815320e-07 1.137340526240921378e-02 6.231417941632655041e-03 9.037950280176266463e-05 0.000000000000000000e+00 0.000000000000000000e+00 0.000000000000000000e+00 1.682194437613929172e-01 0.000000000000000000e+00 6.278032763738580213e-01 7.123434289271283679e-03 2.720000000000000000e+02 -5.383333333333332860e+00
0.000000000000000000e+00 0.000000000000000000e+00 4.398365828676507050e-01 0.000000000000000000e+00 0.000000000000000000e+00 0.000000000000000000e+00 0.000000000000000000e+00 7.300271672743322525e-04 0.000000000000000000e+00 0.000000000000000000e+00 0.000000000000000000e+00 0.000000000000000000e+00 7.916985660580904138e-01 6.451635114053593245e-01 2.051475812217159744e-01 9.964779075218548332e-01 8.665529209852164128e-01 5.385431209696767314e-03 1.000000000000000000e+00 8.732068332660058996e-01 1.000000000000000000e+00 0.000000000000000000e+00 0.000000000000000000e+00 5.888784410017725568e-01 8.387293847645661826e-02 9.922181463403316748e-01 2.233969476011089250e-01 3.442176207756088291e-02 1.393576603116744583e-01 5.215677946407049070e-01 9.878851490217900322e-01 1.608123858943483545e-02 1.100000000000000000e+03 -1.746999999999999886e+01
0.000000000000000000e+00 0.000000000000000000e+00 0.000000000000000000e+00 0.000000000000000000e+00 0.000000000000000000e+00 0.000000000000000000e+00 0.000000000000000000e+00 3.252988430785676011e-01 1.790429742288782711e-01 0.000000000000000000e+00 0.000000000000000000e+00 2.834163146422547267e-04 7.592484303978638271e-01 3.192295107990283376e-01 9.777473455606946473e-01 6.760094572509175448e-01 1.000000000000000000e+00 0.000000000000000000e+00 1.000000000000000000e+00 4.491431202606529505e-01 1.000000000000000000e+00 0.000000000000000000e+00 0.000000000000000000e+00 1.058156424905863785e-01 0.000000000000000000e+00 0.000000000000000000e+00 8.853282698220228397e-01 3.540462812945561615e-05 6.467377181426885446e-01 1.046141434327048890e-02 6.305977776113083078e-01 4.924555464903291810e-03 8.740000000000000000e+02 -1.526333333333333364e+01
1.452080846361020238e-04 0.000000000000000000e+00 0.000000000000000000e+00 0.000000000000000000e+00 0.000000000000000000e+00 3.228836102690561122e-02 0.000000000000000000e+00 1.123280420553538217e-01 0.000000000000000000e+00 1.219077219762198204e-02 1.085761667132818381e-06 2.095380189378177604e-01 9.995663604765230303e-01 8.209625388513128175e-02 9.962775438387866389e-01 6.576872478209770945e-01 9.978060942510486031e-01 2.919933726285460091e-10 2.458708721267101154e-03 8.364839698682292601e-01 6.824968675293436871e-01 0.000000000000000000e+00 0.000000000000000000e+00 0.000000000000000000e+00 4.542507929258487315e-02 0.000000000000000000e+00 7.077570662006296698e-02 0.000000000000000000e+00 7.857896529832094634e-01 4.158511241386870280e-04 6.788560786898714117e-01 2.349895838909794588e-01 6.600000000000000000e+02 -1.353000000000000114e+01
0.000000000000000000e+00 7.246050106788799738e-02 1.218837810001331817e-01 0.000000000000000000e+00 3.599214534839743906e-02 0.000000000000000000e+00 0.000000000000000000e+00 2.073003600618852083e-01 3.190070383253606340e-02 1.896527535098435895e-03 0.000000000000000000e+00 4.072024704813111823e-02 9.199357329778599102e-01 1.930427473158217002e-03 9.678162804003349606e-01 9.997221566341480958e-01 1.000000000000000000e+00 9.390972469441895287e-02 8.349233879330325570e-01 9.999999595964345067e-01 1.000000000000000000e+00 0.000000000000000000e+00 0.000000000000000000e+00 7.141903158330875634e-02 5.894251824872829282e-01 9.942520360614368058e-02 3.596353005993854768e-02 0.000000000000000000e+00 9.560532878900241949e-01 0.000000000000000000e+00 9.062434249766360139e-01 1.111216067354567122e-04 1.166000000000000000e+03 -2.066999999999999815e+01
0.000000000000000000e+00 4.164843473625439753e-03 2.907787687318547643e-01 1.723078207732000721e-04 4.515830695299575398e-02 5.906033557776885212e-02 9.327095755698242563e-01 4.742238561736115965e-02 3.281754291165113746e-01 0.000000000000000000e+00 1.231062931714599629e-01 8.901810916807929852e-02 2.132904514846167554e-01 5.079346105820840007e-01 9.590912848407244784e-01 9.473805251113428527e-01 8.986311083452789283e-01 2.118689516814120308e-02 5.127689954536276268e-02 7.539240276380887451e-01 9.436721141695495474e-01 6.021949646161288401e-06 4.864204263347119556e-02 1.419261875488502141e-02 9.144100517962685387e-03 5.265052410750333152e-03 1.330972448907335900e-05 6.117916796210295383e-01 8.889450563746624789e-01 1.079031389783555845e-04 9.953290588845276066e-01 4.032212766923981562e-01 1.072000000000000000e+03 -1.413666666666666849e+01
0.000000000000000000e+00 0.000000000000000000e+00 1.929561096595408878e-02 1.022259700585676021e-08 0.000000000000000000e+00 0.000000000000000000e+00 4.641571348312388545e-02 6.449002621811896763e-01 5.940652066628786254e-02 0.000000000000000000e+00 0.000000000000000000e+00 5.829858969135614383e-02 3.444268677153281000e-01 2.820975775957557663e-01 8.148238711249708999e-01 9.946970321166964668e-01 9.661597940620609837e-01 0.000000000000000000e+00 0.000000000000000000e+00 8.453441129207628357e-01 5.847613206368945660e-01 8.468936137685294241e-02 0.000000000000000000e+00 0.000000000000000000e+00 8.592646931570674385e-02 2.261316207052150862e-01 2.583632859600891452e-02 0.000000000000000000e+00 9.613575113872404598e-01 0.000000000000000000e+00 5.757845091098120482e-01 0.000000000000000000e+00 6.660000000000000000e+02 -1.091666666666666607e+01
0.000000000000000000e+00 0.000000000000000000e+00 5.561585034989767473e-02 3.095167679225573586e-03 0.000000000000000000e+00 2.952513792668524095e-01 4.549615023484214760e-01 5.661586909783755672e-01 1.747238413609665808e-01 5.891545621397460165e-03 2.853745969426842513e-02 0.000000000000000000e+00 1.000000000000000000e+00 0.000000000000000000e+00 1.000000000000000000e+00 1.000000000000000000e+00 9.950403903452968990e-01 0.000000000000000000e+00 9.999999962292765998e-01 9.222249154717970798e-01 1.000000000000000000e+00 1.411406647810326820e-01 0.000000000000000000e+00 1.657477292195042029e-01 1.874469342811885819e-01 1.999422129654354358e-03 5.458094662834543035e-04 1.083544877850137592e-05 4.804279528718659598e-01 4.728351923251952749e-01 4.560713047167990752e-01 4.668396011721275274e-01 1.042000000000000000e+03 -1.900666666666666416e+01
0.000000000000000000e+00 0.000000000000000000e+00 0.000000000000000000e+00 0.000000000000000000e+00 3.175482245224668496e-06 0.000000000000000000e+00 0.000000000000000000e+00 1.472670972400664247e-01 6.598248758607559283e-04 1.964692479659818081e-01 4.139607818533575997e-03 0.000000000000000000e+00 4.969406928015435154e-01 0.000000000000000000e+00 9.035129363384617474e-01 3.688458567978619170e-06 1.000000000000000000e+00 2.006895331980353830e-02 1.208146354835092163e-08 8.021610955185057845e-01 6.694976057651590151e-03 6.146558059368507909e-02 4.442907613609062278e-03 0.000000000000000000e+00 0.000000000000000000e+00 4.229445230800320982e-10 5.153016177214996274e-01 5.388288140272709005e-03 4.896011276748660213e-01 0.000000000000000000e+00 5.080025141205343209e-01 9.554976808422505768e-03 4.380000000000000000e+02 -6.300000000000000711e+00
3.697000429730396692e-02 1.956493425267775629e-02 1.174013625810241095e-02 3.829423941241090479e-02 6.638434435494717789e-01 1.653134036863114671e-03 5.332170572292688204e-01 7.622644480362147229e-03 5.434708017561215619e-04 3.251729215089610991e-01 9.207923430603028730e-03 1.182258503392003479e-03 3.211704927274964816e-01 2.241345202238038403e-01 6.396032472136530256e-01 2.377553368599915132e-02 8.067721668644586286e-01 9.872544658102360149e-01 3.436792690523223781e-01 6.107120833344416994e-02 2.382151790740217878e-01 2.920511176242211564e-03 2.105515301611851545e-11 3.585489064585111428e-03 6.932264109244047623e-02 4.649260910437764127e-01 2.786596074553262525e-01 4.734962307657247238e-01 9.906278481789657642e-01 9.775824547530901493e-03 7.794955894995539980e-01 2.290544444194219098e-01 5.680000000000000000e+02 -5.809999999999999609e+00
3.938851800866555630e-04 0.000000000000000000e+00 8.972394786297354097e-01 0.000000000000000000e+00 5.260697932977917990e-01 5.562902794608224862e-05 9.214067047129122917e-03 1.000000000000000000e+00 0.000000000000000000e+00 0.000000000000000000e+00 7.531620560592833247e-01 5.439933473566342659e-02 9.897022405536963774e-01 7.635009305998387286e-02 1.000000000000000000e+00 9.999968840117814395e-01 8.844729467686786029e-01 1.584292558944289941e-01 8.949211520555926391e-01 1.000000000000000000e+00 1.000000000000000000e+00 0.000000000000000000e+00 2.834123666317763801e-01 8.448605286372094585e-06 9.996150406314014969e-01 9.068010150938135561e-02 1.995653227558513709e-01 2.515704435140946882e-01 1.000000000000000000e+00 0.000000000000000000e+00 4.120754995449009694e-01 0.000000000000000000e+00 1.540000000000000000e+03 -2.221999999999999886e+01
0.000000000000000000e+00 0.000000000000000000e+00 1.886126583517251654e-02 0.000000000000000000e+00 3.641220673122203544e-01 8.324680966478921473e-02 3.962488161293166444e-03 6.027688726004198916e-01 0.000000000000000000e+00 0.000000000000000000e+00 2.633649291891300148e-01 0.000000000000000000e+00 1.000000000000000000e+00 2.277419298964257210e-01 9.412396202424230252e-01 1.000000000000000000e+00 1.000000000000000000e+00 0.000000000000000000e+00 9.846323435628653309e-01 9.885106470800645306e-01 1.000000000000000000e+00 0.000000000000000000e+00 0.000000000000000000e+00 0.000000000000000000e+00 1.895542580622151460e-02 3.801223474996718096e-05 0.000000000000000000e+00 0.000000000000000000e+00 5.271735201979712571e-01 2.410081370346721374e-01 0.000000000000000000e+00 0.000000000000000000e+00 1.002000000000000000e+03 -2.037333333333333485e+01
0.000000000000000000e+00 3.945929393188640837e-05 0.000000000000000000e+00 0.000000000000000000e+00 0.000000000000000000e+00 4.318229798789292861e-02 3.811942824290767001e-02 0.000000000000000000e+00 3.053225146832838285e-02 0.000000000000000000e+00 9.926562179022899168e-02 0.000000000000000000e+00 2.935809526815860715e-01 2.481681430026115576e-02 9.775590535719391738e-02 1.448966965633805004e-01 3.758026795528223718e-01 8.374113794664903021e-02 2.294015279207073654e-01 3.192490905141154300e-02 1.376988872841394540e-01 0.000000000000000000e+00 0.000000000000000000e+00 0.000000000000000000e+00 0.000000000000000000e+00 3.192182747972750756e-02 0.000000000000000000e+00 0.000000000000000000e+00 8.899453842766547398e-03 0.000000000000000000e+00 0.000000000000000000e+00 0.000000000000000000e+00 8.000000000000000000e+01 -3.873333333333333073e+00
0.000000000000000000e+00 0.000000000000000000e+00 0.000000000000000000e+00 9.262701330226769791e-07 1.178307911817618597e-02 0.000000000000000000e+00 1.017912072591909828e-01 2.549569125419444693e-01 0.000000000000000000e+00 2.041770938488842585e-02 4.207178179133968382e-02 0.000000000000000000e+00 1.000000000000000000e+00 3.146227955122631315e-01 7.525725036696293557e-01 1.000000000000000000e+00 9.949631175341766554e-01 0.000000000000000000e+00 9.488178879387302311e-01 1.000000000000000000e+00 9.989377016264762155e-01 0.000000000000000000e+00 0.000000000000000000e+00 0.000000000000000000e+00 0.000000000000000000e+00 0.000000000000000000e+00 1.342621935690475332e-01 0.000000000000000000e+00 9.603428460672065736e-02 1.573939841618203217e-01 0.000000000000000000e+00 2.909332921696439926e-08 8.920000000000000000e+02 -1.791999999999999815e+01
0.000000000000000000e+00 0.000000000000000000e+00 0.000000000000000000e+00 1.297786581652990434e-01 0.000000000000000000e+00 6.026630844260795838e-08 0.000000000000000000e+00 0.000000000000000000e+00 0.000000000000000000e+00 0.000000000000000000e+00 5.811210058167736586e-02 0.000000000000000000e+00 7.954138960430366945e-01 1.076614217153206848e-01 1.000000000000000000e+00 8.465083551918366478e-01 1.000000000000000000e+00 0.000000000000000000e+00 8.207064380671215131e-01 5.287997258496065500e-01 1.000000000000000000e+00 0.000000000000000000e+00 0.000000000000000000e+00 0.000000000000000000e+00 0.000000000000000000e+00 0.000000000000000000e+00 4.073363246831584461e-01 4.208308914729885601e-03 0.000000000000000000e+00 3.803648864730551082e-01 8.199201014918200067e-03 3.032431695753062262e-01 6.600000000000000000e+02 -1.430666666666666487e+01
2.744151688487895813e-01 0.000000000000000000e+00 1.597911161293546767e-01 0.000000000000000000e+00 8.203849445317388037e-03 7.374837079371195786e-03 6.979563106884513219e-04 0.000000000000000000e+00 7.894377118726922382e-02 3.328285896572867608e-02 1.415043850749496679e-01 8.495912084645942594e-03 9.999804921152585235e-01 1.248369378856471895e-01 7.382380349222670279e-01 7.389368114135391741e-01 7.493385279568530732e-01 1.765814354759892013e-01 9.688134386630831152e-01 2.117450019128373218e-01 9.631945815797923194e-01 7.322498388210450793e-02 0.000000000000000000e+00 5.376650754085432471e-02 1.892148905371937584e-01 2.414986442485241303e-01 5.595020147036849911e-01 7.240121365912337726e-04 5.316102493307652173e-03 1.571094327194418050e-01 3.810049141405597549e-03 1.015274176996922156e-01 6.560000000000000000e+02 -1.479666666666666686e+01
0.000000000000000000e+00 0.000000000000000000e+00 7.746897444917166808e-02 1.458312044042860481e-02 2.910014500866044216e-03 2.745238152029490578e-02 1.235299413528953907e-02 2.206709389111346509e-01 0.000000000000000000e+00 4.246807831172086378e-02 1.279209344279159388e-01 3.490955708364572260e-06 8.848120055205932477e-01 3.965376924514128071e-02 4.487568015852209102e-01 1.225128184747232979e-01 3.690842031313967819e-01 5.149850553338991554e-02 6.416909648377479014e-01 1.855153383518347299e-01 8.447750946920478121e-01 7.094077061350685665e-02 1.733875912726714260e-03 0.000000000000000000e+00 1.209211313156234764e-02 1.859983189315579932e-01 4.820758743305698923e-02 0.000000000000000000e+00 1.256139974389526015e-01 4.015615693425181876e-01 1.387208460731912708e-03 2.710591817989608382e-02 3.140000000000000000e+02 -6.063333333333332575e+00
8.908289317582007358e-03 3.433288587466931706e-04 1.404763645061394839e-01 5.036109485030430192e-05 0.000000000000000000e+00 5.338991552746216165e-04 4.000356042731090245e-01 7.481546024308167731e-01 0.000000000000000000e+00 0.000000000000000000e+00 3.993011356514446220e-02 2.781688330288004107e-02 7.973714248663026360e-01 9.156410775159483373e-02 8.795551501821257112e-01 9.895952133946422924e-01 4.410375526613248276e-01 2.757245571472739798e-02 9.999712159167667425e-01 1.000000000000000000e+00 9.800177023927461040e-01 4.942286548380926403e-01 0.000000000000000000e+00 1.404532556062411917e-02 0.000000000000000000e+00 0.000000000000000000e+00 2.406131270385390708e-01 0.000000000000000000e+00 0.000000000000000000e+00 3.673503908616880249e-04 3.910785809547155656e-02 0.000000000000000000e+00 8.540000000000000000e+02 -1.912999999999999901e+01
5.666012326770993729e-03 4.372776332412117673e-04 0.000000000000000000e+00 0.000000000000000000e+00 1.220457214578562870e-02 8.774551908456049111e-04 0.000000000000000000e+00 1.462962796632994167e-01 2.157931364868338170e-05 1.355318817349994431e-01 6.247798403995643568e-01 0.000000000000000000e+00 3.681143566527315669e-01 3.507692087240005339e-03 6.790152251937986438e-01 1.533396639921596472e-01 7.956579183423866386e-01 5.186570742220283914e-02 8.992578774655541896e-01 2.930969011882271769e-01 6.963558401037727164e-01 3.363008774784931876e-01 0.000000000000000000e+00 1.090335464708613866e-02 1.299030375043563022e-02 1.336745501620944798e-01 1.080038984381775091e-01 1.077100302193324637e-02 6.268608974057254292e-03 4.376795794456091789e-04 5.456209205612546227e-05 0.000000000000000000e+00 3.640000000000000000e+02 -7.080000000000000959e+00
0.000000000000000000e+00 0.000000000000000000e+00 5.257805286920816945e-01 6.133749800843787264e-02 0.000000000000000000e+00 5.830412909026663204e-01 1.186819185436968765e-01 1.000000000000000000e+00 0.000000000000000000e+00 0.000000000000000000e+00 9.251454294177445803e-01 0.000000000000000000e+00 1.000000000000000000e+00 0.000000000000000000e+00 9.372633837209326524e-01 1.399250893430290243e-01 9.728828464124172903e-01 5.728656358380139757e-01 1.000000000000000000e+00 7.478781089966595186e-01 9.793195594520572866e-01 9.527855171919985544e-01 0.000000000000000000e+00 0.000000000000000000e+00 3.309998420676595055e-02 5.075174087039024468e-10 8.068445845880337641e-01 1.904641818229973679e-02 1.630586410517335660e-01 0.000000000000000000e+00 0.000000000000000000e+00 0.000000000000000000e+00 1.272000000000000000e+03 -1.961333333333333329e+01
1.844017526320790024e-01 0.000000000000000000e+00 0.000000000000000000e+00 3.972878490442598859e-02 0.000000000000000000e+00 0.000000000000000000e+00 3.341619540622687845e-01 2.039484108030084342e-01 0.000000000000000000e+00 1.874961163144421659e-03 9.777159992286960088e-01 0.000000000000000000e+00 9.255090721613884464e-01 1.611620017874957136e-02 9.994995714056527092e-01 1.208710502706846074e-01 1.000000000000000000e+00 2.352536299041272094e-01 1.000000000000000000e+00 6.638861847499613056e-01 1.777824440436505948e-01 9.795678536126739555e-02 0.000000000000000000e+00 4.090576735960123784e-08 0.000000000000000000e+00 0.000000000000000000e+00 2.888912666669828100e-02 6.390551623352658250e-02 9.741527999792602699e-03 3.249996622504530345e-07 0.000000000000000000e+00 0.000000000000000000e+00 7.380000000000000000e+02 -9.713333333333332931e+00
3.581449417429173609e-02 6.118558961160541071e-02 3.691110248790919340e-03 0.000000000000000000e+00 3.510232859796957872e-01 7.406487338614909993e-04 7.415486650356282496e-03 7.354401094252989088e-03 2.710528443934331344e-01 4.303284883352907417e-03 6.263659764220654846e-01 2.024011802037596064e-01 8.536653708552505160e-01 0.000000000000000000e+00 8.625079502787926788e-01 2.476424286342691558e-02 3.073504994981145488e-01 1.274856547393824202e-01 9.821769053414662887e-01 8.735340625082208543e-01 3.601057054456999751e-01 4.455509976160362817e-01 0.000000000000000000e+00 3.728269098308697460e-01 5.520189645582403853e-02 1.865966518390021339e-02 7.543670471712050907e-02 0.000000000000000000e+00 9.479365614746894098e-01 1.375756438593619957e-01 1.161437924400834931e-01 1.040517915315227193e-01 7.020000000000000000e+02 -1.168999999999999950e+01
9.783032237434007294e-01 1.465678522416111185e-01 3.903055694579160573e-02 9.744756532190652909e-02 4.156044448250068718e-02 5.862432701659880951e-01 1.083368755453548289e-05 2.999567654503495679e-06 0.000000000000000000e+00 4.634314874724385636e-01 5.041070320567437868e-01 7.524856666603808157e-06 9.176990874022643574e-01 2.359749275303328897e-01 4.283731138639039759e-01 7.816036450781876617e-04 9.999989497896895063e-01 0.000000000000000000e+00 9.899905312599984741e-01 9.977546179780372171e-01 4.627705501516695685e-01 5.707352620228577367e-01 5.665043963295982588e-01 3.207511115214460862e-01 6.090951929259841302e-01 4.175537579422452517e-01 6.391168582372896978e-01 0.000000000000000000e+00 3.674998618005602353e-05 0.000000000000000000e+00 0.000000000000000000e+00 8.188016613213692230e-01 9.380000000000000000e+02 -1.083000000000000007e+01
6.926797192766160835e-03 5.256849891817079456e-03 1.942215724256571574e-01 8.442566550397810898e-01 1.586042172528385197e-01 5.245758420392720306e-03 5.208864996967600414e-01 1.066478330256491192e-01 1.792766555134893969e-01 1.000000000000000000e+00 9.388396968065386705e-01 9.296357080424174635e-01 1.579987000866663743e-02 8.819643205038017741e-02 2.817583344238698828e-01 9.583465000055210181e-01 5.893583693729748108e-03 5.862878428488659671e-03 9.136368292961485893e-02 9.882373312589346481e-01 9.638222676372406594e-01 1.649677139462760872e-02 5.294625185509049120e-02 9.472900870080347424e-03 1.487660938994357987e-02 1.844104434905765796e-02 1.351484978193209230e-01 3.079061729806430447e-01 3.738033844197132805e-01 4.087359141200892082e-02 7.831898914649819687e-01 0.000000000000000000e+00 9.780000000000000000e+02 -1.207333333333333236e+01
1.461422688909284201e-02 0.000000000000000000e+00 0.000000000000000000e+00 0.000000000000000000e+00 2.428476640432333453e-02 6.648629053474963690e-02 0.000000000000000000e+00 8.091036590124028871e-03 0.000000000000000000e+00 0.000000000000000000e+00 2.268158195720971701e-02 0.000000000000000000e+00 9.785283975210643526e-01 0.000000000000000000e+00 7.666898323854995922e-01 5.242702325143387687e-02 1.000000000000000000e+00 0.000000000000000000e+00 1.000000000000000000e+00 7.475930738955871568e-02 9.578378303103260993e-01 2.993029460910977546e-01 0.000000000000000000e+00 0.000000000000000000e+00 0.000000000000000000e+00 0.000000000000000000e+00 1.943090717973901815e-01 1.874818352256719250e-02 0.000000000000000000e+00 5.867045502034842069e-03 0.000000000000000000e+00 0.000000000000000000e+00 6.380000000000000000e+02 -1.038666666666666849e+01
3.310369229410372593e-01 0.000000000000000000e+00 1.072790937460439409e-01 0.000000000000000000e+00 2.135546603947896353e-03 1.241497183752879180e-01 5.657546673490753131e-01 8.191640512706865884e-01 0.000000000000000000e+00 0.000000000000000000e+00 0.000000000000000000e+00 9.790990528524083636e-02 8.172957744976928618e-01 1.106610150805285575e-01 3.839558727382393899e-01 9.325890459178468594e-01 4.351155376083671311e-01 0.000000000000000000e+00 8.341581824724254579e-01 5.693609459346156143e-01 1.000000000000000000e+00 3.037273471300676042e-01 0.000000000000000000e+00 1.005144143014575012e-02 6.871973525984112485e-02 0.000000000000000000e+00 1.514364778527293176e-01 0.000000000000000000e+00 5.658986698950483341e-01 0.000000000000000000e+00 3.880760828863731859e-01 0.000000000000000000e+00 5.840000000000000000e+02 -1.146000000000000085e+01
9.622128154260921606e-01 4.270825492846221094e-02 2.975692242268365706e-01 4.376954337917114373e-06 4.796535258178097836e-15 1.093796347777873240e-01 9.999470516309374446e-01 4.141166692864948762e-01 7.352498294509105371e-05 5.227792997945334558e-02 2.136112622284522533e-01 5.067932101553618285e-01 2.241622385924665548e-02 7.915256983791802980e-01 6.135776516883546527e-01 0.000000000000000000e+00 9.927659251063842920e-06 6.429170836442900383e-02 1.000000000000000000e+00 3.090732457899669772e-01 1.000000000000000000e+00 6.966104874325619312e-01 6.098807014640799523e-02 0.000000000000000000e+00 0.000000000000000000e+00 3.862815201957064959e-02 0.000000000000000000e+00 0.000000000000000000e+00 6.985207321132047564e-02 8.430695853104405724e-02 5.178063327957759671e-02 1.005428801863817168e-01 7.240000000000000000e+02 -7.376666666666667815e+00
1.357321190614398966e-02 0.000000000000000000e+00 1.309296197153864971e-01 6.692906509714124930e-02 0.000000000000000000e+00 1.313819585595320250e-01 2.444633203965704549e-01 4.542043073015291088e-01 1.184259806705248094e-02 0.000000000000000000e+00 3.245528735826111455e-01 0.000000000000000000e+00 2.752185752970621666e-02 1.282290228130661403e-01 1.084743391390479567e-01 1.560590412285532691e-02 3.175949102094556831e-01 0.000000000000000000e+00 5.677578963609158924e-01 6.153909194219842060e-01 8.594038338724291348e-01 2.750252777871742076e-04 0.000000000000000000e+00 6.254666288746954517e-02 1.681471869355356252e-01 4.175463219361587042e-01 1.141977640470813460e-01 0.000000000000000000e+00 6.243749355632551012e-02 1.450719143289020893e-03 7.933649819074667375e-02 4.959395820051321710e-06 2.700000000000000000e+02 -4.513333333333332753e+00
9.229793140148727371e-02 0.000000000000000000e+00 0.000000000000000000e+00 0.000000000000000000e+00 9.542078148842414453e-02 7.628787942666402067e-08 0.000000000000000000e+00 1.291956445428420197e-01 1.214852942965130855e-01 0.000000000000000000e+00 1.000000000000000000e+00 2.949140924010325016e-01 8.890284650800653887e-01 0.000000000000000000e+00 6.783363861668214589e-01 8.261668564873850817e-01 9.315989250831168134e-01 0.000000000000000000e+00 1.000000000000000000e+00 1.000000000000000000e+00 9.999558948171511918e-01 3.214729430971954294e-01 8.458576442472857948e-02 5.844143221630613162e-04 0.000000000000000000e+00 0.000000000000000000e+00 5.962796091450261668e-03 0.000000000000000000e+00 2.568211770457713358e-02 3.043330623206016994e-02 5.117878000258197294e-03 0.000000000000000000e+00 9.240000000000000000e+02 -1.637666666666666870e+01
5.924613984428446223e-01 7.400960828278159154e-01 0.000000000000000000e+00 2.372556225480572933e-01 4.984679616294478838e-02 7.444012752819914765e-03 1.577451357495573275e-02 4.733953125695120057e-01 0.000000000000000000e+00 0.000000000000000000e+00 9.160751140861534969e-01 5.167886823574476679e-02 9.036038764382182675e-01 0.000000000000000000e+00 1.000000000000000000e+00 1.000000000000000000e+00 5.513873045674666518e-01 2.360175409833389828e-03 1.000000000000000000e+00 9.751293306456065846e-01 1.000000000000000000e+00 9.269569434881465009e-01 0.000000000000000000e+00 1.381698804255282985e-02 1.408915988721228104e-03 9.166777614940263552e-01 8.578330247515776330e-01 0.000000000000000000e+00 7.869731668053175921e-01 2.171198295988161983e-02 2.487615282993467514e-01 5.557662560056363110e-02 1.510000000000000000e+03 -2.088666666666666671e+01
0.000000000000000000e+00 0.000000000000000000e+00 9.245944796138564348e-01 7.281072583766620525e-04 1.268459825722771661e-01 4.843384350636367741e-02 3.062864560867945563e-01 5.022376632790891415e-01 7.793185758747060710e-02 5.359589092907011132e-01 4.318987253784595248e-01 7.543927876656165987e-02 1.000000000000000000e+00 2.809173868877676838e-01 7.327332715691657894e-01 6.240936981289093577e-01 5.921258377402161682e-02 4.095392381382033653e-01 1.000000000000000000e+00 9.270145930257486233e-01 8.364763025211333636e-01 9.655123476084332967e-01 0.000000000000000000e+00 0.000000000000000000e+00 2.778564823743892021e-01 3.686093103212556565e-01 1.050064796167747387e-02 1.801345287317825949e-01 1.000000000000000000e+00 0.000000000000000000e+00 5.565705333945388800e-01 0.000000000000000000e+00 1.054000000000000000e+03 -2.069000000000000128e+01
2.795371726558207315e-01 0.000000000000000000e+00 0.000000000000000000e+00 7.088079178386015311e-01 0.000000000000000000e+00 0.000000000000000000e+00 1.353170848036186480e-01 0.000000000000000000e+00 0.000000000000000000e+00 1.423151337256073692e-02 0.000000000000000000e+00 0.000000000000000000e+00 0.000000000000000000e+00 2.021742335486268957e-03 1.000000000000000000e+00 5.977912270050449450e-01 9.474798805382033118e-01 1.566991912128700148e-01 5.469771825116465092e-01 5.715569990097713049e-02 7.676890478289062347e-01 0.000000000000000000e+00 0.000000000000000000e+00 0.000000000000000000e+00 0.000000000000000000e+00 0.000000000000000000e+00 9.919351289185259768e-01 7.351995120504525860e-02 5.007160737037545939e-01 0.000000000000000000e+00 1.431118990422518555e-01 0.000000000000000000e+00 5.980000000000000000e+02 -9.419999999999999929e+00
4.024127620681403061e-01 2.113317879224740614e-06 9.496075885523258542e-02 0.000000000000000000e+00 3.420433165860794458e-04 0.000000000000000000e+00 9.262344096866444998e-01 0.000000000000000000e+00 0.000000000000000000e+00 2.223480666561224173e-01 2.842286416374263935e-01 0.000000000000000000e+00 4.457396388589725533e-01 0.000000000000000000e+00 2.822052910679223037e-01 1.299402156344479919e-01 3.549048851345849021e-01 0.000000000000000000e+00 9.669837990435475872e-01 0.000000000000000000e+00 8.699742325293498002e-01 0.000000000000000000e+00 0.000000000000000000e+00 8.255015451286430955e-06 1.260792394201719607e-03 0.000000000000000000e+00 1.683910603868579107e-03 0.000000000000000000e+00 2.094596319907405524e-01 4.614024790133724463e-01 2.802187855808239703e-01 5.774981987255959893e-05 4.920000000000000000e+02 -5.553333333333333677e+00
7.367592204735381456e-01 2.269217897919104544e-03 2.247991846613394545e-02 5.776241567599416094e-01 2.361369021778805533e-01 5.733538492853548219e-01 5.534461855119927609e-01 8.552676634420496304e-01 2.786173477372340113e-01 2.243565239200705774e-01 8.293213957741480957e-01 1.028764257249913383e-01 2.931405753888070009e-01 2.233378476178094763e-01 4.770362653448667056e-01 1.000000000000000000e+00 7.119845570655737588e-02 2.929146857853642261e-01 0.000000000000000000e+00 9.854215292863232056e-01 0.000000000000000000e+00 5.402564903217118575e-01 1.156181321132067168e-03 6.557219401697387262e-01 2.623175589858060234e-17 2.259490066952410670e-01 8.937551795447921110e-01 4.769894633740059398e-01 1.000000000000000000e+00 2.278961772332245006e-01 2.115131287277502437e-01 7.313646179199503328e-01 9.880000000000000000e+02 -9.560000000000000497e+00
4.626024272884222133e-01 0.000000000000000000e+00 0.000000000000000000e+00 0.000000000000000000e+00 0.000000000000000000e+00 0.000000000000000000e+00 1.000000000000000000e+00 5.380738353629804793e-01 0.000000000000000000e+00 0.000000000000000000e+00 0.000000000000000000e+00 0.000000000000000000e+00 1.000000000000000000e+00 0.000000000000000000e+00 1.162224258889347633e-01 1.000000000000000000e+00 1.000000000000000000e+00 1.635539786404673346e-01 4.606231618966626917e-01 1.387041489466262767e-01 1.000000000000000000e+00 1.000000000000000000e+00 0.000000000000000000e+00 0.000000000000000000e+00 0.000000000000000000e+00 0.000000000000000000e+00 1.000000000000000000e+00 0.000000000000000000e+00 6.216147259832022209e-01 2.035363365945724022e-04 0.000000000000000000e+00 0.000000000000000000e+00 1.020000000000000000e+03 -1.676000000000000156e+01
4.153111694251768737e-01 0.000000000000000000e+00 1.452308768568306707e-01 9.406279598195643743e-02 1.776840987335417121e-01 0.000000000000000000e+00 9.676059387470334339e-02 6.103487167989780637e-01 2.873498259339477556e-01 9.910790570650382034e-03 9.212350632026777841e-01 3.096952946198321989e-03 9.995993577494912685e-01 3.006860558325646915e-01 2.883986434948287436e-01 1.000000000000000000e+00 9.997864059538812409e-01 5.099559661824222268e-01 1.000000000000000000e+00 1.000000000000000000e+00 9.640958888286115247e-01 1.724641382427272440e-01 0.000000000000000000e+00 1.324334807481106864e-03 3.633245113986431352e-01 3.154495821677682924e-04 2.638991709807121944e-01 6.851972969056677187e-02 9.123240708365192297e-01 3.162829872048298491e-02 7.340811452194183351e-02 2.082453444790855965e-02 1.154000000000000000e+03 -1.805666666666666487e+01
0.000000000000000000e+00 2.612935599664866198e-03 4.926555444644579729e-01 2.331407224651670107e-02 0.000000000000000000e+00 6.512415586903483322e-02 9.941448004041214537e-02 2.694794809570384420e-01 0.000000000000000000e+00 2.552275536160005798e-01 1.471263174627273317e-02 0.000000000000000000e+00 5.760335961181842768e-01 6.865625026139865646e-03 3.554516516958558525e-01 7.507463287355277126e-01 6.078106500810463997e-01 4.798985619992010337e-05 9.669470134370150571e-01 9.221779157638282376e-01 9.986308216529129478e-01 0.000000000000000000e+00 0.000000000000000000e+00 8.417551640420813108e-02 0.000000000000000000e+00 9.464678858496970992e-01 5.608972093651417613e-03 0.000000000000000000e+00 4.346318811563693041e-01 1.075879201548344752e-02 2.287057731486175638e-01 0.000000000000000000e+00 7.300000000000000000e+02 -1.344333333333333336e+01
2.396835110927641177e-01 0.000000000000000000e+00 0.000000000000000000e+00 0.000000000000000000e+00 5.512488862514235421e-01 0.000000000000000000e+00 0.000000000000000000e+00 2.566961346821117207e-01 0.000000000000000000e+00 0.000000000000000000e+00 7.987932499507262307e-02 0.000000000000000000e+00 5.495747773535628600e-01 0.000000000000000000e+00 9.029175222501644171e-01 1.000000000000000000e+00 6.350378641288618731e-01 2.665084090859996535e-01 1.000000000000000000e+00 1.000000000000000000e+00 2.523479774938493514e-01 2.727571223437476600e-01 0.000000000000000000e+00 4.324331575049367984e-04 0.000000000000000000e+00 0.000000000000000000e+00 2.573253681166817741e-01 0.000000000000000000e+00 1.106067811656158972e-01 0.000000000000000000e+00 3.982144067282941124e-01 0.000000000000000000e+00 6.440000000000000000e+02 -1.223333333333333428e+01
0.000000000000000000e+00 0.000000000000000000e+00 0.000000000000000000e+00 0.000000000000000000e+00 0.000000000000000000e+00 0.000000000000000000e+00 8.408838172234311958e-01 3.207832357696951409e-01 0.000000000000000000e+00 0.000000000000000000e+00 3.870249291766378395e-04 6.477194223119998873e-02 9.249737089425931202e-01 1.260095260337270318e-01 6.522256062847257008e-01 3.434638926248042567e-01 6.731222602872998229e-01 0.000000000000000000e+00 1.000000000000000000e+00 1.000000000000000000e+00 1.000000000000000000e+00 8.258174313079782447e-01 0.000000000000000000e+00 1.615950784735473156e-01 0.000000000000000000e+00 0.000000000000000000e+00 3.989056094084642012e-02 0.000000000000000000e+00 4.279113735257485951e-01 0.000000000000000000e+00 3.480269474797662715e-02 0.000000000000000000e+00 7.720000000000000000e+02 -1.246666666666666679e+01
1.847802032276836259e-01 2.142305014476464722e-02 9.193510578552759743e-03 3.534423415103550570e-03 8.614677931138363387e-02 3.328133188747428757e-03 2.445141020602184176e-02 5.775885319983116162e-01 2.522785439066347127e-03 1.443070329397523653e-03 4.192932226804340495e-02 2.694873481321160766e-02 9.423256201845949809e-01 6.947075642098739234e-02 4.690064534915976968e-01 7.854024614677239668e-01 6.738830494270540150e-01 8.714239270672444887e-03 9.901645250306631008e-01 9.857676658917693402e-01 7.332808899385009349e-01 1.597980314929451917e-01 2.196248842546059954e-02 6.529109665274823726e-02 6.834885081795931318e-04 1.442708768484681769e-01 3.231265809768937847e-01 2.631362215504897545e-02 1.043844965936384511e-01 1.584003355662957479e-03 7.492110386732324379e-02 1.616299951356553943e-03 6.520000000000000000e+02 -1.390666666666666629e+01
0.000000000000000000e+00 3.578189311335771422e-02 0.000000000000000000e+00 2.551271961917623773e-02 1.364273127133535518e-02 5.503734637701458710e-02 6.211876704461020277e-02 5.590239848854162696e-01 0.000000000000000000e+00 0.000000000000000000e+00 8.955969279130626681e-02 0.000000000000000000e+00 2.722301637136939623e-01 1.177239212779348435e-12 5.355358287186061661e-01 7.457976231684135815e-01 3.105577121859978695e-01 2.589017370797825901e-01 6.094628044914723874e-01 9.573856311113440043e-01 8.028917024739049557e-01 0.000000000000000000e+00 4.350214604746807136e-03 4.390269537613802897e-02 0.000000000000000000e+00 1.542459317529792373e-01 1.257729495138103504e-01 0.000000000000000000e+00 9.084234407510382026e-01 0.000000000000000000e+00 3.651236302595587402e-01 0.000000000000000000e+00 5.160000000000000000e+02 -9.866666666666667140e+00
0.000000000000000000e+00 0.000000000000000000e+00 0.000000000000000000e+00 4.244771708500854057e-01 3.319233789246302130e-07 0.000000000000000000e+00 0.000000000000000000e+00 1.721811042701331396e-01 1.189914844020489998e-01 0.000000000000000000e+00 1.527491098863918428e-01 2.144630687238867073e-01 9.616805755742301454e-01 0.000000000000000000e+00 4.822125858371643092e-01 7.566660856724181095e-01 2.648295456328409458e-01 1.527788682853675750e-01 9.957809103411786600e-01 1.476873754455464427e-01 1.934054141778683567e-01 1.714333161566119201e-01 7.301573992500221444e-05 0.000000000000000000e+00 0.000000000000000000e+00 4.340956071591663785e-04 0.000000000000000000e+00 1.057959270008538601e-02 8.856322258344799803e-01 0.000000000000000000e+00 0.000000000000000000e+00 0.000000000000000000e+00 5.400000000000000000e+02 -1.057333333333333236e+01
0.000000000000000000e+00 0.000000000000000000e+00 0.000000000000000000e+00 0.000000000000000000e+00 0.000000000000000000e+00 0.000000000000000000e+00 0.000000000000000000e+00 8.119217324289462745e-01 0.000000000000000000e+00 0.000000000000000000e+00 5.694206340624718976e-01 0.000000000000000000e+00 1.000000000000000000e+00 0.000000000000000000e+00 1.000000000000000000e+00 9.999999978973609371e-01 0.000000000000000000e+00 9.994929159482897063e-01 7.248457559685141938e-01 7.824583398248388111e-01 1.000000000000000000e+00 0.000000000000000000e+00 0.000000000000000000e+00 0.000000000000000000e+00 5.464223144815635001e-03 7.128751647325383134e-01 1.572850105024609091e-02 7.977812644667910957e-01 8.337478636910469199e-01 0.000000000000000000e+00 1.000000000000000000e+00 0.000000000000000000e+00 1.174000000000000000e+03 -2.111666666666666359e+01
3.293040089224553713e-01 2.571665971498704722e-03 9.695669683120874613e-03 2.187189189077672069e-01 5.145514694874679662e-02 0.000000000000000000e+00 7.514239313973964940e-01 2.560090357278161366e-01 0.000000000000000000e+00 0.000000000000000000e+00 1.557354425906993904e-02 9.203347826791442865e-02 9.218669635753095060e-01 5.808502407931772499e-02 1.740205840156077710e-01 7.237215658051002753e-01 0.000000000000000000e+00 0.000000000000000000e+00 9.058255825599720312e-01 9.935087545301307665e-02 0.000000000000000000e+00 0.000000000000000000e+00 1.660202947833843204e-04 1.033353394023095971e-02 2.258482010641240517e-02 0.000000000000000000e+00 4.368506590353909980e-02 1.705709255855353745e-03 9.289591966272778834e-01 6.825775201016069660e-02 4.576406925012913018e-01 0.000000000000000000e+00 5.920000000000000000e+02 -9.093333333333331936e+00
8.822615787021176326e-02 5.196610946077595550e-03 6.445418299244209948e-02 3.539842147517860416e-01 7.052854162497179669e-03 1.925879108319927813e-03 2.809738744469180705e-01 5.864134229319672986e-01 2.041718310906392997e-02 7.658133667527877719e-03 1.678310363603042199e-01 3.896878980590035013e-02 4.501576035341551818e-01 5.134171600274717306e-02 6.891569981523515409e-01 7.961734059587054491e-01 9.022359525996759277e-02 1.601839145840585066e-01 9.871837901351999678e-01 7.580665108772856042e-01 6.457499515027870229e-01 1.961760460285687513e-01 1.340659671657379315e-02 1.151504478997933401e-02 1.193634981325114586e-02 8.787640331993729070e-02 6.608842270569903476e-02 6.309960144066323329e-02 7.180354649814455481e-01 1.306982533284006820e-02 3.092176338542799163e-01 1.079294773331795909e-03 5.000000000000000000e+02 -9.773333333333333428e+00
7.762642288806433088e-02 1.640757824586618733e-06 0.000000000000000000e+00 9.718483445411056909e-01 0.000000000000000000e+00 3.757431561027411715e-01 2.062874919141786667e-01 0.000000000000000000e+00 1.625963844826956162e-01 1.000000000000000000e+00 0.000000000000000000e+00 1.140657643982027035e-02 0.000000000000000000e+00 0.000000000000000000e+00 1.851099900670763743e-01 0.000000000000000000e+00 2.307547270465168995e-03 0.000000000000000000e+00 1.000000000000000000e+00 0.000000000000000000e+00 0.000000000000000000e+00 7.304509863150840387e-02 7.696637060326676494e-01 0.000000000000000000e+00 0.000000000000000000e+00 9.856483407448733969e-01 0.000000000000000000e+00 4.856714192571061350e-02 0.000000000000000000e+00 0.000000000000000000e+00 0.000000000000000000e+00 0.000000000000000000e+00 6.420000000000000000e+02 -4.040000000000000036e+00
4.345274875465576780e-02 8.351632899400210364e-02 3.016302074011824041e-01 3.717775256658103350e-02 2.239743722057560282e-01 1.619991599746419819e-01 0.000000000000000000e+00 3.441674989770379667e-01 0.000000000000000000e+00 3.118402552213462298e-01 0.000000000000000000e+00 1.431653987323112387e-01 4.676098978697280639e-01 2.903068546075697753e-01 1.000000000000000000e+00 7.778081984727598375e-01 4.440040665533105946e-01 5.807139934906953016e-01 1.000000000000000000e+00 4.118222783642115359e-01 9.575791977976758629e-01 4.247015853424819243e-01 0.000000000000000000e+00 3.628361454665524066e-02 4.342154208356735490e-02 8.462420831106456237e-03 2.489762101676548101e-01 4.194440993830818032e-01 9.067545651314000699e-01 2.667660107046209914e-02 0.000000000000000000e+00 1.443472055244180430e-01 7.400000000000000000e+02 -1.464333333333333265e+01
8.176434837214046070e-01 0.000000000000000000e+00 0.000000000000000000e+00 0.000000000000000000e+00 1.181804818353033833e-03 2.246636797702536610e-03 5.042357283157882257e-04 9.936960749619246080e-02 0.000000000000000000e+00 7.067782409522680442e-01 3.589359409361626493e-04 1.444061516868291872e-01 0.000000000000000000e+00 0.000000000000000000e+00 5.466105359464373814e-02 5.049133969732131355e-01 0.000000000000000000e+00 1.841842604387200141e-02 7.929593011013119641e-01 5.791997622631878360e-07 0.000000000000000000e+00 7.578228596867324640e-01 0.000000000000000000e+00 0.000000000000000000e+00 0.000000000000000000e+00 9.429373455902202439e-01 7.960532098235022502e-01 4.263661148778110027e-04 4.677147704074522405e-01 0.000000000000000000e+00 5.841084699535898511e-02 0.000000000000000000e+00 4.980000000000000000e+02 -4.613333333333333286e+00
6.859715888389376071e-01 0.000000000000000000e+00 2.962723348174953752e-01 1.015147840797299937e-03 4.186865914579676606e-02 6.530579485919842239e-04 0.000000000000000000e+00 4.239859750353452972e-01 0.000000000000000000e+00 0.000000000000000000e+00 5.701291173000005985e-01 3.999752604102441156e-01 2.162425425690742975e-01 5.532279577586083352e-01 8.278452202701817031e-01 8.957434434707430837e-01 1.247317478945805715e-04 8.017533153897196674e-02 6.870088143820620719e-01 1.499612734385734059e-01 5.342326171807667556e-01 3.078772316615702165e-02 0.000000000000000000e+00 4.056687455581556648e-04 0.000000000000000000e+00 2.566969789054714401e-01 3.792447950363264653e-02 3.936194654758718992e-01 1.000000000000000000e+00 0.000000000000000000e+00 1.659782445598818084e-05 4.416866513071117661e-01 5.240000000000000000e+02 -7.899999999999999467e+00
1.811070220734340708e-01 0.000000000000000000e+00 0.000000000000000000e+00 9.508883126308297351e-01 0.000000000000000000e+00 2.365423013528151763e-01 6.936532074499647538e-02 2.937735710019232505e-01 0.000000000000000000e+00 0.000000000000000000e+00 0.000000000000000000e+00 9.907140673251294549e-01 6.460349690152695779e-01 5.661739814483576771e-03 6.003974431804425249e-01 6.299761729929536092e-01 9.565816316343428438e-02 1.903580201527521332e-01 9.999616571877285587e-01 1.000000000000000000e+00 8.706197526942194287e-02 7.457892364633325055e-01 3.609294561640293691e-02 0.000000000000000000e+00 0.000000000000000000e+00 0.000000000000000000e+00 0.000000000000000000e+00 0.000000000000000000e+00 1.000000000000000000e+00 6.679355663069376850e-03 0.000000000000000000e+00 1.571277866585902910e-03 8.580000000000000000e+02 -1.177666666666666551e+01
1.462867325385069361e-01 3.686579020057284117e-03 3.249888566465097828e-02 9.154060125080502874e-02 6.161451592679546563e-01 0.000000000000000000e+00 6.452669675627580037e-02 6.667082126456916891e-01 0.000000000000000000e+00 0.000000000000000000e+00 3.304767464120934028e-01 1.329200747842648189e-01 9.652670746195813889e-01 9.050435440311994650e-01 5.388261841368283678e-01 1.000000000000000000e+00 3.446116663870549268e-01 4.264217311326379961e-02 1.000000000000000000e+00 9.780772686372281033e-01 1.000000000000000000e+00 2.170447980165467750e-01 6.790720869761458778e-02 4.115688234003181400e-02 0.000000000000000000e+00 3.785866028975600761e-01 7.202350761510831201e-02 0.000000000000000000e+00 8.532350624444765552e-01 2.270605702270862836e-01 6.689480344735829753e-01 0.000000000000000000e+00 1.010000000000000000e+03 -1.889000000000000057e+01
1.235192843191648265e-01 0.000000000000000000e+00 6.784322728845858241e-02 5.899088294514407416e-01 0.000000000000000000e+00 0.000000000000000000e+00 6.932551374826256959e-04 5.016793974799537148e-01 0.000000000000000000e+00 0.000000000000000000e+00 0.000000000000000000e+00 5.732338265736091135e-03 6.467692103835148698e-01 0.000000000000000000e+00 1.000000000000000000e+00 9.999649970287075584e-01 0.000000000000000000e+00 3.603208868661625375e-01 1.000000000000000000e+00 1.000000000000000000e+00 1.000000000000000000e+00 0.000000000000000000e+00 0.000000000000000000e+00 1.817376008953498203e-04 0.000000000000000000e+00 8.631895147312720895e-02 0.000000000000000000e+00 1.135466126020856087e-01 9.841643053079830450e-01 0.000000000000000000e+00 4.612596347275746966e-01 0.000000000000000000e+00 9.140000000000000000e+02 -1.663666666666666671e+01
0.000000000000000000e+00 0.000000000000000000e+00 8.107204919097420470e-01 3.296729396955975361e-02 0.000000000000000000e+00 6.247862275408015698e-03 0.000000000000000000e+00 9.743777916661676697e-01 1.396410924056357096e-03 0.000000000000000000e+00 1.095656299922810467e-01 3.211256622873110977e-01 1.000000000000000000e+00 1.000000000000000000e+00 8.034493992292343068e-01 8.579570329384873517e-01 0.000000000000000000e+00 6.302730824947507804e-01 1.000000000000000000e+00 1.000000000000000000e+00 1.000000000000000000e+00 7.291320118112872839e-01 0.000000000000000000e+00 1.023670622592831175e-01 0.000000000000000000e+00 0.000000000000000000e+00 1.080411947457157323e-01 0.000000000000000000e+00 5.130047085494635617e-01 0.000000000000000000e+00 8.024559693658720461e-01 0.000000000000000000e+00 1.244000000000000000e+03 -2.021333333333333471e+01
2.242130016867284914e-04 5.939486525516388116e-03 1.331538171204732848e-03 0.000000000000000000e+00 0.000000000000000000e+00 2.949540337359609840e-02 3.682698643545797568e-01 4.357827251899368259e-01 0.000000000000000000e+00 6.697331500050501818e-02 6.799750751769274570e-01 5.912590705049719508e-02 4.242679940890374812e-01 4.696910026662257098e-02 7.937713833254440854e-02 4.427045840799357368e-01 1.227803997423873070e-05 6.716991494267614549e-01 9.142104398606620830e-01 1.869115185538294532e-01 8.442912105835554959e-01 1.535315839679252947e-01 2.954970223176048294e-04 3.428277180669519475e-01 1.031048812695215394e-01 0.000000000000000000e+00 5.255429501605876075e-01 3.320686269937560796e-03 1.602069035283993359e-01 0.000000000000000000e+00 0.000000000000000000e+00 4.258097959495806689e-02 3.780000000000000000e+02 -6.366666666666667140e+00
4.415011685015591270e-01 4.233441058931396220e-06 2.285133660884372531e-01 9.570907012489646704e-01 2.819463861827168488e-02 1.654856922719987189e-01 2.499980653593152080e-01 6.011019234881567197e-01 8.277350700738600464e-01 7.808475516331252197e-02 9.825956702007528909e-01 6.433218225159087478e-01 2.338447872304349473e-01 2.929378854438125512e-01 9.130248246860208639e-01 9.795907480580222648e-01 9.200556446155536161e-05 1.116185366059522233e-01 9.998761887255690484e-01 8.599532587772596992e-01 1.000000000000000000e+00 1.290022692769299539e-01 2.961600654962313547e-03 8.941819805631675555e-01 2.088695625647224718e-01 9.969356539297385966e-01 2.215142020858566145e-04 9.920225526808335026e-01 1.000000000000000000e+00 4.019845909504167758e-01 7.052166409651754453e-01 2.942071116638221850e-01 1.644000000000000000e+03 -1.730666666666666487e+01
2.732549145439094884e-01 1.018614632626700829e-02 1.647340091572789197e-02 3.466433477156146692e-01 0.000000000000000000e+00 2.379993555711089684e-02 1.951907227759420646e-02 3.935655217812008555e-01 0.000000000000000000e+00 7.632757166648108937e-03 2.508654020645637375e-02 2.142287819506019653e-02 7.688189050219526033e-01 3.586671056126526647e-02 7.088606648102667718e-01 6.226600300136887478e-01 5.613050608569383759e-02 1.262449878981834273e-03 9.600044201655193454e-01 6.239075246923462270e-01 2.020323131098565039e-01 1.168136463934088022e-02 0.000000000000000000e+00 0.000000000000000000e+00 8.963794597331953273e-02 1.966782055272283114e-01 0.000000000000000000e+00 0.000000000000000000e+00 9.298920248433184543e-01 0.000000000000000000e+00 4.584613829029108301e-01 0.000000000000000000e+00 5.000000000000000000e+02 -1.078000000000000114e+01
6.088469118308436068e-01 7.967403041237453021e-01 9.425863247264847367e-01 3.302350994802915607e-01 1.355966935040715110e-02 1.470037714356353664e-01 6.116612936610360540e-01 6.387200367624581987e-02 1.526657092971155094e-01 9.694204779470379230e-02 2.803962825839089179e-01 5.944047036026316455e-01 2.164361782461454720e-01 1.408147765215387315e-01 8.049600639693972326e-01 9.655208349560951975e-01 5.503807034300550738e-01 7.397451324577780651e-02 9.997322418169304337e-01 2.597430410538905110e-01 6.762253136575179235e-01 9.376323958801463521e-01 4.000138045634610978e-03 9.359096648211480407e-02 4.967025088082283601e-01 9.548280391693036995e-01 8.571023120377952997e-01 2.438525695615615108e-01 3.295986373529024016e-01 4.332090575522890563e-01 5.693721892416478969e-01 1.661704045825794854e-02 1.080000000000000000e+03 -1.407000000000000028e+01
1.549702985819972623e-01 9.862123244088236151e-03 3.933861492125837467e-01 2.122654475777672675e-02 6.828235428066366242e-02 3.618020526508371471e-01 3.648598677791353717e-01 2.527218455343925307e-01 7.197425758888019443e-02 1.965570841218035585e-03 2.122504097032808790e-01 3.707959221144232487e-01 3.334941763069149689e-01 5.949742674485462013e-01 7.550448505262473686e-01 8.863705663114413991e-01 7.017291898394215632e-01 7.439049670000905112e-03 9.828767735556450669e-01 9.999419575274767213e-01 2.226822575683140570e-01 1.298490637149384841e-01 1.721521221061533269e-01 5.128027947205365811e-02 2.916017934163953572e-03 1.906791897438255279e-01 4.246950130942447194e-02 0.000000000000000000e+00 4.696360987247314989e-01 7.614423963793560957e-02 5.590385353334342833e-01 2.001393376997334141e-03 6.340000000000000000e+02 -1.132000000000000028e+01
1.852350890279522502e-02 5.177208786258984813e-02 6.672434189320050613e-02 4.823908443692728060e-02 4.120200039104202593e-03 4.144987641085493002e-03 6.041045265050137836e-02 8.721708871307634059e-01 3.631335789443468354e-03 8.674152112188283280e-08 3.800021543759306286e-02 2.650208858619888530e-01 9.957872192075569728e-01 2.788004242597303395e-01 8.020921159212741625e-01 5.784304756419941240e-01 7.079930927184393541e-01 7.496449658258673432e-02 1.000000000000000000e+00 9.032519762994206669e-01 9.546453165112703809e-01 1.639430873935839375e-02 1.167581700728436041e-02 9.632298960643869215e-03 3.016216290881303802e-03 1.307623844558794268e-01 3.651200316261035000e-02 0.000000000000000000e+00 4.791896023227422141e-01 1.580619932406150951e-01 1.411747923789364034e-01 2.861655380324872877e-01 8.420000000000000000e+02 -1.487333333333332952e+01
6.782807200840716977e-01 1.055267968471353818e-01 1.788029006108106111e-01 0.000000000000000000e+00 8.502163674469414012e-01 4.310781346888614141e-01 2.495042973346708534e-02 7.240810646884081603e-01 6.821682105072435220e-02 1.075376909514018896e-02 7.983123154355317164e-01 4.039327148548024250e-03 6.726167754616646510e-01 4.372993057936874206e-01 5.335625122419453970e-01 9.955765440912254238e-01 9.301434384225775176e-01 3.038796902265754590e-03 1.000000000000000000e+00 9.710350012636543848e-01 3.249805848668489427e-01 9.374189852382690535e-01 1.450972483423053176e-02 2.419751019888564114e-01 9.698717370854513797e-01 4.955814431147435584e-01 6.327170359179703496e-01 9.575128649385425961e-01 8.899721854789500730e-01 1.293477193599297526e-01 3.651610191508440351e-01 0.000000000000000000e+00 1.420000000000000000e+03 -1.510666666666666913e+01
1.325646475961720500e-02 0.000000000000000000e+00 3.714312956427843204e-01 1.559988364845733139e-02 1.693936362503398185e-01 0.000000000000000000e+00 0.000000000000000000e+00 2.851596921667975959e-03 2.713698702809924906e-03 0.000000000000000000e+00 5.773871747611275702e-03 1.948306310618367742e-03 1.000000000000000000e+00 3.177199644435314552e-01 6.343959549204172266e-01 6.175239967534600360e-01 2.304536093111577144e-01 0.000000000000000000e+00 9.933360949874991963e-01 1.791782334875257621e-01 8.533564083661568933e-01 1.232779578232703066e-01 0.000000000000000000e+00 0.000000000000000000e+00 4.561650272453392219e-02 1.647714181072248985e-02 8.103693056748342283e-01 0.000000000000000000e+00 9.108573003862202241e-03 4.145124026850351834e-02 1.045009222534391260e-03 0.000000000000000000e+00 5.180000000000000000e+02 -8.703333333333333144e+00
1.206424071102632639e-01 2.771531126122177280e-02 2.373676085929997126e-01 0.000000000000000000e+00 0.000000000000000000e+00 6.595745787746944977e-01 3.196496789366062158e-02 2.111571669129777215e-02 0.000000000000000000e+00 6.276638473761063375e-02 4.038709895946440698e-01 2.775845504202631778e-02 8.420188169408789891e-01 8.472626745784179736e-01 7.103957220598012823e-01 5.548605649780563587e-01 3.912044832302256081e-01 9.363302556503225182e-02 1.000000000000000000e+00 3.265045459850411946e-01 2.511527909058317021e-01 7.272380914893730730e-02 0.000000000000000000e+00 1.050249676472255096e-02 1.526496364766294388e-04 2.154840932087148941e-01 6.887062800348418834e-02 0.000000000000000000e+00 4.660620599249551410e-01 7.549011809095445213e-05 1.447638052448848300e-01 2.668188395621801448e-02 4.280000000000000000e+02 -7.450000000000000178e+00
4.989023186035007051e-01 0.000000000000000000e+00 6.680601463296047260e-02 0.000000000000000000e+00 0.000000000000000000e+00 2.170326033665566194e-04 0.000000000000000000e+00 1.420771115491711034e-01 0.000000000000000000e+00 0.000000000000000000e+00 2.081616211065125954e-01 0.000000000000000000e+00 3.516025057413112442e-01 1.312279085266376301e-02 5.622736986733302134e-01 9.149542025121193412e-02 2.316844871361615210e-01 0.000000000000000000e+00 6.394020559497015643e-01 1.322100937485148897e-01 5.744389984640800861e-01 1.121708095337456690e-01 0.000000000000000000e+00 0.000000000000000000e+00 5.482745085336121656e-03 2.037417141512498087e-01 3.455279329488045864e-02 1.729093698285178171e-01 1.662173616464861781e-01 1.749905264683831009e-03 5.996409508363098739e-07 0.000000000000000000e+00 1.680000000000000000e+02 -3.519999999999999574e+00
8.267463672639968619e-02 0.000000000000000000e+00 3.492551349167619112e-02 5.550064498146762074e-03 7.433792440538068702e-02 9.985902214426203849e-02 2.318521818303607429e-01 3.440769843834081687e-01 4.976347397026472524e-02 1.587939590969270499e-03 8.871331961207573266e-03 3.609570226998797676e-03 9.455020269315375092e-01 8.072871211315739426e-02 5.631709948782386288e-01 8.284856115794201337e-01 2.976150258178874020e-01 9.818979093281920631e-03 1.000000000000000000e+00 4.889716999712312440e-01 8.229421305540755016e-01 2.761596971638816123e-01 8.396638520658434874e-04 1.510976113073324301e-01 9.231181836820413766e-02 1.438415984454533281e-01 1.580297177522727303e-01 5.545685975103246262e-03 1.839195396462658394e-01 1.395904478345835753e-01 1.395746664411829374e-01 8.200714250225210611e-02 4.920000000000000000e+02 -1.045333333333333492e+01
1.194394975213815095e-02 2.713432584077176135e-01 2.947811204768853097e-02 1.052959972216837292e-01 1.827877268760751822e-02 1.806396205974080960e-01 4.776345931591672311e-01 8.141972749548070931e-02 0.000000000000000000e+00 4.530805074007163702e-01 4.009497260461883372e-01 7.620378770152980152e-02 8.838198804475572157e-01 1.559217334987410795e-02 4.430548570498173411e-01 2.631512822904235605e-01 3.008765764835801826e-01 5.229877457327877233e-01 8.301151936700201794e-01 2.147236463272439166e-01 9.733095672145429811e-01 5.734848124398158470e-02 3.442200855309523327e-02 4.724647145194429271e-02 8.716117144929264038e-02 3.370518020652220059e-01 3.234119128575245194e-01 1.681812510735528413e-02 1.213403178378558503e-03 4.665774280822822251e-02 4.687794770795238875e-01 2.079332558800694314e-02 4.800000000000000000e+02 -8.240000000000000213e+00
0.000000000000000000e+00 0.000000000000000000e+00 1.621524104966721497e-06 0.000000000000000000e+00 0.000000000000000000e+00 0.000000000000000000e+00 2.177001532654624094e-01 9.010672327078238508e-01 0.000000000000000000e+00 0.000000000000000000e+00 1.939327857702202685e-03 5.580460643058954805e-03 9.360139807580430960e-01 4.227876983145688605e-01 3.822608311117466351e-01 8.137623842368523971e-04 0.000000000000000000e+00 6.246949940086060638e-01 8.033858076382458524e-01 1.616652488868293991e-01 1.418714155140755190e-02 0.000000000000000000e+00 0.000000000000000000e+00 0.000000000000000000e+00 0.000000000000000000e+00 3.539798613270081669e-03 0.000000000000000000e+00 0.000000000000000000e+00 0.000000000000000000e+00 0.000000000000000000e+00 5.897822098920615886e-04 0.000000000000000000e+00 4.240000000000000000e+02 -6.200000000000000178e+00
4.786435425895018136e-01 1.627305991459055967e-01 0.000000000000000000e+00 7.459345859828709138e-04 0.000000000000000000e+00 0.000000000000000000e+00 6.214632227244430984e-01 4.409535741460115510e-01 0.000000000000000000e+00 0.000000000000000000e+00 5.995711213089672349e-04 1.154596525774478563e-03 9.699908375856640674e-01 0.000000000000000000e+00 3.908609676689930867e-01 5.568807078741135896e-01 1.375803270900740650e-02 0.000000000000000000e+00 9.942015591304405042e-01 6.827277403611864415e-01 9.989332602619437340e-01 3.067456320291904112e-02 0.000000000000000000e+00 0.000000000000000000e+00 3.527176919382971759e-02 4.767959434652672135e-01 1.822426675970817145e-01 4.726831736091573893e-02 3.368052160374686299e-02 1.019275991382148985e-02 3.297018230811087358e-01 5.848168137111590140e-07 5.740000000000000000e+02 -8.553333333333332789e+00
0.000000000000000000e+00 1.057302888846622518e-01 3.597713665686156914e-01 9.183458394098187097e-06 0.000000000000000000e+00 6.681720979326354970e-04 5.993520753369807608e-01 1.418191907834634724e-01 0.000000000000000000e+00 0.000000000000000000e+00 1.410759939611567015e-05 0.000000000000000000e+00 9.656443800279775891e-01 9.205297165742135079e-02 7.685482140059577416e-01 4.448377970561643857e-01 3.169149754077791314e-01 1.780248304471276563e-02 1.000000000000000000e+00 3.862731792678364418e-01 8.718992982986500939e-01 1.645189262517140344e-02 0.000000000000000000e+00 2.038463272650940794e-01 3.022199881293297172e-03 7.750058681286356999e-01 1.788470614720650276e-01 0.000000000000000000e+00 0.000000000000000000e+00 3.693262795924443509e-01 5.685338836470561069e-02 2.724126643568470021e-02 6.380000000000000000e+02 -1.059333333333333371e+01
2.171123479319318619e-11 3.049268630808685265e-01 2.948624937866872187e-01 1.394150109086075284e-01 2.424413049678471816e-12 6.511283670231533538e-01 7.418187308294319493e-01 2.478316187655392602e-06 4.505063718888915880e-02 0.000000000000000000e+00 4.163001599294344768e-01 2.533568296694109579e-13 0.000000000000000000e+00 8.412158280979815661e-12 8.876416764182251673e-02 1.288356196074054716e-01 2.560586072489302220e-13 0.000000000000000000e+00 8.754768108445162289e-01 0.000000000000000000e+00 2.568194333108041356e-03 9.662717047427165085e-01 1.106389742690641748e-01 0.000000000000000000e+00 1.186341162188161710e-11 8.549601727209636959e-01 0.000000000000000000e+00 5.011781200572890810e-02 4.122365987467348503e-01 0.000000000000000000e+00 3.488400158218275537e-01 8.891117660059340011e-01 6.260000000000000000e+02 -4.799999999999999822e+00
0.000000000000000000e+00 0.000000000000000000e+00 0.000000000000000000e+00 0.000000000000000000e+00 0.000000000000000000e+00 7.997697292935035396e-03 2.695368796165510672e-02 1.166632473940832221e-01 0.000000000000000000e+00 3.669616687702192404e-01 2.243570787918626741e-01 0.000000000000000000e+00 6.701595395168261637e-01 2.965694168861831084e-02 6.259441719052907804e-02 3.781801493798270797e-01 3.555528392267688353e-01 1.632102442814518106e-01 8.010227805541461077e-01 1.917151315305001694e-03 1.997007756939876699e-01 0.000000000000000000e+00 0.000000000000000000e+00 0.000000000000000000e+00 2.294360275996671153e-02 2.673547079223460442e-04 3.138693437059476149e-02 0.000000000000000000e+00 0.000000000000000000e+00 4.068419021157977482e-03 4.189000732028289736e-02 2.235510459213549406e-02 1.800000000000000000e+02 -5.440000000000000391e+00
1.603215783351982504e-01 1.199043725891759393e-01 6.373105371855554424e-02 6.111854933460682954e-02 1.144332733756883991e-01 1.714391712847672944e-01 3.913880575497218350e-01 2.109064231221191577e-02 5.654030941090269942e-03 9.241066293485565852e-01 3.024749528863280301e-01 4.948878090840276578e-02 9.639138080969821276e-01 4.738572636935630550e-02 6.204401095612734895e-01 9.312694057357318034e-01 9.374613474761251952e-01 7.759990393005342657e-01 9.757172465009558149e-01 2.581993609391041167e-01 9.812456114331881141e-01 7.430854183618503805e-01 8.996348558712859156e-02 8.184571551763711872e-01 2.434913653161779531e-02 3.183297447740963682e-01 7.823015997320740267e-01 3.488316883425256199e-02 2.871322752758350902e-02 1.057003668113115847e-04 1.404889390048168485e-01 9.677639160623474623e-04 1.122000000000000000e+03 -2.093666666666666742e+01
0.000000000000000000e+00 0.000000000000000000e+00 6.824127636047816177e-06 4.489723214582806016e-02 0.000000000000000000e+00 0.000000000000000000e+00 6.883962399218993347e-03 2.871459971798968058e-01 0.000000000000000000e+00 1.489858094016022760e-01 3.876983975499622148e-01 6.772979055064878157e-03 1.000000000000000000e+00 0.000000000000000000e+00 7.696203020572576451e-05 5.415472328617894071e-01 2.052845983477236125e-01 4.393982232115647979e-02 9.442888640870705785e-01 3.818538311861253698e-01 9.155970621340714377e-01 8.197027816978715020e-02 0.000000000000000000e+00 3.907042403431678496e-02 0.000000000000000000e+00 0.000000000000000000e+00 6.718312355749432585e-02 0.000000000000000000e+00 0.000000000000000000e+00 0.000000000000000000e+00 1.701514495594138449e-02 0.000000000000000000e+00 4.780000000000000000e+02 -1.007333333333333236e+01
3.203165043672535073e-01 0.000000000000000000e+00 0.000000000000000000e+00 8.261230910227045088e-02 1.492339110685855785e-01 2.314557606322508593e-02 1.442027633990803082e-01 1.011850881874826746e-01 0.000000000000000000e+00 5.839592005862690680e-05 4.921037193343788529e-01 8.570761104418058926e-03 8.567458562115537468e-01 1.997096405958260004e-02 2.850684139390967098e-01 8.831982125332219491e-01 6.827203675406262606e-02 7.159914136578160969e-03 9.999629013457539406e-01 5.786279795281047411e-01 9.472910286070385100e-01 9.856233212477999873e-04 2.978923313655420513e-01 0.000000000000000000e+00 0.000000000000000000e+00 2.207661488058149969e-03 4.200932317773771463e-02 1.478223160090972287e-02 2.557202180612257181e-02 0.000000000000000000e+00 2.450040396553615496e-01 0.000000000000000000e+00 5.680000000000000000e+02 -1.051333333333333364e+01
2.821196586893854885e-01 0.000000000000000000e+00 6.215655259346682948e-01 0.000000000000000000e+00 0.000000000000000000e+00 2.193938312392716347e-02 0.000000000000000000e+00 1.449294971341108518e-01 7.354484544231295988e-03 4.583629057588022027e-02 1.914641178349995032e-01 1.133455925778449197e-01 4.531733781997887567e-01 1.326869334816845091e-03 4.189035361883356456e-01 3.158862455157841476e-01 5.074707784030015878e-01 3.013943539854704607e-04 9.809821752204022083e-01 4.146505017703176060e-02 6.163200746890509230e-01 6.411857660243517332e-01 0.000000000000000000e+00 1.200064457029877546e-01 3.845147341715002037e-06 2.048136710775227687e-01 1.055968736233618872e-02 0.000000000000000000e+00 2.153281713754091886e-01 2.548602835985501747e-01 8.660489437148584102e-01 5.375549542975744943e-01 4.720000000000000000e+02 -6.396666666666667389e+00
1.370017198184394960e-03 0.000000000000000000e+00 0.000000000000000000e+00 0.000000000000000000e+00 0.000000000000000000e+00 1.902808750687822945e-02 0.000000000000000000e+00 3.147172656404277902e-01 0.000000000000000000e+00 3.021685633610214916e-01 3.235653161361488062e-01 5.525460122031880528e-02 1.000000000000000000e+00 1.357989269474219670e-05 0.000000000000000000e+00 8.156509272850517300e-01 2.194432012188663461e-01 0.000000000000000000e+00 1.000000000000000000e+00 6.749092880183451548e-01 1.000000000000000000e+00 2.743696967911258069e-02 0.000000000000000000e+00 4.423290136723067451e-02 0.000000000000000000e+00 0.000000000000000000e+00 1.684120271314650972e-03 0.000000000000000000e+00 0.000000000000000000e+00 0.000000000000000000e+00 0.000000000000000000e+00 0.000000000000000000e+00 5.540000000000000000e+02 -1.160999999999999943e+01
1.388169059117166405e-02 0.000000000000000000e+00 1.342324450612620568e-01 5.328655673467415088e-01 5.077788836360778990e-03 1.757122513213399946e-05 1.956281993574348829e-02 1.528159487453264465e-01 5.521671908045773514e-02 9.555818428333302528e-01 3.971217848928119687e-01 3.739801792246393551e-04 1.000000000000000000e+00 1.355456355662480183e-01 4.898709226831361452e-01 8.123449481841548137e-01 8.399212203075213934e-02 6.178376795853605247e-02 1.000000000000000000e+00 3.040792747365181903e-01 2.254647553693875650e-01 5.222015613488066865e-01 6.551707711194384998e-03 7.451277076181949122e-01 2.177863201513600879e-03 4.728989696785620284e-02 5.280078618607913360e-02 0.000000000000000000e+00 2.493409546503772348e-02 1.242873829831378160e-02 6.010034512032284004e-01 1.992448646893211356e-02 6.540000000000000000e+02 -9.640000000000000568e+00
0.000000000000000000e+00 5.358341073102376034e-02 2.993518567904867851e-06 0.000000000000000000e+00 2.557251846073096910e-06 4.027145411084196436e-01 0.000000000000000000e+00 4.906814479692119257e-01 6.401712490020147195e-01 9.810297130568591539e-01 6.138470703514961047e-01 0.000000000000000000e+00 8.650607540537385010e-01 0.000000000000000000e+00 8.059300894035872354e-01 1.375466252184627537e-06 1.350026992032468953e-01 3.260432301066566729e-02 9.954264876613336810e-01 8.612224832499535410e-01 1.000000000000000000e+00 2.200786595960548542e-01 2.728308875321840649e-06 0.000000000000000000e+00 2.714009899482063171e-06 0.000000000000000000e+00 4.258392556037289278e-01 0.000000000000000000e+00 2.306193941415151938e-01 2.890139569181834379e-03 2.766310525024231546e-06 4.770792299927889002e-01 8.600000000000000000e+02 -1.234666666666666934e+01
2.635520452691681934e-02 1.948021312361680052e-02 3.794297812537616443e-01 1.990230302357909667e-02 1.662402020593193586e-01 1.636018800342114998e-01 2.858855528102855273e-02 9.916605590183603935e-02 3.182336500477692814e-02 8.771344736823345478e-01 1.415953901167557941e-02 6.510229325679751933e-02 6.187427361482632504e-01 9.110390928735945248e-03 1.324588678100158080e-03 8.854994158447775376e-01 4.056618769628170806e-01 2.763589794792541566e-03 9.693839552734454523e-01 1.144746880713166659e-01 8.231408006479669082e-01 5.093384893392641916e-02 7.411917587021576992e-01 5.161433134534264278e-02 2.168114443632209355e-19 6.988780119359294142e-03 2.934510506935766178e-02 3.681533828226454287e-03 8.169590005354050444e-01 5.896702828091204135e-02 5.598289544865689242e-03 2.531193121829516945e-01 6.760000000000000000e+02 -1.074333333333333229e+01
0.000000000000000000e+00 6.350667193336153454e-04 4.483601271707026159e-01 2.020027155233284841e-02 0.000000000000000000e+00 6.420550205499316043e-02 0.000000000000000000e+00 7.368317729920797315e-06 7.658467912566720992e-01 1.263091845955958137e-01 3.506969336477283039e-01 0.000000000000000000e+00 7.053067358901122796e-01 0.000000000000000000e+00 1.575163916069138303e-01 3.606758482636553825e-02 4.866836007303776968e-01 3.519818499440635195e-03 8.963572246895897822e-01 1.739230588062658234e-02 5.697219627129072039e-01 1.840138893930447495e-01 0.000000000000000000e+00 2.954616122221682684e-01 6.629353897514517202e-02 0.000000000000000000e+00 0.000000000000000000e+00 0.000000000000000000e+00 0.000000000000000000e+00 0.000000000000000000e+00 1.159840176910340026e-01 8.895700993100779871e-03 3.400000000000000000e+02 -5.316666666666666430e+00
1.291751715222078448e-02 9.403122289867297257e-01 0.000000000000000000e+00 0.000000000000000000e+00 1.186898015982915632e-02 0.000000000000000000e+00 2.275501731288288865e-02 0.000000000000000000e+00 7.034274130943514169e-01 6.521594058386331882e-01 5.774591407660050191e-01 6.639389424410395424e-02 7.515040606511061982e-01 9.604718527583016030e-01 8.226545665466556967e-01 4.361445400651097759e-01 0.000000000000000000e+00 2.707889190321202677e-02 1.000000000000000000e+00 7.769831175817941693e-01 1.028526411349503650e-01 0.000000000000000000e+00 0.000000000000000000e+00 3.494006808621919619e-02 0.000000000000000000e+00 8.572433574822139191e-01 0.000000000000000000e+00 7.383955524270781057e-01 6.666150293926317305e-01 0.000000000000000000e+00 6.713522735982018208e-01 2.901283916141942365e-01 9.860000000000000000e+02 -8.723333333333334494e+00
1.646830052098805508e-01 5.798761568877293104e-01 1.104506490461128476e-01 5.330085868050671999e-02 1.157294086664981264e-01 7.334038538941353713e-02 0.000000000000000000e+00 5.386917374667457015e-01 2.366411014030998794e-02 1.158349759074917273e-01 7.958747440766559267e-01 2.490260330532410513e-02 9.930380257291703261e-01 0.000000000000000000e+00 4.576030350697069538e-01 8.963702314820904959e-01 4.530319269620023959e-01 2.610074360641532198e-01 1.000000000000000000e+00 1.425710398845383142e-01 1.315960870319130525e-02 2.588567586321022240e-01 4.266536622085155273e-01 2.513720473466524337e-03 4.163168934766479923e-02 0.000000000000000000e+00 2.661598883009365715e-02 1.691419421467370843e-01 7.700832198094204051e-02 4.562311396410760334e-01 6.230117683362478703e-02 0.000000000000000000e+00 6.040000000000000000e+02 -8.086666666666666003e+00
0.000000000000000000e+00 0.000000000000000000e+00 0.000000000000000000e+00 0.000000000000000000e+00 7.252188259905470447e-02 3.540837991537199025e-02 0.000000000000000000e+00 1.809727429341604077e-01 0.000000000000000000e+00 1.757021601087739027e-01 2.638428203142039255e-02 0.000000000000000000e+00 1.000000000000000000e+00 0.000000000000000000e+00 0.000000000000000000e+00 5.364443063033511594e-01 4.472541123727031415e-02 0.000000000000000000e+00 9.999997969182554680e-01 2.227365842088804559e-01 8.975656968546483760e-01 1.335735960069025230e-01 0.000000000000000000e+00 3.570621910091167223e-02 0.000000000000000000e+00 0.000000000000000000e+00 6.176932141741253018e-02 0.000000000000000000e+00 5.725892295049925945e-02 0.000000000000000000e+00 0.000000000000000000e+00 0.000000000000000000e+00 4.620000000000000000e+02 -8.023333333333333428e+00
3.561040227154317617e-03 0.000000000000000000e+00 0.000000000000000000e+00 7.682749163510674273e-02 7.948109985288158708e-01 6.570769591412010686e-04 0.000000000000000000e+00 4.399837514920757809e-04 1.029819976776739573e-02 8.038876342121372698e-01 7.523034932362532290e-01 0.000000000000000000e+00 9.980893213019643717e-01 8.013573220182645951e-03 1.444840775854604187e-02 9.675985010770536965e-01 9.922038990118031698e-01 2.600212005058205773e-03 9.773128414143842368e-01 9.736110551099060872e-01 1.086074451361670155e-02 4.724366502300646475e-01 0.000000000000000000e+00 2.521729587545664675e-01 3.250121580572081226e-01 4.609591670871569249e-04 9.479127328348140313e-01 0.000000000000000000e+00 3.354760365129580424e-01 6.610283052065682279e-03 6.749781619601015470e-02 1.783987393199385485e-01 1.036000000000000000e+03 -1.762666666666666515e+01
2.371270831808556471e-03 4.183534392210501163e-01 8.187782123223493261e-03 1.254152218948679509e-01 3.525277727631394211e-03 1.073464669099978216e-02 2.488395066171841460e-02 4.320362757372193246e-02 9.538241090332441651e-04 1.089880326425332613e-02 3.740952385512765453e-03 2.323524982720945042e-01 1.544862331841991565e-01 2.756948940213186927e-01 7.060074875033629516e-01 9.103395880523327266e-01 5.856032472955753632e-02 9.721320540393340037e-01 9.276647762928843521e-01 4.929399366755424228e-01 1.110268377842579673e-01 4.364421212870839284e-02 2.674468528861434491e-02 1.547249049427176781e-01 5.037182725828065477e-01 4.246450963334287287e-01 3.516916094584317254e-02 4.827672323018449285e-01 1.482500187949883919e-01 4.961878299702818414e-03 2.547900726799439686e-01 5.384208499795421071e-02 5.380000000000000000e+02 -1.001666666666666572e+01
0.000000000000000000e+00 0.000000000000000000e+00 9.068265199393883702e-02 0.000000000000000000e+00 7.630951214393484339e-01 3.418730592291141512e-02 2.383730175520101455e-02 0.000000000000000000e+00 0.000000000000000000e+00 0.000000000000000000e+00 0.000000000000000000e+00 0.000000000000000000e+00 1.000000000000000000e+00 0.000000000000000000e+00 7.676825617827169879e-01 4.822481108946219397e-02 1.345929836434250145e-04 0.000000000000000000e+00 8.913315419588226929e-01 2.356039082627561509e-01 9.808811566485218236e-01 2.297448611048928668e-02 0.000000000000000000e+00 0.000000000000000000e+00 0.000000000000000000e+00 3.751008121738862167e-02 1.483175531032585870e-01 2.768272319571039863e-02 7.312240348002039744e-03 4.031037655455818429e-03 2.169354214871819717e-02 0.000000000000000000e+00 5.700000000000000000e+02 -8.173333333333333783e+00
3.549502342693779712e-08 8.407402376970041225e-02 9.680195122998980217e-02 7.665515925393914243e-01 1.726425296607263932e-02 9.928321223788705296e-02 5.186590615699292472e-01 9.251243339067409810e-01 9.710200835831983915e-03 5.426421729418859363e-03 3.709210095196096013e-01 4.141387451967487587e-02 5.450307474648370398e-01 1.491043308437248749e-01 3.151866651223621529e-01 9.083517647809652429e-01 1.055561368628103597e-01 4.411507194363806228e-01 8.445396022451573392e-01 8.113377273139370516e-01 8.069624303575723134e-01 0.000000000000000000e+00 4.775838313873332908e-01 7.404449955720490140e-01 9.106590142279155642e-02 5.349470557650156666e-01 0.000000000000000000e+00 1.966077448354345558e-01 0.000000000000000000e+00 8.523385244400648177e-09 2.597635768055020785e-06 6.829448547572156691e-01 7.420000000000000000e+02 -1.032333333333333236e+01
3.676111776018254186e-05 0.000000000000000000e+00 0.000000000000000000e+00 0.000000000000000000e+00 0.000000000000000000e+00 0.000000000000000000e+00 0.000000000000000000e+00 5.504060356837490618e-04 0.000000000000000000e+00 1.071606300433492476e-01 6.726115951605454724e-01 0.000000000000000000e+00 1.000000000000000000e+00 1.941748003443326959e-02 4.332551002303679510e-01 9.028150107116350576e-01 4.740231621998669542e-01 2.144037487471150364e-03 9.773620823176446537e-01 3.171359869872364956e-01 0.000000000000000000e+00 0.000000000000000000e+00 0.000000000000000000e+00 1.340232578922227746e-02 1.423225320833922460e-05 9.738202571183930401e-01 3.352196676344506437e-02 3.497307215609213923e-03 7.349511767365508597e-01 3.796203202529947057e-02 0.000000000000000000e+00 6.217904374691657354e-02 6.940000000000000000e+02 -1.078666666666666707e+01
2.398127633973015996e-02 0.000000000000000000e+00 0.000000000000000000e+00 0.000000000000000000e+00 0.000000000000000000e+00 0.000000000000000000e+00 0.000000000000000000e+00 2.975989938935015289e-01 0.000000000000000000e+00 4.930294548035889929e-02 3.893694944094981958e-01 0.000000000000000000e+00 6.671989862743504807e-01 0.000000000000000000e+00 0.000000000000000000e+00 9.245654865259556043e-01 5.936640496354778779e-02 0.000000000000000000e+00 1.000000000000000000e+00 1.000000000000000000e+00 6.841765476620524922e-01 0.000000000000000000e+00 0.000000000000000000e+00 0.000000000000000000e+00 0.000000000000000000e+00 0.000000000000000000e+00 0.000000000000000000e+00 0.000000000000000000e+00 4.580410015196484353e-07 0.000000000000000000e+00 0.000000000000000000e+00 0.000000000000000000e+00 5.140000000000000000e+02 -1.099666666666666437e+01
0.000000000000000000e+00 1.832529838926073296e-01 3.282255925594296936e-03 0.000000000000000000e+00 0.000000000000000000e+00 2.421867758928289704e-01 1.270282211013019080e-01 0.000000000000000000e+00 9.402786118052194539e-04 7.986328928490356652e-03 2.068901351681206018e-03 2.760200082463808505e-02 2.031151513454713675e-01 2.013411616212686507e-04 4.719993683739307500e-01 6.335080858718294960e-01 5.965483202190119405e-01 6.075105302643774019e-02 1.000000000000000000e+00 7.154807985664954906e-01 9.551423576798528936e-01 0.000000000000000000e+00 0.000000000000000000e+00 6.573279809497661191e-03 0.000000000000000000e+00 4.016278914845302639e-01 9.573006261806112083e-02 3.469746426268455197e-01 1.307112936328933168e-02 3.505811049647499281e-04 2.204133836776425992e-01 5.492705022475831145e-01 4.860000000000000000e+02 -9.613333333333333286e+00
1.188640595067109117e-04 6.210579417823813668e-03 3.097852824907844187e-03 5.249993109308996597e-02 3.114690457448772778e-02 0.000000000000000000e+00 1.736482856723637569e-05 1.589811036055969844e-03 5.474501858529997431e-06 6.092338969477253952e-02 3.606384668331147347e-01 1.144663244605785687e-03 8.916644084685628746e-01 2.263232792165512652e-01 4.045056343893803190e-03 5.229869329515315357e-01 2.127041792242274076e-01 9.149952421778340811e-03 7.590305778574235607e-01 5.795231571122938519e-01 7.367470497018183684e-01 0.000000000000000000e+00 1.841495090198105129e-03 1.060308749635633258e-04 0.000000000000000000e+00 1.475817115476910947e-02 5.150049723947495994e-02 6.703790705195977566e-05 1.166994860591699379e-01 5.130521748601284994e-04 0.000000000000000000e+00 3.016873674463245447e-03 3.680000000000000000e+02 -7.899999999999999467e+00
0.000000000000000000e+00 0.000000000000000000e+00 4.210396600383110365e-06 0.000000000000000000e+00 0.000000000000000000e+00 0.000000000000000000e+00 3.477069838543993957e-02 8.375645699527041466e-02 0.000000000000000000e+00 0.000000000000000000e+00 4.577860894317422602e-01 0.000000000000000000e+00 9.428524608054117406e-01 3.243989633834043484e-02 0.000000000000000000e+00 6.517383522194044598e-01 2.731779201321566375e-01 1.370016114899044041e-02 9.242064110972917357e-01 4.412988136234848313e-01 7.167828376076652575e-01 8.876985967478422113e-02 1.076870790745732415e-01 4.611397904169037970e-02 0.000000000000000000e+00 0.000000000000000000e+00 5.604059460031126511e-02 5.242292698952417604e-04 6.335801673118282747e-03 5.697787300556548563e-03 6.796281291529181201e-02 6.280136409237408249e-03 4.380000000000000000e+02 -9.913333333333333997e+00
3.774469178868623820e-02 3.659770771687120283e-01 4.620373465525667855e-01 7.089226042380762927e-01 5.246158246170902484e-02 4.558501074990049112e-02 1.582847214631293931e-03 7.359699214890547125e-01 4.206765562165280803e-02 0.000000000000000000e+00 1.969143013074073634e-01 0.000000000000000000e+00 9.995639323700171719e-01 2.724647103441176221e-01 7.009883307247673223e-02 6.922591619909799210e-01 3.558171876539419909e-01 1.376568714887278951e-02 9.670337105122385202e-01 9.764259581064067550e-01 2.936680567374619008e-02 7.308796516064492571e-03 3.880531749828345944e-06 9.656662016200035989e-03 4.586901785837360634e-01 1.833292656361993830e-02 8.064832826320688167e-03 1.981867425109190475e-03 5.813114645059537233e-01 6.144505032334519889e-02 1.191030908906105454e-02 0.000000000000000000e+00 6.380000000000000000e+02 -1.152000000000000135e+01
2.471478175361098081e-02 0.000000000000000000e+00 1.262893518753049338e-01 0.000000000000000000e+00 3.361407254863948979e-02 0.000000000000000000e+00 0.000000000000000000e+00 1.594713594577644722e-01 0.000000000000000000e+00 2.820655422549391833e-01 6.526414288486428461e-01 2.948733233758671964e-03 1.000000000000000000e+00 6.820013017524430288e-02 0.000000000000000000e+00 9.988484209819431525e-01 2.764028126974226174e-01 0.000000000000000000e+00 9.589918629972399300e-01 4.127626900523373998e-01 1.000000000000000000e+00 8.471509570536983613e-02 1.269241809726410763e-01 6.615541198941977214e-04 1.394371997355713204e-05 0.000000000000000000e+00 3.650850808369902889e-02 0.000000000000000000e+00 5.066994825497756101e-03 0.000000000000000000e+00 7.794810453915063109e-02 8.918468814171069681e-03 6.100000000000000000e+02 -1.102333333333333343e+01
1.530404897062907603e-02 0.000000000000000000e+00 0.000000000000000000e+00 0.000000000000000000e+00 0.000000000000000000e+00 1.030418594357231515e-01 8.318191660307838742e-02 2.693847232130328984e-05 0.000000000000000000e+00 4.872393616265215943e-01 4.431684651125919472e-01 1.338608731583603717e-01 1.000000000000000000e+00 0.000000000000000000e+00 6.515116352854342203e-05 9.917788159678739834e-01 2.723286843124566592e-01 0.000000000000000000e+00 1.000000000000000000e+00 1.000000000000000000e+00 8.259536021132438677e-01 3.850213027548109873e-02 0.000000000000000000e+00 3.622090364062587886e-01 7.398915293454115527e-02 4.407559473585438981e-01 0.000000000000000000e+00 2.175444028467459975e-02 3.865429478812775627e-02 0.000000000000000000e+00 0.000000000000000000e+00 9.223193284566410584e-16 6.800000000000000000e+02 -1.363333333333333286e+01
1.203045989547985029e-02 7.763454911553835380e-03 2.248714485717401290e-02 7.610261130660711526e-03 1.343149035824020565e-02 3.454540333298006249e-02 1.421797211208991607e-02 3.936295368189076660e-01 4.412174546110703144e-03 7.434708083226104769e-03 3.693335240445413392e-01 1.839683661773600098e-02 9.925657052455462148e-01 2.250604738837647112e-01 3.815011754528224164e-01 9.778658350968789659e-01 9.058532459717649754e-02 1.138319115303718654e-01 9.944573421152455017e-01 9.731909020300572033e-01 6.820583046295173313e-01 1.453821745449340730e-02 1.799721665534215198e-03 1.613809202282340260e-02 3.897706396211697566e-02 4.886691867424575175e-03 3.355031559214460835e-03 8.043419557621833693e-03 2.720003539538868309e-01 1.109363185097533844e-02 1.807080794242540422e-01 7.501920953209006981e-03 6.220000000000000000e+02 -1.160000000000000142e+01
5.502721409303121952e-02 0.000000000000000000e+00 1.000000000000000000e+00 6.552902735427743042e-02 4.259710503596286627e-04 1.754349931630700486e-05 0.000000000000000000e+00 6.001430487396955393e-02 0.000000000000000000e+00 0.000000000000000000e+00 1.000000000000000000e+00 8.366166374996414024e-07 0.000000000000000000e+00 0.000000000000000000e+00 7.700408909430687121e-01 3.597306419086184204e-01 1.001878785034720221e-01 1.000000000000000000e+00 9.737354553677536328e-01 4.404415526787912039e-01 6.030519341796412025e-01 6.978491292032923746e-03 3.059952509105501317e-02 0.000000000000000000e+00 0.000000000000000000e+00 4.980995235596135107e-01 5.369752333878436978e-01 6.272207947956361940e-01 3.511325373730575516e-01 1.628812446478677516e-11 0.000000000000000000e+00 2.973221261623511117e-04 7.440000000000000000e+02 -9.269999999999999574e+00
0.000000000000000000e+00 3.828032810301300326e-02 1.600317018326103125e-01 0.000000000000000000e+00 0.000000000000000000e+00 2.121075599430306824e-02 1.904360300687860802e-02 2.851140540985901747e-03 0.000000000000000000e+00 0.000000000000000000e+00 3.456182949845155172e-01 9.772584895220182177e-06 6.414359219671441625e-01 6.814525637675861863e-03 6.553138094864663886e-03 3.670890006361282598e-01 1.556490030573066952e-01 2.441094395992774932e-02 7.225881884152831613e-01 4.710288154450227305e-01 8.559488883306306528e-01 4.237785629838302509e-02 1.118967271845227873e-01 0.000000000000000000e+00 0.000000000000000000e+00 0.000000000000000000e+00 0.000000000000000000e+00 8.689461395594834381e-02 6.169915867989565761e-02 1.410716782228398913e-01 1.706813486827797331e-05 1.075991061262187576e-01 2.480000000000000000e+02 -6.269999999999999574e+00
9.299669794664636169e-02 0.000000000000000000e+00 9.839277451300300070e-01 3.446035304803196642e-01 1.039159903816186670e-01 1.812238246827694004e-03 2.561926884658688799e-02 3.162059099621359337e-01 2.017440280032254118e-01 1.653039754906457035e-03 9.718835246741096556e-01 1.538202041320660407e-01 4.363626834014323053e-01 0.000000000000000000e+00 7.472613333824054127e-01 1.219174578773582832e-02 1.063784288834705889e-02 9.316564360243986265e-01 8.633217676837308119e-01 9.948367965602541441e-01 9.551122768562536614e-01 3.947062082954468920e-01 6.793508723909358641e-04 0.000000000000000000e+00 9.586076453998551017e-01 7.388299369802993066e-01 1.388763925726638464e-04 6.697922223905696804e-01 1.000000000000000000e+00 0.000000000000000000e+00 9.488249587289601106e-01 2.076275983298732711e-02 1.388000000000000000e+03 -1.569666666666666544e+01
2.642263129804556514e-08 0.000000000000000000e+00 0.000000000000000000e+00 4.587399995555984100e-01 1.150087596875184331e-01 3.191473944397883039e-02 0.000000000000000000e+00 3.723145659976256836e-06 1.776435585447634913e-01 0.000000000000000000e+00 1.000000000000000000e+00 0.000000000000000000e+00 8.526986454327227793e-01 1.000000000000000000e+00 1.848676651514759642e-02 8.137489032557584379e-01 5.859010446174202080e-01 4.745525285252379377e-01 1.000000000000000000e+00 9.557757639634921476e-02 9.745260459018294519e-01 1.060486576633050126e-01 0.000000000000000000e+00 0.000000000000000000e+00 0.000000000000000000e+00 0.000000000000000000e+00 0.000000000000000000e+00 0.000000000000000000e+00 0.000000000000000000e+00 2.420966502275150589e-01 7.421731176453733037e-01 1.079369188779732841e-01 8.160000000000000000e+02 -1.216000000000000192e+01
2.793307234282441653e-01 2.326944021554453249e-02 4.275081769362271827e-02 4.834592920698035610e-06 7.481060045218564936e-01 1.038522471315400930e-01 9.095495669527811633e-02 6.802224457833193627e-01 4.426431667740186870e-02 8.454262283616660323e-01 9.999999984096977768e-01 1.783618488614223396e-01 1.935751979645833343e-01 5.659491996027516958e-01 1.765966942520865932e-02 7.069475622946157223e-02 0.000000000000000000e+00 9.999977518811724586e-01 4.921472712929442217e-01 9.709971459814318306e-01 0.000000000000000000e+00 1.545137309929066061e-01 0.000000000000000000e+00 0.000000000000000000e+00 0.000000000000000000e+00 1.979940377170852916e-01 1.473531339599424195e-04 8.901577750660303323e-01 4.650931345269542216e-01 0.000000000000000000e+00 4.205592401900487554e-02 9.395218858689141639e-01 9.000000000000000000e+02 -6.083333333333332149e+00
0.000000000000000000e+00 0.000000000000000000e+00 0.000000000000000000e+00 0.000000000000000000e+00 4.520749677973353794e-03 0.000000000000000000e+00 0.000000000000000000e+00 0.000000000000000000e+00 0.000000000000000000e+00 1.378111850334820254e-01 3.518128499588442648e-01 0.000000000000000000e+00 9.523134595217644938e-01 1.894779186417309969e-01 0.000000000000000000e+00 6.746723629301232261e-01 1.135662020489169033e-01 0.000000000000000000e+00 8.892694760755085470e-01 5.208409018598806339e-01 8.820726515976468063e-01 0.000000000000000000e+00 0.000000000000000000e+00 0.000000000000000000e+00 0.000000000000000000e+00 0.000000000000000000e+00 0.000000000000000000e+00 0.000000000000000000e+00 1.017575301085978656e-01 0.000000000000000000e+00 2.058474109181706799e-02 8.782493179277735262e-02 4.940000000000000000e+02 -1.012333333333333307e+01
0.000000000000000000e+00 0.000000000000000000e+00 0.000000000000000000e+00 0.000000000000000000e+00 8.269472038525725599e-02 0.000000000000000000e+00 1.750190405572668584e-02 2.682992689040664949e-04 1.347699681527263611e-11 5.085813355067339558e-02 7.224775352497103675e-01 3.989763564906509349e-07 1.000000000000000000e+00 4.207178980078089958e-11 0.000000000000000000e+00 7.517315210710618922e-01 6.297936761377547210e-01 0.000000000000000000e+00 1.000000000000000000e+00 9.425698163688805975e-02 9.999980183127084032e-01 1.157616248350634841e-01 0.000000000000000000e+00 0.000000000000000000e+00 1.789025191604315945e-01 0.000000000000000000e+00 1.151048217199554524e-01 0.000000000000000000e+00 3.997112018264947775e-01 0.000000000000000000e+00 0.000000000000000000e+00 5.145857884666525486e-10 6.040000000000000000e+02 -1.417999999999999972e+01
0.000000000000000000e+00 1.996108092477139051e-01 4.268122617606946549e-04 0.000000000000000000e+00 4.453359238907158568e-01 0.000000000000000000e+00 2.701092892729632308e-02 5.803908295311289711e-01 1.342625167110113038e-01 5.460638172123783995e-01 9.719946880102189324e-01 0.000000000000000000e+00 8.499750161189316422e-02 5.454967690254038104e-02 5.724275207969818924e-01 1.845018889706534493e-01 2.254030059678476250e-01 2.910417211202523185e-05 1.096529598795699112e-01 3.158552015414850533e-01 9.341421415884743062e-01 8.183372356422194405e-02 0.000000000000000000e+00 9.772329303669211042e-02 2.593115082038678909e-01 4.617833943996798585e-01 1.856542649115513754e-01 0.000000000000000000e+00 0.000000000000000000e+00 0.000000000000000000e+00 1.975687436599123659e-01 0.000000000000000000e+00 4.360000000000000000e+02 -4.546666666666666856e+00
1.132683637936448828e-01 3.254328671042023835e-01 1.379881215453559462e-01 0.000000000000000000e+00 7.465055469796900989e-02 6.621831103052630008e-01 5.967710408017466370e-03 3.022796001452261044e-02 4.386883947511636128e-01 0.000000000000000000e+00 9.091068378489393087e-01 0.000000000000000000e+00 2.911175281668658132e-01 2.265413222935539483e-01 9.363093560884891420e-02 9.733564812008650424e-01 4.634086514849314886e-01 0.000000000000000000e+00 1.000000000000000000e+00 9.060047901292646033e-01 1.000000000000000000e+00 1.107749826417216317e-02 2.582476778874970473e-05 2.394983660075236898e-05 0.000000000000000000e+00 0.000000000000000000e+00 3.802708882713568689e-02 4.848984444279358930e-01 9.999430770017093684e-01 4.287996131619661311e-01 3.982017122140958654e-02 0.000000000000000000e+00 9.200000000000000000e+02 -1.572333333333333449e+01
0.000000000000000000e+00 0.000000000000000000e+00 9.599642590798186659e-03 0.000000000000000000e+00 5.317803309376971906e-08 7.944076631815198686e-03 0.000000000000000000e+00 1.423465626507982862e-01 1.469030254086008125e-01 4.304409956416155314e-01 1.656433131937264103e-01 9.821814704910791782e-02 7.998529926373457721e-01 5.909037536354465603e-01 4.096478792129517599e-01 4.479307998302434202e-01 6.970747745285917896e-01 7.317728352826918803e-02 8.863912269576925684e-01 1.648467627979902372e-01 4.401225698155696309e-01 4.039320917055322924e-01 0.000000000000000000e+00 8.219363959986992763e-01 9.410666815914447980e-02 2.198472965431340700e-02 4.082915179820336693e-01 2.115494859177509679e-01 3.001277121124125147e-01 2.150424273847507950e-01 2.269259611588885905e-03 2.582170105525645187e-01 4.520000000000000000e+02 -1.057333333333333414e+01
5.691019788342094321e-02 2.565834248415768334e-02 2.777438816216348978e-03 3.509789022879977483e-06 2.130136061372740405e-02 6.604698097847341853e-02 0.000000000000000000e+00 9.896240734375441606e-02 0.000000000000000000e+00 4.292286018531722980e-01 7.169115833135616400e-01 0.000000000000000000e+00 9.998929388440008781e-01 4.865375212362332280e-01 2.030412414681288802e-01 7.405996065421367458e-01 9.538560050101598797e-01 0.000000000000000000e+00 1.000000000000000000e+00 8.941172727005369802e-02 8.169464375772054199e-01 3.157611016191848030e-01 0.000000000000000000e+00 9.286983524873209106e-01 3.536893319384672996e-01 0.000000000000000000e+00 2.814190760015621295e-01 0.000000000000000000e+00 4.152010801076979063e-01 3.479562670706008443e-01 0.000000000000000000e+00 4.300089015166146559e-06 8.100000000000000000e+02 -1.504000000000000092e+01
0.000000000000000000e+00 0.000000000000000000e+00 5.142280798936587488e-02 0.000000000000000000e+00 1.656721617324704576e-01 1.726333359794889055e-02 2.486404867487122528e-01 2.887691510148489640e-02 4.731334723013294434e-03 4.886359944451202503e-02 9.847363779340325696e-01 2.116329745369511725e-02 9.611221100373760207e-01 2.631842510454293071e-01 6.259068628601357487e-01 6.283706656624108433e-01 4.345543687786589809e-02 2.272118282836353004e-02 1.000000000000000000e+00 1.000000000000000000e+00 9.858449617893570993e-01 1.930393164778311521e-03 9.988242068951029562e-02 0.000000000000000000e+00 1.230533415909185581e-03 3.130465085367823974e-01 7.082140530689100093e-03 3.156914271582356712e-01 1.829696319432577711e-02 4.724804962716823431e-02 7.945723309288567002e-03 7.261163168422682390e-02 7.720000000000000000e+02 -1.205333333333333279e+01
0.000000000000000000e+00 0.000000000000000000e+00 0.000000000000000000e+00 0.000000000000000000e+00 0.000000000000000000e+00 5.420566020202235297e-02 0.000000000000000000e+00 3.423479585819756699e-02 4.607069831646535586e-03 0.000000000000000000e+00 2.728947530824101242e-01 2.262089520423616121e-02 3.134184306815419041e-01 5.272871203268280071e-01 3.258962830663140065e-03 0.000000000000000000e+00 1.048997887819840824e-01 2.905112506720530230e-01 9.559698808050171026e-01 4.233814509325947717e-01 8.113821628273476527e-01 0.000000000000000000e+00 0.000000000000000000e+00 0.000000000000000000e+00 0.000000000000000000e+00 0.000000000000000000e+00 0.000000000000000000e+00 3.847816498513171868e-01 7.695870374962381077e-02 0.000000000000000000e+00 8.741844001668623576e-02 2.976874405840453375e-01 2.980000000000000000e+02 -5.743333333333333179e+00
0.000000000000000000e+00 0.000000000000000000e+00 0.000000000000000000e+00 1.261496993981357263e-02 3.354150205503891868e-01 0.000000000000000000e+00 0.000000000000000000e+00 0.000000000000000000e+00 4.926801884703698592e-02 1.682895604838838544e-01 4.675405339352001755e-01 4.305749334555105182e-03 1.000000000000000000e+00 1.390681690694046610e-03 1.608211066730573513e-01 9.204971713860989890e-01 5.256407860956526790e-01 1.955405214506541686e-02 9.916901723891442533e-01 5.794869660215024032e-01 5.073851325531240075e-01 9.083508587408644849e-04 0.000000000000000000e+00 5.753329942550477333e-02 3.277037313820079234e-01 0.000000000000000000e+00 9.441019374965161945e-06 0.000000000000000000e+00 7.836993047870367546e-01 0.000000000000000000e+00 0.000000000000000000e+00 0.000000000000000000e+00 5.920000000000000000e+02 -1.215666666666666629e+01
8.218178479243817280e-01 7.296380478555913873e-01 6.106164149233742622e-01 9.642790023956525625e-01 4.429060185813254828e-03 3.529306109814986381e-02 3.207464419460350769e-01 9.897832757625846245e-01 1.445298118007418697e-01 3.120485317467111552e-01 9.085585373706643875e-01 3.818320892373043840e-01 1.305753321936185818e-02 8.283433179535543145e-01 1.973042442160156257e-02 3.992935930679204493e-01 1.727267876889443388e-01 9.952239289094351182e-01 9.773813543838614226e-01 5.274782598162276459e-01 5.750928875870707779e-01 1.907582246376409579e-02 0.000000000000000000e+00 2.303668157069468647e-01 9.543878466279236417e-01 1.000000000000000000e+00 4.866412135178160292e-01 2.559127434519424260e-01 9.931254703297510700e-01 6.538146111835828611e-01 1.536326752959863429e-01 2.485851965846304357e-01 1.412000000000000000e+03 -1.161333333333333506e+01
6.633642457153371289e-04 0.000000000000000000e+00 2.845331628758849818e-01 3.257481459194795648e-02 7.276076144463768103e-02 0.000000000000000000e+00 0.000000000000000000e+00 0.000000000000000000e+00 2.032872613628462083e-02 3.393234534848420525e-01 8.223448968171120921e-01 0.000000000000000000e+00 5.570344296342784052e-01 1.134567910537174068e-01 3.166346369124777849e-01 2.362546138696855307e-03 3.417634987183118533e-01 5.171299096701453823e-02 3.350984549515004240e-01 0.000000000000000000e+00 1.624038456571979538e-01 0.000000000000000000e+00 7.267986202815172880e-02 3.422675163678664534e-01 1.801889336560816846e-01 0.000000000000000000e+00 2.141667546215712814e-01 8.946040420457703640e-05 6.941400256602158203e-01 0.000000000000000000e+00 2.022090026743593102e-02 3.764883129114753313e-01 2.140000000000000000e+02 -2.406666666666666732e+00
0.000000000000000000e+00 0.000000000000000000e+00 0.000000000000000000e+00 3.517319528326234290e-01 0.000000000000000000e+00 0.000000000000000000e+00 2.136411753307847494e-01 0.000000000000000000e+00 0.000000000000000000e+00 0.000000000000000000e+00 9.999905046377258744e-01 0.000000000000000000e+00 8.495465320039524704e-01 0.000000000000000000e+00 0.000000000000000000e+00 7.659515730542247880e-01 7.980365294427489709e-02 5.524083756932529621e-02 1.000000000000000000e+00 1.461600060173997434e-02 9.945319303762869545e-01 4.023580501274677257e-01 0.000000000000000000e+00 0.000000000000000000e+00 7.168638016394204837e-02 0.000000000000000000e+00 0.000000000000000000e+00 0.000000000000000000e+00 4.852972587664042270e-01 4.759638644256319884e-01 0.000000000000000000e+00 0.000000000000000000e+00 6.080000000000000000e+02 -1.016666666666666785e+01
0.000000000000000000e+00 0.000000000000000000e+00 2.604582877184116185e-01 1.825921187740446039e-01 2.395868551718915995e-03 0.000000000000000000e+00 0.000000000000000000e+00 0.000000000000000000e+00 0.000000000000000000e+00 8.629785312565677047e-02 8.587279626595640813e-01 0.000000000000000000e+00 1.126050164036420803e-01 1.812753763067196083e-03 5.847350293424959933e-01 9.635975545602588621e-01 3.114495967379000141e-01 8.122808953688405165e-01 9.331809844609302573e-02 6.315585477109223952e-03 1.367785993630021568e-01 0.000000000000000000e+00 1.739523073281560445e-02 0.000000000000000000e+00 3.904519601630603715e-02 0.000000000000000000e+00 1.358502530005885897e-03 2.107789511405616378e-01 1.363764847394996760e-01 0.000000000000000000e+00 0.000000000000000000e+00 2.292443615060346385e-01 4.220000000000000000e+02 -4.163333333333333108e+00
7.863890403080905367e-01 7.344125485535645259e-01 4.005326892329104105e-01 2.282223778928703881e-08 4.390581277904178070e-01 2.614501701317631932e-01 4.154965282383557001e-01 2.282223778928703881e-08 0.000000000000000000e+00 4.084914144654148288e-02 7.529229516724150750e-01 3.117255178115900700e-03 4.675381343516180066e-01 1.457537481857147784e-03 5.377179318417714127e-01 5.180955955231431043e-01 1.590379854202385868e-01 1.016404475850053203e-02 1.000000000000000000e+00 1.454163848972478542e-03 5.910611915610447520e-01 2.688367970047600974e-01 0.000000000000000000e+00 8.507626373088063021e-01 3.077570742142931581e-01 1.517069361341926594e-05 0.000000000000000000e+00 0.000000000000000000e+00 9.815276634199935346e-01 0.000000000000000000e+00 7.689587046984115437e-01 4.162970894875357708e-02 7.360000000000000000e+02 -6.780000000000000249e+00
0.000000000000000000e+00 0.000000000000000000e+00 0.000000000000000000e+00 0.000000000000000000e+00 0.000000000000000000e+00 0.000000000000000000e+00 0.000000000000000000e+00 1.270160289640404061e-01 0.000000000000000000e+00 0.000000000000000000e+00 1.000000000000000000e+00 0.000000000000000000e+00 1.000000000000000000e+00 4.988319507058116506e-06 2.775124409969376149e-01 1.000000000000000000e+00 7.284941285739999772e-01 1.069313715817554653e-07 1.000000000000000000e+00 2.239182159249933704e-02 8.544546516188007423e-01 0.000000000000000000e+00 0.000000000000000000e+00 0.000000000000000000e+00 3.811763295054631379e-02 0.000000000000000000e+00 0.000000000000000000e+00 0.000000000000000000e+00 9.996936514025843712e-01 1.128045770742370580e-03 5.138038537380202886e-01 0.000000000000000000e+00 8.340000000000000000e+02 -1.459666666666666401e+01
0.000000000000000000e+00 3.200482696555432272e-01 0.000000000000000000e+00 4.795958808199812101e-03 3.397165863726756690e-02 0.000000000000000000e+00 0.000000000000000000e+00 0.000000000000000000e+00 0.000000000000000000e+00 3.684973002114783625e-01 3.841553190374651927e-01 2.569738232256524695e-05 6.791156279692630582e-01 3.080288625320949381e-01 3.274726013952126702e-01 1.000000000000000000e+00 8.747501571132415554e-01 7.747387967147116583e-02 9.999999999566314690e-01 3.207643817319877355e-01 2.352330680524134243e-01 2.878659190002096947e-04 5.956437608377949393e-11 6.530029720166532492e-01 5.624601476369373715e-02 1.989278847260893528e-03 0.000000000000000000e+00 0.000000000000000000e+00 9.788672836664447097e-01 0.000000000000000000e+00 8.725241054679826191e-02 3.161718677985926595e-02 6.660000000000000000e+02 -1.170999999999999908e+01
0.000000000000000000e+00 0.000000000000000000e+00 0.000000000000000000e+00 4.071704918661531170e-03 3.730748306635143230e-01 0.000000000000000000e+00 0.000000000000000000e+00 5.149900440695763804e-01 0.000000000000000000e+00 2.055878903971452010e-01 7.800567382856935517e-01 5.664276141165556361e-02 9.146324303183022142e-01 1.900383581428759239e-02 5.384589714801505389e-01 8.373804117994942953e-01 8.851781676947593214e-01 3.038052917667276032e-01 1.000000000000000000e+00 9.585584371197041209e-01 2.290278331447377635e-01 0.000000000000000000e+00 0.000000000000000000e+00 0.000000000000000000e+00 7.086473911592510166e-01 1.695094077170895830e-02 1.877878541905940446e-01 0.000000000000000000e+00 1.000000000000000000e+00 1.215073594092139046e-02 0.000000000000000000e+00 9.180292751990398823e-04 8.940000000000000000e+02 -1.544333333333333336e+01
0.000000000000000000e+00 1.261172370981952784e-01 0.000000000000000000e+00 6.306602682114121894e-01 0.000000000000000000e+00 5.079127765808458261e-02 3.893338271725578330e-04 0.000000000000000000e+00 1.345270992360115495e-03 0.000000000000000000e+00 0.000000000000000000e+00 0.000000000000000000e+00 0.000000000000000000e+00 5.643398566215149792e-01 8.024885717607095972e-04 3.518613625363304492e-02 0.000000000000000000e+00 0.000000000000000000e+00 4.267524615966932378e-04 0.000000000000000000e+00 0.000000000000000000e+00 0.000000000000000000e+00 0.000000000000000000e+00 8.769340377357496275e-01 0.000000000000000000e+00 0.000000000000000000e+00 0.000000000000000000e+00 3.731930070965201462e-01 1.605556443977975908e-02 0.000000000000000000e+00 8.228971585784743414e-01 0.000000000000000000e+00 3.020000000000000000e+02 -3.166666666666666519e+00
3.766099388023375766e-03 0.000000000000000000e+00 0.000000000000000000e+00 1.873593057361248315e-01 0.000000000000000000e+00 0.000000000000000000e+00 0.000000000000000000e+00 0.000000000000000000e+00 0.000000000000000000e+00 4.093675941478683300e-02 4.619801943331622862e-01 5.016036165727319864e-04 3.218462456003486766e-02 9.422231576384715117e-06 3.274430365730301995e-02 2.082686218119925714e-01 3.153467387853361309e-02 0.000000000000000000e+00 9.140868508639916901e-02 3.091699104439343468e-02 6.653228410257737702e-01 3.133048048649083716e-03 0.000000000000000000e+00 0.000000000000000000e+00 0.000000000000000000e+00 0.000000000000000000e+00 0.000000000000000000e+00 2.400673985783057310e-02 0.000000000000000000e+00 0.000000000000000000e+00 0.000000000000000000e+00 0.000000000000000000e+00 1.120000000000000000e+02 -2.603333333333333499e+00
0.000000000000000000e+00 0.000000000000000000e+00 0.000000000000000000e+00 0.000000000000000000e+00 4.850547256474062596e-01 1.144254623966668889e-02 2.066616733917363367e-03 0.000000000000000000e+00 0.000000000000000000e+00 3.791148788505292466e-01 6.298604598434185409e-01 0.000000000000000000e+00 1.000000000000000000e+00 4.247571918852897088e-01 0.000000000000000000e+00 9.356406249016543386e-01 6.974580754504160485e-01 0.000000000000000000e+00 1.000000000000000000e+00 9.748833264481439722e-04 7.449331585125731348e-01 5.695842045365671208e-02 0.000000000000000000e+00 2.156389413072246908e-01 0.000000000000000000e+00 0.000000000000000000e+00 0.000000000000000000e+00 0.000000000000000000e+00 2.540409903940549219e-01 0.000000000000000000e+00 1.253498534463154575e-02 0.000000000000000000e+00 5.940000000000000000e+02 -1.316999999999999993e+01
0.000000000000000000e+00 0.000000000000000000e+00 0.000000000000000000e+00 1.210608495712765936e-01 0.000000000000000000e+00 0.000000000000000000e+00 0.000000000000000000e+00 6.334941110414857995e-03 0.000000000000000000e+00 0.000000000000000000e+00 1.000000000000000000e+00 0.000000000000000000e+00 0.000000000000000000e+00 0.000000000000000000e+00 0.000000000000000000e+00 2.730438195328639406e-01 0.000000000000000000e+00 0.000000000000000000e+00 1.057650126402159656e-02 0.000000000000000000e+00 4.496141273271238581e-01 0.000000000000000000e+00 0.000000000000000000e+00 0.000000000000000000e+00 0.000000000000000000e+00 0.000000000000000000e+00 1.249485901600762838e-01 7.343148057689818931e-03 4.316519100053781699e-01 0.000000000000000000e+00 0.000000000000000000e+00 0.000000000000000000e+00 2.200000000000000000e+02 -3.873333333333333517e+00
1.363168625435925707e-01 0.000000000000000000e+00 1.325270075931634164e-02 7.869630571413500572e-03 0.000000000000000000e+00 0.000000000000000000e+00 4.235099797787488830e-03 3.780586963973311260e-02 0.000000000000000000e+00 1.707626271770413262e-01 4.800059632897314965e-01 3.315457093031298069e-02 5.203899656081675262e-01 1.384346397913890220e-02 0.000000000000000000e+00 2.573205689742786850e-01 3.661490742684724853e-01 2.471840886716498726e-03 9.257161688872121985e-01 3.535952337111108318e-02 1.962175330502234083e-01 3.783635406818894472e-04 2.288587534858428640e-02 0.000000000000000000e+00 0.000000000000000000e+00 0.000000000000000000e+00 0.000000000000000000e+00 0.000000000000000000e+00 1.858131858864307123e-02 0.000000000000000000e+00 2.449418852388859793e-07 2.708281761995691150e-01 2.320000000000000000e+02 -4.753333333333333854e+00
2.064314098092251415e-02 3.837346198189790780e-02 5.903983769633793649e-02 0.000000000000000000e+00 1.660618233385455222e-01 0.000000000000000000e+00 0.000000000000000000e+00 2.321694805026026324e-03 3.436278699310868490e-02 3.423595924623567543e-01 6.445464612397238113e-01 3.838253753185173062e-02 9.852258366537539613e-01 3.622963177759497277e-01 5.740259478557400985e-02 7.335867977518525374e-01 7.079957882518937984e-01 6.878222771682419596e-04 8.679959505102514683e-01 4.960150854973521262e-01 7.597153216683468768e-01 1.708637358394072062e-03 5.815348659286198596e-02 4.554368079808766151e-02 1.792865117406899633e-01 0.000000000000000000e+00 1.903310005004266448e-01 0.000000000000000000e+00 8.967203307711170412e-02 5.594415946127303391e-02 1.567272486960538391e-01 0.000000000000000000e+00 5.340000000000000000e+02 -1.403333333333333321e+01
0.000000000000000000e+00 1.457461558183434092e-01 7.024744441805511608e-01 1.020541576939509587e-01 6.964336309667192859e-01 0.000000000000000000e+00 1.711905334477842600e-01 0.000000000000000000e+00 0.000000000000000000e+00 1.528655777369190283e-01 0.000000000000000000e+00 8.677208089770922506e-01 5.365417711400354284e-01 7.473360310906151938e-01 8.704193598290519418e-01 1.000000000000000000e+00 4.148210727596716718e-01 0.000000000000000000e+00 9.860880532301340429e-01 2.540301295171620288e-01 7.633287094950236273e-02 0.000000000000000000e+00 3.577071487378621212e-02 0.000000000000000000e+00 1.452711376083326844e-01 7.100554254681700206e-01 2.304232111071337352e-01 3.780284048268368197e-02 8.594347569864289049e-01 0.000000000000000000e+00 1.000000000000000000e+00 8.467891716433342264e-01 1.066000000000000000e+03 -1.004666666666666508e+01
0.000000000000000000e+00 5.780658372969819936e-02 2.754879734306395767e-01 0.000000000000000000e+00 4.829816962156376937e-03 4.081430908373930022e-02 2.383219629069590605e-11 0.000000000000000000e+00 0.000000000000000000e+00 8.123441330768109100e-05 9.446210604300331369e-04 0.000000000000000000e+00 3.968140849825462779e-01 3.575464245904529381e-01 1.912699043121323383e-01 6.461822223770146145e-01 0.000000000000000000e+00 2.836538051978333957e-03 9.468190215613573324e-01 8.186470638842660574e-02 3.605815166112012471e-01 1.199770753216030875e-05 4.201865740029748833e-06 0.000000000000000000e+00 5.463082542534220855e-03 0.000000000000000000e+00 4.086910071490527197e-05 2.011660213216132087e-01 2.375031195398424888e-01 6.493891445886599190e-05 1.067974329457978223e-03 2.447491478610253856e-06 2.460000000000000000e+02 -5.283333333333333215e+00
0.000000000000000000e+00 2.126553504030123455e-06 6.188432022829475510e-04 0.000000000000000000e+00 0.000000000000000000e+00 9.458322772810544288e-02 0.000000000000000000e+00 0.000000000000000000e+00 4.615056472833641357e-04 3.115793977667276060e-01 1.058391821350801870e-01 0.000000000000000000e+00 9.969608356864982923e-01 3.388626294559764496e-01 2.111260713037314551e-01 4.166880056606548921e-01 7.985435839280325965e-01 0.000000000000000000e+00 6.703042990640292187e-01 3.032343247111376483e-01 5.191415022445664551e-01 2.552024212637221678e-01 0.000000000000000000e+00 0.000000000000000000e+00 2.073282875412824772e-02 1.067291172181289785e-02 1.766498854238243710e-02 0.000000000000000000e+00 3.430747472385407559e-01 0.000000000000000000e+00 0.000000000000000000e+00 0.000000000000000000e+00 3.300000000000000000e+02 -8.650000000000000355e+00
2.084610141195373080e-04 0.000000000000000000e+00 2.311013607300332895e-02 9.107183302073795783e-02 1.876326575474663305e-01 4.316571611042187284e-02 9.865990853178516207e-02 2.546972885361160552e-02 6.696826502652458192e-03 5.898288985662656358e-01 4.576558272134533256e-01 9.801165922734857410e-04 4.764334053578881956e-01 7.355663027955556821e-01 4.642225187689095200e-01 3.114018088784354932e-01 9.847886986629814654e-01 4.798565448109292086e-01 9.856566371242666547e-01 1.169474159169082150e-01 5.045635790188707226e-01 1.165195764217270558e-01 2.895155531399278351e-02 6.204000465634913475e-01 0.000000000000000000e+00 8.011807039396744157e-02 9.377374464596093320e-03 2.740623309575724309e-01 3.183978817935449457e-01 0.000000000000000000e+00 1.811355368273470309e-02 3.144693765442985733e-01 5.300000000000000000e+02 -7.030000000000000249e+00
0.000000000000000000e+00 1.019368786040014511e-02 6.336926582123633689e-02 0.000000000000000000e+00 2.028554523482349048e-01 0.000000000000000000e+00 0.000000000000000000e+00 4.882818785155718100e-02 0.000000000000000000e+00 1.776735440512272265e-02 6.292650608057449579e-01 0.000000000000000000e+00 9.865481602223341584e-01 5.512132131478026942e-01 1.031618234031230624e-01 1.264730986760222997e-01 8.009760098153495544e-01 0.000000000000000000e+00 7.112232507553705174e-01 3.935901634540446281e-01 6.347181957819526543e-01 3.596917338414351017e-01 6.282183324998485974e-02 2.111740444687345772e-02 0.000000000000000000e+00 0.000000000000000000e+00 1.158083325094393379e-01 5.207749768813754732e-02 4.451116482929293183e-02 1.348625966112162143e-02 5.612609923626685204e-02 1.988313556419911143e-01 3.720000000000000000e+02 -7.290000000000000036e+00
1.190867291267347708e-02 5.140766288048735644e-02 6.174845230830049436e-01 5.887615605239557379e-04 0.000000000000000000e+00 5.346308829710813559e-02 0.000000000000000000e+00 9.045396011342154985e-01 1.393912812213058197e-02 3.887966887235005942e-02 6.474535715448690443e-01 8.558643573101097635e-02 1.000000000000000000e+00 8.003679751083336846e-01 7.357319166317148607e-02 8.436496701998402736e-01 6.630282736241714936e-01 2.211246264264501715e-01 9.715210463480863368e-01 5.204189253982446361e-01 7.539704634191729538e-01 5.028322180769782823e-02 5.389574030346773112e-03 6.720914895990628413e-01 2.130790744760076572e-01 5.104599870353677266e-02 8.788881046106068462e-01 4.232339224730342075e-01 1.110802993754269469e-01 0.000000000000000000e+00 0.000000000000000000e+00 2.607418377876005375e-02 8.980000000000000000e+02 -1.395333333333333314e+01
0.000000000000000000e+00 2.188171124546345065e-03 0.000000000000000000e+00 3.415627597551828543e-01 8.582776859559985982e-02 1.328976501027924750e-01 0.000000000000000000e+00 7.999586489697415800e-03 0.000000000000000000e+00 1.145424591290829658e-01 4.344121248683747299e-02 0.000000000000000000e+00 9.153059645624855856e-01 0.000000000000000000e+00 7.367416343436683501e-01 4.615051699304389965e-01 4.821698726237277910e-01 0.000000000000000000e+00 5.366216140834648707e-01 0.000000000000000000e+00 0.000000000000000000e+00 0.000000000000000000e+00 1.313912209198701275e-01 0.000000000000000000e+00 7.285230419671931412e-02 0.000000000000000000e+00 0.000000000000000000e+00 0.000000000000000000e+00 7.879920017537297428e-01 0.000000000000000000e+00 1.658774771850576521e-02 0.000000000000000000e+00 3.620000000000000000e+02 -6.980000000000000426e+00
0.000000000000000000e+00 3.598166520553559844e-02 6.422931332813679173e-02 0.000000000000000000e+00 0.000000000000000000e+00 0.000000000000000000e+00 0.000000000000000000e+00 0.000000000000000000e+00 4.542409032432262136e-04 2.661907984815472736e-02 1.203084797956626983e-01 5.202979471211214291e-01 1.000000000000000000e+00 2.953107272333282962e-01 4.210249151455244254e-01 2.532002944549180956e-01 9.909798129445063219e-01 8.988361848531663256e-02 1.000000000000000000e+00 4.199143717261465958e-01 3.515611320446050958e-01 1.041725156148252951e-01 1.883251109148336919e-02 0.000000000000000000e+00 0.000000000000000000e+00 3.503350486936763607e-03 4.316427804043263677e-02 0.000000000000000000e+00 0.000000000000000000e+00 2.215281060554094295e-01 0.000000000000000000e+00 6.305260376377906303e-04 4.840000000000000000e+02 -9.013333333333333641e+00
0.000000000000000000e+00 1.624521664977924332e-08 1.298190645492217480e-07 0.000000000000000000e+00 1.894540110926388188e-01 0.000000000000000000e+00 3.108141882100812202e-06 9.250062626431750021e-08 2.398482821051457249e-03 1.464816997443962321e-01 1.883390544770097430e-01 0.000000000000000000e+00 9.999171806394721029e-01 3.138321731051640917e-01 0.000000000000000000e+00 6.623182655273137653e-01 9.999999946308031351e-01 7.366037875343938801e-05 9.999998282241345793e-01 2.375083624125870520e-05 7.831834370686475699e-01 2.797284418167105269e-01 2.854081480196389643e-10 1.066279523291821102e-01 3.333541274287866174e-01 9.396427354951560688e-08 4.697472293895764150e-01 9.490673407901445424e-02 5.395141709540117144e-05 6.516350295777216249e-07 1.973760168265189796e-01 0.000000000000000000e+00 5.700000000000000000e+02 -1.423333333333333428e+01
1.511139488690297836e-02 0.000000000000000000e+00 3.350670167046128356e-02 7.905667965368582271e-06 3.673695256784356711e-01 5.368605284982818082e-01 3.007678218820864988e-02 0.000000000000000000e+00 1.035465540899511007e-04 9.663667312432949741e-01 8.407477835871882133e-03 3.797709996602667559e-02 1.320485974644288740e-01 0.000000000000000000e+00 5.533613269007172096e-09 2.329289390916097768e-02 6.203413786236390282e-01 1.022469930448266784e-01 8.458052270837130848e-01 9.503400512429847902e-02 1.972250601887044069e-02 4.728703419141942060e-02 0.000000000000000000e+00 0.000000000000000000e+00 0.000000000000000000e+00 2.830443096898719313e-01 3.907998395145078074e-01 5.161214276652326212e-13 6.698349528040784540e-01 8.500383173578862639e-02 0.000000000000000000e+00 7.646631191113277548e-02 3.400000000000000000e+02 -4.226666666666666572e+00
2.627048952401187520e-01 1.368436233914487876e-01 1.837421703211436219e-01 5.003617621757997652e-02 3.788547893182881432e-01 5.873208335315251161e-02 5.157321400532949990e-02 3.234666399121780000e-01 1.281578997205817718e-03 3.439462486194498347e-01 5.326399222524658139e-01 0.000000000000000000e+00 9.747886736748063718e-01 4.908780735534915007e-01 7.754911106367080587e-01 9.886877973132671693e-01 8.981234517707487042e-01 4.435467606653955563e-01 9.285022160726110751e-01 2.347238291951171674e-01 9.906961779744720697e-01 2.424263681968157405e-02 4.363637708592159603e-01 3.002174734071341288e-03 4.893118355578236489e-01 6.670289029741810483e-01 2.861710124655234555e-01 0.000000000000000000e+00 6.627946610987884846e-01 4.889629761216128800e-01 3.122444918312284323e-01 7.760797814158854058e-02 9.360000000000000000e+02 -1.818666666666666742e+01
0.000000000000000000e+00 0.000000000000000000e+00 9.208185642515618330e-01 0.000000000000000000e+00 0.000000000000000000e+00 3.231400033368911351e-01 8.372935488092708711e-02 0.000000000000000000e+00 2.039499554902864803e-02 2.732891529131831893e-02 2.533162198885758887e-01 0.000000000000000000e+00 6.438292736820621087e-01 5.598468248554817617e-01 0.000000000000000000e+00 0.000000000000000000e+00 9.848670240603580872e-01 7.681740603759200023e-03 1.000000000000000000e+00 0.000000000000000000e+00 3.428730311089973892e-02 7.679015704901639428e-01 0.000000000000000000e+00 5.307446837649896360e-02 0.000000000000000000e+00 0.000000000000000000e+00 1.000000000000000000e+00 0.000000000000000000e+00 7.131451233080202123e-02 7.738344256497690574e-03 1.846641147243966349e-05 0.000000000000000000e+00 6.820000000000000000e+02 -1.060999999999999943e+01
1.258054918867962946e-01 2.087064507049539528e-03 4.072852443267493310e-04 0.000000000000000000e+00 9.041312790865221327e-01 1.127709253484391987e-02 0.000000000000000000e+00 9.979261844155992156e-01 1.992230075105034734e-02 3.644329780562550683e-05 1.242616051806366521e-02 0.000000000000000000e+00 7.070609535149465774e-01 6.098388030768855383e-01 9.114073958975932310e-02 1.015244446629909592e-01 6.890877987557438855e-01 5.226922262803764818e-01 9.829144508678676617e-01 2.671200438293571677e-01 4.026669360409271259e-02 6.214726143524759022e-02 0.000000000000000000e+00 0.000000000000000000e+00 9.189691652503269303e-02 3.492817547093577529e-02 3.947853544526054304e-01 3.371098055269121097e-01 1.223580221858061806e-03 2.303447792081323928e-02 1.001344342337435467e-01 0.000000000000000000e+00 5.600000000000000000e+02 -7.100000000000000533e+00
4.127619461992350636e-01 2.649364018090300443e-05 0.000000000000000000e+00 2.829318715568837628e-01 1.717470172813256313e-01 5.839199519316475804e-05 2.883606933811420081e-01 0.000000000000000000e+00 6.524870999456316989e-01 1.000000000000000000e+00 1.303447188633373270e-02 1.372069346825411096e-01 9.744894680563064293e-01 2.569611549440213305e-01 3.663240990275564712e-01 7.660035636815889504e-01 1.000000000000000000e+00 1.493638595655918389e-01 1.000000000000000000e+00 7.145735714055362342e-01 3.340028141135127360e-01 5.245789354340827382e-01 1.977580374680821141e-03 2.280659399470633120e-01 3.706091659631318702e-01 4.633476292140059519e-05 1.139334241846573920e-01 0.000000000000000000e+00 1.163231886271149165e-02 0.000000000000000000e+00 3.681689312158258477e-04 0.000000000000000000e+00 7.760000000000000000e+02 -1.318999999999999950e+01
2.817264200434165811e-01 1.789716152216855880e-03 3.524271376795311272e-02 0.000000000000000000e+00 0.000000000000000000e+00 0.000000000000000000e+00 5.579603824926084726e-03 2.686552449631576800e-01 2.672898910478052614e-01 4.264498271318832301e-01 3.345563694114755959e-01 0.000000000000000000e+00 7.389588317115325378e-01 5.717401661341241503e-01 4.002599643338895508e-01 6.331772170878281758e-02 9.436907366950637588e-01 4.499466936094042580e-01 9.702700354755547929e-01 4.518083315945126133e-01 1.920219987636999359e-02 4.218681423550601495e-01 1.496084667180745675e-01 2.645299362418320616e-02 9.398415787467264489e-05 2.780785098798846042e-02 7.588805017444966161e-01 7.689534555396855542e-02 6.636890088146928102e-02 6.819530176919662810e-03 6.324441377370415562e-02 7.064209019009339355e-03 5.300000000000000000e+02 -9.009999999999999787e+00
6.908819770588148224e-02 1.519069089395721217e-01 6.544324684571649342e-02 9.657106598077244350e-03 1.873290552231967054e-01 4.206813089495199665e-02 2.836137858081732438e-02 9.267474058226263245e-02 2.981418025598829291e-01 1.252238569369402976e-02 2.625515908285071254e-02 7.517464223261347001e-02 9.631494908304321090e-01 8.738478376019510607e-01 7.665545353276556062e-01 1.247797155245815443e-01 6.418030888546122359e-01 1.246021406142657356e-01 3.976080136145584421e-01 1.371229360484987059e-01 2.481703523341222961e-01 3.930274652191368956e-01 1.429545633306585906e-01 7.686127782138801878e-01 2.552723148135404088e-02 1.796430429239866469e-02 8.021325577535474982e-02 3.112398771890597660e-01 9.974773086761422602e-01 2.103888649527663190e-01 3.766809402107914040e-01 6.480974466498942710e-02 6.360000000000000000e+02 -7.559999999999999609e+00
1.788626591986871781e-02 6.766098252557371095e-07 1.679670006200676986e-03 0.000000000000000000e+00 9.731207916230055766e-01 2.087266798110872790e-01 1.112383535007610558e-02 1.030366886578144986e-01 1.988131473000339169e-03 6.388955275999342828e-05 3.869472849580943286e-01 2.790531854411372245e-05 9.812766684338549705e-01 5.077307429026314267e-01 2.888152829619656248e-01 6.517886188994056473e-01 8.782420017679782864e-01 8.259957327264929466e-07 1.000000000000000000e+00 8.305404580903796852e-01 9.154271772994830858e-01 1.397111119877305629e-01 1.062549150852153032e-06 0.000000000000000000e+00 0.000000000000000000e+00 0.000000000000000000e+00 9.600062881471617404e-03 9.097312631794310378e-02 5.301222924842076134e-01 5.307764175336131540e-01 4.112960131920165296e-02 0.000000000000000000e+00 8.420000000000000000e+02 -1.279999999999999893e+01
0.000000000000000000e+00 0.000000000000000000e+00 0.000000000000000000e+00 8.159924492927127107e-04 1.831771188926303584e-01 0.000000000000000000e+00 0.000000000000000000e+00 5.395869039273600010e-02 0.000000000000000000e+00 1.989945315598402875e-01 2.229934750642881172e-04 0.000000000000000000e+00 1.000000000000000000e+00 1.430163185326550068e-01 3.663380487300985089e-01 6.059236130817109434e-01 5.796390634978690892e-01 0.000000000000000000e+00 9.318416949219987533e-01 4.837339879265207809e-01 3.382720379612697559e-01 2.039348630477549329e-01 0.000000000000000000e+00 1.143543335009269794e-03 0.000000000000000000e+00 0.000000000000000000e+00 8.681862075469300166e-02 5.652645922132248923e-02 0.000000000000000000e+00 7.519700063603611262e-02 2.387132130831836013e-04 0.000000000000000000e+00 4.100000000000000000e+02 -9.660000000000001918e+00
1.168852523999168230e-03 0.000000000000000000e+00 2.519364775873542822e-02 0.000000000000000000e+00 6.328873352264158259e-02 1.301316313367522910e-04 1.072913233705985632e-02 1.175037088861464823e-05 3.699242296809438640e-02 7.001452370335458086e-01 3.471119920826526428e-02 0.000000000000000000e+00 7.946856808815492279e-01 9.817446137109934190e-01 7.870637253493587004e-03 9.741581464670870938e-01 7.879648023186146544e-01 0.000000000000000000e+00 9.658647286305640511e-01 4.657679710501489573e-02 8.805802908235108584e-01 6.492145002270892640e-01 1.902208283205800263e-06 0.000000000000000000e+00 3.891578161823404380e-02 3.580940338543354973e-02 6.128952117172010716e-01 1.902253504993129118e-01 0.000000000000000000e+00 5.301285573501486326e-01 1.931336455150531057e-03 1.902921415009537279e-02 7.980000000000000000e+02 -1.479666666666666686e+01
2.461616011380013125e-01 3.294495283762662388e-04 1.825836818148990626e-01 3.668913021943607800e-01 3.043235299657313540e-04 2.417636133631474293e-03 2.395620627866724972e-02 3.538767110099543477e-04 7.338583200195361589e-02 7.494369900504431470e-02 5.506312639994935809e-01 7.389300023758366143e-02 1.000000000000000000e+00 8.245716145291199783e-01 8.979899453653733543e-01 6.574153702496169371e-01 9.456381128088532373e-01 8.822692182391196347e-01 9.029503436325823085e-01 5.027147673392985683e-02 2.732033483932091045e-04 3.945134951219630981e-01 6.125295398934456070e-01 9.104239584014274245e-01 3.707938342621305838e-01 2.700891799004196975e-04 8.686474298739614852e-01 6.373961246180103180e-01 1.000000000000000000e+00 3.390225461897314330e-01 7.001337294041671822e-01 9.927909101032641459e-01 1.422000000000000000e+03 -1.548666666666666636e+01
1.255467807446293375e-02 1.878397200808825523e-02 2.610667313199339923e-02 1.500722680436911204e-04 5.733044190767010440e-01 1.233678221271505837e-01 7.133230337929115095e-01 7.732099711558801935e-01 4.013714490189944084e-01 9.493030629252744435e-01 5.037216357081359952e-01 1.248818317701921692e-03 1.000000000000000000e+00 6.595609290179452744e-01 9.889858993051866554e-01 9.999519690339307987e-01 9.999761696147714263e-01 4.617774277669394190e-01 6.282461389545032082e-01 1.000000000000000000e+00 3.090906201136541798e-01 5.812358368419001664e-01 7.643637764329616058e-01 7.663338683524384409e-01 2.743074677564015795e-01 3.268260647982443867e-01 5.728163483300764414e-01 0.000000000000000000e+00 2.774262917851795796e-01 1.182394689343892330e-01 1.386266312603582629e-01 9.044684657483765822e-01 1.362000000000000000e+03 -1.633333333333333215e+01
1.686797829251665201e-02 1.704547234235825881e-02 1.998452149937335678e-02 4.268354322082484886e-02 4.477345101583356940e-02 6.691343028411925187e-02 9.657282009686248003e-03 2.182054572063421849e-01 4.229230523932697022e-02 9.895969373891205789e-01 4.973142612688838393e-02 7.373601399933346623e-02 9.465413420607673434e-01 5.383607609759178958e-01 6.726794695183324624e-01 1.781324399941498215e-01 9.995778864466993152e-01 6.626825233024481732e-02 9.618826260455802801e-01 4.360172835804012638e-03 1.275798990733902905e-01 8.234905426622146640e-01 1.391854802024795369e-02 2.402346251619452006e-02 9.805764564179467735e-01 5.905053596186168319e-01 1.509638749516999112e-01 6.367388015309716209e-01 3.006628684033695389e-02 3.115508188469524042e-01 1.298152505646597323e-02 9.201198121537490851e-03 8.720000000000000000e+02 -1.053666666666666707e+01
1.110718373570459550e-01 0.000000000000000000e+00 2.094104685028280743e-04 1.460562308022698561e-05 2.490591460859771511e-01 2.662154444459652325e-02 5.868020118067841795e-03 8.397643047891931514e-03 1.867520750280802361e-02 4.224718120665773013e-01 1.963937489471677400e-01 1.631547142146569720e-02 9.972762514442857773e-01 2.305061932863512186e-01 4.465012196017121293e-01 8.192453906825617471e-01 8.381269447688461938e-01 6.870916455063867148e-09 5.774553073911478096e-01 6.128854587057240844e-01 6.639567419225776979e-01 3.658920218614261088e-01 1.333222661835730682e-01 5.482397089442528279e-06 4.429792462437637170e-05 1.775538668466350792e-02 0.000000000000000000e+00 1.572102134703513010e-01 3.134539402299203470e-01 0.000000000000000000e+00 2.409695495251574504e-01 1.038709103832792264e-03 4.460000000000000000e+02 -1.052333333333333343e+01
2.943279975982837082e-01 0.000000000000000000e+00 9.967399332810422674e-02 1.387472532213271381e-01 3.573906930760517020e-01 1.739163703040856046e-01 0.000000000000000000e+00 4.716117039007793749e-02 0.000000000000000000e+00 4.467446277131063154e-02 2.300197045099886817e-01 0.000000000000000000e+00 9.286372246943422892e-01 0.000000000000000000e+00 0.000000000000000000e+00 6.252364688294875794e-01 1.000000000000000000e+00 0.000000000000000000e+00 7.587478759669173956e-01 1.562794699498911977e-01 2.027182616244048163e-01 5.454651834214380331e-03 1.174758516849589308e-03 0.000000000000000000e+00 3.639686858475036507e-02 5.571115672953388248e-02 3.695788165171992601e-02 0.000000000000000000e+00 0.000000000000000000e+00 0.000000000000000000e+00 5.292571161963342125e-02 0.000000000000000000e+00 4.280000000000000000e+02 -9.226666666666666572e+00
2.512188922937947690e-03 0.000000000000000000e+00 7.671928337981759327e-02 5.571803063093014492e-03 7.546501837218611008e-02 7.880692452738802950e-03 2.849981338195477394e-03 0.000000000000000000e+00 1.374723433641598068e-02 5.210764569639698696e-01 1.073645133029342211e-02 4.548273272342799600e-02 9.972488172862985500e-01 1.202255950099996029e-01 6.967436395753897616e-01 8.367406337351097623e-01 9.820302444209039194e-01 3.424713963341018408e-01 9.847012919397361008e-01 1.159904246188806914e-01 4.086150498232547085e-02 1.181214539458021739e-01 1.101089415874121312e-02 1.568427396490250370e-02 2.719327625034039658e-02 5.894719719125552926e-01 3.854775758303673472e-01 1.207705740149412760e-01 8.512745548974254284e-02 0.000000000000000000e+00 2.784304343228460876e-01 0.000000000000000000e+00 5.920000000000000000e+02 -1.162333333333333307e+01
6.148580963352851675e-02 1.682998933136568343e-04 7.043677610003875600e-01 6.640136183093473150e-03 2.390366776521912207e-01 0.000000000000000000e+00 5.348772324577128097e-04 8.635764631895869181e-01 0.000000000000000000e+00 9.303388283128534164e-01 2.489588555249561685e-01 2.911780872921220994e-02 1.000000000000000000e+00 9.357856701927933507e-01 9.490276672091703114e-01 1.000000000000000000e+00 9.647387062140089231e-01 0.000000000000000000e+00 1.000000000000000000e+00 1.000000000000000000e+00 5.707579827176328946e-01 2.101059659889090714e-01 6.005387799373197028e-03 1.589908451985843352e-01 3.015384420442221436e-01 6.389840515595253123e-01 5.330225656507301402e-01 1.027279043032495454e-01 9.096186119540148329e-01 0.000000000000000000e+00 2.803617678431535865e-02 0.000000000000000000e+00 1.426000000000000000e+03 -2.054333333333333300e+01
4.541947862546387438e-02 7.580880061417707635e-04 2.796823989255069198e-02 2.192064851260527164e-02 2.125172999647224614e-01 0.000000000000000000e+00 6.773515567179032455e-21 1.839768892575256200e-03 3.169837794097566386e-01 6.824520312858195492e-01 0.000000000000000000e+00 0.000000000000000000e+00 9.095763586414814528e-01 7.607070434769986900e-01 3.876953993074603311e-01 9.854278023118040464e-01 8.713521345569155141e-01 2.026211919299897024e-01 8.986715409025386458e-01 6.791696802115022580e-01 6.878548770612445962e-01 7.408543060370552658e-01 9.878194464908077177e-02 0.000000000000000000e+00 2.310235063345838016e-02 1.231466199678698803e-01 2.553271702534925386e-03 6.937716642276291201e-02 0.000000000000000000e+00 4.187372851764382492e-05 3.546933321983156140e-02 1.139757472337133842e-01 7.980000000000000000e+02 -1.656333333333333258e+01
1.283511329553336522e-01 1.285963249242279005e-01 0.000000000000000000e+00 0.000000000000000000e+00 2.732406540961226059e-03 0.000000000000000000e+00 7.088410571423323092e-02 3.107449068045038398e-01 1.000000000000000000e+00 9.691589886397995457e-01 3.284312923687785629e-02 0.000000000000000000e+00 1.000000000000000000e+00 1.000000000000000000e+00 6.448883184243787703e-01 9.969430400555151506e-01 1.000000000000000000e+00 0.000000000000000000e+00 1.000000000000000000e+00 4.600257292411141230e-01 9.987823460302843737e-01 1.000000000000000000e+00 8.633425958377574649e-02 9.455940747443637440e-01 1.320787878458549829e-02 0.000000000000000000e+00 8.228961502236735726e-01 2.559392591151525842e-01 5.164749014785439130e-01 7.580886480570232788e-02 6.931315051025843665e-02 8.274235753968391116e-02 1.452000000000000000e+03 -2.131666666666666643e+01
1.374355412908236963e-03 0.000000000000000000e+00 4.671812040900416574e-02 2.509145631928126272e-02 3.157552958622687062e-02 0.000000000000000000e+00 5.336996360028248634e-03 0.000000000000000000e+00 2.131682003028697106e-02 4.944578759985358007e-01 0.000000000000000000e+00 0.000000000000000000e+00 9.304133137821007926e-01 7.466264964791975434e-01 8.490157050400208572e-02 9.281121760994988090e-01 9.040212040657514825e-01 1.258293729743704958e-01 9.999999987482491859e-01 9.656998927035271851e-01 5.472838001612122527e-01 9.151807768789521624e-01 1.252979689798997820e-01 0.000000000000000000e+00 0.000000000000000000e+00 6.053566407662029511e-05 1.100931035337890874e-09 0.000000000000000000e+00 0.000000000000000000e+00 0.000000000000000000e+00 1.154772018472526723e-01 0.000000000000000000e+00 9.100000000000000000e+02 -1.861333333333333329e+01
5.935442116145094316e-01 7.755736076601826912e-09 1.318640308659546345e-01 5.121373934418649299e-02 8.697439287093624571e-01 5.075418450294835182e-01 0.000000000000000000e+00 1.212491152458350097e-01 2.430333050123985872e-01 5.429122498776939310e-01 5.602195536212895011e-02 9.140148920664677807e-04 9.194547615101247295e-01 8.194790062774865991e-01 6.778983807276091067e-01 9.651987000604071998e-01 9.985195338080542493e-01 0.000000000000000000e+00 8.350019706116984519e-01 3.615503594673544763e-01 7.537394981330221011e-01 1.660763228304358852e-01 3.497376883782450374e-01 5.748580793146905454e-02 4.694368368294375878e-03 4.122173568929948795e-02 7.410659712539889865e-01 1.954216548984993862e-01 1.812357753831825014e-01 1.613251778224371047e-01 3.986628532926073665e-01 4.164069501773162707e-02 9.320000000000000000e+02 -1.401666666666666572e+01
3.660836624922902960e-02 4.619424444286834297e-01 9.906120852076215622e-01 8.575519292459397036e-01 3.913839559336926843e-01 4.357687336879684237e-02 9.606803574966851222e-01 3.422475786624061822e-01 9.990500626775646875e-01 9.971682169111766303e-01 6.382581587668072487e-01 3.900439470350769433e-02 9.611526079167717063e-01 9.930197778548297549e-01 4.557566988096299898e-01 1.290589073184422175e-01 1.198901073265190576e-02 6.281189824591991711e-01 2.125201693929601454e-03 6.834173949348094634e-01 1.895768122425833813e-02 9.248523563492284660e-01 7.038643527419472523e-01 9.075021784726400309e-01 5.531499813109334029e-01 9.719618531539437889e-01 4.935406144743248458e-03 9.810092573057446197e-01 1.688902204027481480e-02 2.590177942354029428e-01 9.415255171586133232e-01 7.829726284571423278e-01 1.814000000000000000e+03 -9.756666666666665932e+00
5.510435942156531874e-01 1.355027114865238107e-09 0.000000000000000000e+00 0.000000000000000000e+00 2.333004804673752819e-01 1.047138343443475700e-01 0.000000000000000000e+00 0.000000000000000000e+00 0.000000000000000000e+00 2.976170843670663535e-01 0.000000000000000000e+00 0.000000000000000000e+00 1.000000000000000000e+00 8.833017567311109153e-02 9.075449193957553229e-01 1.000000000000000000e+00 1.000000000000000000e+00 3.791702960110894527e-02 7.553183889210440816e-01 3.503526006663778003e-01 1.000000000000000000e+00 1.000000000000000000e+00 4.793480266803863965e-01 1.472725339209284392e-03 1.135448603212897874e-03 0.000000000000000000e+00 4.356071522961404291e-02 1.847558977222716614e-01 1.793176765327271147e-02 0.000000000000000000e+00 1.261796380633106729e-02 7.057868646178742586e-03 9.260000000000000000e+02 -1.967000000000000171e+01
0.000000000000000000e+00 0.000000000000000000e+00 2.238075393412268868e-02 0.000000000000000000e+00 3.987447070227931323e-01 2.790147344194276579e-03 0.000000000000000000e+00 0.000000000000000000e+00 0.000000000000000000e+00 5.240219317810361765e-01 0.000000000000000000e+00 0.000000000000000000e+00 1.000000000000000000e+00 2.281912226591707171e-01 9.322084562239096872e-01 1.000000000000000000e+00 9.991488314219357791e-01 1.598872256874919462e-01 1.000000000000000000e+00 7.416158172231326340e-01 6.056035894411070375e-01 6.220806959843576678e-01 5.614150175500060014e-01 0.000000000000000000e+00 0.000000000000000000e+00 0.000000000000000000e+00 0.000000000000000000e+00 1.351774041869416298e-01 0.000000000000000000e+00 0.000000000000000000e+00 0.000000000000000000e+00 9.422323534276443036e-02 8.540000000000000000e+02 -1.600333333333333385e+01
