5.000000000000000000e-01 5.000000000000000000e-01 5.000000000000000000e-01 5.000000000000000000e-01 5.000000000000000000e-01 5.000000000000000000e-01 5.000000000000000000e-01 5.000000000000000000e-01 5.000000000000000000e-01 5.000000000000000000e-01 5.000000000000000000e-01 5.000000000000000000e-01 5.000000000000000000e-01 5.000000000000000000e-01 5.000000000000000000e-01 5.000000000000000000e-01 5.000000000000000000e-01 5.000000000000000000e-01 5.000000000000000000e-01 5.000000000000000000e-01 5.000000000000000000e-01 5.000000000000000000e-01 5.000000000000000000e-01 5.000000000000000000e-01 5.000000000000000000e-01 5.000000000000000000e-01 5.000000000000000000e-01 5.000000000000000000e-01 5.000000000000000000e-01 5.000000000000000000e-01 5.000000000000000000e-01 5.000000000000000000e-01 1.280000000000000000e+02 -3.777272727272727337e+01
5.000000000000000278e-02 7.903225806451613655e-02 1.080645161290322565e-01 1.370967741935483764e-01 1.661290322580645240e-01 1.951612903225806162e-01 2.241935483870967638e-01 2.532258064516129115e-01 2.822580645161290036e-01 3.112903225806451513e-01 3.403225806451612434e-01 3.693548387096773911e-01 3.983870967741935387e-01 4.274193548387096309e-01 4.564516129032257785e-01 4.854838709677418707e-01 5.145161290322580738e-01 5.435483870967742215e-01 5.725806451612903691e-01 6.016129032258064058e-01 6.306451612903225534e-01 6.596774193548387011e-01 6.887096774193548487e-01 7.177419354838709964e-01 7.467741935483871440e-01 7.758064516129031807e-01 8.048387096774193283e-01 8.338709677419354760e-01 8.629032258064516236e-01 8.919354838709677713e-01 9.209677419354838079e-01 9.499999999999999556e-01 1.280000000000000000e+02 -3.401545454545454561e+01
9.499999999999999556e-01 9.209677419354838079e-01 8.919354838709677713e-01 8.629032258064516236e-01 8.338709677419354760e-01 8.048387096774193283e-01 7.758064516129031807e-01 7.467741935483871440e-01 7.177419354838709964e-01 6.887096774193548487e-01 6.596774193548387011e-01 6.306451612903225534e-01 6.016129032258064058e-01 5.725806451612903691e-01 5.435483870967742215e-01 5.145161290322580738e-01 4.854838709677418707e-01 4.564516129032257785e-01 4.274193548387096309e-01 3.983870967741935387e-01 3.693548387096773911e-01 3.403225806451612434e-01 3.112903225806451513e-01 2.822580645161290036e-01 2.532258064516129115e-01 2.241935483870967638e-01 1.951612903225806162e-01 1.661290322580645240e-01 1.370967741935483764e-01 1.080645161290322565e-01 7.903225806451613655e-02 5.000000000000000278e-02 1.280000000000000000e+02 -3.500000000000000000e+01
5.000000000000000278e-02 1.099999999999999867e-01 1.699999999999999845e-01 2.299999999999999822e-01 2.899999999999999800e-01 3.499999999999999223e-01 4.099999999999999201e-01 4.699999999999999178e-01 5.299999999999999156e-01 5.899999999999999689e-01 6.499999999999999112e-01 7.099999999999999645e-01 7.699999999999999067e-01 8.299999999999999600e-01 8.899999999999999023e-01 9.499999999999999556e-01 9.499999999999999556e-01 8.900000000000000133e-01 8.299999999999999600e-01 7.700000000000000178e-01 7.099999999999999645e-01 6.500000000000000222e-01 5.900000000000000799e-01 5.300000000000000266e-01 4.700000000000000289e-01 4.100000000000000311e-01 3.500000000000000888e-01 2.900000000000000355e-01 2.300000000000000933e-01 1.700000000000000400e-01 1.100000000000000977e-01 5.000000000000000278e-02 1.280000000000000000e+02 -4.322454545454545638e+01
9.499999999999999556e-01 8.900000000000000133e-01 8.300000000000000711e-01 7.700000000000000178e-01 7.099999999999999645e-01 6.500000000000001332e-01 5.900000000000000799e-01 5.300000000000000266e-01 4.700000000000000844e-01 4.100000000000000311e-01 3.500000000000000888e-01 2.900000000000000355e-01 2.300000000000000933e-01 1.700000000000000400e-01 1.100000000000000977e-01 5.000000000000004441e-02 5.000000000000004441e-02 1.099999999999999867e-01 1.700000000000000400e-01 2.299999999999999822e-01 2.900000000000000355e-01 3.499999999999999778e-01 4.099999999999999201e-01 4.699999999999999734e-01 5.300000000000000266e-01 5.899999999999999689e-01 6.499999999999999112e-01 7.099999999999999645e-01 7.699999999999999067e-01 8.299999999999999600e-01 8.899999999999999023e-01 9.499999999999999556e-01 1.280000000000000000e+02 -1.760636363636363910e+01
1.499999999999999944e-01 8.499999999999999778e-01 1.499999999999999944e-01 8.499999999999999778e-01 1.499999999999999944e-01 8.499999999999999778e-01 1.499999999999999944e-01 8.499999999999999778e-01 1.499999999999999944e-01 8.499999999999999778e-01 1.499999999999999944e-01 8.499999999999999778e-01 1.499999999999999944e-01 8.499999999999999778e-01 1.499999999999999944e-01 8.499999999999999778e-01 1.499999999999999944e-01 8.499999999999999778e-01 1.499999999999999944e-01 8.499999999999999778e-01 1.499999999999999944e-01 8.499999999999999778e-01 1.499999999999999944e-01 8.499999999999999778e-01 1.499999999999999944e-01 8.499999999999999778e-01 1.499999999999999944e-01 8.499999999999999778e-01 1.499999999999999944e-01 8.499999999999999778e-01 1.499999999999999944e-01 8.499999999999999778e-01 1.280000000000000000e+02 -1.501818181818181763e+01
3.499999999999999778e-01 6.500000000000000222e-01 3.499999999999999778e-01 6.500000000000000222e-01 3.499999999999999778e-01 6.500000000000000222e-01 3.499999999999999778e-01 6.500000000000000222e-01 3.499999999999999778e-01 6.500000000000000222e-01 3.499999999999999778e-01 6.500000000000000222e-01 3.499999999999999778e-01 6.500000000000000222e-01 3.499999999999999778e-01 6.500000000000000222e-01 3.499999999999999778e-01 6.500000000000000222e-01 3.499999999999999778e-01 6.500000000000000222e-01 3.499999999999999778e-01 6.500000000000000222e-01 3.499999999999999778e-01 6.500000000000000222e-01 3.499999999999999778e-01 6.500000000000000222e-01 3.499999999999999778e-01 6.500000000000000222e-01 3.499999999999999778e-01 6.500000000000000222e-01 3.499999999999999778e-01 6.500000000000000222e-01 1.280000000000000000e+02 -3.470909090909091077e+01
5.499596620578787176e-01 6.483548188835264181e-01 4.031573756688733856e-01 1.958032880261222908e-01 2.704009991651217804e-01 5.574613117508135929e-01 2.675124162838839470e-01 9.076545228512565844e-01 9.750881068470830249e-01 5.885783967192788069e-01 8.955207968557677978e-01 2.299666373827536359e-01 1.705502977979132806e-01 4.687976438986074523e-01 6.241754460553111672e-01 6.665951276318247132e-01 2.051066005658749858e-01 5.973376488339716683e-01 9.677507933637109483e-01 7.800854691737262314e-01 6.406054641060090482e-01 2.641205845587580869e-01 5.860846633778217241e-01 2.466163523058121088e-01 5.789845308022084636e-01 3.502848306260404332e-01 5.768673578580290062e-01 8.462947572284763575e-01 6.796250054397709461e-02 6.417819552423570384e-02 8.017540475474302930e-01 9.201571036738644960e-01 1.280000000000000000e+02 -4.160000000000000142e+01
2.622698287316063692e-01 9.632098608288813812e-03 5.165716392603276752e-01 5.768566574680376036e-01 6.782206125259221396e-01 5.876394429973132993e-01 7.841409629724142016e-01 2.733712923657345972e-01 5.365866490939278366e-01 6.474857220674236080e-01 2.002105894633453009e-01 5.133235330574751482e-02 4.634996590896091062e-01 3.494233067375930313e-01 8.326469505674507499e-01 7.920917722293130403e-01 9.072141006962872734e-01 2.441623709352906679e-01 9.592898229432198498e-01 4.486929966054843399e-01 5.155760419871965317e-01 1.376924240280757994e-01 4.736147129171294767e-01 2.752941869705160822e-03 9.218405382814913729e-01 5.337959542312068484e-01 8.455907339814657808e-01 2.146798765276285714e-01 3.532994023657911598e-01 3.627727888303389214e-01 9.088807973080816893e-01 2.804788845225503202e-01 1.280000000000000000e+02 -4.133909090909090622e+01
4.568320962797169787e-02 3.051490326569460398e-01 5.339207433116736068e-01 4.231786628204712297e-01 3.714424855602773690e-01 9.655201246498605616e-02 4.539878766960424583e-01 2.543758490909631687e-01 6.154476124719353569e-01 1.424411261214202085e-01 6.197530597665543706e-01 7.428262150917537276e-01 4.766836470389648750e-01 6.195256419179864249e-01 4.627334587545043343e-01 5.718989194723496094e-01 3.964998813585250415e-01 5.528711660013653217e-01 5.634784228254976490e-01 4.273416344066880979e-01 7.323745718622118317e-02 4.824091070515960089e-01 4.993602555629323425e-01 2.859860885000230502e-01 4.088670828404711299e-01 9.259741498757690925e-01 7.381239520014564182e-01 6.623379503475317065e-02 7.603829072103838183e-01 2.873061297674525325e-02 2.757631347469570726e-01 1.188422140819004528e-04 1.280000000000000000e+02 -3.557909090909090821e+01
1.108854236274403327e-01 8.020463280741055856e-01 3.987387679831667919e-02 5.306552448452588333e-01 1.690724823389042342e-01 1.941550058918840027e-01 6.672020152448396857e-01 5.216592544487079763e-01 7.591107242447833192e-01 4.701420981503642293e-01 8.558172067278746464e-01 3.988685335673073165e-03 8.255225304816352638e-01 7.105970043087763699e-01 7.313327842842698434e-01 3.810121596785737697e-01 1.323896065783160547e-01 6.729775322224155198e-01 5.405281456289311171e-02 1.623242265092037506e-01 7.214112177737848075e-01 4.077397317211129413e-01 7.292913618565513012e-01 5.797639820810640554e-01 2.700521845119230879e-01 1.148560871945959599e-01 9.880947779061752811e-01 7.587113989583544882e-01 7.769569427951709961e-02 9.678333997555792212e-02 8.260722142603905693e-01 6.752998455245114995e-01 1.280000000000000000e+02 -3.026999999999999602e+01
8.151219187652072318e-01 5.274273354498268951e-01 8.840089696714226175e-02 8.657577437215348004e-01 8.170489235953045659e-01 1.728997785095600093e-01 8.597376763527200816e-02 2.227300921166591452e-01 8.770181975038766620e-01 5.465238987703550100e-01 5.750227085209668187e-01 9.094837738667342908e-01 1.317190519742365007e-01 5.852766026733757787e-01 2.273624426507550311e-01 8.574141533763554035e-01 3.579277984943725344e-02 1.121044504710683731e-01 1.415271499575850023e-01 1.892827670307735410e-01 5.473626484477503995e-01 5.062048559307512630e-01 4.101598708152049411e-01 7.753632141739409400e-01 6.988066588893979691e-01 9.457684285631901000e-01 1.290091396514009836e-01 7.810694209659609921e-01 3.940694282110827062e-01 7.597551167281091367e-01 5.816296164502789967e-01 3.923331183724804161e-01 1.280000000000000000e+02 -2.757909090909090821e+01
4.591050636143128583e-01 5.092325236331918248e-01 2.282640202322910594e-01 3.966194208457708981e-01 2.589161625682150358e-01 7.217058786508895318e-01 3.099935391692509312e-01 7.753290855763482758e-01 8.911990174349365690e-01 9.267562749265941813e-01 2.555462952511708408e-01 2.562844118703131446e-01 5.775162499642306768e-01 1.235339311124037526e-01 5.381723576332992920e-01 4.190223334924312315e-01 6.097029087312884066e-01 5.776646672445280295e-01 6.041922216319318695e-01 9.509836399139581786e-01 9.180689862103373899e-01 2.561528899969537365e-01 9.149555899959692373e-02 7.996492890330827441e-01 8.595276342541346981e-01 4.840785281536730822e-01 8.927046735326263915e-01 4.184644965511836179e-01 6.290910135439186091e-01 9.596623114712965474e-01 6.257867655703974741e-01 2.529713565020850208e-01 1.280000000000000000e+02 -3.592454545454545922e+01
5.274725378998119663e-01 7.616191857332329507e-01 2.028930162805723039e-02 2.986216385642636029e-01 7.802308647389010199e-01 2.613616069631805594e-01 3.851069579679903820e-01 5.290700983746573494e-01 1.994192987413544449e-01 7.632663812098308131e-01 8.117577287078682202e-01 8.245061376707836232e-01 6.165929718821653305e-01 3.908627545894065580e-01 1.659677523103299801e-01 3.038322632877170082e-01 9.485023691514835043e-02 2.027045215056932914e-01 8.158104423667598137e-01 5.788345350510143428e-01 9.007850183584172887e-01 3.862613233700117887e-01 8.695581238052343398e-01 5.040644540904849064e-02 4.449657619143447262e-01 1.501247579319612557e-01 3.479795007906889004e-01 7.461404974431096182e-01 8.220068722558889762e-01 2.312390010547759056e-01 7.283603697319512849e-01 4.429342594563137614e-01 1.280000000000000000e+02 -4.315727272727272634e+01
4.189622429399909587e-01 5.950156963764934304e-01 1.956232302657928135e-01 1.853508726728327061e-01 9.162194628558604226e-01 2.263358456959838894e-01 8.204072675851288299e-01 8.261320159691749598e-01 6.821706395524205213e-01 7.828700774298109899e-02 9.600408382523322182e-01 6.489578564513183434e-02 2.798285906948690394e-01 8.652596931720982765e-01 3.675755883992327666e-01 5.204239890893941345e-01 2.537738530991504038e-01 3.513587865211981742e-01 7.218897498517069522e-01 4.409262662328875676e-02 9.330890670613490867e-01 2.219636035033515642e-01 7.713446902778234859e-01 1.367199463379012159e-01 6.481300749357711277e-01 2.575097959158744176e-01 2.011896183999300480e-01 8.886939677521368264e-01 2.583794238057737780e-02 2.016263838163233624e-01 1.883998382452828080e-01 9.324144558164088048e-01 1.280000000000000000e+02 -3.727545454545454362e+01
2.033493168497021164e-01 1.367772968492924901e-01 9.902300033160561510e-01 6.738876016602842745e-01 7.087632017192855294e-01 8.820884372451068822e-01 6.242389430282072604e-01 6.635305267853646161e-01 7.380303866130255575e-01 9.009088951725299221e-01 4.187495933504810641e-01 6.806371369888423173e-01 2.560283819722687926e-01 8.841305054449712930e-01 1.230247788887201960e-01 8.379043239914788499e-01 8.296593187569387684e-01 1.240397769920554144e-01 2.914893502972550898e-01 8.297078784287866826e-01 4.708988843131450830e-01 7.996655863084349836e-01 1.176228535993644603e-01 3.091734393095438294e-01 8.019850339046413756e-01 5.649196821878920555e-02 5.339703560304148722e-01 8.105742130606993223e-01 6.601958738374823499e-01 1.871738025522666216e-01 9.592122367777622394e-01 3.641368397159855386e-01 1.280000000000000000e+02 -3.322090909090908895e+01
4.437627262071762724e-01 1.774492498955551334e-01 6.459583429651035713e-01 6.309325319217399253e-01 4.375849279407079684e-01 4.378458333550104831e-01 9.387857175666242115e-01 1.093355197674352186e-01 8.536561434506964030e-01 5.367740063725827682e-01 6.334623706049895553e-01 8.611030000512015503e-01 8.230705444912143065e-01 4.820058703547920598e-02 6.844843189058332777e-01 3.575942349237061068e-03 8.612525724174530106e-01 2.841471215750552282e-01 6.768812800021503095e-01 3.942892585971513042e-01 9.701184254551863395e-01 3.561080283285736336e-01 4.279282931725567063e-02 1.226759771329126725e-01 1.759817769119534081e-01 9.939394156483850606e-01 4.902954384922211251e-01 7.256460920961930183e-01 6.920537742827067573e-01 5.683037754334501201e-01 6.352892578596985862e-01 4.368146075533703709e-01 1.280000000000000000e+02 -3.015727272727272990e+01
2.647319200621682245e-01 6.185398228603294912e-01 2.764628181481790237e-01 9.547906123593250527e-01 4.927554507243903648e-01 7.819693264566618396e-01 5.491820819040201807e-01 7.481353560480412390e-02 9.328702333780570788e-01 5.002658019989347782e-01 3.398625334119712571e-01 4.289634510804754552e-01 5.884857703758888947e-01 6.455670880648022303e-01 6.063019733275017975e-01 9.753243251113445922e-01 2.945245106637151555e-01 5.257567791022991210e-01 9.034835383028569922e-01 9.720860438609830734e-01 1.241691750899000107e-01 5.866164268400831938e-01 2.914473677770725302e-01 4.385575351392258514e-01 1.739005472919854245e-01 8.331456457407028504e-02 2.731258144668745058e-01 9.970005501951479943e-01 8.795403549215820016e-01 4.206310447895825755e-01 1.299919703613315325e-01 5.843073471038912059e-01 1.280000000000000000e+02 -3.947545454545454646e+01
6.787634745238242395e-01 3.234259555056481772e-01 4.085139107148107879e-03 3.787128463808961138e-03 9.442298795054534510e-01 3.205609801659321523e-01 3.348712946042977645e-01 6.299352210309131506e-01 3.623596279068643788e-01 8.793182874708233010e-01 8.732252419850938807e-01 6.457914958855939247e-01 1.945123391905969057e-01 2.333790000019746735e-01 8.706667030031640664e-01 4.922472339020687038e-01 5.818183464855872788e-01 4.637706339447522086e-01 4.418323939684516977e-01 6.036538245257567770e-01 3.583152603648198653e-01 2.404226183586348764e-01 4.279567606169879523e-01 8.242597660536568061e-01 3.379184323630031184e-01 5.648309529363804149e-01 6.810044694839416657e-01 9.069772147783835559e-01 4.171804937470733332e-01 7.187724014706049491e-01 3.273568776219242804e-01 5.188046620285310384e-01 1.280000000000000000e+02 -3.893363636363636715e+01
1.264336078774823402e-01 4.771470828356803584e-01 8.846643645840808201e-01 6.610541140999019738e-02 3.904075622563727976e-01 1.627702681745387195e-02 6.006311782398275900e-01 5.033860875402702550e-01 2.800096184941274500e-04 7.143679900271692196e-01 9.992536689226688695e-02 5.811497851014915117e-01 9.076716538263897016e-01 6.509288796237969743e-01 1.048911241285429841e-01 7.372525635569072699e-01 3.010199153331373223e-01 8.054414850335102349e-02 7.398753363291792340e-01 9.315200952535667156e-01 2.129394084907438034e-01 7.334001316944228632e-01 4.906745770617608748e-01 2.026954607600787439e-01 1.407141795013921726e-01 9.566070180993804239e-01 6.593775516880578946e-01 9.863769892476476064e-02 3.226726339601919125e-01 8.618134244780509823e-01 6.694592960664800252e-01 8.243144920233949069e-01 1.280000000000000000e+02 -4.637545454545454504e+01
7.299929245612041262e-01 8.589274683513994368e-01 7.131475235226892861e-01 7.872909723193435294e-01 4.538258909775414462e-01 7.420616327307834048e-01 1.176283766714723983e-01 7.666608554665192976e-01 7.963804484690204522e-01 5.182793470380585577e-01 1.716294154997294319e-01 1.904264239544951054e-01 5.078441854007085254e-01 3.164448190039126363e-01 4.299321385810017104e-01 2.623271914598369545e-02 1.137290134549213821e-01 7.416955806179367228e-01 8.426680491703343323e-01 7.500141176909516094e-01 8.244373062666401353e-01 5.695934182792948830e-01 5.126691389332018942e-03 5.538315199865220251e-01 3.990320977278534742e-01 7.626843017135810365e-01 1.623852509330939720e-01 4.482081314345378042e-01 4.216199503857900877e-01 3.754611869163148596e-01 6.576131149185083791e-01 5.110274096484745954e-02 1.280000000000000000e+02 -3.388818181818182040e+01
7.974036861647653129e-01 2.088943351341312760e-01 3.672157936894929753e-01 3.836291951941803863e-02 1.991187096741315471e-02 2.719852843016020705e-01 9.252374668904957966e-01 8.203134321550162866e-01 3.999693773897597393e-02 7.366878468475536179e-01 9.363259498184026697e-01 3.254680946219351001e-01 2.820030025341288549e-01 9.165912160998095359e-01 5.547582588204521548e-01 4.118633484972956255e-02 5.767843192721168188e-01 8.058967910859330397e-01 3.933269471763822106e-02 4.103468205285062398e-01 6.783616687458818850e-01 9.527799059218785560e-01 3.880545001249601222e-01 4.175409305491766809e-01 3.597425712892839966e-01 5.595502463285514372e-01 9.597359354782267760e-01 1.706606034036823871e-01 4.640126910889033618e-01 6.522266451141995880e-01 5.427103819643114280e-01 1.874692952120950995e-01 1.280000000000000000e+02 -1.611545454545454703e+01
9.631600605217974786e-01 5.775245184194551795e-01 5.542202998801660785e-01 3.288752146376044405e-01 8.269858628019233215e-01 7.108104566023538684e-01 4.741490552555317761e-02 2.016064943269225695e-01 4.507296422056150109e-01 3.719172239656190482e-01 8.941098881043634261e-01 4.979397244398152678e-01 9.996268829186405469e-01 5.365357993096251388e-01 9.207189083974459676e-01 6.120338637524895820e-01 6.878154892080495797e-01 9.745881899606989585e-02 7.404384454238603641e-02 5.389426122281187892e-01 6.933714399753838631e-01 3.258562511715824839e-02 9.707809027690599279e-01 8.393959662740377858e-01 6.040572968590225411e-01 5.850281062468187798e-01 6.242023380668951793e-01 2.057310425514385574e-02 7.370018373790987454e-01 4.251940481798132110e-01 5.235106407158460762e-01 2.079328121444190547e-01 1.280000000000000000e+02 -2.531181818181818244e+01
3.087034056579238822e-02 2.872877560090278740e-02 8.653284191029075867e-01 5.101779257322749395e-01 9.714207587089285223e-01 7.544634620786730972e-01 1.618899683982257809e-01 9.782091504985472585e-02 5.083786472892806163e-01 8.614113313099289737e-01 2.679388875091015532e-01 2.072390011326689097e-01 9.265875924206051772e-01 7.823679907658038779e-01 3.982009472825043250e-01 1.673217999264210998e-01 9.867401361317509334e-01 6.952082185244291557e-01 1.880341626258696663e-01 5.942563621059696599e-01 5.696286996053845364e-01 6.617476681906518943e-01 5.240573447526793993e-01 3.039831808173886277e-02 6.283174260201278560e-01 8.651321221814183282e-01 8.163472485540137491e-01 7.153570007378906581e-01 9.303968070945785040e-01 7.310350721521610695e-02 4.641959863672019959e-01 7.757245831001920999e-01 1.280000000000000000e+02 -1.810636363636363910e+01
4.764503527984788600e-01 9.434625684076954899e-01 9.510567757770663766e-01 8.844578570197746403e-01 6.126021285304638075e-01 1.916381728693959952e-01 2.499167786318880480e-01 4.156577309560869904e-01 2.831685774052919435e-01 4.440165501352817401e-01 1.405470425991337934e-03 3.412915467332881536e-01 1.412184016351026583e-01 1.927290415515472977e-01 5.142436297848173021e-01 1.340750370422004178e-01 3.599476987385586968e-01 5.342156652031638808e-01 4.798248956649088237e-01 8.497281605670334304e-02 3.421430159577896202e-01 4.026114737921336617e-02 5.408771832531377166e-01 1.568282877060238889e-01 7.223675896523726880e-01 1.873145900980404677e-01 9.431522033800144866e-01 5.039273549098505223e-01 7.204968374209314019e-01 3.923281327188873346e-01 7.731374731434627057e-01 2.842585016229235984e-01 1.280000000000000000e+02 -3.267909090909090963e+01
1.426222035981760672e-01 9.107293232955424589e-01 8.575162235967076496e-02 1.420913427527480122e-01 4.084803527691068803e-01 2.146784028498989472e-02 5.872077383095184455e-01 2.407953273527357607e-01 3.957333458492031664e-01 7.375699114425514624e-01 4.588824055956782222e-01 9.761929492998767666e-01 1.840380727689879814e-01 5.919749100153690741e-02 7.869390922084354423e-02 8.706526442451748560e-01 8.496897922317011576e-01 9.371174017201279183e-01 5.012703536480948019e-01 6.648703629328114317e-01 4.445124258623669444e-01 8.272181602681668577e-01 2.425817592395371203e-01 6.731297749681988130e-01 4.577664489410222803e-02 2.369853330121043655e-01 2.519708584930979711e-01 6.452530787344635810e-01 6.432971911549746347e-01 8.849664156338398202e-01 3.553868716777011660e-01 5.740023974028722886e-01 1.280000000000000000e+02 -3.525727272727272776e+01
7.117445925068711654e-01 7.149799319906910977e-01 6.260389977439805298e-01 9.058725571253682940e-01 5.707586153596052592e-01 6.484032665740800949e-01 4.147940200372667863e-01 6.003708090118342611e-01 6.612586554982764486e-01 4.062959552844211952e-01 1.171564640087661147e-01 6.188608050814712325e-01 3.538111109283441635e-01 4.775801416112860354e-01 2.988370410780637476e-01 2.155483107435836043e-01 6.686816511856124023e-01 9.965090809786660841e-01 6.491606659503577070e-01 8.090583029287906625e-01 5.019131553246904132e-02 9.912688572000777354e-01 9.183224254166925116e-01 9.702240401605439768e-01 2.269755248598592789e-01 8.497518616628524368e-01 9.225486635475894648e-01 2.973816788069763573e-01 5.891145832907237478e-01 6.353312823807475418e-01 5.643203467248755212e-01 2.984884254241708668e-01 1.280000000000000000e+02 -2.269999999999999929e+01
9.770489158995802059e-01 8.940976327494291054e-01 8.302307100645134330e-01 6.033580370372655377e-01 1.552839872778448982e-01 5.323796114399413915e-01 2.885496731632908873e-01 1.676254457099307649e-01 1.523954496584773999e-01 6.732805487773806385e-01 8.361741393347881246e-01 8.595457367141427774e-02 8.628097404122830882e-01 8.655729450573447503e-02 5.436530958484501325e-02 5.392329768179170424e-01 9.693684029101568012e-01 6.555320560837513133e-01 6.480774469431971330e-01 2.816466113710127880e-02 3.750015739436312057e-01 6.871889250059226573e-01 7.859821388458447800e-01 5.103240164121516376e-01 2.392560901474725388e-01 7.235406693152115487e-01 3.324457829373105022e-02 1.060052670255479286e-02 1.079364957860068502e-01 1.311635402501095393e-01 1.620340839570994507e-01 4.908909884112294675e-01 1.280000000000000000e+02 -3.360636363636363910e+01
3.837932107409603999e-01 6.119278119345711309e-01 7.239702591572738655e-01 9.146525176009558944e-01 3.219124712878402295e-01 4.806717823642708137e-02 5.715194209005685089e-01 6.452221310819968858e-01 9.158383587021239336e-01 1.144077582024434769e-01 3.512818897725495382e-01 8.348588263943360621e-01 9.579236282644157940e-01 4.394150637589990804e-01 4.783566160685974178e-01 2.590493746612161918e-01 6.216841439222273724e-01 3.828297171423311052e-01 2.215915744585487401e-01 8.717210232599112985e-01 1.037794630038823690e-01 6.286117407733864404e-01 6.729947799184347046e-01 6.903107287334628861e-01 5.680794590065744165e-01 3.232757149664905461e-02 5.488430509012334202e-01 2.778401755211324931e-01 8.055966039001574153e-01 7.765122365678134297e-01 2.855164506907566513e-01 3.461441302545235077e-01 1.280000000000000000e+02 -2.139363636363636090e+01
5.142135713917879158e-01 9.770104640388650452e-01 1.670243871289153192e-01 5.952987943667192861e-01 7.964628142909122577e-01 1.531906825031855990e-01 7.460529775068489577e-01 9.481684913392105507e-01 1.870201404365442466e-01 2.991864031091354126e-01 9.123961670985805128e-01 3.797803998196378483e-01 2.995677632054147832e-01 5.700135025472022887e-01 5.724688850986507302e-03 1.452444319175493770e-01 7.882317441982142903e-01 1.794464054228040450e-01 9.241493495226799082e-01 9.994490463771545929e-01 4.148217225649831197e-01 6.484331536489440495e-01 9.390271921779380637e-01 8.530397482573065515e-01 9.657504682113330352e-01 6.543399555486469898e-01 2.131410762511257717e-01 9.476316292083297732e-01 8.453633327891511007e-01 9.124815977977784875e-01 2.095268241078662719e-01 9.136710016916439747e-02 1.280000000000000000e+02 -2.782999999999999829e+01
3.649443698758988996e-01 6.742043151886965013e-01 3.404224477438220209e-01 2.477492572910472424e-01 2.049104399421507461e-01 3.069885145215719424e-01 8.466076651821133892e-01 5.672200276021431842e-01 6.377452508144583476e-02 5.731763578380419943e-01 6.218743773052571450e-02 6.557175082269351973e-01 9.774302336709114192e-01 9.753513975154975979e-01 4.567288424712964007e-02 8.130992092749524114e-02 7.493089750192242215e-01 2.810087146382263257e-03 7.996612184136369095e-01 2.380631507163388783e-01 2.930978853182891752e-01 4.570834110861907162e-01 5.639897147865080562e-01 5.411751724952723608e-01 1.074801477029335289e-01 4.479574492341997088e-02 7.865998854174426347e-01 3.173674127395060829e-01 9.690907182598853531e-01 2.541980178032742788e-01 2.358378505953686588e-01 7.702038282574875661e-01 1.280000000000000000e+02 -4.209727272727272407e+01
8.571298068153134775e-01 8.180239372560502709e-01 3.026510040765870158e-01 2.847456015807514618e-01 7.632322080600985048e-01 1.106262682221928195e-01 4.284616429193034426e-01 9.289509409446305988e-01 8.288980075593638253e-01 3.207367226951490236e-01 7.655425375603560623e-01 7.151647518321699870e-01 1.792654339817563447e-02 7.307559132735514940e-01 9.006930459704124425e-01 5.918194297773385903e-01 4.448956950970360813e-01 8.768977138034098617e-01 6.302778774947175311e-01 6.345170804497333172e-01 9.482162281705919238e-01 9.588641541002333735e-02 3.822391529938151677e-01 2.199219436136300998e-01 5.417861041405879208e-01 7.189857065948934700e-01 1.420649524870394309e-01 2.055534216579595341e-01 8.651475387009047724e-01 8.279461073056290088e-01 4.094335501313317582e-01 4.679153694355684401e-01 1.280000000000000000e+02 -3.797909090909090679e+01
6.963538405222606809e-01 5.117881812978071487e-02 3.730969464825299453e-01 7.396338046720719595e-01 7.207610170492794177e-01 6.768541738812886566e-01 9.846819739197474330e-01 4.407886414489996518e-01 7.732333892713098011e-01 2.821697361030753859e-01 2.893132823570122580e-01 4.812862663995464141e-01 6.568783825658701669e-01 9.582797285768708262e-01 9.831301082128168778e-01 3.499689373222513722e-01 6.506026181803753472e-02 4.213292579820231420e-01 1.222474330011736887e-01 1.369255564988660356e-01 1.800653636061397556e-01 5.563225597982903725e-01 7.157271668639443307e-01 7.605623618508902672e-02 8.201745871123128362e-02 8.393210116277776134e-01 6.032027328536609251e-02 1.069005559088493096e-01 4.746914772657855330e-01 6.721319182769343037e-01 5.580442839746075911e-01 6.220823340639876076e-01 1.280000000000000000e+02 -1.740272727272727238e+01
3.255562885427667474e-01 4.154615020174291518e-01 5.957076520969161182e-01 4.674654221402828602e-01 5.238913940186945561e-01 6.662671997724483042e-01 1.408044393770706559e-01 8.421569842386836813e-01 4.711590027408616987e-01 1.666701158186531251e-01 7.065561927880514848e-01 7.313323801513430533e-01 9.403011103883729405e-01 7.411117999791735356e-01 8.441327705303247608e-01 2.697034556951178330e-01 4.092371080498345970e-01 3.262235778753037191e-02 7.100989585813719529e-01 1.518245908925990872e-01 4.303321258295966234e-01 7.853371275069168655e-01 2.680141958163050411e-02 2.766724818941277975e-01 9.602918822858904635e-01 4.086509894079771721e-01 1.911319731661690335e-01 2.578966430275638211e-01 8.359466213542094959e-01 8.570842347580684972e-01 2.251114282908140141e-01 1.143004675059749592e-01 1.280000000000000000e+02 -4.133636363636363598e+01
2.898169631252180412e-01 4.557299707576763503e-01 1.877094245903198622e-01 6.564236891717676325e-01 2.127824380849057673e-01 8.674712166928008061e-01 3.516020656518508702e-01 1.574576248882203489e-01 9.565478408325470694e-01 9.757131382873546199e-01 1.254485035278584126e-01 8.789468338299470940e-01 9.703641767638704341e-02 9.052744471140181659e-01 4.100811441571897698e-01 4.719766887188499016e-01 8.061740471702908417e-01 1.598780476097463321e-01 7.769206407844293505e-01 6.798688981950661292e-01 2.001083663616723685e-01 9.114287617059931845e-01 9.053559167874420943e-01 6.385383812205540632e-01 7.772790491510008781e-01 2.177024058544693164e-01 3.132157216926413912e-01 6.678927106531776792e-01 9.120932972046870424e-02 7.513477618625128418e-01 7.501939079077114547e-01 4.927720367351126063e-01 1.280000000000000000e+02 -3.031181818181817889e+01
2.433128654822614700e-01 1.613572959859432276e-01 7.385003418018025734e-01 3.757697318122791841e-01 2.813799751443606390e-01 4.186762791465121758e-01 2.443775298843667981e-02 3.122466845906058941e-01 5.157554920191022019e-01 2.658431714223401521e-01 9.995851130677085861e-01 4.418222714678428642e-01 4.466435517965173241e-01 6.760108410132015244e-01 1.570655775813974420e-01 1.872295043900369105e-01 5.302494792408581903e-01 7.699424837543551448e-01 9.993369430425915745e-01 3.668919420497809836e-01 2.372527699417436298e-01 5.329509538474809238e-01 6.480376006911093834e-01 9.867559081502325080e-01 8.287583468722762303e-01 3.310557269355941523e-01 3.882239914223497568e-01 5.523495750000572135e-01 7.189648413458219478e-01 8.174730243735159885e-01 9.366330592468573302e-02 5.346839207404562311e-01 1.280000000000000000e+02 -2.588454545454544942e+01
8.831449564362949811e-01 3.499899260358423914e-01 2.832159168948946704e-01 9.345159981836469454e-01 5.693625210524327906e-02 4.411694126899896595e-01 5.196027193407375400e-01 4.652622554495141061e-01 3.507599425483762801e-01 8.390450688605952667e-01 3.747653830389699459e-01 6.916943067838383641e-01 5.202471674109403477e-01 6.064952714159822511e-01 2.672132078377382203e-01 5.483970834290244900e-01 6.573851904572214355e-01 7.262660157683291651e-01 3.350703008479593015e-01 5.083311158775560834e-01 5.726820428074429203e-02 3.188781629054713851e-01 6.854903583359930330e-01 9.895586621195470722e-02 2.907602274202523152e-01 6.733157110590466399e-01 7.989008863621765988e-01 3.597138748507809625e-02 2.585914724858157654e-01 3.154587174877666045e-01 3.392333683790855203e-01 8.432089246874369115e-01 1.280000000000000000e+02 -2.862727272727272876e+01
8.793892795290891851e-02 6.660692807521562120e-01 1.401642583449635437e-01 2.390041117522518077e-01 6.572252248919113748e-01 1.338165372513434037e-01 2.274701337743870733e-01 4.794280197319517600e-01 9.800568229436204537e-02 1.286151810707845400e-01 5.183502124052510179e-02 5.675265506986935105e-01 7.422270561835965230e-01 1.982990352446671600e-02 2.827847125126898842e-01 2.074762961517231108e-01 2.749155668272916242e-01 3.879502587720543572e-01 1.295404812495946079e-01 8.577686050223096714e-01 7.994201299946059880e-01 6.719852342825071156e-01 1.672977511021868369e-01 9.331088666752345162e-01 2.550042852721407516e-01 4.964231455797962766e-01 1.094519677632152937e-01 3.440235219016247181e-01 5.218200890967273908e-01 4.501509775314359585e-01 7.116230049637336519e-01 9.824912874597524493e-01 1.280000000000000000e+02 -2.256090909090909236e+01
4.860923737723970087e-03 3.711873059278132381e-01 1.560699652274759874e-01 5.443488429947286322e-01 3.484424973443274176e-01 9.450115103360626767e-01 4.822517784556946685e-01 9.381946430434502382e-01 1.735364431222491122e-01 2.152442226594092622e-01 6.043929004755010936e-01 2.221356708224664356e-01 3.707371095280264650e-01 3.548509894680801358e-01 3.170932298222906009e-01 6.684412791084336225e-02 3.699531894627944850e-01 8.521155980605739089e-01 8.725883768529506535e-01 8.044082060734314421e-01 7.710864027989234870e-01 3.367316858016956016e-01 8.440200518569174193e-01 1.858182863473492596e-01 3.703920684406904473e-01 5.151608503314911713e-01 6.373848040491786326e-01 6.591411418060552085e-01 9.865030669237601080e-01 3.293455129886693755e-01 9.188532535015514480e-01 3.498149142599676215e-02 1.280000000000000000e+02 -3.449727272727272975e+01
1.866131312660327390e-01 1.022746525159715647e-01 8.963167492831899397e-01 4.936533570851387442e-01 9.908765875371191578e-01 4.992772895540517619e-01 8.246064861170663285e-01 8.946380128494464401e-01 6.941074119135320908e-01 6.509910461311870788e-01 2.122929041369267800e-01 1.355976561626370258e-01 2.330682584036159188e-01 2.869820777680843205e-01 3.404233566168281544e-01 6.413461399691304798e-01 3.112919061296924930e-02 4.084835295569987923e-01 6.923451720566475842e-01 1.721540252863323905e-02 6.023119857726739745e-01 6.109104015303429280e-01 6.248496422884830537e-01 5.059284602741381809e-01 9.120273983720098010e-02 2.934916834509036510e-01 4.160756245747820881e-01 2.428873237667177887e-01 9.564982005641764484e-01 5.052594219825211619e-01 5.885316614504444710e-02 9.743342477373380106e-01 1.280000000000000000e+02 -3.664545454545454106e+01
4.986548659511319537e-01 4.216461830256109100e-01 4.088538398802553653e-01 9.727167791802768804e-01 2.310870681925284442e-01 6.875863251920905084e-02 3.283128587575515622e-01 5.795016361814631090e-01 6.444243279576368222e-01 9.945472823030792053e-01 1.553824788319124461e-01 5.585556967426154040e-01 7.349066726253024040e-01 9.846706548755956856e-01 7.611064053323471912e-01 8.777732159247764177e-01 2.387483436651942348e-01 2.470978721097575326e-01 9.534555174963803975e-03 5.223528974384910040e-01 7.059062362661756573e-01 1.482773013697995246e-01 8.253265304252366263e-01 4.478521032970622096e-01 9.976949421034055909e-01 9.108601041812185439e-01 3.839383211839048626e-01 9.187791214124977346e-01 6.015854450088624628e-01 3.690972469991455479e-02 1.111148067478391205e-01 4.116329735590699146e-01 1.280000000000000000e+02 -2.416636363636363427e+01
9.328207206798069251e-01 3.983632143999884523e-01 7.598337586253975928e-01 4.548424504188546269e-01 1.328908035371182961e-01 3.895820694680035556e-01 8.064923593948807312e-01 6.879615323344836497e-01 2.325102614186061734e-01 8.431435720779033582e-01 7.209390272246655185e-01 1.039982488455781090e-01 4.374869510855326077e-02 8.561499874315098291e-01 6.342289059635138893e-01 3.513410659292451332e-01 5.029857863438711441e-01 7.834827704711265772e-01 5.834813881078568798e-01 6.425982367115046223e-02 2.799609224801076213e-01 6.794439825605698424e-02 1.481525593593761847e-01 7.658987738626810149e-01 1.008091318033584906e-02 7.739285674091903600e-01 3.323101729339706933e-01 5.753945391763897188e-01 1.798859481807259797e-01 4.605622186297387288e-01 2.515924069115623718e-01 5.496115840834083777e-01 1.280000000000000000e+02 -3.259999999999999432e+01
7.516064527458933275e-01 1.411763174098311924e-01 7.945187456630409262e-01 4.202880617089155835e-01 8.775013085342950880e-01 4.658361333209062316e-01 8.843473181128210792e-01 9.941961615479447678e-01 9.103904605921778748e-01 3.475800787208325193e-01 9.726069705110229613e-01 2.315847139941597244e-02 6.004707157735700296e-01 7.994970179794962384e-01 2.166072552878190241e-02 4.492691013475905160e-01 7.338598123592557920e-01 9.046654864132189777e-01 3.185786383847898917e-01 7.320358013281724752e-01 1.572761997792111455e-01 4.265513707995666204e-01 1.932466409448490297e-01 2.285552135135726637e-01 7.030969257609448464e-01 3.855947377961302380e-01 7.171942513673800201e-01 4.787629735213410620e-01 3.586893950787486962e-02 8.014427459639166251e-01 3.108366316556621101e-02 6.936910426007067976e-01 1.280000000000000000e+02 -2.249727272727272975e+01
8.961220308683212066e-01 2.302044814003543494e-01 7.808580961081638128e-01 3.452658675278143519e-01 5.340354991190082723e-01 8.159658425040658969e-01 1.976802800408440364e-01 4.531879003368753656e-02 2.163485724634383045e-01 1.627950606945870182e-02 4.372177807660037607e-01 3.917441423346899043e-01 7.003282401577265448e-01 3.813830214567753285e-01 6.681492841406392325e-01 9.218565758725216774e-02 3.200481827097864107e-01 8.922219307515777409e-01 4.624052310205601923e-01 2.712840521471709954e-01 9.982514824479792326e-01 3.031757514111845797e-01 2.473168577249583722e-01 9.613435743355365215e-01 6.124147282660637875e-02 1.587896386621512057e-01 4.531838119960899802e-01 3.922546243906592789e-01 2.817950378964546587e-01 1.154971058863612510e-01 8.421474737590822768e-01 5.397245467347077524e-02 1.280000000000000000e+02 -3.292454545454545922e+01
6.078625759861870648e-02 7.525096239911059914e-01 4.710874095423872587e-01 7.570220938308950265e-01 6.955947414423530040e-01 9.811214834302308674e-01 7.579505525594691928e-01 2.975873109820783013e-01 4.365819871494521776e-01 2.005462776167296901e-01 6.918115045636455962e-01 3.553189565219497803e-01 5.315024174860715211e-01 9.408839212156788756e-01 5.763535709672236163e-01 9.337941410122859720e-01 7.029854590836819295e-01 5.801488079550197741e-01 8.412076391938052566e-01 3.382745895594168606e-01 8.356603795532866474e-01 6.116062873872866665e-03 2.994966049694606780e-01 7.276712963176517057e-01 8.964834511484387480e-01 6.890929266856967716e-01 4.262445338495414737e-01 6.025229760086594499e-01 2.646316293661457597e-01 5.437583147952340656e-01 3.777026200441148118e-01 6.548104011532988045e-01 1.280000000000000000e+02 -4.096999999999999886e+01
6.635033417392857125e-01 9.638367405288954526e-01 4.418349306435170321e-01 2.647759689802522409e-01 5.929768067801586273e-01 6.875596648435533531e-01 1.780952614957660440e-01 8.689225833502585150e-01 3.234826217056174236e-01 6.302733303634114881e-01 3.989493537942201962e-01 2.984278239319030357e-01 6.472198513668105113e-02 1.201745486392082896e-01 1.197586846189480220e-01 7.882837231714321380e-01 1.453688492578810443e-01 6.916045618257669891e-02 5.344497158953691596e-01 7.618598749186834551e-01 1.116414913009862453e-01 9.686923642450271377e-01 2.242888866497967648e-01 7.486684013412454597e-01 8.651975984312857415e-01 3.930668508301938813e-01 4.719590170061112311e-02 3.840214684195071837e-01 5.440664453584046489e-01 1.552796391867468651e-01 8.912360898334583670e-01 2.176251622625682836e-01 1.280000000000000000e+02 -3.792454545454545922e+01
8.063208885134721948e-02 4.971502973814208026e-01 4.215728032098448042e-01 1.386310303890944395e-01 8.670503246085368154e-01 3.734754833795856377e-01 3.913515708748063759e-01 9.766797557663559060e-01 1.392570146995458502e-01 3.218142810038481655e-02 3.206465831697592472e-01 1.460800165668361683e-01 1.083837275990751081e-01 3.127886501755662296e-01 1.826720786003950270e-01 3.898226499710341075e-01 5.155384270936835822e-01 6.191985525843087812e-01 4.032196434214127545e-01 5.583387942119072411e-01 1.605010790662416420e-01 7.572346263130251831e-01 6.044295300682361177e-02 6.618745129942774641e-01 6.678479437755630022e-01 6.094510145435484867e-03 2.929482434297310811e-01 4.588923173672698197e-01 1.702602143496800557e-01 5.242273377946412571e-01 8.655717350928855414e-01 2.341245546421346913e-01 1.280000000000000000e+02 -3.392090909090909179e+01
4.251633582136700173e-01 5.471223195990178034e-01 5.964071435261403958e-02 9.978816681563322799e-01 8.431126422597166048e-01 6.071379659250832894e-01 8.599416196232185783e-01 7.120925902062232860e-01 7.153025866341174988e-01 3.683431541153699973e-01 5.091122149361664295e-01 5.386573217225846255e-01 6.316779904088828390e-01 1.749924282503850514e-01 8.013119992312076612e-01 3.215646470664447198e-01 5.518296281929691016e-01 4.990494778030216821e-02 2.758265959086782584e-02 3.792281827531998606e-01 3.325784435805860251e-01 8.154674788106470729e-01 8.065101439125029748e-01 6.294761495262527484e-01 3.267193848962834934e-01 2.065869916309487631e-01 9.680288692278150586e-01 4.341470587616515497e-01 5.616048316569866028e-01 9.847909782406653045e-01 4.848648908173932015e-01 7.897388730935053225e-01 1.280000000000000000e+02 -2.370909090909091077e+01
7.596499674414962655e-01 2.805344037415220537e-01 4.943260695950239536e-01 7.925761208773076660e-01 4.758776273572034032e-01 4.747770633085953706e-01 9.780268444679425244e-01 3.654520721828033447e-01 1.170197845392171726e-01 9.627520254048221870e-02 6.690660411572462163e-01 8.051548701475279568e-01 6.677278712863640164e-01 2.248732618211103929e-01 4.957690101910557368e-01 2.807433552267606380e-01 1.883716056206889309e-03 9.476435325708889579e-01 1.659196973842835543e-01 4.829540568517798338e-01 5.272631038496843336e-01 8.808085963830973864e-01 1.350746608836233820e-01 8.711068600380428295e-01 4.245314718979091295e-01 4.609874193646236740e-01 7.713037202028946160e-01 3.010919278652083309e-01 1.310738539059986829e-01 9.804324893087488224e-01 7.676297167267954746e-01 9.075683847663520432e-01 1.280000000000000000e+02 -2.221181818181818102e+01
9.183229704906008539e-01 7.727186595364037291e-01 8.179792738972126998e-01 8.545304724706368482e-01 5.597576013884146828e-01 9.529929176611913189e-01 6.058829377173595432e-02 8.042472632140685862e-01 8.690199334372787632e-02 8.208962205907373022e-01 7.408792754915602963e-01 2.857439904754530691e-01 7.959128474803813802e-01 9.994241121590451138e-02 8.157691148620368482e-01 8.141990358839279462e-01 4.628403437263973741e-01 1.508187988013335867e-01 5.251558543647680821e-01 4.640064976496234839e-01 6.270062786546801714e-01 3.688930115020512268e-01 7.374581210174155355e-02 9.278451294506890878e-01 1.944842395788733969e-01 4.349665325065959487e-01 7.706733343757454779e-02 5.147408614841522123e-01 5.026469662378942882e-01 9.104947093952305837e-01 9.750530572823769004e-01 3.309530925948303004e-01 1.280000000000000000e+02 -4.103636363636363882e+01
3.144650162694963558e-01 8.418219335075720344e-02 2.606406219227276888e-01 3.645659846487200317e-01 3.536439956789932948e-01 8.391076892428716016e-01 5.045387879412417398e-01 4.213407522346939160e-01 4.761885573276997130e-01 6.105781610769737133e-01 1.867817405336510417e-01 6.060727190711906465e-01 4.110832304929319947e-01 5.470270954327235424e-01 7.834061091657259501e-01 7.610525542944810429e-01 1.605604854386858682e-01 9.233884731440219484e-01 8.870091613516152274e-01 3.121338142729187526e-01 8.748306940127319464e-01 8.730214087950955992e-01 9.533644235137108680e-01 9.078749030852608648e-01 5.146085893920703258e-01 3.647263495397309319e-01 8.280757748194433887e-01 7.599075277471283030e-02 4.408032669660422176e-01 5.840238134650489465e-01 3.869691349031748606e-01 1.435303427110387053e-01 1.280000000000000000e+02 -4.202454545454546064e+01
5.909836149829276186e-01 3.618177060220495456e-01 3.198291847607871441e-01 4.822509905285146670e-01 4.566450321675464830e-01 9.226418013348922642e-01 9.073418300015427818e-01 3.379557872451071643e-01 5.992389778499368491e-01 7.876310029565646298e-01 5.056080335367977296e-01 8.560607020833607139e-01 8.261758047964515295e-02 7.596990452504585045e-01 7.073082336913797397e-01 9.608630575330222579e-01 8.118481415966382064e-01 4.738626388231341746e-01 9.433514719803121062e-01 1.951469102429681246e-01 7.863996500856570426e-01 1.075427592607564597e-01 8.797377044749834507e-01 4.756383108817752725e-01 4.670876193959904166e-01 9.812130155055717173e-01 8.301832066625299336e-03 9.318560245868279246e-01 3.092898456762034898e-01 3.497724979566645964e-01 4.965455208103157492e-02 3.707413933805610018e-01 1.280000000000000000e+02 -4.037909090909091248e+01
3.910851199314018811e-01 9.936428898178026881e-01 1.170370898056991293e-01 7.001969954744824420e-01 8.156463078232940866e-02 8.321974005742702185e-02 6.910646259381834078e-01 6.820413259166936415e-01 3.776346852080128547e-01 6.949286831253879138e-01 2.621905186458337034e-02 2.799992064491237387e-01 7.599103663265459607e-01 1.992782779973097662e-01 2.602410516684935948e-01 7.309905422133948782e-01 8.812687072917722020e-01 2.704704984548635394e-01 2.461483652851317039e-01 6.251683495580889760e-01 5.904155054203580333e-01 9.187695911121003256e-01 6.518794441371543735e-01 4.663946374583100574e-01 7.476502542740357526e-01 6.400229721075951783e-01 2.294180973279871527e-01 5.957977024610289218e-01 8.988549137392313204e-01 1.126800205594691816e-02 8.645789529844306875e-02 1.738497013200680508e-01 1.280000000000000000e+02 -3.635727272727272918e+01
6.444606114147723996e-01 8.252276231479276358e-01 9.317562006927690987e-01 8.165031048724490370e-01 1.922405642856993557e-01 5.660866119709030420e-01 4.662733299308450263e-01 5.948801731302798962e-02 3.015187036541535082e-01 4.019314253876717369e-01 2.441967302956957742e-01 4.677431112921191514e-01 7.749897018790491421e-01 4.946037295215932605e-01 9.655389738014822365e-01 9.084229969086196066e-01 6.329948479684626150e-01 8.118869735238135599e-01 3.767587741130327128e-01 6.851253297567183598e-01 4.961704109771364890e-01 2.004570868721098353e-01 3.543056523783481571e-01 3.639298092036022947e-01 9.349536396061511878e-01 8.780692237159583302e-02 6.041980558260755529e-01 5.386563677680620277e-01 2.342800518404263566e-01 7.216307051158203922e-01 9.845926005047220819e-01 9.491724382393209591e-01 1.280000000000000000e+02 -4.007545454545454078e+01
7.814303187906860293e-01 9.123134707315884162e-01 4.801399798270795105e-01 8.304488520320372213e-01 4.899496899165673575e-02 6.299674330952210743e-01 9.557396939177412731e-01 5.584329297899416344e-01 4.076835843296526818e-01 1.905312909503282803e-01 8.203703588430702465e-02 1.186903781047832923e-01 4.264259073883564510e-01 4.102232172175616642e-01 9.566805446445343364e-01 6.792367572873215797e-01 3.455481885242452922e-01 6.352719073327501853e-01 3.052724073635417756e-01 9.245928775784175713e-01 6.605636747324783453e-01 8.563395670543201277e-01 8.194162339392280225e-01 3.984461284721172447e-01 6.574753186914359393e-01 2.666015276687643265e-01 5.095811861990767744e-01 7.935020784388442383e-01 3.780604902388839950e-01 2.255750236547296728e-01 4.947395223794814889e-01 6.134378294744075033e-01 1.280000000000000000e+02 -3.730000000000000426e+01
9.996316778723961516e-01 2.220135170441421002e-01 9.185855743450327404e-01 1.118182405015782643e-01 9.545066100126888831e-01 9.957684054169134713e-01 5.310761929535841031e-01 3.298176369188105528e-01 5.871864727009384888e-01 4.237255803849134250e-01 3.102502060238651049e-01 1.683455569586083944e-01 3.434974320608892295e-01 2.478635234272044408e-01 2.430949037909375665e-01 1.208063185036090115e-01 9.591833817723676159e-01 7.081436645382716000e-01 7.555951328071331963e-01 2.925766907196110100e-01 2.662966279305159500e-02 5.183666535503653749e-01 6.051885282734184024e-01 5.751313088049839761e-01 3.133657085460457292e-01 7.483908196233328702e-01 5.061372031373921887e-01 8.707504805980058604e-01 5.357084230539607139e-01 6.262581103503344071e-01 6.136566513682538693e-01 1.375186306607627806e-01 1.280000000000000000e+02 -2.448454545454545439e+01
1.684790698198213033e-01 2.951779322290873364e-01 6.779006441363465418e-01 6.468619392854433325e-01 1.123383422165388501e-01 9.011937468961636055e-01 8.792768767035419319e-02 7.295725585579553307e-01 5.489717635077120406e-01 2.453347491654359058e-01 7.759381131292240052e-01 5.215485406010523795e-01 5.462522713686184250e-01 8.412782623647587776e-01 9.467259739470926805e-01 4.299973102264427194e-01 9.462176861065321187e-01 2.120211188045501016e-01 4.252368869106189497e-01 1.217702458450081737e-01 2.529338371240369421e-01 1.595293297014397371e-01 4.392972723302308036e-01 8.777452382728317959e-01 7.620974514171690029e-01 1.388011068668683345e-01 8.701743066367004786e-01 7.016402742541506532e-01 1.503343149595549877e-01 2.661762476849339754e-01 4.418004804802738161e-01 7.365949306845879230e-01 1.280000000000000000e+02 -3.326999999999999602e+01
5.677625972885947947e-01 7.353832164176413722e-01 5.988990433904094468e-01 1.582714267986808920e-01 3.131376524664316596e-01 2.833475363001349279e-01 4.344354559348295036e-03 7.526456138222545889e-01 2.694304925173847676e-01 4.886613911692826440e-01 4.867787862713617297e-01 9.836237515479444582e-01 7.037005799512002779e-01 5.109940149228301420e-01 3.717872853682275269e-01 4.830318996813230403e-01 7.571313604739302594e-01 5.010540522055532131e-01 5.486996051983915601e-01 2.464980063547696221e-01 8.524613144381729679e-01 4.443153125267043091e-01 5.469906070611763038e-01 6.081644329543355321e-01 5.474790876861740374e-01 6.178423097483787263e-01 9.178262355488657487e-02 1.870405172709423969e-01 9.237465332262767559e-01 6.886848190786296620e-01 6.887630203109217364e-01 7.499638171900662176e-01 1.280000000000000000e+02 -3.701818181818181586e+01
8.319846719651768918e-01 4.680017184523905249e-01 8.492600890457553398e-01 7.582752932829818493e-02 6.390215621299832893e-01 5.222803194440188701e-01 7.155147075476459007e-01 3.977983832151080756e-01 2.582193795244991930e-01 4.523485314831587195e-02 7.961593478615153208e-01 7.567786017015241118e-01 7.413629876896662627e-03 1.624100701629655266e-02 1.954613042902570430e-01 6.956294588012926772e-01 4.745237933628618232e-01 3.224526822343527499e-01 2.447908235422775469e-01 2.267236740502622805e-01 3.048201221931697291e-01 2.948409861449903802e-01 2.659376673546333114e-01 3.408644362775855585e-01 4.870538756795760871e-01 8.150774489132014411e-01 4.667860431355833062e-01 1.522930164647868234e-01 1.941850757592041843e-01 9.436389109777787443e-01 8.187311601441391584e-01 7.160963453148753155e-01 1.280000000000000000e+02 -3.263636363636363313e+01
3.339058420951572792e-01 8.692259903238231944e-01 5.705836757233948564e-01 7.246628179634858613e-01 8.850234258027610268e-02 3.420283160110568765e-01 6.376748342800485636e-01 1.230566942280022086e-01 7.238437915783949572e-01 9.479539328893965555e-01 5.584629054454868236e-01 4.128764899976202218e-01 4.032367873035138106e-01 2.667361669364349819e-01 4.472668949536806049e-01 6.314668871152125940e-01 9.130760233883454813e-01 4.482933524929355595e-01 9.406386862146833006e-02 8.950623908620548574e-01 7.676610516236494035e-03 7.036990984962069318e-01 9.837594848641051382e-01 3.258803431726211008e-01 8.851731420109862913e-01 8.014142537266276678e-01 7.341081617688298699e-01 3.547227537607257619e-01 2.122256970984313373e-01 4.765223673692907114e-01 1.410288506285675425e-01 8.837516503470774776e-01 1.280000000000000000e+02 -8.348181818181819480e+00
2.165645970845366530e-01 1.088432088665702568e-01 9.730902280033423279e-01 7.189641187041968529e-01 7.383324488723175261e-01 7.962324768027670974e-01 7.275396016446851188e-01 2.379008430727371989e-02 3.350015970045858854e-02 2.576705220224622117e-01 6.636209861914666996e-01 9.218150156505464654e-01 3.203499431005289999e-01 8.239086863117415227e-01 6.554180975243213414e-01 9.283011088691842660e-01 4.219520716445648856e-01 8.366042626727696607e-01 4.110168305246485465e-01 7.163766456329998533e-01 7.499291275313110239e-01 1.841045228316454674e-01 7.423771037628501546e-01 7.184178341687290636e-01 2.359664674881425950e-02 3.150101748001680191e-01 6.850166296952100442e-01 6.244197799178947683e-01 6.821285808355085356e-01 2.914479426887882085e-01 2.989876424504064323e-01 8.670289350650293159e-01 1.280000000000000000e+02 -4.043909090909090764e+01
6.204141686062184524e-01 6.382007416148541279e-02 6.656218353560152678e-01 1.012313196670965032e-01 9.076207591804618113e-01 8.583192223328499626e-01 6.562838398476265045e-01 1.039411286360363007e-02 9.923090234915661334e-01 7.985354186625954753e-01 5.935884247216365317e-01 9.505632413136571035e-01 2.136895296517271337e-01 6.967535570460402505e-01 7.477150337517078915e-01 2.380646887986067328e-01 7.556996667308109317e-02 3.001273924942105542e-01 3.602871209756898785e-01 3.241664926444013384e-01 8.839390180022119736e-01 7.485573275007744165e-01 1.903287548699323928e-01 3.697516212360945631e-01 4.955085685233222015e-01 6.084128238861535865e-01 5.796486891942328468e-01 9.655048353977258024e-01 3.353713419639069437e-01 1.605819759231549848e-01 4.267145113199674600e-01 8.035924569687452612e-02 1.280000000000000000e+02 -3.023636363636363455e+01
6.067486068336142013e-01 2.459695192785833207e-01 2.194953138025858008e-01 2.193224310759793183e-01 6.267228311571892974e-01 3.664350489272648614e-01 1.243296167884743592e-01 1.841607870836682592e-01 5.670351017581913844e-01 6.997020623250817251e-02 5.325502819344305472e-01 9.346499288600171873e-01 8.924976703824477609e-01 1.498854182650385669e-01 8.865087731831892137e-01 7.162537262295282092e-01 1.809849448511639536e-01 3.386554886304384282e-01 2.668171266588583168e-01 1.014882553734476889e-01 4.750350943283873084e-01 7.662701745010071230e-02 3.354661874227030660e-01 6.813156221691502035e-02 8.214017998136846632e-01 4.461921868943182212e-01 3.679200588725864418e-01 1.268144328675609167e-01 1.389956381022823366e-02 5.464449017069644698e-01 1.159826890235171604e-02 8.280022088475852415e-01 1.280000000000000000e+02 -3.734545454545454390e+01
8.733372113310479135e-01 6.894517518780330922e-01 7.009510801783871425e-01 2.928254520332750077e-02 1.055055853697513604e-02 2.305507922165258572e-01 2.347281885602474916e-01 3.852966972627305808e-01 8.155134741790490693e-01 9.397304752053300403e-01 4.540778130675264812e-01 7.845857663895493550e-01 8.534001779329453141e-01 4.322452694603474144e-01 5.929568075991108467e-01 9.878176581424703562e-01 2.270113433828012672e-01 9.801433529925206445e-01 1.944118599132164948e-01 8.893403123037485480e-01 3.914056699775736448e-01 9.328573728437115076e-01 3.208910006161367900e-01 1.709198507599249128e-01 1.293069551040319509e-01 8.847071714111387486e-01 8.957988122493047989e-01 8.416398426082259965e-01 7.821466399792628144e-01 5.975085514851269375e-01 9.392741751810492756e-01 6.317884302205222236e-01 1.280000000000000000e+02 -3.042454545454545567e+01
0.000000000000000000e+00 0.000000000000000000e+00 0.000000000000000000e+00 0.000000000000000000e+00 0.000000000000000000e+00 0.000000000000000000e+00 9.810046832562308028e-01 9.999996183763679714e-01 0.000000000000000000e+00 1.000000000000000000e+00 0.000000000000000000e+00 0.000000000000000000e+00 5.780173213961475875e-02 1.000000000000000000e+00 0.000000000000000000e+00 1.000000000000000000e+00 0.000000000000000000e+00 0.000000000000000000e+00 1.000000000000000000e+00 1.000000000000000000e+00 0.000000000000000000e+00 0.000000000000000000e+00 1.000000000000000000e+00 0.000000000000000000e+00 4.879418373516953289e-01 1.000000000000000000e+00 8.281477632223459284e-02 0.000000000000000000e+00 0.000000000000000000e+00 1.000000000000000000e+00 3.166566712393915628e-01 1.000000000000000000e+00 1.280000000000000000e+02 -3.617909090909090963e+01
0.000000000000000000e+00 9.413391262555405037e-01 2.497466665885444692e-01 0.000000000000000000e+00 9.865040809924178200e-01 0.000000000000000000e+00 8.996700859619323476e-03 1.712514509860560974e-01 0.000000000000000000e+00 1.000000000000000000e+00 0.000000000000000000e+00 0.000000000000000000e+00 1.000000000000000000e+00 4.485301766000820685e-05 0.000000000000000000e+00 3.311316675705226493e-05 0.000000000000000000e+00 0.000000000000000000e+00 0.000000000000000000e+00 0.000000000000000000e+00 7.611669946310395396e-01 1.094974658569019960e-01 5.782685115564613065e-01 0.000000000000000000e+00 1.364823017258431914e-01 9.911989256831668302e-03 1.000000000000000000e+00 2.066768614383620445e-02 1.493489066778224961e-01 1.000000000000000000e+00 0.000000000000000000e+00 9.667372986650629718e-01 1.280000000000000000e+02 -8.793636363636364806e+00
1.646762173878424385e-02 6.099339981118939713e-02 1.000000000000000000e+00 0.000000000000000000e+00 5.053978214633466498e-02 0.000000000000000000e+00 5.444696449004264860e-01 0.000000000000000000e+00 0.000000000000000000e+00 2.942118940273871774e-01 0.000000000000000000e+00 1.000000000000000000e+00 6.493386983218782937e-01 1.000000000000000000e+00 0.000000000000000000e+00 1.000000000000000000e+00 1.000000000000000000e+00 0.000000000000000000e+00 8.261384265216950018e-01 1.000000000000000000e+00 9.824738099723416829e-01 2.811763736148432113e-01 8.411779312294020983e-01 0.000000000000000000e+00 0.000000000000000000e+00 6.888860509845036173e-01 1.000000000000000000e+00 0.000000000000000000e+00 1.732972861087052341e-01 6.647905050918858638e-01 7.119126595489658760e-01 1.593007652850863820e-01 1.280000000000000000e+02 -5.279999999999999716e+01
0.000000000000000000e+00 6.947908558090336584e-01 1.000000000000000000e+00 0.000000000000000000e+00 2.101904227795888327e-02 0.000000000000000000e+00 0.000000000000000000e+00 0.000000000000000000e+00 0.000000000000000000e+00 0.000000000000000000e+00 0.000000000000000000e+00 1.000000000000000000e+00 1.000000000000000000e+00 1.000000000000000000e+00 1.011352742300038535e-02 1.139240143469682082e-01 1.000000000000000000e+00 5.861735203791522686e-01 0.000000000000000000e+00 1.000000000000000000e+00 0.000000000000000000e+00 3.666065870907431602e-04 1.000000000000000000e+00 0.000000000000000000e+00 0.000000000000000000e+00 0.000000000000000000e+00 3.016817568817607986e-01 7.996037332675796916e-02 0.000000000000000000e+00 4.258950889763425951e-01 1.000000000000000000e+00 0.000000000000000000e+00 1.280000000000000000e+02 -6.381818181818180946e+00
0.000000000000000000e+00 0.000000000000000000e+00 1.000000000000000000e+00 0.000000000000000000e+00 0.000000000000000000e+00 0.000000000000000000e+00 1.349969838923786580e-01 0.000000000000000000e+00 0.000000000000000000e+00 0.000000000000000000e+00 0.000000000000000000e+00 1.000000000000000000e+00 4.590130547760048474e-01 0.000000000000000000e+00 0.000000000000000000e+00 1.000000000000000000e+00 1.000000000000000000e+00 0.000000000000000000e+00 1.000000000000000000e+00 1.000000000000000000e+00 1.000000000000000000e+00 0.000000000000000000e+00 1.000000000000000000e+00 0.000000000000000000e+00 0.000000000000000000e+00 0.000000000000000000e+00 2.102466564109413960e-01 0.000000000000000000e+00 0.000000000000000000e+00 0.000000000000000000e+00 0.000000000000000000e+00 0.000000000000000000e+00 1.280000000000000000e+02 -4.890636363636363626e+01
0.000000000000000000e+00 0.000000000000000000e+00 0.000000000000000000e+00 6.112218645790040705e-01 0.000000000000000000e+00 0.000000000000000000e+00 7.008187037367036298e-01 9.115067678480641422e-02 5.203830053234089446e-04 0.000000000000000000e+00 0.000000000000000000e+00 2.223408959634197435e-01 7.397911766448057591e-01 1.000000000000000000e+00 0.000000000000000000e+00 9.861831968538472548e-01 7.281177754185420570e-01 0.000000000000000000e+00 0.000000000000000000e+00 1.000000000000000000e+00 9.908626899945756072e-01 4.012308336904228390e-01 0.000000000000000000e+00 0.000000000000000000e+00 0.000000000000000000e+00 1.288317177480216916e-03 7.439552314487537510e-01 9.179553608432758621e-04 1.718517764465624176e-06 0.000000000000000000e+00 2.752570137082710477e-01 0.000000000000000000e+00 1.280000000000000000e+02 -2.949090909090908852e+01
7.790222368575530631e-02 0.000000000000000000e+00 1.589652158256578190e-03 0.000000000000000000e+00 0.000000000000000000e+00 7.430771539230257288e-08 6.007323664731292201e-01 6.255495566598469337e-02 0.000000000000000000e+00 3.837464821584107150e-02 0.000000000000000000e+00 8.945397523081478897e-02 0.000000000000000000e+00 4.653778630248579518e-01 0.000000000000000000e+00 9.849400997294132099e-01 3.525068942849795550e-01 0.000000000000000000e+00 4.743593216326210116e-01 0.000000000000000000e+00 1.368581573007471286e-07 6.510844247838084263e-03 5.076085233893038451e-01 1.682634636998605049e-01 3.555347736272242432e-01 2.809839344490983049e-01 1.684007945448244836e-01 0.000000000000000000e+00 0.000000000000000000e+00 1.000000000000000000e+00 9.999990656563211289e-01 0.000000000000000000e+00 1.280000000000000000e+02 -3.275454545454545752e+01
1.347338075830651141e-02 0.000000000000000000e+00 6.716750861155525998e-01 0.000000000000000000e+00 0.000000000000000000e+00 0.000000000000000000e+00 0.000000000000000000e+00 0.000000000000000000e+00 0.000000000000000000e+00 0.000000000000000000e+00 0.000000000000000000e+00 3.700526888356668598e-02 1.000000000000000000e+00 2.485768726904739045e-01 5.000627146655876043e-01 1.696729432856788344e-01 0.000000000000000000e+00 0.000000000000000000e+00 8.561868423991451926e-02 1.000000000000000000e+00 0.000000000000000000e+00 7.193263039995634323e-02 0.000000000000000000e+00 0.000000000000000000e+00 0.000000000000000000e+00 7.443912785671104038e-01 4.838216014522513930e-01 0.000000000000000000e+00 0.000000000000000000e+00 3.197433114727468162e-01 7.808396358853151309e-01 0.000000000000000000e+00 1.280000000000000000e+02 -2.332999999999999829e+01
2.061344116370507906e-01 0.000000000000000000e+00 7.054425264678358953e-01 6.445661848246063556e-06 0.000000000000000000e+00 0.000000000000000000e+00 2.388515986115689049e-01 0.000000000000000000e+00 0.000000000000000000e+00 3.582417904584761503e-01 0.000000000000000000e+00 1.071029451000220928e-01 0.000000000000000000e+00 1.000000000000000000e+00 0.000000000000000000e+00 9.807760350395419158e-01 1.000000000000000000e+00 0.000000000000000000e+00 0.000000000000000000e+00 0.000000000000000000e+00 2.801290112824728062e-01 0.000000000000000000e+00 3.277848620768871735e-01 0.000000000000000000e+00 0.000000000000000000e+00 0.000000000000000000e+00 5.656777910789305697e-01 0.000000000000000000e+00 6.142883923965129040e-04 5.368977532035005273e-01 3.088515342006670217e-01 0.000000000000000000e+00 1.280000000000000000e+02 -1.371545454545454668e+01
0.000000000000000000e+00 0.000000000000000000e+00 2.917571315448597158e-01 0.000000000000000000e+00 0.000000000000000000e+00 0.000000000000000000e+00 0.000000000000000000e+00 0.000000000000000000e+00 0.000000000000000000e+00 0.000000000000000000e+00 0.000000000000000000e+00 0.000000000000000000e+00 0.000000000000000000e+00 0.000000000000000000e+00 0.000000000000000000e+00 0.000000000000000000e+00 5.994583603351302248e-01 0.000000000000000000e+00 0.000000000000000000e+00 0.000000000000000000e+00 0.000000000000000000e+00 0.000000000000000000e+00 0.000000000000000000e+00 0.000000000000000000e+00 0.000000000000000000e+00 0.000000000000000000e+00 0.000000000000000000e+00 0.000000000000000000e+00 0.000000000000000000e+00 0.000000000000000000e+00 0.000000000000000000e+00 0.000000000000000000e+00 1.280000000000000000e+02 -7.272727272727273762e-02
0.000000000000000000e+00 1.311642221431726929e-01 3.654741010106377780e-02 0.000000000000000000e+00 0.000000000000000000e+00 0.000000000000000000e+00 0.000000000000000000e+00 0.000000000000000000e+00 0.000000000000000000e+00 3.133060790718654176e-01 0.000000000000000000e+00 0.000000000000000000e+00 9.670441423509876788e-01 9.578937740203998796e-01 5.318886161533125101e-01 0.000000000000000000e+00 1.000000000000000000e+00 0.000000000000000000e+00 1.000000000000000000e+00 0.000000000000000000e+00 1.000000000000000000e+00 0.000000000000000000e+00 1.000000000000000000e+00 0.000000000000000000e+00 0.000000000000000000e+00 0.000000000000000000e+00 4.794143663029040159e-01 0.000000000000000000e+00 0.000000000000000000e+00 4.106185350579645219e-03 2.688902748058077594e-02 0.000000000000000000e+00 1.280000000000000000e+02 -4.610909090909090935e+01
0.000000000000000000e+00 0.000000000000000000e+00 1.000000000000000000e+00 0.000000000000000000e+00 0.000000000000000000e+00 0.000000000000000000e+00 6.902731885729174177e-02 0.000000000000000000e+00 0.000000000000000000e+00 0.000000000000000000e+00 0.000000000000000000e+00 7.054380292612233427e-01 8.878090355942901413e-01 1.000000000000000000e+00 5.243732330318730261e-02 8.111765319769521643e-01 1.000000000000000000e+00 0.000000000000000000e+00 4.487713750218946251e-01 1.000000000000000000e+00 1.000000000000000000e+00 5.241688179569002918e-08 0.000000000000000000e+00 0.000000000000000000e+00 0.000000000000000000e+00 0.000000000000000000e+00 2.342101000895843443e-01 0.000000000000000000e+00 6.695207851968412172e-01 9.638080459388149723e-01 8.794246457021751562e-01 9.670221262535961815e-01 1.280000000000000000e+02 -4.579363636363636658e+01
0.000000000000000000e+00 0.000000000000000000e+00 1.000000000000000000e+00 1.015561262857448410e-01 0.000000000000000000e+00 0.000000000000000000e+00 9.999997506672893000e-01 0.000000000000000000e+00 0.000000000000000000e+00 3.809131793907442609e-01 0.000000000000000000e+00 1.000000000000000000e+00 9.746751684491701262e-01 1.000000000000000000e+00 0.000000000000000000e+00 1.000000000000000000e+00 5.643104878270233105e-01 0.000000000000000000e+00 7.801373314284318905e-01 8.106354032239263541e-01 1.000000000000000000e+00 3.600280443488009796e-01 6.028514041587426098e-01 0.000000000000000000e+00 0.000000000000000000e+00 4.943369203375434506e-01 1.000000000000000000e+00 6.195942284991508286e-02 0.000000000000000000e+00 3.158875930067230331e-01 8.242465890365349157e-01 1.345594660640758999e-01 1.280000000000000000e+02 -5.362999999999999545e+01
0.000000000000000000e+00 0.000000000000000000e+00 0.000000000000000000e+00 1.463363870483514254e-02 0.000000000000000000e+00 0.000000000000000000e+00 9.082772784698609492e-01 0.000000000000000000e+00 0.000000000000000000e+00 0.000000000000000000e+00 0.000000000000000000e+00 0.000000000000000000e+00 0.000000000000000000e+00 0.000000000000000000e+00 0.000000000000000000e+00 0.000000000000000000e+00 0.000000000000000000e+00 0.000000000000000000e+00 0.000000000000000000e+00 1.369869220890837791e-01 5.824635974530089320e-03 0.000000000000000000e+00 6.741368977862439837e-09 0.000000000000000000e+00 0.000000000000000000e+00 0.000000000000000000e+00 9.717574993716822374e-02 5.937596086962349494e-03 0.000000000000000000e+00 0.000000000000000000e+00 0.000000000000000000e+00 0.000000000000000000e+00 1.280000000000000000e+02 -4.000000000000000222e-01
1.610992580634869054e-01 0.000000000000000000e+00 3.644907862670179743e-01 5.127635800924847803e-02 0.000000000000000000e+00 0.000000000000000000e+00 1.000000000000000000e+00 3.239860191689646063e-02 0.000000000000000000e+00 1.000000000000000000e+00 0.000000000000000000e+00 1.000000000000000000e+00 9.981673688679386647e-01 8.190800847691179221e-02 0.000000000000000000e+00 1.000000000000000000e+00 0.000000000000000000e+00 1.885921926922561748e-03 5.476823386531010085e-01 4.997774625735975501e-02 2.597503368892946085e-01 4.066691438158256400e-01 9.712460368453676440e-03 0.000000000000000000e+00 0.000000000000000000e+00 1.793696372744321421e-01 9.655589939463192772e-01 5.668517591988044696e-02 0.000000000000000000e+00 6.492333986108540789e-02 2.752536528965296436e-01 7.686402971618647162e-02 1.280000000000000000e+02 -4.724545454545454959e+01
2.077726564791203615e-03 0.000000000000000000e+00 3.297304774432350816e-01 2.179924096867159877e-02 0.000000000000000000e+00 0.000000000000000000e+00 1.000000000000000000e+00 0.000000000000000000e+00 0.000000000000000000e+00 0.000000000000000000e+00 0.000000000000000000e+00 8.217603668511398451e-01 2.737857215318055815e-01 1.000000000000000000e+00 0.000000000000000000e+00 2.983269043764382733e-01 0.000000000000000000e+00 0.000000000000000000e+00 5.263773379409613096e-01 3.225214402723726725e-01 6.066959490040494396e-01 0.000000000000000000e+00 5.263647865017315186e-02 0.000000000000000000e+00 0.000000000000000000e+00 0.000000000000000000e+00 7.417545464761303720e-01 4.024922524288520043e-01 0.000000000000000000e+00 0.000000000000000000e+00 1.000000000000000000e+00 1.279365456839593740e-01 1.280000000000000000e+02 -4.096999999999999886e+01
0.000000000000000000e+00 0.000000000000000000e+00 2.204926558881803167e-01 0.000000000000000000e+00 0.000000000000000000e+00 0.000000000000000000e+00 0.000000000000000000e+00 0.000000000000000000e+00 0.000000000000000000e+00 0.000000000000000000e+00 0.000000000000000000e+00 1.000000000000000000e+00 8.460000736484221129e-01 8.091989572665933550e-02 0.000000000000000000e+00 0.000000000000000000e+00 0.000000000000000000e+00 0.000000000000000000e+00 5.427695590055704733e-02 0.000000000000000000e+00 3.933199808668883524e-01 5.252248806028075867e-01 5.121449219560658683e-01 0.000000000000000000e+00 1.671352948753810075e-01 0.000000000000000000e+00 0.000000000000000000e+00 0.000000000000000000e+00 0.000000000000000000e+00 6.303477327059278656e-02 8.076245032693029182e-04 1.327700714921993541e-01 1.280000000000000000e+02 -1.864818181818181841e+01
0.000000000000000000e+00 0.000000000000000000e+00 9.702156360586792205e-01 1.412883625113973418e-01 1.160203220438306990e-03 4.403584324392190719e-01 7.579932909788126283e-01 0.000000000000000000e+00 0.000000000000000000e+00 4.293765912454212269e-02 3.074176950264157565e-06 9.639500853434489480e-01 9.905821600388288184e-01 6.716717721383095308e-01 0.000000000000000000e+00 9.876261389994827056e-01 9.069575848287307011e-04 0.000000000000000000e+00 9.985771739438243921e-01 8.262515839495865322e-01 1.000000000000000000e+00 3.041101648256895693e-03 1.310780045740708999e-01 0.000000000000000000e+00 0.000000000000000000e+00 3.551887917157089403e-01 9.098816811732995946e-01 1.345412445746402841e-01 2.280848803312891283e-03 9.916257358952480783e-02 9.907720920161049438e-01 7.151008571840780648e-02 1.280000000000000000e+02 -4.991181818181817675e+01
3.785773019676857976e-02 0.000000000000000000e+00 2.228981826977914041e-04 7.779018083100190661e-02 0.000000000000000000e+00 0.000000000000000000e+00 1.400029450142879772e-02 0.000000000000000000e+00 2.110986823010103775e-07 0.000000000000000000e+00 0.000000000000000000e+00 1.934033230791405156e-01 9.946937967164206640e-01 2.849443278103467869e-01 0.000000000000000000e+00 5.267103995908739567e-02 0.000000000000000000e+00 8.228433536320863828e-01 4.395746260205616873e-01 0.000000000000000000e+00 7.950493757318104482e-01 0.000000000000000000e+00 1.000000000000000000e+00 3.115703695057098210e-01 0.000000000000000000e+00 5.864297233028268330e-01 3.190710474532718610e-01 0.000000000000000000e+00 0.000000000000000000e+00 3.824868605742483274e-02 0.000000000000000000e+00 0.000000000000000000e+00 1.280000000000000000e+02 -3.459363636363636374e+01
0.000000000000000000e+00 6.999362729450415710e-01 4.576087123386728406e-01 0.000000000000000000e+00 0.000000000000000000e+00 0.000000000000000000e+00 7.885232247251799942e-01 0.000000000000000000e+00 0.000000000000000000e+00 1.000000000000000000e+00 0.000000000000000000e+00 0.000000000000000000e+00 7.274869975521599530e-01 2.366349646390469019e-01 0.000000000000000000e+00 1.174343695553201755e-01 0.000000000000000000e+00 0.000000000000000000e+00 2.546826086477482765e-02 3.810006065558446675e-01 8.282080998744069389e-02 1.940717750731238422e-01 4.127079804738563173e-01 2.605713797919570127e-02 1.541905970398505799e-01 2.602971180629404802e-01 0.000000000000000000e+00 4.604030334493868643e-03 0.000000000000000000e+00 0.000000000000000000e+00 1.668850225916314323e-01 0.000000000000000000e+00 1.280000000000000000e+02 -1.321181818181818102e+01
0.000000000000000000e+00 2.307781949274932409e-01 9.673393856750925890e-01 8.837456587328123003e-01 3.223412750982731232e-04 0.000000000000000000e+00 9.593049699389573082e-01 0.000000000000000000e+00 0.000000000000000000e+00 0.000000000000000000e+00 0.000000000000000000e+00 4.327581735098583182e-02 0.000000000000000000e+00 0.000000000000000000e+00 0.000000000000000000e+00 1.000000000000000000e+00 0.000000000000000000e+00 0.000000000000000000e+00 6.950397566750969869e-01 9.051264669450973521e-01 2.074985172945540968e-01 3.823794168038813050e-03 1.064639668621305268e-01 0.000000000000000000e+00 0.000000000000000000e+00 1.249282627030367382e-01 1.000000000000000000e+00 0.000000000000000000e+00 0.000000000000000000e+00 0.000000000000000000e+00 5.313510543657166130e-01 0.000000000000000000e+00 1.280000000000000000e+02 -3.824545454545454248e+01
0.000000000000000000e+00 4.248284234317001307e-03 8.522052110806932479e-01 0.000000000000000000e+00 8.462521172294105165e-01 0.000000000000000000e+00 0.000000000000000000e+00 0.000000000000000000e+00 0.000000000000000000e+00 0.000000000000000000e+00 0.000000000000000000e+00 0.000000000000000000e+00 5.164671600784447314e-01 6.706284149428063390e-01 0.000000000000000000e+00 8.723494525277556422e-01 0.000000000000000000e+00 0.000000000000000000e+00 0.000000000000000000e+00 0.000000000000000000e+00 7.737568455247088028e-01 0.000000000000000000e+00 0.000000000000000000e+00 1.835406203956582438e-01 0.000000000000000000e+00 6.546444264332055285e-01 0.000000000000000000e+00 0.000000000000000000e+00 0.000000000000000000e+00 3.224541858397924621e-01 3.789107720310474922e-05 0.000000000000000000e+00 1.280000000000000000e+02 -1.095727272727272705e+01
0.000000000000000000e+00 0.000000000000000000e+00 7.298045339410211829e-01 0.000000000000000000e+00 0.000000000000000000e+00 0.000000000000000000e+00 1.334604323488027544e-01 0.000000000000000000e+00 3.015416563818157605e-05 1.958128529156584197e-01 0.000000000000000000e+00 1.554909325267570253e-01 9.696960260752416350e-01 8.625868447264622985e-02 0.000000000000000000e+00 9.113477034779360331e-01 3.140368161930753758e-09 0.000000000000000000e+00 7.342151149254420028e-01 7.503618518669308290e-02 9.999611909762969875e-01 0.000000000000000000e+00 1.000000000000000000e+00 0.000000000000000000e+00 0.000000000000000000e+00 0.000000000000000000e+00 9.767335421319147670e-01 0.000000000000000000e+00 0.000000000000000000e+00 1.563173229447371512e-02 9.213789998165746731e-01 0.000000000000000000e+00 1.280000000000000000e+02 -5.042090909090909179e+01
0.000000000000000000e+00 0.000000000000000000e+00 0.000000000000000000e+00 0.000000000000000000e+00 2.289534103594196290e-01 0.000000000000000000e+00 0.000000000000000000e+00 0.000000000000000000e+00 0.000000000000000000e+00 0.000000000000000000e+00 0.000000000000000000e+00 8.683081321833941990e-01 0.000000000000000000e+00 0.000000000000000000e+00 0.000000000000000000e+00 7.846717356541028643e-01 0.000000000000000000e+00 9.588291039142253780e-01 4.019843412258657378e-01 6.905431825636711984e-01 0.000000000000000000e+00 2.799678064932515920e-01 0.000000000000000000e+00 0.000000000000000000e+00 0.000000000000000000e+00 0.000000000000000000e+00 7.317226321857570298e-05 0.000000000000000000e+00 0.000000000000000000e+00 0.000000000000000000e+00 0.000000000000000000e+00 0.000000000000000000e+00 1.280000000000000000e+02 -2.720909090909091077e+01
0.000000000000000000e+00 0.000000000000000000e+00 9.573374516515318344e-01 0.000000000000000000e+00 0.000000000000000000e+00 9.398241327592467276e-02 1.000000000000000000e+00 4.282605169673078804e-02 0.000000000000000000e+00 1.700360583956116445e-01 0.000000000000000000e+00 8.081179177006047043e-01 4.346514198747266078e-01 0.000000000000000000e+00 0.000000000000000000e+00 1.332643031122671996e-02 8.624720728447247617e-03 0.000000000000000000e+00 0.000000000000000000e+00 4.403588177745930698e-01 9.974337051267525567e-01 0.000000000000000000e+00 1.093047343933804399e-01 0.000000000000000000e+00 0.000000000000000000e+00 0.000000000000000000e+00 9.247442736549972286e-01 0.000000000000000000e+00 0.000000000000000000e+00 0.000000000000000000e+00 8.898619027771862422e-01 6.784822106037063927e-02 1.280000000000000000e+02 -1.256363636363636260e+01
0.000000000000000000e+00 0.000000000000000000e+00 0.000000000000000000e+00 1.487130766370922848e-02 0.000000000000000000e+00 0.000000000000000000e+00 0.000000000000000000e+00 0.000000000000000000e+00 0.000000000000000000e+00 0.000000000000000000e+00 0.000000000000000000e+00 6.837650732713672630e-01 0.000000000000000000e+00 2.125521177207939927e-01 0.000000000000000000e+00 3.050298771285163135e-01 1.271683967119468031e-02 0.000000000000000000e+00 1.149192942674763240e-01 0.000000000000000000e+00 9.835270995109594017e-01 4.151515237999918173e-01 7.230155043876682931e-03 0.000000000000000000e+00 0.000000000000000000e+00 4.028188365704117313e-01 9.961223608821162534e-01 1.325572581387166247e-05 0.000000000000000000e+00 2.165093001670745643e-01 7.115231365268712138e-02 1.693613033984886149e-02 1.280000000000000000e+02 -2.644545454545454177e+01
0.000000000000000000e+00 0.000000000000000000e+00 2.144792931839035188e-01 6.454860005281582991e-01 0.000000000000000000e+00 1.613462273713669459e-01 2.542277355874425493e-01 0.000000000000000000e+00 0.000000000000000000e+00 0.000000000000000000e+00 0.000000000000000000e+00 7.749471513188198601e-01 1.000000000000000000e+00 8.791175944457153557e-01 0.000000000000000000e+00 6.079795039419073899e-02 1.167540210695439465e-02 0.000000000000000000e+00 2.528326251798302532e-02 5.657770453904621688e-02 0.000000000000000000e+00 1.174409640164746603e-02 0.000000000000000000e+00 9.097129701330519680e-02 7.818894970849794498e-03 1.000000000000000000e+00 0.000000000000000000e+00 0.000000000000000000e+00 1.528999584170920994e-02 0.000000000000000000e+00 4.652245218297720308e-01 3.888780757403803297e-04 1.280000000000000000e+02 -4.115454545454546142e+00
0.000000000000000000e+00 0.000000000000000000e+00 1.416216003708505033e-01 0.000000000000000000e+00 1.000000000000000000e+00 0.000000000000000000e+00 5.211801229177122873e-03 0.000000000000000000e+00 0.000000000000000000e+00 1.000000000000000000e+00 2.567581176185689262e-01 0.000000000000000000e+00 0.000000000000000000e+00 0.000000000000000000e+00 0.000000000000000000e+00 0.000000000000000000e+00 5.539072110870761900e-01 0.000000000000000000e+00 0.000000000000000000e+00 3.872071756044491719e-01 1.000000000000000000e+00 0.000000000000000000e+00 0.000000000000000000e+00 0.000000000000000000e+00 0.000000000000000000e+00 0.000000000000000000e+00 4.062260784208615028e-01 0.000000000000000000e+00 0.000000000000000000e+00 0.000000000000000000e+00 0.000000000000000000e+00 0.000000000000000000e+00 1.280000000000000000e+02 -2.370000000000000107e+00
0.000000000000000000e+00 0.000000000000000000e+00 8.090904670416081412e-01 0.000000000000000000e+00 0.000000000000000000e+00 2.433927020354763604e-01 0.000000000000000000e+00 0.000000000000000000e+00 0.000000000000000000e+00 3.544433563608346210e-05 0.000000000000000000e+00 1.000000000000000000e+00 0.000000000000000000e+00 0.000000000000000000e+00 0.000000000000000000e+00 0.000000000000000000e+00 0.000000000000000000e+00 0.000000000000000000e+00 0.000000000000000000e+00 9.110588016658158553e-03 1.289983789017593308e-01 0.000000000000000000e+00 0.000000000000000000e+00 0.000000000000000000e+00 0.000000000000000000e+00 0.000000000000000000e+00 1.000000000000000000e+00 0.000000000000000000e+00 1.609138077606865613e-02 0.000000000000000000e+00 5.300996714430769523e-08 0.000000000000000000e+00 1.280000000000000000e+02 -2.036363636363636154e+00
0.000000000000000000e+00 0.000000000000000000e+00 3.627556777242031405e-01 1.435721635235096341e-02 0.000000000000000000e+00 0.000000000000000000e+00 3.247154166641419981e-01 7.710246366994151501e-02 0.000000000000000000e+00 2.519863398957932765e-01 0.000000000000000000e+00 4.870178638395708526e-01 0.000000000000000000e+00 7.090555742818325236e-01 9.125525558080929689e-02 2.428826560481164298e-01 3.213581811720740613e-03 0.000000000000000000e+00 2.867352628649183152e-02 4.474931118509330452e-01 2.958690093952813238e-01 4.817728551506677004e-01 4.071899874122594243e-01 0.000000000000000000e+00 0.000000000000000000e+00 0.000000000000000000e+00 0.000000000000000000e+00 2.241962542135009506e-01 0.000000000000000000e+00 0.000000000000000000e+00 8.658953511273847527e-04 1.656519829718388348e-01 1.280000000000000000e+02 -2.207272727272727408e+01
1.133420455060380003e-03 0.000000000000000000e+00 5.447836454845043086e-01 0.000000000000000000e+00 1.054852978204856434e-01 0.000000000000000000e+00 8.930204335327381893e-01 0.000000000000000000e+00 6.992122726260296614e-05 0.000000000000000000e+00 0.000000000000000000e+00 9.421588328177681326e-01 0.000000000000000000e+00 1.000000000000000000e+00 0.000000000000000000e+00 0.000000000000000000e+00 0.000000000000000000e+00 2.555839387049390621e-01 4.617720468525300849e-05 0.000000000000000000e+00 7.195522293726084317e-01 0.000000000000000000e+00 2.990788914158777900e-01 0.000000000000000000e+00 0.000000000000000000e+00 0.000000000000000000e+00 0.000000000000000000e+00 6.948396850935338875e-01 6.319625173798015805e-02 0.000000000000000000e+00 0.000000000000000000e+00 0.000000000000000000e+00 1.280000000000000000e+02 -1.224545454545454382e+00
0.000000000000000000e+00 0.000000000000000000e+00 8.855137531099858128e-01 0.000000000000000000e+00 0.000000000000000000e+00 0.000000000000000000e+00 9.960745621382085524e-01 0.000000000000000000e+00 0.000000000000000000e+00 0.000000000000000000e+00 8.540440422519129937e-02 0.000000000000000000e+00 1.883413544227340308e-01 1.000000000000000000e+00 0.000000000000000000e+00 6.501365313551183966e-01 0.000000000000000000e+00 0.000000000000000000e+00 1.791492049328878289e-01 0.000000000000000000e+00 0.000000000000000000e+00 5.459432579334400071e-01 9.330531514993261125e-03 1.394253003626149106e-03 1.000000000000000000e+00 0.000000000000000000e+00 5.565185874993956450e-01 0.000000000000000000e+00 0.000000000000000000e+00 0.000000000000000000e+00 1.487040292496795424e-01 0.000000000000000000e+00 1.280000000000000000e+02 -1.911545454545455058e+01
0.000000000000000000e+00 0.000000000000000000e+00 0.000000000000000000e+00 0.000000000000000000e+00 0.000000000000000000e+00 0.000000000000000000e+00 0.000000000000000000e+00 0.000000000000000000e+00 0.000000000000000000e+00 0.000000000000000000e+00 0.000000000000000000e+00 0.000000000000000000e+00 1.882393408658825373e-01 0.000000000000000000e+00 0.000000000000000000e+00 4.749154994576921807e-01 7.295695596839386621e-01 0.000000000000000000e+00 2.663681044488251382e-01 0.000000000000000000e+00 7.575217209257613105e-01 0.000000000000000000e+00 1.369992851537545075e-01 0.000000000000000000e+00 0.000000000000000000e+00 3.285991246735171095e-02 1.171414381064416615e-02 0.000000000000000000e+00 0.000000000000000000e+00 8.846882607892855299e-01 0.000000000000000000e+00 0.000000000000000000e+00 1.280000000000000000e+02 -3.759999999999999432e+01
0.000000000000000000e+00 0.000000000000000000e+00 0.000000000000000000e+00 0.000000000000000000e+00 0.000000000000000000e+00 0.000000000000000000e+00 2.474067890046327545e-01 0.000000000000000000e+00 0.000000000000000000e+00 0.000000000000000000e+00 0.000000000000000000e+00 8.403672871741050265e-01 7.914493001922326965e-01 1.677161366930466913e-01 0.000000000000000000e+00 6.606772502161185612e-01 1.779626892049053629e-03 0.000000000000000000e+00 8.440209455322166265e-01 4.874712219699050553e-01 3.421402872277573004e-01 0.000000000000000000e+00 0.000000000000000000e+00 4.464431573795746005e-06 2.809995772897326827e-01 1.387885401651052786e-01 5.062438775798232538e-01 0.000000000000000000e+00 1.754133216058255743e-02 9.184134911674031454e-03 1.167158069169981791e-06 0.000000000000000000e+00 1.280000000000000000e+02 -5.035727272727272208e+01
0.000000000000000000e+00 0.000000000000000000e+00 9.508293980130262391e-01 7.950489341557566772e-03 0.000000000000000000e+00 0.000000000000000000e+00 0.000000000000000000e+00 0.000000000000000000e+00 0.000000000000000000e+00 0.000000000000000000e+00 0.000000000000000000e+00 3.137642730388858769e-01 6.578471227983954117e-01 2.960654090917052561e-01 0.000000000000000000e+00 5.650416536845981330e-01 5.945009586564397199e-06 0.000000000000000000e+00 5.898957832153823855e-01 7.412236684707801393e-01 8.126738806143465332e-01 5.755291475170404292e-01 2.121329397254404642e-03 2.248881538935136593e-02 0.000000000000000000e+00 5.527890611312857253e-04 9.584632964916269815e-01 0.000000000000000000e+00 0.000000000000000000e+00 2.112483782322361614e-01 3.327518700148051622e-01 0.000000000000000000e+00 1.280000000000000000e+02 -4.882999999999999829e+01
0.000000000000000000e+00 0.000000000000000000e+00 8.046159307260797311e-01 0.000000000000000000e+00 0.000000000000000000e+00 0.000000000000000000e+00 0.000000000000000000e+00 1.835231954033561194e-02 1.098873457789200786e-01 0.000000000000000000e+00 0.000000000000000000e+00 0.000000000000000000e+00 9.975547927515442604e-11 8.699300304217334467e-01 0.000000000000000000e+00 5.769006287952540557e-01 0.000000000000000000e+00 7.892176753888976992e-02 9.621218445901901228e-01 0.000000000000000000e+00 8.139750594096527569e-01 0.000000000000000000e+00 7.057293806370670275e-01 0.000000000000000000e+00 0.000000000000000000e+00 2.849685058328344511e-01 0.000000000000000000e+00 3.831966767140627950e-02 0.000000000000000000e+00 0.000000000000000000e+00 0.000000000000000000e+00 0.000000000000000000e+00 1.280000000000000000e+02 -3.153636363636363882e+01
0.000000000000000000e+00 0.000000000000000000e+00 3.888913704478830224e-01 0.000000000000000000e+00 0.000000000000000000e+00 0.000000000000000000e+00 6.033357258570867243e-01 0.000000000000000000e+00 0.000000000000000000e+00 0.000000000000000000e+00 0.000000000000000000e+00 2.420305252269410734e-01 1.963949435508817584e-04 2.682827759035113363e-02 0.000000000000000000e+00 1.000000000000000000e+00 0.000000000000000000e+00 0.000000000000000000e+00 7.616079112302879262e-01 0.000000000000000000e+00 1.954856783042780988e-01 1.384424821180496312e-01 1.171132765178344304e-01 0.000000000000000000e+00 0.000000000000000000e+00 9.268366078272702868e-01 0.000000000000000000e+00 1.198934710550678823e-02 0.000000000000000000e+00 0.000000000000000000e+00 1.000000000000000000e+00 1.051248193789345941e-04 1.280000000000000000e+02 -3.936090909090908951e+01
0.000000000000000000e+00 0.000000000000000000e+00 0.000000000000000000e+00 0.000000000000000000e+00 0.000000000000000000e+00 0.000000000000000000e+00 3.775772314870724511e-01 0.000000000000000000e+00 0.000000000000000000e+00 0.000000000000000000e+00 0.000000000000000000e+00 0.000000000000000000e+00 9.665814356520144868e-01 6.948248580061007207e-01 0.000000000000000000e+00 2.757304226760707300e-01 1.972795728465208745e-02 0.000000000000000000e+00 0.000000000000000000e+00 0.000000000000000000e+00 1.465782720056016397e-02 0.000000000000000000e+00 0.000000000000000000e+00 0.000000000000000000e+00 0.000000000000000000e+00 4.156554783358873406e-01 6.964897044213074206e-01 5.767840522560911953e-01 0.000000000000000000e+00 3.932673680991201348e-02 8.659439316453012569e-01 5.285768516392858963e-06 1.280000000000000000e+02 -2.606363636363635994e+00
0.000000000000000000e+00 0.000000000000000000e+00 5.628395102801361793e-02 0.000000000000000000e+00 0.000000000000000000e+00 0.000000000000000000e+00 9.605487598578285047e-01 3.484909332537105552e-06 0.000000000000000000e+00 0.000000000000000000e+00 0.000000000000000000e+00 0.000000000000000000e+00 0.000000000000000000e+00 5.238426002472148513e-01 0.000000000000000000e+00 0.000000000000000000e+00 0.000000000000000000e+00 0.000000000000000000e+00 1.000000000000000000e+00 5.143527188125287530e-01 4.924652015332331434e-01 0.000000000000000000e+00 1.268676073113488012e-01 0.000000000000000000e+00 0.000000000000000000e+00 1.000000000000000000e+00 9.328632354848448438e-01 0.000000000000000000e+00 0.000000000000000000e+00 0.000000000000000000e+00 2.412125580873792363e-01 6.343638937019761004e-01 1.280000000000000000e+02 -3.107545454545454433e+01
0.000000000000000000e+00 0.000000000000000000e+00 5.698987426605447125e-04 0.000000000000000000e+00 0.000000000000000000e+00 1.123286729992253354e-02 2.603445026779963034e-01 0.000000000000000000e+00 0.000000000000000000e+00 0.000000000000000000e+00 0.000000000000000000e+00 2.800488346757247227e-01 0.000000000000000000e+00 2.758432712212061360e-03 0.000000000000000000e+00 1.000000000000000000e+00 0.000000000000000000e+00 0.000000000000000000e+00 0.000000000000000000e+00 4.490246710769299487e-02 0.000000000000000000e+00 0.000000000000000000e+00 0.000000000000000000e+00 1.440427253314899014e-01 0.000000000000000000e+00 3.999800391072854122e-01 9.622206950975885353e-02 0.000000000000000000e+00 1.138214689604732759e-02 0.000000000000000000e+00 0.000000000000000000e+00 3.314819367900223024e-01 1.280000000000000000e+02 -1.563636363636363491e+00
9.999952923742234656e-01 4.131247923688653734e-02 0.000000000000000000e+00 2.454984880827446037e-01 0.000000000000000000e+00 0.000000000000000000e+00 9.625321091802643281e-01 0.000000000000000000e+00 6.768371430305227809e-01 8.523053236488265655e-03 0.000000000000000000e+00 7.547136415859816427e-01 8.345854697246610915e-03 0.000000000000000000e+00 7.074681358835573919e-01 3.220546236834474080e-02 1.190105549205310248e-03 1.182761092599896556e-02 0.000000000000000000e+00 4.353464526978064186e-01 0.000000000000000000e+00 0.000000000000000000e+00 9.370797098584463664e-03 0.000000000000000000e+00 4.075441843385581020e-01 0.000000000000000000e+00 7.549403817843321207e-02 1.457737440492122994e-03 0.000000000000000000e+00 0.000000000000000000e+00 0.000000000000000000e+00 0.000000000000000000e+00 1.280000000000000000e+02 -2.072727272727272751e+00
0.000000000000000000e+00 0.000000000000000000e+00 1.000000000000000000e+00 0.000000000000000000e+00 0.000000000000000000e+00 0.000000000000000000e+00 0.000000000000000000e+00 0.000000000000000000e+00 0.000000000000000000e+00 0.000000000000000000e+00 0.000000000000000000e+00 8.727945522852199878e-02 1.058140209805090021e-01 3.883558831482626650e-02 0.000000000000000000e+00 0.000000000000000000e+00 1.615926713277674849e-06 1.210259760972542398e-01 6.213436869674963947e-02 0.000000000000000000e+00 3.654320205734246443e-04 9.949942156862500234e-03 7.157309477188353863e-01 0.000000000000000000e+00 0.000000000000000000e+00 0.000000000000000000e+00 0.000000000000000000e+00 0.000000000000000000e+00 9.236457969459084538e-02 0.000000000000000000e+00 1.000000000000000000e+00 7.446454905099643418e-02 1.280000000000000000e+02 -8.079090909090909989e+00
0.000000000000000000e+00 0.000000000000000000e+00 5.874530933851780379e-01 0.000000000000000000e+00 0.000000000000000000e+00 0.000000000000000000e+00 5.144763042207256554e-02 0.000000000000000000e+00 0.000000000000000000e+00 0.000000000000000000e+00 0.000000000000000000e+00 0.000000000000000000e+00 1.000000000000000000e+00 6.146924206676920299e-01 0.000000000000000000e+00 4.073132404187192468e-01 5.219062669683836170e-02 0.000000000000000000e+00 0.000000000000000000e+00 1.000000000000000000e+00 5.645809322887989090e-01 2.741865918709143202e-01 1.877526127845357551e-01 0.000000000000000000e+00 0.000000000000000000e+00 0.000000000000000000e+00 1.936314901227149388e-01 3.479596001283953577e-02 0.000000000000000000e+00 0.000000000000000000e+00 5.174749286219301192e-01 0.000000000000000000e+00 1.280000000000000000e+02 -2.769999999999999929e+01
0.000000000000000000e+00 0.000000000000000000e+00 9.435453079190333492e-01 0.000000000000000000e+00 0.000000000000000000e+00 0.000000000000000000e+00 2.690852402639000163e-01 3.315645246116700898e-05 0.000000000000000000e+00 3.927114875591593002e-01 9.791474072293347708e-02 4.833107531900159848e-01 1.000000000000000000e+00 0.000000000000000000e+00 0.000000000000000000e+00 0.000000000000000000e+00 7.083428334077550570e-01 8.238463403275909924e-02 0.000000000000000000e+00 2.169591176084041950e-01 1.495019897525178162e-06 0.000000000000000000e+00 0.000000000000000000e+00 0.000000000000000000e+00 0.000000000000000000e+00 0.000000000000000000e+00 0.000000000000000000e+00 0.000000000000000000e+00 8.254633811026677037e-01 0.000000000000000000e+00 0.000000000000000000e+00 0.000000000000000000e+00 1.280000000000000000e+02 -1.442727272727272858e+00
0.000000000000000000e+00 0.000000000000000000e+00 3.129314555536115705e-01 0.000000000000000000e+00 0.000000000000000000e+00 0.000000000000000000e+00 0.000000000000000000e+00 0.000000000000000000e+00 0.000000000000000000e+00 1.000000000000000000e+00 0.000000000000000000e+00 3.411086043987945349e-01 3.259930110276754167e-01 3.006529461892472610e-01 0.000000000000000000e+00 5.393672283055520600e-01 5.099210879996799450e-01 0.000000000000000000e+00 5.900660360848265784e-02 3.184138478113540671e-02 1.210076765678058386e-01 1.000000000000000000e+00 3.538284771781201044e-01 0.000000000000000000e+00 0.000000000000000000e+00 5.965011007607713411e-01 5.389544127203684809e-01 0.000000000000000000e+00 0.000000000000000000e+00 3.216372389773597407e-01 0.000000000000000000e+00 0.000000000000000000e+00 1.280000000000000000e+02 -1.588454545454545297e+01
8.115923190144312335e-03 0.000000000000000000e+00 5.126354491633021704e-01 0.000000000000000000e+00 0.000000000000000000e+00 1.387899945948494612e-02 9.725872584008498078e-01 3.798199797744937489e-02 0.000000000000000000e+00 5.487745768957503767e-01 7.511552469028051071e-01 3.691319331168637086e-01 9.212068916431607191e-01 1.000000000000000000e+00 0.000000000000000000e+00 3.848370158550057374e-02 3.072041744754820947e-01 0.000000000000000000e+00 9.256020573648776617e-01 6.058928714213278610e-01 3.067085113803429408e-01 9.942843158087305566e-01 2.105224640873170489e-02 0.000000000000000000e+00 0.000000000000000000e+00 6.187133230271532058e-01 1.903356232119361169e-01 0.000000000000000000e+00 0.000000000000000000e+00 1.384034057172775778e-01 5.076234737625682225e-01 3.312655441375944327e-04 1.280000000000000000e+02 -4.488181818181818272e+01
0.000000000000000000e+00 0.000000000000000000e+00 1.464001938898094532e-02 2.566405956376512920e-01 2.739367313217856096e-03 0.000000000000000000e+00 1.494854644069270044e-01 0.000000000000000000e+00 0.000000000000000000e+00 6.110214795603695626e-01 0.000000000000000000e+00 4.818000449021309084e-01 1.058196952069788421e-01 5.707458974551634645e-01 0.000000000000000000e+00 9.999931066788196876e-01 7.514412635189841039e-01 0.000000000000000000e+00 1.867218774767681611e-01 1.104652282908749963e-02 3.415873540606442216e-01 0.000000000000000000e+00 1.778991337673933026e-01 0.000000000000000000e+00 0.000000000000000000e+00 6.307957514544616506e-01 2.125497053657621482e-01 7.432537489238025437e-03 0.000000000000000000e+00 3.196871083605031102e-04 2.564235196381828286e-02 6.790904573704076817e-03 1.280000000000000000e+02 -4.003909090909090196e+01
0.000000000000000000e+00 0.000000000000000000e+00 6.534826064836515291e-01 0.000000000000000000e+00 0.000000000000000000e+00 0.000000000000000000e+00 1.000000000000000000e+00 0.000000000000000000e+00 0.000000000000000000e+00 0.000000000000000000e+00 0.000000000000000000e+00 0.000000000000000000e+00 2.085435982272573485e-01 1.655269055212814644e-01 6.562878718874161008e-03 1.473223335827383573e-01 0.000000000000000000e+00 0.000000000000000000e+00 0.000000000000000000e+00 9.096871917643514411e-06 5.842415134385046116e-01 7.676127898805983341e-01 3.884171183337791194e-03 0.000000000000000000e+00 1.326171938149950640e-03 0.000000000000000000e+00 2.550279127608555407e-02 0.000000000000000000e+00 0.000000000000000000e+00 0.000000000000000000e+00 0.000000000000000000e+00 2.901528174857490039e-01 1.280000000000000000e+02 -8.327272727272726272e+00
0.000000000000000000e+00 0.000000000000000000e+00 0.000000000000000000e+00 0.000000000000000000e+00 1.940430960064078801e-05 0.000000000000000000e+00 6.785127941001161123e-01 7.328084078965423835e-06 0.000000000000000000e+00 0.000000000000000000e+00 4.982203243244397867e-02 0.000000000000000000e+00 0.000000000000000000e+00 1.365743169775609223e-01 0.000000000000000000e+00 0.000000000000000000e+00 0.000000000000000000e+00 0.000000000000000000e+00 0.000000000000000000e+00 7.843917115391600969e-01 9.764957112551974072e-01 5.244595276105498000e-02 0.000000000000000000e+00 0.000000000000000000e+00 0.000000000000000000e+00 1.037956551850958628e-02 4.547356946733601135e-01 0.000000000000000000e+00 0.000000000000000000e+00 9.934139956031579066e-01 0.000000000000000000e+00 0.000000000000000000e+00 1.280000000000000000e+02 -2.836363636363636420e+00
0.000000000000000000e+00 6.717135274706653725e-02 1.000000000000000000e+00 6.237062122075304194e-01 0.000000000000000000e+00 5.812258837176207393e-01 0.000000000000000000e+00 2.157701121643345044e-01 0.000000000000000000e+00 1.225481772506322314e-01 0.000000000000000000e+00 1.317876721886265638e-02 0.000000000000000000e+00 0.000000000000000000e+00 0.000000000000000000e+00 0.000000000000000000e+00 0.000000000000000000e+00 0.000000000000000000e+00 0.000000000000000000e+00 0.000000000000000000e+00 6.893308330002871909e-01 0.000000000000000000e+00 9.279805917924617287e-01 0.000000000000000000e+00 0.000000000000000000e+00 0.000000000000000000e+00 2.081442558960831801e-01 2.941772743737193843e-02 0.000000000000000000e+00 6.257255539747938813e-03 7.017768732012730215e-02 0.000000000000000000e+00 1.280000000000000000e+02 -5.606363636363636438e+00
0.000000000000000000e+00 0.000000000000000000e+00 2.845794123336949921e-01 0.000000000000000000e+00 3.250786371426445456e-03 4.875155294339616856e-03 0.000000000000000000e+00 0.000000000000000000e+00 0.000000000000000000e+00 3.232075532427018949e-01 0.000000000000000000e+00 5.189393834846607367e-08 4.098938290498174153e-01 8.588937121828732479e-01 0.000000000000000000e+00 1.508625576067413043e-01 0.000000000000000000e+00 0.000000000000000000e+00 2.874098372380269259e-03 9.940214561305549257e-01 1.132584714835581929e-01 0.000000000000000000e+00 0.000000000000000000e+00 3.639303908205095313e-03 0.000000000000000000e+00 1.415154026443411978e-03 1.000000000000000000e+00 0.000000000000000000e+00 0.000000000000000000e+00 0.000000000000000000e+00 2.914162249031570506e-01 2.105303440810230853e-01 1.280000000000000000e+02 -1.449090909090909207e+01
0.000000000000000000e+00 0.000000000000000000e+00 7.463336207931570989e-05 0.000000000000000000e+00 0.000000000000000000e+00 0.000000000000000000e+00 0.000000000000000000e+00 0.000000000000000000e+00 0.000000000000000000e+00 0.000000000000000000e+00 0.000000000000000000e+00 0.000000000000000000e+00 4.015319562323917957e-01 3.749543860968203579e-01 0.000000000000000000e+00 0.000000000000000000e+00 4.176178710063304691e-06 0.000000000000000000e+00 1.582511381801991746e-01 0.000000000000000000e+00 1.000000000000000000e+00 7.655983817809548786e-02 0.000000000000000000e+00 0.000000000000000000e+00 0.000000000000000000e+00 0.000000000000000000e+00 0.000000000000000000e+00 0.000000000000000000e+00 0.000000000000000000e+00 6.128557346770968639e-01 3.873599383311777666e-01 0.000000000000000000e+00 1.280000000000000000e+02 -2.760636363636363910e+01
0.000000000000000000e+00 0.000000000000000000e+00 0.000000000000000000e+00 1.700810162511987716e-02 0.000000000000000000e+00 0.000000000000000000e+00 4.276296070160702512e-03 0.000000000000000000e+00 0.000000000000000000e+00 4.758091695586147973e-01 5.430188505430216805e-01 6.487024942213606149e-01 9.413575414557218135e-01 2.687866246972418494e-01 0.000000000000000000e+00 1.322167375731173600e-01 0.000000000000000000e+00 0.000000000000000000e+00 9.859222120221955432e-01 0.000000000000000000e+00 9.993256907776179032e-01 0.000000000000000000e+00 2.576126199327172239e-01 0.000000000000000000e+00 0.000000000000000000e+00 0.000000000000000000e+00 0.000000000000000000e+00 2.670544380418593176e-04 7.792199902668029976e-01 0.000000000000000000e+00 4.338205974339755522e-01 0.000000000000000000e+00 1.280000000000000000e+02 -4.585181818181818159e+01
0.000000000000000000e+00 0.000000000000000000e+00 6.723572328017802732e-03 0.000000000000000000e+00 0.000000000000000000e+00 0.000000000000000000e+00 5.354895105854256404e-02 0.000000000000000000e+00 6.189258459921658240e-01 0.000000000000000000e+00 0.000000000000000000e+00 1.000000000000000000e+00 1.000000000000000000e+00 0.000000000000000000e+00 2.592242073580613981e-01 1.000000000000000000e+00 0.000000000000000000e+00 4.010596794936195919e-01 3.424538657899283134e-01 0.000000000000000000e+00 0.000000000000000000e+00 1.000000000000000000e+00 0.000000000000000000e+00 0.000000000000000000e+00 0.000000000000000000e+00 0.000000000000000000e+00 0.000000000000000000e+00 5.134219115514259135e-01 0.000000000000000000e+00 0.000000000000000000e+00 6.340425004833888378e-01 1.238042858635626381e-01 1.280000000000000000e+02 -3.319999999999999574e+01
0.000000000000000000e+00 0.000000000000000000e+00 5.201865649476253850e-01 6.313749032098268099e-01 0.000000000000000000e+00 0.000000000000000000e+00 3.453641965653504453e-01 5.418111816534234570e-01 0.000000000000000000e+00 0.000000000000000000e+00 0.000000000000000000e+00 0.000000000000000000e+00 5.220510816307810664e-01 6.530677029220927077e-01 0.000000000000000000e+00 6.262146247094164042e-04 2.253044206890782164e-01 0.000000000000000000e+00 8.421531248729638985e-01 0.000000000000000000e+00 0.000000000000000000e+00 0.000000000000000000e+00 0.000000000000000000e+00 0.000000000000000000e+00 0.000000000000000000e+00 6.846122715350823063e-01 2.313765235691799538e-01 0.000000000000000000e+00 0.000000000000000000e+00 6.782589174038246814e-03 8.943296934755913252e-01 0.000000000000000000e+00 1.280000000000000000e+02 -2.781818181818181657e+01
0.000000000000000000e+00 0.000000000000000000e+00 0.000000000000000000e+00 1.621624909674284076e-01 0.000000000000000000e+00 0.000000000000000000e+00 5.295833844710156058e-01 0.000000000000000000e+00 7.125594415610898846e-03 9.973749510687146547e-01 1.249715743951811814e-02 2.932898241298214637e-01 0.000000000000000000e+00 0.000000000000000000e+00 0.000000000000000000e+00 0.000000000000000000e+00 2.099543100697244813e-01 0.000000000000000000e+00 4.646118715365931129e-01 3.111925931906095455e-01 1.203423519407493050e-02 0.000000000000000000e+00 0.000000000000000000e+00 0.000000000000000000e+00 9.514651314455049511e-03 6.699158069774178159e-01 3.342004085742656949e-01 0.000000000000000000e+00 0.000000000000000000e+00 0.000000000000000000e+00 5.418306611741506851e-01 0.000000000000000000e+00 1.280000000000000000e+02 -3.158454545454544871e+01
0.000000000000000000e+00 0.000000000000000000e+00 7.011708153323159901e-03 0.000000000000000000e+00 0.000000000000000000e+00 1.227800338774316657e-01 0.000000000000000000e+00 0.000000000000000000e+00 0.000000000000000000e+00 0.000000000000000000e+00 0.000000000000000000e+00 0.000000000000000000e+00 1.012408418565506271e-03 0.000000000000000000e+00 0.000000000000000000e+00 5.070847672670714124e-01 0.000000000000000000e+00 0.000000000000000000e+00 8.238732359212699308e-01 2.314407676176453432e-01 2.893424905525097124e-01 1.295418957968219598e-01 1.410626027055159604e-01 0.000000000000000000e+00 0.000000000000000000e+00 0.000000000000000000e+00 0.000000000000000000e+00 6.599712721270442617e-02 0.000000000000000000e+00 0.000000000000000000e+00 0.000000000000000000e+00 0.000000000000000000e+00 1.280000000000000000e+02 -3.709727272727273117e+01
7.877601032143743964e-03 0.000000000000000000e+00 5.031009137970822165e-01 0.000000000000000000e+00 7.868355790799960725e-03 2.595439999128187347e-01 7.486388625190285584e-01 1.737451394867244314e-01 0.000000000000000000e+00 5.986693516829992845e-01 6.053652939017646270e-03 1.000000000000000000e+00 5.300770215423826759e-01 9.916340989458419797e-01 0.000000000000000000e+00 6.238693210609668194e-01 5.616656781172820745e-01 2.256648772503167255e-01 6.145144867103610187e-01 9.822876913726802384e-01 2.393199887575674367e-01 1.000000000000000000e+00 0.000000000000000000e+00 0.000000000000000000e+00 2.134560985832004501e-02 1.723275455625764300e-04 5.497819860690590366e-01 0.000000000000000000e+00 0.000000000000000000e+00 0.000000000000000000e+00 1.000000000000000000e+00 0.000000000000000000e+00 1.280000000000000000e+02 -4.220636363636364052e+01
0.000000000000000000e+00 0.000000000000000000e+00 1.000000000000000000e+00 0.000000000000000000e+00 0.000000000000000000e+00 1.508429733552648366e-01 5.082418717296243171e-01 0.000000000000000000e+00 0.000000000000000000e+00 1.527310581859246674e-01 9.479015545519654546e-04 9.979266723057920174e-01 1.000000000000000000e+00 9.871588644265334445e-01 0.000000000000000000e+00 0.000000000000000000e+00 8.121481766624094600e-02 0.000000000000000000e+00 9.983955123193288816e-01 2.643821713152471053e-01 4.849342148341831416e-03 0.000000000000000000e+00 1.081108260675460453e-02 4.362406738949642024e-04 0.000000000000000000e+00 2.771809777596086904e-02 5.590139594735530348e-01 5.021332776937974529e-01 9.452118547148785719e-05 6.319587922129417737e-03 1.609922746931988224e-02 7.295295803466117501e-01 1.280000000000000000e+02 -3.846636363636363853e+01
0.000000000000000000e+00 0.000000000000000000e+00 0.000000000000000000e+00 0.000000000000000000e+00 0.000000000000000000e+00 0.000000000000000000e+00 0.000000000000000000e+00 0.000000000000000000e+00 1.054667068257491708e-01 0.000000000000000000e+00 0.000000000000000000e+00 2.753562513531384592e-01 0.000000000000000000e+00 0.000000000000000000e+00 0.000000000000000000e+00 0.000000000000000000e+00 0.000000000000000000e+00 0.000000000000000000e+00 0.000000000000000000e+00 0.000000000000000000e+00 0.000000000000000000e+00 4.019318501883482053e-01 3.642436023318934568e-01 0.000000000000000000e+00 2.825860517350190504e-01 0.000000000000000000e+00 0.000000000000000000e+00 0.000000000000000000e+00 0.000000000000000000e+00 0.000000000000000000e+00 0.000000000000000000e+00 0.000000000000000000e+00 1.280000000000000000e+02 -7.818181818181817455e-01
1.906839530333273233e-02 0.000000000000000000e+00 0.000000000000000000e+00 0.000000000000000000e+00 0.000000000000000000e+00 0.000000000000000000e+00 0.000000000000000000e+00 0.000000000000000000e+00 0.000000000000000000e+00 2.277092060993216618e-05 1.009309868192878111e-06 3.609209306530318795e-01 6.594261714028213373e-01 0.000000000000000000e+00 0.000000000000000000e+00 0.000000000000000000e+00 0.000000000000000000e+00 0.000000000000000000e+00 1.000000000000000000e+00 0.000000000000000000e+00 7.951295967837085366e-01 2.745959851335833500e-03 0.000000000000000000e+00 1.940740185479094271e-01 0.000000000000000000e+00 7.760828206914426319e-01 4.517328091737818352e-01 0.000000000000000000e+00 0.000000000000000000e+00 0.000000000000000000e+00 1.039598838902479339e-02 0.000000000000000000e+00 1.280000000000000000e+02 -3.228454545454545155e+01
0.000000000000000000e+00 2.639822395667661969e-01 1.897270128383973103e-02 0.000000000000000000e+00 0.000000000000000000e+00 0.000000000000000000e+00 2.978656564044985799e-01 0.000000000000000000e+00 3.890795451744041844e-01 6.730361639865775625e-03 0.000000000000000000e+00 1.000000000000000000e+00 2.292672948968715041e-01 4.392643292059774662e-01 0.000000000000000000e+00 4.661378530367695783e-01 6.393307175255743546e-01 0.000000000000000000e+00 2.047708228000941558e-03 6.585592810931227038e-03 0.000000000000000000e+00 0.000000000000000000e+00 7.504669674180256544e-01 0.000000000000000000e+00 1.856386274196316841e-02 1.933384961164456200e-03 8.231536282337957866e-01 0.000000000000000000e+00 0.000000000000000000e+00 1.394426970686508671e-01 3.682643031294033920e-01 0.000000000000000000e+00 1.280000000000000000e+02 -3.000000000000000000e+00
0.000000000000000000e+00 0.000000000000000000e+00 2.351430576358113644e-01 0.000000000000000000e+00 0.000000000000000000e+00 0.000000000000000000e+00 0.000000000000000000e+00 0.000000000000000000e+00 0.000000000000000000e+00 0.000000000000000000e+00 0.000000000000000000e+00 9.040100419877935070e-03 1.241487315749077724e-01 1.000000000000000000e+00 0.000000000000000000e+00 0.000000000000000000e+00 0.000000000000000000e+00 0.000000000000000000e+00 4.003190707150643957e-01 6.139285911078226632e-02 0.000000000000000000e+00 4.555134677560023215e-01 0.000000000000000000e+00 0.000000000000000000e+00 0.000000000000000000e+00 0.000000000000000000e+00 5.285669902606962012e-01 0.000000000000000000e+00 0.000000000000000000e+00 0.000000000000000000e+00 0.000000000000000000e+00 3.609918938569360580e-02 1.280000000000000000e+02 -1.763909090909091049e+01
0.000000000000000000e+00 0.000000000000000000e+00 0.000000000000000000e+00 0.000000000000000000e+00 0.000000000000000000e+00 0.000000000000000000e+00 1.288921673186887475e-02 0.000000000000000000e+00 0.000000000000000000e+00 1.452208686903538881e-02 0.000000000000000000e+00 1.000000000000000000e+00 3.363899927423611436e-01 0.000000000000000000e+00 0.000000000000000000e+00 5.028733531840571258e-01 0.000000000000000000e+00 0.000000000000000000e+00 4.613776838893429710e-01 0.000000000000000000e+00 0.000000000000000000e+00 0.000000000000000000e+00 0.000000000000000000e+00 3.497570163330288584e-01 0.000000000000000000e+00 0.000000000000000000e+00 8.991792189025609172e-01 3.190055601864510981e-01 0.000000000000000000e+00 0.000000000000000000e+00 4.742222017536631418e-01 1.476302314379046021e-01 1.280000000000000000e+02 -2.912999999999999901e+01
0.000000000000000000e+00 0.000000000000000000e+00 5.224349777176658799e-02 0.000000000000000000e+00 0.000000000000000000e+00 0.000000000000000000e+00 9.458029939871861469e-01 0.000000000000000000e+00 0.000000000000000000e+00 4.879988794116607576e-01 0.000000000000000000e+00 6.488460980381798304e-01 2.666895155993438959e-01 0.000000000000000000e+00 0.000000000000000000e+00 0.000000000000000000e+00 9.564420354028038140e-01 8.329254433902250065e-02 0.000000000000000000e+00 8.662460729905627210e-02 2.328956526364613089e-01 0.000000000000000000e+00 0.000000000000000000e+00 0.000000000000000000e+00 0.000000000000000000e+00 3.082498859264919400e-01 0.000000000000000000e+00 0.000000000000000000e+00 0.000000000000000000e+00 0.000000000000000000e+00 1.810536624823756435e-01 0.000000000000000000e+00 1.280000000000000000e+02 -7.742727272727273125e+00
3.816061011323484964e-02 0.000000000000000000e+00 2.692671115863146114e-01 0.000000000000000000e+00 0.000000000000000000e+00 0.000000000000000000e+00 1.111114622913551564e-01 0.000000000000000000e+00 0.000000000000000000e+00 0.000000000000000000e+00 0.000000000000000000e+00 0.000000000000000000e+00 0.000000000000000000e+00 1.000000000000000000e+00 0.000000000000000000e+00 5.130340512624474991e-01 3.989204120276721444e-01 0.000000000000000000e+00 0.000000000000000000e+00 1.000000000000000000e+00 0.000000000000000000e+00 0.000000000000000000e+00 9.999890876874236723e-01 0.000000000000000000e+00 0.000000000000000000e+00 0.000000000000000000e+00 3.233889608908989410e-02 0.000000000000000000e+00 5.218749857436764117e-01 2.421551690088531439e-01 0.000000000000000000e+00 0.000000000000000000e+00 1.280000000000000000e+02 -1.375454545454545263e+00
0.000000000000000000e+00 0.000000000000000000e+00 9.224236804098170373e-01 0.000000000000000000e+00 0.000000000000000000e+00 0.000000000000000000e+00 9.999988737030787167e-01 0.000000000000000000e+00 0.000000000000000000e+00 0.000000000000000000e+00 0.000000000000000000e+00 2.337225542902818531e-01 2.252153679991661661e-01 0.000000000000000000e+00 0.000000000000000000e+00 7.515242264447358211e-03 8.352628604248046873e-01 0.000000000000000000e+00 7.328466065940183460e-01 0.000000000000000000e+00 0.000000000000000000e+00 0.000000000000000000e+00 6.862914179916127808e-07 0.000000000000000000e+00 1.109631611198390044e-01 0.000000000000000000e+00 1.697880412032663766e-01 1.868257228412851742e-04 0.000000000000000000e+00 5.484648531177525044e-01 6.918996312166404428e-01 6.882722461741676290e-02 1.280000000000000000e+02 -2.648181818181818414e+01
0.000000000000000000e+00 0.000000000000000000e+00 1.939065356872258228e-01 0.000000000000000000e+00 0.000000000000000000e+00 0.000000000000000000e+00 3.423070509264999894e-01 0.000000000000000000e+00 0.000000000000000000e+00 0.000000000000000000e+00 7.227322161102937847e-02 3.318061703101392833e-04 5.991093761801529610e-02 0.000000000000000000e+00 0.000000000000000000e+00 0.000000000000000000e+00 0.000000000000000000e+00 0.000000000000000000e+00 5.554185580190850180e-01 0.000000000000000000e+00 0.000000000000000000e+00 1.351929227470094648e-02 0.000000000000000000e+00 0.000000000000000000e+00 0.000000000000000000e+00 0.000000000000000000e+00 9.996952488317347729e-01 0.000000000000000000e+00 2.836602410344304936e-01 8.722378402080813165e-02 1.061584852862199335e-01 0.000000000000000000e+00 1.280000000000000000e+02 -1.418454545454545190e+01
0.000000000000000000e+00 0.000000000000000000e+00 5.499149943485729386e-01 0.000000000000000000e+00 0.000000000000000000e+00 0.000000000000000000e+00 7.665530110858754798e-01 0.000000000000000000e+00 0.000000000000000000e+00 8.975367280759963262e-02 0.000000000000000000e+00 1.293172154336872000e-02 0.000000000000000000e+00 9.858682979796010715e-01 0.000000000000000000e+00 9.176736481126041012e-02 0.000000000000000000e+00 0.000000000000000000e+00 0.000000000000000000e+00 0.000000000000000000e+00 0.000000000000000000e+00 0.000000000000000000e+00 3.876589405034745472e-01 0.000000000000000000e+00 0.000000000000000000e+00 1.667938286119550750e-01 2.780356153015081655e-01 1.378270275362968034e-01 0.000000000000000000e+00 0.000000000000000000e+00 1.379194687259151860e-07 0.000000000000000000e+00 1.280000000000000000e+02 -1.072727272727272751e+00
2.097634116200844945e-01 0.000000000000000000e+00 2.110546683995094888e-02 0.000000000000000000e+00 0.000000000000000000e+00 9.403363132265207844e-07 9.182629754518721876e-01 0.000000000000000000e+00 0.000000000000000000e+00 0.000000000000000000e+00 0.000000000000000000e+00 2.869501225304536308e-03 2.717463650185618085e-01 9.840468356642587677e-01 0.000000000000000000e+00 9.680262399822811004e-01 1.217623210315848109e-01 0.000000000000000000e+00 0.000000000000000000e+00 1.080750768301999704e-01 3.150439912068940876e-03 0.000000000000000000e+00 5.289192755368783416e-01 1.315885381519435460e-02 3.165324713667197444e-06 2.198821452040236772e-05 3.002651109601340296e-01 0.000000000000000000e+00 0.000000000000000000e+00 0.000000000000000000e+00 6.299613636145806606e-01 0.000000000000000000e+00 1.280000000000000000e+02 -8.536363636363637042e+00
0.000000000000000000e+00 0.000000000000000000e+00 4.317438873453912640e-01 0.000000000000000000e+00 0.000000000000000000e+00 0.000000000000000000e+00 9.144715517748235323e-01 0.000000000000000000e+00 4.326562431308501044e-01 0.000000000000000000e+00 0.000000000000000000e+00 0.000000000000000000e+00 4.472036030891834435e-01 8.301321821679377155e-01 0.000000000000000000e+00 9.157557296794314183e-01 1.748114210418499556e-02 0.000000000000000000e+00 9.733299435956477286e-01 5.643126465204195696e-01 2.542700839110303632e-02 0.000000000000000000e+00 0.000000000000000000e+00 0.000000000000000000e+00 0.000000000000000000e+00 0.000000000000000000e+00 0.000000000000000000e+00 0.000000000000000000e+00 0.000000000000000000e+00 1.779679047710716958e-02 1.000000000000000000e+00 2.102144279782344471e-01 1.280000000000000000e+02 -3.820272727272727309e+01
1.316800627424679904e-01 0.000000000000000000e+00 8.753405541398681655e-04 0.000000000000000000e+00 0.000000000000000000e+00 0.000000000000000000e+00 9.502333965872232502e-02 0.000000000000000000e+00 0.000000000000000000e+00 0.000000000000000000e+00 0.000000000000000000e+00 9.847056662987510034e-01 8.314407178405378573e-01 9.675536263121516933e-01 0.000000000000000000e+00 4.722912313660603250e-04 2.499375047004574399e-02 0.000000000000000000e+00 2.733334613930132190e-02 8.404257457631143791e-02 1.224047080684416942e-02 9.336331945802418819e-02 0.000000000000000000e+00 0.000000000000000000e+00 0.000000000000000000e+00 7.863010703513793054e-01 0.000000000000000000e+00 0.000000000000000000e+00 3.885682144444245670e-14 1.686186034969317914e-03 2.292488636845295667e-07 0.000000000000000000e+00 1.280000000000000000e+02 -4.763636363636364557e+00
0.000000000000000000e+00 0.000000000000000000e+00 0.000000000000000000e+00 0.000000000000000000e+00 0.000000000000000000e+00 0.000000000000000000e+00 3.536563753788682929e-01 0.000000000000000000e+00 0.000000000000000000e+00 0.000000000000000000e+00 8.748414498430581717e-09 0.000000000000000000e+00 0.000000000000000000e+00 0.000000000000000000e+00 3.525991152805632023e-01 8.793229899732516452e-01 0.000000000000000000e+00 0.000000000000000000e+00 0.000000000000000000e+00 1.028966594359087636e-03 0.000000000000000000e+00 1.679463848707070384e-01 2.295877459647365504e-01 6.481734097792331006e-01 0.000000000000000000e+00 2.907117271414443316e-01 0.000000000000000000e+00 0.000000000000000000e+00 0.000000000000000000e+00 0.000000000000000000e+00 4.302588253381716688e-01 0.000000000000000000e+00 1.280000000000000000e+02 -2.151818181818181852e+00
0.000000000000000000e+00 0.000000000000000000e+00 1.920311425855859844e-02 0.000000000000000000e+00 0.000000000000000000e+00 0.000000000000000000e+00 0.000000000000000000e+00 4.268266476179061186e-01 0.000000000000000000e+00 0.000000000000000000e+00 0.000000000000000000e+00 3.921789261852970943e-01 0.000000000000000000e+00 0.000000000000000000e+00 0.000000000000000000e+00 0.000000000000000000e+00 0.000000000000000000e+00 0.000000000000000000e+00 0.000000000000000000e+00 5.032299784296770939e-01 0.000000000000000000e+00 0.000000000000000000e+00 0.000000000000000000e+00 0.000000000000000000e+00 0.000000000000000000e+00 1.018773571975881281e-01 0.000000000000000000e+00 1.248280631534791352e-01 0.000000000000000000e+00 0.000000000000000000e+00 6.127206762921679623e-02 0.000000000000000000e+00 1.280000000000000000e+02 -6.545454545454545414e-01
0.000000000000000000e+00 0.000000000000000000e+00 7.930360617181506089e-02 1.000280367452909408e-01 0.000000000000000000e+00 0.000000000000000000e+00 0.000000000000000000e+00 0.000000000000000000e+00 0.000000000000000000e+00 1.000000000000000000e+00 0.000000000000000000e+00 0.000000000000000000e+00 0.000000000000000000e+00 0.000000000000000000e+00 0.000000000000000000e+00 0.000000000000000000e+00 0.000000000000000000e+00 5.198957935703408806e-01 1.306848692780640357e-02 0.000000000000000000e+00 0.000000000000000000e+00 0.000000000000000000e+00 0.000000000000000000e+00 0.000000000000000000e+00 3.060483470420070073e-01 0.000000000000000000e+00 0.000000000000000000e+00 0.000000000000000000e+00 0.000000000000000000e+00 0.000000000000000000e+00 0.000000000000000000e+00 1.195997398672228457e-01 1.280000000000000000e+02 -2.363636363636363591e-01
0.000000000000000000e+00 0.000000000000000000e+00 5.565401405210588237e-01 0.000000000000000000e+00 0.000000000000000000e+00 0.000000000000000000e+00 0.000000000000000000e+00 0.000000000000000000e+00 0.000000000000000000e+00 0.000000000000000000e+00 0.000000000000000000e+00 1.000000000000000000e+00 9.398284516477509731e-01 0.000000000000000000e+00 0.000000000000000000e+00 2.723966148752883232e-01 0.000000000000000000e+00 0.000000000000000000e+00 8.453560257026949964e-02 0.000000000000000000e+00 1.563833462884783171e-02 2.855585821044525838e-02 1.104644186312904799e-02 6.979607763564100731e-01 0.000000000000000000e+00 0.000000000000000000e+00 2.266674350227922963e-01 0.000000000000000000e+00 0.000000000000000000e+00 0.000000000000000000e+00 7.987633054290518456e-08 0.000000000000000000e+00 1.280000000000000000e+02 -1.370636363636363519e+01
1.811323967208314234e-02 0.000000000000000000e+00 1.402455098854466786e-01 0.000000000000000000e+00 0.000000000000000000e+00 1.035561493209410933e-02 0.000000000000000000e+00 0.000000000000000000e+00 0.000000000000000000e+00 0.000000000000000000e+00 0.000000000000000000e+00 0.000000000000000000e+00 4.352508974158085133e-06 0.000000000000000000e+00 0.000000000000000000e+00 0.000000000000000000e+00 0.000000000000000000e+00 5.809585612482384698e-02 0.000000000000000000e+00 1.917389796913648303e-01 0.000000000000000000e+00 0.000000000000000000e+00 3.656543411870312890e-06 0.000000000000000000e+00 0.000000000000000000e+00 0.000000000000000000e+00 0.000000000000000000e+00 4.193192035878972601e-01 0.000000000000000000e+00 0.000000000000000000e+00 2.334279398514670922e-01 2.396442239231575885e-03 1.280000000000000000e+02 -6.727272727272727293e-01
0.000000000000000000e+00 0.000000000000000000e+00 0.000000000000000000e+00 0.000000000000000000e+00 0.000000000000000000e+00 0.000000000000000000e+00 0.000000000000000000e+00 0.000000000000000000e+00 0.000000000000000000e+00 0.000000000000000000e+00 0.000000000000000000e+00 0.000000000000000000e+00 0.000000000000000000e+00 0.000000000000000000e+00 0.000000000000000000e+00 0.000000000000000000e+00 0.000000000000000000e+00 0.000000000000000000e+00 0.000000000000000000e+00 4.675198985272113750e-02 0.000000000000000000e+00 0.000000000000000000e+00 8.481712431039370448e-02 0.000000000000000000e+00 0.000000000000000000e+00 0.000000000000000000e+00 0.000000000000000000e+00 0.000000000000000000e+00 0.000000000000000000e+00 0.000000000000000000e+00 0.000000000000000000e+00 0.000000000000000000e+00 1.280000000000000000e+02 -1.090909090909090856e-01
0.000000000000000000e+00 2.806842894340260131e-01 3.737351552045935915e-02 0.000000000000000000e+00 0.000000000000000000e+00 0.000000000000000000e+00 5.126414582878817405e-02 0.000000000000000000e+00 0.000000000000000000e+00 0.000000000000000000e+00 8.299978434520370596e-03 0.000000000000000000e+00 7.110444735194311472e-02 1.000000000000000000e+00 0.000000000000000000e+00 0.000000000000000000e+00 0.000000000000000000e+00 0.000000000000000000e+00 1.584221033009636237e-01 0.000000000000000000e+00 6.734070824506451780e-01 0.000000000000000000e+00 0.000000000000000000e+00 0.000000000000000000e+00 0.000000000000000000e+00 0.000000000000000000e+00 0.000000000000000000e+00 0.000000000000000000e+00 0.000000000000000000e+00 0.000000000000000000e+00 4.153380161335752385e-01 0.000000000000000000e+00 1.280000000000000000e+02 -2.320636363636363697e+01
2.266398593474761303e-01 0.000000000000000000e+00 7.128503058526673986e-01 3.283214916290125296e-01 0.000000000000000000e+00 0.000000000000000000e+00 5.069256813756087970e-02 1.684956844368848752e-02 0.000000000000000000e+00 3.073856400081791427e-05 0.000000000000000000e+00 1.950040489952501732e-01 2.083648268576889506e-01 5.626475094388884435e-03 0.000000000000000000e+00 0.000000000000000000e+00 1.000000000000000000e+00 0.000000000000000000e+00 0.000000000000000000e+00 6.456364056129781925e-01 4.842654909423764753e-01 0.000000000000000000e+00 3.518905000796353211e-02 0.000000000000000000e+00 0.000000000000000000e+00 0.000000000000000000e+00 9.262010757267984395e-01 2.149598181509418740e-02 0.000000000000000000e+00 0.000000000000000000e+00 1.561552809746422632e-01 0.000000000000000000e+00 1.280000000000000000e+02 -8.590909090909091717e+00
1.074070564955782910e-02 0.000000000000000000e+00 1.306549085313513797e-02 0.000000000000000000e+00 0.000000000000000000e+00 0.000000000000000000e+00 0.000000000000000000e+00 0.000000000000000000e+00 0.000000000000000000e+00 3.349088603084013349e-01 5.816734797119338385e-02 7.678011193759331056e-04 0.000000000000000000e+00 3.478370370970208514e-01 0.000000000000000000e+00 5.623665847669690214e-04 2.940927482357983402e-01 7.231380576513104542e-03 0.000000000000000000e+00 9.000253850719818205e-01 0.000000000000000000e+00 3.491435133343731567e-01 4.291881214871536106e-06 0.000000000000000000e+00 0.000000000000000000e+00 0.000000000000000000e+00 0.000000000000000000e+00 0.000000000000000000e+00 0.000000000000000000e+00 0.000000000000000000e+00 0.000000000000000000e+00 0.000000000000000000e+00 1.280000000000000000e+02 -4.909090909090909616e-01
8.969245440312720308e-02 0.000000000000000000e+00 2.839707871206497147e-01 1.174352612809557647e-02 0.000000000000000000e+00 0.000000000000000000e+00 1.247628715627576053e-02 0.000000000000000000e+00 0.000000000000000000e+00 0.000000000000000000e+00 0.000000000000000000e+00 1.000000000000000000e+00 1.150304825072650250e-01 2.576336081726958160e-01 0.000000000000000000e+00 3.818175242013671089e-01 0.000000000000000000e+00 0.000000000000000000e+00 0.000000000000000000e+00 1.571718991663959564e-01 1.325672636628245360e-01 1.582434633722060863e-02 1.309036215042984619e-01 0.000000000000000000e+00 0.000000000000000000e+00 3.237378881905668138e-01 0.000000000000000000e+00 1.521245805460319579e-22 0.000000000000000000e+00 3.863634277774526948e-01 9.975914178312174085e-01 0.000000000000000000e+00 1.280000000000000000e+02 -1.422727272727272663e+01
0.000000000000000000e+00 0.000000000000000000e+00 0.000000000000000000e+00 0.000000000000000000e+00 0.000000000000000000e+00 0.000000000000000000e+00 5.922541770728455557e-01 0.000000000000000000e+00 0.000000000000000000e+00 0.000000000000000000e+00 0.000000000000000000e+00 0.000000000000000000e+00 4.524565219151504003e-01 0.000000000000000000e+00 0.000000000000000000e+00 0.000000000000000000e+00 5.652579010981259033e-01 0.000000000000000000e+00 0.000000000000000000e+00 9.935749163524255634e-01 0.000000000000000000e+00 9.949476095909813855e-01 0.000000000000000000e+00 0.000000000000000000e+00 0.000000000000000000e+00 0.000000000000000000e+00 6.201096504338661497e-02 0.000000000000000000e+00 0.000000000000000000e+00 0.000000000000000000e+00 8.882200257672105970e-01 0.000000000000000000e+00 1.280000000000000000e+02 -3.466363636363636758e+00
0.000000000000000000e+00 0.000000000000000000e+00 0.000000000000000000e+00 0.000000000000000000e+00 0.000000000000000000e+00 2.047862143408418212e-01 0.000000000000000000e+00 0.000000000000000000e+00 0.000000000000000000e+00 0.000000000000000000e+00 6.464682390055220829e-01 1.086730809442166129e-01 9.645089457745867345e-02 0.000000000000000000e+00 0.000000000000000000e+00 0.000000000000000000e+00 0.000000000000000000e+00 0.000000000000000000e+00 8.062346328482941638e-02 0.000000000000000000e+00 1.569654066712606044e-01 3.049004386465750324e-02 0.000000000000000000e+00 4.524877530062380859e-02 0.000000000000000000e+00 0.000000000000000000e+00 0.000000000000000000e+00 0.000000000000000000e+00 0.000000000000000000e+00 0.000000000000000000e+00 2.130670834173686023e-01 0.000000000000000000e+00 1.280000000000000000e+02 -2.649090909090909562e+01
0.000000000000000000e+00 0.000000000000000000e+00 0.000000000000000000e+00 0.000000000000000000e+00 0.000000000000000000e+00 0.000000000000000000e+00 0.000000000000000000e+00 0.000000000000000000e+00 0.000000000000000000e+00 0.000000000000000000e+00 0.000000000000000000e+00 1.000000000000000000e+00 7.602235642001456059e-03 0.000000000000000000e+00 0.000000000000000000e+00 0.000000000000000000e+00 0.000000000000000000e+00 0.000000000000000000e+00 0.000000000000000000e+00 0.000000000000000000e+00 0.000000000000000000e+00 0.000000000000000000e+00 0.000000000000000000e+00 0.000000000000000000e+00 0.000000000000000000e+00 0.000000000000000000e+00 3.807463855763132399e-01 0.000000000000000000e+00 0.000000000000000000e+00 1.000000000000000000e+00 0.000000000000000000e+00 0.000000000000000000e+00 1.280000000000000000e+02 -2.545454545454545192e-01
1.806225551081204750e-01 0.000000000000000000e+00 0.000000000000000000e+00 0.000000000000000000e+00 0.000000000000000000e+00 0.000000000000000000e+00 0.000000000000000000e+00 0.000000000000000000e+00 0.000000000000000000e+00 1.641286455996917304e-01 0.000000000000000000e+00 2.491568772796726866e-02 0.000000000000000000e+00 0.000000000000000000e+00 0.000000000000000000e+00 0.000000000000000000e+00 0.000000000000000000e+00 0.000000000000000000e+00 0.000000000000000000e+00 8.920731382610742888e-02 0.000000000000000000e+00 0.000000000000000000e+00 3.137872519100129431e-02 0.000000000000000000e+00 0.000000000000000000e+00 0.000000000000000000e+00 2.798992068904857522e-01 0.000000000000000000e+00 0.000000000000000000e+00 1.008201618892273915e-01 0.000000000000000000e+00 0.000000000000000000e+00 1.280000000000000000e+02 -1.436363636363636509e+00
0.000000000000000000e+00 0.000000000000000000e+00 0.000000000000000000e+00 0.000000000000000000e+00 0.000000000000000000e+00 1.000000000000000000e+00 9.681222873448563915e-01 1.828259153251319755e-02 0.000000000000000000e+00 0.000000000000000000e+00 1.834744290246330123e-01 9.590610040945752868e-01 0.000000000000000000e+00 0.000000000000000000e+00 0.000000000000000000e+00 6.092652315565563748e-04 0.000000000000000000e+00 0.000000000000000000e+00 3.441786395864018105e-02 8.384335158479212791e-02 3.807417036972670643e-01 1.695766264556405889e-01 5.359605389173288659e-01 0.000000000000000000e+00 0.000000000000000000e+00 2.579076324247301776e-03 0.000000000000000000e+00 1.361288996284419454e-02 0.000000000000000000e+00 0.000000000000000000e+00 0.000000000000000000e+00 0.000000000000000000e+00 1.280000000000000000e+02 -7.466363636363635869e+00
0.000000000000000000e+00 0.000000000000000000e+00 5.858959255931187604e-01 0.000000000000000000e+00 0.000000000000000000e+00 0.000000000000000000e+00 1.485767236308266522e-02 1.043104548945992666e-01 0.000000000000000000e+00 0.000000000000000000e+00 0.000000000000000000e+00 3.109787420941665936e-01 9.999999997655674155e-01 5.112864253470650322e-01 0.000000000000000000e+00 9.999980301522232162e-01 0.000000000000000000e+00 0.000000000000000000e+00 9.058052477841485040e-01 0.000000000000000000e+00 4.209299723283721149e-10 1.887235030802097424e-01 1.520608731881939457e-01 0.000000000000000000e+00 0.000000000000000000e+00 9.039373945469024729e-01 9.436391700101487423e-01 0.000000000000000000e+00 0.000000000000000000e+00 0.000000000000000000e+00 0.000000000000000000e+00 0.000000000000000000e+00 1.280000000000000000e+02 -3.398181818181818414e+01
0.000000000000000000e+00 0.000000000000000000e+00 0.000000000000000000e+00 0.000000000000000000e+00 9.654136089150689229e-03 0.000000000000000000e+00 0.000000000000000000e+00 0.000000000000000000e+00 0.000000000000000000e+00 2.312985020692360713e-02 0.000000000000000000e+00 9.499065151259467044e-01 3.591505116933344510e-01 6.591332187430622991e-01 0.000000000000000000e+00 0.000000000000000000e+00 1.574218995835196810e-01 0.000000000000000000e+00 2.209894584808173024e-01 0.000000000000000000e+00 0.000000000000000000e+00 4.389329999729308929e-01 8.822526736331038899e-01 0.000000000000000000e+00 0.000000000000000000e+00 3.147922201864898906e-01 0.000000000000000000e+00 0.000000000000000000e+00 0.000000000000000000e+00 3.191879439339415786e-02 5.138074904791713887e-02 0.000000000000000000e+00 1.280000000000000000e+02 -2.236636363636363356e+01
2.864675761769568742e-05 0.000000000000000000e+00 1.647416046629617339e-02 0.000000000000000000e+00 1.692196590595512404e-02 0.000000000000000000e+00 1.000000000000000000e+00 0.000000000000000000e+00 0.000000000000000000e+00 0.000000000000000000e+00 0.000000000000000000e+00 0.000000000000000000e+00 5.266757347986403826e-01 1.042333636655387447e-01 0.000000000000000000e+00 6.791947336482891950e-01 0.000000000000000000e+00 0.000000000000000000e+00 6.843193645069598485e-01 6.958154603260752191e-02 6.805498199327171260e-01 5.459003947595535838e-02 3.049125204858089619e-02 0.000000000000000000e+00 0.000000000000000000e+00 0.000000000000000000e+00 8.040326390276788526e-01 0.000000000000000000e+00 0.000000000000000000e+00 9.554344044330717253e-03 1.343829316957338010e-02 6.137939900607326110e-02 1.280000000000000000e+02 -4.520636363636364052e+01
0.000000000000000000e+00 0.000000000000000000e+00 0.000000000000000000e+00 7.514270592222625778e-02 1.540789611239687384e-02 0.000000000000000000e+00 6.650972747205257107e-01 0.000000000000000000e+00 0.000000000000000000e+00 3.374325688025485231e-05 0.000000000000000000e+00 3.385597628695020678e-01 0.000000000000000000e+00 1.601495602171194577e-01 0.000000000000000000e+00 0.000000000000000000e+00 7.490887376508163775e-02 0.000000000000000000e+00 9.297292190111525190e-02 0.000000000000000000e+00 5.392300006430057469e-01 2.076785582446107614e-01 0.000000000000000000e+00 0.000000000000000000e+00 0.000000000000000000e+00 0.000000000000000000e+00 0.000000000000000000e+00 0.000000000000000000e+00 0.000000000000000000e+00 0.000000000000000000e+00 5.644879164248759601e-02 1.924443326725833875e-02 1.280000000000000000e+02 -2.599090909090908852e+01
0.000000000000000000e+00 0.000000000000000000e+00 1.000000000000000000e+00 0.000000000000000000e+00 0.000000000000000000e+00 9.879174777931230833e-03 4.782346401064290209e-01 0.000000000000000000e+00 5.850270501780282517e-01 0.000000000000000000e+00 0.000000000000000000e+00 0.000000000000000000e+00 5.341203953905988844e-02 9.940565624982204973e-01 0.000000000000000000e+00 0.000000000000000000e+00 5.283367903453645154e-01 1.810771835138499930e-02 0.000000000000000000e+00 0.000000000000000000e+00 1.158041516317997455e-01 0.000000000000000000e+00 1.214418685047233548e-01 0.000000000000000000e+00 0.000000000000000000e+00 8.988111063056584138e-01 0.000000000000000000e+00 0.000000000000000000e+00 0.000000000000000000e+00 6.787842859297787100e-03 6.075255090115977419e-01 0.000000000000000000e+00 1.280000000000000000e+02 -4.030000000000000249e+00
0.000000000000000000e+00 0.000000000000000000e+00 0.000000000000000000e+00 5.252726549454335148e-01 0.000000000000000000e+00 0.000000000000000000e+00 0.000000000000000000e+00 0.000000000000000000e+00 0.000000000000000000e+00 0.000000000000000000e+00 0.000000000000000000e+00 0.000000000000000000e+00 4.453965418585014713e-01 4.714182677233180185e-01 0.000000000000000000e+00 0.000000000000000000e+00 3.411943375859086830e-02 0.000000000000000000e+00 8.431488806424167204e-02 0.000000000000000000e+00 0.000000000000000000e+00 0.000000000000000000e+00 4.361772576443332175e-03 0.000000000000000000e+00 0.000000000000000000e+00 6.820435970782520729e-02 1.000000000000000000e+00 2.254863442817707161e-02 0.000000000000000000e+00 0.000000000000000000e+00 0.000000000000000000e+00 1.573426534523530707e-01 1.280000000000000000e+02 -1.761818181818181728e+01
0.000000000000000000e+00 0.000000000000000000e+00 4.021907761772735013e-01 0.000000000000000000e+00 0.000000000000000000e+00 9.657182042751559781e-01 0.000000000000000000e+00 0.000000000000000000e+00 0.000000000000000000e+00 2.354909125332618480e-01 0.000000000000000000e+00 9.460995029046316285e-01 0.000000000000000000e+00 0.000000000000000000e+00 0.000000000000000000e+00 0.000000000000000000e+00 5.664282665473793221e-01 0.000000000000000000e+00 0.000000000000000000e+00 0.000000000000000000e+00 0.000000000000000000e+00 0.000000000000000000e+00 0.000000000000000000e+00 0.000000000000000000e+00 0.000000000000000000e+00 0.000000000000000000e+00 0.000000000000000000e+00 0.000000000000000000e+00 0.000000000000000000e+00 0.000000000000000000e+00 0.000000000000000000e+00 0.000000000000000000e+00 1.280000000000000000e+02 -0.000000000000000000e+00
0.000000000000000000e+00 0.000000000000000000e+00 6.640116117720304967e-01 0.000000000000000000e+00 0.000000000000000000e+00 0.000000000000000000e+00 0.000000000000000000e+00 0.000000000000000000e+00 0.000000000000000000e+00 5.337799066027650863e-01 0.000000000000000000e+00 0.000000000000000000e+00 6.246621314929925450e-01 1.950943758048302723e-01 5.912546539385888922e-01 1.329726975440871650e-01 0.000000000000000000e+00 0.000000000000000000e+00 2.700095180877625234e-01 0.000000000000000000e+00 0.000000000000000000e+00 0.000000000000000000e+00 1.208574587092332286e-01 5.216399504435681456e-02 0.000000000000000000e+00 8.111057006923098056e-01 0.000000000000000000e+00 1.112457400522859907e-01 0.000000000000000000e+00 0.000000000000000000e+00 4.371237557890755333e-03 9.570929263820508737e-02 1.280000000000000000e+02 -3.266636363636363427e+01
0.000000000000000000e+00 0.000000000000000000e+00 1.513216716662848516e-01 0.000000000000000000e+00 0.000000000000000000e+00 0.000000000000000000e+00 1.000000000000000000e+00 0.000000000000000000e+00 5.762140037273990600e-01 5.235897193371785588e-04 0.000000000000000000e+00 0.000000000000000000e+00 9.720902377923184012e-01 3.444110110973946370e-01 0.000000000000000000e+00 3.221163321704141033e-06 6.075792612113951607e-01 0.000000000000000000e+00 1.000000000000000000e+00 6.632116596824351173e-01 8.569575177944281918e-01 1.448812453642120690e-01 9.977659966875684905e-01 0.000000000000000000e+00 0.000000000000000000e+00 0.000000000000000000e+00 7.414902244144871979e-01 0.000000000000000000e+00 0.000000000000000000e+00 9.991866484350041544e-01 1.000000000000000000e+00 0.000000000000000000e+00 1.280000000000000000e+02 -4.272727272727272663e+01
0.000000000000000000e+00 2.689153086976922569e-01 4.086889675741973704e-01 9.999999997739792423e-01 1.764258894852528334e-04 0.000000000000000000e+00 5.858158272708035019e-01 0.000000000000000000e+00 0.000000000000000000e+00 3.426516622298126924e-01 0.000000000000000000e+00 1.134335433163284959e-02 4.034769324496924048e-01 0.000000000000000000e+00 0.000000000000000000e+00 9.006098224679784936e-01 0.000000000000000000e+00 0.000000000000000000e+00 0.000000000000000000e+00 1.423879709304143055e-03 0.000000000000000000e+00 0.000000000000000000e+00 0.000000000000000000e+00 0.000000000000000000e+00 0.000000000000000000e+00 0.000000000000000000e+00 0.000000000000000000e+00 0.000000000000000000e+00 0.000000000000000000e+00 6.962799250621959368e-01 0.000000000000000000e+00 0.000000000000000000e+00 1.280000000000000000e+02 -4.181818181818181546e-01
0.000000000000000000e+00 0.000000000000000000e+00 0.000000000000000000e+00 0.000000000000000000e+00 0.000000000000000000e+00 0.000000000000000000e+00 3.531181657573104760e-01 0.000000000000000000e+00 0.000000000000000000e+00 0.000000000000000000e+00 0.000000000000000000e+00 0.000000000000000000e+00 0.000000000000000000e+00 0.000000000000000000e+00 0.000000000000000000e+00 0.000000000000000000e+00 0.000000000000000000e+00 8.637192205810826848e-03 5.295230973772545591e-01 1.125415087531583674e-01 2.530321433762629524e-01 0.000000000000000000e+00 0.000000000000000000e+00 0.000000000000000000e+00 0.000000000000000000e+00 0.000000000000000000e+00 0.000000000000000000e+00 0.000000000000000000e+00 0.000000000000000000e+00 0.000000000000000000e+00 0.000000000000000000e+00 6.443658473097168160e-05 1.280000000000000000e+02 -1.869727272727272904e+01
0.000000000000000000e+00 0.000000000000000000e+00 2.572248056515377690e-01 0.000000000000000000e+00 5.865938882817751943e-02 0.000000000000000000e+00 6.653814269570025308e-01 0.000000000000000000e+00 0.000000000000000000e+00 0.000000000000000000e+00 0.000000000000000000e+00 9.767337978147697664e-01 8.815442756526248314e-02 6.116944746513737208e-01 3.051143863978620849e-02 5.984587263081152519e-01 2.451842432576585573e-02 0.000000000000000000e+00 1.163364633298608480e-01 7.210906604317312008e-01 0.000000000000000000e+00 0.000000000000000000e+00 0.000000000000000000e+00 0.000000000000000000e+00 0.000000000000000000e+00 0.000000000000000000e+00 0.000000000000000000e+00 7.077085351467081453e-03 0.000000000000000000e+00 0.000000000000000000e+00 1.907027707145634784e-02 3.378272691847174474e-04 1.280000000000000000e+02 -2.262454545454545851e+01
0.000000000000000000e+00 1.640762062172640770e-02 0.000000000000000000e+00 0.000000000000000000e+00 0.000000000000000000e+00 0.000000000000000000e+00 5.608536055449533757e-03 8.025215207067055712e-01 0.000000000000000000e+00 0.000000000000000000e+00 0.000000000000000000e+00 0.000000000000000000e+00 0.000000000000000000e+00 2.509983671187822063e-01 0.000000000000000000e+00 0.000000000000000000e+00 0.000000000000000000e+00 0.000000000000000000e+00 0.000000000000000000e+00 2.216960638779095355e-02 0.000000000000000000e+00 0.000000000000000000e+00 2.620279760319856321e-01 0.000000000000000000e+00 9.852449983198417749e-03 0.000000000000000000e+00 0.000000000000000000e+00 0.000000000000000000e+00 0.000000000000000000e+00 0.000000000000000000e+00 1.778233693837566742e-01 0.000000000000000000e+00 1.280000000000000000e+02 -1.199999999999999956e+00
0.000000000000000000e+00 0.000000000000000000e+00 0.000000000000000000e+00 7.152682452168739324e-01 1.986125776276757848e-01 2.771460177540482905e-01 8.498451615192408326e-01 0.000000000000000000e+00 0.000000000000000000e+00 2.432960602923634197e-01 0.000000000000000000e+00 0.000000000000000000e+00 0.000000000000000000e+00 0.000000000000000000e+00 0.000000000000000000e+00 0.000000000000000000e+00 0.000000000000000000e+00 0.000000000000000000e+00 0.000000000000000000e+00 7.494068290963402657e-01 6.788088531534209940e-04 0.000000000000000000e+00 0.000000000000000000e+00 0.000000000000000000e+00 0.000000000000000000e+00 0.000000000000000000e+00 0.000000000000000000e+00 0.000000000000000000e+00 0.000000000000000000e+00 0.000000000000000000e+00 0.000000000000000000e+00 0.000000000000000000e+00 1.280000000000000000e+02 -2.000000000000000111e-01
0.000000000000000000e+00 5.633905892155022938e-02 8.086052871149719268e-01 0.000000000000000000e+00 0.000000000000000000e+00 0.000000000000000000e+00 0.000000000000000000e+00 0.000000000000000000e+00 0.000000000000000000e+00 0.000000000000000000e+00 0.000000000000000000e+00 2.368019681363272690e-06 4.802634456563674714e-01 2.589558057811974442e-02 0.000000000000000000e+00 0.000000000000000000e+00 0.000000000000000000e+00 0.000000000000000000e+00 9.867114865953180436e-01 9.999995601790108157e-01 1.000000000000000000e+00 9.602124078977103405e-01 0.000000000000000000e+00 0.000000000000000000e+00 0.000000000000000000e+00 0.000000000000000000e+00 0.000000000000000000e+00 0.000000000000000000e+00 0.000000000000000000e+00 6.690524589779253128e-01 8.281245043377566395e-01 0.000000000000000000e+00 1.280000000000000000e+02 -3.088818181818181685e+01
0.000000000000000000e+00 8.520857206973857928e-03 0.000000000000000000e+00 2.893928169585919252e-01 0.000000000000000000e+00 7.018730859996367977e-02 0.000000000000000000e+00 0.000000000000000000e+00 6.108078475396298834e-02 0.000000000000000000e+00 0.000000000000000000e+00 0.000000000000000000e+00 0.000000000000000000e+00 0.000000000000000000e+00 0.000000000000000000e+00 0.000000000000000000e+00 4.252121496213832896e-02 0.000000000000000000e+00 0.000000000000000000e+00 0.000000000000000000e+00 5.544114878502036381e-02 0.000000000000000000e+00 1.197297020943353663e-01 0.000000000000000000e+00 0.000000000000000000e+00 0.000000000000000000e+00 0.000000000000000000e+00 0.000000000000000000e+00 0.000000000000000000e+00 7.453568313377867405e-02 0.000000000000000000e+00 0.000000000000000000e+00 1.280000000000000000e+02 -1.118181818181818166e+00
0.000000000000000000e+00 0.000000000000000000e+00 4.085403880101183549e-02 0.000000000000000000e+00 0.000000000000000000e+00 0.000000000000000000e+00 0.000000000000000000e+00 0.000000000000000000e+00 1.545895340870454826e-01 0.000000000000000000e+00 0.000000000000000000e+00 1.456694691763275266e-03 4.046040840834297381e-01 0.000000000000000000e+00 0.000000000000000000e+00 8.630936203363898107e-01 3.886492152003228617e-01 0.000000000000000000e+00 0.000000000000000000e+00 1.000000000000000000e+00 4.348631686461854051e-01 0.000000000000000000e+00 0.000000000000000000e+00 0.000000000000000000e+00 6.151615762700703149e-02 0.000000000000000000e+00 4.255095361976742874e-01 0.000000000000000000e+00 0.000000000000000000e+00 0.000000000000000000e+00 6.536447989453429974e-01 0.000000000000000000e+00 1.280000000000000000e+02 -2.655181818181818088e+01
0.000000000000000000e+00 0.000000000000000000e+00 0.000000000000000000e+00 0.000000000000000000e+00 0.000000000000000000e+00 0.000000000000000000e+00 4.024216932996017571e-01 0.000000000000000000e+00 0.000000000000000000e+00 0.000000000000000000e+00 0.000000000000000000e+00 2.014266732462302034e-01 6.986935796089259465e-02 2.017961189460455718e-01 0.000000000000000000e+00 0.000000000000000000e+00 0.000000000000000000e+00 0.000000000000000000e+00 0.000000000000000000e+00 0.000000000000000000e+00 0.000000000000000000e+00 0.000000000000000000e+00 0.000000000000000000e+00 0.000000000000000000e+00 0.000000000000000000e+00 0.000000000000000000e+00 4.891076734886872779e-01 0.000000000000000000e+00 0.000000000000000000e+00 0.000000000000000000e+00 0.000000000000000000e+00 0.000000000000000000e+00 1.280000000000000000e+02 -2.545454545454545192e-01
0.000000000000000000e+00 0.000000000000000000e+00 0.000000000000000000e+00 0.000000000000000000e+00 0.000000000000000000e+00 0.000000000000000000e+00 3.619182929233356188e-02 0.000000000000000000e+00 0.000000000000000000e+00 0.000000000000000000e+00 0.000000000000000000e+00 0.000000000000000000e+00 6.224608504074263630e-03 0.000000000000000000e+00 0.000000000000000000e+00 0.000000000000000000e+00 0.000000000000000000e+00 0.000000000000000000e+00 0.000000000000000000e+00 0.000000000000000000e+00 6.015522561918633659e-01 0.000000000000000000e+00 3.360874049821064181e-03 5.545991168210216010e-02 0.000000000000000000e+00 0.000000000000000000e+00 5.686631605520538158e-04 0.000000000000000000e+00 0.000000000000000000e+00 0.000000000000000000e+00 8.972087126754930697e-01 0.000000000000000000e+00 1.280000000000000000e+02 -1.490909090909090740e+00
0.000000000000000000e+00 0.000000000000000000e+00 0.000000000000000000e+00 0.000000000000000000e+00 0.000000000000000000e+00 0.000000000000000000e+00 0.000000000000000000e+00 0.000000000000000000e+00 0.000000000000000000e+00 0.000000000000000000e+00 6.707246200401163760e-02 7.145719195830984270e-03 0.000000000000000000e+00 7.303128469636402387e-02 0.000000000000000000e+00 3.058396785539094775e-01 0.000000000000000000e+00 0.000000000000000000e+00 4.259311029580064578e-01 0.000000000000000000e+00 3.883743414013798856e-02 0.000000000000000000e+00 2.466381132799626286e-02 0.000000000000000000e+00 0.000000000000000000e+00 1.000000000000000000e+00 0.000000000000000000e+00 0.000000000000000000e+00 9.057576934579032457e-01 0.000000000000000000e+00 0.000000000000000000e+00 0.000000000000000000e+00 1.280000000000000000e+02 -2.768181818181818343e+01
0.000000000000000000e+00 0.000000000000000000e+00 0.000000000000000000e+00 1.526271942423025607e-01 0.000000000000000000e+00 0.000000000000000000e+00 1.046055771513877131e-01 1.701925960970841712e-03 9.623045021704372814e-01 0.000000000000000000e+00 2.621698833519269800e-01 3.247511016650606042e-02 0.000000000000000000e+00 5.929444392271893127e-01 7.974174798360990357e-02 9.934998317019501091e-01 9.132958005828519799e-01 5.715447652665820062e-03 0.000000000000000000e+00 0.000000000000000000e+00 0.000000000000000000e+00 0.000000000000000000e+00 0.000000000000000000e+00 0.000000000000000000e+00 0.000000000000000000e+00 1.000000000000000000e+00 1.473430448293680251e-01 6.441355640607087096e-01 2.469860679144118676e-07 0.000000000000000000e+00 9.019417642517412181e-01 0.000000000000000000e+00 1.280000000000000000e+02 -2.206363636363636527e+00
0.000000000000000000e+00 0.000000000000000000e+00 1.287423658539626342e-02 7.432801967133923458e-03 0.000000000000000000e+00 0.000000000000000000e+00 0.000000000000000000e+00 4.279169106003816929e-04 0.000000000000000000e+00 7.682486357593082404e-01 2.399098815468671542e-01 0.000000000000000000e+00 8.191585448898652810e-02 1.785202347555011615e-01 0.000000000000000000e+00 5.683317794281308490e-03 0.000000000000000000e+00 0.000000000000000000e+00 7.874484843370169740e-01 0.000000000000000000e+00 2.615377687725840006e-01 0.000000000000000000e+00 9.999160713755441687e-01 0.000000000000000000e+00 0.000000000000000000e+00 3.237063821961856311e-03 2.624534654005258871e-01 0.000000000000000000e+00 0.000000000000000000e+00 9.798345379904929708e-02 7.413275528006925130e-01 0.000000000000000000e+00 1.280000000000000000e+02 -3.858454545454544871e+01
0.000000000000000000e+00 0.000000000000000000e+00 6.620684039564922463e-02 0.000000000000000000e+00 0.000000000000000000e+00 0.000000000000000000e+00 0.000000000000000000e+00 0.000000000000000000e+00 0.000000000000000000e+00 0.000000000000000000e+00 0.000000000000000000e+00 0.000000000000000000e+00 2.112223335873271435e-01 0.000000000000000000e+00 0.000000000000000000e+00 0.000000000000000000e+00 1.763896088466923931e-02 0.000000000000000000e+00 9.843548782448571233e-01 3.270044714854658530e-01 2.480875671584495921e-03 3.192793639280837037e-01 0.000000000000000000e+00 2.727683009562245631e-01 0.000000000000000000e+00 2.046889731185757427e-02 7.398462446682727012e-02 0.000000000000000000e+00 0.000000000000000000e+00 0.000000000000000000e+00 6.019667366321621027e-02 0.000000000000000000e+00 1.280000000000000000e+02 -2.602727272727272734e+01
0.000000000000000000e+00 0.000000000000000000e+00 0.000000000000000000e+00 0.000000000000000000e+00 0.000000000000000000e+00 0.000000000000000000e+00 3.366624752192687864e-01 2.527226106970990524e-02 0.000000000000000000e+00 0.000000000000000000e+00 0.000000000000000000e+00 0.000000000000000000e+00 0.000000000000000000e+00 0.000000000000000000e+00 0.000000000000000000e+00 0.000000000000000000e+00 0.000000000000000000e+00 0.000000000000000000e+00 0.000000000000000000e+00 0.000000000000000000e+00 0.000000000000000000e+00 0.000000000000000000e+00 0.000000000000000000e+00 0.000000000000000000e+00 0.000000000000000000e+00 0.000000000000000000e+00 0.000000000000000000e+00 0.000000000000000000e+00 0.000000000000000000e+00 0.000000000000000000e+00 0.000000000000000000e+00 0.000000000000000000e+00 1.280000000000000000e+02 -5.454545454545454281e-02
0.000000000000000000e+00 0.000000000000000000e+00 1.686669635062617439e-02 0.000000000000000000e+00 0.000000000000000000e+00 0.000000000000000000e+00 0.000000000000000000e+00 0.000000000000000000e+00 0.000000000000000000e+00 0.000000000000000000e+00 0.000000000000000000e+00 0.000000000000000000e+00 3.922560915955755623e-01 4.172614597525892317e-03 0.000000000000000000e+00 7.721125011516625361e-07 0.000000000000000000e+00 0.000000000000000000e+00 0.000000000000000000e+00 1.716760713136750993e-01 0.000000000000000000e+00 0.000000000000000000e+00 0.000000000000000000e+00 0.000000000000000000e+00 0.000000000000000000e+00 0.000000000000000000e+00 0.000000000000000000e+00 1.632904274774213852e-06 4.013173105083736112e-06 0.000000000000000000e+00 0.000000000000000000e+00 0.000000000000000000e+00 1.280000000000000000e+02 -8.545454545454543860e-01
0.000000000000000000e+00 0.000000000000000000e+00 6.886892042003798231e-01 0.000000000000000000e+00 0.000000000000000000e+00 0.000000000000000000e+00 7.011221023307365185e-02 0.000000000000000000e+00 0.000000000000000000e+00 0.000000000000000000e+00 0.000000000000000000e+00 8.124213210529989196e-03 9.802811472645293067e-01 5.352329167132022780e-01 0.000000000000000000e+00 1.767594200893106773e-02 0.000000000000000000e+00 0.000000000000000000e+00 1.401783368054860535e-01 0.000000000000000000e+00 0.000000000000000000e+00 0.000000000000000000e+00 0.000000000000000000e+00 0.000000000000000000e+00 0.000000000000000000e+00 0.000000000000000000e+00 0.000000000000000000e+00 0.000000000000000000e+00 0.000000000000000000e+00 0.000000000000000000e+00 9.905933543217384507e-01 0.000000000000000000e+00 1.280000000000000000e+02 -1.865181818181818230e+01
0.000000000000000000e+00 1.289197386441751358e-01 0.000000000000000000e+00 0.000000000000000000e+00 0.000000000000000000e+00 0.000000000000000000e+00 6.332856223580797528e-02 0.000000000000000000e+00 0.000000000000000000e+00 0.000000000000000000e+00 0.000000000000000000e+00 0.000000000000000000e+00 3.138064071420187395e-01 0.000000000000000000e+00 0.000000000000000000e+00 0.000000000000000000e+00 0.000000000000000000e+00 0.000000000000000000e+00 0.000000000000000000e+00 2.553164310183237973e-01 7.213001865619013131e-01 0.000000000000000000e+00 0.000000000000000000e+00 0.000000000000000000e+00 0.000000000000000000e+00 2.405732610216084477e-01 7.623043046685334945e-02 3.850359885203305521e-02 0.000000000000000000e+00 0.000000000000000000e+00 0.000000000000000000e+00 0.000000000000000000e+00 1.280000000000000000e+02 -7.275454545454545396e+00
1.696492757663975101e-02 0.000000000000000000e+00 0.000000000000000000e+00 1.161793040045478250e-06 0.000000000000000000e+00 2.398582205050017019e-04 2.595573145340735466e-01 2.497308486631786562e-01 0.000000000000000000e+00 9.241782073113553597e-01 0.000000000000000000e+00 1.237260737739856870e-01 0.000000000000000000e+00 0.000000000000000000e+00 0.000000000000000000e+00 9.989574586588834126e-01 5.920590967449085307e-01 0.000000000000000000e+00 8.769365482483047758e-02 5.216410075642446964e-01 1.000000000000000000e+00 2.814043960465489325e-01 1.897685029245113897e-01 0.000000000000000000e+00 0.000000000000000000e+00 5.471431087378466618e-01 0.000000000000000000e+00 0.000000000000000000e+00 0.000000000000000000e+00 7.770433809871894358e-05 4.928245538531303427e-01 0.000000000000000000e+00 1.280000000000000000e+02 -3.272090909090908895e+01
0.000000000000000000e+00 0.000000000000000000e+00 0.000000000000000000e+00 0.000000000000000000e+00 0.000000000000000000e+00 0.000000000000000000e+00 0.000000000000000000e+00 6.615070754110025097e-02 0.000000000000000000e+00 0.000000000000000000e+00 0.000000000000000000e+00 0.000000000000000000e+00 0.000000000000000000e+00 0.000000000000000000e+00 0.000000000000000000e+00 4.990415850843851753e-02 0.000000000000000000e+00 0.000000000000000000e+00 8.108409848401668674e-01 0.000000000000000000e+00 0.000000000000000000e+00 0.000000000000000000e+00 0.000000000000000000e+00 0.000000000000000000e+00 0.000000000000000000e+00 0.000000000000000000e+00 0.000000000000000000e+00 9.665671812258622153e-02 0.000000000000000000e+00 0.000000000000000000e+00 0.000000000000000000e+00 0.000000000000000000e+00 1.280000000000000000e+02 -1.585454545454545539e+01
0.000000000000000000e+00 0.000000000000000000e+00 2.234991212240512804e-05 0.000000000000000000e+00 0.000000000000000000e+00 0.000000000000000000e+00 0.000000000000000000e+00 0.000000000000000000e+00 0.000000000000000000e+00 1.729342473467552696e-02 0.000000000000000000e+00 4.865274564515245648e-01 5.320806179484931719e-05 0.000000000000000000e+00 0.000000000000000000e+00 9.364863275173286594e-02 1.582483056743345592e-02 0.000000000000000000e+00 0.000000000000000000e+00 2.139749479084334521e-03 0.000000000000000000e+00 0.000000000000000000e+00 3.531483869587727087e-01 0.000000000000000000e+00 0.000000000000000000e+00 1.655245103157476083e-01 0.000000000000000000e+00 0.000000000000000000e+00 0.000000000000000000e+00 0.000000000000000000e+00 0.000000000000000000e+00 5.024724687762071040e-01 1.280000000000000000e+02 -6.363636363636363535e-01
0.000000000000000000e+00 0.000000000000000000e+00 4.301257535243777075e-02 0.000000000000000000e+00 0.000000000000000000e+00 0.000000000000000000e+00 0.000000000000000000e+00 0.000000000000000000e+00 0.000000000000000000e+00 0.000000000000000000e+00 0.000000000000000000e+00 5.217750791810902601e-03 0.000000000000000000e+00 8.304859272229184880e-03 0.000000000000000000e+00 0.000000000000000000e+00 0.000000000000000000e+00 2.384717965087281011e-01 0.000000000000000000e+00 3.136260938973061685e-01 0.000000000000000000e+00 0.000000000000000000e+00 2.517801230070769725e-01 0.000000000000000000e+00 5.407813855614816700e-02 3.886707026007547028e-01 5.583354459170689621e-01 0.000000000000000000e+00 1.187648987199704928e-03 0.000000000000000000e+00 0.000000000000000000e+00 0.000000000000000000e+00 1.280000000000000000e+02 -4.727272727272727182e-01
5.033129605306302216e-06 0.000000000000000000e+00 1.000000000000000000e+00 2.118736216349573556e-02 0.000000000000000000e+00 3.177444357810041333e-03 8.004587368879373388e-01 0.000000000000000000e+00 0.000000000000000000e+00 3.037449547962335905e-01 0.000000000000000000e+00 9.880936466351447622e-01 9.999999887187007719e-01 6.860237567758796784e-01 0.000000000000000000e+00 8.855840420099103660e-01 5.189499302593941765e-01 5.217680614120932207e-04 2.769586183861889594e-01 9.491163161637745649e-01 1.000000000000000000e+00 2.231840628354221324e-08 8.908300406762673651e-01 0.000000000000000000e+00 0.000000000000000000e+00 4.805044055766801159e-01 1.000000000000000000e+00 0.000000000000000000e+00 0.000000000000000000e+00 3.246091332601001023e-01 5.571770524256045576e-01 2.195610064188847355e-01 1.280000000000000000e+02 -4.575727272727272066e+01
4.213233304774353649e-01 0.000000000000000000e+00 9.861958777897004147e-01 0.000000000000000000e+00 0.000000000000000000e+00 0.000000000000000000e+00 0.000000000000000000e+00 0.000000000000000000e+00 0.000000000000000000e+00 0.000000000000000000e+00 0.000000000000000000e+00 0.000000000000000000e+00 5.917756515891003932e-01 0.000000000000000000e+00 0.000000000000000000e+00 0.000000000000000000e+00 5.020521060252207679e-01 0.000000000000000000e+00 0.000000000000000000e+00 1.216000734536488853e-01 0.000000000000000000e+00 0.000000000000000000e+00 7.377409454266580235e-01 0.000000000000000000e+00 0.000000000000000000e+00 0.000000000000000000e+00 0.000000000000000000e+00 0.000000000000000000e+00 0.000000000000000000e+00 0.000000000000000000e+00 0.000000000000000000e+00 0.000000000000000000e+00 1.280000000000000000e+02 -4.427272727272727471e-01
0.000000000000000000e+00 1.114707482785441683e-01 1.285858006130057192e-02 3.511661503450280719e-02 0.000000000000000000e+00 0.000000000000000000e+00 5.123956651708342358e-01 0.000000000000000000e+00 0.000000000000000000e+00 4.536918013237337122e-01 0.000000000000000000e+00 5.851826664928710953e-01 6.824984878159692236e-01 7.715970250036283291e-03 0.000000000000000000e+00 0.000000000000000000e+00 0.000000000000000000e+00 0.000000000000000000e+00 1.869018769401518398e-01 1.000000000000000000e+00 0.000000000000000000e+00 0.000000000000000000e+00 0.000000000000000000e+00 0.000000000000000000e+00 0.000000000000000000e+00 0.000000000000000000e+00 0.000000000000000000e+00 0.000000000000000000e+00 0.000000000000000000e+00 0.000000000000000000e+00 6.340888468477871886e-09 0.000000000000000000e+00 1.280000000000000000e+02 -2.867909090909091319e+01
0.000000000000000000e+00 0.000000000000000000e+00 0.000000000000000000e+00 0.000000000000000000e+00 1.213421435322006164e-02 0.000000000000000000e+00 2.172596175197549218e-01 0.000000000000000000e+00 0.000000000000000000e+00 8.384766832363797773e-02 0.000000000000000000e+00 0.000000000000000000e+00 0.000000000000000000e+00 0.000000000000000000e+00 0.000000000000000000e+00 1.228606228264547857e-02 5.388163472678855204e-01 0.000000000000000000e+00 0.000000000000000000e+00 0.000000000000000000e+00 0.000000000000000000e+00 0.000000000000000000e+00 0.000000000000000000e+00 0.000000000000000000e+00 1.827041324449447252e-02 0.000000000000000000e+00 0.000000000000000000e+00 0.000000000000000000e+00 0.000000000000000000e+00 2.228527340982364990e-01 0.000000000000000000e+00 0.000000000000000000e+00 1.280000000000000000e+02 -3.636363636363636465e-01
0.000000000000000000e+00 0.000000000000000000e+00 0.000000000000000000e+00 0.000000000000000000e+00 0.000000000000000000e+00 0.000000000000000000e+00 0.000000000000000000e+00 2.818636382433455934e-01 6.212456661818396286e-01 9.945253582459266939e-01 0.000000000000000000e+00 3.182083921808228077e-01 0.000000000000000000e+00 0.000000000000000000e+00 0.000000000000000000e+00 0.000000000000000000e+00 0.000000000000000000e+00 0.000000000000000000e+00 6.525746496253896634e-02 0.000000000000000000e+00 0.000000000000000000e+00 0.000000000000000000e+00 0.000000000000000000e+00 0.000000000000000000e+00 0.000000000000000000e+00 1.906907806778811720e-01 0.000000000000000000e+00 0.000000000000000000e+00 0.000000000000000000e+00 1.888122787162485605e-01 0.000000000000000000e+00 0.000000000000000000e+00 1.280000000000000000e+02 -9.324545454545456025e+00
0.000000000000000000e+00 0.000000000000000000e+00 1.000000000000000000e+00 0.000000000000000000e+00 0.000000000000000000e+00 0.000000000000000000e+00 1.520397370450482233e-01 0.000000000000000000e+00 0.000000000000000000e+00 0.000000000000000000e+00 0.000000000000000000e+00 0.000000000000000000e+00 1.000000000000000000e+00 8.689713868676589292e-02 0.000000000000000000e+00 0.000000000000000000e+00 0.000000000000000000e+00 0.000000000000000000e+00 0.000000000000000000e+00 1.735257017733830009e-01 0.000000000000000000e+00 8.607413056210331259e-01 0.000000000000000000e+00 0.000000000000000000e+00 0.000000000000000000e+00 0.000000000000000000e+00 0.000000000000000000e+00 1.178928272064957950e-04 0.000000000000000000e+00 0.000000000000000000e+00 0.000000000000000000e+00 0.000000000000000000e+00 1.280000000000000000e+02 -1.181818181818181879e+00
0.000000000000000000e+00 2.682731402497723905e-01 2.091420323876946596e-01 0.000000000000000000e+00 0.000000000000000000e+00 0.000000000000000000e+00 2.423101031264243144e-01 0.000000000000000000e+00 0.000000000000000000e+00 0.000000000000000000e+00 0.000000000000000000e+00 1.000000000000000000e+00 7.906692557554700213e-03 0.000000000000000000e+00 8.628789603108992790e-01 9.943421235092612109e-01 4.496590912904536164e-01 0.000000000000000000e+00 0.000000000000000000e+00 0.000000000000000000e+00 4.492612396901187743e-01 0.000000000000000000e+00 6.922139439103386360e-02 0.000000000000000000e+00 0.000000000000000000e+00 0.000000000000000000e+00 0.000000000000000000e+00 0.000000000000000000e+00 1.943696474412175412e-01 0.000000000000000000e+00 4.452147263922946463e-01 0.000000000000000000e+00 1.280000000000000000e+02 -1.650272727272727025e+01
0.000000000000000000e+00 0.000000000000000000e+00 0.000000000000000000e+00 0.000000000000000000e+00 0.000000000000000000e+00 0.000000000000000000e+00 1.000000000000000000e+00 0.000000000000000000e+00 0.000000000000000000e+00 0.000000000000000000e+00 0.000000000000000000e+00 1.465001059078981649e-01 0.000000000000000000e+00 0.000000000000000000e+00 0.000000000000000000e+00 1.143959283492488634e-02 1.038978125346138315e-01 0.000000000000000000e+00 0.000000000000000000e+00 0.000000000000000000e+00 0.000000000000000000e+00 1.345410677096249563e-02 0.000000000000000000e+00 0.000000000000000000e+00 0.000000000000000000e+00 8.641821764843110598e-01 0.000000000000000000e+00 0.000000000000000000e+00 2.460138377609456806e-02 0.000000000000000000e+00 0.000000000000000000e+00 1.354683190595133979e-01 1.280000000000000000e+02 -3.454545454545454586e-01
0.000000000000000000e+00 0.000000000000000000e+00 0.000000000000000000e+00 0.000000000000000000e+00 2.443910335275533696e-01 0.000000000000000000e+00 1.018716365024486814e-01 0.000000000000000000e+00 0.000000000000000000e+00 0.000000000000000000e+00 0.000000000000000000e+00 0.000000000000000000e+00 0.000000000000000000e+00 1.000000000000000000e+00 0.000000000000000000e+00 4.305753789680263899e-01 0.000000000000000000e+00 0.000000000000000000e+00 0.000000000000000000e+00 0.000000000000000000e+00 0.000000000000000000e+00 0.000000000000000000e+00 0.000000000000000000e+00 0.000000000000000000e+00 0.000000000000000000e+00 0.000000000000000000e+00 9.475700880568573847e-01 0.000000000000000000e+00 0.000000000000000000e+00 0.000000000000000000e+00 6.210329068067339808e-02 0.000000000000000000e+00 1.280000000000000000e+02 -8.909090909090909838e-01
0.000000000000000000e+00 0.000000000000000000e+00 3.240929304231716102e-01 0.000000000000000000e+00 0.000000000000000000e+00 0.000000000000000000e+00 7.881838814705219298e-02 0.000000000000000000e+00 0.000000000000000000e+00 9.226376402738116836e-03 0.000000000000000000e+00 1.763168261586128271e-01 5.076111540238887818e-03 6.143556868934673121e-01 0.000000000000000000e+00 8.058624585800572282e-01 2.594641356893487489e-04 4.334015095042124122e-01 2.639670082482559080e-05 2.923978523106416944e-03 0.000000000000000000e+00 2.280847007689007597e-04 7.857832515635668202e-02 0.000000000000000000e+00 1.705129905800712234e-02 1.672933183046710626e-01 0.000000000000000000e+00 0.000000000000000000e+00 0.000000000000000000e+00 0.000000000000000000e+00 0.000000000000000000e+00 2.108137053563837252e-02 1.280000000000000000e+02 -2.181818181818182267e-01
0.000000000000000000e+00 0.000000000000000000e+00 2.474860450227147068e-01 0.000000000000000000e+00 0.000000000000000000e+00 0.000000000000000000e+00 0.000000000000000000e+00 0.000000000000000000e+00 0.000000000000000000e+00 2.659080644216916811e-01 0.000000000000000000e+00 0.000000000000000000e+00 0.000000000000000000e+00 0.000000000000000000e+00 0.000000000000000000e+00 3.457178852308413991e-05 0.000000000000000000e+00 0.000000000000000000e+00 0.000000000000000000e+00 3.918201355593153301e-01 7.473731457421523006e-01 0.000000000000000000e+00 1.000000000000000000e+00 0.000000000000000000e+00 0.000000000000000000e+00 0.000000000000000000e+00 1.000000000000000000e+00 0.000000000000000000e+00 0.000000000000000000e+00 0.000000000000000000e+00 8.377000432130550234e-01 6.990044722048097681e-01 1.280000000000000000e+02 -3.806363636363636616e+00
0.000000000000000000e+00 0.000000000000000000e+00 1.035997442118544339e-02 0.000000000000000000e+00 0.000000000000000000e+00 0.000000000000000000e+00 6.994369512038191017e-01 0.000000000000000000e+00 0.000000000000000000e+00 0.000000000000000000e+00 0.000000000000000000e+00 0.000000000000000000e+00 6.692626065979052630e-01 8.562551796553311556e-01 0.000000000000000000e+00 9.090437834214466495e-01 1.256206425649649683e-01 0.000000000000000000e+00 0.000000000000000000e+00 8.917882308645125322e-01 6.668510149507628215e-01 0.000000000000000000e+00 0.000000000000000000e+00 0.000000000000000000e+00 0.000000000000000000e+00 0.000000000000000000e+00 3.317100628662714157e-01 0.000000000000000000e+00 0.000000000000000000e+00 0.000000000000000000e+00 4.533667778202296605e-02 0.000000000000000000e+00 1.280000000000000000e+02 -2.519999999999999929e+01
0.000000000000000000e+00 0.000000000000000000e+00 0.000000000000000000e+00 0.000000000000000000e+00 0.000000000000000000e+00 0.000000000000000000e+00 0.000000000000000000e+00 0.000000000000000000e+00 0.000000000000000000e+00 0.000000000000000000e+00 0.000000000000000000e+00 0.000000000000000000e+00 9.623986574786509360e-03 0.000000000000000000e+00 0.000000000000000000e+00 2.117738090753167601e-01 0.000000000000000000e+00 0.000000000000000000e+00 0.000000000000000000e+00 2.075831420958972051e-01 3.401481723404478630e-01 0.000000000000000000e+00 3.973444542453555967e-02 0.000000000000000000e+00 0.000000000000000000e+00 0.000000000000000000e+00 7.221529072155414841e-01 0.000000000000000000e+00 0.000000000000000000e+00 0.000000000000000000e+00 0.000000000000000000e+00 5.068430887217984654e-02 1.280000000000000000e+02 -8.111818181818181372e+00
0.000000000000000000e+00 0.000000000000000000e+00 1.957401038223376480e-02 0.000000000000000000e+00 0.000000000000000000e+00 0.000000000000000000e+00 1.892739730205787452e-01 0.000000000000000000e+00 0.000000000000000000e+00 0.000000000000000000e+00 0.000000000000000000e+00 0.000000000000000000e+00 0.000000000000000000e+00 0.000000000000000000e+00 7.283406683788195002e-01 0.000000000000000000e+00 3.730635602836445130e-01 9.239578402339700958e-01 0.000000000000000000e+00 0.000000000000000000e+00 7.061048824824808778e-02 2.772462841340033596e-02 0.000000000000000000e+00 0.000000000000000000e+00 0.000000000000000000e+00 0.000000000000000000e+00 0.000000000000000000e+00 0.000000000000000000e+00 0.000000000000000000e+00 0.000000000000000000e+00 9.972455150029305715e-01 0.000000000000000000e+00 1.280000000000000000e+02 -2.127272727272726982e+00
0.000000000000000000e+00 0.000000000000000000e+00 3.628856586455846966e-01 0.000000000000000000e+00 0.000000000000000000e+00 0.000000000000000000e+00 0.000000000000000000e+00 0.000000000000000000e+00 5.151485028516210596e-01 4.415965137089609624e-03 0.000000000000000000e+00 8.105497560584095096e-01 2.550568928069861635e-05 7.288814055746656306e-01 0.000000000000000000e+00 4.249030700946868633e-01 0.000000000000000000e+00 0.000000000000000000e+00 9.242027032524287034e-01 0.000000000000000000e+00 0.000000000000000000e+00 0.000000000000000000e+00 0.000000000000000000e+00 1.998054587681239586e-02 0.000000000000000000e+00 0.000000000000000000e+00 0.000000000000000000e+00 0.000000000000000000e+00 0.000000000000000000e+00 8.886913094519552914e-01 0.000000000000000000e+00 0.000000000000000000e+00 1.280000000000000000e+02 -1.772727272727272663e+01
5.483906263398138359e-01 0.000000000000000000e+00 7.428724391493100043e-01 0.000000000000000000e+00 0.000000000000000000e+00 0.000000000000000000e+00 1.975711301795568808e-01 0.000000000000000000e+00 0.000000000000000000e+00 0.000000000000000000e+00 0.000000000000000000e+00 3.673034394294573488e-03 8.594690704344722931e-01 0.000000000000000000e+00 0.000000000000000000e+00 4.754251848466649055e-01 0.000000000000000000e+00 0.000000000000000000e+00 0.000000000000000000e+00 2.974499211703863222e-01 0.000000000000000000e+00 5.455935797457960208e-03 0.000000000000000000e+00 0.000000000000000000e+00 0.000000000000000000e+00 0.000000000000000000e+00 8.414309507790651566e-01 0.000000000000000000e+00 0.000000000000000000e+00 2.204922035378413417e-04 5.619246950102697765e-05 0.000000000000000000e+00 1.280000000000000000e+02 -1.760909090909090979e+00
0.000000000000000000e+00 0.000000000000000000e+00 1.274563852180627122e-01 0.000000000000000000e+00 0.000000000000000000e+00 0.000000000000000000e+00 0.000000000000000000e+00 2.398010756747495868e-19 0.000000000000000000e+00 2.080922891533361629e-01 0.000000000000000000e+00 9.558290747113810104e-01 0.000000000000000000e+00 0.000000000000000000e+00 0.000000000000000000e+00 1.561867108409272786e-01 0.000000000000000000e+00 0.000000000000000000e+00 0.000000000000000000e+00 7.389093639119519684e-03 7.811819257815231232e-01 0.000000000000000000e+00 0.000000000000000000e+00 0.000000000000000000e+00 0.000000000000000000e+00 8.844575757564664131e-03 0.000000000000000000e+00 0.000000000000000000e+00 0.000000000000000000e+00 0.000000000000000000e+00 2.313662083262239266e-01 0.000000000000000000e+00 1.280000000000000000e+02 -5.715454545454545787e+00
0.000000000000000000e+00 0.000000000000000000e+00 9.815259529895242752e-01 0.000000000000000000e+00 0.000000000000000000e+00 0.000000000000000000e+00 4.286868823191637007e-02 0.000000000000000000e+00 1.794129180713342937e-03 7.761985507218248648e-01 0.000000000000000000e+00 7.212765966348867464e-01 7.363458123365887453e-02 1.000000000000000000e+00 0.000000000000000000e+00 1.403197680007193804e-01 3.584696003651559604e-01 0.000000000000000000e+00 0.000000000000000000e+00 0.000000000000000000e+00 4.844649322403539182e-01 0.000000000000000000e+00 0.000000000000000000e+00 0.000000000000000000e+00 0.000000000000000000e+00 1.976897662760633279e-01 2.949677150365524469e-01 0.000000000000000000e+00 0.000000000000000000e+00 5.138698525976612697e-01 6.193681373622196285e-01 0.000000000000000000e+00 1.280000000000000000e+02 -1.033636363636363598e+01
0.000000000000000000e+00 0.000000000000000000e+00 7.946051245066189095e-01 0.000000000000000000e+00 0.000000000000000000e+00 0.000000000000000000e+00 5.056931104568805901e-01 0.000000000000000000e+00 0.000000000000000000e+00 0.000000000000000000e+00 1.050956147416454156e-01 1.223118168602416135e-04 0.000000000000000000e+00 0.000000000000000000e+00 0.000000000000000000e+00 4.536686877240053151e-01 1.033792418754862913e-01 0.000000000000000000e+00 3.018408715389462871e-01 3.861372528017485428e-01 4.243970298206048986e-01 0.000000000000000000e+00 1.894394937829033121e-01 0.000000000000000000e+00 0.000000000000000000e+00 0.000000000000000000e+00 4.309809447193433396e-01 0.000000000000000000e+00 0.000000000000000000e+00 0.000000000000000000e+00 7.135859084829919454e-06 0.000000000000000000e+00 1.280000000000000000e+02 -4.301181818181817818e+01
0.000000000000000000e+00 0.000000000000000000e+00 0.000000000000000000e+00 0.000000000000000000e+00 0.000000000000000000e+00 0.000000000000000000e+00 0.000000000000000000e+00 0.000000000000000000e+00 0.000000000000000000e+00 1.344311339915194893e-02 0.000000000000000000e+00 6.123009748634788973e-01 0.000000000000000000e+00 2.551146493395473613e-01 1.504358300589483388e-01 3.210208875043188415e-01 9.626151978656643030e-03 0.000000000000000000e+00 0.000000000000000000e+00 4.823249118725303833e-03 1.000000000000000000e+00 0.000000000000000000e+00 0.000000000000000000e+00 1.170258581268354553e-01 9.115004715121229062e-02 0.000000000000000000e+00 3.865613364466548574e-01 0.000000000000000000e+00 0.000000000000000000e+00 0.000000000000000000e+00 1.439396147162347490e-02 4.060387660502605134e-01 1.280000000000000000e+02 -1.058454545454545404e+01
0.000000000000000000e+00 1.000000000000000000e+00 5.447789385851484756e-01 0.000000000000000000e+00 0.000000000000000000e+00 0.000000000000000000e+00 0.000000000000000000e+00 0.000000000000000000e+00 4.213398503939310702e-01 0.000000000000000000e+00 0.000000000000000000e+00 0.000000000000000000e+00 0.000000000000000000e+00 0.000000000000000000e+00 6.828040716520073563e-06 0.000000000000000000e+00 0.000000000000000000e+00 0.000000000000000000e+00 8.857490777238287150e-01 0.000000000000000000e+00 0.000000000000000000e+00 0.000000000000000000e+00 7.013191731047051514e-01 0.000000000000000000e+00 0.000000000000000000e+00 0.000000000000000000e+00 0.000000000000000000e+00 0.000000000000000000e+00 7.458643261043278461e-01 7.751888845690945162e-01 0.000000000000000000e+00 0.000000000000000000e+00 1.280000000000000000e+02 -7.557272727272728474e+00
0.000000000000000000e+00 0.000000000000000000e+00 0.000000000000000000e+00 0.000000000000000000e+00 0.000000000000000000e+00 0.000000000000000000e+00 0.000000000000000000e+00 5.093028453083805335e-02 0.000000000000000000e+00 5.107749378197455892e-01 0.000000000000000000e+00 0.000000000000000000e+00 0.000000000000000000e+00 6.161391440552242971e-01 2.314658214810573211e-01 0.000000000000000000e+00 0.000000000000000000e+00 0.000000000000000000e+00 0.000000000000000000e+00 5.662748788058855759e-02 0.000000000000000000e+00 0.000000000000000000e+00 0.000000000000000000e+00 0.000000000000000000e+00 9.724885278469054262e-01 0.000000000000000000e+00 0.000000000000000000e+00 0.000000000000000000e+00 0.000000000000000000e+00 0.000000000000000000e+00 0.000000000000000000e+00 0.000000000000000000e+00 1.280000000000000000e+02 -1.745454545454545370e+00
0.000000000000000000e+00 0.000000000000000000e+00 0.000000000000000000e+00 0.000000000000000000e+00 0.000000000000000000e+00 0.000000000000000000e+00 1.892746112171714290e-02 0.000000000000000000e+00 0.000000000000000000e+00 0.000000000000000000e+00 0.000000000000000000e+00 5.532914417370867755e-01 3.338813611205357357e-02 0.000000000000000000e+00 0.000000000000000000e+00 0.000000000000000000e+00 0.000000000000000000e+00 0.000000000000000000e+00 0.000000000000000000e+00 0.000000000000000000e+00 0.000000000000000000e+00 0.000000000000000000e+00 0.000000000000000000e+00 0.000000000000000000e+00 0.000000000000000000e+00 2.565395298195256579e-01 1.201291471561610202e-01 0.000000000000000000e+00 0.000000000000000000e+00 0.000000000000000000e+00 4.787443190349480182e-01 0.000000000000000000e+00 1.280000000000000000e+02 -7.090909090909091050e-01
8.260381343631875359e-03 0.000000000000000000e+00 1.000000000000000000e+00 8.960147970531066874e-03 0.000000000000000000e+00 0.000000000000000000e+00 2.758666708802204881e-01 0.000000000000000000e+00 0.000000000000000000e+00 0.000000000000000000e+00 0.000000000000000000e+00 6.407936112342335067e-01 0.000000000000000000e+00 7.977358008940270695e-01 0.000000000000000000e+00 1.621602585098459379e-02 0.000000000000000000e+00 0.000000000000000000e+00 4.247099643835014482e-01 7.856218675172317312e-01 3.462267953294111966e-01 2.015143850420378357e-02 3.714453984913781981e-01 0.000000000000000000e+00 2.574825374348980317e-02 0.000000000000000000e+00 1.176530904608717905e-02 5.869935621850061631e-03 0.000000000000000000e+00 6.417006653055447041e-01 2.413485151893101088e-01 0.000000000000000000e+00 1.280000000000000000e+02 -3.558181818181817846e+01
0.000000000000000000e+00 0.000000000000000000e+00 0.000000000000000000e+00 0.000000000000000000e+00 0.000000000000000000e+00 0.000000000000000000e+00 0.000000000000000000e+00 0.000000000000000000e+00 0.000000000000000000e+00 0.000000000000000000e+00 0.000000000000000000e+00 0.000000000000000000e+00 0.000000000000000000e+00 0.000000000000000000e+00 0.000000000000000000e+00 0.000000000000000000e+00 0.000000000000000000e+00 0.000000000000000000e+00 0.000000000000000000e+00 0.000000000000000000e+00 0.000000000000000000e+00 0.000000000000000000e+00 0.000000000000000000e+00 0.000000000000000000e+00 0.000000000000000000e+00 0.000000000000000000e+00 0.000000000000000000e+00 0.000000000000000000e+00 0.000000000000000000e+00 0.000000000000000000e+00 0.000000000000000000e+00 0.000000000000000000e+00 1.280000000000000000e+02 -3.777272727272727337e+01
0.000000000000000000e+00 0.000000000000000000e+00 2.603879855231093221e-01 8.080678832149090188e-05 0.000000000000000000e+00 0.000000000000000000e+00 4.661315289938062351e-03 0.000000000000000000e+00 0.000000000000000000e+00 2.689512019651945640e-01 0.000000000000000000e+00 1.881105700608124154e-01 1.884943505915652115e-02 3.222373163360272956e-03 0.000000000000000000e+00 6.145387953248242496e-01 1.000000000000000000e+00 0.000000000000000000e+00 1.000000000000000000e+00 1.674078806887859816e-01 6.245601906961466554e-01 1.000000000000000000e+00 2.168836194672247308e-01 0.000000000000000000e+00 0.000000000000000000e+00 0.000000000000000000e+00 0.000000000000000000e+00 0.000000000000000000e+00 0.000000000000000000e+00 0.000000000000000000e+00 3.319046319796008504e-01 0.000000000000000000e+00 1.280000000000000000e+02 -4.700909090909090793e+01
0.000000000000000000e+00 0.000000000000000000e+00 0.000000000000000000e+00 1.604843608908189043e-02 0.000000000000000000e+00 0.000000000000000000e+00 6.848412662782320248e-02 0.000000000000000000e+00 0.000000000000000000e+00 1.000000000000000000e+00 0.000000000000000000e+00 3.135136548335826223e-02 5.514961182109673343e-01 9.162166252355966600e-01 0.000000000000000000e+00 5.450781042474451832e-01 4.930264648513627002e-01 0.000000000000000000e+00 6.307278133419651212e-02 1.430829508645784127e-02 1.000000000000000000e+00 0.000000000000000000e+00 6.910882883018170109e-01 0.000000000000000000e+00 0.000000000000000000e+00 9.466351963217968235e-01 0.000000000000000000e+00 5.402246096506280876e-02 0.000000000000000000e+00 0.000000000000000000e+00 5.903446825366606698e-02 6.146051257525154687e-01 1.280000000000000000e+02 -2.239363636363636090e+01
0.000000000000000000e+00 0.000000000000000000e+00 0.000000000000000000e+00 0.000000000000000000e+00 1.282499663374068663e-02 0.000000000000000000e+00 9.742207991577630510e-01 1.765735166669463868e-03 0.000000000000000000e+00 8.252785595327054302e-02 0.000000000000000000e+00 5.100994233242941434e-01 1.000000000000000000e+00 0.000000000000000000e+00 0.000000000000000000e+00 7.754754673520148495e-03 2.120214851827445166e-02 0.000000000000000000e+00 0.000000000000000000e+00 5.069544949150274205e-01 0.000000000000000000e+00 3.728037243731786021e-01 6.712616491839742405e-01 0.000000000000000000e+00 1.359289444284597914e-01 2.472241593043714991e-01 1.045344526510241234e-01 0.000000000000000000e+00 0.000000000000000000e+00 0.000000000000000000e+00 0.000000000000000000e+00 0.000000000000000000e+00 1.280000000000000000e+02 -3.763636363636363669e+00
0.000000000000000000e+00 0.000000000000000000e+00 2.129581996372166899e-02 0.000000000000000000e+00 0.000000000000000000e+00 0.000000000000000000e+00 5.173927514987877174e-01 0.000000000000000000e+00 3.681957625547486734e-01 4.410436766554264032e-02 1.401328858473023242e-01 2.448551586095573662e-01 3.463738567014598146e-01 4.878538547035360384e-02 0.000000000000000000e+00 9.999629376157079808e-01 0.000000000000000000e+00 0.000000000000000000e+00 1.413616201607238720e-01 0.000000000000000000e+00 4.357779845259656532e-02 0.000000000000000000e+00 3.054666381472908587e-01 0.000000000000000000e+00 0.000000000000000000e+00 0.000000000000000000e+00 0.000000000000000000e+00 0.000000000000000000e+00 0.000000000000000000e+00 0.000000000000000000e+00 4.666109613260612798e-01 0.000000000000000000e+00 1.280000000000000000e+02 -3.069363636363636161e+01
0.000000000000000000e+00 0.000000000000000000e+00 9.759542146530159057e-03 0.000000000000000000e+00 0.000000000000000000e+00 0.000000000000000000e+00 4.972152191808583144e-01 0.000000000000000000e+00 0.000000000000000000e+00 2.331019245404826745e-01 0.000000000000000000e+00 6.520974039273910172e-01 6.950761445166923069e-01 4.287599245057747144e-01 2.092671395795961675e-01 9.999973182781346503e-01 3.290966956289571588e-01 0.000000000000000000e+00 3.105616022837769941e-01 2.794136138959056300e-04 4.290830336827668456e-01 1.740744591031830968e-04 6.934231922280169602e-01 0.000000000000000000e+00 0.000000000000000000e+00 2.058208887484931174e-09 2.016103668614082356e-01 5.373810923157222585e-02 0.000000000000000000e+00 0.000000000000000000e+00 2.415967428548991783e-05 5.895373682987536078e-03 1.280000000000000000e+02 -4.802454545454545354e+01
1.745644711997776247e-03 2.051548064875163557e-01 9.841278614386237411e-01 0.000000000000000000e+00 0.000000000000000000e+00 0.000000000000000000e+00 5.354619719205341161e-02 0.000000000000000000e+00 0.000000000000000000e+00 1.685417855937507148e-01 0.000000000000000000e+00 1.557013974426554870e-01 0.000000000000000000e+00 1.000000000000000000e+00 0.000000000000000000e+00 1.890192908826800466e-01 1.000000000000000000e+00 0.000000000000000000e+00 3.842036210145972630e-01 7.955171372386187212e-01 1.076575066937177361e-01 4.116084295750128130e-01 9.553867142483852826e-01 0.000000000000000000e+00 0.000000000000000000e+00 2.806373769948810031e-03 3.084904464602848950e-01 0.000000000000000000e+00 0.000000000000000000e+00 0.000000000000000000e+00 9.832582403232290602e-01 0.000000000000000000e+00 1.280000000000000000e+02 -3.627545454545454362e+01
9.762266882857982830e-01 0.000000000000000000e+00 7.744480508553542863e-01 0.000000000000000000e+00 0.000000000000000000e+00 0.000000000000000000e+00 0.000000000000000000e+00 0.000000000000000000e+00 0.000000000000000000e+00 0.000000000000000000e+00 0.000000000000000000e+00 6.716725107672769646e-01 0.000000000000000000e+00 0.000000000000000000e+00 0.000000000000000000e+00 6.831300485084149665e-01 2.447590253087469220e-02 0.000000000000000000e+00 0.000000000000000000e+00 3.077968437181065053e-01 0.000000000000000000e+00 0.000000000000000000e+00 0.000000000000000000e+00 0.000000000000000000e+00 0.000000000000000000e+00 0.000000000000000000e+00 4.718909896593128511e-02 0.000000000000000000e+00 0.000000000000000000e+00 3.372709900108921549e-02 0.000000000000000000e+00 0.000000000000000000e+00 1.280000000000000000e+02 -7.090909090909091050e-01
0.000000000000000000e+00 0.000000000000000000e+00 0.000000000000000000e+00 0.000000000000000000e+00 0.000000000000000000e+00 0.000000000000000000e+00 0.000000000000000000e+00 0.000000000000000000e+00 0.000000000000000000e+00 0.000000000000000000e+00 0.000000000000000000e+00 0.000000000000000000e+00 0.000000000000000000e+00 1.449461206436345462e-01 0.000000000000000000e+00 0.000000000000000000e+00 0.000000000000000000e+00 0.000000000000000000e+00 6.918756840825133203e-01 0.000000000000000000e+00 0.000000000000000000e+00 0.000000000000000000e+00 2.703678189253866729e-02 0.000000000000000000e+00 0.000000000000000000e+00 0.000000000000000000e+00 9.520019308319660478e-01 0.000000000000000000e+00 0.000000000000000000e+00 9.574488967656918925e-01 2.605965130063334079e-01 0.000000000000000000e+00 1.280000000000000000e+02 -1.358818181818181792e+01
0.000000000000000000e+00 0.000000000000000000e+00 9.999594978060726280e-01 0.000000000000000000e+00 0.000000000000000000e+00 0.000000000000000000e+00 8.377045330956475189e-01 0.000000000000000000e+00 0.000000000000000000e+00 0.000000000000000000e+00 0.000000000000000000e+00 1.543676445216344284e-01 6.507605489757135597e-01 9.760143661801652382e-01 0.000000000000000000e+00 3.199756246349441668e-01 0.000000000000000000e+00 0.000000000000000000e+00 0.000000000000000000e+00 1.984069089776667183e-01 2.465326221493314984e-01 5.015209056653617825e-01 0.000000000000000000e+00 0.000000000000000000e+00 0.000000000000000000e+00 4.523894910539970060e-01 5.966258185472326225e-01 1.025583778128270895e-02 0.000000000000000000e+00 0.000000000000000000e+00 3.381477181355069337e-03 4.288158964772909379e-03 1.280000000000000000e+02 -2.000636363636363413e+01
0.000000000000000000e+00 8.019796328481790249e-02 9.999713520804218714e-01 1.347168796781942346e-01 5.720159230264088013e-01 0.000000000000000000e+00 1.000000000000000000e+00 0.000000000000000000e+00 0.000000000000000000e+00 0.000000000000000000e+00 0.000000000000000000e+00 1.000000000000000000e+00 7.060508618183627405e-01 1.000000000000000000e+00 0.000000000000000000e+00 9.158121868970955370e-01 2.733275192284398969e-01 0.000000000000000000e+00 4.672154632902926225e-04 1.788105206229550770e-01 8.285018280132910862e-01 1.126708573790626694e-01 2.281522944711648904e-01 0.000000000000000000e+00 0.000000000000000000e+00 0.000000000000000000e+00 1.000000000000000000e+00 4.649320999140522659e-01 0.000000000000000000e+00 9.999528207415191439e-01 2.018121558929285020e-01 6.083473798362838414e-01 1.280000000000000000e+02 -2.793636363636363384e+01
0.000000000000000000e+00 0.000000000000000000e+00 2.714864702626282322e-01 1.619206891866707687e-02 0.000000000000000000e+00 0.000000000000000000e+00 1.268636620769775063e-02 0.000000000000000000e+00 0.000000000000000000e+00 8.229078103732295757e-01 0.000000000000000000e+00 7.247144049395310983e-01 4.382524709254737028e-01 9.956530885362206984e-01 0.000000000000000000e+00 5.528303230057391993e-01 2.972935372309235547e-01 0.000000000000000000e+00 1.515659425279983485e-01 1.987932721991263751e-01 1.030492635493555215e-02 2.365245811303283777e-02 8.396918859715274408e-01 0.000000000000000000e+00 0.000000000000000000e+00 1.210241598344393710e-01 5.201288094923915972e-01 0.000000000000000000e+00 0.000000000000000000e+00 0.000000000000000000e+00 1.533981456457651771e-01 0.000000000000000000e+00 1.280000000000000000e+02 -2.856363636363636260e+01
