5.000000000000000000e-01 5.000000000000000000e-01 5.000000000000000000e-01 5.000000000000000000e-01 5.000000000000000000e-01 5.000000000000000000e-01 5.000000000000000000e-01 5.000000000000000000e-01 5.000000000000000000e-01 5.000000000000000000e-01 5.000000000000000000e-01 5.000000000000000000e-01 5.000000000000000000e-01 5.000000000000000000e-01 5.000000000000000000e-01 5.000000000000000000e-01 5.000000000000000000e-01 5.000000000000000000e-01 5.000000000000000000e-01 5.000000000000000000e-01 5.000000000000000000e-01 5.000000000000000000e-01 5.000000000000000000e-01 5.000000000000000000e-01 5.000000000000000000e-01 5.000000000000000000e-01 5.000000000000000000e-01 5.000000000000000000e-01 5.000000000000000000e-01 5.000000000000000000e-01 5.000000000000000000e-01 5.000000000000000000e-01 5.120000000000000000e+02 -2.471333333333333471e+01
5.000000000000000278e-02 7.903225806451613655e-02 1.080645161290322565e-01 1.370967741935483764e-01 1.661290322580645240e-01 1.951612903225806162e-01 2.241935483870967638e-01 2.532258064516129115e-01 2.822580645161290036e-01 3.112903225806451513e-01 3.403225806451612434e-01 3.693548387096773911e-01 3.983870967741935387e-01 4.274193548387096309e-01 4.564516129032257785e-01 4.854838709677418707e-01 5.145161290322580738e-01 5.435483870967742215e-01 5.725806451612903691e-01 6.016129032258064058e-01 6.306451612903225534e-01 6.596774193548387011e-01 6.887096774193548487e-01 7.177419354838709964e-01 7.467741935483871440e-01 7.758064516129031807e-01 8.048387096774193283e-01 8.338709677419354760e-01 8.629032258064516236e-01 8.919354838709677713e-01 9.209677419354838079e-01 9.499999999999999556e-01 5.120000000000000000e+02 -2.339333333333333442e+01
9.499999999999999556e-01 9.209677419354838079e-01 8.919354838709677713e-01 8.629032258064516236e-01 8.338709677419354760e-01 8.048387096774193283e-01 7.758064516129031807e-01 7.467741935483871440e-01 7.177419354838709964e-01 6.887096774193548487e-01 6.596774193548387011e-01 6.306451612903225534e-01 6.016129032258064058e-01 5.725806451612903691e-01 5.435483870967742215e-01 5.145161290322580738e-01 4.854838709677418707e-01 4.564516129032257785e-01 4.274193548387096309e-01 3.983870967741935387e-01 3.693548387096773911e-01 3.403225806451612434e-01 3.112903225806451513e-01 2.822580645161290036e-01 2.532258064516129115e-01 2.241935483870967638e-01 1.951612903225806162e-01 1.661290322580645240e-01 1.370967741935483764e-01 1.080645161290322565e-01 7.903225806451613655e-02 5.000000000000000278e-02 5.120000000000000000e+02 -2.456666666666666643e+01
5.000000000000000278e-02 1.099999999999999867e-01 1.699999999999999845e-01 2.299999999999999822e-01 2.899999999999999800e-01 3.499999999999999223e-01 4.099999999999999201e-01 4.699999999999999178e-01 5.299999999999999156e-01 5.899999999999999689e-01 6.499999999999999112e-01 7.099999999999999645e-01 7.699999999999999067e-01 8.299999999999999600e-01 8.899999999999999023e-01 9.499999999999999556e-01 9.499999999999999556e-01 8.900000000000000133e-01 8.299999999999999600e-01 7.700000000000000178e-01 7.099999999999999645e-01 6.500000000000000222e-01 5.900000000000000799e-01 5.300000000000000266e-01 4.700000000000000289e-01 4.100000000000000311e-01 3.500000000000000888e-01 2.900000000000000355e-01 2.300000000000000933e-01 1.700000000000000400e-01 1.100000000000000977e-01 5.000000000000000278e-02 5.120000000000000000e+02 -2.486666666666666359e+01
9.499999999999999556e-01 8.900000000000000133e-01 8.300000000000000711e-01 7.700000000000000178e-01 7.099999999999999645e-01 6.500000000000001332e-01 5.900000000000000799e-01 5.300000000000000266e-01 4.700000000000000844e-01 4.100000000000000311e-01 3.500000000000000888e-01 2.900000000000000355e-01 2.300000000000000933e-01 1.700000000000000400e-01 1.100000000000000977e-01 5.000000000000004441e-02 5.000000000000004441e-02 1.099999999999999867e-01 1.700000000000000400e-01 2.299999999999999822e-01 2.900000000000000355e-01 3.499999999999999778e-01 4.099999999999999201e-01 4.699999999999999734e-01 5.300000000000000266e-01 5.899999999999999689e-01 6.499999999999999112e-01 7.099999999999999645e-01 7.699999999999999067e-01 8.299999999999999600e-01 8.899999999999999023e-01 9.499999999999999556e-01 5.120000000000000000e+02 -2.236333333333333329e+01
1.499999999999999944e-01 8.499999999999999778e-01 1.499999999999999944e-01 8.499999999999999778e-01 1.499999999999999944e-01 8.499999999999999778e-01 1.499999999999999944e-01 8.499999999999999778e-01 1.499999999999999944e-01 8.499999999999999778e-01 1.499999999999999944e-01 8.499999999999999778e-01 1.499999999999999944e-01 8.499999999999999778e-01 1.499999999999999944e-01 8.499999999999999778e-01 1.499999999999999944e-01 8.499999999999999778e-01 1.499999999999999944e-01 8.499999999999999778e-01 1.499999999999999944e-01 8.499999999999999778e-01 1.499999999999999944e-01 8.499999999999999778e-01 1.499999999999999944e-01 8.499999999999999778e-01 1.499999999999999944e-01 8.499999999999999778e-01 1.499999999999999944e-01 8.499999999999999778e-01 1.499999999999999944e-01 8.499999999999999778e-01 5.120000000000000000e+02 -2.359666666666666757e+01
1.062500000000000111e-01 1.062500000000000111e-01 9.500000000000000666e-01 9.500000000000000666e-01 9.500000000000000666e-01 1.062500000000000111e-01 1.062500000000000111e-01 9.500000000000000666e-01 5.000000000000000000e-01 9.500000000000000666e-01 9.500000000000000666e-01 9.500000000000000666e-01 1.062500000000000111e-01 9.500000000000000666e-01 5.000000000000000000e-01 9.500000000000000666e-01 9.500000000000000666e-01 9.500000000000000666e-01 1.625000000000000056e-01 1.062500000000000111e-01 9.500000000000000666e-01 9.500000000000000666e-01 1.062500000000000111e-01 1.062500000000000111e-01 9.500000000000000666e-01 1.062500000000000111e-01 1.062500000000000111e-01 1.625000000000000056e-01 2.750000000000000222e-01 1.062500000000000111e-01 1.062500000000000111e-01 9.500000000000000666e-01 5.120000000000000000e+02 -2.438333333333333641e+01
5.499596620578787176e-01 6.483548188835264181e-01 4.031573756688733856e-01 1.958032880261222908e-01 2.704009991651217804e-01 5.574613117508135929e-01 2.675124162838839470e-01 9.076545228512565844e-01 9.750881068470830249e-01 5.885783967192788069e-01 8.955207968557677978e-01 2.299666373827536359e-01 1.705502977979132806e-01 4.687976438986074523e-01 6.241754460553111672e-01 6.665951276318247132e-01 2.051066005658749858e-01 5.973376488339716683e-01 9.677507933637109483e-01 7.800854691737262314e-01 6.406054641060090482e-01 2.641205845587580869e-01 5.860846633778217241e-01 2.466163523058121088e-01 5.789845308022084636e-01 3.502848306260404332e-01 5.768673578580290062e-01 8.462947572284763575e-01 6.796250054397709461e-02 6.417819552423570384e-02 8.017540475474302930e-01 9.201571036738644960e-01 5.120000000000000000e+02 -2.365000000000000213e+01
2.622698287316063692e-01 9.632098608288813812e-03 5.165716392603276752e-01 5.768566574680376036e-01 6.782206125259221396e-01 5.876394429973132993e-01 7.841409629724142016e-01 2.733712923657345972e-01 5.365866490939278366e-01 6.474857220674236080e-01 2.002105894633453009e-01 5.133235330574751482e-02 4.634996590896091062e-01 3.494233067375930313e-01 8.326469505674507499e-01 7.920917722293130403e-01 9.072141006962872734e-01 2.441623709352906679e-01 9.592898229432198498e-01 4.486929966054843399e-01 5.155760419871965317e-01 1.376924240280757994e-01 4.736147129171294767e-01 2.752941869705160822e-03 9.218405382814913729e-01 5.337959542312068484e-01 8.455907339814657808e-01 2.146798765276285714e-01 3.532994023657911598e-01 3.627727888303389214e-01 9.088807973080816893e-01 2.804788845225503202e-01 5.120000000000000000e+02 -2.489666666666666472e+01
4.568320962797169787e-02 3.051490326569460398e-01 5.339207433116736068e-01 4.231786628204712297e-01 3.714424855602773690e-01 9.655201246498605616e-02 4.539878766960424583e-01 2.543758490909631687e-01 6.154476124719353569e-01 1.424411261214202085e-01 6.197530597665543706e-01 7.428262150917537276e-01 4.766836470389648750e-01 6.195256419179864249e-01 4.627334587545043343e-01 5.718989194723496094e-01 3.964998813585250415e-01 5.528711660013653217e-01 5.634784228254976490e-01 4.273416344066880979e-01 7.323745718622118317e-02 4.824091070515960089e-01 4.993602555629323425e-01 2.859860885000230502e-01 4.088670828404711299e-01 9.259741498757690925e-01 7.381239520014564182e-01 6.623379503475317065e-02 7.603829072103838183e-01 2.873061297674525325e-02 2.757631347469570726e-01 1.188422140819004528e-04 5.120000000000000000e+02 -2.425000000000000000e+01
1.108854236274403327e-01 8.020463280741055856e-01 3.987387679831667919e-02 5.306552448452588333e-01 1.690724823389042342e-01 1.941550058918840027e-01 6.672020152448396857e-01 5.216592544487079763e-01 7.591107242447833192e-01 4.701420981503642293e-01 8.558172067278746464e-01 3.988685335673073165e-03 8.255225304816352638e-01 7.105970043087763699e-01 7.313327842842698434e-01 3.810121596785737697e-01 1.323896065783160547e-01 6.729775322224155198e-01 5.405281456289311171e-02 1.623242265092037506e-01 7.214112177737848075e-01 4.077397317211129413e-01 7.292913618565513012e-01 5.797639820810640554e-01 2.700521845119230879e-01 1.148560871945959599e-01 9.880947779061752811e-01 7.587113989583544882e-01 7.769569427951709961e-02 9.678333997555792212e-02 8.260722142603905693e-01 6.752998455245114995e-01 5.120000000000000000e+02 -2.343333333333333357e+01
8.151219187652072318e-01 5.274273354498268951e-01 8.840089696714226175e-02 8.657577437215348004e-01 8.170489235953045659e-01 1.728997785095600093e-01 8.597376763527200816e-02 2.227300921166591452e-01 8.770181975038766620e-01 5.465238987703550100e-01 5.750227085209668187e-01 9.094837738667342908e-01 1.317190519742365007e-01 5.852766026733757787e-01 2.273624426507550311e-01 8.574141533763554035e-01 3.579277984943725344e-02 1.121044504710683731e-01 1.415271499575850023e-01 1.892827670307735410e-01 5.473626484477503995e-01 5.062048559307512630e-01 4.101598708152049411e-01 7.753632141739409400e-01 6.988066588893979691e-01 9.457684285631901000e-01 1.290091396514009836e-01 7.810694209659609921e-01 3.940694282110827062e-01 7.597551167281091367e-01 5.816296164502789967e-01 3.923331183724804161e-01 5.120000000000000000e+02 -2.396666666666666501e+01
4.591050636143128583e-01 5.092325236331918248e-01 2.282640202322910594e-01 3.966194208457708981e-01 2.589161625682150358e-01 7.217058786508895318e-01 3.099935391692509312e-01 7.753290855763482758e-01 8.911990174349365690e-01 9.267562749265941813e-01 2.555462952511708408e-01 2.562844118703131446e-01 5.775162499642306768e-01 1.235339311124037526e-01 5.381723576332992920e-01 4.190223334924312315e-01 6.097029087312884066e-01 5.776646672445280295e-01 6.041922216319318695e-01 9.509836399139581786e-01 9.180689862103373899e-01 2.561528899969537365e-01 9.149555899959692373e-02 7.996492890330827441e-01 8.595276342541346981e-01 4.840785281536730822e-01 8.927046735326263915e-01 4.184644965511836179e-01 6.290910135439186091e-01 9.596623114712965474e-01 6.257867655703974741e-01 2.529713565020850208e-01 5.120000000000000000e+02 -2.385000000000000497e+01
5.274725378998119663e-01 7.616191857332329507e-01 2.028930162805723039e-02 2.986216385642636029e-01 7.802308647389010199e-01 2.613616069631805594e-01 3.851069579679903820e-01 5.290700983746573494e-01 1.994192987413544449e-01 7.632663812098308131e-01 8.117577287078682202e-01 8.245061376707836232e-01 6.165929718821653305e-01 3.908627545894065580e-01 1.659677523103299801e-01 3.038322632877170082e-01 9.485023691514835043e-02 2.027045215056932914e-01 8.158104423667598137e-01 5.788345350510143428e-01 9.007850183584172887e-01 3.862613233700117887e-01 8.695581238052343398e-01 5.040644540904849064e-02 4.449657619143447262e-01 1.501247579319612557e-01 3.479795007906889004e-01 7.461404974431096182e-01 8.220068722558889762e-01 2.312390010547759056e-01 7.283603697319512849e-01 4.429342594563137614e-01 5.120000000000000000e+02 -2.349666666666666970e+01
4.189622429399909587e-01 5.950156963764934304e-01 1.956232302657928135e-01 1.853508726728327061e-01 9.162194628558604226e-01 2.263358456959838894e-01 8.204072675851288299e-01 8.261320159691749598e-01 6.821706395524205213e-01 7.828700774298109899e-02 9.600408382523322182e-01 6.489578564513183434e-02 2.798285906948690394e-01 8.652596931720982765e-01 3.675755883992327666e-01 5.204239890893941345e-01 2.537738530991504038e-01 3.513587865211981742e-01 7.218897498517069522e-01 4.409262662328875676e-02 9.330890670613490867e-01 2.219636035033515642e-01 7.713446902778234859e-01 1.367199463379012159e-01 6.481300749357711277e-01 2.575097959158744176e-01 2.011896183999300480e-01 8.886939677521368264e-01 2.583794238057737780e-02 2.016263838163233624e-01 1.883998382452828080e-01 9.324144558164088048e-01 5.120000000000000000e+02 -2.425666666666667126e+01
2.033493168497021164e-01 1.367772968492924901e-01 9.902300033160561510e-01 6.738876016602842745e-01 7.087632017192855294e-01 8.820884372451068822e-01 6.242389430282072604e-01 6.635305267853646161e-01 7.380303866130255575e-01 9.009088951725299221e-01 4.187495933504810641e-01 6.806371369888423173e-01 2.560283819722687926e-01 8.841305054449712930e-01 1.230247788887201960e-01 8.379043239914788499e-01 8.296593187569387684e-01 1.240397769920554144e-01 2.914893502972550898e-01 8.297078784287866826e-01 4.708988843131450830e-01 7.996655863084349836e-01 1.176228535993644603e-01 3.091734393095438294e-01 8.019850339046413756e-01 5.649196821878920555e-02 5.339703560304148722e-01 8.105742130606993223e-01 6.601958738374823499e-01 1.871738025522666216e-01 9.592122367777622394e-01 3.641368397159855386e-01 5.120000000000000000e+02 -2.385999999999999943e+01
4.437627262071762724e-01 1.774492498955551334e-01 6.459583429651035713e-01 6.309325319217399253e-01 4.375849279407079684e-01 4.378458333550104831e-01 9.387857175666242115e-01 1.093355197674352186e-01 8.536561434506964030e-01 5.367740063725827682e-01 6.334623706049895553e-01 8.611030000512015503e-01 8.230705444912143065e-01 4.820058703547920598e-02 6.844843189058332777e-01 3.575942349237061068e-03 8.612525724174530106e-01 2.841471215750552282e-01 6.768812800021503095e-01 3.942892585971513042e-01 9.701184254551863395e-01 3.561080283285736336e-01 4.279282931725567063e-02 1.226759771329126725e-01 1.759817769119534081e-01 9.939394156483850606e-01 4.902954384922211251e-01 7.256460920961930183e-01 6.920537742827067573e-01 5.683037754334501201e-01 6.352892578596985862e-01 4.368146075533703709e-01 5.120000000000000000e+02 -2.337999999999999901e+01
2.647319200621682245e-01 6.185398228603294912e-01 2.764628181481790237e-01 9.547906123593250527e-01 4.927554507243903648e-01 7.819693264566618396e-01 5.491820819040201807e-01 7.481353560480412390e-02 9.328702333780570788e-01 5.002658019989347782e-01 3.398625334119712571e-01 4.289634510804754552e-01 5.884857703758888947e-01 6.455670880648022303e-01 6.063019733275017975e-01 9.753243251113445922e-01 2.945245106637151555e-01 5.257567791022991210e-01 9.034835383028569922e-01 9.720860438609830734e-01 1.241691750899000107e-01 5.866164268400831938e-01 2.914473677770725302e-01 4.385575351392258514e-01 1.739005472919854245e-01 8.331456457407028504e-02 2.731258144668745058e-01 9.970005501951479943e-01 8.795403549215820016e-01 4.206310447895825755e-01 1.299919703613315325e-01 5.843073471038912059e-01 5.120000000000000000e+02 -2.429666666666666330e+01
6.787634745238242395e-01 3.234259555056481772e-01 4.085139107148107879e-03 3.787128463808961138e-03 9.442298795054534510e-01 3.205609801659321523e-01 3.348712946042977645e-01 6.299352210309131506e-01 3.623596279068643788e-01 8.793182874708233010e-01 8.732252419850938807e-01 6.457914958855939247e-01 1.945123391905969057e-01 2.333790000019746735e-01 8.706667030031640664e-01 4.922472339020687038e-01 5.818183464855872788e-01 4.637706339447522086e-01 4.418323939684516977e-01 6.036538245257567770e-01 3.583152603648198653e-01 2.404226183586348764e-01 4.279567606169879523e-01 8.242597660536568061e-01 3.379184323630031184e-01 5.648309529363804149e-01 6.810044694839416657e-01 9.069772147783835559e-01 4.171804937470733332e-01 7.187724014706049491e-01 3.273568776219242804e-01 5.188046620285310384e-01 5.120000000000000000e+02 -2.430666666666666842e+01
1.264336078774823402e-01 4.771470828356803584e-01 8.846643645840808201e-01 6.610541140999019738e-02 3.904075622563727976e-01 1.627702681745387195e-02 6.006311782398275900e-01 5.033860875402702550e-01 2.800096184941274500e-04 7.143679900271692196e-01 9.992536689226688695e-02 5.811497851014915117e-01 9.076716538263897016e-01 6.509288796237969743e-01 1.048911241285429841e-01 7.372525635569072699e-01 3.010199153331373223e-01 8.054414850335102349e-02 7.398753363291792340e-01 9.315200952535667156e-01 2.129394084907438034e-01 7.334001316944228632e-01 4.906745770617608748e-01 2.026954607600787439e-01 1.407141795013921726e-01 9.566070180993804239e-01 6.593775516880578946e-01 9.863769892476476064e-02 3.226726339601919125e-01 8.618134244780509823e-01 6.694592960664800252e-01 8.243144920233949069e-01 5.120000000000000000e+02 -2.266333333333333044e+01
7.299929245612041262e-01 8.589274683513994368e-01 7.131475235226892861e-01 7.872909723193435294e-01 4.538258909775414462e-01 7.420616327307834048e-01 1.176283766714723983e-01 7.666608554665192976e-01 7.963804484690204522e-01 5.182793470380585577e-01 1.716294154997294319e-01 1.904264239544951054e-01 5.078441854007085254e-01 3.164448190039126363e-01 4.299321385810017104e-01 2.623271914598369545e-02 1.137290134549213821e-01 7.416955806179367228e-01 8.426680491703343323e-01 7.500141176909516094e-01 8.244373062666401353e-01 5.695934182792948830e-01 5.126691389332018942e-03 5.538315199865220251e-01 3.990320977278534742e-01 7.626843017135810365e-01 1.623852509330939720e-01 4.482081314345378042e-01 4.216199503857900877e-01 3.754611869163148596e-01 6.576131149185083791e-01 5.110274096484745954e-02 5.120000000000000000e+02 -2.298666666666666814e+01
7.974036861647653129e-01 2.088943351341312760e-01 3.672157936894929753e-01 3.836291951941803863e-02 1.991187096741315471e-02 2.719852843016020705e-01 9.252374668904957966e-01 8.203134321550162866e-01 3.999693773897597393e-02 7.366878468475536179e-01 9.363259498184026697e-01 3.254680946219351001e-01 2.820030025341288549e-01 9.165912160998095359e-01 5.547582588204521548e-01 4.118633484972956255e-02 5.767843192721168188e-01 8.058967910859330397e-01 3.933269471763822106e-02 4.103468205285062398e-01 6.783616687458818850e-01 9.527799059218785560e-01 3.880545001249601222e-01 4.175409305491766809e-01 3.597425712892839966e-01 5.595502463285514372e-01 9.597359354782267760e-01 1.706606034036823871e-01 4.640126910889033618e-01 6.522266451141995880e-01 5.427103819643114280e-01 1.874692952120950995e-01 5.120000000000000000e+02 -2.432333333333333414e+01
9.631600605217974786e-01 5.775245184194551795e-01 5.542202998801660785e-01 3.288752146376044405e-01 8.269858628019233215e-01 7.108104566023538684e-01 4.741490552555317761e-02 2.016064943269225695e-01 4.507296422056150109e-01 3.719172239656190482e-01 8.941098881043634261e-01 4.979397244398152678e-01 9.996268829186405469e-01 5.365357993096251388e-01 9.207189083974459676e-01 6.120338637524895820e-01 6.878154892080495797e-01 9.745881899606989585e-02 7.404384454238603641e-02 5.389426122281187892e-01 6.933714399753838631e-01 3.258562511715824839e-02 9.707809027690599279e-01 8.393959662740377858e-01 6.040572968590225411e-01 5.850281062468187798e-01 6.242023380668951793e-01 2.057310425514385574e-02 7.370018373790987454e-01 4.251940481798132110e-01 5.235106407158460762e-01 2.079328121444190547e-01 5.120000000000000000e+02 -2.419333333333333158e+01
3.087034056579238822e-02 2.872877560090278740e-02 8.653284191029075867e-01 5.101779257322749395e-01 9.714207587089285223e-01 7.544634620786730972e-01 1.618899683982257809e-01 9.782091504985472585e-02 5.083786472892806163e-01 8.614113313099289737e-01 2.679388875091015532e-01 2.072390011326689097e-01 9.265875924206051772e-01 7.823679907658038779e-01 3.982009472825043250e-01 1.673217999264210998e-01 9.867401361317509334e-01 6.952082185244291557e-01 1.880341626258696663e-01 5.942563621059696599e-01 5.696286996053845364e-01 6.617476681906518943e-01 5.240573447526793993e-01 3.039831808173886277e-02 6.283174260201278560e-01 8.651321221814183282e-01 8.163472485540137491e-01 7.153570007378906581e-01 9.303968070945785040e-01 7.310350721521610695e-02 4.641959863672019959e-01 7.757245831001920999e-01 5.120000000000000000e+02 -2.412666666666666515e+01
4.764503527984788600e-01 9.434625684076954899e-01 9.510567757770663766e-01 8.844578570197746403e-01 6.126021285304638075e-01 1.916381728693959952e-01 2.499167786318880480e-01 4.156577309560869904e-01 2.831685774052919435e-01 4.440165501352817401e-01 1.405470425991337934e-03 3.412915467332881536e-01 1.412184016351026583e-01 1.927290415515472977e-01 5.142436297848173021e-01 1.340750370422004178e-01 3.599476987385586968e-01 5.342156652031638808e-01 4.798248956649088237e-01 8.497281605670334304e-02 3.421430159577896202e-01 4.026114737921336617e-02 5.408771832531377166e-01 1.568282877060238889e-01 7.223675896523726880e-01 1.873145900980404677e-01 9.431522033800144866e-01 5.039273549098505223e-01 7.204968374209314019e-01 3.923281327188873346e-01 7.731374731434627057e-01 2.842585016229235984e-01 5.120000000000000000e+02 -2.298666666666666814e+01
1.426222035981760672e-01 9.107293232955424589e-01 8.575162235967076496e-02 1.420913427527480122e-01 4.084803527691068803e-01 2.146784028498989472e-02 5.872077383095184455e-01 2.407953273527357607e-01 3.957333458492031664e-01 7.375699114425514624e-01 4.588824055956782222e-01 9.761929492998767666e-01 1.840380727689879814e-01 5.919749100153690741e-02 7.869390922084354423e-02 8.706526442451748560e-01 8.496897922317011576e-01 9.371174017201279183e-01 5.012703536480948019e-01 6.648703629328114317e-01 4.445124258623669444e-01 8.272181602681668577e-01 2.425817592395371203e-01 6.731297749681988130e-01 4.577664489410222803e-02 2.369853330121043655e-01 2.519708584930979711e-01 6.452530787344635810e-01 6.432971911549746347e-01 8.849664156338398202e-01 3.553868716777011660e-01 5.740023974028722886e-01 5.120000000000000000e+02 -2.350333333333333030e+01
7.117445925068711654e-01 7.149799319906910977e-01 6.260389977439805298e-01 9.058725571253682940e-01 5.707586153596052592e-01 6.484032665740800949e-01 4.147940200372667863e-01 6.003708090118342611e-01 6.612586554982764486e-01 4.062959552844211952e-01 1.171564640087661147e-01 6.188608050814712325e-01 3.538111109283441635e-01 4.775801416112860354e-01 2.988370410780637476e-01 2.155483107435836043e-01 6.686816511856124023e-01 9.965090809786660841e-01 6.491606659503577070e-01 8.090583029287906625e-01 5.019131553246904132e-02 9.912688572000777354e-01 9.183224254166925116e-01 9.702240401605439768e-01 2.269755248598592789e-01 8.497518616628524368e-01 9.225486635475894648e-01 2.973816788069763573e-01 5.891145832907237478e-01 6.353312823807475418e-01 5.643203467248755212e-01 2.984884254241708668e-01 5.120000000000000000e+02 -2.407000000000000384e+01
9.770489158995802059e-01 8.940976327494291054e-01 8.302307100645134330e-01 6.033580370372655377e-01 1.552839872778448982e-01 5.323796114399413915e-01 2.885496731632908873e-01 1.676254457099307649e-01 1.523954496584773999e-01 6.732805487773806385e-01 8.361741393347881246e-01 8.595457367141427774e-02 8.628097404122830882e-01 8.655729450573447503e-02 5.436530958484501325e-02 5.392329768179170424e-01 9.693684029101568012e-01 6.555320560837513133e-01 6.480774469431971330e-01 2.816466113710127880e-02 3.750015739436312057e-01 6.871889250059226573e-01 7.859821388458447800e-01 5.103240164121516376e-01 2.392560901474725388e-01 7.235406693152115487e-01 3.324457829373105022e-02 1.060052670255479286e-02 1.079364957860068502e-01 1.311635402501095393e-01 1.620340839570994507e-01 4.908909884112294675e-01 5.120000000000000000e+02 -2.392666666666666586e+01
3.837932107409603999e-01 6.119278119345711309e-01 7.239702591572738655e-01 9.146525176009558944e-01 3.219124712878402295e-01 4.806717823642708137e-02 5.715194209005685089e-01 6.452221310819968858e-01 9.158383587021239336e-01 1.144077582024434769e-01 3.512818897725495382e-01 8.348588263943360621e-01 9.579236282644157940e-01 4.394150637589990804e-01 4.783566160685974178e-01 2.590493746612161918e-01 6.216841439222273724e-01 3.828297171423311052e-01 2.215915744585487401e-01 8.717210232599112985e-01 1.037794630038823690e-01 6.286117407733864404e-01 6.729947799184347046e-01 6.903107287334628861e-01 5.680794590065744165e-01 3.232757149664905461e-02 5.488430509012334202e-01 2.778401755211324931e-01 8.055966039001574153e-01 7.765122365678134297e-01 2.855164506907566513e-01 3.461441302545235077e-01 5.120000000000000000e+02 -2.381666666666666288e+01
5.142135713917879158e-01 9.770104640388650452e-01 1.670243871289153192e-01 5.952987943667192861e-01 7.964628142909122577e-01 1.531906825031855990e-01 7.460529775068489577e-01 9.481684913392105507e-01 1.870201404365442466e-01 2.991864031091354126e-01 9.123961670985805128e-01 3.797803998196378483e-01 2.995677632054147832e-01 5.700135025472022887e-01 5.724688850986507302e-03 1.452444319175493770e-01 7.882317441982142903e-01 1.794464054228040450e-01 9.241493495226799082e-01 9.994490463771545929e-01 4.148217225649831197e-01 6.484331536489440495e-01 9.390271921779380637e-01 8.530397482573065515e-01 9.657504682113330352e-01 6.543399555486469898e-01 2.131410762511257717e-01 9.476316292083297732e-01 8.453633327891511007e-01 9.124815977977784875e-01 2.095268241078662719e-01 9.136710016916439747e-02 5.120000000000000000e+02 -2.406666666666666643e+01
3.649443698758988996e-01 6.742043151886965013e-01 3.404224477438220209e-01 2.477492572910472424e-01 2.049104399421507461e-01 3.069885145215719424e-01 8.466076651821133892e-01 5.672200276021431842e-01 6.377452508144583476e-02 5.731763578380419943e-01 6.218743773052571450e-02 6.557175082269351973e-01 9.774302336709114192e-01 9.753513975154975979e-01 4.567288424712964007e-02 8.130992092749524114e-02 7.493089750192242215e-01 2.810087146382263257e-03 7.996612184136369095e-01 2.380631507163388783e-01 2.930978853182891752e-01 4.570834110861907162e-01 5.639897147865080562e-01 5.411751724952723608e-01 1.074801477029335289e-01 4.479574492341997088e-02 7.865998854174426347e-01 3.173674127395060829e-01 9.690907182598853531e-01 2.541980178032742788e-01 2.358378505953686588e-01 7.702038282574875661e-01 5.120000000000000000e+02 -2.253666666666667240e+01
8.571298068153134775e-01 8.180239372560502709e-01 3.026510040765870158e-01 2.847456015807514618e-01 7.632322080600985048e-01 1.106262682221928195e-01 4.284616429193034426e-01 9.289509409446305988e-01 8.288980075593638253e-01 3.207367226951490236e-01 7.655425375603560623e-01 7.151647518321699870e-01 1.792654339817563447e-02 7.307559132735514940e-01 9.006930459704124425e-01 5.918194297773385903e-01 4.448956950970360813e-01 8.768977138034098617e-01 6.302778774947175311e-01 6.345170804497333172e-01 9.482162281705919238e-01 9.588641541002333735e-02 3.822391529938151677e-01 2.199219436136300998e-01 5.417861041405879208e-01 7.189857065948934700e-01 1.420649524870394309e-01 2.055534216579595341e-01 8.651475387009047724e-01 8.279461073056290088e-01 4.094335501313317582e-01 4.679153694355684401e-01 5.120000000000000000e+02 -2.519666666666666899e+01
6.963538405222606809e-01 5.117881812978071487e-02 3.730969464825299453e-01 7.396338046720719595e-01 7.207610170492794177e-01 6.768541738812886566e-01 9.846819739197474330e-01 4.407886414489996518e-01 7.732333892713098011e-01 2.821697361030753859e-01 2.893132823570122580e-01 4.812862663995464141e-01 6.568783825658701669e-01 9.582797285768708262e-01 9.831301082128168778e-01 3.499689373222513722e-01 6.506026181803753472e-02 4.213292579820231420e-01 1.222474330011736887e-01 1.369255564988660356e-01 1.800653636061397556e-01 5.563225597982903725e-01 7.157271668639443307e-01 7.605623618508902672e-02 8.201745871123128362e-02 8.393210116277776134e-01 6.032027328536609251e-02 1.069005559088493096e-01 4.746914772657855330e-01 6.721319182769343037e-01 5.580442839746075911e-01 6.220823340639876076e-01 5.120000000000000000e+02 -2.437333333333333485e+01
3.255562885427667474e-01 4.154615020174291518e-01 5.957076520969161182e-01 4.674654221402828602e-01 5.238913940186945561e-01 6.662671997724483042e-01 1.408044393770706559e-01 8.421569842386836813e-01 4.711590027408616987e-01 1.666701158186531251e-01 7.065561927880514848e-01 7.313323801513430533e-01 9.403011103883729405e-01 7.411117999791735356e-01 8.441327705303247608e-01 2.697034556951178330e-01 4.092371080498345970e-01 3.262235778753037191e-02 7.100989585813719529e-01 1.518245908925990872e-01 4.303321258295966234e-01 7.853371275069168655e-01 2.680141958163050411e-02 2.766724818941277975e-01 9.602918822858904635e-01 4.086509894079771721e-01 1.911319731661690335e-01 2.578966430275638211e-01 8.359466213542094959e-01 8.570842347580684972e-01 2.251114282908140141e-01 1.143004675059749592e-01 5.120000000000000000e+02 -2.426999999999999957e+01
2.898169631252180412e-01 4.557299707576763503e-01 1.877094245903198622e-01 6.564236891717676325e-01 2.127824380849057673e-01 8.674712166928008061e-01 3.516020656518508702e-01 1.574576248882203489e-01 9.565478408325470694e-01 9.757131382873546199e-01 1.254485035278584126e-01 8.789468338299470940e-01 9.703641767638704341e-02 9.052744471140181659e-01 4.100811441571897698e-01 4.719766887188499016e-01 8.061740471702908417e-01 1.598780476097463321e-01 7.769206407844293505e-01 6.798688981950661292e-01 2.001083663616723685e-01 9.114287617059931845e-01 9.053559167874420943e-01 6.385383812205540632e-01 7.772790491510008781e-01 2.177024058544693164e-01 3.132157216926413912e-01 6.678927106531776792e-01 9.120932972046870424e-02 7.513477618625128418e-01 7.501939079077114547e-01 4.927720367351126063e-01 5.120000000000000000e+02 -2.419333333333333158e+01
2.433128654822614700e-01 1.613572959859432276e-01 7.385003418018025734e-01 3.757697318122791841e-01 2.813799751443606390e-01 4.186762791465121758e-01 2.443775298843667981e-02 3.122466845906058941e-01 5.157554920191022019e-01 2.658431714223401521e-01 9.995851130677085861e-01 4.418222714678428642e-01 4.466435517965173241e-01 6.760108410132015244e-01 1.570655775813974420e-01 1.872295043900369105e-01 5.302494792408581903e-01 7.699424837543551448e-01 9.993369430425915745e-01 3.668919420497809836e-01 2.372527699417436298e-01 5.329509538474809238e-01 6.480376006911093834e-01 9.867559081502325080e-01 8.287583468722762303e-01 3.310557269355941523e-01 3.882239914223497568e-01 5.523495750000572135e-01 7.189648413458219478e-01 8.174730243735159885e-01 9.366330592468573302e-02 5.346839207404562311e-01 5.120000000000000000e+02 -2.444666666666666899e+01
8.831449564362949811e-01 3.499899260358423914e-01 2.832159168948946704e-01 9.345159981836469454e-01 5.693625210524327906e-02 4.411694126899896595e-01 5.196027193407375400e-01 4.652622554495141061e-01 3.507599425483762801e-01 8.390450688605952667e-01 3.747653830389699459e-01 6.916943067838383641e-01 5.202471674109403477e-01 6.064952714159822511e-01 2.672132078377382203e-01 5.483970834290244900e-01 6.573851904572214355e-01 7.262660157683291651e-01 3.350703008479593015e-01 5.083311158775560834e-01 5.726820428074429203e-02 3.188781629054713851e-01 6.854903583359930330e-01 9.895586621195470722e-02 2.907602274202523152e-01 6.733157110590466399e-01 7.989008863621765988e-01 3.597138748507809625e-02 2.585914724858157654e-01 3.154587174877666045e-01 3.392333683790855203e-01 8.432089246874369115e-01 5.120000000000000000e+02 -2.445666666666666700e+01
8.793892795290891851e-02 6.660692807521562120e-01 1.401642583449635437e-01 2.390041117522518077e-01 6.572252248919113748e-01 1.338165372513434037e-01 2.274701337743870733e-01 4.794280197319517600e-01 9.800568229436204537e-02 1.286151810707845400e-01 5.183502124052510179e-02 5.675265506986935105e-01 7.422270561835965230e-01 1.982990352446671600e-02 2.827847125126898842e-01 2.074762961517231108e-01 2.749155668272916242e-01 3.879502587720543572e-01 1.295404812495946079e-01 8.577686050223096714e-01 7.994201299946059880e-01 6.719852342825071156e-01 1.672977511021868369e-01 9.331088666752345162e-01 2.550042852721407516e-01 4.964231455797962766e-01 1.094519677632152937e-01 3.440235219016247181e-01 5.218200890967273908e-01 4.501509775314359585e-01 7.116230049637336519e-01 9.824912874597524493e-01 5.120000000000000000e+02 -2.305000000000000071e+01
4.860923737723970087e-03 3.711873059278132381e-01 1.560699652274759874e-01 5.443488429947286322e-01 3.484424973443274176e-01 9.450115103360626767e-01 4.822517784556946685e-01 9.381946430434502382e-01 1.735364431222491122e-01 2.152442226594092622e-01 6.043929004755010936e-01 2.221356708224664356e-01 3.707371095280264650e-01 3.548509894680801358e-01 3.170932298222906009e-01 6.684412791084336225e-02 3.699531894627944850e-01 8.521155980605739089e-01 8.725883768529506535e-01 8.044082060734314421e-01 7.710864027989234870e-01 3.367316858016956016e-01 8.440200518569174193e-01 1.858182863473492596e-01 3.703920684406904473e-01 5.151608503314911713e-01 6.373848040491786326e-01 6.591411418060552085e-01 9.865030669237601080e-01 3.293455129886693755e-01 9.188532535015514480e-01 3.498149142599676215e-02 5.120000000000000000e+02 -2.369999999999999929e+01
1.866131312660327390e-01 1.022746525159715647e-01 8.963167492831899397e-01 4.936533570851387442e-01 9.908765875371191578e-01 4.992772895540517619e-01 8.246064861170663285e-01 8.946380128494464401e-01 6.941074119135320908e-01 6.509910461311870788e-01 2.122929041369267800e-01 1.355976561626370258e-01 2.330682584036159188e-01 2.869820777680843205e-01 3.404233566168281544e-01 6.413461399691304798e-01 3.112919061296924930e-02 4.084835295569987923e-01 6.923451720566475842e-01 1.721540252863323905e-02 6.023119857726739745e-01 6.109104015303429280e-01 6.248496422884830537e-01 5.059284602741381809e-01 9.120273983720098010e-02 2.934916834509036510e-01 4.160756245747820881e-01 2.428873237667177887e-01 9.564982005641764484e-01 5.052594219825211619e-01 5.885316614504444710e-02 9.743342477373380106e-01 5.120000000000000000e+02 -2.367999999999999616e+01
4.986548659511319537e-01 4.216461830256109100e-01 4.088538398802553653e-01 9.727167791802768804e-01 2.310870681925284442e-01 6.875863251920905084e-02 3.283128587575515622e-01 5.795016361814631090e-01 6.444243279576368222e-01 9.945472823030792053e-01 1.553824788319124461e-01 5.585556967426154040e-01 7.349066726253024040e-01 9.846706548755956856e-01 7.611064053323471912e-01 8.777732159247764177e-01 2.387483436651942348e-01 2.470978721097575326e-01 9.534555174963803975e-03 5.223528974384910040e-01 7.059062362661756573e-01 1.482773013697995246e-01 8.253265304252366263e-01 4.478521032970622096e-01 9.976949421034055909e-01 9.108601041812185439e-01 3.839383211839048626e-01 9.187791214124977346e-01 6.015854450088624628e-01 3.690972469991455479e-02 1.111148067478391205e-01 4.116329735590699146e-01 5.120000000000000000e+02 -2.356666666666666643e+01
9.328207206798069251e-01 3.983632143999884523e-01 7.598337586253975928e-01 4.548424504188546269e-01 1.328908035371182961e-01 3.895820694680035556e-01 8.064923593948807312e-01 6.879615323344836497e-01 2.325102614186061734e-01 8.431435720779033582e-01 7.209390272246655185e-01 1.039982488455781090e-01 4.374869510855326077e-02 8.561499874315098291e-01 6.342289059635138893e-01 3.513410659292451332e-01 5.029857863438711441e-01 7.834827704711265772e-01 5.834813881078568798e-01 6.425982367115046223e-02 2.799609224801076213e-01 6.794439825605698424e-02 1.481525593593761847e-01 7.658987738626810149e-01 1.008091318033584906e-02 7.739285674091903600e-01 3.323101729339706933e-01 5.753945391763897188e-01 1.798859481807259797e-01 4.605622186297387288e-01 2.515924069115623718e-01 5.496115840834083777e-01 5.120000000000000000e+02 -2.474666666666666970e+01
7.516064527458933275e-01 1.411763174098311924e-01 7.945187456630409262e-01 4.202880617089155835e-01 8.775013085342950880e-01 4.658361333209062316e-01 8.843473181128210792e-01 9.941961615479447678e-01 9.103904605921778748e-01 3.475800787208325193e-01 9.726069705110229613e-01 2.315847139941597244e-02 6.004707157735700296e-01 7.994970179794962384e-01 2.166072552878190241e-02 4.492691013475905160e-01 7.338598123592557920e-01 9.046654864132189777e-01 3.185786383847898917e-01 7.320358013281724752e-01 1.572761997792111455e-01 4.265513707995666204e-01 1.932466409448490297e-01 2.285552135135726637e-01 7.030969257609448464e-01 3.855947377961302380e-01 7.171942513673800201e-01 4.787629735213410620e-01 3.586893950787486962e-02 8.014427459639166251e-01 3.108366316556621101e-02 6.936910426007067976e-01 5.120000000000000000e+02 -2.418000000000000327e+01
8.961220308683212066e-01 2.302044814003543494e-01 7.808580961081638128e-01 3.452658675278143519e-01 5.340354991190082723e-01 8.159658425040658969e-01 1.976802800408440364e-01 4.531879003368753656e-02 2.163485724634383045e-01 1.627950606945870182e-02 4.372177807660037607e-01 3.917441423346899043e-01 7.003282401577265448e-01 3.813830214567753285e-01 6.681492841406392325e-01 9.218565758725216774e-02 3.200481827097864107e-01 8.922219307515777409e-01 4.624052310205601923e-01 2.712840521471709954e-01 9.982514824479792326e-01 3.031757514111845797e-01 2.473168577249583722e-01 9.613435743355365215e-01 6.124147282660637875e-02 1.587896386621512057e-01 4.531838119960899802e-01 3.922546243906592789e-01 2.817950378964546587e-01 1.154971058863612510e-01 8.421474737590822768e-01 5.397245467347077524e-02 5.120000000000000000e+02 -2.445999999999999730e+01
6.078625759861870648e-02 7.525096239911059914e-01 4.710874095423872587e-01 7.570220938308950265e-01 6.955947414423530040e-01 9.811214834302308674e-01 7.579505525594691928e-01 2.975873109820783013e-01 4.365819871494521776e-01 2.005462776167296901e-01 6.918115045636455962e-01 3.553189565219497803e-01 5.315024174860715211e-01 9.408839212156788756e-01 5.763535709672236163e-01 9.337941410122859720e-01 7.029854590836819295e-01 5.801488079550197741e-01 8.412076391938052566e-01 3.382745895594168606e-01 8.356603795532866474e-01 6.116062873872866665e-03 2.994966049694606780e-01 7.276712963176517057e-01 8.964834511484387480e-01 6.890929266856967716e-01 4.262445338495414737e-01 6.025229760086594499e-01 2.646316293661457597e-01 5.437583147952340656e-01 3.777026200441148118e-01 6.548104011532988045e-01 5.120000000000000000e+02 -2.462333333333333485e+01
6.635033417392857125e-01 9.638367405288954526e-01 4.418349306435170321e-01 2.647759689802522409e-01 5.929768067801586273e-01 6.875596648435533531e-01 1.780952614957660440e-01 8.689225833502585150e-01 3.234826217056174236e-01 6.302733303634114881e-01 3.989493537942201962e-01 2.984278239319030357e-01 6.472198513668105113e-02 1.201745486392082896e-01 1.197586846189480220e-01 7.882837231714321380e-01 1.453688492578810443e-01 6.916045618257669891e-02 5.344497158953691596e-01 7.618598749186834551e-01 1.116414913009862453e-01 9.686923642450271377e-01 2.242888866497967648e-01 7.486684013412454597e-01 8.651975984312857415e-01 3.930668508301938813e-01 4.719590170061112311e-02 3.840214684195071837e-01 5.440664453584046489e-01 1.552796391867468651e-01 8.912360898334583670e-01 2.176251622625682836e-01 5.120000000000000000e+02 -2.351333333333333542e+01
8.063208885134721948e-02 4.971502973814208026e-01 4.215728032098448042e-01 1.386310303890944395e-01 8.670503246085368154e-01 3.734754833795856377e-01 3.913515708748063759e-01 9.766797557663559060e-01 1.392570146995458502e-01 3.218142810038481655e-02 3.206465831697592472e-01 1.460800165668361683e-01 1.083837275990751081e-01 3.127886501755662296e-01 1.826720786003950270e-01 3.898226499710341075e-01 5.155384270936835822e-01 6.191985525843087812e-01 4.032196434214127545e-01 5.583387942119072411e-01 1.605010790662416420e-01 7.572346263130251831e-01 6.044295300682361177e-02 6.618745129942774641e-01 6.678479437755630022e-01 6.094510145435484867e-03 2.929482434297310811e-01 4.588923173672698197e-01 1.702602143496800557e-01 5.242273377946412571e-01 8.655717350928855414e-01 2.341245546421346913e-01 5.120000000000000000e+02 -2.373000000000000043e+01
4.251633582136700173e-01 5.471223195990178034e-01 5.964071435261403958e-02 9.978816681563322799e-01 8.431126422597166048e-01 6.071379659250832894e-01 8.599416196232185783e-01 7.120925902062232860e-01 7.153025866341174988e-01 3.683431541153699973e-01 5.091122149361664295e-01 5.386573217225846255e-01 6.316779904088828390e-01 1.749924282503850514e-01 8.013119992312076612e-01 3.215646470664447198e-01 5.518296281929691016e-01 4.990494778030216821e-02 2.758265959086782584e-02 3.792281827531998606e-01 3.325784435805860251e-01 8.154674788106470729e-01 8.065101439125029748e-01 6.294761495262527484e-01 3.267193848962834934e-01 2.065869916309487631e-01 9.680288692278150586e-01 4.341470587616515497e-01 5.616048316569866028e-01 9.847909782406653045e-01 4.848648908173932015e-01 7.897388730935053225e-01 5.120000000000000000e+02 -2.270666666666666700e+01
7.596499674414962655e-01 2.805344037415220537e-01 4.943260695950239536e-01 7.925761208773076660e-01 4.758776273572034032e-01 4.747770633085953706e-01 9.780268444679425244e-01 3.654520721828033447e-01 1.170197845392171726e-01 9.627520254048221870e-02 6.690660411572462163e-01 8.051548701475279568e-01 6.677278712863640164e-01 2.248732618211103929e-01 4.957690101910557368e-01 2.807433552267606380e-01 1.883716056206889309e-03 9.476435325708889579e-01 1.659196973842835543e-01 4.829540568517798338e-01 5.272631038496843336e-01 8.808085963830973864e-01 1.350746608836233820e-01 8.711068600380428295e-01 4.245314718979091295e-01 4.609874193646236740e-01 7.713037202028946160e-01 3.010919278652083309e-01 1.310738539059986829e-01 9.804324893087488224e-01 7.676297167267954746e-01 9.075683847663520432e-01 5.120000000000000000e+02 -2.366666666666666785e+01
9.183229704906008539e-01 7.727186595364037291e-01 8.179792738972126998e-01 8.545304724706368482e-01 5.597576013884146828e-01 9.529929176611913189e-01 6.058829377173595432e-02 8.042472632140685862e-01 8.690199334372787632e-02 8.208962205907373022e-01 7.408792754915602963e-01 2.857439904754530691e-01 7.959128474803813802e-01 9.994241121590451138e-02 8.157691148620368482e-01 8.141990358839279462e-01 4.628403437263973741e-01 1.508187988013335867e-01 5.251558543647680821e-01 4.640064976496234839e-01 6.270062786546801714e-01 3.688930115020512268e-01 7.374581210174155355e-02 9.278451294506890878e-01 1.944842395788733969e-01 4.349665325065959487e-01 7.706733343757454779e-02 5.147408614841522123e-01 5.026469662378942882e-01 9.104947093952305837e-01 9.750530572823769004e-01 3.309530925948303004e-01 5.120000000000000000e+02 -2.354666666666666686e+01
3.144650162694963558e-01 8.418219335075720344e-02 2.606406219227276888e-01 3.645659846487200317e-01 3.536439956789932948e-01 8.391076892428716016e-01 5.045387879412417398e-01 4.213407522346939160e-01 4.761885573276997130e-01 6.105781610769737133e-01 1.867817405336510417e-01 6.060727190711906465e-01 4.110832304929319947e-01 5.470270954327235424e-01 7.834061091657259501e-01 7.610525542944810429e-01 1.605604854386858682e-01 9.233884731440219484e-01 8.870091613516152274e-01 3.121338142729187526e-01 8.748306940127319464e-01 8.730214087950955992e-01 9.533644235137108680e-01 9.078749030852608648e-01 5.146085893920703258e-01 3.647263495397309319e-01 8.280757748194433887e-01 7.599075277471283030e-02 4.408032669660422176e-01 5.840238134650489465e-01 3.869691349031748606e-01 1.435303427110387053e-01 5.120000000000000000e+02 -2.398666666666666814e+01
5.909836149829276186e-01 3.618177060220495456e-01 3.198291847607871441e-01 4.822509905285146670e-01 4.566450321675464830e-01 9.226418013348922642e-01 9.073418300015427818e-01 3.379557872451071643e-01 5.992389778499368491e-01 7.876310029565646298e-01 5.056080335367977296e-01 8.560607020833607139e-01 8.261758047964515295e-02 7.596990452504585045e-01 7.073082336913797397e-01 9.608630575330222579e-01 8.118481415966382064e-01 4.738626388231341746e-01 9.433514719803121062e-01 1.951469102429681246e-01 7.863996500856570426e-01 1.075427592607564597e-01 8.797377044749834507e-01 4.756383108817752725e-01 4.670876193959904166e-01 9.812130155055717173e-01 8.301832066625299336e-03 9.318560245868279246e-01 3.092898456762034898e-01 3.497724979566645964e-01 4.965455208103157492e-02 3.707413933805610018e-01 5.120000000000000000e+02 -2.466333333333333755e+01
3.910851199314018811e-01 9.936428898178026881e-01 1.170370898056991293e-01 7.001969954744824420e-01 8.156463078232940866e-02 8.321974005742702185e-02 6.910646259381834078e-01 6.820413259166936415e-01 3.776346852080128547e-01 6.949286831253879138e-01 2.621905186458337034e-02 2.799992064491237387e-01 7.599103663265459607e-01 1.992782779973097662e-01 2.602410516684935948e-01 7.309905422133948782e-01 8.812687072917722020e-01 2.704704984548635394e-01 2.461483652851317039e-01 6.251683495580889760e-01 5.904155054203580333e-01 9.187695911121003256e-01 6.518794441371543735e-01 4.663946374583100574e-01 7.476502542740357526e-01 6.400229721075951783e-01 2.294180973279871527e-01 5.957977024610289218e-01 8.988549137392313204e-01 1.126800205594691816e-02 8.645789529844306875e-02 1.738497013200680508e-01 5.120000000000000000e+02 -2.247666666666667012e+01
6.444606114147723996e-01 8.252276231479276358e-01 9.317562006927690987e-01 8.165031048724490370e-01 1.922405642856993557e-01 5.660866119709030420e-01 4.662733299308450263e-01 5.948801731302798962e-02 3.015187036541535082e-01 4.019314253876717369e-01 2.441967302956957742e-01 4.677431112921191514e-01 7.749897018790491421e-01 4.946037295215932605e-01 9.655389738014822365e-01 9.084229969086196066e-01 6.329948479684626150e-01 8.118869735238135599e-01 3.767587741130327128e-01 6.851253297567183598e-01 4.961704109771364890e-01 2.004570868721098353e-01 3.543056523783481571e-01 3.639298092036022947e-01 9.349536396061511878e-01 8.780692237159583302e-02 6.041980558260755529e-01 5.386563677680620277e-01 2.342800518404263566e-01 7.216307051158203922e-01 9.845926005047220819e-01 9.491724382393209591e-01 5.120000000000000000e+02 -2.464333333333333087e+01
7.814303187906860293e-01 9.123134707315884162e-01 4.801399798270795105e-01 8.304488520320372213e-01 4.899496899165673575e-02 6.299674330952210743e-01 9.557396939177412731e-01 5.584329297899416344e-01 4.076835843296526818e-01 1.905312909503282803e-01 8.203703588430702465e-02 1.186903781047832923e-01 4.264259073883564510e-01 4.102232172175616642e-01 9.566805446445343364e-01 6.792367572873215797e-01 3.455481885242452922e-01 6.352719073327501853e-01 3.052724073635417756e-01 9.245928775784175713e-01 6.605636747324783453e-01 8.563395670543201277e-01 8.194162339392280225e-01 3.984461284721172447e-01 6.574753186914359393e-01 2.666015276687643265e-01 5.095811861990767744e-01 7.935020784388442383e-01 3.780604902388839950e-01 2.255750236547296728e-01 4.947395223794814889e-01 6.134378294744075033e-01 5.120000000000000000e+02 -2.312000000000000099e+01
9.996316778723961516e-01 2.220135170441421002e-01 9.185855743450327404e-01 1.118182405015782643e-01 9.545066100126888831e-01 9.957684054169134713e-01 5.310761929535841031e-01 3.298176369188105528e-01 5.871864727009384888e-01 4.237255803849134250e-01 3.102502060238651049e-01 1.683455569586083944e-01 3.434974320608892295e-01 2.478635234272044408e-01 2.430949037909375665e-01 1.208063185036090115e-01 9.591833817723676159e-01 7.081436645382716000e-01 7.555951328071331963e-01 2.925766907196110100e-01 2.662966279305159500e-02 5.183666535503653749e-01 6.051885282734184024e-01 5.751313088049839761e-01 3.133657085460457292e-01 7.483908196233328702e-01 5.061372031373921887e-01 8.707504805980058604e-01 5.357084230539607139e-01 6.262581103503344071e-01 6.136566513682538693e-01 1.375186306607627806e-01 5.120000000000000000e+02 -2.433666666666666245e+01
1.684790698198213033e-01 2.951779322290873364e-01 6.779006441363465418e-01 6.468619392854433325e-01 1.123383422165388501e-01 9.011937468961636055e-01 8.792768767035419319e-02 7.295725585579553307e-01 5.489717635077120406e-01 2.453347491654359058e-01 7.759381131292240052e-01 5.215485406010523795e-01 5.462522713686184250e-01 8.412782623647587776e-01 9.467259739470926805e-01 4.299973102264427194e-01 9.462176861065321187e-01 2.120211188045501016e-01 4.252368869106189497e-01 1.217702458450081737e-01 2.529338371240369421e-01 1.595293297014397371e-01 4.392972723302308036e-01 8.777452382728317959e-01 7.620974514171690029e-01 1.388011068668683345e-01 8.701743066367004786e-01 7.016402742541506532e-01 1.503343149595549877e-01 2.661762476849339754e-01 4.418004804802738161e-01 7.365949306845879230e-01 5.120000000000000000e+02 -2.419999999999999929e+01
5.677625972885947947e-01 7.353832164176413722e-01 5.988990433904094468e-01 1.582714267986808920e-01 3.131376524664316596e-01 2.833475363001349279e-01 4.344354559348295036e-03 7.526456138222545889e-01 2.694304925173847676e-01 4.886613911692826440e-01 4.867787862713617297e-01 9.836237515479444582e-01 7.037005799512002779e-01 5.109940149228301420e-01 3.717872853682275269e-01 4.830318996813230403e-01 7.571313604739302594e-01 5.010540522055532131e-01 5.486996051983915601e-01 2.464980063547696221e-01 8.524613144381729679e-01 4.443153125267043091e-01 5.469906070611763038e-01 6.081644329543355321e-01 5.474790876861740374e-01 6.178423097483787263e-01 9.178262355488657487e-02 1.870405172709423969e-01 9.237465332262767559e-01 6.886848190786296620e-01 6.887630203109217364e-01 7.499638171900662176e-01 5.120000000000000000e+02 -2.466333333333333044e+01
8.319846719651768918e-01 4.680017184523905249e-01 8.492600890457553398e-01 7.582752932829818493e-02 6.390215621299832893e-01 5.222803194440188701e-01 7.155147075476459007e-01 3.977983832151080756e-01 2.582193795244991930e-01 4.523485314831587195e-02 7.961593478615153208e-01 7.567786017015241118e-01 7.413629876896662627e-03 1.624100701629655266e-02 1.954613042902570430e-01 6.956294588012926772e-01 4.745237933628618232e-01 3.224526822343527499e-01 2.447908235422775469e-01 2.267236740502622805e-01 3.048201221931697291e-01 2.948409861449903802e-01 2.659376673546333114e-01 3.408644362775855585e-01 4.870538756795760871e-01 8.150774489132014411e-01 4.667860431355833062e-01 1.522930164647868234e-01 1.941850757592041843e-01 9.436389109777787443e-01 8.187311601441391584e-01 7.160963453148753155e-01 5.120000000000000000e+02 -2.485333333333333528e+01
3.339058420951572792e-01 8.692259903238231944e-01 5.705836757233948564e-01 7.246628179634858613e-01 8.850234258027610268e-02 3.420283160110568765e-01 6.376748342800485636e-01 1.230566942280022086e-01 7.238437915783949572e-01 9.479539328893965555e-01 5.584629054454868236e-01 4.128764899976202218e-01 4.032367873035138106e-01 2.667361669364349819e-01 4.472668949536806049e-01 6.314668871152125940e-01 9.130760233883454813e-01 4.482933524929355595e-01 9.406386862146833006e-02 8.950623908620548574e-01 7.676610516236494035e-03 7.036990984962069318e-01 9.837594848641051382e-01 3.258803431726211008e-01 8.851731420109862913e-01 8.014142537266276678e-01 7.341081617688298699e-01 3.547227537607257619e-01 2.122256970984313373e-01 4.765223673692907114e-01 1.410288506285675425e-01 8.837516503470774776e-01 5.120000000000000000e+02 -2.443333333333333357e+01
2.165645970845366530e-01 1.088432088665702568e-01 9.730902280033423279e-01 7.189641187041968529e-01 7.383324488723175261e-01 7.962324768027670974e-01 7.275396016446851188e-01 2.379008430727371989e-02 3.350015970045858854e-02 2.576705220224622117e-01 6.636209861914666996e-01 9.218150156505464654e-01 3.203499431005289999e-01 8.239086863117415227e-01 6.554180975243213414e-01 9.283011088691842660e-01 4.219520716445648856e-01 8.366042626727696607e-01 4.110168305246485465e-01 7.163766456329998533e-01 7.499291275313110239e-01 1.841045228316454674e-01 7.423771037628501546e-01 7.184178341687290636e-01 2.359664674881425950e-02 3.150101748001680191e-01 6.850166296952100442e-01 6.244197799178947683e-01 6.821285808355085356e-01 2.914479426887882085e-01 2.989876424504064323e-01 8.670289350650293159e-01 5.120000000000000000e+02 -2.362999999999999901e+01
6.204141686062184524e-01 6.382007416148541279e-02 6.656218353560152678e-01 1.012313196670965032e-01 9.076207591804618113e-01 8.583192223328499626e-01 6.562838398476265045e-01 1.039411286360363007e-02 9.923090234915661334e-01 7.985354186625954753e-01 5.935884247216365317e-01 9.505632413136571035e-01 2.136895296517271337e-01 6.967535570460402505e-01 7.477150337517078915e-01 2.380646887986067328e-01 7.556996667308109317e-02 3.001273924942105542e-01 3.602871209756898785e-01 3.241664926444013384e-01 8.839390180022119736e-01 7.485573275007744165e-01 1.903287548699323928e-01 3.697516212360945631e-01 4.955085685233222015e-01 6.084128238861535865e-01 5.796486891942328468e-01 9.655048353977258024e-01 3.353713419639069437e-01 1.605819759231549848e-01 4.267145113199674600e-01 8.035924569687452612e-02 5.120000000000000000e+02 -2.432333333333333414e+01
6.067486068336142013e-01 2.459695192785833207e-01 2.194953138025858008e-01 2.193224310759793183e-01 6.267228311571892974e-01 3.664350489272648614e-01 1.243296167884743592e-01 1.841607870836682592e-01 5.670351017581913844e-01 6.997020623250817251e-02 5.325502819344305472e-01 9.346499288600171873e-01 8.924976703824477609e-01 1.498854182650385669e-01 8.865087731831892137e-01 7.162537262295282092e-01 1.809849448511639536e-01 3.386554886304384282e-01 2.668171266588583168e-01 1.014882553734476889e-01 4.750350943283873084e-01 7.662701745010071230e-02 3.354661874227030660e-01 6.813156221691502035e-02 8.214017998136846632e-01 4.461921868943182212e-01 3.679200588725864418e-01 1.268144328675609167e-01 1.389956381022823366e-02 5.464449017069644698e-01 1.159826890235171604e-02 8.280022088475852415e-01 5.120000000000000000e+02 -2.426333333333333186e+01
8.733372113310479135e-01 6.894517518780330922e-01 7.009510801783871425e-01 2.928254520332750077e-02 1.055055853697513604e-02 2.305507922165258572e-01 2.347281885602474916e-01 3.852966972627305808e-01 8.155134741790490693e-01 9.397304752053300403e-01 4.540778130675264812e-01 7.845857663895493550e-01 8.534001779329453141e-01 4.322452694603474144e-01 5.929568075991108467e-01 9.878176581424703562e-01 2.270113433828012672e-01 9.801433529925206445e-01 1.944118599132164948e-01 8.893403123037485480e-01 3.914056699775736448e-01 9.328573728437115076e-01 3.208910006161367900e-01 1.709198507599249128e-01 1.293069551040319509e-01 8.847071714111387486e-01 8.957988122493047989e-01 8.416398426082259965e-01 7.821466399792628144e-01 5.975085514851269375e-01 9.392741751810492756e-01 6.317884302205222236e-01 5.120000000000000000e+02 -2.454000000000000270e+01
0.000000000000000000e+00 1.000000000000000000e+00 0.000000000000000000e+00 1.263411299081799131e-03 5.312479653244846917e-02 0.000000000000000000e+00 4.412071102154241278e-04 0.000000000000000000e+00 9.702376877640584985e-01 0.000000000000000000e+00 5.742521404783860195e-01 1.000000000000000000e+00 0.000000000000000000e+00 9.503055649243539182e-01 6.181505316753307944e-03 7.691526868661364702e-01 0.000000000000000000e+00 6.858260518201004796e-01 1.238687118614994753e-01 9.571618669746776442e-01 9.979903100228860735e-01 5.125401405039922698e-02 0.000000000000000000e+00 1.290086066152217785e-03 3.889730592681134858e-01 0.000000000000000000e+00 0.000000000000000000e+00 0.000000000000000000e+00 0.000000000000000000e+00 0.000000000000000000e+00 1.639348478279147869e-01 0.000000000000000000e+00 5.120000000000000000e+02 -2.340666666666666629e+01
2.656864720825185752e-02 0.000000000000000000e+00 0.000000000000000000e+00 1.671610829302354329e-02 0.000000000000000000e+00 4.987014356073455994e-04 0.000000000000000000e+00 1.000000000000000000e+00 9.667241199891504211e-01 4.098331340693608070e-03 0.000000000000000000e+00 9.785979771889226075e-01 0.000000000000000000e+00 9.127169568597568450e-01 1.000000000000000000e+00 3.243585773418079798e-02 1.554196583739516496e-02 8.618799560557558470e-01 0.000000000000000000e+00 1.510202212912582220e-01 7.779384024521075469e-01 0.000000000000000000e+00 0.000000000000000000e+00 0.000000000000000000e+00 0.000000000000000000e+00 2.012865603911357174e-02 0.000000000000000000e+00 0.000000000000000000e+00 7.420396367350416966e-01 0.000000000000000000e+00 3.287575174309406711e-02 0.000000000000000000e+00 5.120000000000000000e+02 -2.229666666666666686e+01
9.095162691003481070e-01 9.916879531355332622e-01 2.318931820370757901e-02 5.284533893921695459e-03 7.242162784580844503e-01 0.000000000000000000e+00 0.000000000000000000e+00 6.817426008009512817e-01 7.918408536617743687e-01 5.973931836975296950e-01 6.433630091982991406e-01 3.467099643735054720e-02 9.336197970168822954e-03 3.674755877122688752e-02 9.642972376942279267e-01 3.204730637876281318e-01 9.252057546754303141e-01 9.626995717078458414e-02 5.592495258033006178e-02 8.190805011084669740e-01 1.548338596146643133e-02 5.320866989883881182e-01 0.000000000000000000e+00 2.100855396527784302e-01 7.562641393190029648e-02 9.985829023326022735e-01 0.000000000000000000e+00 0.000000000000000000e+00 7.828806674091817186e-01 9.726668980705338585e-01 0.000000000000000000e+00 1.198684867682120042e-01 5.120000000000000000e+02 -2.309999999999999787e+01
8.556422622565528213e-01 0.000000000000000000e+00 5.746890135336785166e-01 1.351419443366776163e-02 7.175159829777838505e-02 0.000000000000000000e+00 0.000000000000000000e+00 1.000000000000000000e+00 1.101789482131260156e-01 0.000000000000000000e+00 0.000000000000000000e+00 0.000000000000000000e+00 0.000000000000000000e+00 0.000000000000000000e+00 9.995212209952142324e-01 0.000000000000000000e+00 0.000000000000000000e+00 0.000000000000000000e+00 7.792722325732044375e-01 0.000000000000000000e+00 1.000000000000000000e+00 0.000000000000000000e+00 1.921246313066680977e-02 3.954483276374982231e-02 0.000000000000000000e+00 1.383012063141272549e-02 0.000000000000000000e+00 0.000000000000000000e+00 0.000000000000000000e+00 8.041877916035550244e-01 0.000000000000000000e+00 0.000000000000000000e+00 5.120000000000000000e+02 -2.180000000000000071e+01
1.705252333742676152e-01 0.000000000000000000e+00 0.000000000000000000e+00 0.000000000000000000e+00 0.000000000000000000e+00 0.000000000000000000e+00 8.838731260012243629e-01 0.000000000000000000e+00 5.028601604820384097e-01 3.190635597237873565e-03 0.000000000000000000e+00 0.000000000000000000e+00 0.000000000000000000e+00 0.000000000000000000e+00 1.989131335030958903e-01 1.000000000000000000e+00 1.697690280143167585e-01 8.499922919231052143e-01 3.487393398350910334e-01 0.000000000000000000e+00 4.722288871191470117e-01 0.000000000000000000e+00 0.000000000000000000e+00 0.000000000000000000e+00 3.970216942996275811e-01 3.911865137401435710e-01 0.000000000000000000e+00 1.660760868770141119e-01 6.109864094659268607e-01 8.563633998908742884e-01 0.000000000000000000e+00 1.263003858177113858e-01 5.120000000000000000e+02 -2.253333333333333144e+01
9.967730437357600337e-01 2.579182757236017642e-01 0.000000000000000000e+00 7.552134550591629303e-01 3.594602695258846542e-02 0.000000000000000000e+00 2.750752001967353769e-03 1.771976339603676754e-03 9.602640753656086492e-01 1.886848375118062027e-01 4.684853393978227754e-01 9.931338087807020099e-01 0.000000000000000000e+00 0.000000000000000000e+00 1.458711869766357028e-01 0.000000000000000000e+00 4.174762209243521038e-01 5.902646368894827189e-01 8.756299733430812930e-06 8.940159001189573740e-01 0.000000000000000000e+00 0.000000000000000000e+00 0.000000000000000000e+00 0.000000000000000000e+00 1.000000000000000000e+00 0.000000000000000000e+00 0.000000000000000000e+00 0.000000000000000000e+00 8.755438108460840790e-06 3.038919884402330740e-01 2.163489500055821024e-01 0.000000000000000000e+00 5.120000000000000000e+02 -2.309666666666666757e+01
3.146139787143064082e-01 3.882798444245863425e-03 0.000000000000000000e+00 0.000000000000000000e+00 0.000000000000000000e+00 0.000000000000000000e+00 7.554540728455650944e-01 1.000000000000000000e+00 1.884897006917638645e-02 1.843040346049658607e-01 4.075596121248067916e-01 0.000000000000000000e+00 0.000000000000000000e+00 6.313302632216094556e-01 7.971656210149270505e-01 1.440292851190600742e-01 0.000000000000000000e+00 0.000000000000000000e+00 1.454107709292599693e-01 9.060073509040031392e-02 3.613227187751955581e-03 0.000000000000000000e+00 0.000000000000000000e+00 0.000000000000000000e+00 8.040628320485285752e-01 0.000000000000000000e+00 0.000000000000000000e+00 0.000000000000000000e+00 0.000000000000000000e+00 6.685116438422906704e-01 2.212609510484500053e-01 2.618066310149229081e-01 5.120000000000000000e+02 -2.321333333333333471e+01
9.846002394726772744e-01 4.686521616742218566e-01 0.000000000000000000e+00 8.698796152227568357e-02 1.813711246332089938e-02 0.000000000000000000e+00 1.589417161451620335e-04 8.690114599061502312e-03 1.923542965853222153e-01 0.000000000000000000e+00 5.383587198999160162e-01 7.971238691644189078e-01 0.000000000000000000e+00 7.527737522298616479e-01 6.992806877811448378e-03 0.000000000000000000e+00 0.000000000000000000e+00 1.261153298209208573e-01 1.000000000000000000e+00 0.000000000000000000e+00 0.000000000000000000e+00 0.000000000000000000e+00 1.349267284303087844e-01 0.000000000000000000e+00 8.340599004099137348e-01 5.067667124760514286e-01 2.738643730000039564e-02 0.000000000000000000e+00 5.635705423514530965e-02 5.448397620860182533e-01 0.000000000000000000e+00 0.000000000000000000e+00 5.120000000000000000e+02 -2.298999999999999844e+01
8.918727783269206899e-01 1.000000000000000000e+00 9.231636380129043529e-01 1.043831179157413552e-01 1.000000000000000000e+00 1.690924446569481432e-01 0.000000000000000000e+00 8.067942563726224758e-01 8.512011711174440054e-02 6.030456109826194677e-02 5.148899700026892123e-01 1.000000000000000000e+00 0.000000000000000000e+00 9.090197790517063892e-01 9.817914974815105111e-01 9.954398899916813148e-01 8.522148188215081799e-01 9.958887168549986901e-01 9.649878471097792509e-01 1.000000000000000000e+00 7.337987715255018806e-01 0.000000000000000000e+00 9.952798529838488006e-01 7.154567436534582381e-01 0.000000000000000000e+00 3.555676563466927398e-01 3.384563180763384477e-05 6.029602069851331542e-03 1.000000000000000000e+00 5.640847553324809631e-03 1.267606013751416405e-01 0.000000000000000000e+00 5.120000000000000000e+02 -2.432666666666666799e+01
1.152389897562009352e-01 1.284346057358066728e-01 3.546112665447779394e-02 0.000000000000000000e+00 9.128351409361910029e-01 0.000000000000000000e+00 1.751151341074221324e-01 3.668083407691457188e-05 7.457308531501360971e-01 9.071136375528330914e-04 1.166699734471147304e-02 1.657794309012658809e-04 0.000000000000000000e+00 0.000000000000000000e+00 2.713186115015345234e-01 2.601325836594002294e-01 8.738191905979654228e-01 1.624031737605175245e-03 1.677826541706590221e-04 0.000000000000000000e+00 8.797570399391401175e-01 1.385786690620210461e-02 3.840430242454750953e-02 0.000000000000000000e+00 0.000000000000000000e+00 1.958663949026185069e-01 8.578900907692471947e-04 0.000000000000000000e+00 3.635436423857664190e-01 5.154137766156360323e-01 4.968469991152839343e-05 7.946294347218406384e-02 5.120000000000000000e+02 -2.146666666666666856e+01
1.000000000000000000e+00 1.000000000000000000e+00 0.000000000000000000e+00 0.000000000000000000e+00 8.487397790749171556e-01 9.874258451919638815e-08 3.268016583844203238e-01 4.297695085244060964e-01 7.865753199813322327e-01 0.000000000000000000e+00 1.000000000000000000e+00 4.659539494928133796e-01 0.000000000000000000e+00 7.496630559992921716e-01 6.424760142446366284e-01 0.000000000000000000e+00 9.986836585394122112e-01 9.998913348716487182e-01 8.073327376050958293e-01 1.000000000000000000e+00 7.583469044094800493e-01 0.000000000000000000e+00 0.000000000000000000e+00 0.000000000000000000e+00 1.324997360804880953e-01 9.194493850992627726e-01 0.000000000000000000e+00 0.000000000000000000e+00 1.000000000000000000e+00 4.732065641075268447e-02 1.298497933373406743e-01 9.477536706456696214e-01 5.120000000000000000e+02 -2.305000000000000071e+01
2.059173165609750611e-01 5.870709992388616350e-01 0.000000000000000000e+00 7.831267659177189311e-02 1.888425574304661569e-01 0.000000000000000000e+00 0.000000000000000000e+00 9.960721506734567798e-01 0.000000000000000000e+00 2.192143233290776705e-01 0.000000000000000000e+00 8.900800437332946347e-01 0.000000000000000000e+00 0.000000000000000000e+00 1.662576810326851383e-05 0.000000000000000000e+00 4.241959046873803457e-03 1.028164791569592951e-01 0.000000000000000000e+00 0.000000000000000000e+00 2.862894682941924396e-01 0.000000000000000000e+00 1.354002495929438332e-01 0.000000000000000000e+00 0.000000000000000000e+00 4.564485673595229942e-01 0.000000000000000000e+00 1.516668475141315885e-02 1.000000000000000000e+00 0.000000000000000000e+00 0.000000000000000000e+00 6.754984600035782161e-02 5.120000000000000000e+02 -2.211666666666667069e+01
2.191719964424815870e-01 1.179788665507001955e-01 8.985333325971492716e-03 0.000000000000000000e+00 0.000000000000000000e+00 4.523347517024253056e-02 0.000000000000000000e+00 8.495618972626493154e-03 1.216988420627860557e-01 6.698193678498474968e-02 6.734781262008461278e-01 0.000000000000000000e+00 0.000000000000000000e+00 7.408598542826444477e-01 0.000000000000000000e+00 5.906260291345332147e-01 7.612017003259967385e-02 1.000000000000000000e+00 0.000000000000000000e+00 0.000000000000000000e+00 0.000000000000000000e+00 0.000000000000000000e+00 0.000000000000000000e+00 0.000000000000000000e+00 8.664111010828522488e-03 0.000000000000000000e+00 0.000000000000000000e+00 0.000000000000000000e+00 9.757825461540198253e-01 6.597372055301635452e-02 1.312436887336670098e-02 0.000000000000000000e+00 5.120000000000000000e+02 -2.337666666666666515e+01
6.124588137274880573e-05 0.000000000000000000e+00 0.000000000000000000e+00 1.117561184544166170e-01 5.981628750637458802e-01 0.000000000000000000e+00 0.000000000000000000e+00 6.467859261942957017e-02 9.649073892871894431e-01 7.780810925628151020e-02 2.637318851063910619e-01 9.990358298566159593e-06 0.000000000000000000e+00 9.522991243495767533e-01 3.884490635949420789e-01 5.553858675756383201e-02 0.000000000000000000e+00 6.884948664139192709e-02 1.090681091560194577e-01 2.839858425215710525e-01 4.374414260464231097e-01 0.000000000000000000e+00 0.000000000000000000e+00 0.000000000000000000e+00 0.000000000000000000e+00 8.031203138914486117e-02 0.000000000000000000e+00 0.000000000000000000e+00 0.000000000000000000e+00 2.917988934837245640e-01 1.202531377186810552e-01 7.720678154173337138e-01 5.120000000000000000e+02 -2.289000000000000057e+01
5.750767375509870938e-01 4.520713505292035528e-01 2.221698736458572326e-02 4.935887751598173612e-01 0.000000000000000000e+00 0.000000000000000000e+00 0.000000000000000000e+00 7.937332563158703280e-01 1.666055705594393296e-04 0.000000000000000000e+00 0.000000000000000000e+00 0.000000000000000000e+00 0.000000000000000000e+00 0.000000000000000000e+00 3.840910613956708963e-01 2.940722549242063069e-03 6.531550248038514583e-02 1.453145446666996854e-01 0.000000000000000000e+00 5.070546950992877999e-01 1.743858030896718314e-01 1.043978966988475114e-11 1.633759064726806043e-01 0.000000000000000000e+00 0.000000000000000000e+00 1.778730590102384768e-01 0.000000000000000000e+00 0.000000000000000000e+00 2.218179617289809114e-01 0.000000000000000000e+00 0.000000000000000000e+00 9.331840730984763965e-01 5.120000000000000000e+02 -2.123000000000000043e+01
3.265528364771685954e-01 4.354674346931289297e-01 0.000000000000000000e+00 0.000000000000000000e+00 1.000000000000000000e+00 1.978187950520951532e-01 0.000000000000000000e+00 9.733287651747991598e-01 2.170128688851859222e-01 5.720586481254705813e-01 0.000000000000000000e+00 0.000000000000000000e+00 9.833087168114667050e-07 0.000000000000000000e+00 7.559533179675724524e-02 3.667664104810564735e-02 0.000000000000000000e+00 9.949932351561180388e-01 0.000000000000000000e+00 3.135603465845825388e-01 5.620291615671302310e-01 4.115998624682154147e-03 2.037435472760095734e-01 0.000000000000000000e+00 1.023665351780249783e-01 1.212006881412247827e-01 0.000000000000000000e+00 1.386394931849514456e-01 2.422322446375186067e-01 0.000000000000000000e+00 2.437364525424514372e-01 4.536208572104143827e-02 5.120000000000000000e+02 -2.151666666666666927e+01
2.386616598628858166e-01 1.000000000000000000e+00 1.773930924636531138e-03 0.000000000000000000e+00 2.713526705093485814e-01 0.000000000000000000e+00 0.000000000000000000e+00 0.000000000000000000e+00 5.840197827022420851e-01 0.000000000000000000e+00 1.871238902712469584e-05 0.000000000000000000e+00 1.822626535282828385e-05 5.172115510922978320e-05 0.000000000000000000e+00 3.199440529545178967e-06 0.000000000000000000e+00 3.224863423135843621e-01 6.305538647597165591e-02 0.000000000000000000e+00 6.918774169168931764e-06 0.000000000000000000e+00 3.049490074271744497e-02 2.486455244909941131e-01 1.834111767146116845e-03 3.770428105954954368e-01 0.000000000000000000e+00 1.108357952384460970e-01 0.000000000000000000e+00 0.000000000000000000e+00 1.000000000000000000e+00 7.393849164902972504e-01 5.120000000000000000e+02 -2.203000000000000114e+01
0.000000000000000000e+00 3.059635682824924374e-01 0.000000000000000000e+00 0.000000000000000000e+00 4.333269378844519792e-01 0.000000000000000000e+00 4.018150209991643296e-01 1.592234703986240563e-01 0.000000000000000000e+00 0.000000000000000000e+00 4.329017192161698779e-01 6.802215443136488959e-01 0.000000000000000000e+00 2.046236748196173142e-06 1.134296918665716469e-01 9.676462944911959907e-01 7.117302391066532286e-01 7.039076414712145402e-01 3.681237279656770361e-02 7.796296764155014047e-02 1.526002410434647016e-01 0.000000000000000000e+00 6.194692603975318068e-01 8.231482856180577629e-06 0.000000000000000000e+00 5.460982898133339702e-01 0.000000000000000000e+00 0.000000000000000000e+00 1.305560172826429055e-01 1.041690591702855721e-05 1.361427635822834437e-01 4.244109366353924773e-01 5.120000000000000000e+02 -2.207000000000000384e+01
9.679931254064669810e-01 0.000000000000000000e+00 0.000000000000000000e+00 0.000000000000000000e+00 1.513119211671435926e-01 0.000000000000000000e+00 0.000000000000000000e+00 6.238935671156547319e-02 0.000000000000000000e+00 9.416427455480662345e-02 0.000000000000000000e+00 0.000000000000000000e+00 0.000000000000000000e+00 1.175065097467521864e-02 9.625353670455403243e-01 5.548347149183225913e-01 0.000000000000000000e+00 0.000000000000000000e+00 1.000000000000000000e+00 1.210593677002353569e-01 8.150159395198927625e-02 0.000000000000000000e+00 0.000000000000000000e+00 0.000000000000000000e+00 1.402229655097982364e-01 5.974641762463609451e-01 0.000000000000000000e+00 0.000000000000000000e+00 1.885167621779419989e-01 3.435741811540023866e-02 0.000000000000000000e+00 0.000000000000000000e+00 5.120000000000000000e+02 -2.166333333333333755e+01
3.444068813319931801e-04 4.308589917580064044e-01 1.575601254294426425e-06 3.552071807588283101e-03 6.924020144396597631e-02 0.000000000000000000e+00 0.000000000000000000e+00 6.412416619346332503e-02 0.000000000000000000e+00 5.800637402115886854e-01 1.421397092301568132e-01 0.000000000000000000e+00 0.000000000000000000e+00 4.594275013694034127e-01 8.802819413771165724e-01 4.724063562799974414e-01 1.068666353445070971e-04 8.469430323278765993e-01 3.843289890248910348e-03 7.348539763536851011e-01 4.823978151373911616e-02 8.279585680833006120e-06 3.592616096340252585e-01 4.709553794409425843e-07 1.818964247982854637e-05 3.534052946181890364e-01 0.000000000000000000e+00 8.345061191178897442e-01 4.748114100391191972e-01 9.998971685987272373e-01 6.202183741178721177e-02 2.921167101138257838e-01 5.120000000000000000e+02 -2.280666666666666131e+01
4.501815193816040006e-01 9.528904833518001549e-01 0.000000000000000000e+00 0.000000000000000000e+00 4.603662074063912257e-01 0.000000000000000000e+00 0.000000000000000000e+00 9.917897402671715934e-01 5.343170902523215471e-01 0.000000000000000000e+00 0.000000000000000000e+00 0.000000000000000000e+00 3.825792212705072474e-03 0.000000000000000000e+00 1.000000000000000000e+00 3.539120898415172856e-01 6.032936461564982616e-02 7.173199693606108207e-01 1.917029860440939149e-01 0.000000000000000000e+00 0.000000000000000000e+00 0.000000000000000000e+00 0.000000000000000000e+00 1.033362617244343457e-05 4.499674519251405935e-01 3.480026879075985291e-01 6.033197832016453654e-01 2.028726424656139837e-01 7.591076555216601380e-06 4.657249678256725200e-01 0.000000000000000000e+00 0.000000000000000000e+00 5.120000000000000000e+02 -2.213333333333333641e+01
1.647317939628217265e-01 5.616131775714945373e-01 2.545096732033352849e-01 2.569485868636899317e-01 1.590744333062466265e-01 5.862367825849359440e-04 5.353204246262165400e-01 0.000000000000000000e+00 2.881233007679222789e-04 3.212243276848794800e-03 2.778637474492003379e-01 2.312257984027870015e-05 8.101447161122825313e-02 1.988027790364917807e-02 9.762538138421528178e-01 9.760155523371989439e-01 3.987152188632204358e-03 0.000000000000000000e+00 0.000000000000000000e+00 7.151629691280795287e-01 6.487491636272654238e-01 1.405870471078073947e-01 1.591148602580513480e-02 2.628247174679899656e-01 0.000000000000000000e+00 7.754522391792666447e-01 0.000000000000000000e+00 4.822353502508926540e-04 2.623886498900064312e-01 0.000000000000000000e+00 1.675460030064883366e-02 5.885539607793575934e-02 5.120000000000000000e+02 -2.266333333333333755e+01
8.629237486614591557e-01 1.000000000000000000e+00 0.000000000000000000e+00 0.000000000000000000e+00 1.000000000000000000e+00 0.000000000000000000e+00 3.643239520393125042e-01 8.680942839560111812e-01 0.000000000000000000e+00 1.798068037397151653e-01 1.000000000000000000e+00 1.000000000000000000e+00 0.000000000000000000e+00 9.828279933305834604e-01 0.000000000000000000e+00 6.923870468870398087e-02 1.000000000000000000e+00 1.000000000000000000e+00 0.000000000000000000e+00 1.000000000000000000e+00 1.000000000000000000e+00 0.000000000000000000e+00 4.038610294350096219e-01 0.000000000000000000e+00 0.000000000000000000e+00 6.785376310465623950e-01 1.000000000000000000e+00 0.000000000000000000e+00 8.087828974897589562e-01 1.000000000000000000e+00 8.895796346274732480e-01 4.778766358446312479e-01 5.120000000000000000e+02 -2.300333333333333385e+01
5.227159533060902162e-03 0.000000000000000000e+00 0.000000000000000000e+00 0.000000000000000000e+00 1.000000000000000000e+00 9.383612684176408925e-01 0.000000000000000000e+00 9.632868439930533100e-01 6.175373813769428066e-01 0.000000000000000000e+00 8.062198052528495307e-01 4.174637479504926807e-01 0.000000000000000000e+00 3.596730202019745581e-01 2.962851594871184768e-01 0.000000000000000000e+00 1.168640340961990404e-01 1.000000000000000000e+00 2.309304926557420867e-01 3.505013292366999655e-01 6.045400231344461028e-01 0.000000000000000000e+00 0.000000000000000000e+00 8.526728923769318069e-02 4.609678115940418069e-02 2.280175699454766725e-01 1.397061994369882820e-01 0.000000000000000000e+00 1.000000000000000000e+00 1.000000000000000000e+00 0.000000000000000000e+00 0.000000000000000000e+00 5.120000000000000000e+02 -2.332000000000000384e+01
0.000000000000000000e+00 0.000000000000000000e+00 1.770475493851300305e-02 0.000000000000000000e+00 0.000000000000000000e+00 2.788931547107887168e-02 0.000000000000000000e+00 1.015849412407242563e-03 0.000000000000000000e+00 0.000000000000000000e+00 9.760125328070919926e-01 6.063630283247808395e-01 0.000000000000000000e+00 0.000000000000000000e+00 4.179723594818278709e-01 0.000000000000000000e+00 2.400779397652708924e-01 1.048649696055762304e-01 1.568247416727573326e-02 0.000000000000000000e+00 7.720179810461235137e-01 2.890779733731632661e-01 0.000000000000000000e+00 4.056942566058438504e-02 1.000000000000000000e+00 0.000000000000000000e+00 0.000000000000000000e+00 0.000000000000000000e+00 1.594460413911540086e-01 0.000000000000000000e+00 0.000000000000000000e+00 0.000000000000000000e+00 5.120000000000000000e+02 -2.315666666666666629e+01
6.164337083036991460e-01 4.026023754188004511e-02 0.000000000000000000e+00 0.000000000000000000e+00 2.291168775350266862e-01 0.000000000000000000e+00 6.024549447461435836e-01 1.589870831160573319e-04 1.610786841844339676e-08 0.000000000000000000e+00 7.376081994311127401e-04 6.881841998745240607e-01 2.218714068721966692e-01 4.696915559120408146e-01 6.340694110225993940e-01 2.289470270520281014e-01 5.599368485064926126e-01 1.774911199378790758e-02 4.008498825660696263e-01 9.509904665135461566e-02 1.000000000000000000e+00 2.060852696428187424e-03 3.601265425599193271e-01 0.000000000000000000e+00 4.598404776466717285e-05 0.000000000000000000e+00 1.978380181375195487e-02 0.000000000000000000e+00 6.563255330877589833e-01 1.000000000000000000e+00 2.270550104415946106e-09 0.000000000000000000e+00 5.120000000000000000e+02 -2.205333333333333812e+01
8.705793507894261651e-01 0.000000000000000000e+00 6.474630390965693261e-01 0.000000000000000000e+00 0.000000000000000000e+00 0.000000000000000000e+00 0.000000000000000000e+00 2.936538754237690840e-01 9.809078537185086932e-02 0.000000000000000000e+00 1.892726317792232590e-02 9.739463020457761466e-01 0.000000000000000000e+00 7.084418425563592248e-01 8.901899852220063008e-09 2.931353808836844144e-06 1.408355473041011940e-01 2.128264349413809819e-01 8.832196077996018468e-01 2.826797405626303716e-02 9.481740313853188606e-01 9.284832884658538177e-01 0.000000000000000000e+00 5.154630805877714883e-02 4.697069516003123067e-07 6.666478380396455294e-02 0.000000000000000000e+00 3.479347067713117192e-01 1.000000000000000000e+00 9.389909621055644307e-01 1.000000000000000000e+00 0.000000000000000000e+00 5.120000000000000000e+02 -2.243000000000000327e+01
2.982020617813626595e-01 0.000000000000000000e+00 0.000000000000000000e+00 8.961103301464951043e-02 0.000000000000000000e+00 9.770933603787521626e-01 0.000000000000000000e+00 0.000000000000000000e+00 9.718567721489950184e-01 9.880821230596814608e-01 0.000000000000000000e+00 0.000000000000000000e+00 0.000000000000000000e+00 0.000000000000000000e+00 0.000000000000000000e+00 0.000000000000000000e+00 1.570196281234670713e-02 0.000000000000000000e+00 0.000000000000000000e+00 0.000000000000000000e+00 0.000000000000000000e+00 0.000000000000000000e+00 0.000000000000000000e+00 6.168961358058611816e-02 0.000000000000000000e+00 4.438237175870542450e-01 0.000000000000000000e+00 0.000000000000000000e+00 0.000000000000000000e+00 0.000000000000000000e+00 0.000000000000000000e+00 7.132400043093409803e-01 5.120000000000000000e+02 -2.155000000000000071e+01
0.000000000000000000e+00 5.971619444629988616e-01 5.846772389887706645e-01 2.031814622846113937e-04 5.733113736978386887e-01 0.000000000000000000e+00 4.462114417849520343e-01 3.701793005035280415e-01 2.161803770346973352e-01 0.000000000000000000e+00 9.772552085961503376e-01 3.885447574815582006e-01 3.565816319068531009e-03 0.000000000000000000e+00 5.852001257902813558e-01 1.519716469267507267e-02 0.000000000000000000e+00 3.310882770994456603e-01 2.554181071281681481e-01 2.470268908543430120e-01 0.000000000000000000e+00 3.224377869854833101e-02 0.000000000000000000e+00 0.000000000000000000e+00 3.192715802263606517e-01 3.163859884176024040e-01 0.000000000000000000e+00 0.000000000000000000e+00 1.000000000000000000e+00 1.036597787377094848e-01 0.000000000000000000e+00 0.000000000000000000e+00 5.120000000000000000e+02 -2.407666666666666444e+01
4.340992412930928281e-03 3.062995608319137308e-01 2.916801293065130612e-02 1.456122158759823489e-02 3.651193309081555705e-01 0.000000000000000000e+00 1.658186647181784379e-01 6.864900949747552161e-01 5.475435681740286054e-01 3.982183537295230780e-01 6.240055344195938325e-01 2.668564976750616435e-01 0.000000000000000000e+00 4.327635073630249352e-01 6.716748167614963183e-01 4.519059286080807647e-01 1.626498037685560408e-02 1.319946516263540703e-01 8.027084204103794862e-01 3.135356799622330826e-01 5.267055940957489080e-01 0.000000000000000000e+00 2.717513002651712056e-02 0.000000000000000000e+00 2.469081669764357778e-01 0.000000000000000000e+00 8.431894277222367999e-04 0.000000000000000000e+00 1.895692372486669497e-01 9.930220642145812793e-01 1.065254989931298538e-05 4.916287884464651259e-01 5.120000000000000000e+02 -2.396333333333333471e+01
0.000000000000000000e+00 3.113007396497917689e-01 0.000000000000000000e+00 0.000000000000000000e+00 3.196871547957238352e-02 1.712861491354641247e-02 0.000000000000000000e+00 0.000000000000000000e+00 2.227358833919675443e-02 0.000000000000000000e+00 5.699418274913591737e-02 0.000000000000000000e+00 0.000000000000000000e+00 0.000000000000000000e+00 7.060126737119568063e-02 3.518773903699055627e-01 1.962812139642597653e-01 0.000000000000000000e+00 0.000000000000000000e+00 1.358085332911348640e-03 4.921263800608322199e-03 0.000000000000000000e+00 0.000000000000000000e+00 2.161663030011533315e-01 0.000000000000000000e+00 0.000000000000000000e+00 0.000000000000000000e+00 0.000000000000000000e+00 0.000000000000000000e+00 6.994711568228137444e-02 0.000000000000000000e+00 0.000000000000000000e+00 5.120000000000000000e+02 -2.229666666666666330e+01
1.751609572467556473e-05 0.000000000000000000e+00 3.116781187702080125e-01 0.000000000000000000e+00 6.143903675511788037e-02 0.000000000000000000e+00 0.000000000000000000e+00 2.237628521119023328e-01 1.000000000000000000e+00 0.000000000000000000e+00 0.000000000000000000e+00 3.807817647272572749e-12 0.000000000000000000e+00 1.541276173862695109e-01 1.000000000000000000e+00 0.000000000000000000e+00 0.000000000000000000e+00 4.185058406060430114e-01 0.000000000000000000e+00 3.703917783796095153e-01 9.524106023717676672e-01 0.000000000000000000e+00 8.008959291904608202e-01 2.232348494406735488e-03 1.672778495945148602e-01 1.825316050860823769e-01 0.000000000000000000e+00 0.000000000000000000e+00 9.490523597842278614e-01 5.481929563297594649e-02 1.820288485266578493e-01 0.000000000000000000e+00 5.120000000000000000e+02 -2.197666666666666302e+01
4.237930551751538377e-02 0.000000000000000000e+00 8.562570529577674394e-01 0.000000000000000000e+00 4.983018544633346925e-01 0.000000000000000000e+00 0.000000000000000000e+00 5.545867224998268785e-01 3.598188671810553796e-01 0.000000000000000000e+00 0.000000000000000000e+00 0.000000000000000000e+00 0.000000000000000000e+00 0.000000000000000000e+00 0.000000000000000000e+00 0.000000000000000000e+00 0.000000000000000000e+00 9.021192258303090128e-01 0.000000000000000000e+00 1.540486293919395289e-01 5.870052049786722570e-02 1.653913739959349816e-01 8.359289027929098781e-01 0.000000000000000000e+00 0.000000000000000000e+00 0.000000000000000000e+00 0.000000000000000000e+00 0.000000000000000000e+00 0.000000000000000000e+00 0.000000000000000000e+00 0.000000000000000000e+00 0.000000000000000000e+00 5.120000000000000000e+02 -2.110666666666666558e+01
0.000000000000000000e+00 0.000000000000000000e+00 0.000000000000000000e+00 0.000000000000000000e+00 0.000000000000000000e+00 0.000000000000000000e+00 0.000000000000000000e+00 0.000000000000000000e+00 5.187473689157863221e-01 0.000000000000000000e+00 0.000000000000000000e+00 1.461927965529090032e-02 3.372235012378660413e-02 0.000000000000000000e+00 0.000000000000000000e+00 0.000000000000000000e+00 0.000000000000000000e+00 0.000000000000000000e+00 8.464780622205984872e-02 3.787630498248126809e-01 1.955866216819944145e-02 0.000000000000000000e+00 2.761109538126866263e-06 0.000000000000000000e+00 0.000000000000000000e+00 0.000000000000000000e+00 0.000000000000000000e+00 0.000000000000000000e+00 1.000000000000000000e+00 0.000000000000000000e+00 2.093709922727468586e-01 3.300162077744150380e-01 5.120000000000000000e+02 -2.110666666666666913e+01
3.745713574237361648e-02 5.141866510388036771e-01 2.805854981985816399e-01 0.000000000000000000e+00 0.000000000000000000e+00 0.000000000000000000e+00 0.000000000000000000e+00 1.000000000000000000e+00 7.027344864939312208e-01 0.000000000000000000e+00 6.750842050610066092e-02 0.000000000000000000e+00 0.000000000000000000e+00 1.364693750651409521e-01 9.666321163244924186e-01 1.681116679183837781e-01 0.000000000000000000e+00 8.145158708752484045e-02 0.000000000000000000e+00 8.427948653752760366e-01 6.841217772246639406e-01 0.000000000000000000e+00 1.522039277614245234e-01 0.000000000000000000e+00 8.410383937031901125e-02 1.873333387536932904e-01 0.000000000000000000e+00 9.104920106891666309e-01 1.712606798817136247e-02 7.772919439285221888e-01 1.657448799864161271e-01 1.327004510668010617e-01 5.120000000000000000e+02 -2.285000000000000497e+01
6.942449764852853811e-01 0.000000000000000000e+00 1.691241689352315503e-01 8.083664279145713616e-01 4.365147840701857906e-01 7.876140841992404543e-08 0.000000000000000000e+00 1.869093353726183904e-01 8.242431850267057936e-01 5.772960366402617243e-09 9.224354997712622128e-02 1.876555199403842633e-01 0.000000000000000000e+00 9.999990069125640479e-01 0.000000000000000000e+00 0.000000000000000000e+00 1.116739487587048718e-01 2.049795394766470037e-03 1.269114703078003693e-05 1.103923839277358848e-01 8.310355942838537624e-02 0.000000000000000000e+00 8.353525552368366025e-01 0.000000000000000000e+00 2.180365169682213153e-02 3.226017682784927953e-01 0.000000000000000000e+00 0.000000000000000000e+00 7.030681884203365817e-02 8.963311423929830601e-01 4.516759702437584956e-01 0.000000000000000000e+00 5.120000000000000000e+02 -2.255000000000000071e+01
7.491034968811857058e-04 3.031968565245933833e-01 0.000000000000000000e+00 0.000000000000000000e+00 0.000000000000000000e+00 0.000000000000000000e+00 1.179424640537455327e-01 0.000000000000000000e+00 2.743552125243478024e-01 1.738710206933250235e-01 8.919308609957162792e-01 8.389291274862492598e-01 0.000000000000000000e+00 4.166859975080465804e-05 6.984663973742546439e-01 2.166486171560304264e-01 0.000000000000000000e+00 0.000000000000000000e+00 1.187841454589834119e-03 0.000000000000000000e+00 9.210446080321301743e-01 0.000000000000000000e+00 5.452389620557413635e-02 0.000000000000000000e+00 0.000000000000000000e+00 0.000000000000000000e+00 0.000000000000000000e+00 0.000000000000000000e+00 9.775339275950833962e-01 3.411968694299656879e-01 2.424559688583916364e-02 1.890899285857211287e-01 5.120000000000000000e+02 -2.358333333333333215e+01
7.789915488294116841e-01 9.916252062909474141e-01 0.000000000000000000e+00 0.000000000000000000e+00 0.000000000000000000e+00 0.000000000000000000e+00 9.999999999999854561e-01 6.824988029114638088e-01 9.999877340947010973e-01 0.000000000000000000e+00 6.145767784577542692e-01 9.999981982593574292e-01 2.591182493913440354e-01 0.000000000000000000e+00 2.501566291390101837e-02 0.000000000000000000e+00 8.832636562689250709e-03 8.692488661177255604e-01 1.000000000000000000e+00 0.000000000000000000e+00 9.899391020643152350e-01 0.000000000000000000e+00 0.000000000000000000e+00 1.159187800484359333e-05 2.381415842970084906e-01 5.775807868096142217e-01 4.155432617480998153e-02 0.000000000000000000e+00 3.266543762212949231e-02 0.000000000000000000e+00 4.793499875061051907e-01 3.011775395363011087e-01 5.120000000000000000e+02 -2.373000000000000043e+01
3.829948191416283065e-01 9.082728906603750874e-01 0.000000000000000000e+00 0.000000000000000000e+00 8.869086181858579776e-01 4.939530445897370448e-01 0.000000000000000000e+00 3.769834360980508191e-03 2.816673396884610270e-01 0.000000000000000000e+00 4.056356328000116362e-01 1.685211244660394236e-01 6.802268045852113108e-03 9.923623079792172064e-01 9.528384033859738089e-01 5.765497707200782918e-01 4.689945516278523737e-13 9.003223011326387179e-03 7.707380460419400725e-01 0.000000000000000000e+00 5.535771317012994075e-03 3.613824437114970052e-04 4.499534913240804679e-01 0.000000000000000000e+00 1.482918882861916088e-01 0.000000000000000000e+00 0.000000000000000000e+00 0.000000000000000000e+00 1.842884692843368699e-01 0.000000000000000000e+00 0.000000000000000000e+00 3.055719492985885547e-04 5.120000000000000000e+02 -2.394999999999999929e+01
6.917685231660712641e-02 0.000000000000000000e+00 5.944809524118863653e-01 0.000000000000000000e+00 0.000000000000000000e+00 5.935076254239994575e-02 1.030259542456649913e-01 0.000000000000000000e+00 0.000000000000000000e+00 0.000000000000000000e+00 0.000000000000000000e+00 2.606659542590327241e-02 0.000000000000000000e+00 0.000000000000000000e+00 0.000000000000000000e+00 3.442919812103282379e-02 0.000000000000000000e+00 1.932523256179911331e-01 9.031021653956738948e-01 0.000000000000000000e+00 6.603713151766420382e-03 0.000000000000000000e+00 0.000000000000000000e+00 5.746953459461174862e-01 4.113693958906530779e-01 0.000000000000000000e+00 0.000000000000000000e+00 0.000000000000000000e+00 0.000000000000000000e+00 0.000000000000000000e+00 3.943396625808002695e-03 0.000000000000000000e+00 5.120000000000000000e+02 -2.199666666666666970e+01
8.729595772601433934e-02 1.376215431083711027e-01 1.614974097221613713e-03 9.424227219197979233e-01 7.013865051994147039e-03 0.000000000000000000e+00 7.337187977631920953e-03 1.697005590635526917e-01 1.602466319976335596e-01 5.663404642898718123e-03 7.537370567623370016e-03 6.867100824125994540e-01 0.000000000000000000e+00 0.000000000000000000e+00 6.132351094503868394e-01 1.877667204517355706e-02 1.523576638722046184e-03 8.010234140854803897e-01 5.552702297847668111e-01 0.000000000000000000e+00 8.813045402934162054e-01 0.000000000000000000e+00 1.166185979254188015e-01 3.849074949120633721e-02 0.000000000000000000e+00 3.862440310225809942e-02 2.031974557905155687e-02 0.000000000000000000e+00 8.684627004396794359e-01 4.601031319508174788e-01 0.000000000000000000e+00 5.555231143306189195e-02 5.120000000000000000e+02 -2.289333333333333442e+01
8.262670194388584965e-01 3.374797784057976813e-01 0.000000000000000000e+00 0.000000000000000000e+00 6.500309826249573986e-01 0.000000000000000000e+00 3.476405155619056164e-01 0.000000000000000000e+00 0.000000000000000000e+00 3.309306870162495601e-06 5.178953924978241599e-04 9.998483071902357633e-01 9.743457228088067532e-07 0.000000000000000000e+00 0.000000000000000000e+00 0.000000000000000000e+00 5.160522456881067033e-01 1.276268434595153323e-01 1.422830941020346018e-01 9.259816040245191782e-02 0.000000000000000000e+00 0.000000000000000000e+00 8.327486306790753412e-01 0.000000000000000000e+00 2.972928278985155215e-01 1.638394608912549788e-01 0.000000000000000000e+00 0.000000000000000000e+00 7.354637084520089735e-04 7.348176195406123101e-01 9.999808694747678306e-01 0.000000000000000000e+00 5.120000000000000000e+02 -2.170999999999999730e+01
1.578839235704070920e-01 0.000000000000000000e+00 0.000000000000000000e+00 0.000000000000000000e+00 5.795112963771441826e-04 0.000000000000000000e+00 2.122444996503428105e-01 3.564947690529639002e-01 0.000000000000000000e+00 0.000000000000000000e+00 8.004255398970339108e-01 1.816618363461647290e-01 0.000000000000000000e+00 8.458771196794300229e-01 0.000000000000000000e+00 1.606273122029684350e-02 0.000000000000000000e+00 1.217816278769481564e-01 1.000000000000000000e+00 7.038626906692802086e-04 3.797478697862937541e-03 0.000000000000000000e+00 0.000000000000000000e+00 3.106734125325202184e-02 0.000000000000000000e+00 0.000000000000000000e+00 3.557193118294501577e-01 0.000000000000000000e+00 5.759268873898217705e-02 1.139774987132445155e-01 5.755185734976023954e-02 2.217983732743141201e-01 5.120000000000000000e+02 -2.355333333333333101e+01
5.083775864010716683e-01 4.093843633018745543e-01 0.000000000000000000e+00 0.000000000000000000e+00 1.000000000000000000e+00 0.000000000000000000e+00 0.000000000000000000e+00 0.000000000000000000e+00 0.000000000000000000e+00 0.000000000000000000e+00 0.000000000000000000e+00 0.000000000000000000e+00 0.000000000000000000e+00 8.507510379380769927e-02 0.000000000000000000e+00 1.939446604709711697e-01 0.000000000000000000e+00 4.428169933295965088e-01 1.019958539700674266e-01 1.262967056591406956e-01 1.000000000000000000e+00 0.000000000000000000e+00 5.715259886544943324e-01 0.000000000000000000e+00 7.503360966472454041e-02 0.000000000000000000e+00 0.000000000000000000e+00 0.000000000000000000e+00 1.839040399788002822e-01 2.671337666321969007e-01 0.000000000000000000e+00 0.000000000000000000e+00 5.120000000000000000e+02 -2.166999999999999815e+01
0.000000000000000000e+00 0.000000000000000000e+00 0.000000000000000000e+00 0.000000000000000000e+00 0.000000000000000000e+00 0.000000000000000000e+00 0.000000000000000000e+00 1.000000000000000000e+00 0.000000000000000000e+00 0.000000000000000000e+00 0.000000000000000000e+00 1.007770624663245282e-02 1.727989616527543237e-01 9.520300199326510449e-02 1.276326075759892480e-02 0.000000000000000000e+00 0.000000000000000000e+00 8.152970013446331210e-02 1.276398124377844390e-01 0.000000000000000000e+00 1.398336339945447371e-01 0.000000000000000000e+00 1.813247292214692774e-01 0.000000000000000000e+00 0.000000000000000000e+00 8.514418866655905404e-04 0.000000000000000000e+00 4.914828067244717547e-01 0.000000000000000000e+00 0.000000000000000000e+00 2.004237781096501192e-01 0.000000000000000000e+00 5.120000000000000000e+02 -2.100000000000000000e+01
0.000000000000000000e+00 0.000000000000000000e+00 0.000000000000000000e+00 4.183694751473624462e-01 0.000000000000000000e+00 4.731981680903309812e-02 0.000000000000000000e+00 0.000000000000000000e+00 3.772006335288178303e-01 0.000000000000000000e+00 0.000000000000000000e+00 1.421730786721966677e-01 0.000000000000000000e+00 1.795917753462471511e-01 0.000000000000000000e+00 0.000000000000000000e+00 6.603388747590787089e-01 7.764184144964496326e-02 1.046093280267185580e-05 4.453860893835108192e-01 1.652264523399867846e-01 0.000000000000000000e+00 0.000000000000000000e+00 0.000000000000000000e+00 0.000000000000000000e+00 3.858163542616845354e-01 1.819164737373466485e-07 0.000000000000000000e+00 1.566885639781542480e-02 0.000000000000000000e+00 1.000000000000000000e+00 8.822936682715381007e-01 5.120000000000000000e+02 -2.230999999999999872e+01
9.381726612083788330e-01 0.000000000000000000e+00 0.000000000000000000e+00 0.000000000000000000e+00 0.000000000000000000e+00 0.000000000000000000e+00 1.282990409296880067e-02 0.000000000000000000e+00 1.568290064920061996e-02 2.128917652897304169e-01 8.809964273549002189e-02 4.667502712584582075e-02 0.000000000000000000e+00 0.000000000000000000e+00 1.586760821560763979e-01 6.760691961849244337e-05 2.596726282249627316e-01 5.964853786972206667e-02 5.071779529361675155e-04 0.000000000000000000e+00 6.724196297834190462e-04 0.000000000000000000e+00 2.122745833919479630e-01 0.000000000000000000e+00 7.745099216378706908e-01 5.504283564576655241e-01 0.000000000000000000e+00 1.000000000000000000e+00 7.847111096852003032e-01 5.971495316091760680e-02 0.000000000000000000e+00 0.000000000000000000e+00 5.120000000000000000e+02 -2.240999999999999659e+01
7.235391207289837423e-01 0.000000000000000000e+00 0.000000000000000000e+00 3.783368042891565447e-02 1.000000000000000000e+00 0.000000000000000000e+00 0.000000000000000000e+00 0.000000000000000000e+00 1.299849294337462012e-02 9.217117017442672672e-03 1.000000000000000000e+00 8.077966355529438147e-03 0.000000000000000000e+00 0.000000000000000000e+00 9.611852042913826555e-01 0.000000000000000000e+00 0.000000000000000000e+00 5.832138326281648411e-01 0.000000000000000000e+00 1.698875682881546278e-01 0.000000000000000000e+00 0.000000000000000000e+00 0.000000000000000000e+00 9.447697491483457276e-06 1.264434273992276203e-01 3.486069406537771198e-01 0.000000000000000000e+00 2.043873541187834764e-01 0.000000000000000000e+00 2.351565922413744458e-01 4.867789096325104148e-01 0.000000000000000000e+00 5.120000000000000000e+02 -2.287666666666666515e+01
2.461625931271353360e-02 1.796100099349640447e-02 0.000000000000000000e+00 4.443173558113341992e-07 2.450977635075458211e-02 0.000000000000000000e+00 0.000000000000000000e+00 1.000000000000000000e+00 3.819807382499710302e-01 0.000000000000000000e+00 4.682551004993596999e-01 9.627475066305321016e-01 2.133546514640593215e-03 6.754101922787711897e-03 5.742212537584163723e-01 2.399608929903930266e-01 0.000000000000000000e+00 1.558286154918274991e-01 0.000000000000000000e+00 0.000000000000000000e+00 9.737809378584223463e-01 0.000000000000000000e+00 0.000000000000000000e+00 0.000000000000000000e+00 0.000000000000000000e+00 1.062762125381723349e-01 2.513852094649695057e-01 0.000000000000000000e+00 8.832957766279561293e-03 9.341189822178906921e-01 0.000000000000000000e+00 0.000000000000000000e+00 5.120000000000000000e+02 -2.331000000000000227e+01
0.000000000000000000e+00 0.000000000000000000e+00 9.759196321870577950e-02 7.301140086171074850e-02 5.144946632509120876e-01 7.261910601333246840e-01 0.000000000000000000e+00 5.931736841351268469e-02 0.000000000000000000e+00 2.213694726131053628e-02 5.216630970894231556e-01 0.000000000000000000e+00 0.000000000000000000e+00 7.021476335075015063e-03 0.000000000000000000e+00 0.000000000000000000e+00 4.037313827480938921e-01 5.287571401540838156e-01 0.000000000000000000e+00 2.227709436097841241e-04 0.000000000000000000e+00 0.000000000000000000e+00 0.000000000000000000e+00 0.000000000000000000e+00 4.925523079948270211e-01 0.000000000000000000e+00 0.000000000000000000e+00 2.601884870601541970e-10 0.000000000000000000e+00 5.745373355663084547e-02 0.000000000000000000e+00 3.573002947084068931e-02 5.120000000000000000e+02 -2.351000000000000156e+01
7.701340960551632531e-01 0.000000000000000000e+00 4.054534173601177099e-02 5.162313945121356218e-01 0.000000000000000000e+00 0.000000000000000000e+00 7.286316525167386982e-02 0.000000000000000000e+00 0.000000000000000000e+00 7.083587950988793347e-01 0.000000000000000000e+00 0.000000000000000000e+00 0.000000000000000000e+00 5.388059299072890385e-01 7.861499484088638190e-03 0.000000000000000000e+00 7.855550976824996479e-01 1.042380440029522931e-01 0.000000000000000000e+00 5.055949744374871324e-01 0.000000000000000000e+00 0.000000000000000000e+00 0.000000000000000000e+00 1.155816642929735107e-03 0.000000000000000000e+00 0.000000000000000000e+00 0.000000000000000000e+00 0.000000000000000000e+00 0.000000000000000000e+00 0.000000000000000000e+00 0.000000000000000000e+00 0.000000000000000000e+00 5.120000000000000000e+02 -2.232666666666666799e+01
7.878093419764763405e-01 1.000000000000000000e+00 1.104352044548034123e-01 1.000000000000000000e+00 9.999963860350855605e-01 0.000000000000000000e+00 8.632208681149460272e-01 1.000000000000000000e+00 1.000000000000000000e+00 0.000000000000000000e+00 1.000000000000000000e+00 6.160553681750918775e-01 0.000000000000000000e+00 9.999724443699364862e-01 1.000000000000000000e+00 1.000000000000000000e+00 1.000000000000000000e+00 5.703558493433267262e-01 9.093633249282214726e-01 1.000000000000000000e+00 1.000000000000000000e+00 1.862519421309115006e-02 0.000000000000000000e+00 0.000000000000000000e+00 1.000000000000000000e+00 8.780305741995467761e-01 7.547082241728732067e-07 1.412852123532669368e-01 9.926733807887614391e-01 9.283943211060122769e-01 7.240257484494855289e-01 3.019845486021890545e-04 5.120000000000000000e+02 -2.423999999999999844e+01
8.616285432571733072e-01 0.000000000000000000e+00 0.000000000000000000e+00 0.000000000000000000e+00 0.000000000000000000e+00 0.000000000000000000e+00 4.389294461468958714e-02 8.788955638826771999e-01 1.875385739819689368e-01 0.000000000000000000e+00 5.246817785494037323e-02 0.000000000000000000e+00 0.000000000000000000e+00 0.000000000000000000e+00 0.000000000000000000e+00 1.163362198412456854e-02 0.000000000000000000e+00 9.588522962849750364e-01 1.779309744680946381e-01 1.000000000000000000e+00 8.003487326547982228e-01 1.496893880703225599e-01 0.000000000000000000e+00 4.594764459975565485e-01 1.893144555828586012e-02 0.000000000000000000e+00 5.175523744465899273e-02 2.538565504653290603e-02 1.000000000000000000e+00 9.952686716086662777e-01 2.251782408849495321e-01 8.448573600124573701e-01 5.120000000000000000e+02 -2.134333333333333371e+01
4.460559677811525015e-02 2.969251667563569397e-01 5.949028035239434242e-02 3.753002231498579755e-02 0.000000000000000000e+00 0.000000000000000000e+00 1.763318718023311749e-01 2.191204647924393789e-01 0.000000000000000000e+00 1.233859697779456088e-01 0.000000000000000000e+00 1.677094965965490042e-02 0.000000000000000000e+00 0.000000000000000000e+00 3.415475245828573925e-02 0.000000000000000000e+00 0.000000000000000000e+00 1.395551539383052195e-03 1.648770971152232340e-02 9.910654627378747694e-01 4.593752097625043718e-02 9.768244407351664993e-01 0.000000000000000000e+00 0.000000000000000000e+00 0.000000000000000000e+00 1.905359432464008018e-01 4.502504880358850110e-03 3.290869063296492786e-02 0.000000000000000000e+00 1.990097237276939324e-01 0.000000000000000000e+00 0.000000000000000000e+00 5.120000000000000000e+02 -2.115333333333333243e+01
8.188065019336701611e-02 8.814530986834451937e-03 3.749380069452541431e-01 5.781400945892711807e-01 6.525986225030979693e-01 0.000000000000000000e+00 0.000000000000000000e+00 3.299602854936191654e-01 5.658100919536974693e-01 0.000000000000000000e+00 5.210498589508476552e-01 0.000000000000000000e+00 0.000000000000000000e+00 6.096715116716061589e-01 0.000000000000000000e+00 0.000000000000000000e+00 0.000000000000000000e+00 1.718340770312190291e-01 0.000000000000000000e+00 7.032818074649445361e-02 0.000000000000000000e+00 0.000000000000000000e+00 0.000000000000000000e+00 0.000000000000000000e+00 2.539865407520573992e-01 1.000000000000000000e+00 2.658713324974610881e-01 0.000000000000000000e+00 7.984469256508419654e-01 5.302943700576910890e-01 0.000000000000000000e+00 0.000000000000000000e+00 5.120000000000000000e+02 -2.271999999999999886e+01
4.724214290609620726e-01 3.144364218576945480e-01 5.028309281211151838e-01 5.875475430403589439e-01 6.092909676125570773e-01 0.000000000000000000e+00 2.529859195549550438e-02 5.421329502515490617e-01 0.000000000000000000e+00 0.000000000000000000e+00 3.650471210008255502e-02 1.275084958014907448e-02 0.000000000000000000e+00 5.723061523075156920e-01 4.047074073137756356e-01 3.840514328085286103e-03 0.000000000000000000e+00 0.000000000000000000e+00 3.614465849128961072e-01 1.954871271613057519e-03 0.000000000000000000e+00 0.000000000000000000e+00 0.000000000000000000e+00 0.000000000000000000e+00 0.000000000000000000e+00 0.000000000000000000e+00 0.000000000000000000e+00 0.000000000000000000e+00 6.143446038798334730e-01 2.796761309447650529e-02 0.000000000000000000e+00 0.000000000000000000e+00 5.120000000000000000e+02 -2.244999999999999929e+01
0.000000000000000000e+00 1.079096893811386931e-02 0.000000000000000000e+00 1.911328589256799720e-03 4.282887889719145386e-02 0.000000000000000000e+00 0.000000000000000000e+00 5.105863493668197917e-01 2.142459195596973232e-01 0.000000000000000000e+00 1.409107127519466061e-05 0.000000000000000000e+00 4.634100497906436938e-02 0.000000000000000000e+00 1.672450557936227059e-02 1.341181079839824375e-01 0.000000000000000000e+00 6.067125909816281082e-01 2.395708810828868322e-03 1.117520014773925891e-03 1.000000000000000000e+00 0.000000000000000000e+00 0.000000000000000000e+00 4.595756121818670055e-03 1.623249167175647894e-03 2.805712351993378591e-03 2.284307427144081568e-02 2.833263219118966614e-01 4.692457212667837108e-01 0.000000000000000000e+00 1.376172754057547899e-03 0.000000000000000000e+00 5.120000000000000000e+02 -2.193999999999999773e+01
0.000000000000000000e+00 0.000000000000000000e+00 0.000000000000000000e+00 0.000000000000000000e+00 7.304563159377617243e-01 0.000000000000000000e+00 0.000000000000000000e+00 1.913750796630329098e-01 4.446869889839091834e-12 0.000000000000000000e+00 0.000000000000000000e+00 1.516790123764718279e-01 0.000000000000000000e+00 1.228227048828400315e-02 3.581340242373081639e-12 1.644525919801642138e-12 7.703873242611657401e-01 0.000000000000000000e+00 3.537662744646176416e-02 0.000000000000000000e+00 0.000000000000000000e+00 0.000000000000000000e+00 0.000000000000000000e+00 0.000000000000000000e+00 6.637042574925220428e-01 2.257325277437216560e-03 4.965922483229312512e-01 0.000000000000000000e+00 2.668146840988183666e-01 0.000000000000000000e+00 4.901425733978403282e-02 0.000000000000000000e+00 5.120000000000000000e+02 -2.121666666666666856e+01
1.000000000000000000e+00 9.790105473184600449e-01 4.673133198010334666e-01 0.000000000000000000e+00 7.980223273029948272e-01 0.000000000000000000e+00 0.000000000000000000e+00 0.000000000000000000e+00 0.000000000000000000e+00 1.544924607005189465e-01 0.000000000000000000e+00 2.556882515715876436e-01 0.000000000000000000e+00 2.011171014428931592e-01 7.106420838267273332e-01 3.323753992375175215e-02 0.000000000000000000e+00 0.000000000000000000e+00 0.000000000000000000e+00 0.000000000000000000e+00 4.613490934432152302e-01 3.646249381729317340e-01 0.000000000000000000e+00 0.000000000000000000e+00 0.000000000000000000e+00 2.968573434655214665e-04 6.911580278065690419e-02 0.000000000000000000e+00 5.296379012005624221e-01 1.742384209901689379e-02 1.419427742886843480e-01 3.037282403840637635e-01 5.120000000000000000e+02 -2.227333333333332988e+01
0.000000000000000000e+00 1.184071608142477361e-01 0.000000000000000000e+00 2.660241117201762873e-02 2.962898776712314386e-01 0.000000000000000000e+00 1.693090391143521889e-01 0.000000000000000000e+00 0.000000000000000000e+00 1.095467084560854815e-02 0.000000000000000000e+00 0.000000000000000000e+00 0.000000000000000000e+00 7.460092133736203612e-01 0.000000000000000000e+00 8.865302826527546864e-01 0.000000000000000000e+00 0.000000000000000000e+00 3.819953340062898217e-01 1.266303686285189245e-01 2.323901496307316517e-01 0.000000000000000000e+00 0.000000000000000000e+00 0.000000000000000000e+00 0.000000000000000000e+00 4.396708138934813936e-01 0.000000000000000000e+00 0.000000000000000000e+00 0.000000000000000000e+00 1.000000000000000000e+00 1.245328769343841645e-04 1.624807825546371876e-02 5.120000000000000000e+02 -2.208333333333333215e+01
0.000000000000000000e+00 0.000000000000000000e+00 0.000000000000000000e+00 0.000000000000000000e+00 3.807842120818070719e-01 0.000000000000000000e+00 1.000000000000000000e+00 2.496513150619712740e-02 3.172387998887023497e-01 0.000000000000000000e+00 0.000000000000000000e+00 0.000000000000000000e+00 0.000000000000000000e+00 0.000000000000000000e+00 0.000000000000000000e+00 0.000000000000000000e+00 0.000000000000000000e+00 0.000000000000000000e+00 0.000000000000000000e+00 0.000000000000000000e+00 0.000000000000000000e+00 0.000000000000000000e+00 8.980567737734165834e-02 0.000000000000000000e+00 0.000000000000000000e+00 0.000000000000000000e+00 0.000000000000000000e+00 0.000000000000000000e+00 0.000000000000000000e+00 0.000000000000000000e+00 0.000000000000000000e+00 3.829764335573862533e-01 5.120000000000000000e+02 -2.149666666666666615e+01
1.920691204290590759e-02 3.357972406902040019e-01 0.000000000000000000e+00 0.000000000000000000e+00 8.859635653596051319e-02 0.000000000000000000e+00 0.000000000000000000e+00 8.932670092467147605e-01 9.844580726555134109e-03 0.000000000000000000e+00 4.358563496087384248e-01 2.008267877357729214e-01 0.000000000000000000e+00 2.692096793276686773e-02 9.747603408824371263e-01 4.596405126204550773e-01 1.308057280322588167e-01 9.999977343009257558e-01 0.000000000000000000e+00 1.736343621914817059e-01 1.174232495901460401e-02 0.000000000000000000e+00 0.000000000000000000e+00 1.860474440479445472e-06 0.000000000000000000e+00 5.606490220669838598e-01 0.000000000000000000e+00 0.000000000000000000e+00 2.281631114864183796e-01 2.795980501179951005e-01 1.000000000000000000e+00 0.000000000000000000e+00 5.120000000000000000e+02 -2.393000000000000327e+01
1.050423329427839329e-02 0.000000000000000000e+00 0.000000000000000000e+00 0.000000000000000000e+00 1.070428997740083439e-02 0.000000000000000000e+00 0.000000000000000000e+00 5.592223639668656432e-01 2.062558317655925795e-03 0.000000000000000000e+00 3.712490152616473860e-01 0.000000000000000000e+00 0.000000000000000000e+00 3.221227691206483001e-01 0.000000000000000000e+00 9.739297413980834150e-01 0.000000000000000000e+00 0.000000000000000000e+00 5.494206324347725151e-05 0.000000000000000000e+00 0.000000000000000000e+00 0.000000000000000000e+00 0.000000000000000000e+00 0.000000000000000000e+00 0.000000000000000000e+00 0.000000000000000000e+00 0.000000000000000000e+00 0.000000000000000000e+00 0.000000000000000000e+00 1.268140849838542659e-02 1.132195558325473222e-01 0.000000000000000000e+00 5.120000000000000000e+02 -2.319999999999999929e+01
2.471100814999993289e-01 4.619717233890361374e-01 0.000000000000000000e+00 0.000000000000000000e+00 2.719045951270794292e-01 0.000000000000000000e+00 0.000000000000000000e+00 3.234920084398360540e-01 7.449277099874704322e-02 0.000000000000000000e+00 1.440725449260479574e-01 4.283785515501955521e-01 0.000000000000000000e+00 4.924150469354869331e-01 2.279062735923566632e-02 0.000000000000000000e+00 1.585010407182370395e-09 8.115402538487951345e-01 0.000000000000000000e+00 4.014032151917161229e-01 3.377664286947099637e-01 0.000000000000000000e+00 0.000000000000000000e+00 3.566279029584797783e-02 5.933612912716614528e-04 5.149551189542050933e-01 0.000000000000000000e+00 0.000000000000000000e+00 6.826774884046229452e-01 6.580488520555425325e-01 2.963870338359815837e-01 0.000000000000000000e+00 5.120000000000000000e+02 -2.297666666666667012e+01
0.000000000000000000e+00 0.000000000000000000e+00 0.000000000000000000e+00 2.905048899910028792e-03 1.207540044521386254e-05 0.000000000000000000e+00 4.263471277989857033e-01 0.000000000000000000e+00 2.036614071519409624e-02 0.000000000000000000e+00 2.085961224132075187e-01 1.789708200330333565e-01 0.000000000000000000e+00 0.000000000000000000e+00 6.137560130392101521e-02 2.146119317050530296e-04 1.452881641078947594e-06 1.154045534775563209e-01 1.159079950048684396e-03 2.908623777490216417e-02 0.000000000000000000e+00 0.000000000000000000e+00 0.000000000000000000e+00 9.156613185729470805e-01 1.103693399020067197e-03 9.248263735633778237e-01 6.752661550926587763e-02 1.899642308009461168e-05 9.084943453023711646e-01 0.000000000000000000e+00 4.658951210476180473e-03 2.994984791911368613e-02 5.120000000000000000e+02 -2.205333333333333101e+01
2.092142114849807610e-01 0.000000000000000000e+00 5.387745905713969136e-02 7.209539194717327071e-01 0.000000000000000000e+00 0.000000000000000000e+00 0.000000000000000000e+00 1.001973298623877184e-01 1.782909892892499959e-01 0.000000000000000000e+00 3.233872157676805775e-02 0.000000000000000000e+00 1.120072956264228092e-01 0.000000000000000000e+00 0.000000000000000000e+00 0.000000000000000000e+00 0.000000000000000000e+00 4.542472089193004270e-01 0.000000000000000000e+00 0.000000000000000000e+00 0.000000000000000000e+00 0.000000000000000000e+00 0.000000000000000000e+00 0.000000000000000000e+00 0.000000000000000000e+00 0.000000000000000000e+00 0.000000000000000000e+00 0.000000000000000000e+00 0.000000000000000000e+00 5.559387723817198895e-02 0.000000000000000000e+00 0.000000000000000000e+00 5.120000000000000000e+02 -2.234666666666666401e+01
0.000000000000000000e+00 7.600423743606449234e-01 0.000000000000000000e+00 2.902531631490671681e-03 0.000000000000000000e+00 0.000000000000000000e+00 0.000000000000000000e+00 0.000000000000000000e+00 0.000000000000000000e+00 0.000000000000000000e+00 0.000000000000000000e+00 0.000000000000000000e+00 0.000000000000000000e+00 0.000000000000000000e+00 0.000000000000000000e+00 0.000000000000000000e+00 0.000000000000000000e+00 3.854307707320055176e-02 0.000000000000000000e+00 0.000000000000000000e+00 3.009539592607759009e-02 0.000000000000000000e+00 0.000000000000000000e+00 0.000000000000000000e+00 2.219306146489624654e-02 0.000000000000000000e+00 7.019336450217487089e-01 0.000000000000000000e+00 0.000000000000000000e+00 0.000000000000000000e+00 0.000000000000000000e+00 5.075143162545262543e-01 5.120000000000000000e+02 -2.117666666666666586e+01
0.000000000000000000e+00 3.088389773201174471e-01 0.000000000000000000e+00 0.000000000000000000e+00 0.000000000000000000e+00 0.000000000000000000e+00 4.000391320371854964e-01 0.000000000000000000e+00 0.000000000000000000e+00 5.825746271210159311e-01 1.426064608765068194e-03 3.806259439585606141e-02 0.000000000000000000e+00 0.000000000000000000e+00 9.337666372697055184e-02 0.000000000000000000e+00 0.000000000000000000e+00 9.794110366731316741e-01 1.000000000000000000e+00 0.000000000000000000e+00 0.000000000000000000e+00 0.000000000000000000e+00 8.179017604467061497e-01 0.000000000000000000e+00 0.000000000000000000e+00 0.000000000000000000e+00 0.000000000000000000e+00 0.000000000000000000e+00 0.000000000000000000e+00 0.000000000000000000e+00 0.000000000000000000e+00 0.000000000000000000e+00 5.120000000000000000e+02 -2.158666666666666245e+01
0.000000000000000000e+00 0.000000000000000000e+00 1.574317009508688519e-05 0.000000000000000000e+00 0.000000000000000000e+00 2.012990225335573036e-02 0.000000000000000000e+00 1.100208541514433452e-01 5.544382610977038189e-02 0.000000000000000000e+00 7.522497833581679449e-01 3.657572528403300605e-01 7.344225420167118656e-01 2.776234309552643551e-05 0.000000000000000000e+00 0.000000000000000000e+00 3.342198464567467386e-01 0.000000000000000000e+00 0.000000000000000000e+00 8.593947011371810829e-01 7.184810262628742450e-01 0.000000000000000000e+00 1.526057284286809479e-01 0.000000000000000000e+00 2.648520141415572349e-01 0.000000000000000000e+00 0.000000000000000000e+00 2.368187895686005642e-02 0.000000000000000000e+00 1.000000000000000000e+00 0.000000000000000000e+00 2.552252264462875342e-01 5.120000000000000000e+02 -2.228333333333333144e+01
2.301847612910608298e-01 2.223837457463510581e-01 0.000000000000000000e+00 2.675042726947962288e-02 5.006141229654310632e-01 0.000000000000000000e+00 1.834082840220500193e-02 0.000000000000000000e+00 0.000000000000000000e+00 8.397310771884635150e-01 1.426675952287632942e-01 0.000000000000000000e+00 4.642101257343321796e-01 0.000000000000000000e+00 2.158050560609887092e-01 0.000000000000000000e+00 0.000000000000000000e+00 0.000000000000000000e+00 3.941244130759171682e-01 0.000000000000000000e+00 9.999999542310213929e-01 0.000000000000000000e+00 0.000000000000000000e+00 0.000000000000000000e+00 0.000000000000000000e+00 0.000000000000000000e+00 8.239055180867466740e-04 0.000000000000000000e+00 3.725926503760522146e-01 2.439124664482489324e-01 0.000000000000000000e+00 0.000000000000000000e+00 5.120000000000000000e+02 -2.236666666666667069e+01
0.000000000000000000e+00 4.544800175521545027e-01 8.172324200815781481e-01 0.000000000000000000e+00 0.000000000000000000e+00 6.370199277719065800e-02 0.000000000000000000e+00 9.048560676286695470e-01 2.419513705849401231e-01 5.060577414809822039e-02 1.754231548794157186e-02 2.108244965949958652e-02 0.000000000000000000e+00 0.000000000000000000e+00 0.000000000000000000e+00 0.000000000000000000e+00 2.182210196098779698e-01 0.000000000000000000e+00 0.000000000000000000e+00 9.644647992405122605e-02 4.478502913455108259e-02 0.000000000000000000e+00 0.000000000000000000e+00 0.000000000000000000e+00 2.676129146662506800e-02 0.000000000000000000e+00 0.000000000000000000e+00 0.000000000000000000e+00 0.000000000000000000e+00 5.100658125453652776e-04 0.000000000000000000e+00 6.044741890319850208e-01 5.120000000000000000e+02 -2.142666666666666586e+01
0.000000000000000000e+00 2.046896939771672697e-01 1.830212133450235257e-01 5.233624813575302182e-02 7.442154097147259950e-01 0.000000000000000000e+00 0.000000000000000000e+00 9.589214365336008461e-01 7.208024671432312624e-01 2.293906109468068499e-01 9.255083002692119365e-01 5.141595472519512322e-01 0.000000000000000000e+00 0.000000000000000000e+00 9.360858271947958276e-01 1.951324261074509072e-07 2.444303919547010252e-04 8.986450067152447485e-02 8.401864712049227357e-01 0.000000000000000000e+00 2.037395220125779328e-08 0.000000000000000000e+00 0.000000000000000000e+00 8.285464983153623120e-01 7.194513853150994278e-05 9.742014813928360217e-01 0.000000000000000000e+00 0.000000000000000000e+00 7.653751212902849821e-02 7.479045718895752648e-01 0.000000000000000000e+00 4.688856047964129123e-03 5.120000000000000000e+02 -2.308666666666666245e+01
4.585066294717138891e-01 0.000000000000000000e+00 0.000000000000000000e+00 7.110747892349569832e-02 7.617329767373699489e-01 0.000000000000000000e+00 2.855311388865353073e-02 0.000000000000000000e+00 1.000760167771071185e-01 5.555416254726099241e-03 0.000000000000000000e+00 8.140435241251843257e-01 0.000000000000000000e+00 3.567218979062705686e-01 1.791612977581218402e-01 0.000000000000000000e+00 8.925016342292799260e-06 6.943001424321363357e-01 1.500347735439271635e-01 0.000000000000000000e+00 0.000000000000000000e+00 0.000000000000000000e+00 1.793472969300633432e-16 1.669450459134755871e-01 0.000000000000000000e+00 1.967045397121462710e-05 0.000000000000000000e+00 1.836411161575995238e-02 1.887312307377532975e-09 0.000000000000000000e+00 0.000000000000000000e+00 0.000000000000000000e+00 5.120000000000000000e+02 -2.269666666666666899e+01
7.986545405227120364e-02 2.307651758851601564e-01 0.000000000000000000e+00 0.000000000000000000e+00 0.000000000000000000e+00 1.962983194104000323e-02 2.291656865586013392e-01 0.000000000000000000e+00 0.000000000000000000e+00 0.000000000000000000e+00 9.019651867303831727e-01 0.000000000000000000e+00 0.000000000000000000e+00 0.000000000000000000e+00 1.000000000000000000e+00 3.935201140274598164e-02 6.192937598907901631e-01 4.845894621430783533e-01 8.651273650545835414e-01 1.000000000000000000e+00 4.077536617706808975e-01 0.000000000000000000e+00 0.000000000000000000e+00 4.145902192147603582e-01 4.050449808318222489e-03 2.086550465183250047e-01 9.929332797218853868e-01 1.112640148938902479e-01 0.000000000000000000e+00 6.998277615915535765e-01 6.269991471530641514e-01 0.000000000000000000e+00 5.120000000000000000e+02 -2.240000000000000213e+01
4.522954927827410282e-07 0.000000000000000000e+00 5.102635925527705396e-01 0.000000000000000000e+00 7.127073915015398331e-01 0.000000000000000000e+00 1.000000000000000000e+00 0.000000000000000000e+00 0.000000000000000000e+00 3.858839649104127134e-01 6.072800116055821797e-03 0.000000000000000000e+00 0.000000000000000000e+00 0.000000000000000000e+00 0.000000000000000000e+00 0.000000000000000000e+00 0.000000000000000000e+00 0.000000000000000000e+00 7.602652813393159792e-02 0.000000000000000000e+00 8.132133225186750100e-05 0.000000000000000000e+00 0.000000000000000000e+00 0.000000000000000000e+00 3.410149700182164567e-01 0.000000000000000000e+00 0.000000000000000000e+00 5.123513797156969279e-02 0.000000000000000000e+00 0.000000000000000000e+00 0.000000000000000000e+00 0.000000000000000000e+00 5.120000000000000000e+02 -2.200666666666667126e+01
7.210910490378308335e-01 3.480260579029048063e-01 3.112484130419527345e-02 0.000000000000000000e+00 2.597270301057152952e-01 0.000000000000000000e+00 3.993202376459698867e-03 7.623486754597509352e-01 6.307128698504669284e-01 0.000000000000000000e+00 4.378596701910616312e-02 0.000000000000000000e+00 0.000000000000000000e+00 1.892918849720603633e-02 7.619389617764786848e-01 1.544452493524550163e-01 5.926196777840512242e-01 1.000000000000000000e+00 8.282856929988866848e-04 3.899718781114779320e-01 2.781901685030633425e-02 0.000000000000000000e+00 4.399636334420265632e-04 0.000000000000000000e+00 1.081687692290863451e-02 2.127965731065117883e-01 0.000000000000000000e+00 1.108796869272284241e-01 6.113081392882849796e-01 5.967901924194961572e-01 0.000000000000000000e+00 2.036647175564245960e-01 5.120000000000000000e+02 -2.216999999999999815e+01
2.998273837122592683e-03 4.232634053250807771e-01 8.107788499387098835e-02 0.000000000000000000e+00 0.000000000000000000e+00 1.888584629092286138e-01 0.000000000000000000e+00 0.000000000000000000e+00 1.784154938707447962e-03 1.174601757895389620e-01 0.000000000000000000e+00 6.661057983541335270e-01 3.530330497807721286e-07 2.027693619867678987e-01 1.716235145819704211e-01 6.050781756146849863e-03 2.058765962261978888e-01 5.193882381366124995e-07 9.999601162287342637e-01 6.300977998312592976e-02 8.416729962635638440e-01 2.218020156288700584e-01 0.000000000000000000e+00 0.000000000000000000e+00 7.756552668499919295e-08 3.628963739496522400e-01 0.000000000000000000e+00 0.000000000000000000e+00 0.000000000000000000e+00 4.114653017301038718e-01 0.000000000000000000e+00 0.000000000000000000e+00 5.120000000000000000e+02 -2.357000000000000384e+01
9.118093093877265298e-01 1.139002102496596870e-02 1.896965795464323201e-01 0.000000000000000000e+00 5.807643830278685221e-02 4.734169892867987062e-02 0.000000000000000000e+00 4.926413682953083573e-01 2.564239018835016704e-01 1.123616063597782967e-02 2.419778424640536482e-02 9.250456068575109436e-02 0.000000000000000000e+00 1.087926387572667230e-03 9.587333038466164803e-01 0.000000000000000000e+00 5.298848471657089353e-03 3.678307606908418625e-01 0.000000000000000000e+00 0.000000000000000000e+00 6.097778827429882753e-01 0.000000000000000000e+00 0.000000000000000000e+00 3.346785527719250367e-03 6.250657129210905882e-01 9.971727418633368201e-01 0.000000000000000000e+00 0.000000000000000000e+00 5.446590945165094011e-01 2.440957152117788076e-01 5.543027523386031552e-01 0.000000000000000000e+00 5.120000000000000000e+02 -2.267333333333333201e+01
1.905094633759423228e-01 0.000000000000000000e+00 0.000000000000000000e+00 2.743674390979739530e-01 2.052417021169525846e-01 0.000000000000000000e+00 0.000000000000000000e+00 2.151042930042953161e-01 0.000000000000000000e+00 0.000000000000000000e+00 4.394094837388451413e-01 0.000000000000000000e+00 0.000000000000000000e+00 5.071727773352454616e-01 5.876965704564418580e-02 0.000000000000000000e+00 2.273550226322831880e-01 2.366619251085591569e-02 0.000000000000000000e+00 0.000000000000000000e+00 2.730534380808248285e-01 0.000000000000000000e+00 0.000000000000000000e+00 0.000000000000000000e+00 6.862197575190137622e-02 0.000000000000000000e+00 0.000000000000000000e+00 8.350465539304550294e-03 0.000000000000000000e+00 0.000000000000000000e+00 0.000000000000000000e+00 1.712199228302757337e-01 5.120000000000000000e+02 -2.339666666666666472e+01
1.419510818190352318e-02 5.530220536783085894e-01 8.217974009544456448e-01 3.124287553996637850e-04 4.470920768687723368e-01 0.000000000000000000e+00 0.000000000000000000e+00 1.000000000000000000e+00 2.875900069214542554e-01 3.596580234820552224e-01 9.374263346257319940e-01 1.267685697161531344e-01 0.000000000000000000e+00 6.657613217085475189e-03 1.467675902811678701e-01 8.008695205130471123e-04 0.000000000000000000e+00 4.937530255702376933e-08 2.485304937989313984e-02 0.000000000000000000e+00 2.907565393385362906e-01 2.648156411131367049e-04 8.381539542711555213e-02 0.000000000000000000e+00 3.041763299537793008e-01 6.262202979738868969e-01 0.000000000000000000e+00 1.000000000000000000e+00 1.000000000000000000e+00 6.036618020737738455e-02 5.662408797999594900e-02 6.899829509819156437e-01 5.120000000000000000e+02 -2.320666666666666700e+01
4.225323792190341377e-02 1.515135702301418329e-02 1.548956987102727105e-02 0.000000000000000000e+00 2.359497144943301442e-02 0.000000000000000000e+00 9.010863882945268077e-01 0.000000000000000000e+00 6.490370463923311739e-01 0.000000000000000000e+00 9.828158517730638533e-01 0.000000000000000000e+00 0.000000000000000000e+00 9.967735961873053219e-01 3.814574334860389437e-01 4.054406899939264619e-01 2.208640266844527911e-01 0.000000000000000000e+00 1.393744952433489080e-02 0.000000000000000000e+00 7.263303520344788211e-01 1.764475102290072837e-03 0.000000000000000000e+00 0.000000000000000000e+00 0.000000000000000000e+00 0.000000000000000000e+00 0.000000000000000000e+00 0.000000000000000000e+00 1.289632841568162380e-01 7.401585040937581628e-01 0.000000000000000000e+00 6.123215726927049712e-02 5.120000000000000000e+02 -2.388666666666666671e+01
6.428663387389369425e-06 4.029768316639814052e-01 0.000000000000000000e+00 0.000000000000000000e+00 7.476688240864391988e-01 0.000000000000000000e+00 0.000000000000000000e+00 7.703229586850400823e-01 0.000000000000000000e+00 5.584459346398592539e-01 1.027729179350728682e-02 0.000000000000000000e+00 0.000000000000000000e+00 3.170001617226203550e-01 9.688004817229742827e-01 0.000000000000000000e+00 0.000000000000000000e+00 1.717889813017515338e-02 3.399579285447421051e-01 3.555887768987304187e-01 0.000000000000000000e+00 1.013022970909924492e-01 0.000000000000000000e+00 0.000000000000000000e+00 0.000000000000000000e+00 1.249680132153435652e-02 4.052567636943323892e-01 0.000000000000000000e+00 8.235776816859005089e-01 9.321381934559002915e-06 4.467326984820141345e-01 0.000000000000000000e+00 5.120000000000000000e+02 -2.198999999999999844e+01
5.883336237712761818e-01 8.494333486360422514e-01 3.209810089587170068e-01 4.378489889749180857e-04 0.000000000000000000e+00 0.000000000000000000e+00 0.000000000000000000e+00 0.000000000000000000e+00 3.809673531526107659e-01 0.000000000000000000e+00 6.619913500771663628e-01 1.702287155318235046e-01 0.000000000000000000e+00 6.385468411895983687e-01 9.910928624699790745e-01 5.442941144638362427e-01 3.099327407818286417e-02 5.158113561678137060e-01 1.707420982096352347e-01 5.389507032432041406e-02 8.605272283966066693e-01 0.000000000000000000e+00 0.000000000000000000e+00 2.644231197483626057e-04 6.783558369545629463e-02 3.033087913527507951e-01 8.702904301643429874e-02 8.933618008230468366e-01 4.504500213008824638e-02 1.000000000000000000e+00 0.000000000000000000e+00 6.770391239856930754e-02 5.120000000000000000e+02 -2.375333333333333385e+01
0.000000000000000000e+00 9.975388768153083952e-01 6.624385222706793974e-02 5.745235546573226326e-01 5.593920465846903278e-01 0.000000000000000000e+00 0.000000000000000000e+00 1.000000000000000000e+00 1.000000000000000000e+00 3.502949942774014232e-03 5.627073058578985210e-01 2.657208987397017275e-01 0.000000000000000000e+00 1.000000000000000000e+00 0.000000000000000000e+00 2.336515035091456163e-03 0.000000000000000000e+00 3.739616428110148494e-01 1.933779055564059102e-01 9.751283908501242603e-01 9.914653065924169395e-01 7.576301112167665996e-01 6.222019309493365125e-01 0.000000000000000000e+00 1.000000000000000000e+00 0.000000000000000000e+00 0.000000000000000000e+00 0.000000000000000000e+00 1.196669414428820077e-01 8.233927151322861793e-01 0.000000000000000000e+00 0.000000000000000000e+00 5.120000000000000000e+02 -2.337666666666666515e+01
0.000000000000000000e+00 6.245806696853850593e-01 2.081317060286763110e-01 0.000000000000000000e+00 0.000000000000000000e+00 0.000000000000000000e+00 0.000000000000000000e+00 9.531696006581162894e-01 0.000000000000000000e+00 1.059759748009990593e-01 0.000000000000000000e+00 4.448121455147538428e-01 2.045526836106976651e-02 1.170576966572563909e-01 1.509664396681781318e-01 0.000000000000000000e+00 1.272680618946023245e-01 2.937419744586648035e-02 2.020497064940200010e-02 7.375825568711448510e-02 2.258259625902984957e-01 0.000000000000000000e+00 6.433989144276083261e-01 0.000000000000000000e+00 6.020673527045817819e-01 1.000000000000000000e+00 0.000000000000000000e+00 3.730617115652982707e-01 0.000000000000000000e+00 1.482394012527203098e-01 0.000000000000000000e+00 0.000000000000000000e+00 5.120000000000000000e+02 -2.219999999999999929e+01
9.806120395260485845e-01 0.000000000000000000e+00 4.379173546100725289e-01 0.000000000000000000e+00 3.883523039895857010e-01 0.000000000000000000e+00 2.895923039617449013e-01 0.000000000000000000e+00 7.045814313517805294e-01 1.610262639030210871e-07 6.087904217670366686e-02 0.000000000000000000e+00 0.000000000000000000e+00 0.000000000000000000e+00 3.438427974458764802e-01 0.000000000000000000e+00 0.000000000000000000e+00 3.889883939288039244e-02 6.547557520744172466e-02 8.443523806303480095e-01 4.279950293317441035e-01 0.000000000000000000e+00 5.717480918247003219e-01 1.420511620018764520e-01 2.748377354124588792e-02 9.594261619013929598e-01 0.000000000000000000e+00 2.443899243858549952e-01 5.588066779604566880e-01 0.000000000000000000e+00 1.698485797771086270e-01 2.760493704240123830e-02 5.120000000000000000e+02 -2.174333333333333584e+01
9.339368157773203505e-01 2.597682420567415940e-01 0.000000000000000000e+00 2.439386422312288805e-01 0.000000000000000000e+00 2.158608165176002236e-01 7.265717540823551923e-02 4.556477850161370080e-01 6.417063987649929135e-02 4.079812840236774485e-01 2.566452764857131939e-03 0.000000000000000000e+00 0.000000000000000000e+00 0.000000000000000000e+00 9.069132048811445745e-02 4.981795693559959437e-01 0.000000000000000000e+00 6.926862587787064873e-01 7.811859031679138643e-02 0.000000000000000000e+00 2.096168238257272720e-01 0.000000000000000000e+00 0.000000000000000000e+00 0.000000000000000000e+00 0.000000000000000000e+00 9.999999789962913388e-01 6.040569896715113074e-02 7.604052227833084376e-02 0.000000000000000000e+00 0.000000000000000000e+00 8.444028260290217802e-02 6.509707528995667403e-02 5.120000000000000000e+02 -2.272666666666667012e+01
0.000000000000000000e+00 4.267124802264604666e-01 0.000000000000000000e+00 2.304641428116200458e-02 0.000000000000000000e+00 0.000000000000000000e+00 0.000000000000000000e+00 1.055610715711474690e-02 6.036521763176504463e-01 0.000000000000000000e+00 0.000000000000000000e+00 0.000000000000000000e+00 0.000000000000000000e+00 4.020834487300598559e-01 1.123655870388762766e-02 3.362651155376362722e-01 0.000000000000000000e+00 0.000000000000000000e+00 0.000000000000000000e+00 3.827441556526837985e-02 0.000000000000000000e+00 7.151620049702882564e-01 0.000000000000000000e+00 0.000000000000000000e+00 6.416950156229199731e-01 8.884972885441250190e-01 0.000000000000000000e+00 0.000000000000000000e+00 0.000000000000000000e+00 9.955507611313646477e-01 0.000000000000000000e+00 0.000000000000000000e+00 5.120000000000000000e+02 -2.164000000000000057e+01
0.000000000000000000e+00 0.000000000000000000e+00 0.000000000000000000e+00 2.486925931668246270e-01 0.000000000000000000e+00 1.333366069704686463e-01 0.000000000000000000e+00 0.000000000000000000e+00 0.000000000000000000e+00 0.000000000000000000e+00 0.000000000000000000e+00 0.000000000000000000e+00 0.000000000000000000e+00 0.000000000000000000e+00 1.370845027881780788e-02 0.000000000000000000e+00 3.594782319612905841e-01 0.000000000000000000e+00 2.853891819655585138e-01 1.688691668337489321e-02 7.696257487072206693e-01 2.417389281302222224e-03 4.141460796189224691e-01 5.824371675576781593e-01 0.000000000000000000e+00 0.000000000000000000e+00 0.000000000000000000e+00 0.000000000000000000e+00 4.816078736677181782e-01 7.453996966492426601e-01 1.163060986001460823e-02 0.000000000000000000e+00 5.120000000000000000e+02 -2.149333333333333584e+01
6.706899246280846327e-01 0.000000000000000000e+00 0.000000000000000000e+00 7.226737116016525982e-07 6.563537819307559973e-01 3.242664101405941524e-01 0.000000000000000000e+00 6.596330881757465070e-01 1.049128333114222184e-01 5.601810463262813650e-02 0.000000000000000000e+00 1.103241175269185081e-01 0.000000000000000000e+00 0.000000000000000000e+00 0.000000000000000000e+00 2.602570839211314491e-01 9.994552691908006326e-01 1.772184738673460939e-03 6.798329247705563461e-01 1.246787701116269277e-03 5.080613071644058953e-01 0.000000000000000000e+00 0.000000000000000000e+00 1.539326243604583477e-01 0.000000000000000000e+00 0.000000000000000000e+00 4.494367288584875941e-02 0.000000000000000000e+00 9.594810525925553391e-01 2.912212283365787566e-02 0.000000000000000000e+00 7.501139747228132704e-01 5.120000000000000000e+02 -2.225666666666667126e+01
2.042962039809140540e-01 0.000000000000000000e+00 4.010564645084451763e-01 0.000000000000000000e+00 0.000000000000000000e+00 0.000000000000000000e+00 6.798866896374033963e-02 0.000000000000000000e+00 1.170694203019435053e-01 3.084384718079984933e-01 0.000000000000000000e+00 0.000000000000000000e+00 0.000000000000000000e+00 0.000000000000000000e+00 4.463326779334886862e-01 0.000000000000000000e+00 0.000000000000000000e+00 6.253508748416564123e-01 4.026630187000052388e-03 1.420406992314258293e-02 0.000000000000000000e+00 0.000000000000000000e+00 1.419228707091295949e-01 0.000000000000000000e+00 8.600559157752369899e-01 0.000000000000000000e+00 0.000000000000000000e+00 1.777065098155071812e-02 0.000000000000000000e+00 9.279489965708721533e-01 0.000000000000000000e+00 4.807430269252913058e-02 5.120000000000000000e+02 -2.262999999999999901e+01
7.479744876085103744e-01 5.750422609861109979e-01 9.999996749864071832e-01 1.125184961154822690e-04 0.000000000000000000e+00 4.670485093837418722e-01 6.431136246512294033e-05 7.619263679419958045e-03 8.678131150057324383e-01 2.084732864088530527e-06 1.000000000000000000e+00 7.177124268388278550e-01 0.000000000000000000e+00 0.000000000000000000e+00 7.289245738128179442e-01 7.716901912939276853e-01 0.000000000000000000e+00 2.405556058773090367e-01 9.969121351295819888e-01 4.276262296191884332e-02 2.751921856148263901e-01 0.000000000000000000e+00 2.781417495625734815e-01 0.000000000000000000e+00 0.000000000000000000e+00 4.688882199454168509e-01 0.000000000000000000e+00 0.000000000000000000e+00 6.085002330336709564e-01 6.462629790656240249e-04 0.000000000000000000e+00 4.048305875576565516e-01 5.120000000000000000e+02 -2.404000000000000270e+01
7.083325784089515853e-01 0.000000000000000000e+00 0.000000000000000000e+00 0.000000000000000000e+00 1.059042363019653127e-01 0.000000000000000000e+00 0.000000000000000000e+00 0.000000000000000000e+00 3.160302519864160997e-01 0.000000000000000000e+00 1.000000000000000000e+00 0.000000000000000000e+00 0.000000000000000000e+00 9.976644326033621279e-01 0.000000000000000000e+00 6.914022523245156870e-01 0.000000000000000000e+00 9.802267652292386835e-01 2.550994447589371647e-02 1.144953019331495917e-04 5.875626126018693718e-01 0.000000000000000000e+00 1.000000000000000000e+00 0.000000000000000000e+00 0.000000000000000000e+00 2.828652527826900909e-01 0.000000000000000000e+00 0.000000000000000000e+00 0.000000000000000000e+00 0.000000000000000000e+00 4.989736122970298005e-01 0.000000000000000000e+00 5.120000000000000000e+02 -2.392000000000000171e+01
8.502438264815008750e-01 6.899092433966864078e-03 0.000000000000000000e+00 8.158883322699807338e-08 7.644728171330524361e-03 8.017280545755646066e-07 0.000000000000000000e+00 4.068804688687295834e-01 4.367939923365402044e-01 5.858431090081610559e-01 5.359790200257287252e-01 5.876943132639206313e-01 8.656315395018253367e-02 8.912106712684804144e-01 2.996126460827659710e-02 5.856578537600038575e-03 3.094614243474898621e-02 0.000000000000000000e+00 9.467235119059644877e-01 9.848363773261081811e-01 3.424462251101327848e-01 0.000000000000000000e+00 9.756836915807129320e-07 0.000000000000000000e+00 5.603199731232728631e-01 6.493818397998529779e-01 0.000000000000000000e+00 0.000000000000000000e+00 6.344113595077328638e-01 9.899380412947175190e-01 9.268348317347324672e-01 2.689344387985896645e-02 5.120000000000000000e+02 -2.242999999999999616e+01
4.726322293366032046e-01 6.738927261972786908e-01 0.000000000000000000e+00 0.000000000000000000e+00 0.000000000000000000e+00 1.160870970558634113e-01 0.000000000000000000e+00 0.000000000000000000e+00 8.773990641049775885e-01 0.000000000000000000e+00 0.000000000000000000e+00 0.000000000000000000e+00 0.000000000000000000e+00 0.000000000000000000e+00 0.000000000000000000e+00 0.000000000000000000e+00 0.000000000000000000e+00 2.994635422065802799e-01 1.000000000000000000e+00 0.000000000000000000e+00 3.707636135694324375e-01 0.000000000000000000e+00 0.000000000000000000e+00 2.578263236372706491e-01 7.031056855605143374e-01 0.000000000000000000e+00 0.000000000000000000e+00 3.065651621368429332e-03 0.000000000000000000e+00 0.000000000000000000e+00 0.000000000000000000e+00 1.000000000000000000e+00 5.120000000000000000e+02 -2.211666666666666359e+01
0.000000000000000000e+00 7.653859380616889752e-02 0.000000000000000000e+00 0.000000000000000000e+00 6.364800302761314255e-01 0.000000000000000000e+00 2.783650105436990541e-01 1.367167624038849727e-01 2.846252708474620308e-01 0.000000000000000000e+00 0.000000000000000000e+00 0.000000000000000000e+00 0.000000000000000000e+00 1.557015558017527113e-02 1.064822644191791914e-03 0.000000000000000000e+00 4.472876509761210956e-02 0.000000000000000000e+00 6.193643560634337977e-04 0.000000000000000000e+00 2.489001335365654058e-02 0.000000000000000000e+00 0.000000000000000000e+00 0.000000000000000000e+00 1.000000000000000000e+00 3.639039196086237271e-01 0.000000000000000000e+00 0.000000000000000000e+00 4.128905804221994491e-01 1.615023607617945278e-01 5.281312508774308606e-02 0.000000000000000000e+00 5.120000000000000000e+02 -2.083000000000000185e+01
0.000000000000000000e+00 7.672385414160090011e-01 0.000000000000000000e+00 0.000000000000000000e+00 0.000000000000000000e+00 0.000000000000000000e+00 0.000000000000000000e+00 0.000000000000000000e+00 3.875146077603596069e-05 0.000000000000000000e+00 0.000000000000000000e+00 1.807937856494221118e-01 0.000000000000000000e+00 0.000000000000000000e+00 3.309070520737138893e-02 0.000000000000000000e+00 0.000000000000000000e+00 0.000000000000000000e+00 8.602419135385442153e-05 3.042836229219438287e-03 1.096479355845181580e-01 0.000000000000000000e+00 0.000000000000000000e+00 0.000000000000000000e+00 7.971118356676382133e-03 9.552164610598573580e-01 0.000000000000000000e+00 0.000000000000000000e+00 0.000000000000000000e+00 0.000000000000000000e+00 5.382158589970897911e-02 0.000000000000000000e+00 5.120000000000000000e+02 -2.216666666666666785e+01
1.965642792921511728e-01 4.157115773646363754e-01 0.000000000000000000e+00 4.257941745443618448e-02 0.000000000000000000e+00 0.000000000000000000e+00 1.620314048393360368e-03 0.000000000000000000e+00 0.000000000000000000e+00 0.000000000000000000e+00 6.199100286084081590e-01 0.000000000000000000e+00 0.000000000000000000e+00 1.005913971694931408e-02 4.986385163687600403e-02 1.000000000000000000e+00 0.000000000000000000e+00 8.497030331099085787e-01 1.301648942151116192e-02 9.625619915252509040e-01 0.000000000000000000e+00 0.000000000000000000e+00 8.784689471631100810e-01 0.000000000000000000e+00 0.000000000000000000e+00 3.560950512390395617e-01 7.447432223018018256e-04 0.000000000000000000e+00 5.976497065193897909e-03 0.000000000000000000e+00 6.233525605964220784e-01 2.624127327932905887e-02 5.120000000000000000e+02 -2.246666666666666856e+01
0.000000000000000000e+00 0.000000000000000000e+00 1.628494757658747235e-03 0.000000000000000000e+00 0.000000000000000000e+00 0.000000000000000000e+00 4.144395393078539186e-02 0.000000000000000000e+00 5.978360475771157256e-01 0.000000000000000000e+00 2.823888978614123423e-03 0.000000000000000000e+00 0.000000000000000000e+00 3.203254393528229826e-01 0.000000000000000000e+00 3.645283947842663519e-01 1.441819702166795003e-01 0.000000000000000000e+00 0.000000000000000000e+00 9.444297563812340535e-01 0.000000000000000000e+00 1.160900437431027360e-01 0.000000000000000000e+00 0.000000000000000000e+00 0.000000000000000000e+00 4.157818706918098850e-01 7.062152211178363004e-01 3.112277582264968423e-01 9.559713868256568547e-01 0.000000000000000000e+00 2.225225697783401735e-01 4.590674302987678146e-02 5.120000000000000000e+02 -2.164000000000000057e+01
0.000000000000000000e+00 0.000000000000000000e+00 0.000000000000000000e+00 0.000000000000000000e+00 0.000000000000000000e+00 0.000000000000000000e+00 0.000000000000000000e+00 0.000000000000000000e+00 0.000000000000000000e+00 4.645024574707505849e-01 0.000000000000000000e+00 0.000000000000000000e+00 0.000000000000000000e+00 0.000000000000000000e+00 1.000000000000000000e+00 0.000000000000000000e+00 0.000000000000000000e+00 0.000000000000000000e+00 0.000000000000000000e+00 3.564910861371311523e-01 5.137433386728741391e-01 0.000000000000000000e+00 0.000000000000000000e+00 0.000000000000000000e+00 5.704820969748588544e-01 4.308491422277915817e-01 1.148396305845227061e-01 0.000000000000000000e+00 0.000000000000000000e+00 0.000000000000000000e+00 0.000000000000000000e+00 9.302875263201969558e-01 5.120000000000000000e+02 -2.130333333333333101e+01
0.000000000000000000e+00 0.000000000000000000e+00 3.413290685098169797e-01 9.671703968922941153e-01 0.000000000000000000e+00 0.000000000000000000e+00 2.638930333431017267e-02 9.923798309749340962e-01 8.226591073977221336e-02 0.000000000000000000e+00 4.923970410759559435e-01 4.562026555160976216e-01 6.469487525285588358e-04 0.000000000000000000e+00 1.166052509202907678e-01 0.000000000000000000e+00 0.000000000000000000e+00 0.000000000000000000e+00 2.286065662004246879e-01 0.000000000000000000e+00 0.000000000000000000e+00 0.000000000000000000e+00 0.000000000000000000e+00 0.000000000000000000e+00 2.232708562389327245e-01 4.124178483339894785e-01 0.000000000000000000e+00 9.686571781240876922e-01 8.065836508475214550e-02 5.780966436585021490e-02 0.000000000000000000e+00 0.000000000000000000e+00 5.120000000000000000e+02 -2.360999999999999943e+01
7.887366420817575330e-01 9.628097711529357561e-01 0.000000000000000000e+00 4.550439195752205117e-03 1.617194344581453919e-02 0.000000000000000000e+00 2.033553482900870846e-01 8.630352782233444708e-01 0.000000000000000000e+00 0.000000000000000000e+00 0.000000000000000000e+00 0.000000000000000000e+00 0.000000000000000000e+00 1.000000000000000000e+00 4.487777171675354504e-01 0.000000000000000000e+00 1.575712815611017038e-04 0.000000000000000000e+00 0.000000000000000000e+00 7.381947990103208956e-02 3.579943660805992023e-01 0.000000000000000000e+00 7.504249858550945396e-01 4.844278588392946783e-01 0.000000000000000000e+00 7.827188556660563679e-01 5.710841107862185052e-07 3.054841727211754510e-01 1.742607875098202697e-01 0.000000000000000000e+00 0.000000000000000000e+00 0.000000000000000000e+00 5.120000000000000000e+02 -2.131666666666666643e+01
1.525450729516408810e-01 1.238313753535631306e-01 0.000000000000000000e+00 0.000000000000000000e+00 3.517386103685637977e-02 0.000000000000000000e+00 6.520756796646510756e-01 0.000000000000000000e+00 1.181661515765666526e-01 3.409086879537624043e-02 0.000000000000000000e+00 0.000000000000000000e+00 0.000000000000000000e+00 0.000000000000000000e+00 7.553122425318475539e-03 0.000000000000000000e+00 0.000000000000000000e+00 0.000000000000000000e+00 3.972888490536622384e-05 3.146795529720665310e-03 0.000000000000000000e+00 3.500494403849397501e-02 0.000000000000000000e+00 0.000000000000000000e+00 0.000000000000000000e+00 0.000000000000000000e+00 0.000000000000000000e+00 0.000000000000000000e+00 4.197664684944985014e-01 3.304572376315027295e-04 9.592160802767751848e-01 0.000000000000000000e+00 5.120000000000000000e+02 -2.001999999999999957e+01
2.340277469054795612e-01 0.000000000000000000e+00 0.000000000000000000e+00 0.000000000000000000e+00 0.000000000000000000e+00 0.000000000000000000e+00 0.000000000000000000e+00 0.000000000000000000e+00 0.000000000000000000e+00 3.161158921205929340e-01 2.708371246228606366e-01 0.000000000000000000e+00 0.000000000000000000e+00 0.000000000000000000e+00 0.000000000000000000e+00 0.000000000000000000e+00 1.832155368356402358e-01 0.000000000000000000e+00 0.000000000000000000e+00 1.117830110580677744e-01 2.663789028048634266e-01 4.892080763976761754e-02 3.587916237794393920e-02 0.000000000000000000e+00 0.000000000000000000e+00 0.000000000000000000e+00 0.000000000000000000e+00 0.000000000000000000e+00 0.000000000000000000e+00 0.000000000000000000e+00 0.000000000000000000e+00 0.000000000000000000e+00 5.120000000000000000e+02 -2.223333333333333073e+01
6.961927873573051269e-03 0.000000000000000000e+00 0.000000000000000000e+00 0.000000000000000000e+00 0.000000000000000000e+00 0.000000000000000000e+00 0.000000000000000000e+00 0.000000000000000000e+00 9.999413432556897297e-01 2.398915480670954850e-02 4.652371943726511805e-02 5.143399865815118099e-01 0.000000000000000000e+00 0.000000000000000000e+00 0.000000000000000000e+00 0.000000000000000000e+00 9.353352889144818383e-02 4.951246167882957655e-02 1.251045821239330502e-01 0.000000000000000000e+00 0.000000000000000000e+00 0.000000000000000000e+00 0.000000000000000000e+00 2.504563751967887608e-01 0.000000000000000000e+00 0.000000000000000000e+00 0.000000000000000000e+00 0.000000000000000000e+00 4.217552946166817085e-01 6.898957936215290597e-06 0.000000000000000000e+00 0.000000000000000000e+00 5.120000000000000000e+02 -2.234333333333333371e+01
0.000000000000000000e+00 0.000000000000000000e+00 0.000000000000000000e+00 0.000000000000000000e+00 0.000000000000000000e+00 0.000000000000000000e+00 5.316234530372036804e-02 0.000000000000000000e+00 2.204068797997187079e-01 0.000000000000000000e+00 9.251760638998228481e-02 0.000000000000000000e+00 0.000000000000000000e+00 0.000000000000000000e+00 0.000000000000000000e+00 0.000000000000000000e+00 0.000000000000000000e+00 0.000000000000000000e+00 0.000000000000000000e+00 0.000000000000000000e+00 0.000000000000000000e+00 0.000000000000000000e+00 3.995804993439724950e-01 0.000000000000000000e+00 0.000000000000000000e+00 1.423278268590182638e-01 0.000000000000000000e+00 9.529978050628516717e-02 0.000000000000000000e+00 7.216282753946714479e-01 0.000000000000000000e+00 0.000000000000000000e+00 5.120000000000000000e+02 -2.157000000000000384e+01
0.000000000000000000e+00 0.000000000000000000e+00 0.000000000000000000e+00 0.000000000000000000e+00 0.000000000000000000e+00 7.042409521001120410e-04 0.000000000000000000e+00 0.000000000000000000e+00 1.964789176778682089e-01 0.000000000000000000e+00 2.377955011209245406e-01 3.640045908937456498e-01 0.000000000000000000e+00 1.000000000000000000e+00 6.142820326594146266e-04 1.896270491978892803e-01 0.000000000000000000e+00 0.000000000000000000e+00 2.293769513392247036e-05 8.725693134264977946e-01 6.467489601609898164e-01 0.000000000000000000e+00 0.000000000000000000e+00 5.165306889302920812e-01 0.000000000000000000e+00 7.068089204270653347e-01 0.000000000000000000e+00 0.000000000000000000e+00 9.473974370664616229e-01 2.151802366011955625e-01 0.000000000000000000e+00 0.000000000000000000e+00 5.120000000000000000e+02 -2.279666666666666686e+01
0.000000000000000000e+00 1.201570649314423339e-01 0.000000000000000000e+00 0.000000000000000000e+00 0.000000000000000000e+00 0.000000000000000000e+00 0.000000000000000000e+00 0.000000000000000000e+00 6.203474531063756237e-01 0.000000000000000000e+00 1.973425878946157702e-02 0.000000000000000000e+00 0.000000000000000000e+00 0.000000000000000000e+00 3.947238643882862719e-01 0.000000000000000000e+00 9.118472364184518897e-01 6.451443794632566453e-01 0.000000000000000000e+00 0.000000000000000000e+00 2.905313244663845773e-01 0.000000000000000000e+00 3.002189087948819394e-03 0.000000000000000000e+00 0.000000000000000000e+00 8.312703022894608607e-01 1.247272442019271496e-02 0.000000000000000000e+00 0.000000000000000000e+00 0.000000000000000000e+00 0.000000000000000000e+00 0.000000000000000000e+00 5.120000000000000000e+02 -2.171666666666666856e+01
0.000000000000000000e+00 0.000000000000000000e+00 9.452452424086628738e-03 0.000000000000000000e+00 0.000000000000000000e+00 0.000000000000000000e+00 0.000000000000000000e+00 0.000000000000000000e+00 0.000000000000000000e+00 0.000000000000000000e+00 0.000000000000000000e+00 0.000000000000000000e+00 0.000000000000000000e+00 0.000000000000000000e+00 7.980462188523432254e-02 0.000000000000000000e+00 0.000000000000000000e+00 3.734616376611212818e-01 4.292660799461627680e-02 6.064152084095893874e-02 2.343535608335679810e-01 0.000000000000000000e+00 0.000000000000000000e+00 0.000000000000000000e+00 0.000000000000000000e+00 0.000000000000000000e+00 0.000000000000000000e+00 8.604852103090883386e-02 3.006283490091233440e-02 1.112174262595273452e-02 0.000000000000000000e+00 0.000000000000000000e+00 5.120000000000000000e+02 -2.173333333333333428e+01
0.000000000000000000e+00 0.000000000000000000e+00 3.966649529080900228e-04 0.000000000000000000e+00 0.000000000000000000e+00 0.000000000000000000e+00 3.267145011294996237e-01 0.000000000000000000e+00 1.606539621465884193e-02 0.000000000000000000e+00 1.886975915419921660e-03 6.758775984603841991e-01 0.000000000000000000e+00 5.395012569279435954e-01 0.000000000000000000e+00 0.000000000000000000e+00 3.781230256133852850e-03 1.327131044077990707e-01 1.939788308903711220e-02 1.111637559789348112e-01 6.837234448884438320e-01 4.274795581829089475e-01 0.000000000000000000e+00 0.000000000000000000e+00 1.175327670343759429e-01 0.000000000000000000e+00 0.000000000000000000e+00 0.000000000000000000e+00 0.000000000000000000e+00 2.816631273055195117e-01 0.000000000000000000e+00 0.000000000000000000e+00 5.120000000000000000e+02 -2.185333333333333528e+01
1.000000000000000000e+00 8.643118275519240390e-01 7.360835276891444789e-02 1.347956200404285161e-02 3.159781705829194931e-01 0.000000000000000000e+00 0.000000000000000000e+00 2.372048990134920099e-01 9.995146882271536137e-01 9.821380813820267397e-01 0.000000000000000000e+00 0.000000000000000000e+00 0.000000000000000000e+00 5.718605284843562668e-03 5.312144083299323860e-01 1.100720826536322611e-01 0.000000000000000000e+00 0.000000000000000000e+00 0.000000000000000000e+00 0.000000000000000000e+00 0.000000000000000000e+00 0.000000000000000000e+00 0.000000000000000000e+00 0.000000000000000000e+00 4.391453982466053119e-01 0.000000000000000000e+00 1.181824298483575772e-02 0.000000000000000000e+00 3.100971052043174359e-01 3.764018923726741295e-01 0.000000000000000000e+00 0.000000000000000000e+00 5.120000000000000000e+02 -2.188666666666666671e+01
6.734428404941915597e-05 0.000000000000000000e+00 0.000000000000000000e+00 0.000000000000000000e+00 0.000000000000000000e+00 0.000000000000000000e+00 0.000000000000000000e+00 0.000000000000000000e+00 1.625500793015349776e-02 1.699286593554137637e-02 9.996215822815338048e-02 0.000000000000000000e+00 0.000000000000000000e+00 0.000000000000000000e+00 2.734791373175229356e-01 3.866009201986499999e-01 0.000000000000000000e+00 0.000000000000000000e+00 2.228088958395926245e-01 1.517095316480240319e-01 0.000000000000000000e+00 0.000000000000000000e+00 0.000000000000000000e+00 5.305476747033609989e-05 0.000000000000000000e+00 0.000000000000000000e+00 2.194888111070544563e-03 0.000000000000000000e+00 5.429537172727868510e-01 5.743852032776790866e-06 0.000000000000000000e+00 0.000000000000000000e+00 5.120000000000000000e+02 -2.210999999999999943e+01
0.000000000000000000e+00 2.703881751092330685e-02 0.000000000000000000e+00 4.650325911944475088e-01 0.000000000000000000e+00 2.397253991844498222e-01 0.000000000000000000e+00 1.083939575229354857e-02 0.000000000000000000e+00 1.541093154955075657e-02 0.000000000000000000e+00 0.000000000000000000e+00 0.000000000000000000e+00 6.404692452225582144e-01 6.167121196038367614e-01 6.510689707771955687e-03 2.266525773383445529e-03 3.852865667103384101e-02 1.010186137127961313e-02 3.706459438833793057e-02 4.558114531635491518e-01 0.000000000000000000e+00 2.142623853979014423e-03 1.391083584102305413e-04 0.000000000000000000e+00 1.016361063480606397e-01 0.000000000000000000e+00 0.000000000000000000e+00 5.511222194762651627e-01 2.111335597647025220e-01 0.000000000000000000e+00 0.000000000000000000e+00 5.120000000000000000e+02 -2.139999999999999503e+01
0.000000000000000000e+00 7.592326365171991887e-01 0.000000000000000000e+00 2.184140896769222462e-01 0.000000000000000000e+00 0.000000000000000000e+00 0.000000000000000000e+00 0.000000000000000000e+00 7.888072160566557134e-01 6.332443502433438010e-02 1.227630430725492119e-02 1.031156607314862445e-01 0.000000000000000000e+00 0.000000000000000000e+00 1.245316245872908449e-02 3.985522817653978644e-01 0.000000000000000000e+00 0.000000000000000000e+00 0.000000000000000000e+00 3.789416803221054564e-02 9.124823172738116828e-01 0.000000000000000000e+00 0.000000000000000000e+00 0.000000000000000000e+00 0.000000000000000000e+00 0.000000000000000000e+00 0.000000000000000000e+00 0.000000000000000000e+00 0.000000000000000000e+00 0.000000000000000000e+00 3.146667530641061861e-01 0.000000000000000000e+00 5.120000000000000000e+02 -2.174333333333333584e+01
0.000000000000000000e+00 6.798440359447203152e-01 0.000000000000000000e+00 0.000000000000000000e+00 2.988341335914871484e-04 0.000000000000000000e+00 1.000000000000000000e+00 0.000000000000000000e+00 8.031093047475375002e-01 0.000000000000000000e+00 0.000000000000000000e+00 0.000000000000000000e+00 0.000000000000000000e+00 1.172098860413216259e-01 3.540587116416819503e-08 0.000000000000000000e+00 3.793754850371530152e-01 6.632606932010980394e-01 0.000000000000000000e+00 0.000000000000000000e+00 0.000000000000000000e+00 0.000000000000000000e+00 0.000000000000000000e+00 3.005433442124154642e-01 2.576966117045545457e-01 0.000000000000000000e+00 0.000000000000000000e+00 5.131082269273443686e-01 0.000000000000000000e+00 0.000000000000000000e+00 0.000000000000000000e+00 0.000000000000000000e+00 5.120000000000000000e+02 -2.176666666666666572e+01
0.000000000000000000e+00 0.000000000000000000e+00 0.000000000000000000e+00 0.000000000000000000e+00 3.591055214648944394e-01 0.000000000000000000e+00 5.548312720500941930e-01 9.610678573911874967e-01 6.358588057245517788e-01 0.000000000000000000e+00 1.277084818331267191e-01 0.000000000000000000e+00 3.692962817036820056e-01 1.173723332989927010e-01 0.000000000000000000e+00 8.711467158077293993e-01 0.000000000000000000e+00 1.465777553765364345e-02 6.844127681402773812e-03 0.000000000000000000e+00 2.991970839397790072e-01 0.000000000000000000e+00 3.522821025979203102e-02 0.000000000000000000e+00 7.331328776766748989e-01 0.000000000000000000e+00 0.000000000000000000e+00 0.000000000000000000e+00 5.341238624598767526e-01 9.983360513356444033e-01 6.997940969779950504e-02 2.522775919676452649e-01 5.120000000000000000e+02 -2.230999999999999872e+01
0.000000000000000000e+00 1.382236018615052853e-01 0.000000000000000000e+00 1.422643157902123145e-02 1.000000000000000000e+00 0.000000000000000000e+00 0.000000000000000000e+00 9.122399838020952556e-01 2.912434868426814691e-02 9.902048902882896186e-01 8.813214756586371657e-01 3.235467681127572326e-01 0.000000000000000000e+00 0.000000000000000000e+00 0.000000000000000000e+00 6.503442333661345418e-04 2.835892411847188432e-01 4.182305315058500450e-01 0.000000000000000000e+00 9.985918756665134177e-01 0.000000000000000000e+00 4.792589751769489315e-01 0.000000000000000000e+00 0.000000000000000000e+00 0.000000000000000000e+00 5.866485310617415294e-01 4.082460062949423707e-02 0.000000000000000000e+00 7.977691053223985584e-02 0.000000000000000000e+00 1.850067214449143127e-01 0.000000000000000000e+00 5.120000000000000000e+02 -2.278666666666666529e+01
3.767927718375458368e-01 0.000000000000000000e+00 0.000000000000000000e+00 0.000000000000000000e+00 0.000000000000000000e+00 0.000000000000000000e+00 0.000000000000000000e+00 6.643849739797041964e-02 0.000000000000000000e+00 3.983912113087350604e-01 0.000000000000000000e+00 0.000000000000000000e+00 2.210657687249267256e-01 0.000000000000000000e+00 2.325260313773283016e-01 0.000000000000000000e+00 0.000000000000000000e+00 0.000000000000000000e+00 0.000000000000000000e+00 0.000000000000000000e+00 0.000000000000000000e+00 0.000000000000000000e+00 0.000000000000000000e+00 1.851387866043546493e-01 0.000000000000000000e+00 0.000000000000000000e+00 0.000000000000000000e+00 0.000000000000000000e+00 0.000000000000000000e+00 3.053171961096705633e-01 1.000000000000000000e+00 0.000000000000000000e+00 5.120000000000000000e+02 -2.115666666666666629e+01
4.940290539825972511e-04 0.000000000000000000e+00 0.000000000000000000e+00 1.871280336793354482e-01 0.000000000000000000e+00 0.000000000000000000e+00 4.254636182489820312e-02 0.000000000000000000e+00 0.000000000000000000e+00 6.335691232050850996e-02 0.000000000000000000e+00 1.675396705454257062e-01 0.000000000000000000e+00 0.000000000000000000e+00 6.676640620972948970e-01 1.000000000000000000e+00 0.000000000000000000e+00 1.288212629373084415e-02 5.366732237301089503e-01 0.000000000000000000e+00 2.026450572224163665e-02 0.000000000000000000e+00 4.331251270109606061e-03 0.000000000000000000e+00 7.875351627360689666e-02 0.000000000000000000e+00 1.714654947436816679e-01 6.183784030063845805e-01 6.101638046763761813e-02 0.000000000000000000e+00 3.839360022178110038e-02 5.268599270106191224e-01 5.120000000000000000e+02 -2.305000000000000071e+01
4.329138303918628715e-03 1.764558326744871397e-01 3.046244321945089095e-01 0.000000000000000000e+00 5.263697433557750632e-02 0.000000000000000000e+00 9.348752541740130706e-01 0.000000000000000000e+00 0.000000000000000000e+00 0.000000000000000000e+00 2.998436703177145488e-02 1.816558996993268005e-01 8.968251435704347154e-06 6.774003451276759957e-01 6.572114285682909181e-03 3.933133866520069355e-01 2.282415771924827756e-03 7.836613334159738820e-01 1.036196109453500162e-03 0.000000000000000000e+00 0.000000000000000000e+00 0.000000000000000000e+00 0.000000000000000000e+00 5.330848553039498894e-01 3.531863298110369809e-01 0.000000000000000000e+00 0.000000000000000000e+00 0.000000000000000000e+00 0.000000000000000000e+00 0.000000000000000000e+00 4.775095573236139742e-05 0.000000000000000000e+00 5.120000000000000000e+02 -2.317999999999999616e+01
9.998271543286357810e-01 5.270720847331596820e-02 0.000000000000000000e+00 0.000000000000000000e+00 6.759154841133046751e-03 0.000000000000000000e+00 5.844381575623169844e-01 0.000000000000000000e+00 6.874941893499889045e-02 0.000000000000000000e+00 1.911577871187726818e-01 5.746863743678999326e-01 0.000000000000000000e+00 2.250628450741054554e-02 0.000000000000000000e+00 4.855269964222864304e-02 0.000000000000000000e+00 4.501090164445679109e-01 0.000000000000000000e+00 3.220069777825183052e-03 2.053596440508957399e-01 4.073313177667536996e-04 0.000000000000000000e+00 2.273836255916310001e-01 0.000000000000000000e+00 1.000000000000000000e+00 0.000000000000000000e+00 0.000000000000000000e+00 0.000000000000000000e+00 5.189406242607886854e-01 0.000000000000000000e+00 0.000000000000000000e+00 5.120000000000000000e+02 -2.242999999999999616e+01
2.034809715790615852e-04 8.998187183111064913e-01 0.000000000000000000e+00 4.225866533927480351e-01 0.000000000000000000e+00 2.744742543235897773e-03 4.735620534161010808e-01 1.265903686541393701e-05 0.000000000000000000e+00 0.000000000000000000e+00 0.000000000000000000e+00 5.552312160798639380e-03 5.935680389543891433e-01 6.397172992367443634e-01 2.330975394501847153e-01 0.000000000000000000e+00 0.000000000000000000e+00 6.679275576249392721e-01 6.063578812483898517e-01 1.000000000000000000e+00 0.000000000000000000e+00 0.000000000000000000e+00 5.587992465782293250e-02 3.147191624214037281e-02 0.000000000000000000e+00 0.000000000000000000e+00 0.000000000000000000e+00 0.000000000000000000e+00 0.000000000000000000e+00 4.042172901738078084e-01 0.000000000000000000e+00 2.908881932730605913e-01 5.120000000000000000e+02 -2.213666666666666671e+01
6.504744012542716947e-01 0.000000000000000000e+00 4.662867879657112136e-01 0.000000000000000000e+00 9.313375925306643932e-02 1.046430298614878240e-01 0.000000000000000000e+00 0.000000000000000000e+00 2.491235331422190523e-05 6.288491517466903097e-04 3.939341323376192028e-01 1.029375470947169052e-01 0.000000000000000000e+00 3.722617408803046563e-02 0.000000000000000000e+00 1.030060823520077481e-02 0.000000000000000000e+00 0.000000000000000000e+00 2.988782687691634576e-01 1.000000000000000000e+00 0.000000000000000000e+00 0.000000000000000000e+00 4.068339112857418116e-01 0.000000000000000000e+00 0.000000000000000000e+00 0.000000000000000000e+00 0.000000000000000000e+00 0.000000000000000000e+00 0.000000000000000000e+00 7.119916181051126891e-01 0.000000000000000000e+00 0.000000000000000000e+00 5.120000000000000000e+02 -2.187666666666666870e+01
2.069984003524064919e-01 0.000000000000000000e+00 7.188407528988230433e-02 8.121530610629158486e-01 0.000000000000000000e+00 0.000000000000000000e+00 0.000000000000000000e+00 8.119034199972160470e-01 6.052198105754500457e-01 0.000000000000000000e+00 4.689771091216082266e-01 1.000000000000000000e+00 0.000000000000000000e+00 3.163549366476290925e-01 1.627099938882814456e-01 7.655282303899191287e-01 7.252094130005929395e-01 0.000000000000000000e+00 0.000000000000000000e+00 3.656165277864001362e-01 5.711833732948293774e-01 1.489039567601343483e-01 0.000000000000000000e+00 2.098788598853227327e-01 0.000000000000000000e+00 0.000000000000000000e+00 0.000000000000000000e+00 0.000000000000000000e+00 0.000000000000000000e+00 2.760853484078571451e-01 9.688793674243658671e-01 4.064284838339587425e-01 5.120000000000000000e+02 -2.266666666666666785e+01
5.021378146624092542e-01 9.446778330338577445e-02 3.488151995216460383e-02 0.000000000000000000e+00 7.029693908228681343e-01 0.000000000000000000e+00 0.000000000000000000e+00 5.308184457659992361e-01 8.701758564098680537e-01 0.000000000000000000e+00 1.682739951481430074e-01 7.433186689922626211e-01 4.891221053670178481e-02 0.000000000000000000e+00 0.000000000000000000e+00 2.451512724905246243e-01 3.351936464165831131e-01 1.816315850843120416e-01 7.026491921981157240e-01 0.000000000000000000e+00 0.000000000000000000e+00 0.000000000000000000e+00 0.000000000000000000e+00 0.000000000000000000e+00 1.018156341580223750e-01 1.551399381695932056e-01 0.000000000000000000e+00 0.000000000000000000e+00 9.498806634732116505e-01 5.202247385268868873e-01 0.000000000000000000e+00 0.000000000000000000e+00 5.120000000000000000e+02 -2.295666666666666345e+01
1.214288577580280165e-01 0.000000000000000000e+00 0.000000000000000000e+00 0.000000000000000000e+00 0.000000000000000000e+00 0.000000000000000000e+00 0.000000000000000000e+00 0.000000000000000000e+00 0.000000000000000000e+00 0.000000000000000000e+00 7.297352510133173209e-02 3.111220730274575352e-01 0.000000000000000000e+00 0.000000000000000000e+00 0.000000000000000000e+00 0.000000000000000000e+00 4.080910883316624799e-02 0.000000000000000000e+00 0.000000000000000000e+00 0.000000000000000000e+00 0.000000000000000000e+00 0.000000000000000000e+00 0.000000000000000000e+00 0.000000000000000000e+00 0.000000000000000000e+00 0.000000000000000000e+00 0.000000000000000000e+00 0.000000000000000000e+00 0.000000000000000000e+00 0.000000000000000000e+00 2.049134285988925622e-02 0.000000000000000000e+00 5.120000000000000000e+02 -2.226666666666666572e+01
0.000000000000000000e+00 0.000000000000000000e+00 3.922043828777608820e-01 0.000000000000000000e+00 6.971872551340340118e-01 0.000000000000000000e+00 7.964722359704591303e-01 7.210269333392396174e-01 0.000000000000000000e+00 7.009006398168571295e-01 1.674379647700013629e-01 1.736225114883157422e-02 0.000000000000000000e+00 1.795129508149922873e-03 4.506451176043866358e-01 0.000000000000000000e+00 0.000000000000000000e+00 5.392628663823334501e-01 0.000000000000000000e+00 6.711002149847752896e-02 3.782953149932100634e-01 0.000000000000000000e+00 0.000000000000000000e+00 3.671811832023343591e-05 0.000000000000000000e+00 0.000000000000000000e+00 2.724676818016206759e-01 0.000000000000000000e+00 0.000000000000000000e+00 0.000000000000000000e+00 2.987568183048931458e-01 0.000000000000000000e+00 5.120000000000000000e+02 -2.319999999999999929e+01
0.000000000000000000e+00 0.000000000000000000e+00 0.000000000000000000e+00 8.708380067926507762e-02 0.000000000000000000e+00 0.000000000000000000e+00 0.000000000000000000e+00 2.892221789096790507e-01 0.000000000000000000e+00 0.000000000000000000e+00 0.000000000000000000e+00 0.000000000000000000e+00 0.000000000000000000e+00 0.000000000000000000e+00 0.000000000000000000e+00 0.000000000000000000e+00 4.213301601066230667e-02 1.285251824374228080e-01 0.000000000000000000e+00 0.000000000000000000e+00 0.000000000000000000e+00 0.000000000000000000e+00 0.000000000000000000e+00 1.831344328498441809e-01 0.000000000000000000e+00 5.361781613235200999e-02 4.504014631940412954e-03 0.000000000000000000e+00 0.000000000000000000e+00 0.000000000000000000e+00 3.644317801235381210e-02 0.000000000000000000e+00 5.120000000000000000e+02 -2.180000000000000071e+01
4.805118612685620703e-03 0.000000000000000000e+00 0.000000000000000000e+00 0.000000000000000000e+00 1.000000000000000000e+00 3.935324394565427319e-02 0.000000000000000000e+00 8.217344067809886909e-02 1.560072471462249644e-01 0.000000000000000000e+00 4.291730487236634639e-01 2.559147743224670073e-03 1.113732518764553175e-01 0.000000000000000000e+00 8.322135867768981621e-01 0.000000000000000000e+00 0.000000000000000000e+00 9.438867716763673643e-01 4.228292068223103994e-01 0.000000000000000000e+00 0.000000000000000000e+00 0.000000000000000000e+00 0.000000000000000000e+00 0.000000000000000000e+00 0.000000000000000000e+00 0.000000000000000000e+00 5.627350187027822630e-03 0.000000000000000000e+00 0.000000000000000000e+00 1.000000000000000000e+00 4.621173615395321455e-02 1.812798347190858000e-04 5.120000000000000000e+02 -2.227333333333333698e+01
2.357572105094816461e-01 6.457183760502378106e-04 2.468123720573554558e-01 1.731505946657490094e-02 7.448737514517982106e-02 0.000000000000000000e+00 0.000000000000000000e+00 2.696596039074818790e-03 0.000000000000000000e+00 6.240939199211068544e-01 1.199527514748454232e-01 9.965666556694561251e-01 0.000000000000000000e+00 0.000000000000000000e+00 4.782237780073005928e-01 0.000000000000000000e+00 9.944085687896400128e-01 0.000000000000000000e+00 1.123163663303979876e-01 3.029272323780209941e-01 0.000000000000000000e+00 0.000000000000000000e+00 1.295918635889965233e-02 7.164219197514610452e-04 0.000000000000000000e+00 1.033907211484226714e-02 0.000000000000000000e+00 7.825758896381376784e-02 9.353157815056969970e-02 0.000000000000000000e+00 9.224150673561521963e-01 0.000000000000000000e+00 5.120000000000000000e+02 -2.273000000000000043e+01
1.169905900069831278e-01 0.000000000000000000e+00 0.000000000000000000e+00 2.024813033023759035e-01 4.177133560211991614e-02 2.907141763454283989e-01 0.000000000000000000e+00 4.980681568396029824e-01 7.022066920749223118e-02 0.000000000000000000e+00 0.000000000000000000e+00 0.000000000000000000e+00 0.000000000000000000e+00 0.000000000000000000e+00 0.000000000000000000e+00 3.803895475858768416e-01 0.000000000000000000e+00 4.289357201735396474e-01 6.395294321413433347e-03 0.000000000000000000e+00 0.000000000000000000e+00 8.865387198221017582e-07 0.000000000000000000e+00 0.000000000000000000e+00 0.000000000000000000e+00 0.000000000000000000e+00 8.067708445661577743e-01 0.000000000000000000e+00 0.000000000000000000e+00 8.985199913625179224e-01 0.000000000000000000e+00 0.000000000000000000e+00 5.120000000000000000e+02 -2.164666666666666472e+01
1.368446873746355097e-01 0.000000000000000000e+00 0.000000000000000000e+00 0.000000000000000000e+00 2.130929237778874177e-02 3.975330341873291318e-02 0.000000000000000000e+00 0.000000000000000000e+00 2.013298628675050106e-01 0.000000000000000000e+00 9.994680877515697004e-01 9.951161304996464230e-01 0.000000000000000000e+00 1.977790451669185767e-01 1.033260653400808193e-01 0.000000000000000000e+00 0.000000000000000000e+00 0.000000000000000000e+00 0.000000000000000000e+00 3.962862198510452294e-01 1.441247349938934719e-01 0.000000000000000000e+00 0.000000000000000000e+00 0.000000000000000000e+00 0.000000000000000000e+00 1.389261431669380764e-01 0.000000000000000000e+00 0.000000000000000000e+00 0.000000000000000000e+00 2.577361305650220369e-01 0.000000000000000000e+00 0.000000000000000000e+00 5.120000000000000000e+02 -2.260666666666666558e+01
0.000000000000000000e+00 3.547466915273218098e-04 0.000000000000000000e+00 0.000000000000000000e+00 0.000000000000000000e+00 0.000000000000000000e+00 0.000000000000000000e+00 0.000000000000000000e+00 0.000000000000000000e+00 2.702434269458977023e-01 2.962842328513493138e-03 0.000000000000000000e+00 0.000000000000000000e+00 2.767467868029427902e-01 2.091663200702617020e-01 1.273423472639009235e-01 0.000000000000000000e+00 6.116460636940391168e-07 3.251219259637112557e-01 0.000000000000000000e+00 3.811041009239580779e-01 2.805774986450663370e-03 0.000000000000000000e+00 0.000000000000000000e+00 0.000000000000000000e+00 0.000000000000000000e+00 4.679841879566465357e-02 0.000000000000000000e+00 0.000000000000000000e+00 1.068118685329749462e-01 0.000000000000000000e+00 2.221472313859869097e-01 5.120000000000000000e+02 -2.246999999999999886e+01
0.000000000000000000e+00 0.000000000000000000e+00 0.000000000000000000e+00 5.437737053956290256e-02 1.371962237473505972e-02 0.000000000000000000e+00 0.000000000000000000e+00 5.255105744278605329e-01 0.000000000000000000e+00 0.000000000000000000e+00 0.000000000000000000e+00 2.737379679523939055e-02 0.000000000000000000e+00 1.702657958135571532e-04 0.000000000000000000e+00 1.744484265600321216e-02 0.000000000000000000e+00 8.194974202324907531e-02 0.000000000000000000e+00 0.000000000000000000e+00 0.000000000000000000e+00 0.000000000000000000e+00 0.000000000000000000e+00 0.000000000000000000e+00 0.000000000000000000e+00 0.000000000000000000e+00 0.000000000000000000e+00 0.000000000000000000e+00 0.000000000000000000e+00 0.000000000000000000e+00 1.732014580911497570e-01 0.000000000000000000e+00 5.120000000000000000e+02 -2.296333333333333471e+01
9.614140980476332254e-01 0.000000000000000000e+00 2.101771077595959436e-01 0.000000000000000000e+00 1.601678299835395392e-01 0.000000000000000000e+00 0.000000000000000000e+00 0.000000000000000000e+00 0.000000000000000000e+00 0.000000000000000000e+00 1.000000000000000000e+00 0.000000000000000000e+00 1.141181561002876377e-01 1.594732485626594240e-02 7.992723000124887234e-01 5.927926804067178423e-01 0.000000000000000000e+00 0.000000000000000000e+00 8.807456654136308627e-02 0.000000000000000000e+00 0.000000000000000000e+00 0.000000000000000000e+00 0.000000000000000000e+00 4.850812166602531117e-01 2.301428230237985706e-01 0.000000000000000000e+00 1.284240527641559472e-02 6.956038116314952058e-01 2.487369674364438982e-02 0.000000000000000000e+00 0.000000000000000000e+00 0.000000000000000000e+00 5.120000000000000000e+02 -2.295333333333333314e+01
9.683360465896749814e-01 7.930214938782746970e-01 0.000000000000000000e+00 0.000000000000000000e+00 2.770644651280430026e-01 0.000000000000000000e+00 0.000000000000000000e+00 4.200403608491368734e-01 2.040785860479541174e-03 2.250317364133893119e-02 2.721826850748912743e-02 0.000000000000000000e+00 0.000000000000000000e+00 0.000000000000000000e+00 2.758907622395882497e-01 0.000000000000000000e+00 2.748511912540091591e-03 1.300745343317941040e-04 0.000000000000000000e+00 0.000000000000000000e+00 0.000000000000000000e+00 0.000000000000000000e+00 0.000000000000000000e+00 0.000000000000000000e+00 0.000000000000000000e+00 1.200149021234185771e-02 0.000000000000000000e+00 0.000000000000000000e+00 0.000000000000000000e+00 4.585445548626092965e-03 1.762005318468288714e-02 0.000000000000000000e+00 5.120000000000000000e+02 -2.194333333333333158e+01
