2.436142974174458631e-01 1.421622964501746689e-01 1.425392129067584723e-01 7.485839272617296203e-01 7.525850309906657598e-01 3.773856312666091228e-01 4.642572655266886672e-01 9.323223460717717792e-01 8.504765411156147703e-01 9.610947398888712856e-01 6.515029431869644450e-01 5.413983862034438266e-01 4.082756662616041088e-01 9.638327889241369295e-01 5.488571496055990595e-01 3.808876551589525650e-01 4.077948608294424404e-01 5.245753330720061003e-01 8.120919876465321208e-01 5.153154244905142622e-01 9.922938326038494017e-01 4.611884653944319234e-01 1.651877113100926331e-01 4.612243187528776156e-01 6.032082262813631690e-01 2.375592912013381464e-01 8.552609428239310585e-01 2.418857327305262428e-01 6.805375004921697668e-01 3.437802721409751738e-01 2.333330271460877514e-01 2.769675382446075695e-01 4.140000000000000000e+02 2.448352544148762799e+00
7.452282577412946418e-01 2.785560257249597438e-01 3.721362450450583781e-01 9.663623726298117278e-01 7.406123002218660822e-01 1.507214008070928979e-01 2.173973791972636793e-01 9.774946613467757617e-01 7.077053809262521256e-01 9.191537485371927829e-01 5.462222793557250933e-01 2.210467323559937858e-01 2.606266756842495202e-01 3.637639441911555971e-01 5.152520028943601282e-01 9.230036669376324721e-01 1.858921228521964453e-01 6.812262721160565748e-01 4.711034905994211930e-01 7.710396953414699883e-01 3.077434030677810295e-01 6.108679634286223042e-02 6.342918470279970689e-02 6.215383759773522865e-01 5.165858838419842280e-01 5.464503077964887323e-01 2.888678069356118705e-01 6.228056025726164124e-01 4.981057039444600903e-02 6.139372851322113522e-01 2.985111975644548221e-01 1.267824828219899780e-01 3.440000000000000000e+02 2.799734424409412004e+00
6.127609991872123851e-01 8.633888073245384875e-01 7.037273601214910634e-02 3.366958382169619318e-02 1.297178043958064908e-01 5.794200747699079779e-01 6.171001424075305275e-01 8.809432285426175291e-01 8.584208557285764041e-01 8.749070506177929474e-01 6.400940382014856933e-01 4.974776866703169431e-01 9.709677441463651082e-01 1.478247871321464180e-01 4.504096372858213959e-01 7.237815620622846113e-01 2.634998926577131195e-01 9.605342295567909083e-01 1.288614301754502645e-01 6.723567168441464403e-01 5.038944539070804030e-02 7.138601749112655215e-02 1.502148343982086798e-01 4.174794768968462799e-01 2.429432336810611603e-01 9.012781990939497945e-01 9.059216708584605371e-01 3.773861320155703081e-01 1.165369160474901272e-01 1.847245228519758808e-01 9.796587092155008003e-01 6.359958740004235944e-02 4.340000000000000000e+02 2.567234652975331155e+00
1.479439547105412534e-01 8.526450904797463481e-01 5.598858885318103162e-01 1.785293485107897760e-01 8.355100237034530641e-01 9.058227831085300386e-01 8.417542042691407156e-01 3.291202778345452828e-01 9.090366870151214140e-01 3.460015808662025849e-01 8.378028695791881475e-01 6.067834137164025421e-01 6.436165456274943464e-02 7.857782419936547580e-01 5.850743974926007895e-02 7.574237000266461628e-01 8.975588503962541598e-01 1.644399894710743548e-01 4.890492746166519300e-02 8.928965223972160636e-01 6.050863398905672597e-01 4.323994398111656867e-01 2.153905972352923859e-01 1.594689996606452886e-01 7.522694367806288529e-01 8.679316985586821645e-03 3.384349577881268223e-01 7.816912657242255369e-01 3.877564218084519898e-01 8.653436568032825127e-01 7.950177176641629595e-01 3.728903364269390286e-01 4.560000000000000000e+02 2.507691795238550014e+00
8.327293550732827176e-01 9.533866368355577992e-01 1.752198591607477818e-01 4.499712919385315257e-01 7.709807721417835102e-01 6.484966250007129229e-01 1.730238850033413156e-01 3.602478611214217641e-01 4.746090885271381926e-02 7.643152734906386581e-01 9.168721247135097618e-02 1.085805573079976771e-01 6.271108882941504037e-01 3.231867674981336314e-01 9.358676068427466133e-01 2.678191546420992109e-01 9.587600716536387457e-02 9.109516456642998694e-01 7.470959928187673738e-01 1.236367892183189293e-01 5.904709676432028376e-01 5.532329648897273966e-01 5.139541688328045366e-01 9.237413207605497112e-01 3.624123739158044977e-01 5.699809591762196037e-01 1.484685866687278644e-01 1.828723332549171410e-01 1.819358318735192492e-01 8.422288338892412740e-02 1.770299704391413709e-01 1.009998055116092391e-01 3.220000000000000000e+02 2.897402996487087989e+00
6.217299781907275058e-01 5.400992674141577021e-01 5.874769706863586238e-01 6.286874125112530409e-01 7.263209724823532776e-01 9.228132552873128391e-01 2.328512973436079880e-01 4.633929821881245803e-01 6.029117450462512240e-02 2.896996302882329233e-02 4.073236237010693234e-02 9.620351028032991803e-01 6.653718452057325594e-01 8.578005408477303861e-01 1.218384823031437442e-01 5.695916350645806592e-01 9.802073936140228705e-01 5.702680322688586934e-01 7.045962909555748832e-02 7.969217059538986625e-01 6.401576541903052364e-01 9.777891226956565429e-01 7.335753470313813862e-01 5.806350710299319484e-01 1.576309765850282540e-02 5.702343023427567520e-02 2.521296252596778587e-01 3.468647032288486587e-01 4.739394884444978473e-01 8.206468532359350032e-01 9.153943751986136634e-01 1.971328146129975312e-01 4.200000000000000000e+02 2.655736887613932229e+00
8.041166127443298561e-02 7.367030728062583522e-01 8.596268284571311202e-01 2.384354507644924626e-01 8.487803061923390180e-01 2.364700253476395564e-01 3.484301048281817637e-01 6.598405725961065116e-02 8.312206353691620198e-01 1.508918052215930117e-01 7.820665164499759348e-01 1.904261880513438421e-01 1.292984031314829418e-01 1.155424922475583593e-01 2.317717272521917921e-02 8.780704604349185427e-01 6.731184683200548413e-01 2.151453607273732804e-01 4.841459557921477530e-01 3.173582301255208904e-01 2.134517534015527643e-02 3.812205624141376537e-01 2.483830249045011068e-02 6.805264664812026298e-01 8.629055306209150178e-01 8.659858920971712504e-01 1.243624054772899390e-01 3.893652119723373106e-01 9.024506621997726574e-01 6.536606834940036359e-01 2.462943027733528190e-01 4.801151236350775231e-01 3.720000000000000000e+02 2.945159454345703143e+00
1.885848864695156279e-01 6.653316618009543770e-01 8.277860972246061655e-01 8.819841228944677036e-01 3.368969743299054520e-01 5.539864000741441252e-01 4.565589563865450895e-01 9.061829350832217855e-01 1.568845468966344747e-01 2.771803085928559174e-01 3.765448854029037062e-01 3.285565044725796136e-01 7.611147566604371528e-01 7.669809922350731002e-01 3.960604529961312403e-01 1.375264663189756098e-01 1.184938035976440263e-01 5.083722354239412766e-01 4.467891387547190396e-01 9.446552336115470183e-01 1.934297908332840987e-01 4.230464349157307402e-01 5.867721800926338771e-01 5.681434435120693571e-01 9.514827662117294471e-01 8.361596566222990745e-01 7.058382261713652683e-01 6.770723200297110722e-01 8.170279796141731721e-01 4.046460932941338129e-01 5.672823933330335411e-01 8.912321266910365747e-01 4.380000000000000000e+02 2.457381884256998550e+00
7.554112866735400722e-01 5.681953320699948407e-01 4.832239712542095722e-01 4.033586237243841910e-01 8.158651190158614508e-01 1.790323956027158048e-01 4.378034881366319464e-01 9.654165083613617249e-01 1.075111697499379123e-03 4.182826511878445785e-01 5.217258225551971718e-01 1.237510604502223693e-01 5.808510757526876844e-01 3.802283825973597903e-02 4.128954348675722419e-01 2.184213725002268625e-01 1.950885899864366335e-01 8.106391633102723038e-01 3.748395709038657153e-01 4.808468106419181431e-01 4.509899056903604597e-02 9.139831495171555353e-01 8.683254389708535692e-01 2.479823181054602865e-01 3.287801100407071742e-01 1.622228918804918263e-01 8.629063958307375826e-02 8.762338118168232493e-01 1.052565842656585648e-01 5.344270911980825156e-01 4.075412301005150173e-01 1.707269819652567355e-01 3.320000000000000000e+02 2.999787609393779864e+00
4.674212600143635814e-03 8.272159880007403654e-01 8.860258023652524129e-01 5.390976876117330452e-01 9.038466808352436654e-01 9.455892859104125803e-02 3.096950143063108007e-01 4.481289623292668001e-01 1.056888916934872330e-01 8.031129898926542277e-01 9.223389702299111814e-01 2.552836667129918524e-01 5.224606513650669193e-01 6.626576739844811659e-01 2.477171052777891449e-04 1.778385510143890846e-01 9.538316925046796957e-01 8.920061258694943485e-01 2.314640152400408157e-01 4.361029800005972179e-01 4.967738135070732808e-01 9.253675811861697964e-01 1.815744646203741597e-01 3.332147729615241860e-01 3.973168457774816642e-01 1.849928046342531607e-01 8.880450792707397234e-01 3.549496388806825387e-01 3.404296053034013836e-01 5.141796063445500664e-01 6.541505983809970948e-01 7.444195655641604459e-01 4.260000000000000000e+02 2.506207955401876575e+00
2.236463403737077582e-01 2.421709508418854184e-01 2.025139783245429037e-01 6.575089667378020142e-01 1.442390585919087476e-01 5.170198667941225956e-01 2.905298201353833654e-01 1.629265322138703787e-01 4.313270365484008217e-01 1.351611224434807190e-01 7.519391175314660281e-01 8.960462970093190371e-01 9.133918874829470846e-01 6.793226034872019703e-01 5.803049599947238679e-01 6.760870877991530525e-01 1.712364620290755812e-01 4.121926414100166580e-01 7.063263759248071816e-01 9.588715000012069112e-01 3.980578250813380792e-01 2.926529576172182123e-01 9.462301581475099921e-01 4.920282460783472200e-01 4.906719237403677769e-01 8.214115901701906086e-01 6.756852607081245132e-01 5.528417676368798661e-01 2.878380988973043286e-01 5.551741198889874607e-01 6.999273508882375427e-02 6.397701394432031563e-01 3.740000000000000000e+02 2.479875724698290096e+00
2.014209213945711008e-01 7.040126133050707280e-02 3.529024274461498578e-01 5.907280368640810408e-01 7.652544653668007235e-02 3.059043788802878194e-01 4.901053638801539797e-02 3.001001206152706380e-01 8.040396633443058771e-01 6.541495850534802259e-02 6.313307744944500755e-01 4.255573851663310148e-01 4.900322752165115620e-02 7.190889365097230534e-01 2.004444773203231389e-01 6.834617830542526473e-01 8.597404087250550830e-01 3.864962118810916919e-02 9.816581676510710563e-02 6.096550475867958951e-01 8.956185689015037088e-01 2.704903565781248756e-02 8.561167230425892338e-02 9.838540740485466340e-01 1.628785816617647486e-01 1.142121320218044828e-01 4.097976946124551323e-01 1.107462289472801314e-02 3.774490181521139576e-01 9.519051886321345801e-01 4.221177816586803300e-02 2.471724719940677495e-01 3.020000000000000000e+02 3.182718832698869349e+00
3.842335817304205481e-01 4.951965670100599848e-01 2.289820441475017287e-01 9.010794992122134195e-01 9.881465245811625886e-01 9.829808020411884284e-01 8.132694787249233892e-01 7.252858252348477475e-01 8.891422309246692635e-01 8.526821497071213063e-01 1.856467605215748051e-01 6.548472620293671609e-02 8.370997502873683827e-01 8.111578752151813454e-01 9.202983186559833273e-01 5.083078749641859462e-01 5.421926218093464644e-01 9.300161343601747177e-01 9.233792725517970812e-01 5.888356417373540319e-01 1.450404172059110430e-01 7.746636112155889098e-01 9.677531887701646962e-01 2.945022422749918323e-01 4.130271147869739035e-01 3.575650798676934250e-01 5.965796896225286083e-01 4.860690291858982826e-01 4.982911132655704622e-01 8.273550030991889681e-01 2.723679345363391735e-01 6.823162864338652156e-01 5.540000000000000000e+02 2.136165973596405809e+00
5.334856619045814652e-01 3.326804078734884040e-01 9.468160133459252448e-01 6.805648479714695442e-01 1.248900918368232305e-01 2.586906835818199579e-01 8.365844042900624222e-01 7.571375993903428636e-01 6.729156438529232398e-01 9.927289330344338802e-01 6.156012171981678494e-01 9.183223200858130486e-01 6.182082312355616782e-01 5.402754711622701489e-01 4.366052682399539364e-01 8.332581744654138367e-01 5.949611709036590756e-01 8.456610808765459009e-01 2.068583936937945511e-01 1.547746779108609971e-01 8.729035945587061418e-01 6.423305530463462309e-01 9.728924033205067490e-01 1.201332799878056662e-01 6.308703106426611917e-01 1.979842094868907443e-01 4.643803063997834490e-01 9.610771982820421888e-01 7.465450344760323764e-01 6.254172643528562725e-01 4.679991674659519929e-01 2.684580354761318399e-01 5.040000000000000000e+02 2.213848506540492256e+00
2.928890493871686429e-01 9.509043984546902140e-01 6.973222260365253833e-01 9.394712128985209798e-01 5.894440737324214696e-01 4.048120826220844015e-01 9.799767557580676414e-01 1.548867560767607510e-01 8.774575468432005421e-01 7.141461471477865697e-01 4.820726847563325812e-01 7.230425618007984001e-01 3.292335149913246800e-02 5.912015764712562627e-01 3.114479484565995659e-01 3.547241442291204083e-01 7.916937491827088502e-01 7.767637633634632000e-01 9.403486285540536560e-01 8.633296630178548536e-01 7.089938907700835680e-01 6.874357878975726477e-01 3.828429604305194633e-01 4.571402070048106725e-01 4.365924851347490199e-01 7.284819689004353727e-01 9.635706082898242153e-01 9.163119745080935408e-01 3.087098951121824419e-01 6.377288693890377225e-01 6.973728852692975266e-01 4.394563464617368131e-01 4.960000000000000000e+02 2.023855166965060626e+00
4.904781499959119939e-01 6.812523420620467673e-01 1.046120173518962915e-01 1.183947991021353820e-02 5.736221298366607213e-01 9.447015242275265123e-01 4.289920023740525362e-02 6.268503202640410832e-01 3.125649143765087956e-01 1.618933613657188297e-01 7.137184701896621686e-01 8.543752846142019242e-02 1.266465448628970314e-01 5.171831835023592561e-01 6.266821869627685615e-01 1.251734957760620437e-01 9.238965537279179019e-01 5.802405187742220027e-01 8.288968117288254556e-01 5.669798237619487757e-01 9.130503504539188020e-01 7.278949306615558612e-01 3.227700231402604869e-01 6.642153980574627692e-01 8.322423162057822621e-01 6.880413024772804587e-01 3.266592582510004505e-01 6.376613800403683197e-01 1.445195334702546687e-04 5.910485832737991663e-01 9.270010350481312777e-02 6.325741316227283528e-01 3.820000000000000000e+02 2.487494682971342019e+00
7.739620541627010297e-01 5.815482572897057167e-01 2.432336490296147791e-01 1.714510740856624998e-02 6.408092578795067107e-01 8.095939260076883137e-01 7.179004475983947753e-01 7.869173358387574480e-01 6.345648078649046564e-01 4.936578711851738466e-01 4.011510569526791636e-01 6.319463978501925761e-01 5.684998852059444108e-01 6.126186583119177520e-01 3.285310157952817112e-01 9.132911523143809607e-01 3.848283771350762827e-01 5.972518802522612802e-01 3.129832899948344904e-01 7.440097244450837310e-01 8.680691869058601573e-02 8.844383664582088356e-01 7.757344230302020138e-01 8.211540338199859734e-01 2.351443378277347229e-01 2.748020787990609892e-01 8.338379867869648576e-01 7.265928419374565461e-01 2.227399683236662709e-01 2.566174589090050584e-01 3.406217654433414954e-01 7.970841466144594767e-01 4.160000000000000000e+02 2.273842856324749473e+00
7.802804779287824122e-01 2.186883555434704918e-01 6.700037495125837905e-01 9.113348865099548668e-01 5.383860527974038135e-01 5.067202516437392390e-01 8.769088314605970602e-01 7.728966772142373820e-01 4.466763319381212849e-01 8.144276723446199906e-01 4.457160605441508605e-01 4.833907645047210710e-01 8.579277602095373156e-01 1.743738947371142045e-01 1.001886809164220377e-01 5.340043985937368287e-01 8.757172743012453520e-02 3.246078240727038322e-01 2.142887385555241123e-02 8.546579446862236917e-01 8.333674906284762596e-01 8.300775460415105167e-01 7.592063404036325514e-01 6.498287682419581213e-01 4.472214700029403800e-01 7.423701008870330076e-02 5.041218348041400787e-01 9.321247496803409804e-01 2.550526941744934994e-01 6.724238661107393433e-01 1.696565030440275873e-02 7.175037236905816851e-01 4.560000000000000000e+02 2.460964711507161784e+00
9.068169143666037213e-01 5.224058956800939901e-01 4.744101980079560854e-01 3.507810561413752248e-01 3.695774620291919499e-01 4.162486808927686188e-01 7.376323981530563678e-01 2.813545025254911014e-01 1.358222335461044539e-01 8.260553167019909493e-01 7.961317003008517856e-01 7.403650493665551169e-01 5.950820658386082318e-01 3.710199521759937613e-01 5.950087750093345784e-01 5.813841384440470161e-01 9.433701294794756276e-01 7.009034758805224308e-02 5.170223834593873358e-01 2.364700109074643064e-01 8.466223535580144066e-01 3.516100815124683643e-01 8.067803218516447217e-01 6.883872567172591994e-01 7.080836310946639900e-01 2.393911082047536776e-02 9.898783957794695665e-01 8.536416744105463916e-01 7.725069824735485424e-01 2.133823125576011503e-01 4.802706616766502234e-01 5.510815341581543070e-01 4.260000000000000000e+02 2.305991043090820369e+00
6.598324090935183683e-01 3.135532718011014852e-01 5.187971884350299767e-01 5.815037421610474988e-01 4.052895408809126243e-01 5.390315269003581600e-01 4.070358593987969398e-01 5.114466049789612168e-01 2.332022756095517013e-01 3.993471341462223601e-01 8.202844198174550350e-01 8.615089823752993814e-01 7.645592590938986577e-01 4.797153662197349844e-01 6.037097038325338616e-01 7.347024398791153210e-01 7.637278431361890219e-01 2.666828192981582357e-01 3.178028506619662297e-02 8.272432264593819751e-01 8.073159521484243317e-01 3.254337279429273533e-01 3.705456864881185863e-01 3.857582585579524825e-01 5.863111891589203317e-01 3.878707319806760090e-01 3.108773622573428042e-01 1.262024713015500732e-01 6.123735118662103627e-01 7.811727475508351004e-01 9.391469803701254504e-01 4.446641309393292163e-01 3.840000000000000000e+02 2.436021428049346405e+00
6.459014000996201599e-01 1.105327788367850700e-01 9.098912773599565629e-01 5.141493350972085041e-01 9.658918615053517787e-01 2.435815532075659429e-01 7.100497941390184441e-03 8.342008000867627837e-01 9.474054068338604306e-01 1.964601790525507818e-01 8.676496181283003262e-01 6.015779476074699650e-01 9.552405587857164537e-01 4.116470759813787850e-01 1.444257562910502279e-01 2.339092012479566385e-01 4.643491899345862928e-01 2.280210666154576238e-01 7.450859440597180638e-01 2.548231245737734782e-02 8.154776145204281068e-01 8.122185511958347481e-01 7.904917764160818150e-01 5.252137926268672929e-01 8.831364625143799385e-01 5.117748912851913801e-01 6.173800152816297793e-01 6.921306352705653975e-01 5.579742898381332417e-01 9.123225681627975536e-01 7.497768696119788689e-01 1.556803713396952456e-02 5.040000000000000000e+02 2.468792551214044728e+00
1.726383017815038834e-01 6.965061155598500919e-01 8.359213923753358588e-02 3.037332302103885606e-01 4.817303311651887632e-01 7.419020501504181020e-01 5.329620157354350019e-01 1.869470074868860576e-01 2.095680388257312177e-01 4.001971773871869364e-02 2.384613923338940178e-01 3.426500492774151030e-01 1.682801081122493048e-01 6.423267673433250002e-02 7.820051923160326046e-01 4.390181516967177344e-02 7.370793048185231289e-01 9.812903790017916128e-01 6.925511070497980537e-01 5.029856877113482172e-01 6.970703077971633910e-01 6.639820511759210175e-01 9.263603564341392760e-01 8.467890720286886941e-01 3.778617719642442252e-02 8.070265329414126887e-01 2.108579984344492730e-01 1.720141270588023963e-01 4.590318479731583245e-01 5.597015473708788491e-01 3.853085347519544235e-01 8.369875464207593430e-01 3.540000000000000000e+02 2.669620539818280847e+00
2.079640586241128866e-02 4.269200714627467697e-02 4.527046042277487747e-01 8.243179568079840314e-01 9.745774668981269651e-01 1.161696670923141432e-02 9.924606304427046055e-01 8.896127620053175811e-01 4.073039365854447813e-01 5.881527774162019773e-01 3.334378019780807056e-01 9.467854411066564113e-01 4.456406746461689106e-01 9.125518991300084481e-01 4.972429724524798367e-01 4.806179780841319804e-01 6.179239590364796753e-01 3.687054779222195267e-01 8.520081416316309664e-01 2.058507244999652486e-01 2.642037807333973976e-01 5.866776152061874416e-01 7.181825324035670532e-02 8.670359627089916366e-01 1.753615347308886685e-01 7.348790074011567475e-01 7.483974816875265113e-01 4.129365534107110047e-01 7.965985709362161105e-01 1.906579535630693323e-01 8.721115710182282266e-01 4.953638842800376363e-01 4.520000000000000000e+02 2.607000577622565540e+00
3.778068108400989833e-01 1.496769200913604103e-01 5.778425320856802605e-01 2.559001216760268815e-01 4.552364297889300304e-01 7.539419893290413288e-01 5.596291573869914826e-01 7.989133583067009603e-01 3.434150465022605125e-01 4.709690856629904498e-01 2.451879286730104454e-02 5.966634427544505181e-03 9.954527510990786032e-01 2.951592009267199335e-01 6.921167365410537675e-01 2.481692935375750808e-01 8.208033583507267084e-01 6.374630947197427178e-01 9.774712611044017452e-01 7.074539617592272567e-01 3.762949121133727370e-01 9.609134018909322450e-02 8.753557736957294777e-01 7.118569020988971818e-01 3.829582288740827622e-01 2.627517057243641263e-01 1.878760868062575862e-01 8.079273851034676768e-02 4.006058879494201475e-01 3.093537621394703563e-01 6.102024997450160582e-01 9.825653684234412211e-01 3.600000000000000000e+02 2.789646579601146925e+00
8.231174442614741515e-01 2.321803876761089624e-01 2.103350354343723749e-01 9.719126871444894178e-01 6.587973945940573950e-01 7.191380522010315524e-01 8.955922801015919754e-01 6.023841846641895259e-01 1.785267687441862428e-01 4.489205268829126183e-01 2.164432482688935511e-01 7.740379500703761240e-01 6.670129043443810968e-01 5.817950326443243059e-01 4.022143431795794921e-01 4.719636110683857466e-01 3.549056288973183593e-01 1.560586804435500421e-02 8.877117304317284630e-01 1.296424378672191013e-01 7.670635829164760590e-04 8.010400901328782464e-01 3.458354241372613158e-01 6.116754093012208848e-01 2.679652053335477846e-01 4.282886551731576175e-01 1.550830027956315868e-03 5.828023021349792998e-01 3.672078898335831565e-02 4.157607637527119260e-01 1.164716247219985401e-01 4.233520009178952659e-01 3.580000000000000000e+02 2.751200894956235654e+00
8.998756969804581063e-01 9.193205179904364588e-01 7.026432690397492742e-01 7.961766169255254377e-01 9.656155510807827580e-02 4.377886970037056513e-01 8.591567065623111343e-01 2.400786121046504795e-01 8.054449505499459983e-02 8.069325329960785886e-02 5.316009062595190571e-01 3.878304315043515360e-01 7.371756794643586908e-01 8.828880083949466329e-01 8.260066058433421787e-01 4.594957051963226569e-01 1.124499878774824074e-02 6.192979000789733401e-01 2.693349790645539477e-01 6.039296381643435158e-02 2.422813607230153432e-01 5.350854906111515152e-01 2.824833097022987904e-01 1.481778644849218174e-01 6.932538912149235344e-01 6.641475819489416343e-01 5.625119932899343977e-01 2.078306616953080888e-01 5.723399080023773289e-01 1.319288784410358184e-01 7.429924474055973338e-01 9.596617943118618266e-01 3.900000000000000000e+02 2.404163962144118205e+00
1.199477531259952878e-01 2.012905653173565346e-01 7.294497804686383979e-01 4.705639533650178286e-01 4.263779279216760587e-01 1.107496886830087596e-01 5.083468737221115141e-01 4.921102873270630784e-01 5.056517961306208342e-01 1.190507397089401315e-01 7.662492537923640823e-01 2.676104235915156143e-02 1.999549728910676172e-01 8.322813648909342665e-02 6.532647492426214841e-02 8.948110630892336381e-01 7.512145263308027676e-01 7.120551491093528584e-01 6.583435022085428745e-01 1.691111377917166314e-01 9.607766852743968577e-01 3.772097820300676085e-01 3.575822367643323729e-01 2.661957375867505804e-01 4.720101157189802721e-01 7.506842285119793567e-01 8.237225788963751238e-01 4.396842643265260198e-01 4.229993240823800016e-01 9.976793870033318079e-01 5.846246255964506755e-01 8.653194706006440695e-01 3.600000000000000000e+02 2.750008677258902967e+00
3.999312536726072620e-02 2.694699735426595577e-01 1.539593206610830600e-01 4.193039727427103625e-01 2.718825233466607982e-01 9.594580849442800874e-01 6.197034562246904743e-01 1.265886447401358972e-01 3.892575702770664225e-01 5.739125210125733956e-02 1.135010270013957212e-01 1.444439607667774850e-01 9.290646953580009582e-01 6.444546584999846228e-01 3.392797653485685183e-01 8.714709723329276958e-01 4.685588394772349091e-02 9.703251926596097310e-02 1.632456591224202280e-01 2.817861459860122042e-01 2.921615378192908286e-01 1.510221297208900332e-02 7.080204326489555333e-01 7.840744084058981489e-01 2.746810444699531173e-01 8.477624941857896390e-01 9.500523196266755788e-01 5.884108651941448720e-01 1.618878062550272445e-01 9.813781337486227052e-01 5.969925001173895934e-02 1.760000967285939855e-01 3.260000000000000000e+02 3.227922018980368790e+00
1.407751322617286360e-01 3.999581884317264246e-01 6.205479282968690002e-01 7.368075351317446842e-01 6.037882314798183048e-01 5.692785382754157464e-01 3.871897130212839655e-01 1.396517622486434518e-01 7.364771911918861491e-01 5.262390598583077672e-01 3.012119276961807146e-01 6.854582456137625623e-01 8.168044833714521724e-01 9.767082212341664516e-01 8.881386971768199246e-01 6.297155833370174927e-01 3.051463542337923274e-01 7.442336757777499034e-01 6.343207262448844475e-01 3.636958840767859913e-01 4.527525061377680182e-01 8.948921328461335589e-01 1.260022736411624544e-01 1.784934407073532625e-01 9.085591392336467287e-01 2.519075624655375267e-01 9.226788493821259651e-01 3.251416789683057029e-01 4.441427929636801997e-01 2.951740061792128555e-01 5.133144196461442155e-01 6.901108489239048405e-01 4.160000000000000000e+02 2.412784371009240036e+00
2.752263891566478216e-01 3.960226314927462465e-01 7.324334486191904636e-01 3.693239983566330431e-01 2.896089899999820250e-01 3.197881987830065165e-01 3.748786508320958166e-01 3.892055327082905580e-01 9.998939162739276520e-01 7.432629988103798269e-01 1.327242354479569453e-01 6.575646902647426240e-01 6.453029927368825192e-01 3.900036582652537942e-01 6.385897277262075900e-01 2.898195834199109866e-01 8.328723151755812459e-01 7.840819507745200312e-01 3.349048753703758874e-01 7.297598984923919785e-01 1.787982165714670502e-01 7.012072267557438732e-01 8.424277845262159170e-01 5.181029265727209454e-01 3.106878248087996952e-01 4.504602465137406697e-01 6.593230241689534976e-01 9.373074458198326075e-01 5.355510147887538874e-01 8.885896332825825583e-01 4.497825713906011824e-01 5.089350588441888812e-01 3.920000000000000000e+02 2.425992245144314108e+00
9.543680783040965621e-02 9.359674444900460966e-01 1.570417024861779642e-02 3.273529265060056148e-01 2.612990129974436804e-01 5.972625813226440927e-01 7.772348829387311087e-01 7.353555099162103481e-01 4.854972046155339171e-01 7.195407193815035463e-01 9.199142255668243395e-01 3.547462442829448781e-01 1.001101936899207179e-01 2.084175317602317834e-01 9.383925176702113680e-01 4.416849028674320610e-01 4.550823382405654871e-01 9.859232500001126054e-01 1.489493243051887850e-01 1.094096902582801789e-01 1.042372604713101697e-01 8.619548945095699688e-01 8.180312986162642241e-01 2.093207206426724587e-01 8.786102000812735791e-02 5.761288777467997724e-01 6.728193908735351225e-02 7.715768372760731797e-01 2.499007155319596662e-01 2.326762812586007367e-01 4.216271632211558984e-01 2.222540219873950784e-01 3.520000000000000000e+02 2.689623475686097720e+00
6.869376611595280346e-01 3.358361339346881413e-01 9.983490161581926037e-01 4.925060960428496726e-01 5.216067039464549193e-01 6.135962046278684023e-02 6.902912916186443315e-01 2.297951532297882737e-01 7.601837659994952201e-01 2.899828681204179026e-01 8.960380210651359700e-01 8.359005275695331472e-01 7.798732578269444993e-01 7.337540698361995073e-01 9.694335571408025931e-01 5.049224649352075378e-01 9.061481237996712457e-01 1.836601442770271486e-01 2.974212298510823249e-01 9.817661547013586398e-01 2.373321422148989557e-01 8.243977921740716641e-02 6.842721104102268415e-01 3.744705130444271335e-01 8.906721889066564479e-01 6.724471185538888340e-01 5.131894258857647717e-01 3.106515092530975908e-01 3.528678542008623631e-01 4.401101968816117233e-02 8.789624674537845905e-01 2.221261112901875556e-01 4.440000000000000000e+02 2.450991058349609286e+00
5.974118806692677586e-01 3.782484951334980638e-01 1.125405509387591707e-01 4.981335482306205320e-02 4.996819918986634135e-01 8.802985000727134857e-01 9.524217414075044630e-01 5.872121703558483841e-01 5.486368647471639992e-01 2.556585655472645713e-01 4.936618339016639601e-01 3.766518476392113346e-01 4.330935036350175849e-01 2.155521321874295793e-02 7.048274813834795038e-01 1.993131742577848031e-01 3.456248232530039211e-01 8.298977965833164161e-01 7.692646794798240206e-01 3.806552054624142145e-01 6.719330664927367636e-01 5.686014744004689314e-01 2.320068192133893925e-01 5.053638450099344759e-01 5.269612090590548581e-01 8.845877135984365758e-01 7.732747714406759121e-01 2.038821818206811853e-01 6.431809116215564393e-01 4.730124929048207805e-01 3.707084201629767262e-01 8.497944781115598367e-01 3.600000000000000000e+02 2.531322721787441221e+00
6.733861485589606177e-01 1.641003861047336462e-02 4.016614106853104160e-01 1.340453398932663631e-01 5.034861725355747886e-02 1.257022548189669076e-01 7.482274522508633452e-02 8.417713216244984142e-01 7.511407450135397512e-02 6.776062712900875473e-01 1.360002053046046114e-02 2.355186462591916385e-01 8.077727038038450269e-01 5.258131321890310295e-01 8.156042079991078220e-01 3.179852905986072509e-01 6.287088188716837278e-01 4.140409319088282913e-01 3.578328515075069327e-01 3.456208754602220212e-01 7.656611978916192385e-01 2.293937488583900619e-01 6.673589243529918225e-01 1.988503156814689921e-01 1.090255825380018334e-01 9.669686656877690689e-01 4.902299096425805636e-01 2.757207923890852563e-01 6.810111691278035451e-02 1.445056239348433413e-01 1.481514918194734576e-01 7.057631665534441767e-01 3.040000000000000000e+02 2.922000212896437521e+00
4.947743028372856289e-01 5.350270352507832117e-01 8.461987974864708661e-01 1.734288837122970328e-01 2.472186635177102132e-01 7.969234596774000812e-01 1.900010235794952485e-01 2.573620213185011107e-01 1.151283317596912964e-01 9.617751759429354896e-02 9.697384849493005943e-01 7.131412727650469074e-01 3.094234225585322795e-01 7.587388775173977695e-01 2.722388514273062499e-01 6.512133453645551073e-01 7.249236479619152185e-01 6.136272685214955169e-01 4.102208288060919285e-03 2.962350785596122860e-01 6.659963901804148989e-01 7.916322333427817659e-01 4.356300933886419480e-01 8.834322239709971880e-01 9.615017785917324700e-01 6.049829895606960717e-01 2.689155532894655365e-01 1.555156941754637090e-01 1.989681025875206580e-02 7.341594676491287608e-01 5.927105903803023823e-01 8.782200046468933152e-01 3.900000000000000000e+02 2.496415976536126902e+00
4.101836159764430945e-01 4.610642871803234955e-01 9.728185476633862683e-01 5.707368177366378692e-01 4.605964220072193416e-01 3.421057079252643462e-01 5.937745576576317630e-01 7.090346223529023773e-01 3.003581355165299560e-02 6.636835632871024293e-01 1.498190050655287264e-01 7.987306804724875198e-01 8.766163618903728416e-01 1.360528575370044679e-01 4.799152596054058195e-01 7.874339488382962049e-01 2.904776673773929591e-02 2.788243289770393485e-01 1.771267045703654452e-01 6.464450900905687192e-01 5.867419585303973451e-01 9.891020338980206494e-01 5.875406116485142327e-01 7.980392333767685753e-02 9.218495994979977182e-01 9.490317546634005619e-02 8.076201956815978189e-01 5.601506268367688612e-01 5.086433262214106188e-01 7.727339130149721846e-01 5.043137904831314078e-01 3.101649115593697048e-01 3.700000000000000000e+02 2.601944996398172005e+00
5.726818374522906208e-01 4.305024672987333156e-01 9.604589123518307847e-01 8.679389595092924514e-01 9.117464039648170981e-01 3.984211147193259667e-02 7.502821581321922340e-01 3.108439846336538137e-01 2.909820417526346459e-01 4.433005054914150311e-01 6.019271984708287615e-01 7.830066049694812680e-01 7.288684077617525459e-01 4.561719400481935582e-01 9.854683999367688241e-01 7.024536901979900883e-01 8.768689907056798072e-01 5.056611119498402029e-01 4.183666375900306211e-01 4.041776344823611034e-01 2.206402301513462616e-01 5.917621877847225598e-01 3.983660458781369540e-01 3.142314878908822329e-01 5.633454595415327004e-01 5.246191968848035181e-01 5.370075759329703269e-01 6.564843427026599842e-01 7.787669390491731569e-01 6.917989688178189933e-01 9.524191429248839436e-01 7.472449193077435048e-01 4.460000000000000000e+02 2.176554694542518487e+00
4.518224870336708943e-01 7.284610883729053521e-01 2.833647991097789642e-01 9.865120531485875865e-01 2.007761946383194163e-01 6.654591199289390246e-01 5.746536745379324795e-01 1.527740834886444875e-02 4.267487820241074870e-01 8.639863146691046936e-01 5.783056469861554971e-01 5.278282622500181098e-01 5.443752031223186849e-01 9.306410080840268328e-01 3.786056118274880866e-01 3.845439053603221802e-01 7.947646217106328903e-01 4.296584452926369702e-01 3.960132608578872948e-01 3.854230413474089012e-01 9.306768513418625099e-01 1.642637394255675176e-01 2.868461346549088797e-01 1.345597442873991134e-01 1.745328119779373729e-02 6.393380447791224830e-01 1.634275941178391367e-01 7.991080894046601601e-01 6.203809979979414413e-01 3.808606975131482719e-01 1.353817355954689550e-01 8.146697280275878583e-01 3.560000000000000000e+02 2.669676564063555357e+00
6.063000760538539424e-02 3.006141938118577217e-01 4.156284293123884144e-01 4.776544481249901386e-01 6.952329839122070032e-01 1.935063634298815338e-01 6.690703159564868052e-01 9.925172579518212190e-01 6.895001497971459115e-01 9.829457115986420801e-01 3.133351296233420902e-01 4.778390419235672981e-02 1.093893893318762314e-02 1.349125829261702166e-02 8.543848416393656775e-01 6.497170193773275093e-01 6.553337207571303669e-01 8.720975555937598989e-01 8.962481556513657299e-01 3.850814079944376439e-02 5.137073810183525602e-01 3.516610733280232937e-02 4.568962942704510310e-01 5.831902978493632567e-02 7.351787795330679831e-01 1.016636586876357162e-01 2.682803804658466171e-02 2.998289476176493329e-01 9.049490061179217282e-01 4.420784037086440410e-01 6.793723352461448206e-01 4.032481626820062504e-01 3.840000000000000000e+02 2.814923917330228509e+00
3.586671280083618130e-01 7.513899515990632993e-01 4.290420600470024604e-01 9.368204336791084719e-02 2.289185476616920623e-01 1.315571833751806308e-01 6.556672942835549689e-01 6.773134298203536963e-01 6.656769815535573676e-01 6.481641492336814858e-01 6.869342101694646541e-01 5.607390626080899221e-01 5.266328963991632195e-01 4.734754453969408639e-01 4.668620393686113701e-01 4.161887467991896017e-01 6.410427038784121123e-01 4.491161507508825146e-01 7.933892011908019182e-01 2.670684328583922129e-01 4.309295477265995822e-01 2.565456142832132636e-01 3.881346541887215756e-02 1.067753530265684592e-01 3.661481396064618643e-01 2.118632869569813115e-01 4.237785694522963609e-01 8.120136839672124074e-01 9.635687653639961603e-01 5.060469564173738499e-01 3.545649031792774131e-01 7.673825335651059953e-01 3.240000000000000000e+02 2.494809417724609180e+00
4.164176415583998869e-01 7.807297177324445947e-01 2.221461457300000220e-02 1.568135727763640686e-01 9.215463588699023267e-01 6.286803818687261014e-01 9.050265447384676643e-01 4.855440895516623390e-01 3.614642450499158111e-01 9.046914251520014050e-01 9.368158135136743780e-01 4.291217997122732941e-02 2.858038960842272935e-01 6.308838746463407698e-02 7.567426024790291361e-01 9.734791251236087906e-01 5.482998106347995726e-02 1.245171749758289537e-01 5.805112951853883541e-01 9.145397843957522310e-01 3.643963695887841858e-01 2.457404173366171674e-01 6.185885429049630124e-01 6.012720717935937653e-01 5.019524593506057286e-01 9.805628336978425841e-01 2.726610404124676368e-01 7.102600372922879268e-01 7.144678635626703356e-01 9.544934247574273778e-01 7.244015678824032856e-01 3.335732661322192150e-01 4.520000000000000000e+02 2.457593070136176117e+00
8.460325102248458240e-01 8.252454129089962231e-01 7.647077137605772235e-01 8.282037919048657049e-01 3.035718215771522899e-01 8.263855969617449615e-01 6.467861926138527284e-01 6.481074303876157572e-01 2.487321860116726846e-01 9.442489927747220735e-01 4.307422912057624620e-01 8.554575809271285358e-01 4.136585502114722424e-01 9.018694591079888800e-01 2.104576758871456454e-01 7.940271822103739385e-02 5.096408224635522455e-01 1.907251008974708839e-01 8.662575795085973585e-02 6.909266863579596185e-01 5.405396336417778169e-01 6.223188887910563460e-01 4.237977090534370550e-01 2.325887463836260327e-01 7.174332364790606542e-01 1.313695699013261997e-01 3.962589214534126270e-01 6.057498394970932676e-01 7.058922170260623075e-01 3.949944744539473085e-01 1.198244211789429442e-02 2.748250685209630353e-02 4.280000000000000000e+02 2.434189860026041874e+00
3.229271320311785654e-01 9.848406919615081412e-01 5.337272795577956419e-01 7.890196338226397321e-01 1.438386157364499908e-02 4.812793064553634870e-01 7.056116308728404007e-01 6.959062540190779078e-01 9.357684701681346917e-01 6.157315011693972329e-01 3.846050587780784347e-01 1.315461501127115351e-01 8.470957508949482628e-01 8.523288482429611790e-01 6.587117388434301501e-01 2.237055627593481297e-02 6.955396178420079900e-02 1.523281195504129215e-01 2.529187888697107534e-01 7.060905342902441817e-02 3.450691727510599160e-01 4.924905024701098366e-01 8.921192268222105648e-01 2.995511712205200724e-02 4.897780406342513299e-02 7.903665452837456140e-01 6.411561588244721888e-01 4.022258588031218385e-01 8.969646151682503232e-02 5.856856894528277291e-01 8.980638772237379275e-01 5.851480361572274358e-01 3.860000000000000000e+02 2.657707312168219094e+00
7.130873956724014251e-01 1.872759527141771574e-01 5.532780230094520579e-01 2.187343035710641870e-01 1.771064722809938818e-01 3.941133061403758187e-01 2.025192208357266543e-01 1.907368710694849756e-01 7.641705994869664176e-01 6.317929393871032362e-01 7.375490810187473878e-02 8.181927775723470964e-01 4.830435577475734044e-01 2.409610228518292707e-01 3.595896543245457044e-01 6.031676107705032097e-03 9.865388519048426952e-01 2.481451264953849489e-01 8.660241618578106149e-01 7.585972605326407603e-01 4.264341199797733739e-01 1.549558777987372904e-01 9.101868593695479071e-01 5.515693567596804403e-01 5.925823745293335998e-01 3.458635225994391438e-01 3.492570102711551466e-02 8.624043318755337806e-01 6.845362891597523980e-01 8.934818629763141562e-01 9.850355664996978122e-01 5.266861830877652695e-01 3.940000000000000000e+02 2.697658253987629706e+00
3.442232706988392343e-01 6.130731625913781180e-01 9.242898973232517301e-01 6.109254993670688583e-01 5.560121719611135216e-01 7.871521059696644507e-01 1.225156239696498645e-01 4.168806329043032721e-01 7.167717736102603432e-01 2.523010661670505028e-01 8.542802843110710587e-01 4.411977780754215983e-01 3.604635251958694386e-01 3.063943742742244458e-01 7.351836400064865051e-01 4.090348298314645525e-01 4.964340328731488561e-01 9.366693716336292885e-01 9.646195857599648704e-01 1.958315616653698559e-03 3.940441278552769822e-01 6.687291631406844239e-01 9.754046277895324357e-02 3.351013288930347889e-01 2.003808619931977120e-01 4.750657441875807963e-01 3.567175305999625845e-01 7.478697365309394662e-01 5.496749397387872271e-01 7.609052759290457768e-01 8.544493566447428634e-01 2.878136416300313694e-01 3.860000000000000000e+02 2.533100236492392465e+00
5.443151085093637098e-01 8.831372177716627636e-01 3.439859383956325734e-01 2.366861705086588108e-01 2.617752308877423217e-02 6.943416695757673729e-01 4.982648202932771220e-01 8.710532631309767515e-01 5.321456675691544902e-01 3.589037291769383020e-01 8.808648564489087729e-01 2.533326153587310281e-01 7.034109663589384054e-01 7.041089181880421100e-01 6.799006340492720346e-01 8.201025540660874524e-01 1.465447034227145284e-01 7.209018795544003266e-01 5.560389971627381911e-01 9.941999353144614915e-01 2.802172033168318643e-01 5.138074078315828519e-01 4.786845764415524340e-01 7.711824497638678499e-01 2.161280078352386391e-01 9.917668160338559691e-01 5.726481198046868837e-01 9.041344292107721392e-01 1.942020648116855319e-01 1.213059701141106922e-01 8.401285719366866633e-01 9.509433805594267319e-01 4.720000000000000000e+02 2.160786120096842566e+00
4.402262674705083589e-01 1.593329288798710774e-01 3.349370538869586578e-02 7.069948726623745960e-01 3.326620978457914823e-01 8.613799505133568069e-01 8.853301279457409523e-02 4.347748728070253144e-01 8.124851763220120038e-01 3.319062102713855045e-01 3.637970416961057163e-01 5.819263070420760409e-01 1.864147630326658603e-02 8.284509933766796008e-01 3.231303978864268761e-02 5.520652511712907939e-01 4.774715291143232232e-01 2.901199601723393195e-01 7.218293670546486185e-01 5.405102189862371898e-01 4.647891019951869707e-01 1.178738722493692104e-01 6.380225743740610689e-01 4.086349067397671564e-01 7.665453564690574151e-01 3.969046757965232208e-01 1.974490346362906268e-01 9.794192533774529474e-01 9.738724278556238900e-01 2.402055585968533857e-01 5.257425115677644145e-01 4.925125364509989889e-02 3.360000000000000000e+02 2.991838097277982556e+00
8.816115582709381782e-01 7.936804417730244365e-01 2.598091880975164081e-01 7.196124534258114824e-01 6.792494163892767167e-01 8.556848204194856811e-01 2.344702465573418257e-02 2.905836504804242687e-02 1.625073699490508505e-01 1.882584695899795491e-01 2.329541435778650915e-01 6.470690722535341610e-01 1.477186781132748816e-01 6.886146568476351204e-01 8.973141435672771227e-01 3.447062724663068622e-01 4.396229642203489107e-01 5.430237891740755662e-01 2.761988447574901806e-01 4.714570479677746562e-01 7.384332475795656048e-02 4.573231003507340908e-01 1.382019894370792590e-01 4.398639575065187435e-01 8.488268756414578675e-01 7.650204297955486288e-01 4.451766287832916169e-01 8.290415630319701856e-01 4.849118721208950933e-01 7.120281960050728332e-01 3.047643297719118682e-01 9.469771873081313240e-02 3.640000000000000000e+02 2.624201141169041573e+00
8.091905656940727720e-01 8.992820709764460796e-01 8.152282180582042237e-01 7.678355509299994441e-01 8.582344080513122642e-02 3.612507795041915437e-01 3.535133809262586690e-01 8.222159572122571536e-01 5.630099832373570701e-01 4.786088584434931015e-01 3.283216149739731637e-01 1.999316943911218780e-01 4.695135496423918364e-01 4.940987434182643190e-01 9.295888120767369089e-02 1.727930183286621180e-01 4.233881390638881137e-01 7.518125218838330737e-01 5.407765487302633733e-01 4.551884344606004218e-01 9.447284250667291605e-01 4.055063373392194248e-01 4.681864462156326012e-01 9.965473746330807403e-01 9.819340537638825417e-01 3.755282018814282696e-01 7.436479456957357792e-01 1.370282126045450077e-01 8.815139700646945631e-01 1.105892523760415060e-02 7.139433194919122538e-01 9.339454277406901150e-01 4.520000000000000000e+02 2.289925586313441119e+00
8.667191584084097400e-01 7.115101926517140019e-01 1.688942335836785824e-01 2.043036593534963141e-01 8.635442143863922837e-01 2.915562471917670373e-01 3.176488602731776245e-01 8.866088631434053402e-02 9.570061987291997863e-01 5.235568365465055329e-01 9.886464203755195024e-02 4.560042351469839050e-01 8.910536423493848890e-01 3.484581103935119328e-01 2.692600081743536378e-01 1.509499473477338427e-01 2.211810810805132643e-01 3.823048217755453115e-01 9.879127389508775003e-01 9.355699049708804393e-01 7.844004558106365543e-01 2.713201871901915196e-01 5.403165797273516979e-01 9.370075965325620482e-01 2.926913449329942019e-01 3.160581443081189601e-01 3.746021504490781306e-01 1.110078671823267055e-01 7.391913643284862001e-01 4.789213669530354989e-01 7.648036093234222843e-01 1.426335087146271274e-01 3.760000000000000000e+02 2.678866271972656588e+00
9.898804451658714809e-01 7.764578307270724178e-01 6.370991344960846847e-01 3.812931956749969764e-01 7.912515268347080077e-01 4.627112630017093386e-01 2.737718763473468431e-01 4.111238093312462594e-01 3.231355249760465287e-01 3.151380840737953992e-01 5.946652091218439934e-02 2.867706958449656174e-01 9.382687786860066659e-01 4.305818865174811938e-01 7.649504010474439397e-01 8.497272743148477359e-01 3.675632943970479349e-01 3.580965234240719997e-01 7.980298015287035085e-01 8.016486289241062102e-02 7.395284908408866764e-01 9.416821081590815989e-01 4.948962635315404812e-01 1.056147108566867290e-02 1.302588571128876493e-01 9.240795500898029147e-01 5.433588816290243484e-01 2.636999181656693794e-02 8.357706729190123029e-01 8.453180109124108776e-01 6.390395580590879643e-01 9.959990092037106502e-01 4.460000000000000000e+02 2.365188280741373550e+00
9.590972428891283430e-01 3.599380627267660393e-01 3.239337313588580014e-01 2.908280820906825048e-01 5.464163339906198402e-01 6.153964794969695173e-01 1.394339417494574462e-01 3.757858387819231760e-01 5.828334068713723060e-01 7.552124861818095836e-01 5.616044893350218281e-01 9.862917507458233146e-01 2.289297921108430223e-01 4.273926571417285825e-01 5.260522911832483661e-01 2.801726849472013781e-01 3.182199400267162193e-01 6.885682997993350929e-01 6.024297927287273202e-01 4.273531654105547362e-01 5.297578883335026800e-01 7.429513684168960186e-01 2.564832863367317306e-01 9.115757598067043554e-01 3.454296970434259650e-01 7.057049934611504538e-01 6.286794358528293714e-01 5.842384029353729635e-02 9.375960209249942778e-01 1.077367924719584841e-01 5.502805734637449264e-01 6.002776457610776717e-01 3.620000000000000000e+02 2.447153382074265249e+00
6.401004760990418319e-02 9.769187531501256627e-01 7.543376113687857432e-01 1.159647718082331969e-01 6.991211670964403435e-01 7.697716509941308072e-01 4.817058024438534702e-01 3.335592312856527353e-01 3.691920019042621570e-01 5.719583202332635397e-01 2.830537398475039268e-01 7.545073004740373568e-01 3.489602678777823375e-01 2.730787542123301326e-01 1.665748097199967470e-01 6.189462311994781141e-01 2.864338624307252723e-01 4.690908109856718466e-01 6.089149287527571008e-01 6.510881949069385888e-01 4.831359809432615449e-01 2.081087081632348457e-01 5.249887402738729891e-01 3.583361835053873179e-01 8.167439538829558421e-01 4.254940416536150127e-02 1.086375431876713954e-01 4.955428089581169759e-01 6.523311862636600456e-01 7.168535704769772865e-01 3.180737219972754048e-01 3.868864138060859603e-01 3.060000000000000000e+02 2.670545450846354640e+00
5.133997148225173390e-01 1.143502048475318195e-01 8.962879840665161080e-01 6.504913454942733431e-01 6.203960251701921003e-01 6.727817647263131251e-01 9.439644014880483880e-01 2.120005524684857312e-01 7.922144302051767895e-01 7.886860278615928088e-01 1.718475589351364519e-01 9.292612046362086486e-01 2.739674088369865590e-01 8.089332558693534958e-01 1.802989136331160647e-01 6.017962413578333836e-01 1.277979060911142439e-01 6.616895709896487565e-01 1.972691958715074023e-01 6.322772825568411248e-01 7.261263534807099740e-01 7.538723460540285304e-01 3.065951573727373480e-01 4.682248488281838539e-02 1.483334740425779896e-01 4.437393645017392863e-01 8.896182205178884139e-01 4.538401183384127013e-01 8.552591921845076328e-01 2.559575767080837436e-02 2.546396130106851619e-01 5.622325285508995574e-01 4.160000000000000000e+02 2.699555098704802703e+00
5.613271049294357162e-01 5.774197186039156660e-02 3.958800732586169047e-01 6.947648447781665793e-01 3.608632265601003919e-01 9.987967567138483771e-01 8.001298233542017968e-01 9.459121338607208163e-01 2.628827672860201692e-01 5.637542676788561691e-01 9.656276223671949044e-01 3.044778532520389658e-01 6.854016379388643276e-01 1.859516309781634180e-01 7.241231257753547590e-01 9.614236073257235171e-01 7.032934619105655205e-01 1.757557733603176686e-02 6.751804110414971749e-01 5.313887314401727346e-01 8.791194289861282707e-01 3.439328201197481838e-01 9.975990321839071084e-01 7.154895620707522053e-01 7.816506096163391426e-01 9.472941422462024530e-01 9.688884965725599319e-01 4.608535812328631298e-01 5.891454998721061820e-01 9.230662321844417262e-01 1.003607483371134063e-01 1.520710635670134703e-01 5.020000000000000000e+02 2.409846716216116125e+00
2.156296918970794785e-01 4.447660729980832950e-01 3.097021093134506575e-01 1.031964852592193865e-01 8.844952599358696377e-01 1.728063141087951560e-01 2.553458437610005571e-01 5.317010295836364087e-01 6.400158857177287164e-01 9.363222500833803252e-01 1.961169217501991247e-01 8.773816816669995911e-01 3.947994795523733225e-01 5.641820450969396994e-01 5.639841281181235955e-01 1.083565459537000897e-01 5.764466961351800700e-01 3.381486166973808327e-01 5.271202574532527496e-01 3.299179453378812688e-01 6.202698472494933002e-01 4.820276189627895058e-01 7.162154394141916347e-01 8.076745880375263420e-01 7.650639030761949289e-02 4.830627722694625370e-01 6.979594183450384959e-01 6.711782021350749805e-02 8.697186529711589120e-01 4.467834824967773510e-01 4.390651004354610420e-01 9.078750143541644002e-01 3.720000000000000000e+02 2.584485601767515295e+00
9.488923975534877542e-01 6.396626961436172598e-01 6.183208185740963758e-01 7.411277899348679699e-02 9.460536799461520818e-01 4.466888120054281486e-01 5.457064563164144566e-01 5.708239959361213200e-01 1.981629845746951946e-01 3.899148743921239113e-01 2.679751642039525650e-01 4.717680743524493847e-01 5.022827006694902119e-01 6.291742914165047162e-01 8.063260005261796426e-01 7.667556589542985357e-01 6.974547075050742118e-01 1.407646209614869248e-01 3.187535875405292374e-01 8.205142508145026881e-01 1.636527490273285146e-01 1.297280992395485610e-01 4.615667224123791088e-03 7.419433570367575115e-01 9.900078800147590341e-01 4.988620439751573210e-01 2.231830523525456522e-01 5.233884290264901873e-01 1.521009282352060454e-01 6.441249896273386344e-02 9.291845711955525333e-01 6.509831828979327772e-01 3.920000000000000000e+02 2.557855371328500382e+00
2.586220177545049959e-01 6.300189303807592900e-01 4.779937714083019179e-02 4.356077910094109384e-01 1.743665475210968985e-01 1.733597667663181255e-02 1.529065260094616130e-01 5.261304256544908908e-02 2.764165237599552349e-01 4.471791575714104128e-03 4.638799111094881744e-01 6.666737577332132458e-01 2.107460158459687205e-01 9.843442626758099889e-01 2.376364957581374171e-01 9.396420898659753052e-01 8.422928728771388318e-01 8.034317519776622563e-01 1.192794898278018434e-01 8.882872162875300459e-01 1.392826436272815438e-01 9.643290482188640045e-01 6.541575959588894484e-01 9.557457512033219471e-01 5.544216206110863521e-01 3.187797384930196598e-01 4.791402197210950509e-02 2.549042500375608977e-01 9.899408461277799942e-01 1.604462827332422403e-01 7.846701334705239450e-01 7.815033013747505475e-01 4.040000000000000000e+02 2.578083843655056384e+00
4.746562701229464776e-01 4.128815208093643552e-01 7.894828731335580274e-01 5.420994851751120835e-01 3.951344467212243305e-01 2.110025785220075445e-01 2.535139407188122807e-01 4.009653771519181009e-02 9.830523089709101159e-01 5.484998024491994917e-01 9.968627082934450323e-01 2.836918320513243108e-01 8.930687757461883147e-02 2.569761299732739590e-01 9.584667291611043138e-01 7.964774014835513949e-01 2.746557802208006160e-01 8.868223498626803813e-01 4.292666289273657232e-01 7.832711121070495830e-01 3.206049791931765425e-01 8.479607058207841996e-01 2.038021821247998910e-01 6.612117695191271904e-02 1.212127794940181941e-01 9.093467677461303245e-01 7.233685492167357678e-01 9.934367530283154668e-01 3.251934128634652588e-01 3.646932159156093256e-01 1.935280500606044451e-01 4.730398380322688445e-01 3.860000000000000000e+02 2.574737162272135560e+00
9.253540348921465153e-01 5.899337766864449772e-01 7.983479668129859208e-01 8.458945792047843915e-01 7.942639167599058192e-01 8.916235401451206855e-01 9.307345174089309836e-01 6.114031231781245079e-01 6.031023128871333405e-01 6.975766906533976686e-01 6.739997152288679239e-01 1.629378191270330067e-01 3.711396339394240629e-01 1.029443625919650440e-01 2.886009111045120257e-01 7.393602138794558298e-02 5.361928586193662749e-01 6.206431388854432435e-02 6.383458882099030118e-01 1.754853538028511573e-01 5.685086282966185234e-01 1.798073822405609201e-01 5.678917875885425293e-01 8.370746252525610442e-01 6.618484615578053010e-01 6.270692211714382625e-01 7.921396476822495369e-01 2.246382507295756614e-01 2.804716651346805256e-01 5.057014780444424318e-02 6.201325863446723874e-01 3.555764343611321765e-01 4.020000000000000000e+02 2.700177957982192734e+00
3.052216320322612697e-01 4.896820269990091457e-01 5.014507151631747428e-01 3.478714460416724163e-01 2.188416384500022349e-01 6.696527903544011173e-02 4.242306266960563788e-01 5.463631956104866294e-01 5.080159464438291916e-01 2.231081889264581175e-01 7.408278357831167282e-01 5.091887129204033524e-01 3.208599135477092634e-01 2.320577883504195971e-01 2.407799818287565952e-01 3.117357650875978159e-01 2.439982502960386934e-01 4.904760362017515085e-01 9.101189566174898715e-01 2.530745758495947517e-01 9.749399445385850127e-01 1.914411086112320637e-01 2.534925725285633313e-01 7.503275243019308371e-01 6.733451979224971407e-01 2.942264339990346422e-01 1.331246102567109624e-01 7.326404336724854360e-01 1.324183514877604606e-01 2.786431272923524660e-01 1.714012140682937835e-01 3.266993883189196479e-01 2.500000000000000000e+02 2.980401060316297812e+00
7.247563577860829387e-01 9.091446413986246922e-02 2.993006404795172659e-01 9.218300515417284791e-01 4.352212223428649773e-01 2.815253752542131727e-01 1.061231239928959735e-01 6.583835754082664193e-01 4.706375843875475473e-01 2.097924757049683953e-01 4.164073495383275314e-01 9.780182575725243632e-01 2.499009431616104060e-01 9.386162764072366604e-01 1.316236596071503895e-01 5.340281616920718177e-02 2.353630544580643802e-01 9.488506793075256185e-02 4.978245812396743242e-01 5.736505848472902569e-01 1.161792468965134328e-01 6.138350131806553645e-01 6.286891160281352642e-01 2.820382613699442542e-01 6.507083920249391307e-01 1.465977508408750629e-01 8.694002359497776666e-01 3.574016619337871958e-02 2.093389610049541105e-01 8.091236744920725643e-01 8.189163284730293091e-01 3.317497744273928406e-02 3.580000000000000000e+02 2.964911495110927664e+00
9.771478949393788138e-01 1.192376922470636882e-02 6.650714699628480497e-01 2.701296996747629131e-01 3.738534295308822836e-02 6.984314578831668507e-01 7.808418700243094923e-01 1.043976857321916446e-01 6.059407252935985477e-01 3.698945092272619695e-01 7.182754448455224150e-01 3.985063111728532892e-01 1.762853388362227158e-01 2.024454299286553849e-01 8.679429947411028134e-01 9.973808556850487506e-01 5.663413865054466312e-01 3.038059105066688304e-01 4.105780984826452040e-01 2.120508801105558672e-01 7.470572287078849349e-01 3.067963525125008140e-01 8.387160644105436935e-01 8.937039010289796748e-01 7.950723607955323402e-01 5.998064441318803341e-01 4.379801415965469125e-01 5.382974790193856274e-01 9.320997627122932228e-01 3.292970034767987997e-01 2.078655293735642839e-01 6.128693024550714297e-01 4.040000000000000000e+02 2.430155758979992697e+00
0.000000000000000000e+00 0.000000000000000000e+00 0.000000000000000000e+00 0.000000000000000000e+00 0.000000000000000000e+00 0.000000000000000000e+00 0.000000000000000000e+00 0.000000000000000000e+00 0.000000000000000000e+00 0.000000000000000000e+00 0.000000000000000000e+00 0.000000000000000000e+00 0.000000000000000000e+00 0.000000000000000000e+00 0.000000000000000000e+00 0.000000000000000000e+00 0.000000000000000000e+00 0.000000000000000000e+00 0.000000000000000000e+00 0.000000000000000000e+00 0.000000000000000000e+00 0.000000000000000000e+00 0.000000000000000000e+00 0.000000000000000000e+00 0.000000000000000000e+00 0.000000000000000000e+00 0.000000000000000000e+00 0.000000000000000000e+00 0.000000000000000000e+00 0.000000000000000000e+00 0.000000000000000000e+00 0.000000000000000000e+00 6.400000000000000000e+01 4.591672261555989287e+00
7.544745917275835767e-01 9.250385287021517522e-01 6.936404335211900918e-01 0.000000000000000000e+00 0.000000000000000000e+00 0.000000000000000000e+00 5.249402100022132478e-01 1.000000000000000000e+00 0.000000000000000000e+00 1.000000000000000000e+00 5.916238959527297947e-01 2.995553159341286520e-01 1.000000000000000000e+00 0.000000000000000000e+00 1.000000000000000000e+00 0.000000000000000000e+00 3.834258128140213828e-01 1.000000000000000000e+00 0.000000000000000000e+00 1.000000000000000000e+00 1.000000000000000000e+00 0.000000000000000000e+00 0.000000000000000000e+00 0.000000000000000000e+00 5.090404934692270844e-01 1.000000000000000000e+00 5.149715222390289782e-01 1.000000000000000000e+00 0.000000000000000000e+00 0.000000000000000000e+00 1.000000000000000000e+00 1.000000000000000000e+00 4.800000000000000000e+02 2.469479509989420674e+00
1.000000000000000000e+00 1.000000000000000000e+00 1.000000000000000000e+00 5.943019003702272318e-01 0.000000000000000000e+00 0.000000000000000000e+00 1.000000000000000000e+00 3.901412160215724234e-01 0.000000000000000000e+00 1.066742363061030929e-02 1.000000000000000000e+00 1.000000000000000000e+00 1.376506622355668785e-01 0.000000000000000000e+00 1.000000000000000000e+00 1.000000000000000000e+00 0.000000000000000000e+00 0.000000000000000000e+00 1.000000000000000000e+00 1.000000000000000000e+00 0.000000000000000000e+00 0.000000000000000000e+00 0.000000000000000000e+00 0.000000000000000000e+00 0.000000000000000000e+00 0.000000000000000000e+00 5.185528073415462957e-01 6.506824581218551007e-01 1.000000000000000000e+00 1.564769743729027829e-01 1.000000000000000000e+00 1.000000000000000000e+00 4.820000000000000000e+02 2.686962131031772838e+00
4.678855446271792951e-01 0.000000000000000000e+00 0.000000000000000000e+00 0.000000000000000000e+00 0.000000000000000000e+00 0.000000000000000000e+00 0.000000000000000000e+00 1.000000000000000000e+00 0.000000000000000000e+00 1.000000000000000000e+00 1.000000000000000000e+00 1.000000000000000000e+00 1.000000000000000000e+00 5.321169723475661917e-02 0.000000000000000000e+00 0.000000000000000000e+00 1.000000000000000000e+00 0.000000000000000000e+00 0.000000000000000000e+00 0.000000000000000000e+00 0.000000000000000000e+00 0.000000000000000000e+00 1.000000000000000000e+00 0.000000000000000000e+00 0.000000000000000000e+00 1.000000000000000000e+00 0.000000000000000000e+00 0.000000000000000000e+00 0.000000000000000000e+00 0.000000000000000000e+00 0.000000000000000000e+00 0.000000000000000000e+00 3.100000000000000000e+02 3.644090482923719510e+00
0.000000000000000000e+00 1.000000000000000000e+00 5.797906288724944401e-01 0.000000000000000000e+00 0.000000000000000000e+00 1.000000000000000000e+00 1.000000000000000000e+00 0.000000000000000000e+00 1.000000000000000000e+00 3.825082703430334186e-01 1.000000000000000000e+00 1.000000000000000000e+00 0.000000000000000000e+00 9.779849161451500406e-01 0.000000000000000000e+00 9.355801139455950655e-02 0.000000000000000000e+00 1.000000000000000000e+00 1.000000000000000000e+00 7.572142705895935633e-01 2.489992745900475590e-01 0.000000000000000000e+00 0.000000000000000000e+00 5.906050657172707830e-01 8.752208559008560762e-01 6.960507593669783555e-01 0.000000000000000000e+00 1.000000000000000000e+00 2.071863745197134177e-01 0.000000000000000000e+00 0.000000000000000000e+00 1.000000000000000000e+00 4.700000000000000000e+02 2.648161506652832120e+00
8.581974535043791485e-01 5.340649931909892123e-01 1.000000000000000000e+00 0.000000000000000000e+00 0.000000000000000000e+00 0.000000000000000000e+00 0.000000000000000000e+00 1.000000000000000000e+00 2.391363363352507561e-04 2.733383472397576952e-01 0.000000000000000000e+00 0.000000000000000000e+00 0.000000000000000000e+00 1.000000000000000000e+00 1.000000000000000000e+00 1.000000000000000000e+00 1.000000000000000000e+00 7.143497633126819069e-02 1.000000000000000000e+00 8.821611652591365704e-01 1.000000000000000000e+00 1.000000000000000000e+00 6.264219873181179343e-01 8.709869753138670401e-01 0.000000000000000000e+00 1.000000000000000000e+00 1.000000000000000000e+00 1.000000000000000000e+00 5.206527154291489684e-02 0.000000000000000000e+00 0.000000000000000000e+00 1.000000000000000000e+00 5.660000000000000000e+02 2.375895627339680960e+00
1.000000000000000000e+00 0.000000000000000000e+00 9.771469296017384343e-01 0.000000000000000000e+00 9.992755216096784743e-01 3.244876679407147635e-01 7.631424109741767256e-03 1.000000000000000000e+00 0.000000000000000000e+00 1.000000000000000000e+00 1.000000000000000000e+00 1.000000000000000000e+00 5.736356649213205650e-01 8.236924342725853165e-01 1.000000000000000000e+00 4.638195757559484544e-01 0.000000000000000000e+00 2.524273674382768173e-01 4.834843290879496380e-01 3.368777849021200033e-01 6.238991300156936787e-02 5.992426363035923721e-03 0.000000000000000000e+00 3.193061536464530947e-02 0.000000000000000000e+00 0.000000000000000000e+00 7.538383089649224739e-03 9.777513402674782128e-05 1.000000000000000000e+00 4.246559221639483253e-03 0.000000000000000000e+00 1.000000000000000000e+00 4.180000000000000000e+02 3.025851897587851891e+00
1.000000000000000000e+00 1.000000000000000000e+00 0.000000000000000000e+00 0.000000000000000000e+00 1.673324258912840118e-02 9.373678184935547997e-02 6.027623583757192316e-01 6.307483471364317973e-01 4.201769667359141203e-02 4.255964174982537207e-01 9.999998842525691378e-01 1.000000000000000000e+00 2.621993398814621264e-06 2.839549575941619289e-02 0.000000000000000000e+00 9.979766734540858053e-01 1.245951490537139800e-01 1.000000000000000000e+00 1.000000000000000000e+00 2.043698219752818346e-01 1.000000000000000000e+00 1.000000000000000000e+00 1.666845199650756060e-01 9.882981989994376049e-01 4.827287623175580134e-01 0.000000000000000000e+00 1.000000000000000000e+00 1.000000000000000000e+00 1.000000000000000000e+00 1.000000000000000000e+00 1.000000000000000000e+00 1.000000000000000000e+00 5.860000000000000000e+02 2.127026430765787790e+00
0.000000000000000000e+00 2.237605266812223437e-01 2.357713595818722030e-01 0.000000000000000000e+00 0.000000000000000000e+00 0.000000000000000000e+00 5.523404943291151947e-02 0.000000000000000000e+00 4.381770033641090856e-01 1.000000000000000000e+00 1.270655603127292428e-02 1.761004300475099427e-01 3.830876081029957470e-01 0.000000000000000000e+00 1.000000000000000000e+00 0.000000000000000000e+00 0.000000000000000000e+00 0.000000000000000000e+00 0.000000000000000000e+00 0.000000000000000000e+00 0.000000000000000000e+00 0.000000000000000000e+00 0.000000000000000000e+00 0.000000000000000000e+00 1.000000000000000000e+00 1.176484719585666749e-01 8.586985568419789328e-01 9.999998722554541697e-01 0.000000000000000000e+00 2.878713310974452395e-05 0.000000000000000000e+00 8.822618806479977371e-02 2.260000000000000000e+02 3.803951258718231809e+00
0.000000000000000000e+00 9.962600624165407481e-01 5.651321191556749612e-01 0.000000000000000000e+00 8.697801368875446044e-04 0.000000000000000000e+00 1.000000000000000000e+00 0.000000000000000000e+00 0.000000000000000000e+00 1.000000000000000000e+00 2.039439315296398270e-01 0.000000000000000000e+00 1.000000000000000000e+00 1.510945753514584232e-02 1.000000000000000000e+00 3.846560809957300098e-01 0.000000000000000000e+00 0.000000000000000000e+00 0.000000000000000000e+00 0.000000000000000000e+00 0.000000000000000000e+00 3.932245926627597754e-02 0.000000000000000000e+00 2.136617368453739008e-01 1.000000000000000000e+00 0.000000000000000000e+00 1.000000000000000000e+00 1.000000000000000000e+00 1.000000000000000000e+00 0.000000000000000000e+00 0.000000000000000000e+00 1.000000000000000000e+00 3.760000000000000000e+02 3.085278198935769378e+00
0.000000000000000000e+00 0.000000000000000000e+00 1.000000000000000000e+00 0.000000000000000000e+00 0.000000000000000000e+00 0.000000000000000000e+00 0.000000000000000000e+00 0.000000000000000000e+00 1.000000000000000000e+00 0.000000000000000000e+00 0.000000000000000000e+00 1.000000000000000000e+00 1.000000000000000000e+00 0.000000000000000000e+00 1.000000000000000000e+00 0.000000000000000000e+00 0.000000000000000000e+00 3.655974009779047185e-01 1.000000000000000000e+00 0.000000000000000000e+00 1.000000000000000000e+00 0.000000000000000000e+00 0.000000000000000000e+00 0.000000000000000000e+00 1.000000000000000000e+00 0.000000000000000000e+00 1.000000000000000000e+00 1.000000000000000000e+00 0.000000000000000000e+00 0.000000000000000000e+00 0.000000000000000000e+00 0.000000000000000000e+00 3.660000000000000000e+02 3.388502213449189338e+00
1.000000000000000000e+00 1.000000000000000000e+00 9.294379622050906139e-06 4.750867995434748282e-03 1.852491266380050993e-03 0.000000000000000000e+00 1.000000000000000000e+00 1.000000000000000000e+00 1.000000000000000000e+00 1.000000000000000000e+00 3.891780615565145797e-03 9.971333966034862106e-01 0.000000000000000000e+00 1.000000000000000000e+00 1.000000000000000000e+00 9.932533904447541362e-01 0.000000000000000000e+00 5.940338722833796714e-01 1.000000000000000000e+00 8.365427470597587289e-01 9.945406819199323900e-01 9.894877115049428573e-01 9.994793744944071578e-01 1.380562679782207890e-02 1.000000000000000000e+00 1.000000000000000000e+00 0.000000000000000000e+00 0.000000000000000000e+00 0.000000000000000000e+00 0.000000000000000000e+00 1.000000000000000000e+00 1.000000000000000000e+00 6.400000000000000000e+02 1.971701397039951287e+00
1.000000000000000000e+00 7.427355174281322636e-01 0.000000000000000000e+00 0.000000000000000000e+00 0.000000000000000000e+00 6.969499078154908212e-01 9.985604659594301546e-01 4.935463319203848842e-01 6.928419083228677389e-01 1.000000000000000000e+00 9.837932024099682940e-03 1.000000000000000000e+00 0.000000000000000000e+00 1.000000000000000000e+00 8.869226795258783325e-01 1.000000000000000000e+00 0.000000000000000000e+00 6.073681085651387868e-01 0.000000000000000000e+00 1.000000000000000000e+00 4.421255555222759481e-01 1.000000000000000000e+00 1.340592045320057601e-01 2.053787846872941747e-01 8.870865785776516077e-02 1.000000000000000000e+00 5.835689333104071563e-01 0.000000000000000000e+00 0.000000000000000000e+00 2.181068062574792743e-01 1.000000000000000000e+00 1.000000000000000000e+00 5.020000000000000000e+02 2.296336504618326835e+00
3.935600609403010486e-01 9.999984733801906556e-01 1.839755247435000685e-01 0.000000000000000000e+00 0.000000000000000000e+00 5.116513761721862980e-02 8.433158998362229042e-01 9.930143087989188322e-01 4.504512711244179068e-01 5.903256091188364696e-01 5.596973159311942059e-01 1.000000000000000000e+00 2.746273260492765322e-01 8.949531519448861161e-01 9.510384744914021082e-01 9.994749430331272277e-01 9.306196033127293876e-02 3.771277224116758586e-01 7.049525946051355962e-01 2.282537665032945973e-01 7.484576273920945377e-01 9.020059340482492471e-01 9.225369537802057263e-01 6.290092197459326573e-02 9.715884533086001085e-01 7.345173844699144361e-01 2.659352319711102974e-01 1.290072639742025629e-01 9.832419832309724494e-01 7.642228239675306067e-01 1.598104305993964802e-01 1.000000000000000000e+00 5.080000000000000000e+02 2.131436017354329859e+00
2.806492777735134503e-01 9.509185126912275132e-01 5.962748994934319313e-03 9.631585164677500810e-01 1.748046434091908852e-01 2.584134910865582002e-01 8.799822754968045224e-01 1.159474790362694518e-01 6.847430821305183768e-02 2.697139733278952622e-02 2.855365624663276924e-01 6.767909449417112144e-01 9.709129520243958700e-01 3.843131233725510798e-01 4.921777374931729510e-02 1.606118973774395275e-02 2.594894027614436105e-02 1.793762016712063811e-01 9.846715115292581366e-02 9.623213356292814602e-01 2.549767514501066756e-02 8.157099240956894315e-02 2.876985584806024399e-02 3.198538474550094435e-03 3.984161296723426338e-02 8.078778001093288585e-01 1.887713308429104786e-01 1.992529540459708759e-02 8.235502602736088917e-03 9.895230703204838107e-01 2.498090559869214355e-01 3.800130989448822216e-01 3.000000000000000000e+02 3.376946645100911581e+00
1.000000000000000000e+00 1.000000000000000000e+00 1.000000000000000000e+00 4.273929013539026767e-01 1.029051120392477925e-01 0.000000000000000000e+00 1.976576190967365143e-01 0.000000000000000000e+00 5.308002957531560151e-01 2.991165718442198584e-01 5.746317675326670371e-02 9.949762681482717808e-01 3.649449231550370154e-01 7.655145132440785427e-02 6.803113486707377255e-01 4.022603772619450790e-01 9.524345111546642095e-02 1.000000000000000000e+00 1.000000000000000000e+00 8.239987225610457822e-01 8.698579816749312243e-01 9.972628534059373440e-01 4.235605629853736454e-01 1.605686591195097934e-01 8.848298106596483859e-01 1.000000000000000000e+00 0.000000000000000000e+00 0.000000000000000000e+00 5.437302087670015105e-01 0.000000000000000000e+00 1.000000000000000000e+00 4.934780391378637554e-01 4.780000000000000000e+02 2.360013885498046804e+00
6.075264885255232672e-01 1.000000000000000000e+00 3.286169448752553346e-01 1.031592854783157723e-02 1.000000000000000000e+00 2.923303633931716994e-01 7.755080564284523303e-01 1.235145076024256605e-01 7.245626235326071418e-01 2.053420980573314458e-01 5.086449504760414131e-01 1.000000000000000000e+00 9.145498152046924734e-01 5.604242513360299105e-01 4.474922096290110396e-01 1.000000000000000000e+00 3.201799557696453080e-01 1.000000000000000000e+00 1.000000000000000000e+00 4.730249103691124279e-01 8.015968474740514660e-01 6.023203010952149494e-01 9.842046364865785213e-01 1.000000000000000000e+00 1.000000000000000000e+00 1.000000000000000000e+00 1.000000000000000000e+00 1.000000000000000000e+00 5.520857412345447912e-01 0.000000000000000000e+00 1.000000000000000000e+00 1.000000000000000000e+00 6.380000000000000000e+02 1.718971316019693996e+00
9.966192237145790056e-01 9.611036467921870718e-01 8.319472106164325087e-01 1.000000000000000000e+00 2.365554890226272966e-01 0.000000000000000000e+00 1.000000000000000000e+00 0.000000000000000000e+00 4.539279373870380163e-01 3.542367767512208387e-01 1.000000000000000000e+00 1.000000000000000000e+00 5.584861573415634828e-01 1.000000000000000000e+00 1.000000000000000000e+00 7.515717832686574784e-01 8.566593577017785899e-01 1.000000000000000000e+00 4.119961861399403236e-01 0.000000000000000000e+00 0.000000000000000000e+00 5.882187152224899185e-01 0.000000000000000000e+00 0.000000000000000000e+00 9.977274180803825665e-01 1.000000000000000000e+00 1.000000000000000000e+00 1.000000000000000000e+00 0.000000000000000000e+00 0.000000000000000000e+00 1.000000000000000000e+00 1.000000000000000000e+00 6.160000000000000000e+02 2.014613592359754790e+00
4.296607739469796572e-01 1.000000000000000000e+00 7.947672105791843133e-01 0.000000000000000000e+00 1.000000000000000000e+00 0.000000000000000000e+00 9.629584641944196610e-01 1.454330883906187241e-07 1.051075616122912254e-07 0.000000000000000000e+00 1.000000000000000000e+00 1.000000000000000000e+00 1.000000000000000000e+00 1.000000000000000000e+00 0.000000000000000000e+00 1.000000000000000000e+00 9.999997650862388898e-01 1.000000000000000000e+00 1.000000000000000000e+00 0.000000000000000000e+00 1.422712813334896520e-01 1.039258168712679786e-01 1.000000000000000000e+00 9.560805387904149910e-01 0.000000000000000000e+00 0.000000000000000000e+00 3.444509849500919096e-01 1.000000000000000000e+00 0.000000000000000000e+00 4.283288444330101696e-01 1.000000000000000000e+00 1.000000000000000000e+00 5.720000000000000000e+02 2.430226325988769531e+00
9.412632669257505746e-01 1.000000000000000000e+00 1.000000000000000000e+00 2.265546482188846023e-01 4.968927660266066471e-01 2.257004079537523467e-01 2.788964941332219144e-02 5.096617677962805848e-01 9.579563706216247532e-01 5.471515982428719616e-01 7.354641350836088609e-01 1.000000000000000000e+00 9.826674972478279813e-01 6.029521891759476171e-01 8.337692433875936171e-01 1.000000000000000000e+00 9.949574504880702719e-01 1.000000000000000000e+00 9.586693438241455922e-01 9.982733932472407368e-01 1.000000000000000000e+00 7.924222329834782613e-03 1.000000000000000000e+00 5.448652087064006404e-04 1.138558901435756665e-01 9.691128176815122508e-01 9.668122646122763175e-01 1.000000000000000000e+00 0.000000000000000000e+00 6.355145786099372261e-05 8.586381923950779926e-01 9.999992097560408411e-01 6.840000000000000000e+02 1.765269162104680101e+00
7.652805813441874161e-01 3.132466556652540035e-01 3.831635874595884506e-01 1.000000000000000000e+00 8.621161601802109775e-01 0.000000000000000000e+00 8.260572470324090144e-01 0.000000000000000000e+00 0.000000000000000000e+00 0.000000000000000000e+00 1.000000000000000000e+00 9.974851645032989378e-01 9.949497059647608443e-01 5.808979441777685215e-01 1.000000000000000000e+00 9.996758167625128255e-01 9.750479124049039603e-01 1.000000000000000000e+00 1.131197899593658698e-03 0.000000000000000000e+00 2.368293322286168373e-02 9.973047499538749694e-01 7.816769944020206945e-03 8.101250658892732437e-01 1.000000000000000000e+00 1.000000000000000000e+00 9.999999998740983775e-01 1.000000000000000000e+00 9.301366705223992337e-01 4.921274213859169906e-05 1.000000000000000000e+00 1.000000000000000000e+00 6.580000000000000000e+02 2.218294089879745190e+00
6.619876592708610064e-01 5.572810650298600788e-01 8.168376564208117488e-03 0.000000000000000000e+00 5.897062038039373455e-01 4.611981744945340341e-06 3.726297524519941451e-01 9.460767842848689657e-01 1.000000000000000000e+00 9.265657572101522466e-03 1.000000000000000000e+00 2.568071563297470439e-01 0.000000000000000000e+00 1.388052886527842145e-01 9.999982132647811106e-01 1.000000000000000000e+00 0.000000000000000000e+00 1.694409122066238911e-06 0.000000000000000000e+00 0.000000000000000000e+00 1.894932225435830564e-01 3.711421920836910915e-01 5.880517486554535239e-02 1.324775284576897583e-01 1.000000000000000000e+00 0.000000000000000000e+00 9.721418073446230768e-01 1.000000000000000000e+00 0.000000000000000000e+00 1.136343517612931897e-01 9.999936809077445421e-01 1.320709595747144964e-02 3.660000000000000000e+02 3.214635799242102632e+00
1.000000000000000000e+00 9.974165288611168689e-01 5.421417664899366162e-01 7.860247360172782638e-02 3.168900063833627878e-01 1.099011044561554046e-01 1.000000000000000000e+00 2.264615768873035895e-01 7.360564071411953568e-01 6.096829196971823572e-01 4.413518054742774921e-01 1.000000000000000000e+00 5.259639316943552911e-01 6.117249380654083968e-01 5.153679045747812104e-01 7.874611638692745608e-01 7.649711215138880194e-01 9.900333763422369815e-01 8.012137646444842387e-01 8.870962036648423477e-02 0.000000000000000000e+00 2.178045152787841388e-01 1.229216258432237197e-01 7.919628978758253002e-01 2.160153413425190960e-01 1.000000000000000000e+00 1.000000000000000000e+00 3.779901131269406966e-01 5.951804937629792125e-01 0.000000000000000000e+00 2.714620631388238725e-01 1.000000000000000000e+00 4.600000000000000000e+02 2.170574329210364528e+00
1.000000000000000000e+00 9.997588867433419013e-01 0.000000000000000000e+00 1.000000000000000000e+00 0.000000000000000000e+00 9.482460975853798102e-01 5.775532394805844572e-01 1.037495860826542216e-01 0.000000000000000000e+00 0.000000000000000000e+00 1.000000000000000000e+00 7.927812038606184553e-01 9.654101324575597998e-01 1.000000000000000000e+00 9.920588865458614958e-01 1.000000000000000000e+00 5.304201745006097424e-01 1.000000000000000000e+00 1.000000000000000000e+00 0.000000000000000000e+00 0.000000000000000000e+00 4.566667530132617614e-01 0.000000000000000000e+00 0.000000000000000000e+00 1.000000000000000000e+00 1.000000000000000000e+00 1.000000000000000000e+00 4.722746786126987006e-02 0.000000000000000000e+00 0.000000000000000000e+00 1.000000000000000000e+00 1.000000000000000000e+00 5.760000000000000000e+02 2.184178733825683505e+00
4.530992200225444910e-01 1.000000000000000000e+00 8.402541204125111296e-01 0.000000000000000000e+00 6.582656784149143459e-01 0.000000000000000000e+00 1.000000000000000000e+00 0.000000000000000000e+00 1.000000000000000000e+00 8.051345662935560643e-01 6.131164601052000451e-01 8.793456248376523288e-01 3.236005788120314142e-01 7.239247228765414155e-01 0.000000000000000000e+00 4.117901849069107723e-01 7.533082698217680173e-01 8.887447974352331581e-01 1.000000000000000000e+00 3.345812609536941706e-01 7.872175289637313167e-01 1.000000000000000000e+00 9.935329735310891586e-01 9.590618583931747043e-01 4.148207177704743009e-01 1.000000000000000000e+00 1.000000000000000000e+00 9.238551717206724412e-01 1.863937172521056922e-08 0.000000000000000000e+00 1.000000000000000000e+00 1.000000000000000000e+00 6.360000000000000000e+02 1.912385495503743593e+00
9.915479129972948336e-01 5.258292990700332847e-01 1.020123017535412568e-01 1.912906970815470009e-02 9.583496355358256391e-02 3.744450428760792704e-02 5.891848034198575723e-01 4.842336024860356414e-01 1.221158988276184743e-01 9.071513191265088150e-01 7.454733876425173600e-02 1.818457886137678781e-01 3.382981251402679135e-01 9.845516222387897809e-01 3.596972556533420962e-01 7.417597322028847140e-01 9.903661974354863728e-01 8.873297679984787356e-02 1.253312089271391150e-02 1.227022214938411349e-02 3.302604480223615413e-01 5.460584240933868960e-02 1.732873161440162679e-01 4.088708304332722143e-03 1.174936712421054130e-02 9.055249140761570947e-01 9.529921858803662715e-01 9.645798714522645367e-01 4.511632506975660206e-01 3.999626672004874539e-02 9.752844222257367468e-01 5.240653841460487516e-01 3.540000000000000000e+02 3.039444054497612679e+00
4.280379904417572212e-01 7.645635603415588122e-01 6.291188645571923477e-01 1.000000000000000000e+00 8.815353635471086247e-02 0.000000000000000000e+00 1.000000000000000000e+00 0.000000000000000000e+00 8.773696082643381855e-01 9.997587470609505811e-01 1.000000000000000000e+00 9.365065267767797019e-01 3.360066493757011830e-01 3.235352647062504361e-01 1.000000000000000000e+00 2.009396426391715817e-04 1.000000000000000000e+00 1.000000000000000000e+00 8.481504177117862309e-01 1.866895416152102027e-01 9.999937525911059000e-01 0.000000000000000000e+00 0.000000000000000000e+00 3.894710495183559273e-02 1.000000000000000000e+00 4.289328426307681963e-01 3.927298241870398332e-01 9.998093702832946406e-01 0.000000000000000000e+00 0.000000000000000000e+00 9.012471353925254336e-01 1.000000000000000000e+00 5.600000000000000000e+02 2.372649880951525958e+00
3.331347291263303534e-02 1.000000000000000000e+00 1.000000000000000000e+00 0.000000000000000000e+00 2.311571634189983973e-02 8.680073738343939693e-01 1.000000000000000000e+00 0.000000000000000000e+00 5.256705431044170762e-01 1.000000000000000000e+00 0.000000000000000000e+00 1.000000000000000000e+00 0.000000000000000000e+00 6.406200053128213723e-01 0.000000000000000000e+00 1.000000000000000000e+00 9.756451992971488796e-01 1.000000000000000000e+00 1.000000000000000000e+00 4.424159108276653346e-02 0.000000000000000000e+00 9.764415258772012329e-01 0.000000000000000000e+00 1.000000000000000000e+00 2.011258985258889687e-01 8.915987705229149185e-01 1.000000000000000000e+00 1.000000000000000000e+00 0.000000000000000000e+00 0.000000000000000000e+00 0.000000000000000000e+00 2.085318898239360841e-01 5.380000000000000000e+02 2.544793671252680856e+00
8.835436743944862226e-01 1.000000000000000000e+00 1.000000000000000000e+00 0.000000000000000000e+00 9.566918840037649252e-01 0.000000000000000000e+00 1.000000000000000000e+00 0.000000000000000000e+00 1.000000000000000000e+00 0.000000000000000000e+00 4.541484066065761688e-02 1.000000000000000000e+00 1.000000000000000000e+00 6.049479316090438097e-01 1.452687896597096018e-01 3.198572577802940020e-01 8.555109560251177026e-02 1.000000000000000000e+00 8.379347417955790300e-01 0.000000000000000000e+00 0.000000000000000000e+00 1.561530224621240082e-01 0.000000000000000000e+00 0.000000000000000000e+00 0.000000000000000000e+00 1.000000000000000000e+00 1.000000000000000000e+00 8.517853766044574115e-01 0.000000000000000000e+00 0.000000000000000000e+00 9.605924008529959091e-01 1.000000000000000000e+00 5.300000000000000000e+02 2.659407032237333102e+00
5.350774804160624010e-01 1.000000000000000000e+00 9.987509385702590947e-01 3.252347673504903391e-01 4.808457401057975034e-01 0.000000000000000000e+00 9.983792981575823067e-01 1.038029362625757755e-03 7.965472917708509293e-01 0.000000000000000000e+00 7.113427039739680380e-01 1.000000000000000000e+00 2.170496620398358611e-01 1.000000000000000000e+00 7.915163069670269058e-01 9.828038789029910349e-01 3.264599451664036873e-03 1.000000000000000000e+00 9.999997788011114608e-01 3.934679970146812839e-02 5.297680208210864272e-01 2.501584341164074243e-01 2.954276481442851821e-01 9.986697893882195975e-01 9.971809883435774902e-01 2.534180261346061572e-02 1.000000000000000000e+00 9.493877619294892600e-01 1.000000000000000000e+00 1.366969823869120526e-01 9.999963237240817593e-01 1.000000000000000000e+00 5.820000000000000000e+02 2.140642072640213112e+00
2.354189547777345987e-02 1.000000000000000000e+00 9.507698416002637876e-01 0.000000000000000000e+00 8.456425219063233856e-01 0.000000000000000000e+00 5.494951544258005471e-01 5.386061214761013183e-01 6.774912323299835393e-01 4.896030458836234805e-02 6.475767553941080834e-01 9.875188442595008720e-01 3.348634151335447839e-01 3.817305323030037445e-01 2.449646715986765477e-01 9.153209739768723707e-02 8.383380175921267830e-01 9.438431747140223482e-01 8.800832811361267716e-01 1.000000000000000000e+00 1.616205879157019132e-01 5.557591206721995691e-01 4.397195378362559470e-01 6.933547345845778587e-01 9.999999909400630882e-01 9.515330633544880623e-01 6.461740657971610791e-01 9.845345122017187256e-01 1.122303242500107684e-01 1.484340005374292989e-02 5.770557285023338867e-01 9.929727086779270850e-01 5.160000000000000000e+02 2.275232632954915513e+00
9.969087282549894402e-01 1.000000000000000000e+00 2.335547014979929344e-04 0.000000000000000000e+00 6.631259897789408830e-01 9.229864475062453666e-01 4.707801073215149290e-01 8.503643341825611879e-01 6.062104923330855488e-01 6.630946840064371184e-01 0.000000000000000000e+00 1.000000000000000000e+00 9.979947129322593868e-01 3.544426929486096389e-01 2.299946669204195604e-01 1.000000000000000000e+00 1.283771719684171642e-01 9.999774899060739353e-01 1.000000000000000000e+00 1.000000000000000000e+00 8.054647299046530096e-01 5.810703236379822778e-01 9.998289568731395516e-01 1.000000000000000000e+00 0.000000000000000000e+00 5.963744013199349103e-01 5.335929985773673057e-01 1.000000000000000000e+00 2.393541224047184002e-01 0.000000000000000000e+00 7.819568196236229563e-01 1.000000000000000000e+00 6.000000000000000000e+02 1.934582747665106295e+00
3.445001268069419198e-01 1.000000000000000000e+00 1.000000000000000000e+00 4.521894920547491360e-04 8.758362944760871294e-01 6.383780769307961789e-02 4.758787274764779696e-01 0.000000000000000000e+00 1.684745374773799042e-04 6.047460423055361911e-01 2.258061844335918032e-03 1.000000000000000000e+00 7.906036156549579585e-01 1.161855465347510358e-01 0.000000000000000000e+00 1.000000000000000000e+00 2.519456549210242757e-01 0.000000000000000000e+00 1.000000000000000000e+00 9.993558707752008274e-01 0.000000000000000000e+00 8.313218984881984852e-01 1.000000000000000000e+00 1.000000000000000000e+00 8.469182710116814894e-01 9.999799570580997221e-01 3.561076028574288732e-01 1.000000000000000000e+00 2.122676018405139919e-01 0.000000000000000000e+00 0.000000000000000000e+00 1.000000000000000000e+00 5.260000000000000000e+02 2.484423298305935113e+00
9.606796187521692287e-01 9.978770105700960347e-01 4.152456502038918695e-01 3.272161648213575136e-01 5.361069033535188488e-01 8.031022307782517133e-01 3.945186565584877375e-03 1.227370651639733551e-01 0.000000000000000000e+00 9.407195659450917624e-01 3.338995284288478471e-01 1.000000000000000000e+00 1.518531886446645718e-01 2.706238823967526894e-02 6.754016038437110625e-01 1.662082843040422198e-01 2.715094235776175924e-01 7.683481661009985419e-01 7.820956540158932047e-01 1.437618277835851222e-01 3.148127571581582629e-01 7.438938100699340472e-01 0.000000000000000000e+00 1.000000000000000000e+00 1.094595654387635689e-02 1.008734547794442118e-02 1.000000000000000000e+00 7.644298167998608839e-03 9.951244285836154946e-01 0.000000000000000000e+00 8.827799687663491213e-01 6.874489674712681575e-01 4.240000000000000000e+02 2.652508063938306737e+00
8.057337917903543145e-01 6.030908515496792299e-01 4.519159099751700603e-01 3.582500477233180880e-01 1.000000000000000000e+00 9.288101510182541487e-01 6.046835884340848732e-01 1.226151972381810812e-02 1.596193508724195187e-01 1.000000000000000000e+00 6.344861943869326559e-01 1.000000000000000000e+00 1.000000000000000000e+00 2.928685270037765243e-01 1.000000000000000000e+00 1.000000000000000000e+00 2.632459394067673212e-03 1.000000000000000000e+00 7.318194937482179752e-01 1.000000000000000000e+00 1.000000000000000000e+00 2.072647927746723295e-01 7.954973789040439280e-01 9.933788182122323951e-01 1.000000000000000000e+00 9.238405491190018193e-01 4.099991111695482915e-01 8.843154578962679757e-01 1.000000000000000000e+00 2.418881396281873930e-01 1.000000000000000000e+00 9.723855893156745367e-01 6.940000000000000000e+02 1.710832477751232261e+00
9.874095300580376655e-01 8.522912619228950604e-01 3.054501526467166550e-01 0.000000000000000000e+00 4.429148035141098338e-01 5.964522718846980709e-01 9.895024907848445350e-01 7.131700074983334803e-01 9.936970069427105701e-01 9.960792774108535585e-01 5.316519481016539483e-01 1.000000000000000000e+00 9.999999637983363332e-01 6.096088593580474280e-01 4.333442389088544844e-01 1.000000000000000000e+00 1.625077739139123567e-01 1.000000000000000000e+00 9.268874904561823502e-01 1.000000000000000000e+00 1.000000000000000000e+00 3.094352549665534413e-01 4.553616162919394972e-01 1.000000000000000000e+00 2.138275877128203994e-02 1.000000000000000000e+00 9.999999670860072465e-01 1.000000000000000000e+00 8.257532429632615800e-01 2.826959048207801084e-01 1.000000000000000000e+00 1.000000000000000000e+00 6.980000000000000000e+02 1.631022482651930616e+00
9.979203258519573350e-01 5.458777041857504342e-01 0.000000000000000000e+00 4.919717480426132328e-01 9.801779124346834404e-01 1.000000000000000000e+00 1.000000000000000000e+00 5.706616145741523483e-02 1.920931443222777257e-01 5.534774332478132886e-01 2.017641973377732600e-01 1.000000000000000000e+00 7.308799637305241070e-01 5.095965673822459179e-10 8.853838769318630453e-01 1.000000000000000000e+00 0.000000000000000000e+00 1.000000000000000000e+00 9.413315243207637240e-01 1.000000000000000000e+00 1.000000000000000000e+00 7.289388974646629840e-03 4.983084431292567062e-01 1.000000000000000000e+00 5.709309536715431038e-02 1.658467658856651039e-01 4.693546265942535878e-01 1.000000000000000000e+00 8.633813230751999912e-01 0.000000000000000000e+00 1.000000000000000000e+00 1.000000000000000000e+00 5.900000000000000000e+02 2.276586469014485470e+00
1.039012957271421428e-01 8.693576496814043875e-01 4.251734385034101752e-08 0.000000000000000000e+00 2.442118791153931323e-01 9.849647324080967881e-01 8.672303866749391243e-01 7.847111158217170424e-01 9.999999778378960702e-01 9.999999772551289023e-01 9.021391192946764948e-01 1.000000000000000000e+00 1.000000000000000000e+00 4.188771745252634626e-01 0.000000000000000000e+00 1.000000000000000000e+00 1.366884142383897029e-08 1.000000000000000000e+00 9.999645725961208154e-01 9.999999834561402734e-01 2.071085607907834636e-01 1.000000000000000000e+00 9.999999791286248163e-01 1.000000000000000000e+00 0.000000000000000000e+00 8.136728697356157003e-01 9.999999450040619742e-01 1.000000000000000000e+00 6.728669696785979371e-01 2.143385993300678062e-06 8.579553859384415615e-01 1.000000000000000000e+00 7.020000000000000000e+02 1.899399163987901318e+00
7.432172350532043614e-01 1.359983158762157751e-01 5.851142373475243241e-01 1.360161694344500655e-04 9.586127472756568180e-01 7.379997712132038146e-01 6.708938565459607872e-01 6.242721676309750389e-01 1.000000000000000000e+00 4.036612863825582709e-01 1.000000000000000000e+00 1.000000000000000000e+00 1.000000000000000000e+00 0.000000000000000000e+00 8.121356717938206238e-01 1.000000000000000000e+00 5.315988699436225984e-01 7.595776496363764174e-01 1.000000000000000000e+00 1.000000000000000000e+00 3.912963559833262245e-02 9.536420385496326979e-01 9.017136649030353581e-04 1.000000000000000000e+00 9.963008808290599871e-01 1.000000000000000000e+00 1.550816705943846574e-01 0.000000000000000000e+00 1.000000000000000000e+00 3.687390381653638666e-02 1.000000000000000000e+00 9.279683128287679050e-01 6.320000000000000000e+02 2.182209078470865649e+00
1.000000000000000000e+00 1.000000000000000000e+00 5.848275908721733973e-01 0.000000000000000000e+00 6.288775824988757090e-01 4.597153221134244183e-01 1.000000000000000000e+00 9.981778038313326995e-01 6.911441160632665337e-01 1.520091866955611548e-01 6.438877161737233124e-01 1.000000000000000000e+00 1.000000000000000000e+00 4.546093253324161032e-01 1.680277801151986994e-01 9.999005999245976772e-01 9.998763362633895646e-01 1.000000000000000000e+00 6.023085809884793917e-01 2.655308848706668390e-01 1.000000000000000000e+00 6.202540806097320836e-01 7.808757681015063845e-01 1.000000000000000000e+00 7.001668765125387969e-05 1.000000000000000000e+00 6.069042313548222989e-01 9.833354036329684522e-01 8.404158056244130925e-01 1.780273881473689148e-03 9.998030373268521620e-01 8.022241122650036749e-01 6.620000000000000000e+02 1.778997357686360914e+00
1.000000000000000000e+00 1.000000000000000000e+00 5.951682831824067765e-03 0.000000000000000000e+00 1.000000000000000000e+00 4.216704982286471615e-01 2.388012632672982805e-01 4.119132794304886658e-01 4.456804945253055594e-01 8.354550338961536093e-01 5.353539511860311295e-01 1.000000000000000000e+00 1.000000000000000000e+00 9.645927897913492144e-01 6.766272579587282454e-01 7.281457969291845744e-01 1.925335744206173316e-01 9.693347544318733355e-01 7.147875997468338127e-01 7.426049530739200488e-01 1.000000000000000000e+00 9.223166737153708494e-01 7.357945037097899377e-01 8.293350882641548072e-01 1.000000000000000000e+00 1.000000000000000000e+00 6.736739331937999786e-01 1.000000000000000000e+00 7.938191657922715194e-01 4.988352985614782353e-01 1.000000000000000000e+00 1.000000000000000000e+00 6.740000000000000000e+02 1.488732465108235870e+00
1.000000000000000000e+00 1.000000000000000000e+00 0.000000000000000000e+00 0.000000000000000000e+00 9.999982009303534092e-01 9.629905920573820222e-01 1.875407716346374630e-04 9.691770857909607351e-01 9.988429632064746988e-01 2.985165104203015840e-01 0.000000000000000000e+00 8.490247010106258818e-01 1.000000000000000000e+00 1.997710754018615642e-01 0.000000000000000000e+00 8.592686920364668302e-01 3.284832733430817497e-02 4.231826232430143109e-01 1.000000000000000000e+00 1.000000000000000000e+00 2.891280430394721490e-01 9.138948204979266410e-02 1.000000000000000000e+00 9.998634696314379067e-01 9.400179381028073156e-02 0.000000000000000000e+00 9.775395654806067203e-01 1.000000000000000000e+00 0.000000000000000000e+00 0.000000000000000000e+00 7.357648541546621998e-05 1.000000000000000000e+00 5.540000000000000000e+02 2.442522493998209754e+00
6.554341267457503006e-01 8.739410191446811416e-01 0.000000000000000000e+00 4.566126824457913957e-02 3.001947264454974396e-01 0.000000000000000000e+00 6.800196506707557598e-01 0.000000000000000000e+00 2.352153564273966324e-01 9.997878181819714882e-01 8.597046681503277554e-01 9.853632746988018054e-01 5.130477306031318990e-02 3.923551525231598336e-01 4.806255900653296463e-03 2.914986880074659781e-01 3.562396526045651379e-01 2.376684393203108148e-01 8.881066429714189470e-01 0.000000000000000000e+00 6.049963081658253916e-01 3.067939460093773718e-01 4.685906701022050924e-02 9.999999994831042516e-01 8.300797584125319461e-04 3.886623979460168687e-01 0.000000000000000000e+00 7.147470584893130807e-01 3.642327148163192474e-01 3.116182249269378590e-01 4.495806881531397986e-03 7.880844608983178512e-01 3.340000000000000000e+02 2.843001722678160093e+00
1.000000000000000000e+00 1.000000000000000000e+00 3.905496615565141502e-09 0.000000000000000000e+00 2.167177995790983136e-01 6.539626246774222773e-01 8.998317017864862488e-02 4.522126407172064599e-01 4.098438770799992664e-02 2.478364069533265379e-01 3.484402211640607594e-01 9.990598470002965970e-01 1.000000000000000000e+00 1.000000000000000000e+00 2.841544718928883939e-01 1.000000000000000000e+00 1.577950726618467803e-01 7.583335547530163367e-01 0.000000000000000000e+00 9.998800015367591554e-01 5.712548924083010737e-01 9.967469512104821794e-01 9.380587569056428876e-01 1.000000000000000000e+00 4.577798501464089287e-01 2.943377145044229759e-01 6.805082901040724330e-01 7.220455573794186677e-01 1.681827895754255675e-01 2.226235585478309464e-01 1.000000000000000000e+00 1.000000000000000000e+00 5.100000000000000000e+02 2.093025881449381398e+00
6.776639200677742059e-01 1.000000000000000000e+00 0.000000000000000000e+00 0.000000000000000000e+00 8.316428477671239383e-01 2.623427007275313735e-02 9.841447047697080563e-01 3.021640840012868316e-04 4.164862027445938031e-01 7.278876012030944809e-01 2.351151039927966702e-01 1.000000000000000000e+00 3.638343277444063828e-01 9.093239713231920929e-01 1.589816471743175363e-01 0.000000000000000000e+00 5.288369079612604828e-01 1.000000000000000000e+00 1.000000000000000000e+00 8.343542231803648956e-01 8.376386508655299101e-01 1.000000000000000000e+00 4.282621938983670051e-01 9.981200572660123838e-01 9.999999154892439401e-01 1.000000000000000000e+00 1.000000000000000000e+00 1.000000000000000000e+00 0.000000000000000000e+00 4.199972888764764711e-01 6.186307699810219551e-01 9.999995273496484760e-01 6.140000000000000000e+02 1.898681449890136763e+00
0.000000000000000000e+00 9.097010822807987118e-01 1.573600883598453778e-02 0.000000000000000000e+00 5.699523080926358620e-01 0.000000000000000000e+00 8.522253036339293431e-01 1.344685539266477457e-02 4.227218376149985413e-01 0.000000000000000000e+00 0.000000000000000000e+00 6.141215666653326855e-01 9.275932412025191809e-01 5.194912464063440316e-01 0.000000000000000000e+00 9.783419074770036694e-01 0.000000000000000000e+00 9.337523734644854745e-01 1.000000000000000000e+00 3.189630870710195576e-01 1.000000000000000000e+00 4.529075842978435573e-01 0.000000000000000000e+00 1.753466390692154653e-01 0.000000000000000000e+00 6.112748710722206713e-01 4.158628379554276180e-04 1.000000000000000000e+00 9.983204461926425966e-01 4.107133438645604179e-02 8.655303414830727293e-01 3.797285922440903766e-02 4.180000000000000000e+02 2.889199285796194783e+00
0.000000000000000000e+00 0.000000000000000000e+00 0.000000000000000000e+00 0.000000000000000000e+00 0.000000000000000000e+00 0.000000000000000000e+00 6.760989021159847789e-01 0.000000000000000000e+00 5.976208133882836976e-02 5.464220858279882354e-01 0.000000000000000000e+00 8.965973674580173247e-01 0.000000000000000000e+00 5.682914405792096474e-02 1.000000000000000000e+00 7.490626131996790116e-02 4.819102713976191610e-01 1.000000000000000000e+00 5.719650784052895398e-01 4.156411339513857439e-02 0.000000000000000000e+00 5.654230739888663898e-02 0.000000000000000000e+00 9.494206018984456819e-01 9.768646784968222641e-02 4.191300250858682186e-01 1.041581758480105979e-01 1.577603789356301148e-02 5.618754980883536865e-01 0.000000000000000000e+00 6.179314572131121980e-02 1.144310982688271500e-01 2.280000000000000000e+02 3.650708643595377279e+00
0.000000000000000000e+00 0.000000000000000000e+00 0.000000000000000000e+00 0.000000000000000000e+00 0.000000000000000000e+00 0.000000000000000000e+00 3.723057648859460778e-01 0.000000000000000000e+00 5.667042096873059487e-01 1.000000000000000000e+00 0.000000000000000000e+00 1.009655943547835104e-02 0.000000000000000000e+00 0.000000000000000000e+00 1.000000000000000000e+00 0.000000000000000000e+00 1.000000000000000000e+00 1.000000000000000000e+00 0.000000000000000000e+00 6.546907622747215605e-01 0.000000000000000000e+00 0.000000000000000000e+00 0.000000000000000000e+00 1.000000000000000000e+00 4.901125511836720294e-01 2.370182110364800457e-06 1.000000000000000000e+00 1.000000000000000000e+00 0.000000000000000000e+00 0.000000000000000000e+00 0.000000000000000000e+00 0.000000000000000000e+00 3.020000000000000000e+02 3.442337346394856556e+00
0.000000000000000000e+00 0.000000000000000000e+00 7.756280854394648205e-02 0.000000000000000000e+00 9.978767403398821623e-01 2.414531655784232127e-04 1.000000000000000000e+00 0.000000000000000000e+00 0.000000000000000000e+00 1.207155239681382067e-03 0.000000000000000000e+00 1.000000000000000000e+00 7.449038922809078991e-03 0.000000000000000000e+00 9.433101460449661024e-01 5.732304130135421616e-01 1.322400462461403581e-01 1.000000000000000000e+00 0.000000000000000000e+00 4.741868609431690307e-01 0.000000000000000000e+00 2.820337749283990998e-11 0.000000000000000000e+00 1.000000000000000000e+00 1.000000000000000000e+00 0.000000000000000000e+00 3.449922287157092954e-02 0.000000000000000000e+00 1.000000000000000000e+00 1.000000000000000000e+00 0.000000000000000000e+00 0.000000000000000000e+00 3.460000000000000000e+02 3.427646802819293459e+00
0.000000000000000000e+00 0.000000000000000000e+00 0.000000000000000000e+00 0.000000000000000000e+00 0.000000000000000000e+00 0.000000000000000000e+00 1.000000000000000000e+00 0.000000000000000000e+00 0.000000000000000000e+00 0.000000000000000000e+00 0.000000000000000000e+00 1.557289958440324085e-01 7.452781292749487418e-01 9.206523621295786830e-01 1.000000000000000000e+00 0.000000000000000000e+00 8.824106337117664234e-01 1.000000000000000000e+00 1.602856895643440249e-01 0.000000000000000000e+00 0.000000000000000000e+00 0.000000000000000000e+00 0.000000000000000000e+00 1.000000000000000000e+00 0.000000000000000000e+00 1.000000000000000000e+00 0.000000000000000000e+00 0.000000000000000000e+00 1.000000000000000000e+00 0.000000000000000000e+00 9.996189124365162382e-01 9.417802039761289379e-01 3.780000000000000000e+02 3.321147242459383975e+00
9.157890184672771161e-01 1.000000000000000000e+00 2.812890760064201134e-01 0.000000000000000000e+00 8.941609489191429949e-01 1.700605337342171730e-01 9.990375700378334445e-01 5.437425015948470497e-01 1.649267425231582818e-01 6.456748169775525237e-02 1.359283822929548968e-01 1.000000000000000000e+00 3.461538689441100436e-01 9.440727165031260748e-01 6.437173223992674262e-03 6.960990523944765584e-01 4.610137835026031916e-01 5.342943185524121619e-01 8.462448373104075605e-01 2.645686649672644997e-01 9.306882349705574153e-01 7.121060179921855360e-01 5.409708764752527710e-01 9.903617175235697179e-01 1.000000000000000000e+00 7.237916763218296134e-01 9.980131290631555352e-01 1.000000000000000000e+00 1.037724729778609079e-01 8.842149169376253282e-01 8.035680752303167029e-01 1.000000000000000000e+00 5.860000000000000000e+02 1.989311760547114671e+00
8.484293134565555894e-01 9.536538273055071846e-01 2.460010290835703550e-01 0.000000000000000000e+00 4.320622626338220251e-01 4.602439512905582286e-01 9.936623244473444805e-01 7.559431024711714686e-01 2.502007518030141542e-01 6.300161739484165802e-01 9.978492532707016194e-01 1.000000000000000000e+00 8.652458811501030356e-01 3.775572902596397995e-01 9.999999915721252686e-01 1.114590818226508865e-04 6.121449958609981312e-02 1.000000000000000000e+00 9.973912598901087945e-01 1.000000000000000000e+00 1.000000000000000000e+00 4.810837195397889010e-01 1.597134918326987077e-02 1.000000000000000000e+00 1.000000000000000000e+00 8.743513657059300836e-01 8.643798723714166687e-01 9.981571076733841696e-01 9.128247421513036031e-02 9.999996857561480601e-01 9.623546566283095460e-01 4.652841231408792466e-01 6.620000000000000000e+02 1.758903467087518768e+00
8.189544525030458821e-01 8.500736662008881450e-02 7.718507869298634535e-06 0.000000000000000000e+00 2.075032310725287172e-03 0.000000000000000000e+00 6.781651757455197105e-01 9.972128920243739092e-01 0.000000000000000000e+00 1.000000000000000000e+00 0.000000000000000000e+00 1.000000000000000000e+00 1.000000000000000000e+00 0.000000000000000000e+00 1.000000000000000000e+00 0.000000000000000000e+00 9.333444778905743220e-05 1.000000000000000000e+00 2.534745928385729319e-01 1.626448039482333808e-04 6.871514867548953465e-01 4.582210639129408181e-01 0.000000000000000000e+00 9.102832951447089593e-01 0.000000000000000000e+00 1.000000000000000000e+00 9.993151470390033708e-01 0.000000000000000000e+00 1.000000000000000000e+00 0.000000000000000000e+00 0.000000000000000000e+00 1.000000000000000000e+00 4.600000000000000000e+02 2.755526339213053344e+00
2.339544777384680307e-01 1.000000000000000000e+00 3.135351896668137073e-03 1.279622087877220760e-01 8.328231994143477923e-01 2.429312108032852989e-10 9.988214494555153200e-01 8.187101616079477395e-01 1.901063941796864443e-01 1.764500536216818405e-01 6.405061490219996321e-08 9.038125249728174992e-01 1.876462899297006437e-01 3.744385000378376849e-01 1.839064459699641524e-02 3.086328310147344323e-01 3.078930887563247065e-01 7.989529284184636593e-01 5.515301815203647040e-01 9.907771831187357492e-01 1.000000000000000000e+00 6.300266187460806799e-01 5.489085898040121370e-01 1.000000000000000000e+00 9.736048719919606631e-01 0.000000000000000000e+00 6.310236596102801743e-01 9.868489495180855497e-01 7.785631354453726024e-04 6.296847416768736050e-01 4.235898132457486809e-01 1.000000000000000000e+00 4.760000000000000000e+02 2.382891618637811959e+00
1.000000000000000000e+00 7.189041889417295828e-01 9.455989703145267766e-02 4.142916640505599907e-02 1.000000000000000000e+00 6.914993108177214243e-02 6.881055418220987097e-01 9.808743856058235178e-01 1.157065751792071967e-01 1.628025217652651624e-01 4.355851394447582958e-01 6.241976069754747725e-01 7.102104020284024655e-01 1.000000000000000000e+00 1.534848379351649861e-01 6.013928537708997935e-01 2.470903721057637059e-01 9.639350541234525949e-01 4.996150372722637512e-01 0.000000000000000000e+00 8.764236018510129789e-01 1.000000000000000000e+00 2.531257778890348975e-01 1.000000000000000000e+00 5.418459029041605701e-01 1.000000000000000000e+00 9.321471178032577631e-01 9.869199625326320335e-01 0.000000000000000000e+00 1.370723263598411018e-03 8.313254036341607423e-01 1.000000000000000000e+00 5.460000000000000000e+02 2.203963319878829097e+00
1.000000000000000000e+00 1.000000000000000000e+00 0.000000000000000000e+00 0.000000000000000000e+00 1.335686669737563836e-01 0.000000000000000000e+00 6.430461028586753613e-01 7.119551736355267391e-01 8.733350052224074789e-01 9.220627015189700737e-01 0.000000000000000000e+00 1.000000000000000000e+00 0.000000000000000000e+00 7.507751092579971752e-01 0.000000000000000000e+00 0.000000000000000000e+00 0.000000000000000000e+00 1.000000000000000000e+00 1.000000000000000000e+00 0.000000000000000000e+00 0.000000000000000000e+00 1.586500464158214010e-02 7.074034424414935573e-01 1.000000000000000000e+00 1.000000000000000000e+00 1.000000000000000000e+00 1.000000000000000000e+00 1.000000000000000000e+00 2.888346661050901765e-01 2.507921309462377687e-09 2.897106387552527695e-01 1.000000000000000000e+00 5.140000000000000000e+02 2.398243428949724088e+00
1.000000000000000000e+00 1.005827711661820001e-01 0.000000000000000000e+00 0.000000000000000000e+00 9.540207157885631784e-01 5.117143029212134486e-01 0.000000000000000000e+00 9.112721780557957452e-01 0.000000000000000000e+00 4.986712337235744141e-01 1.422225366692344509e-03 4.102033738317148459e-01 9.721770788632340121e-01 1.000000000000000000e+00 5.203768178374545972e-01 1.059891978101995813e-01 4.271551266461116603e-01 2.688671301114911247e-02 4.260083411995646552e-01 9.999890795644756913e-01 9.042677396131344469e-01 8.004836329625453217e-01 1.134696287448626745e-01 1.000000000000000000e+00 1.977810624600397083e-01 9.892454346255791231e-01 9.849624170020541136e-01 5.157472745081553844e-01 4.151137489782110168e-01 2.913710478277039551e-01 2.604650448641310789e-01 1.000000000000000000e+00 4.760000000000000000e+02 2.524760500590006451e+00
6.333476688636838769e-01 1.000000000000000000e+00 3.497982239522081649e-01 0.000000000000000000e+00 9.944020276167740702e-02 0.000000000000000000e+00 3.243030157590178209e-01 2.224949229697924524e-01 1.106559045527624879e-01 1.000000000000000000e+00 0.000000000000000000e+00 3.705505731410948522e-01 4.499953784017390324e-01 1.000000000000000000e+00 2.944920092123111052e-02 5.185681510500740332e-01 5.360289454836091733e-02 2.089883362619440466e-01 1.000000000000000000e+00 2.484570221890342878e-01 5.710787938607987391e-01 9.359663809186774541e-01 2.049253763628714753e-01 4.387285441620830118e-01 1.000000000000000000e+00 9.497929840722411088e-01 5.828112641170696273e-01 1.000000000000000000e+00 3.324038060752901313e-02 6.930159301377717407e-01 9.314704432536495826e-01 6.916085102587292699e-01 4.200000000000000000e+02 2.456423706939255158e+00
5.717330030797362905e-01 9.191673874895458507e-01 4.078582192910186477e-02 1.202132065797785476e-01 2.696376187109598699e-01 3.780281974524925953e-02 3.571571149499935816e-01 6.257840500138733830e-02 1.600391966210991113e-01 2.476600865227420734e-01 1.536335385954835236e-02 7.542170727379636785e-01 3.563503312859626643e-03 0.000000000000000000e+00 5.573203085940080515e-01 0.000000000000000000e+00 2.662920493033002489e-01 4.288260664785793763e-02 5.551026223306885221e-01 2.626669517566627698e-01 9.790440635472672515e-01 7.434740466285459926e-01 4.443592958079798511e-02 4.957303965762608899e-01 7.233338778292083271e-01 7.942205702518442267e-01 3.369922498489447693e-01 9.518280096081626063e-01 3.236030761779006698e-02 2.795257492552783440e-01 8.332650465962267994e-01 8.753776354160791584e-01 3.080000000000000000e+02 2.855065529434769100e+00
3.200821797976338701e-01 8.764305385147197480e-01 9.898785940784658353e-05 1.758677009886703002e-01 7.002819265664553816e-01 0.000000000000000000e+00 9.999868772023550179e-01 7.139708829476246188e-02 3.491654753129204702e-01 9.602945961361856186e-01 3.676790337778832463e-01 9.452145432340277598e-01 9.402397755802961443e-01 7.524475203444287441e-01 9.595617818850302738e-01 9.996766502951218714e-01 8.142151409398685757e-01 9.999994141266177472e-01 9.751080996124232847e-01 5.278878806837911108e-01 1.044299184330096941e-01 5.993052982647045779e-03 1.944358493184100700e-02 5.072946783215734334e-02 1.000000000000000000e+00 9.755388152733118767e-01 9.985547339255363974e-01 9.583667081658161502e-01 9.999456365524540535e-01 8.778664946416896431e-01 7.091468065991494152e-01 9.999990260261240049e-01 6.280000000000000000e+02 1.980878393385145486e+00
2.967880222876309593e-01 1.000000000000000000e+00 0.000000000000000000e+00 0.000000000000000000e+00 3.985473213573587081e-02 0.000000000000000000e+00 1.461593624515352237e-05 2.204259824889843143e-03 2.132651184978950291e-03 9.417939576224713116e-01 0.000000000000000000e+00 5.348888740857725699e-01 4.998929604641279278e-02 0.000000000000000000e+00 0.000000000000000000e+00 7.333719372554472482e-01 0.000000000000000000e+00 9.999992172569718285e-01 0.000000000000000000e+00 6.002966739847493960e-01 1.000000000000000000e+00 0.000000000000000000e+00 1.000000000000000000e+00 1.000000000000000000e+00 0.000000000000000000e+00 1.000000000000000000e+00 1.000000000000000000e+00 6.893225965069326661e-06 9.984850443402486508e-01 1.708941165444241017e-01 1.464101424734100820e-01 1.000000000000000000e+00 4.000000000000000000e+02 2.868271295952074862e+00
0.000000000000000000e+00 0.000000000000000000e+00 0.000000000000000000e+00 0.000000000000000000e+00 3.500257831392314944e-01 1.554449733048932358e-01 4.270437900397197964e-03 3.158090779174122509e-01 9.830218349507820197e-02 4.910393769916245217e-03 1.799021654952336069e-01 9.761081653516010537e-01 0.000000000000000000e+00 1.751895001686383790e-01 0.000000000000000000e+00 4.696537358166441578e-03 0.000000000000000000e+00 9.683603856836153767e-01 0.000000000000000000e+00 0.000000000000000000e+00 1.652714298386945280e-01 0.000000000000000000e+00 4.183176723003137476e-01 8.931701186410186954e-01 1.000000000000000000e+00 0.000000000000000000e+00 8.426781816128797731e-02 0.000000000000000000e+00 8.093230848418797585e-02 6.166384415649567391e-06 3.444723229058910818e-01 4.034433396580962561e-01 2.020000000000000000e+02 3.804138764880951928e+00
1.368779703935705527e-01 9.666178071070113953e-01 1.089467814979940274e-01 0.000000000000000000e+00 9.941687332386733855e-01 0.000000000000000000e+00 1.420134741137622225e-01 2.314571154257690465e-03 1.509008854717782929e-05 1.000000000000000000e+00 3.107359451177913942e-02 1.906520300439792925e-01 4.783273632464567215e-02 4.256040735302509259e-01 9.591343879103017001e-01 6.652730344458486211e-01 0.000000000000000000e+00 1.000000000000000000e+00 5.774839815633879825e-01 0.000000000000000000e+00 6.587327111530976165e-01 0.000000000000000000e+00 8.838294857788412395e-01 2.773850570131892734e-01 1.000000000000000000e+00 0.000000000000000000e+00 3.344959362068225528e-01 9.999999790117456433e-01 0.000000000000000000e+00 5.601022923792347945e-03 6.892607450258749768e-01 2.713686407399353850e-01 3.640000000000000000e+02 2.924277962578667456e+00
6.983311442052524409e-01 1.547988154570494324e-01 1.044988275774523861e-08 0.000000000000000000e+00 8.206027566419521468e-01 3.096184906671629600e-01 8.392425206705912410e-01 0.000000000000000000e+00 6.898243131060491917e-01 9.950501621234991018e-03 1.139261775054128401e-01 1.000000000000000000e+00 9.977746351789412715e-01 6.449760422795256520e-01 0.000000000000000000e+00 8.894929272424193512e-01 9.995624361327637430e-01 9.999962992354073377e-01 1.000000000000000000e+00 5.163811267965213725e-01 4.433327395678340888e-01 4.180152512147399801e-01 4.808218362087688935e-01 1.000000000000000000e+00 9.173426471691795703e-01 6.020446227982998444e-01 9.743230346052069724e-01 1.974599776937624451e-01 5.547502506167317771e-01 4.341184136987746162e-02 6.040502938768302910e-01 1.000000000000000000e+00 5.260000000000000000e+02 2.315793520609537470e+00
5.592272148186495651e-01 7.096493347240324656e-01 4.186491986939377963e-02 1.040231777271649963e-02 1.674158464469422194e-02 3.953666563877574203e-01 1.197594540116897061e-01 7.084304347347371023e-01 2.546241250745696781e-10 3.193388670386966555e-02 4.605047265042895425e-04 9.550386942039127414e-01 8.253605131504543335e-02 5.047701034305204226e-01 7.638707980778620676e-01 8.769402920777233893e-07 6.054793374249556326e-01 9.210097998094385341e-03 7.924415725975683111e-01 3.300979302340700111e-02 9.521326726023157105e-01 3.326878540395737383e-01 4.099417170654837128e-01 9.981882126097321173e-01 1.000000000000000000e+00 5.277984754324702849e-02 6.131325645667097257e-01 1.000000000000000000e+00 9.999962404409219463e-01 4.955356501888810161e-01 9.882210656009391414e-01 3.474272113786074367e-01 3.880000000000000000e+02 2.717331568400064956e+00
8.333926662366503146e-01 1.000000000000000000e+00 1.174009491446146025e-01 1.161103929052618722e-01 9.987482517418229122e-01 6.112195380492744246e-01 7.585417921849536560e-01 6.334228779777221208e-01 9.990863595101527883e-01 9.999529998487896032e-01 3.724239762406909016e-01 1.000000000000000000e+00 4.164186608483991248e-01 2.581426725155609447e-01 8.568482550191474090e-01 6.799445445791516551e-01 1.000000000000000000e+00 6.169693869693004817e-01 9.831307604594083926e-01 9.661444288363504329e-01 3.160159364995707154e-02 9.999999997412822861e-01 1.496394009250263668e-01 4.606767119302943581e-01 9.981774858026635222e-01 2.390340035501795357e-01 2.914074791192119429e-01 2.697864422027427267e-01 9.351478604775179670e-01 9.989359862300094539e-01 5.841225162204541910e-01 7.979785467531715915e-01 5.960000000000000000e+02 1.795427364773220402e+00
9.999999885353030304e-01 9.999369843988422657e-01 4.608606200859139412e-01 3.986095711541663977e-01 9.998960889280622544e-01 6.081459890643137189e-01 9.983332045473632954e-01 3.689571506513577015e-01 9.999061921039619216e-01 1.000000000000000000e+00 5.841900142918134975e-01 9.999813009125140262e-01 0.000000000000000000e+00 0.000000000000000000e+00 1.000000000000000000e+00 0.000000000000000000e+00 1.000000000000000000e+00 2.830276373665780235e-02 9.995770426586464419e-01 3.878421622870105168e-01 1.686553736417894384e-02 5.755793740230474853e-01 0.000000000000000000e+00 0.000000000000000000e+00 9.620261933026269530e-01 0.000000000000000000e+00 1.000000000000000000e+00 1.974454223024246964e-04 1.000000000000000000e+00 1.000000000000000000e+00 5.080309215897044206e-01 9.980068297253398280e-01 5.580000000000000000e+02 2.276836862751081991e+00
6.586181013864419453e-01 0.000000000000000000e+00 2.382151154147628680e-01 0.000000000000000000e+00 0.000000000000000000e+00 1.848077878558230247e-01 0.000000000000000000e+00 7.355414381809823564e-03 3.674667450061777085e-01 2.446487187292123722e-01 4.741262244144876098e-02 6.605050552451650070e-01 0.000000000000000000e+00 0.000000000000000000e+00 0.000000000000000000e+00 1.085345587115138940e-05 2.116462742469974456e-01 4.221550824791053813e-01 0.000000000000000000e+00 0.000000000000000000e+00 2.403897876126491751e-01 0.000000000000000000e+00 2.182600467534514023e-08 0.000000000000000000e+00 9.575587650466927947e-01 1.311863941495247932e-01 6.572711182607648972e-01 6.477892039266119895e-02 4.205606982256323012e-01 5.720709488582078617e-01 0.000000000000000000e+00 0.000000000000000000e+00 1.640000000000000000e+02 3.729514681908392415e+00
1.000000000000000000e+00 2.467059479766556609e-02 7.265336987637058264e-02 1.188054731017814253e-01 3.763550403559499935e-02 1.000000000000000000e+00 4.438616448015644256e-01 4.034225717608608264e-01 4.748786279368885088e-01 1.744433653324796996e-01 8.126778961917002775e-01 7.258318598949521361e-01 7.436154594360794290e-01 9.999996661498781192e-01 9.097054126327759338e-01 5.572328073967168782e-01 8.365254800692252246e-01 8.200565460128580453e-01 9.296679275201831516e-02 1.000000000000000000e+00 8.277576817174532309e-01 9.895471511706629419e-01 5.099040276346725101e-06 6.515602624417731192e-01 2.239555311288331518e-01 6.566143913774140639e-01 5.535928726103649389e-01 8.110033895079160615e-01 3.622021488609599577e-02 9.704005427460927757e-01 9.120725613874759441e-01 9.999996058077029737e-01 5.720000000000000000e+02 2.091693715695981393e+00
9.850035937768871763e-01 9.970066834482607110e-01 1.544979550797240808e-01 0.000000000000000000e+00 3.860189990042959818e-01 1.038107841271237175e-01 7.787319382282346103e-01 3.850563354457132298e-02 3.112105768651136084e-01 7.908292901174578625e-05 4.766739738147665051e-01 1.786688598217137536e-03 9.630329389429027609e-01 1.000000000000000000e+00 7.402423801043676033e-01 6.779441825838269375e-01 2.483419362751459469e-01 8.785208007444511580e-01 2.072607585275972886e-01 5.423410514974075225e-01 1.490257703710549109e-01 7.355203925790240738e-02 1.087518665934903012e-01 1.505345639297036853e-01 6.924253125237396223e-01 6.822095750362607847e-01 5.730108539289546776e-01 1.887766430635587911e-01 1.186193747637508816e-01 4.028872457267358015e-02 3.668604411082826422e-01 2.419524669791003058e-01 3.140000000000000000e+02 2.765002403730227432e+00
1.000000000000000000e+00 2.962973715171540179e-01 8.585619204237034952e-01 0.000000000000000000e+00 0.000000000000000000e+00 0.000000000000000000e+00 0.000000000000000000e+00 0.000000000000000000e+00 1.000000000000000000e+00 6.371127293818694692e-01 0.000000000000000000e+00 8.894311218210402270e-01 1.927672319254406519e-01 0.000000000000000000e+00 0.000000000000000000e+00 2.526937012332258203e-01 1.000000000000000000e+00 5.378394067609049145e-01 2.154285866013739281e-01 6.546757729422957419e-04 0.000000000000000000e+00 8.557343674642317044e-01 0.000000000000000000e+00 7.343163748697159043e-01 0.000000000000000000e+00 6.444436888676269293e-02 9.911482832371854013e-01 0.000000000000000000e+00 1.000000000000000000e+00 1.000000000000000000e+00 0.000000000000000000e+00 5.874597923266089428e-01 3.800000000000000000e+02 3.014527655338895329e+00
1.000000000000000000e+00 0.000000000000000000e+00 4.263328888369226355e-02 2.087525890469424036e-02 8.197563266216123523e-02 0.000000000000000000e+00 9.976441040274188765e-01 0.000000000000000000e+00 6.403725559009662560e-02 3.397782014483450852e-01 1.000000000000000000e+00 9.155493185680807500e-01 0.000000000000000000e+00 7.239901026437322029e-01 0.000000000000000000e+00 8.894296688130854944e-01 8.218242717249406581e-01 3.854060510696429021e-02 8.050543757846986281e-01 1.285927056367450472e-01 1.000000000000000000e+00 5.928804015273478889e-01 0.000000000000000000e+00 0.000000000000000000e+00 1.000000000000000000e+00 3.732096812883670123e-01 0.000000000000000000e+00 9.771956188804727939e-01 9.946641977652289635e-01 7.565333031354433135e-01 8.041697281365995931e-01 0.000000000000000000e+00 4.620000000000000000e+02 2.876079813639323302e+00
0.000000000000000000e+00 0.000000000000000000e+00 2.527249581751032925e-02 3.049197150356238728e-01 0.000000000000000000e+00 6.494695552243456849e-01 8.647696142692161692e-01 0.000000000000000000e+00 8.978228133158351332e-01 0.000000000000000000e+00 0.000000000000000000e+00 7.063343788867102348e-06 0.000000000000000000e+00 0.000000000000000000e+00 0.000000000000000000e+00 0.000000000000000000e+00 0.000000000000000000e+00 0.000000000000000000e+00 2.979823768140174578e-01 0.000000000000000000e+00 5.886867124082583169e-01 0.000000000000000000e+00 0.000000000000000000e+00 0.000000000000000000e+00 0.000000000000000000e+00 1.380069463834010801e-01 1.898193494114399082e-01 3.293378357453365379e-01 0.000000000000000000e+00 0.000000000000000000e+00 0.000000000000000000e+00 0.000000000000000000e+00 1.500000000000000000e+02 4.202180667453341734e+00
5.766070611568139409e-02 3.176764781518321562e-02 0.000000000000000000e+00 2.348714566801778092e-01 3.486120482471547627e-03 6.168391973524303129e-01 0.000000000000000000e+00 5.088605145237116156e-01 0.000000000000000000e+00 0.000000000000000000e+00 0.000000000000000000e+00 9.896509533880391007e-01 0.000000000000000000e+00 0.000000000000000000e+00 0.000000000000000000e+00 3.933325325844829745e-01 2.320151168783139428e-01 2.725498076698280592e-01 4.753640872027076747e-01 0.000000000000000000e+00 0.000000000000000000e+00 0.000000000000000000e+00 0.000000000000000000e+00 0.000000000000000000e+00 3.497698558240447397e-01 0.000000000000000000e+00 0.000000000000000000e+00 0.000000000000000000e+00 9.987050017822021175e-01 0.000000000000000000e+00 0.000000000000000000e+00 0.000000000000000000e+00 1.600000000000000000e+02 4.025614462958441386e+00
4.871615779678555719e-02 1.000000000000000000e+00 4.438155635402398825e-05 9.978575215985020508e-01 3.475079801257855983e-01 0.000000000000000000e+00 1.000000000000000000e+00 5.239937982944613271e-02 1.555407179303697207e-01 4.219978056166014402e-01 6.253172337435370931e-01 1.000000000000000000e+00 0.000000000000000000e+00 9.995690004165111997e-01 1.000000000000000000e+00 1.000000000000000000e+00 2.148475375846224666e-01 7.646212604317278450e-01 1.000000000000000000e+00 2.078696549516510577e-04 0.000000000000000000e+00 5.704231504169481326e-01 0.000000000000000000e+00 5.494629171847398297e-01 0.000000000000000000e+00 1.000000000000000000e+00 1.000000000000000000e+00 0.000000000000000000e+00 1.000000000000000000e+00 0.000000000000000000e+00 0.000000000000000000e+00 0.000000000000000000e+00 4.440000000000000000e+02 2.723660889882889791e+00
0.000000000000000000e+00 0.000000000000000000e+00 0.000000000000000000e+00 0.000000000000000000e+00 1.492678735859853389e-01 2.333003452768803443e-01 9.822815217020085532e-01 3.694627255276515809e-01 8.778335279588153073e-01 5.850886800701357027e-01 9.065404678290303261e-03 9.950579338616062364e-01 1.116874581183732867e-01 0.000000000000000000e+00 4.152745614846397038e-01 1.000000000000000000e+00 6.641363900053639524e-01 3.429172073326224868e-01 3.015592079547623761e-01 4.415551561075082287e-01 9.529833140600028063e-01 0.000000000000000000e+00 1.000000000000000000e+00 4.431506621751713643e-02 4.295981552114306462e-03 7.064557516716173380e-01 5.191277061388818725e-02 0.000000000000000000e+00 0.000000000000000000e+00 0.000000000000000000e+00 2.091549993108948735e-01 8.717924477235808323e-03 3.000000000000000000e+02 3.298132167718349717e+00
9.631149993550985888e-01 0.000000000000000000e+00 3.497446541035362788e-01 5.838383822810733204e-01 0.000000000000000000e+00 1.000000000000000000e+00 4.930915039981412784e-01 7.778946176155789871e-01 3.200962964096805141e-01 0.000000000000000000e+00 0.000000000000000000e+00 1.000000000000000000e+00 0.000000000000000000e+00 0.000000000000000000e+00 1.000000000000000000e+00 1.000000000000000000e+00 1.580148462091295058e-01 9.999759256874253266e-01 3.230629587070089070e-01 0.000000000000000000e+00 9.999999992845036711e-01 3.528019196389849815e-02 0.000000000000000000e+00 0.000000000000000000e+00 0.000000000000000000e+00 3.461260778220837109e-01 0.000000000000000000e+00 0.000000000000000000e+00 2.068766516050168924e-01 0.000000000000000000e+00 1.174679635563513277e-02 0.000000000000000000e+00 3.100000000000000000e+02 3.368483383178711321e+00
1.828162107397407476e-01 1.003264047344974152e-01 0.000000000000000000e+00 0.000000000000000000e+00 0.000000000000000000e+00 1.705839907193155702e-01 0.000000000000000000e+00 6.777455934222761109e-10 0.000000000000000000e+00 0.000000000000000000e+00 3.087541144986460234e-02 1.000000000000000000e+00 0.000000000000000000e+00 0.000000000000000000e+00 0.000000000000000000e+00 0.000000000000000000e+00 3.737048336632021739e-01 2.834552808951103509e-01 3.586390695209552559e-01 6.788863583623070717e-06 0.000000000000000000e+00 2.434618714943851681e-01 0.000000000000000000e+00 0.000000000000000000e+00 9.812612264470018664e-01 0.000000000000000000e+00 1.841457936813996887e-01 6.955956920279298848e-05 9.641989580325081022e-01 4.198380953263989301e-01 4.626545349406058605e-11 6.718828381744759715e-02 1.680000000000000000e+02 3.976264063517252811e+00
7.501909677837791390e-01 4.120578992388493345e-01 4.514955812432209364e-02 2.190179133079380933e-02 5.768316058798589330e-01 3.375643960229574025e-01 5.753426433487334180e-01 6.122625681469623382e-01 5.564149062382740540e-01 3.355787108703409682e-01 6.487968336643851197e-01 9.842305171321291679e-01 1.089821386845635752e-03 7.722714746386336038e-02 5.282638281755602794e-01 5.172304938430148658e-02 8.682268118054228268e-01 9.265947322530827535e-01 9.752353079804614300e-01 3.530882469310734316e-03 9.557268181709392962e-01 1.509682313302848113e-02 8.283495982664722257e-02 2.323646525316014899e-01 8.989033721354438011e-01 4.414820494853076427e-02 9.286635002787291260e-01 2.729758602811021007e-01 5.222515834092323894e-01 9.885891471658228014e-01 1.304399454066538372e-02 6.528627502756294276e-02 3.900000000000000000e+02 2.763373353746202188e+00
8.582841132471380474e-02 2.792489367901273070e-02 9.495295094881666120e-01 1.000000000000000000e+00 0.000000000000000000e+00 9.065636317469436545e-01 1.060487123238473936e-04 0.000000000000000000e+00 8.832454185363703969e-01 0.000000000000000000e+00 0.000000000000000000e+00 6.239510475003055001e-01 0.000000000000000000e+00 6.211743029686197549e-03 9.032754853714084486e-01 0.000000000000000000e+00 6.512040979130301332e-01 9.789744237360882284e-01 6.219705090074354459e-01 3.800844511124130964e-02 0.000000000000000000e+00 2.411527234563089553e-02 1.829699263425192957e-01 0.000000000000000000e+00 1.522765028713568836e-01 5.988212394683791601e-02 0.000000000000000000e+00 0.000000000000000000e+00 1.000000000000000000e+00 2.384563685673030467e-02 9.929250655646065793e-01 2.097082088484432567e-03 3.460000000000000000e+02 3.596835581461588660e+00
5.668748775298215747e-01 9.977333138458350792e-01 7.566975988878610337e-01 4.023253382588688060e-02 7.664465922906171791e-01 4.050515159944647614e-01 9.970832063854218053e-01 8.523428687356521261e-01 8.908422070895016809e-01 7.082080147537959114e-01 6.383691071159180476e-03 9.935879372004821075e-01 1.000000000000000000e+00 9.961032770098882105e-01 7.205592319354024999e-01 1.000000000000000000e+00 1.000000000000000000e+00 7.251987599930606043e-01 1.000000000000000000e+00 1.000000000000000000e+00 1.000000000000000000e+00 7.425260080482174452e-01 4.417464456376835047e-01 2.084600351203397817e-01 9.917486295699277088e-01 1.000000000000000000e+00 0.000000000000000000e+00 1.000000000000000000e+00 2.932475138743124154e-01 9.999998717697757833e-01 9.962403711896447023e-01 9.255213295538141649e-01 7.100000000000000000e+02 1.576057424999418588e+00
1.000000000000000000e+00 5.656741723730602800e-01 4.961970046502343912e-02 0.000000000000000000e+00 3.047855549220214733e-01 1.098958470481264764e-02 7.659017690591686245e-01 7.658628166938205029e-01 0.000000000000000000e+00 1.016475685695323683e-04 6.986470150754467978e-01 5.286345987797156365e-01 9.610148177515990264e-01 7.757566161859033027e-01 1.000000000000000000e+00 9.952230249583048360e-01 9.250260865524820852e-01 0.000000000000000000e+00 9.981233035687059330e-01 0.000000000000000000e+00 7.803532273033830791e-01 9.159780994771080653e-01 3.445478618943370597e-01 3.707377052478970647e-01 8.884751112871300815e-01 9.996236045803383874e-01 1.268472031483388884e-01 1.489588343578445995e-01 1.000000000000000000e+00 0.000000000000000000e+00 9.977744029453547436e-02 1.000000000000000000e+00 4.820000000000000000e+02 2.409383801051548701e+00
2.032337594194321892e-04 3.559408587770231946e-01 5.456513909722130879e-06 6.426833410822414838e-05 1.347338014453100807e-01 1.000000000000000000e+00 9.477083697752998308e-05 2.486090155644143929e-01 1.819790245440961740e-01 5.981779562748711365e-01 1.898425864675494923e-06 9.999011275418581146e-01 5.096412209979677144e-01 1.240764495462031423e-04 9.999997718327191532e-01 0.000000000000000000e+00 6.439181274949459799e-02 4.996970442437159154e-01 8.552365632467278100e-01 9.999865674644290436e-01 0.000000000000000000e+00 0.000000000000000000e+00 2.656817062233509871e-02 3.661529437062072123e-01 3.191432727152697102e-01 6.726098696532603061e-01 3.326724306666468528e-07 2.005497592625848924e-01 8.332784118706719756e-01 8.808446260010770468e-01 1.699216077201431922e-05 1.000000000000000000e+00 3.460000000000000000e+02 3.092105759514702346e+00
6.560741011200235118e-01 3.111521618748456786e-01 3.818561027099718896e-01 5.135827830120189529e-03 3.375706403439876491e-02 2.773213488444710162e-01 7.798584524951076569e-01 3.729562141943563169e-01 8.056551656602460587e-02 2.256885175625185092e-01 2.379921695970549107e-03 6.629437681483214551e-01 1.357564515902814906e-01 3.294610488738770049e-01 7.164306549014324288e-01 7.104220093110502621e-01 4.362279141510793101e-01 2.664651232565330985e-01 1.639087592252127731e-02 2.922008395706773842e-01 2.085675461363666262e-07 8.606939934721867524e-02 2.063409404672739422e-01 2.753051942268698316e-01 2.733527372398651331e-02 0.000000000000000000e+00 5.888343835772626850e-02 4.738490575682587080e-02 6.998969820262557207e-01 5.469231463970682938e-01 2.142130407367244302e-14 2.986923442811431073e-01 1.820000000000000000e+02 3.399490356445312500e+00
0.000000000000000000e+00 0.000000000000000000e+00 0.000000000000000000e+00 4.504043583565582320e-01 1.000000000000000000e+00 0.000000000000000000e+00 0.000000000000000000e+00 2.707558135605252492e-01 8.153660662340318777e-02 6.907535206350353674e-01 0.000000000000000000e+00 7.366351376289873576e-01 0.000000000000000000e+00 1.193764746807772781e-01 0.000000000000000000e+00 1.000000000000000000e+00 0.000000000000000000e+00 0.000000000000000000e+00 0.000000000000000000e+00 3.149563594353662621e-01 0.000000000000000000e+00 3.318422041473195749e-01 4.691627914970719626e-02 9.956432067143701214e-01 9.169430032153417232e-01 8.776354679672726533e-01 0.000000000000000000e+00 0.000000000000000000e+00 4.676610655703480890e-01 0.000000000000000000e+00 0.000000000000000000e+00 0.000000000000000000e+00 2.600000000000000000e+02 3.704098190495997311e+00
1.000000000000000000e+00 7.815238085897806553e-01 8.808138668559192253e-01 0.000000000000000000e+00 1.000000000000000000e+00 9.999464685164461963e-01 1.000000000000000000e+00 1.000000000000000000e+00 1.000000000000000000e+00 5.915020650450207862e-01 6.090305667969677247e-07 1.000000000000000000e+00 5.340234470647601261e-01 0.000000000000000000e+00 1.377684954349257251e-01 9.578445540197277897e-01 8.672747212072543510e-01 4.320584499548091317e-01 0.000000000000000000e+00 6.298542820219205085e-01 0.000000000000000000e+00 0.000000000000000000e+00 2.417063256349647957e-02 6.518195991662771582e-02 9.704087546639984518e-01 3.448562597554054310e-02 2.090726651939233541e-05 0.000000000000000000e+00 1.000000000000000000e+00 9.999807974945219557e-01 6.064946367083234185e-05 3.601563712703061415e-01 5.020000000000000000e+02 2.686300706026846896e+00
1.000000000000000000e+00 8.621402411223575424e-01 5.225798403453049135e-01 9.836501118405140392e-04 0.000000000000000000e+00 7.604712073960953056e-01 9.975430113407312005e-01 1.172275553098373613e-01 7.566959015074904427e-01 0.000000000000000000e+00 3.035871623630155645e-03 5.784887258474531446e-01 0.000000000000000000e+00 1.482125642692139721e-02 0.000000000000000000e+00 9.572495900436814864e-01 9.977973643611337540e-01 0.000000000000000000e+00 4.534475215290757061e-02 1.107420625770724060e-02 0.000000000000000000e+00 7.244279694845709439e-02 5.514983981783162575e-04 0.000000000000000000e+00 8.081219446470028211e-02 9.933351177300479840e-02 5.740211042076361862e-08 7.293578246828618106e-01 1.000000000000000000e+00 4.304291131410418747e-01 0.000000000000000000e+00 3.039754275421783780e-01 3.060000000000000000e+02 3.270680618286133434e+00
4.939557245586280732e-01 1.000000000000000000e+00 0.000000000000000000e+00 4.465116667472076618e-03 0.000000000000000000e+00 2.234618164096237661e-02 8.060832256433363430e-01 5.043925250732874677e-01 9.401783971497607029e-01 1.978606511363165728e-03 2.195165149341252731e-01 2.247632634331420964e-01 7.929409297246539090e-01 1.931153852690145958e-02 3.029800843051932979e-01 0.000000000000000000e+00 8.761940818089036798e-02 6.966595091466621925e-01 6.786095329261193632e-01 9.212085187188567836e-01 9.984112556703536034e-01 0.000000000000000000e+00 0.000000000000000000e+00 8.993336015481110299e-06 2.711067923662941470e-01 0.000000000000000000e+00 5.933420261429677156e-01 2.305354534293313495e-01 5.363478944350262845e-01 1.055520962193172430e-02 0.000000000000000000e+00 5.931786678994893647e-01 2.960000000000000000e+02 2.932505054238401687e+00
2.106293800777796765e-01 9.999999339599898729e-01 2.920921661108074035e-03 2.939578064523704626e-01 1.021687116218531755e-01 7.459608668013362198e-01 8.382583062401003371e-01 1.000000000000000000e+00 6.998585036333485609e-01 1.333575045469822806e-01 2.457417776456792546e-02 1.000000000000000000e+00 2.844310810844232623e-02 0.000000000000000000e+00 6.412146855023470593e-01 7.840193293056513246e-01 7.737503028489448598e-01 4.416485244745946837e-01 9.149609253880135462e-01 7.434278009144094090e-01 8.533561161036695708e-01 0.000000000000000000e+00 3.319211926749641162e-01 6.639468403706583199e-02 9.253950700423707598e-01 4.894783553604206139e-01 2.114403458558348770e-01 3.004209890560000096e-02 9.901016592309513920e-01 6.795916030790036810e-01 5.555280777980237117e-01 9.737414564582571597e-01 4.580000000000000000e+02 2.334796521283577952e+00
0.000000000000000000e+00 9.025220243621782101e-01 0.000000000000000000e+00 1.000000000000000000e+00 0.000000000000000000e+00 1.000000000000000000e+00 1.000000000000000000e+00 0.000000000000000000e+00 8.478015439466546344e-01 0.000000000000000000e+00 0.000000000000000000e+00 7.664667822686664911e-01 2.414360380527175685e-03 0.000000000000000000e+00 0.000000000000000000e+00 2.949035018219020032e-01 0.000000000000000000e+00 0.000000000000000000e+00 1.000000000000000000e+00 0.000000000000000000e+00 4.434379455186545083e-01 0.000000000000000000e+00 0.000000000000000000e+00 0.000000000000000000e+00 0.000000000000000000e+00 4.116643711978662523e-01 1.000000000000000000e+00 2.863874619623077433e-02 9.624789337176896664e-01 6.857602011950039711e-02 0.000000000000000000e+00 0.000000000000000000e+00 3.320000000000000000e+02 3.414493009779188792e+00
1.000000000000000000e+00 0.000000000000000000e+00 0.000000000000000000e+00 0.000000000000000000e+00 0.000000000000000000e+00 8.714959250166307569e-01 1.000000000000000000e+00 1.000000000000000000e+00 9.993399381697056771e-01 0.000000000000000000e+00 0.000000000000000000e+00 5.710663533914153156e-01 0.000000000000000000e+00 2.106202473500944940e-04 8.149997743396206751e-01 4.097356977822004254e-01 1.948919824638666577e-05 7.594518882732510523e-01 1.623023221010781447e-01 1.000000000000000000e+00 0.000000000000000000e+00 7.400957416038158676e-04 3.754127730607413338e-01 0.000000000000000000e+00 0.000000000000000000e+00 0.000000000000000000e+00 1.000000000000000000e+00 1.057569265595830615e-01 9.999822031238415621e-01 0.000000000000000000e+00 1.641504091197049375e-01 9.744353348850491869e-01 3.920000000000000000e+02 3.063212972698789560e+00
9.941189140567037175e-01 1.000000000000000000e+00 5.448219339535620431e-01 0.000000000000000000e+00 9.998885437395195197e-01 7.723012345259359090e-01 0.000000000000000000e+00 9.664422856126751726e-02 7.974114248139981820e-01 4.086320835261459949e-01 9.207446835976380584e-01 9.999511629453208261e-01 8.293879031043245309e-01 9.949018598535613878e-01 9.374856398801340029e-01 9.958803957603264978e-01 6.230995310532887466e-01 7.498664085782348332e-01 1.121486667504775214e-01 2.670546199924814365e-06 9.375408220047397323e-02 5.930609990281694444e-01 1.000000000000000000e+00 0.000000000000000000e+00 9.029556317750384586e-01 5.570643102307315520e-01 9.999989456395848020e-01 6.953937389228916077e-02 9.846545875304829609e-01 1.000000000000000000e+00 1.000000000000000000e+00 1.000000000000000000e+00 6.240000000000000000e+02 1.889000256856282478e+00
1.000000000000000000e+00 0.000000000000000000e+00 8.912175566438744756e-01 0.000000000000000000e+00 0.000000000000000000e+00 0.000000000000000000e+00 0.000000000000000000e+00 6.066828606120312495e-01 0.000000000000000000e+00 0.000000000000000000e+00 0.000000000000000000e+00 0.000000000000000000e+00 0.000000000000000000e+00 8.588391709881096903e-01 8.169698774961904331e-01 2.306726482054211047e-01 0.000000000000000000e+00 2.608682221292139489e-02 0.000000000000000000e+00 6.765565431647967420e-01 4.154468092266412615e-02 2.231354500273914077e-01 7.783621536671383456e-01 6.211135977933714136e-02 1.546816024420009372e-01 0.000000000000000000e+00 1.000000000000000000e+00 0.000000000000000000e+00 9.292037730272770593e-03 1.000000000000000000e+00 0.000000000000000000e+00 0.000000000000000000e+00 2.900000000000000000e+02 3.467462676610702399e+00
0.000000000000000000e+00 0.000000000000000000e+00 7.408750077926531397e-01 7.204133147249229818e-01 0.000000000000000000e+00 3.576754334388483336e-01 1.000000000000000000e+00 9.506008348272393382e-01 0.000000000000000000e+00 0.000000000000000000e+00 3.927643656855900889e-01 2.900691444429983473e-02 1.000000000000000000e+00 1.268599589961066920e-01 0.000000000000000000e+00 0.000000000000000000e+00 1.462666989184231159e-01 2.020554687403585403e-01 7.114504189834313097e-01 3.083920840446515155e-01 9.952768169096364304e-01 8.139942913250225454e-02 1.501532150419098710e-01 0.000000000000000000e+00 0.000000000000000000e+00 0.000000000000000000e+00 1.000000000000000000e+00 1.426170971478303746e-02 7.174653770443127909e-01 0.000000000000000000e+00 3.340107447608893776e-01 1.370852384908442245e-01 2.800000000000000000e+02 3.646123344515576736e+00
2.520948956236075400e-01 0.000000000000000000e+00 2.568884227255020525e-01 2.863410128910154340e-01 7.176409154501654005e-04 3.653331166272518749e-01 2.164301441611120314e-01 0.000000000000000000e+00 0.000000000000000000e+00 1.099516371039275520e-01 0.000000000000000000e+00 0.000000000000000000e+00 0.000000000000000000e+00 9.999256761720699549e-01 0.000000000000000000e+00 0.000000000000000000e+00 1.195809646791164693e-01 3.476442986574156957e-01 1.044546535770452811e-01 7.730815548450142329e-04 0.000000000000000000e+00 0.000000000000000000e+00 1.311919012197456658e-01 0.000000000000000000e+00 0.000000000000000000e+00 0.000000000000000000e+00 0.000000000000000000e+00 3.435565363517990023e-01 5.034615643615024672e-01 0.000000000000000000e+00 2.928865061216280874e-01 5.985244386133858896e-01 1.220000000000000000e+02 4.071935608566447762e+00
2.723167591320995728e-01 1.000000000000000000e+00 0.000000000000000000e+00 0.000000000000000000e+00 8.393938243039844569e-06 0.000000000000000000e+00 8.972673547552159068e-01 5.679527230478812472e-01 1.000000000000000000e+00 0.000000000000000000e+00 4.500700155046774009e-01 0.000000000000000000e+00 7.142951457550351657e-01 0.000000000000000000e+00 1.025374967339172074e-04 6.381939056319575407e-03 0.000000000000000000e+00 1.000000000000000000e+00 7.717592008676252835e-01 1.000000000000000000e+00 7.488908836697831806e-01 1.269676485233509899e-01 0.000000000000000000e+00 0.000000000000000000e+00 1.314232549580340303e-01 0.000000000000000000e+00 3.902476884595051237e-02 0.000000000000000000e+00 8.736853335908213725e-03 2.187384069929111385e-01 0.000000000000000000e+00 1.030535095365901627e-01 2.720000000000000000e+02 3.359987404905719455e+00
7.749252912694074569e-01 4.719405660105993050e-01 2.396873913407964185e-01 0.000000000000000000e+00 8.945680438288985403e-01 0.000000000000000000e+00 2.076171424592981041e-01 9.999986418424898771e-01 1.951500447174365355e-02 0.000000000000000000e+00 2.776294818856223090e-01 3.581968194539365824e-02 3.571413056513369350e-02 9.615927838677108541e-01 0.000000000000000000e+00 9.677596717213838851e-01 4.091955405503189258e-01 7.459041935182283423e-01 0.000000000000000000e+00 4.935581208497987760e-01 2.453739759852240077e-01 9.667717687065716659e-01 0.000000000000000000e+00 0.000000000000000000e+00 2.647974602808441658e-01 1.072088449219002759e-01 2.326920922738098529e-01 1.000000000000000000e+00 8.776403267417351994e-01 0.000000000000000000e+00 8.066662525217502822e-01 9.102953924778202088e-01 3.920000000000000000e+02 2.927898940487184465e+00
9.743443269304955523e-01 5.070126867849094054e-01 2.951816440914674559e-05 5.986253535122842279e-02 0.000000000000000000e+00 0.000000000000000000e+00 0.000000000000000000e+00 1.000000000000000000e+00 1.000000000000000000e+00 0.000000000000000000e+00 1.453297353968530381e-01 0.000000000000000000e+00 1.000000000000000000e+00 5.064220852973631004e-01 9.285393203394154416e-01 8.446842982292500635e-01 1.602666884255671553e-01 1.000000000000000000e+00 7.619754585226468091e-01 1.057292554636160148e-01 1.000000000000000000e+00 2.942598070101687391e-01 1.000000000000000000e+00 6.510332024910552295e-01 0.000000000000000000e+00 8.021918814969212219e-01 3.657123864713574535e-01 9.280183618175731342e-01 0.000000000000000000e+00 0.000000000000000000e+00 8.805452809910913059e-02 1.000000000000000000e+00 4.680000000000000000e+02 2.586457303365071514e+00
7.540101942875884200e-01 9.783233169143301655e-01 7.560192676707310211e-01 2.446214135036728593e-04 9.320912824243736683e-01 7.983759900576891111e-01 8.906560236742789849e-01 9.451844212153688307e-01 2.016683978399965230e-02 0.000000000000000000e+00 8.880799661327922756e-01 9.090280629963297665e-01 3.476067372331519828e-02 4.028615326116497530e-01 4.446620286603859551e-01 1.090414543193568842e-01 6.297102589045997512e-01 6.059821489429081387e-01 0.000000000000000000e+00 9.271690502867975248e-01 0.000000000000000000e+00 7.963531900110634165e-01 9.048589955457210232e-01 1.068362521830887590e-01 5.857277863537874163e-01 2.566524251084589814e-01 1.000000000000000000e+00 8.795335901187307792e-01 2.919665088746696280e-01 1.000000000000000000e+00 5.475553852198623492e-03 6.526491574823539699e-01 5.140000000000000000e+02 2.237945441594199725e+00
5.926988489547520000e-01 1.000000000000000000e+00 0.000000000000000000e+00 9.377210596102179829e-02 0.000000000000000000e+00 0.000000000000000000e+00 0.000000000000000000e+00 2.935342356482605886e-01 9.988007902411458194e-03 0.000000000000000000e+00 6.768188652997823018e-01 1.000000000000000000e+00 8.552441578921554655e-01 1.000000000000000000e+00 0.000000000000000000e+00 0.000000000000000000e+00 1.000000000000000000e+00 9.799866213730316078e-01 1.000000000000000000e+00 7.669059092539618483e-01 0.000000000000000000e+00 0.000000000000000000e+00 0.000000000000000000e+00 0.000000000000000000e+00 0.000000000000000000e+00 0.000000000000000000e+00 0.000000000000000000e+00 1.000000000000000000e+00 8.015545502294905145e-01 0.000000000000000000e+00 0.000000000000000000e+00 8.990148782257371129e-01 4.000000000000000000e+02 2.907238232005726175e+00
1.000000000000000000e+00 0.000000000000000000e+00 9.694870456026662975e-01 0.000000000000000000e+00 0.000000000000000000e+00 1.783629063634905795e-02 4.719497471988143289e-02 0.000000000000000000e+00 0.000000000000000000e+00 0.000000000000000000e+00 0.000000000000000000e+00 9.239299739954565105e-01 2.484690671764217262e-01 9.482096202876544311e-01 0.000000000000000000e+00 8.631850331702368706e-01 0.000000000000000000e+00 8.302232030417934228e-01 3.764041257738399149e-01 5.315671914286029809e-01 0.000000000000000000e+00 4.411597182795527483e-01 0.000000000000000000e+00 0.000000000000000000e+00 0.000000000000000000e+00 0.000000000000000000e+00 0.000000000000000000e+00 0.000000000000000000e+00 1.054834430233435316e-02 9.982180747073491345e-01 0.000000000000000000e+00 1.664746636505226498e-03 2.900000000000000000e+02 3.478066274007161951e+00
9.889854619538230862e-01 0.000000000000000000e+00 2.283532189878145491e-01 7.414397216898917231e-02 0.000000000000000000e+00 3.025656059733851100e-01 1.350118320013777296e-01 1.478822101255392596e-01 0.000000000000000000e+00 8.452813702157472298e-01 3.386134783338540788e-01 1.479594418713879034e-01 0.000000000000000000e+00 3.463083727037926107e-01 6.272799710950291985e-01 5.090069575951415128e-10 9.813321894944221357e-02 3.377764427617223619e-01 1.000000000000000000e+00 1.082142911763350895e-01 0.000000000000000000e+00 4.683872399407499887e-01 1.752526609499637411e-04 0.000000000000000000e+00 4.092850251450778215e-02 8.391364616502909879e-01 0.000000000000000000e+00 1.758392445421274632e-03 5.483669173767832889e-10 3.129158958816527503e-01 8.511204829482579837e-02 5.743867866183856030e-01 2.220000000000000000e+02 3.552946326846168290e+00
4.789615356694678083e-01 9.991780870737442255e-01 4.359310779960065552e-01 9.549049148573620638e-01 3.789716815760131308e-01 2.967802666602611938e-01 5.195283746083235732e-01 9.995279666578211764e-01 3.984630112188995987e-01 9.009931159509161624e-02 9.366870362731604116e-01 7.104503492201779125e-01 2.211116905597299009e-01 6.658059546228556336e-01 8.945017881803130066e-01 7.374004867576682276e-01 6.366258017024913896e-01 7.033634247329837441e-01 5.858176960275939260e-01 8.151831751037295071e-01 4.587184886727991850e-01 6.302551347163248829e-01 5.726907578184975423e-02 4.108172495099515209e-01 4.815623583328615953e-01 1.070055475982719349e-02 1.578311730719685613e-01 5.117560981254616614e-02 9.388032760814691846e-01 3.656697630694775158e-01 9.372889265102898326e-01 8.253230358509490161e-01 4.700000000000000000e+02 2.201970841228098053e+00
1.000000000000000000e+00 1.000000000000000000e+00 7.099675061815755583e-01 0.000000000000000000e+00 6.652656850102505182e-01 7.950757496540261484e-08 1.000000000000000000e+00 0.000000000000000000e+00 9.012701314124273999e-01 3.183850552839343484e-01 9.858333682690061384e-01 9.984710507610133901e-01 4.739711502788065411e-01 5.507060166088306730e-01 9.877670056597007697e-01 9.849082028166756819e-01 8.044475178263115200e-01 8.516534342184798323e-01 3.909335686872975613e-01 6.773451206903055022e-01 5.990350544931329901e-01 2.392633096753337130e-01 9.901884027515171771e-02 9.999439539141982136e-01 5.499609582339559655e-01 7.682897068301284271e-01 9.865371938097158289e-01 1.584892417514361107e-01 9.689952817855556066e-01 5.999708885441371597e-01 4.191924161170068608e-01 9.991476901623732587e-01 5.820000000000000000e+02 1.816713905334472523e+00
9.994020318166763062e-01 1.000000000000000000e+00 9.081252020073520004e-02 0.000000000000000000e+00 1.522359336337862357e-01 2.162043262842840707e-01 9.155150427901587173e-01 2.429724771795438887e-04 1.886099444379016887e-01 1.000000000000000000e+00 1.000000000000000000e+00 0.000000000000000000e+00 9.999992568475543075e-01 9.994001880665200899e-01 1.081204584442880482e-03 0.000000000000000000e+00 2.394174757571521650e-01 1.000000000000000000e+00 4.874416191448637803e-01 1.000000000000000000e+00 1.000000000000000000e+00 0.000000000000000000e+00 9.789625633447173181e-01 0.000000000000000000e+00 1.000000000000000000e+00 7.460905323016435529e-04 1.011603857150322472e-01 3.653398909422657104e-01 1.000000000000000000e+00 0.000000000000000000e+00 0.000000000000000000e+00 1.000000000000000000e+00 4.960000000000000000e+02 2.482676929897732254e+00
0.000000000000000000e+00 7.904220959445415473e-02 1.220266762060981114e-01 8.622089439276348077e-01 4.286231942928877409e-02 0.000000000000000000e+00 5.489343303683407171e-01 0.000000000000000000e+00 0.000000000000000000e+00 1.017863242545496982e-01 3.423175715051231527e-01 4.803526332974131230e-01 0.000000000000000000e+00 2.296637104903122285e-06 4.848985562580436781e-01 0.000000000000000000e+00 0.000000000000000000e+00 0.000000000000000000e+00 0.000000000000000000e+00 5.520030698955586956e-01 0.000000000000000000e+00 0.000000000000000000e+00 0.000000000000000000e+00 0.000000000000000000e+00 0.000000000000000000e+00 0.000000000000000000e+00 2.321245376323408938e-01 0.000000000000000000e+00 4.828667064452706326e-01 0.000000000000000000e+00 0.000000000000000000e+00 5.166891239586012263e-01 1.340000000000000000e+02 3.966856261222593272e+00
0.000000000000000000e+00 7.460103789859119372e-01 1.000000000000000000e+00 1.067361575317150313e-01 3.046212657177229111e-01 4.591306206031671672e-07 9.320651940318428474e-01 1.481157840332125719e-01 3.702250631827420646e-01 2.419942558987479148e-03 4.240055832676356551e-01 1.320620494594512140e-01 2.303104819078794774e-01 9.037042508138403221e-03 2.633515932626216416e-01 1.571264873939496043e-01 1.780085964809186364e-03 4.531585716668984643e-09 5.100062120520978265e-02 2.599714789554078732e-03 0.000000000000000000e+00 2.156768973717841098e-01 0.000000000000000000e+00 7.061679700168065343e-01 4.177106967478082522e-01 0.000000000000000000e+00 0.000000000000000000e+00 1.862749041544563493e-22 9.031106173056396846e-01 1.002494587495269401e-02 2.901129195079340389e-02 2.672887306825509103e-03 2.040000000000000000e+02 3.789404143410167958e+00
3.159276055065138753e-08 0.000000000000000000e+00 1.000000000000000000e+00 0.000000000000000000e+00 4.304748215061089955e-01 7.384615430114351226e-04 9.977083638746903071e-01 0.000000000000000000e+00 2.050962757111872425e-01 2.708640382677278691e-01 2.313248908324378253e-02 2.421036898337299188e-03 2.947999167010644794e-01 0.000000000000000000e+00 1.000000000000000000e+00 2.132762936782634511e-01 1.905246643093525816e-01 4.439649286167376974e-02 0.000000000000000000e+00 8.253023480818395541e-01 9.999999985584034912e-01 4.610893860699812746e-02 8.088766665113142906e-01 0.000000000000000000e+00 3.663990614979046323e-01 1.869378028233348032e-01 0.000000000000000000e+00 0.000000000000000000e+00 4.288993257942760873e-01 1.921671661799082276e-01 2.540897657182732972e-01 9.251855946652658425e-01 2.980000000000000000e+02 3.431214658101399806e+00
3.936456987085842907e-01 0.000000000000000000e+00 2.202537265557679702e-01 0.000000000000000000e+00 1.204828238146909286e-02 0.000000000000000000e+00 0.000000000000000000e+00 0.000000000000000000e+00 8.411797944303402164e-02 0.000000000000000000e+00 1.435675569940191854e-01 0.000000000000000000e+00 1.000000000000000000e+00 2.302804521522635040e-01 2.285121226150527152e-02 5.440047712190319018e-01 4.594420996468465690e-01 2.349308085622794223e-02 4.090893666069020404e-08 1.427648948524135875e-01 0.000000000000000000e+00 8.034038572320099936e-02 2.885920825626963060e-01 0.000000000000000000e+00 0.000000000000000000e+00 9.545549478929186982e-02 1.342436933316501144e-03 0.000000000000000000e+00 2.330627533339786894e-01 0.000000000000000000e+00 4.859937892818367300e-01 3.274334177716384242e-01 1.240000000000000000e+02 4.045137606384933804e+00
1.000000000000000000e+00 9.605785732804302812e-01 5.488236957262386181e-03 9.857016463276374596e-01 9.050778172496276586e-01 0.000000000000000000e+00 1.569671022236943450e-02 0.000000000000000000e+00 1.218772003238668689e-01 2.620366576398876490e-01 8.066658130840359542e-01 7.034529002532705078e-02 1.000000000000000000e+00 1.554431643668244822e-01 9.776112373743736095e-01 0.000000000000000000e+00 0.000000000000000000e+00 7.735737118720019678e-01 3.989994817902073332e-01 9.783655811076609199e-01 9.195393424621267631e-01 1.000000000000000000e+00 0.000000000000000000e+00 5.074705346213221474e-02 9.586207521293602651e-01 0.000000000000000000e+00 5.517425145269481135e-01 0.000000000000000000e+00 1.000000000000000000e+00 1.282485900670832235e-01 1.907929480338965483e-03 3.952720305306232224e-02 4.480000000000000000e+02 2.736815312703450243e+00
0.000000000000000000e+00 0.000000000000000000e+00 0.000000000000000000e+00 0.000000000000000000e+00 0.000000000000000000e+00 0.000000000000000000e+00 0.000000000000000000e+00 0.000000000000000000e+00 0.000000000000000000e+00 4.849325569824642912e-01 3.836951725145764658e-01 0.000000000000000000e+00 7.529471738560598038e-01 6.613472567425475734e-01 5.798789031189093279e-01 0.000000000000000000e+00 6.328946503537621338e-01 5.540016873242065935e-04 0.000000000000000000e+00 0.000000000000000000e+00 0.000000000000000000e+00 1.745318319070680024e-01 2.736719296043595845e-02 0.000000000000000000e+00 0.000000000000000000e+00 3.106229121823233519e-01 0.000000000000000000e+00 2.167121457136806095e-01 3.229191768602775459e-01 3.659099908250650901e-01 1.000000000000000000e+00 1.000000000000000000e+00 1.880000000000000000e+02 3.691647622850206201e+00
8.421760595311880149e-01 0.000000000000000000e+00 0.000000000000000000e+00 0.000000000000000000e+00 1.000000000000000000e+00 0.000000000000000000e+00 0.000000000000000000e+00 0.000000000000000000e+00 0.000000000000000000e+00 1.032240803161590947e-01 5.131207526797331164e-01 0.000000000000000000e+00 1.102483377837828321e-02 1.000000000000000000e+00 0.000000000000000000e+00 1.378910821177496693e-01 0.000000000000000000e+00 0.000000000000000000e+00 0.000000000000000000e+00 0.000000000000000000e+00 3.133725319072538863e-04 3.094324586591670756e-01 3.553907025816785414e-01 0.000000000000000000e+00 0.000000000000000000e+00 3.565686982295638262e-03 0.000000000000000000e+00 4.290695734709813469e-01 0.000000000000000000e+00 0.000000000000000000e+00 0.000000000000000000e+00 9.961970597296844199e-01 2.000000000000000000e+02 3.852596128554571564e+00
1.000000000000000000e+00 1.024624291523279218e-01 0.000000000000000000e+00 4.117240032811290695e-01 0.000000000000000000e+00 6.918978477252026027e-02 7.868833882849411987e-01 1.810308817279173560e-02 5.903145251727870413e-01 6.842999255317953888e-02 9.206545778606951558e-01 8.722937418426625344e-02 3.660576143590026366e-01 7.851074477932222795e-01 3.665967958797154425e-01 1.293686348770581584e-01 1.136561401303845947e-01 5.222742079034417007e-01 0.000000000000000000e+00 0.000000000000000000e+00 7.079501489462221298e-02 9.510816351559097104e-01 2.053564236094198581e-01 1.837796140304814863e-01 2.743645837704003151e-02 5.309296155492146396e-02 8.095828277458693156e-01 0.000000000000000000e+00 9.769363478112748078e-01 0.000000000000000000e+00 4.320387144871620788e-02 6.120738625143467004e-01 2.800000000000000000e+02 3.309944124575014524e+00
5.402831374533934028e-01 1.852401943908697291e-04 7.311014336408286907e-01 0.000000000000000000e+00 1.183298011254421828e-01 0.000000000000000000e+00 0.000000000000000000e+00 4.681838006983071732e-01 3.417389677257313130e-01 2.549135048373889906e-02 3.654271554681020606e-01 0.000000000000000000e+00 1.000000000000000000e+00 7.513107533378300391e-05 0.000000000000000000e+00 2.587607347249548106e-01 0.000000000000000000e+00 0.000000000000000000e+00 0.000000000000000000e+00 1.657209778618795870e-01 0.000000000000000000e+00 1.675587338734329385e-02 5.805285479946350469e-01 0.000000000000000000e+00 0.000000000000000000e+00 6.024998088409629915e-01 3.734447669150806060e-01 0.000000000000000000e+00 7.726002588827434181e-01 0.000000000000000000e+00 3.781979570319491391e-01 9.999948328654653107e-01 1.940000000000000000e+02 3.747526088290744184e+00
6.966217899108069211e-01 4.859145852190736581e-01 0.000000000000000000e+00 0.000000000000000000e+00 0.000000000000000000e+00 1.411157533690144975e-05 1.000000000000000000e+00 0.000000000000000000e+00 1.883413782771684031e-01 2.526634921274219930e-02 0.000000000000000000e+00 0.000000000000000000e+00 1.000000000000000000e+00 0.000000000000000000e+00 0.000000000000000000e+00 1.000000000000000000e+00 1.000000000000000000e+00 9.419759160761956296e-02 0.000000000000000000e+00 1.533489359797506890e-01 9.300936892400459843e-01 1.000000000000000000e+00 4.355015088685509905e-01 1.164570743501615525e-04 0.000000000000000000e+00 0.000000000000000000e+00 7.001905074863898348e-02 0.000000000000000000e+00 7.699962987759041699e-02 0.000000000000000000e+00 1.000000000000000000e+00 5.383908869208926529e-01 3.060000000000000000e+02 3.358021514892577830e+00
1.000000000000000000e+00 6.003516862058860815e-01 1.000000000000000000e+00 4.501367839825660133e-01 6.192939038542114583e-01 5.281284486913716547e-01 6.690511756762944628e-01 6.896787218627176141e-01 8.155215054114338669e-01 1.000000000000000000e+00 9.223057260391869239e-01 6.765282960815475199e-01 1.364541426907794064e-01 7.396155311300141033e-01 8.929254788927764031e-01 1.000000000000000000e+00 9.915912831334542377e-01 9.986136283817801385e-01 4.903375323509474026e-01 9.749235003110788833e-01 2.009456577026699081e-02 2.202807971502733220e-01 2.091239041070523230e-03 8.413640613528682310e-01 2.250193353932063711e-01 0.000000000000000000e+00 9.951368466526427925e-02 5.231016642454003884e-01 9.998153068273903932e-01 6.666140999889527130e-01 1.000000000000000000e+00 1.000000000000000000e+00 6.100000000000000000e+02 1.982040652522334190e+00
1.862430722413075668e-01 9.733765012324014920e-01 2.239304545185864526e-01 3.983919111178159389e-02 0.000000000000000000e+00 4.915692579287983532e-01 5.573868531702746987e-01 4.083293689565921369e-02 6.940728695917761648e-01 6.438697693068740069e-02 1.024793041640472075e-03 9.574662777190353635e-01 0.000000000000000000e+00 6.873370822606996722e-01 1.000000000000000000e+00 3.955865614654201501e-01 7.951789664675391611e-01 8.317765308244809419e-02 2.937197842189234807e-04 5.266847346291129162e-01 1.549504207265144226e-03 4.721026751799318744e-01 0.000000000000000000e+00 2.671630647310536677e-01 3.294733384140795529e-01 0.000000000000000000e+00 2.930762033095590802e-01 5.891617276630240667e-04 5.515185144854227450e-02 6.462486003752104802e-01 5.812545535345187836e-02 6.868806467322308151e-01 2.580000000000000000e+02 3.029696940279555051e+00
9.082827182890659268e-01 9.507211423162514885e-01 1.051451227953087847e-01 0.000000000000000000e+00 9.719081099259647694e-01 1.790048633506307052e-01 1.794076976714073859e-02 1.466540638152575016e-01 9.575472270269063113e-01 1.746930440835989598e-02 9.165867099696958231e-01 4.655226546008713884e-01 9.517453367756354421e-01 4.304684569607885591e-01 2.272630040904091986e-01 9.918007747307479027e-01 2.255031839224560797e-01 1.987663775342928540e-01 2.192467046773698691e-01 5.883742545910575217e-01 2.169426471553462937e-02 0.000000000000000000e+00 2.111254300615387353e-02 4.893220195844434905e-01 1.771602926382097667e-02 0.000000000000000000e+00 5.160014748091265036e-01 0.000000000000000000e+00 8.541144520765793224e-01 0.000000000000000000e+00 2.119605407903112082e-01 8.254452611027240927e-02 3.420000000000000000e+02 3.017820061577690893e+00
1.532775685196657578e-01 1.000000000000000000e+00 1.000000000000000000e+00 1.000000000000000000e+00 1.023904596896748561e-09 9.988817085400948370e-01 4.936764604026247505e-01 0.000000000000000000e+00 0.000000000000000000e+00 9.807602716127797882e-01 4.486914272595353692e-01 0.000000000000000000e+00 1.000000000000000000e+00 1.000000000000000000e+00 7.504792251413710449e-07 0.000000000000000000e+00 0.000000000000000000e+00 8.639067086904003157e-01 0.000000000000000000e+00 3.383767785880607004e-01 0.000000000000000000e+00 0.000000000000000000e+00 1.448233794411911760e-02 1.419041823384708800e-01 1.000000000000000000e+00 4.284459291989280993e-01 9.502706700334985837e-03 0.000000000000000000e+00 9.999999964943802055e-01 0.000000000000000000e+00 1.000000000000000000e+00 9.982574910291212023e-01 4.440000000000000000e+02 2.996400388081868371e+00
9.999947201384414841e-01 1.000000000000000000e+00 9.116408378285557612e-01 6.836830967182300212e-01 3.496754503551779188e-03 0.000000000000000000e+00 9.924092017129088061e-01 0.000000000000000000e+00 9.999674429994369618e-01 7.110069652116662864e-02 9.022524913451717143e-01 8.140007802279696225e-01 1.000000000000000000e+00 5.450200489727652364e-01 5.395457056546085761e-01 4.356159474530268416e-01 1.000000000000000000e+00 1.443118324357650917e-01 1.946374573213332821e-04 9.999960326760313212e-01 8.247164348988663685e-01 1.761624030265214154e-04 1.260151288939907452e-05 7.891144086316333184e-02 0.000000000000000000e+00 8.704056823253069064e-01 8.092471437962712733e-01 0.000000000000000000e+00 7.845380961640413542e-01 1.000000000000000000e+00 0.000000000000000000e+00 1.000000000000000000e+00 5.600000000000000000e+02 2.263466835021972656e+00
9.869115008629595343e-01 1.000000000000000000e+00 8.649616271867716089e-01 5.863041471238320326e-03 5.108721906781681366e-01 0.000000000000000000e+00 9.984974275384724818e-01 4.591231741483784989e-01 9.839718899338099067e-01 7.848189717774449459e-02 9.967025169470311585e-01 9.940454256799793331e-01 5.416892504589211343e-01 8.005591097447055660e-01 1.000000000000000000e+00 9.142657720831676160e-01 8.423915192643423033e-01 9.939042567708363807e-01 4.686339394840140504e-01 1.000000000000000000e+00 9.976305139150484225e-01 3.458086851016198282e-01 2.810233270558081253e-01 8.717274303018718307e-01 1.000000000000000000e+00 1.000000000000000000e+00 9.996204395247751950e-01 8.918504433175614698e-01 9.287472043725188975e-01 9.727368859139335910e-01 3.084508585429334149e-01 1.000000000000000000e+00 7.540000000000000000e+02 1.434733467102050852e+00
8.665223779104552770e-02 7.779535330681763838e-01 3.598072064037974860e-01 3.943149666507454743e-02 4.783877590768329663e-02 0.000000000000000000e+00 8.297495624277141657e-02 7.446846415873321044e-04 6.136746699115727122e-01 0.000000000000000000e+00 1.407875944785690336e-01 4.375271259602968310e-02 6.740236819541593760e-02 3.982184391597000752e-04 3.785416086480575260e-01 5.386057244434109270e-01 1.412456776410743638e-02 3.177425267133596187e-02 0.000000000000000000e+00 3.910576144675610016e-02 1.237549520464865660e-01 0.000000000000000000e+00 0.000000000000000000e+00 3.008970177407215355e-02 0.000000000000000000e+00 6.153234118718003964e-01 7.008124747725266168e-01 0.000000000000000000e+00 0.000000000000000000e+00 3.965720927784950334e-01 9.272340871422185549e-02 5.457940625306075821e-01 1.380000000000000000e+02 3.804942830403646337e+00
2.223461851697037042e-02 9.978237917224177522e-01 4.813866580335778023e-02 0.000000000000000000e+00 2.874316308900802877e-02 9.727915136861024423e-03 8.104176202443073018e-01 4.229841774960840101e-03 6.790806039095091673e-02 2.748293592526693252e-01 7.993199088462105140e-01 3.260175821850942735e-02 2.519291169990208745e-01 8.819028505788395478e-01 5.174040865348322749e-01 7.079721418175753955e-01 6.668862518487042590e-02 3.006894324358394890e-02 2.607858610584384285e-01 3.039429222336832992e-01 6.857413391143314385e-01 4.566914301814775645e-01 1.706634904887737170e-01 1.121093559490832442e-03 3.482080231199362053e-01 3.311533565598491491e-02 9.124109964057008915e-01 4.865089876448114303e-02 7.821402564461439333e-01 5.994903827177067157e-01 5.803826288900861829e-01 6.609296807881123725e-02 2.740000000000000000e+02 3.073922275361560708e+00
8.367662150064570925e-01 9.326142342511489769e-01 4.660052443240398912e-01 4.408909380003873946e-02 1.000000000000000000e+00 1.808441235998743957e-01 8.161558310793640691e-01 3.342850065145160920e-01 1.000000000000000000e+00 9.308567956005149302e-01 8.852508065409706584e-01 9.393641071134214426e-01 9.656713012171826301e-05 3.181967416729464815e-01 9.190550126092417171e-01 9.999997833537705993e-01 1.000000000000000000e+00 6.407315620983131677e-01 0.000000000000000000e+00 9.794887737706791109e-01 9.341214407567914879e-01 1.763424251081283367e-01 9.311658664949608311e-02 6.634993551876720019e-01 5.828259913080122701e-01 2.982957809970618879e-01 1.000000000000000000e+00 6.296053423134068128e-01 9.987390796101571766e-01 9.318123539323702742e-01 3.255022386343897067e-01 9.560504650150736250e-01 6.360000000000000000e+02 1.819832988315158495e+00
2.541759487271675333e-01 1.000000000000000000e+00 8.204191785686049121e-01 0.000000000000000000e+00 3.553561590589132124e-01 0.000000000000000000e+00 1.449727527453392728e-01 2.233199289862043690e-01 3.086535944654969152e-02 5.945049235570820656e-02 5.519781144933548767e-01 1.629961251826208823e-01 1.711848788941149058e-01 5.996598996557109817e-01 9.965878865609293369e-01 8.387523822593562217e-01 3.464685360645388540e-02 0.000000000000000000e+00 3.925961741647644998e-01 8.577100404502139286e-01 7.110887896308164535e-01 5.538370995506391656e-03 0.000000000000000000e+00 5.218239970327264166e-01 9.402387242162135728e-01 5.215056294456830166e-01 1.306510254658313323e-02 6.569825964089236470e-01 7.958285994930840435e-01 7.777860300726077147e-01 1.244372633300383849e-02 7.400983685734311424e-01 3.460000000000000000e+02 2.818574475019406389e+00
8.703280933381104534e-01 9.989350024909353642e-01 4.462557910310538944e-01 8.277070457640491041e-02 7.626820009797784516e-01 0.000000000000000000e+00 7.761017711550211029e-01 0.000000000000000000e+00 9.968736514891589628e-01 4.226001513725213821e-01 3.844386271057572690e-01 3.450592146057305243e-01 3.413277277273503718e-01 1.000000000000000000e+00 2.283519699721299479e-03 7.466458029052345235e-01 3.961849968418115764e-01 9.999999856493317907e-01 9.250076495279837552e-01 9.767783962980810530e-01 2.028984139474853954e-01 4.571683476287038417e-01 7.757874946896935464e-01 7.852463888972514017e-01 1.000000000000000000e+00 3.473180368833480025e-01 7.614721417833126837e-01 2.151227900577015462e-01 1.000000000000000000e+00 5.165985918181178471e-01 8.252152542368973095e-03 1.000000000000000000e+00 4.860000000000000000e+02 2.092166952653364831e+00
4.763130855619938653e-01 5.608452911033415811e-01 1.000000000000000000e+00 7.037226202544804438e-03 0.000000000000000000e+00 0.000000000000000000e+00 9.775882096440392521e-01 0.000000000000000000e+00 7.002012078421135932e-01 0.000000000000000000e+00 5.174284994980374863e-01 1.601446067087023417e-01 0.000000000000000000e+00 6.839958460771078386e-01 0.000000000000000000e+00 9.539953982506966801e-01 2.807746376171966207e-01 9.825619976881416751e-01 0.000000000000000000e+00 2.057918067129678175e-01 0.000000000000000000e+00 0.000000000000000000e+00 8.550931790528915055e-01 9.999999882352393898e-01 5.458963652184826154e-01 1.000000000000000000e+00 9.999999813261027937e-01 1.000000000000000000e+00 1.000000000000000000e+00 3.222198331799457777e-02 3.917326075005841957e-02 1.000000000000000000e+00 4.500000000000000000e+02 2.785683341253371470e+00
8.967096174059323577e-01 9.145922100844804392e-01 8.760928749099360369e-01 8.794117730457611248e-01 1.208445651746425376e-01 5.926121225885394353e-12 9.277070182177671320e-01 3.978133955179123313e-03 2.513736894652324194e-01 3.242537141568920811e-01 8.341522985819604941e-01 6.615638091656611541e-02 3.735971780330048508e-01 3.857607202559161785e-01 4.215641640502059695e-01 9.560690266880773613e-01 2.443352970035499727e-01 9.453376518885573399e-01 1.527004249582867290e-01 8.443032917146660044e-01 2.177148032193022276e-01 3.686334583342200100e-01 4.860253031412651442e-02 5.617071037925978061e-01 1.209845621142763216e-05 8.070163631835703955e-01 1.247272868390313094e-01 1.426575857548578741e-01 8.169769601274019521e-01 1.000000000000000000e+00 2.668218458785971345e-02 7.921783456654623023e-01 4.640000000000000000e+02 2.542691345214843857e+00
1.000000000000000000e+00 6.841025708532820770e-01 5.290832398557333560e-01 3.154289024810559283e-01 7.713741856365420313e-01 1.372252471097242521e-01 9.789195180583187827e-02 1.663921721713560731e-01 1.163300528331961126e-01 1.186368572509975336e-03 6.416598789174239315e-01 5.968010419890980023e-01 1.531273315734389406e-01 7.480960004538061980e-02 1.771577724711860535e-02 9.207636065743812770e-02 2.950795914510498386e-01 3.066823150347657359e-02 6.392653546973854628e-02 9.929759901119040721e-01 3.065659277641728520e-01 2.109464680438944972e-01 6.271822050137570125e-03 4.794880551774209909e-01 7.929102936982290739e-02 2.934996930447956731e-01 7.130837724117912169e-01 6.236732715581110309e-01 1.378230919457017478e-01 0.000000000000000000e+00 2.004465446910816961e-01 6.990611360693215204e-01 2.380000000000000000e+02 3.244045910305447311e+00
1.420072586722691821e-01 1.000000000000000000e+00 0.000000000000000000e+00 0.000000000000000000e+00 3.793788156354436780e-01 0.000000000000000000e+00 0.000000000000000000e+00 0.000000000000000000e+00 1.000000000000000000e+00 9.908056781134507718e-01 7.802603168756529553e-03 0.000000000000000000e+00 9.565870827332269011e-01 1.155765676844005135e-01 0.000000000000000000e+00 8.078234698577634321e-01 0.000000000000000000e+00 5.089341218180357673e-01 0.000000000000000000e+00 1.000000000000000000e+00 0.000000000000000000e+00 0.000000000000000000e+00 0.000000000000000000e+00 8.389034807650852521e-01 0.000000000000000000e+00 0.000000000000000000e+00 9.615610406257845133e-01 0.000000000000000000e+00 0.000000000000000000e+00 6.465011426594899913e-01 0.000000000000000000e+00 1.000000000000000000e+00 3.560000000000000000e+02 3.094428372037583586e+00
1.000000000000000000e+00 9.976638801642339072e-01 1.000000000000000000e+00 1.682202528445097623e-03 8.041285594546557780e-01 0.000000000000000000e+00 5.327080306374117891e-01 2.795476205260498607e-05 9.994128539554624213e-01 1.222826671002180622e-04 7.114628586227329521e-01 9.999999978325874173e-01 5.078366322711042047e-01 9.999260942131459329e-01 5.346682089921676040e-01 2.714434743575036557e-01 6.436474262427260840e-01 9.993432100953518749e-01 1.000000000000000000e+00 1.000000000000000000e+00 9.150233171136982202e-01 5.247035824464885145e-01 6.719616956069855984e-01 9.998838486914368717e-01 1.000000000000000000e+00 7.583076262981792715e-01 1.000000000000000000e+00 5.638356663814374503e-01 1.000000000000000000e+00 6.595379532402466660e-01 0.000000000000000000e+00 1.000000000000000000e+00 6.460000000000000000e+02 1.646428743998209709e+00
1.000000000000000000e+00 9.984082884326828111e-01 8.459138546272780834e-01 3.004134805873223072e-03 1.000000000000000000e+00 3.174896592900753878e-01 9.938050940211755613e-01 1.531061799993705952e-01 1.000000000000000000e+00 6.699638161927762292e-01 9.819044339308479197e-01 1.000000000000000000e+00 7.796664845782093067e-01 7.181384762440898850e-01 6.264516194065797849e-01 6.885441137517064325e-01 6.732298292918514893e-01 1.000000000000000000e+00 8.307072301523923397e-01 1.000000000000000000e+00 9.789778731671675560e-01 7.820913013863317609e-01 6.407564999802772832e-01 1.000000000000000000e+00 9.588989636528519878e-01 9.993587014262921286e-01 1.000000000000000000e+00 4.849040582012176248e-01 9.992620225154446034e-01 9.091487811427414467e-01 5.389136388158602964e-01 1.000000000000000000e+00 7.600000000000000000e+02 1.271147180214906358e+00
1.000000000000000000e+00 1.000000000000000000e+00 1.000000000000000000e+00 7.286892106186619589e-02 1.000000000000000000e+00 0.000000000000000000e+00 1.000000000000000000e+00 5.344160204150938398e-01 1.000000000000000000e+00 0.000000000000000000e+00 1.000000000000000000e+00 7.308815792070068040e-01 3.050484002134297157e-01 5.411255867802269304e-01 9.046346806757299408e-01 8.887867482815974274e-01 7.362105853939716615e-01 1.000000000000000000e+00 1.000000000000000000e+00 1.000000000000000000e+00 1.000000000000000000e+00 5.893210236163841653e-01 8.301333654896734249e-01 1.000000000000000000e+00 1.000000000000000000e+00 4.926423057682826623e-01 8.361494076708878564e-01 5.929424969793181677e-02 8.332889788715817092e-01 8.357764814329946557e-01 1.961776222503591460e-01 6.600034763251184655e-01 7.020000000000000000e+02 1.565536000178410658e+00
1.000000000000000000e+00 1.105187528945922731e-01 7.793813071727401232e-01 2.344282595431513877e-05 9.933136995299429728e-01 0.000000000000000000e+00 1.000000000000000000e+00 8.843828289180942492e-02 9.999999997204360724e-01 1.918259508913306710e-01 5.667629399200810880e-01 6.085148860283311478e-01 9.287680056705337472e-01 5.711102607585530899e-01 9.999498342476237367e-01 1.946968411725219852e-02 7.089695370490862736e-01 9.862632974557621335e-01 9.999999972061787146e-01 9.881208607564578861e-01 4.634780099278479892e-01 9.999796898747944640e-01 3.340799427253817178e-01 5.343046271001524739e-01 9.999999780990725951e-01 5.492703879877333106e-01 3.259726861901234840e-01 7.932434677122556232e-01 9.638148891292366294e-01 5.546948384731928972e-01 0.000000000000000000e+00 9.474780977723119557e-01 5.500000000000000000e+02 2.146307490164773402e+00
1.000000000000000000e+00 1.000000000000000000e+00 2.355600899843149632e-01 4.723960978773862340e-01 9.999785521190200921e-01 3.019931328631924108e-02 2.677769050619069890e-01 0.000000000000000000e+00 9.992476550892208653e-01 6.021738664929160434e-01 6.526375070466333694e-01 1.000000000000000000e+00 9.381757605029695801e-01 7.081284962307450304e-01 9.704070678786214099e-01 1.000000000000000000e+00 9.215916641633029593e-01 9.989266052737694190e-01 1.000000000000000000e+00 1.000000000000000000e+00 1.000000000000000000e+00 5.877453525203133605e-02 9.632493617369816685e-02 2.487213897993391931e-01 9.071593629946991255e-01 9.983654997811279852e-01 1.000000000000000000e+00 1.000000000000000000e+00 1.000000000000000000e+00 6.347870581060229833e-01 1.000000000000000000e+00 1.000000000000000000e+00 7.320000000000000000e+02 1.533327674865722523e+00
6.926292223392788161e-01 6.086740111074659954e-01 9.937132454943382598e-01 0.000000000000000000e+00 0.000000000000000000e+00 0.000000000000000000e+00 1.000000000000000000e+00 7.949906253721405504e-04 2.426537367943397971e-01 4.857091984623896908e-01 3.222519359098393044e-01 7.609776864289666820e-01 2.122960084423599902e-01 9.518333636971415958e-05 2.157864609214870200e-06 2.898904170943967382e-05 9.936296481139917924e-01 0.000000000000000000e+00 3.084794202464956059e-01 1.000000000000000000e+00 0.000000000000000000e+00 3.532666521473426524e-01 0.000000000000000000e+00 6.840033126119106077e-01 7.805471479742240870e-01 1.121431694553316066e-01 6.162582186952337421e-02 1.678954121585205655e-02 6.426766378677963854e-01 4.616508578419878384e-02 6.100860801626404456e-02 3.523107613183346781e-02 2.840000000000000000e+02 3.275111280168805816e+00
9.929426738657636253e-01 1.000000000000000000e+00 9.997547138122994115e-01 0.000000000000000000e+00 2.408414672065345152e-01 0.000000000000000000e+00 4.780265295812968218e-01 2.263068934443653868e-01 9.695335860811419293e-01 8.375336388287007300e-03 1.000000000000000000e+00 1.000000000000000000e+00 6.163598179020258749e-01 7.458279543716046962e-03 9.781859772292962329e-01 0.000000000000000000e+00 3.923101544460821377e-01 8.405994273872295919e-01 5.184453588375160793e-01 9.583368854783225199e-01 9.652136856419673006e-01 3.421465384453877268e-01 1.830668296576233867e-01 1.000000000000000000e+00 4.112123970260467276e-01 1.000000000000000000e+00 1.000000000000000000e+00 6.508381560048868142e-01 1.000000000000000000e+00 1.000000000000000000e+00 3.663213275448805595e-01 9.968804163522179129e-01 6.000000000000000000e+02 1.918270556131998816e+00
3.934799848684468193e-01 4.665592394519507691e-01 1.000000000000000000e+00 1.000000000000000000e+00 7.997683485077424631e-03 1.008171627142486620e-01 8.916718899498741191e-01 0.000000000000000000e+00 0.000000000000000000e+00 3.616022925571483193e-01 1.000000000000000000e+00 5.276686129643501921e-01 0.000000000000000000e+00 5.373342230447867435e-02 3.738312453598489904e-02 0.000000000000000000e+00 0.000000000000000000e+00 1.000000000000000000e+00 7.635715545636444224e-02 5.414405918760964997e-01 0.000000000000000000e+00 0.000000000000000000e+00 6.956210803076254834e-01 0.000000000000000000e+00 0.000000000000000000e+00 0.000000000000000000e+00 1.000000000000000000e+00 5.088837747287678595e-05 2.769501727916650613e-01 3.577610850230960593e-01 0.000000000000000000e+00 8.902558017485201480e-01 3.140000000000000000e+02 3.315317380269368730e+00
1.386319825273592543e-01 5.594405418801984275e-01 0.000000000000000000e+00 1.447263814189304609e-01 0.000000000000000000e+00 0.000000000000000000e+00 2.606862467221669477e-01 3.007931048948302988e-01 6.514895618005031586e-02 1.281789573060073718e-02 3.826297579541316773e-01 0.000000000000000000e+00 0.000000000000000000e+00 7.916233134948941208e-02 1.181614922918730465e-01 7.192621672989749637e-01 1.410984594856010133e-01 0.000000000000000000e+00 2.207648044044340785e-01 8.282653400985980907e-01 0.000000000000000000e+00 4.258473338332060543e-01 1.744316267833922324e-02 7.224609681496238500e-02 7.195109191678273897e-01 1.000000000000000000e+00 2.623914834387545691e-01 0.000000000000000000e+00 1.000000000000000000e+00 0.000000000000000000e+00 0.000000000000000000e+00 6.521509277899710799e-01 2.180000000000000000e+02 3.516095922185086042e+00
0.000000000000000000e+00 9.033171524011024411e-01 1.485851076817229499e-01 0.000000000000000000e+00 1.224853099960848679e-01 0.000000000000000000e+00 0.000000000000000000e+00 8.482158009286173694e-01 8.113859402873029314e-01 0.000000000000000000e+00 0.000000000000000000e+00 3.250307794505754577e-01 3.207396155961926842e-01 9.996167124330133102e-01 0.000000000000000000e+00 1.310362889696106746e-03 1.239586967121099337e-03 9.983528390920726192e-01 0.000000000000000000e+00 1.000000000000000000e+00 2.249440192088934115e-02 0.000000000000000000e+00 0.000000000000000000e+00 4.742831172665487593e-01 0.000000000000000000e+00 0.000000000000000000e+00 0.000000000000000000e+00 3.792023625315957824e-01 3.381475344393358728e-01 1.000000000000000000e+00 1.213535821654678458e-02 2.369220681437085238e-02 2.880000000000000000e+02 3.384345336914062585e+00
4.285037428798723624e-01 6.475536788186861958e-01 8.308691111860693480e-07 0.000000000000000000e+00 7.348710572056117440e-01 4.352742198197653151e-02 4.299478558307470185e-05 2.014231421233052266e-01 8.558619767353009555e-01 0.000000000000000000e+00 1.772242214969831087e-01 3.387308980165711358e-01 9.983916898283563546e-01 2.812767990755608016e-01 4.546524084395723864e-01 4.670709849039847428e-01 0.000000000000000000e+00 4.715478116505995576e-01 2.675468777364139461e-01 9.995019488773663197e-01 0.000000000000000000e+00 4.881353937095218032e-01 1.000000000000000000e+00 1.000000000000000000e+00 7.170410272048748368e-01 3.633423083069058923e-01 9.834196124492965430e-01 1.000000000000000000e+00 0.000000000000000000e+00 0.000000000000000000e+00 0.000000000000000000e+00 9.910336288788622605e-01 3.860000000000000000e+02 2.665323532952202701e+00
0.000000000000000000e+00 0.000000000000000000e+00 0.000000000000000000e+00 0.000000000000000000e+00 2.063372972938332939e-01 0.000000000000000000e+00 5.286356208639861887e-01 0.000000000000000000e+00 2.210066633852081503e-10 0.000000000000000000e+00 0.000000000000000000e+00 0.000000000000000000e+00 5.341320950721429872e-01 9.792110089262381356e-01 9.770997750520150904e-02 1.637647509746756602e-01 0.000000000000000000e+00 0.000000000000000000e+00 0.000000000000000000e+00 6.324334770016599716e-01 8.761688529732318820e-01 5.955718855363957287e-01 0.000000000000000000e+00 9.602514771145947980e-02 6.380582922933437928e-02 5.578359527159024167e-02 3.216480166653912925e-02 1.000000000000000000e+00 6.532417728550135028e-01 0.000000000000000000e+00 4.743456476918027354e-02 7.365077133960862277e-01 2.160000000000000000e+02 3.692695451056820399e+00
1.000000000000000000e+00 5.994585247075573387e-01 3.433756879748400825e-01 0.000000000000000000e+00 9.995848179930756361e-01 0.000000000000000000e+00 0.000000000000000000e+00 1.451419966068956309e-06 8.504071846978127069e-02 2.475826791098653581e-03 2.994283052149396968e-02 8.856092445879166775e-01 0.000000000000000000e+00 4.095389682002723020e-01 0.000000000000000000e+00 1.317836928273820063e-08 0.000000000000000000e+00 4.502176426005629478e-02 7.390532445892409845e-06 1.510804392372823782e-02 8.515262171235722377e-01 1.437436428336102800e-09 5.268289965109340667e-01 1.000000000000000000e+00 5.405299551126062883e-04 8.322292109987804443e-01 8.066480050576776417e-01 7.985163251679218144e-01 3.967174472954679287e-01 6.882913878354489368e-02 2.231533236649182739e-01 2.920081791257140846e-01 3.140000000000000000e+02 3.282891550699869487e+00
1.000000000000000000e+00 1.000000000000000000e+00 9.802802813236187740e-01 0.000000000000000000e+00 6.774926691572519255e-01 0.000000000000000000e+00 2.322917332125743750e-01 1.764679571187843521e-01 7.332795418051219677e-06 0.000000000000000000e+00 0.000000000000000000e+00 9.931211922230228639e-01 0.000000000000000000e+00 3.771280420248447618e-02 8.688538752693711897e-01 5.786507414908452773e-01 8.160560597413315520e-01 9.427933859466639532e-01 3.424019918991512701e-01 8.393320378093586109e-01 0.000000000000000000e+00 4.431425524161483408e-05 9.980042630442521601e-01 8.768974280600390081e-01 1.000000000000000000e+00 1.000000000000000000e+00 1.864502184376996552e-01 4.118137541894376086e-01 1.000000000000000000e+00 9.999997554126228705e-01 1.761267747028731970e-02 4.240652467806856896e-01 5.200000000000000000e+02 2.371707266348380028e+00
0.000000000000000000e+00 0.000000000000000000e+00 2.086650597235479784e-02 0.000000000000000000e+00 6.507735692067387074e-05 7.965806399086478734e-06 1.055422939464176896e-03 9.993738636418814103e-01 2.537793331855949289e-04 7.625739235551214357e-01 2.591846081983345540e-01 1.351744425660007277e-02 0.000000000000000000e+00 3.351264804680189058e-01 3.465273575854911359e-01 5.793916286090224910e-01 6.664874839401409290e-02 0.000000000000000000e+00 5.627234767575529234e-02 0.000000000000000000e+00 4.472742471484174587e-01 1.126145371198518236e-01 2.217201546141031876e-01 4.033541901180436873e-01 7.499802213062961576e-02 1.785745545744756371e-02 1.644430822668264188e-05 3.001913286582743364e-03 0.000000000000000000e+00 0.000000000000000000e+00 6.483632806538044413e-01 4.337339948286928482e-01 1.540000000000000000e+02 3.848049729870211877e+00
4.182167680615104244e-01 9.965099665744879820e-01 4.125997769425113204e-01 0.000000000000000000e+00 6.183603130823823735e-01 1.231992242166763951e-01 6.604953442205148129e-01 0.000000000000000000e+00 6.520813995317821243e-01 0.000000000000000000e+00 2.936797350937354611e-01 3.161650637488871429e-01 2.447986348472170892e-01 9.959964255109529097e-01 4.367546580903036157e-01 1.937571699123044056e-01 1.934646478374500433e-01 5.042137624705501642e-01 5.125063445953915719e-01 7.770998201631346136e-01 5.214048587468786411e-02 3.463324218902155693e-01 1.252919765228087678e-01 4.883615483787747680e-01 3.357110721866819469e-01 3.054986758906191174e-02 3.780978924395319574e-01 2.031105081807389190e-01 1.805035011708541470e-01 8.703335170821131740e-04 1.638088512382597783e-01 4.586479465170446579e-01 2.360000000000000000e+02 3.048666093614366357e+00
1.000000000000000000e+00 1.000000000000000000e+00 5.766536618179574081e-01 2.180171228666901231e-02 1.000000000000000000e+00 7.258410446412686401e-01 9.999433068597238794e-01 6.662623801486083599e-10 9.410984176528691680e-01 9.450691323975840552e-02 6.683281537552688834e-01 5.167002671948697223e-01 1.336495451688980316e-03 9.997412463841583996e-01 8.978850694432229940e-01 7.363078260007398512e-01 2.923204661740387844e-01 9.805655176577897647e-01 9.999992066937284374e-01 4.130177073205995586e-01 7.809390703501643827e-02 2.518326428857712851e-01 9.516942305503162114e-01 9.993608395398480004e-01 8.971855070963906664e-01 8.987533406023591187e-01 1.000000000000000000e+00 7.947750298212115094e-01 1.000000000000000000e+00 9.922632716533794639e-01 4.628724608698548404e-01 9.999353409089269951e-01 6.580000000000000000e+02 1.761702325608995423e+00
5.999211679481258885e-01 1.000000000000000000e+00 8.436760652115944392e-01 0.000000000000000000e+00 8.361745268012725774e-01 5.068849319216095495e-01 7.957965565075173497e-01 4.826654993358159979e-02 9.305398544961412943e-01 0.000000000000000000e+00 6.764915552863109971e-01 6.616693544412174388e-01 5.804285501092434352e-01 8.951689285770397797e-01 8.955861317323536852e-01 6.790941082686255958e-01 4.928843583363684000e-01 4.767372897539194909e-01 1.000000000000000000e+00 5.853021000685733055e-01 2.798927936367233138e-01 0.000000000000000000e+00 3.334782844723328532e-01 8.443453117874643032e-01 7.970682418603394215e-01 8.089974933008496905e-01 1.000000000000000000e+00 5.976973150450234223e-02 2.851618499457201916e-01 5.652407489393797974e-02 7.529811657823975990e-02 6.916786384724222803e-01 4.900000000000000000e+02 2.215458494244199716e+00
9.349747838835085201e-01 7.025774283691548217e-01 4.967700853940158479e-01 1.394536660609937972e-02 1.034492745506264272e-01 6.372113076614731308e-02 6.686164767229707540e-01 4.003247367459188966e-01 6.864636858237495032e-01 7.857117108907807346e-01 4.511591835864096067e-01 5.182299621169953463e-01 4.123877803636351591e-01 4.986031899505846687e-01 5.670646627252082794e-01 5.672697730135826122e-01 4.642260034254763190e-01 7.879956686301964330e-01 3.463978858907569292e-01 8.752103223955235434e-01 6.629931171385151645e-01 3.235146738871835237e-01 1.272522749538244347e-01 1.253301428260773231e-01 7.128892523554820615e-01 3.582830845589223823e-01 6.170295462416713894e-01 3.580573212564570618e-01 4.703683939100281736e-02 1.787168161806735878e-01 2.999316841660428553e-03 6.432815731151645400e-01 3.120000000000000000e+02 2.460937279595269089e+00
9.999963300310404923e-01 1.000000000000000000e+00 7.872181500876022087e-01 8.944568591046460349e-02 4.973918205154399530e-01 1.086295688512437796e-01 9.125473990692625215e-01 3.498839751538521670e-01 7.656182305917723641e-01 5.857317586057828041e-02 5.962215449581320659e-01 9.226618436458665640e-01 9.237338533830106169e-01 5.282341476599589081e-01 8.267014678380163462e-01 8.384927753592984478e-01 9.322559637382636932e-01 6.896179431456501696e-01 6.034683479575776444e-01 9.888971130843581259e-01 8.866648393923921567e-01 3.177112226804562067e-01 3.773116801421573796e-01 7.280088365728344391e-01 9.247958797428522670e-01 7.803277800845553891e-01 8.437291058127368570e-01 9.583972292466349518e-01 8.963049397959204079e-01 1.968652358353800980e-01 1.893840504440049560e-02 4.553967444771150896e-01 5.980000000000000000e+02 1.770764047128182916e+00
1.000000000000000000e+00 1.000000000000000000e+00 5.361797193668839112e-01 5.024184070602826235e-01 7.911721169196761494e-01 4.116247608518895651e-02 1.000000000000000000e+00 2.480505912100706700e-01 6.087292630330459753e-01 6.619561752460607629e-01 5.129718163244244566e-01 1.000000000000000000e+00 7.902304959751570435e-01 9.020027609494187804e-01 9.910377919928941015e-01 9.999998897977735446e-01 9.951649872239812789e-01 7.191015315652501405e-01 1.000000000000000000e+00 1.000000000000000000e+00 1.000000000000000000e+00 7.470272420923994572e-01 8.353725668622012934e-01 3.894046193942377054e-01 9.281208343763437396e-01 1.000000000000000000e+00 1.000000000000000000e+00 5.922250906820749616e-01 5.891031086997737809e-01 4.534783207920927151e-01 1.213386216147583907e-01 9.984181401957487045e-01 6.680000000000000000e+02 1.410334714253743682e+00
9.999999774058510038e-01 9.977117397102034380e-01 1.000000000000000000e+00 5.791788903843406167e-02 7.810110619121273245e-01 3.738065072646972742e-01 1.000000000000000000e+00 0.000000000000000000e+00 9.793549423497489581e-01 5.015352665638685981e-01 7.329663862999762358e-01 9.983720576090336918e-01 9.621930092290787995e-01 9.029727235448378186e-01 1.000000000000000000e+00 1.000000000000000000e+00 2.219263577919872443e-01 1.000000000000000000e+00 1.000000000000000000e+00 9.829764350928938965e-01 9.576135676969361743e-01 7.303908431166819537e-02 2.486041260137366593e-01 1.000000000000000000e+00 2.510094469204151579e-01 1.509755454039840572e-01 1.000000000000000000e+00 7.848672470134450130e-01 1.531987598480045731e-01 2.403277785095306318e-01 0.000000000000000000e+00 8.858313316940029658e-01 6.320000000000000000e+02 1.840665024651421122e+00
1.000000000000000000e+00 9.925955927315283089e-01 4.313698866370134777e-01 0.000000000000000000e+00 5.410068597096481247e-01 2.092102135180636813e-01 1.000000000000000000e+00 3.296091412388013620e-01 1.000000000000000000e+00 9.866474563193147196e-01 5.595927039499472011e-01 8.261124081417320353e-01 9.591022451950633743e-01 1.000000000000000000e+00 9.987742273828340567e-01 1.000000000000000000e+00 9.867886131700248642e-01 8.411030775578974827e-01 6.572392621567355597e-01 1.000000000000000000e+00 1.358183557159346744e-01 9.854079650862336281e-01 2.366876508312103777e-01 3.897328534709112308e-02 9.615502442090302360e-01 9.822968294389787802e-01 7.039852479591983681e-01 2.604505884863482848e-03 9.086877231487779927e-01 8.496405401860041007e-01 7.295249448878192711e-01 1.000000000000000000e+00 7.000000000000000000e+02 1.548421815725473216e+00
8.377124457944393754e-01 9.219988263743269519e-01 5.588343970777371883e-01 0.000000000000000000e+00 0.000000000000000000e+00 0.000000000000000000e+00 5.379506052537779137e-01 0.000000000000000000e+00 9.993078334411560348e-01 1.167991707688840475e-01 0.000000000000000000e+00 5.058109032800721661e-01 4.041221961747719638e-01 7.132107781176205696e-01 1.297384016533333767e-02 0.000000000000000000e+00 0.000000000000000000e+00 3.244043000016910705e-01 1.000000000000000000e+00 9.809700079003773610e-01 0.000000000000000000e+00 0.000000000000000000e+00 3.895677509200132782e-01 2.431323891525374870e-01 1.000000000000000000e+00 2.965561796213284085e-01 6.460448131217542134e-01 3.111904679420771647e-01 1.000000000000000000e+00 0.000000000000000000e+00 6.760220291369045675e-01 8.630807769666338780e-01 3.800000000000000000e+02 2.689536137051052211e+00
9.994990003464109263e-01 9.728678869858130573e-01 9.999995157659661293e-01 6.628840189012389361e-01 9.656656869227061568e-01 6.500340226295957535e-01 1.000000000000000000e+00 6.528564001227891479e-05 1.000000000000000000e+00 0.000000000000000000e+00 9.857861280395491255e-01 8.741849028765232843e-01 5.065229606295507114e-01 2.473850288343828197e-01 5.903685615188279945e-01 1.365048585412857729e-01 1.000000000000000000e+00 9.956754002015648641e-01 4.132346093784155516e-01 9.999999954757426979e-01 9.999815060526979771e-01 3.416768683239026494e-01 2.172577410523839764e-02 1.160821917707090777e-02 8.702474092915587489e-01 7.737747411240422646e-02 5.702005453571324933e-01 9.037138442756090240e-02 5.229077397510956127e-01 5.232748801977326475e-02 1.182824113435040903e-01 7.862729761547395668e-01 5.300000000000000000e+02 2.235229177642286569e+00
8.549430778290399990e-01 7.205105507251063912e-01 5.849809171420438103e-01 1.137272906123719396e-01 7.000075452618651495e-01 2.355150539292858586e-02 9.232066280164584748e-01 4.508321336015714276e-01 7.273295273395271598e-01 3.119262989218338777e-01 9.713752682138351302e-01 6.015793899609733764e-01 5.806480676526091372e-02 5.983625908538628968e-01 1.932322485200816120e-01 6.179852580061547807e-01 2.678790139568257289e-01 8.752168383599766566e-01 7.864912188711973284e-01 8.092901538915587834e-01 1.656641435315841515e-01 2.508780139031133172e-01 3.611663525737980329e-01 2.304536266810008338e-01 5.500997273778218677e-01 9.710384245986870555e-01 7.116408529029565333e-01 1.092900752921525664e-01 1.693975484139545740e-01 6.312168562367411750e-01 1.065117636519103961e-01 9.066336566512555040e-01 4.200000000000000000e+02 2.400822497049967197e+00
6.213197180076950321e-01 7.364362562180378768e-01 9.770470710743593967e-01 2.971127167142976200e-01 2.716076286780628665e-02 2.303613995297938699e-02 2.283881161568488416e-01 8.202391929893021461e-02 3.019867178739898180e-03 6.906324392175774429e-01 9.173920611418749649e-02 8.704265370509666200e-01 4.029157645163133350e-01 0.000000000000000000e+00 1.657980721694275739e-01 9.388533730845491920e-01 3.620377032605829326e-01 8.099105470238937565e-01 8.304719706707019630e-03 4.581337187118401100e-01 7.896723106910511492e-01 2.228750341938736876e-02 0.000000000000000000e+00 2.587040824596608668e-01 7.154861581545420846e-01 4.959336079517879248e-01 9.177498164839094086e-01 1.118976077309113276e-01 9.041740951379950708e-02 2.861017085156735140e-01 0.000000000000000000e+00 3.711181034507246568e-02 3.120000000000000000e+02 3.008398720070168064e+00
1.743295378481672826e-03 1.000000000000000000e+00 9.810488136227838440e-01 1.619131790721780803e-02 0.000000000000000000e+00 0.000000000000000000e+00 9.445054681160157672e-01 0.000000000000000000e+00 9.985423880792850815e-01 4.312899465433593280e-04 8.976842856201415477e-02 7.764908355787425442e-01 0.000000000000000000e+00 1.477903916513152727e-03 0.000000000000000000e+00 4.332615114813957008e-04 0.000000000000000000e+00 1.914557342005545823e-02 7.937333329263255299e-01 1.000000000000000000e+00 8.578487228386305619e-01 0.000000000000000000e+00 1.374782384525084908e-03 0.000000000000000000e+00 0.000000000000000000e+00 1.256920985613510432e-11 8.336461012295318662e-01 0.000000000000000000e+00 1.239035472151167858e-05 1.314412277249303205e-03 1.590667888463662971e-01 8.123239968731608140e-01 3.320000000000000000e+02 3.290750694274902077e+00
9.968530133855563191e-01 7.757578447359539942e-01 4.814148270093667747e-01 2.602297246285271703e-01 9.039708199887787066e-01 3.296130480852776934e-02 7.989363770858770586e-01 0.000000000000000000e+00 8.489989464640351757e-01 4.381778182064186011e-01 1.260074085799388066e-01 9.999984504247836359e-01 5.140130701549853187e-01 1.000000000000000000e+00 2.722848028579642476e-01 9.970507946287058276e-01 8.795961808149402872e-01 8.797561268677737134e-01 7.497062924256316929e-01 7.977226207430337945e-01 3.395867386658959486e-01 2.451617566364132084e-01 7.759777372778533522e-01 9.839141367967982887e-01 1.000000000000000000e+00 9.408612722607577750e-01 9.999929963209223116e-01 5.493952827594112964e-01 9.971604714172747075e-01 0.000000000000000000e+00 5.361690941686559908e-01 4.869979139014436464e-01 5.680000000000000000e+02 1.953476695010536446e+00
6.547036579662087741e-01 8.444546423278488367e-01 1.852141131832125639e-04 4.574821761984131929e-01 8.298543426021832703e-01 2.466743872189047847e-04 9.996882750343457635e-01 1.437446887062341760e-03 7.489094477489043333e-01 2.550876125518141135e-01 8.614027410700167420e-02 5.627550914102922297e-01 6.129663920219360351e-01 8.418285855585814215e-01 1.569922146672689256e-01 1.000000000000000000e+00 7.767456422591746401e-01 9.981555650394616785e-01 1.802177026926205794e-01 5.210357235745511906e-01 5.549073446318641967e-01 7.022211160523933460e-01 3.620893736920569039e-01 2.960439388098688451e-01 3.141773326426789970e-01 3.621512592420928628e-02 1.000000000000000000e+00 4.206360297719406797e-05 9.998622331843581845e-01 6.610574473197773637e-02 2.355103999739497148e-02 7.993174936541075359e-01 4.200000000000000000e+02 2.465413284301757990e+00
9.999725330513380417e-01 1.000000000000000000e+00 5.942419100372119400e-01 3.938401001875483365e-01 1.661261750671842730e-01 2.940104041450267158e-01 8.404129541999378894e-01 1.780800413260388015e-01 9.517865159028610078e-01 3.205460566076772100e-01 7.496750198934912235e-02 8.890892338589325705e-01 8.989098188592901106e-01 9.461927281839533910e-01 4.705964089957537788e-01 7.303188516641578865e-01 6.922013749239319669e-01 9.941711214888491188e-01 9.573172531020346376e-01 8.040249044574903081e-01 9.991347861009675091e-01 0.000000000000000000e+00 9.714308980999916132e-01 7.865219620433594461e-01 8.904366939640575573e-01 9.483254626836989942e-01 9.999992575877977297e-01 1.442904272613113352e-03 5.392980946589638336e-01 1.763919740548204216e-03 0.000000000000000000e+00 1.000000000000000000e+00 6.100000000000000000e+02 1.840034802754719978e+00
1.000000000000000000e+00 1.000000000000000000e+00 8.823784796651912288e-01 4.977649523695582001e-02 3.329279099259488950e-01 4.229912787011592679e-01 7.877967041160208739e-01 0.000000000000000000e+00 1.000000000000000000e+00 8.612167905444677585e-01 7.608996731231402189e-01 1.000000000000000000e+00 8.062175454124280716e-01 3.710117120879955488e-01 9.940318934777450099e-01 1.000000000000000000e+00 1.000000000000000000e+00 1.000000000000000000e+00 1.000000000000000000e+00 6.082531745459071049e-01 1.000000000000000000e+00 7.446509352223448230e-01 3.553102090042646322e-01 1.000000000000000000e+00 9.183626826434465595e-01 9.417711373295477584e-01 1.000000000000000000e+00 5.893487176395857396e-01 9.999999974478448461e-01 0.000000000000000000e+00 2.902988703874014864e-01 8.208505848036794506e-01 7.100000000000000000e+02 1.485141142820700866e+00
1.000000000000000000e+00 8.886141010248250760e-01 8.150226193031663291e-01 5.220835743181941879e-01 2.503658882799168484e-01 2.405258890589355601e-05 8.794145369395153233e-01 1.915753051545159014e-01 2.010495240333693978e-01 1.000000000000000000e+00 5.435222180964320859e-01 9.999999678019639848e-01 5.215210356642348000e-01 1.000000000000000000e+00 1.000000000000000000e+00 9.548383736324969062e-01 1.000000000000000000e+00 4.598560074357461169e-01 9.939172899314469012e-01 9.995042285714608177e-01 0.000000000000000000e+00 1.000000000000000000e+00 9.431609825732250041e-01 1.000000000000000000e+00 1.000000000000000000e+00 5.275416310318135071e-01 9.270748033924266496e-01 6.124328381189955151e-01 9.992093620832169787e-01 9.470328478319511856e-01 2.018870822904097473e-01 6.839963895221728984e-01 6.980000000000000000e+02 1.530764477069561424e+00
9.916674808715839617e-01 1.000000000000000000e+00 1.000000000000000000e+00 3.854499136272110382e-01 9.831635243292172754e-01 0.000000000000000000e+00 6.632420473198559208e-01 2.385919606946252935e-01 1.000000000000000000e+00 5.923018038256022688e-01 1.401844881903103468e-01 8.697995133573848126e-01 3.221996909983759205e-01 1.000000000000000000e+00 6.090890329228944022e-01 8.177232050742134772e-01 4.580661574407943193e-01 1.000000000000000000e+00 2.920781000191507437e-01 1.000000000000000000e+00 4.763428325870364133e-01 9.752487801858896743e-01 9.515033975715460057e-01 9.838264175658859578e-01 4.095263784717188549e-01 9.055007823432384972e-01 9.159293664776130273e-01 2.230201815422737655e-01 4.460457981482802148e-01 1.122128374186014549e-01 3.621254522279349075e-01 5.444188284551400026e-01 5.900000000000000000e+02 1.809398217294730493e+00
9.972414411708452331e-01 6.394251824445649213e-01 3.096466415415204398e-01 0.000000000000000000e+00 8.742758859792202353e-01 0.000000000000000000e+00 8.540532636090995182e-04 4.819806928977751204e-01 7.584709214528694010e-02 1.000000000000000000e+00 1.278189685787413654e-01 7.902809915327054791e-01 9.452948810885242192e-01 6.981029694741507363e-01 1.526094741174413294e-01 1.000000000000000000e+00 4.257333443301467568e-01 1.000000000000000000e+00 9.972962546026525876e-01 1.000000000000000000e+00 5.494783737985643457e-01 0.000000000000000000e+00 1.219234406513596933e-06 1.000000000000000000e+00 2.173191195809510146e-01 8.553120504165071664e-03 3.540935515309444614e-01 5.667084319039973339e-01 4.327859719480189882e-01 3.856652683976862292e-07 2.570730018825350544e-02 4.228079151101812871e-01 4.180000000000000000e+02 2.576031217713286470e+00
9.715293492002543552e-01 8.272734534557747432e-01 7.790486698511591701e-01 1.570507615542377985e-02 9.848253959690840276e-01 6.546284899580102623e-01 9.760658859438190449e-01 6.390468055408908832e-01 1.000000000000000000e+00 7.125745644443943760e-01 6.602057772752849552e-01 1.000000000000000000e+00 6.395972074632895188e-01 1.000000000000000000e+00 7.169515552089005261e-01 9.999999348115931053e-01 2.344847173126031192e-01 9.554783860898575787e-01 7.849471662390588023e-01 9.928004708535397294e-01 6.367502830518485535e-01 9.999329518276467432e-01 9.617662647709768198e-01 5.299248279114867621e-01 1.000000000000000000e+00 9.295554204520865005e-01 1.000000000000000000e+00 3.160258536140184149e-02 9.449826204742222124e-01 0.000000000000000000e+00 2.973287707652548240e-01 9.999999100932468465e-01 7.100000000000000000e+02 1.450143428378635191e+00
1.000000000000000000e+00 9.389105500992651621e-01 9.848247171306329095e-01 0.000000000000000000e+00 6.781450085110830583e-01 0.000000000000000000e+00 1.000000000000000000e+00 2.791238801521322194e-06 9.907153406246612670e-01 4.114365280626060550e-01 5.117853044864990597e-01 1.000000000000000000e+00 8.730651828276975168e-01 9.640263147000960320e-01 7.951314655839484269e-01 5.652926912106188695e-01 8.928260734613496785e-01 1.000000000000000000e+00 5.643952256172303228e-01 9.835945475457090748e-01 1.000000000000000000e+00 9.746874438583029709e-01 6.486930002779794924e-01 9.999955922793868357e-01 9.906992981772220208e-01 8.153973335937121369e-01 1.000000000000000000e+00 4.259587425934189819e-01 3.402570681734318203e-01 9.271941581523875098e-02 1.854118330453816965e-01 9.998326746844939938e-01 6.780000000000000000e+02 1.551925286792573466e+00
9.999999810095583364e-01 1.000000000000000000e+00 6.910717370595609310e-01 1.730730652944565129e-01 5.056629339294345105e-01 2.398795427326402569e-03 4.080462039672768659e-01 1.769214282743753752e-01 7.047630068521433255e-01 4.156672252404346457e-01 2.540619734214206726e-01 1.038050840338615444e-01 7.032113707758723686e-01 9.404434604918280316e-01 2.474120037458450161e-01 6.422226013368579345e-01 9.494000831250475059e-02 9.370889366932534381e-01 8.745826419154434372e-01 1.000000000000000000e+00 8.249541882683866234e-01 9.039130070591109289e-01 9.694322350111997944e-01 9.251175424156342642e-01 1.000000000000000000e+00 2.349445543362478073e-01 9.987465606996495104e-01 2.232065122874176410e-01 3.825931663934132310e-01 8.373612019413204655e-01 4.181643516961323082e-01 1.000000000000000000e+00 5.740000000000000000e+02 1.863711498401783295e+00
1.000000000000000000e+00 1.000000000000000000e+00 1.000000000000000000e+00 4.825751187473859560e-01 1.000000000000000000e+00 0.000000000000000000e+00 7.433324963482842440e-01 4.899958684418481009e-02 6.694144632212576385e-01 4.077914291817700820e-01 6.312853436104899352e-01 1.000000000000000000e+00 1.000000000000000000e+00 2.843145721321813091e-01 2.663333762298266683e-01 9.999351531183930941e-01 6.351622812973365395e-01 1.000000000000000000e+00 1.000000000000000000e+00 8.913257799843365969e-01 2.660655858414907593e-01 8.181960390783858950e-01 8.036022921981141875e-01 8.136249097550923848e-01 1.000000000000000000e+00 5.200498199734988614e-01 9.898066575274830914e-01 9.556720258115450339e-02 5.499993820223886276e-01 8.567897384556030227e-01 2.602455275978617366e-01 1.000000000000000000e+00 6.620000000000000000e+02 1.635606829325357836e+00
9.985668507486622492e-01 9.959615210216219428e-01 7.907563995768738252e-01 1.652653519809313756e-02 6.026532121390486552e-01 8.537865494775510600e-01 3.115117541929692813e-01 2.616020716026754567e-01 5.709313187896358777e-01 6.200526593645817597e-01 8.019198756450642840e-01 9.957547459463301776e-01 9.674977358430409957e-01 1.614058994841431893e-01 1.000000000000000000e+00 1.000000000000000000e+00 9.545237858063910785e-01 6.500180555006439542e-01 8.277991133283597591e-01 9.505190216793726332e-01 3.948257127915938969e-01 7.427881336245063526e-01 9.982359387826316155e-01 7.430409227265912797e-01 9.834157235544672693e-01 7.683660871984326901e-02 9.186170103565157730e-01 6.392626849801513744e-02 9.999889677204609750e-01 3.183623324741669536e-01 7.396632508663888439e-01 9.892515831412662664e-01 6.560000000000000000e+02 1.667325274149576764e+00
1.000000000000000000e+00 9.640453239467579039e-01 5.548471590216839111e-01 6.066822433865071140e-01 1.000000000000000000e+00 0.000000000000000000e+00 1.000000000000000000e+00 0.000000000000000000e+00 1.000000000000000000e+00 1.000000000000000000e+00 2.263255589873471724e-02 7.423815264703869099e-01 2.718356536208843544e-01 8.170351307212387892e-01 9.788644535895526522e-01 1.000000000000000000e+00 8.766853083423904458e-01 1.000000000000000000e+00 2.903710632556451010e-01 1.000000000000000000e+00 3.289681729142041045e-01 9.475800603555888380e-01 1.000000000000000000e+00 8.744557523308539304e-01 9.880700355767726428e-01 8.882348697141383420e-01 7.983641674606114513e-01 2.465130726116094018e-01 9.980831080594528837e-01 0.000000000000000000e+00 1.044319531846911280e-02 9.613962324622131739e-01 6.900000000000000000e+02 1.664658360603527898e+00
1.000000000000000000e+00 7.525730036854531013e-01 4.462041044616449348e-01 1.000000000000000000e+00 1.000000000000000000e+00 0.000000000000000000e+00 1.000000000000000000e+00 2.000871257924434401e-03 1.000000000000000000e+00 2.642298660006948685e-01 8.441543286071079288e-01 8.133717365876751426e-01 1.774843124209885548e-01 1.000000000000000000e+00 7.590701435230382543e-01 1.000000000000000000e+00 6.645789248884229616e-01 1.000000000000000000e+00 1.000000000000000000e+00 9.892283790937053123e-01 8.703124237379368244e-01 7.132253827247886369e-01 9.912269726618281318e-01 4.686102710278183814e-01 9.621574751555107552e-01 9.820193554165582706e-01 1.000000000000000000e+00 5.264964479070821657e-01 1.000000000000000000e+00 7.977349156631584615e-01 1.194398616514520811e-01 8.237285083777046157e-01 7.240000000000000000e+02 1.524506559127416283e+00
1.000000000000000000e+00 9.853151766736112371e-01 1.000000000000000000e+00 4.679709721770235198e-02 9.114125909101709055e-01 7.412521982149242634e-07 1.000000000000000000e+00 0.000000000000000000e+00 1.000000000000000000e+00 4.123516125717197750e-02 2.974627330437917827e-01 6.152594921722226440e-01 5.413510569429981212e-01 9.400719146132128223e-01 0.000000000000000000e+00 5.400599502963652210e-01 3.040885535662384287e-01 9.718853597816595746e-01 8.749514299546771179e-01 6.312394926268551920e-01 9.870460896692646591e-01 3.220589615474534484e-01 7.323710154033278297e-01 1.000000000000000000e+00 1.000000000000000000e+00 7.242615656273811986e-01 1.000000000000000000e+00 6.354545382894362382e-02 5.296520846546072525e-02 3.787685513433689533e-01 0.000000000000000000e+00 1.000000000000000000e+00 5.600000000000000000e+02 2.077454694112141897e+00
9.999952657145723123e-01 1.000000000000000000e+00 9.895987880735421793e-01 1.467814399521928659e-01 1.000000000000000000e+00 9.960483787884426288e-02 1.000000000000000000e+00 3.038173498552385488e-03 9.832594061548682873e-01 8.812933183436675311e-01 2.905360079598068301e-01 3.236193258745736490e-01 4.567117038457118583e-01 1.000000000000000000e+00 8.693901626624074286e-01 3.875484352890972151e-01 9.483744747406929188e-01 6.144739347490871806e-01 7.315680385149526677e-01 9.782721051657259359e-01 6.607259754810043684e-02 5.489504849890293192e-01 1.000000000000000000e+00 9.999999545395997780e-01 9.999999985319848461e-01 6.399926316602889964e-02 0.000000000000000000e+00 4.183082037528172242e-06 9.999999922584117407e-01 7.634697439868650681e-01 5.103024707215051414e-01 7.834318186962381247e-01 5.940000000000000000e+02 1.983723300111059906e+00
1.000000000000000000e+00 5.455399656726661606e-01 2.723995378527274136e-01 4.466206655713578222e-02 8.601688663466939833e-01 0.000000000000000000e+00 4.899373439305523270e-01 1.000000000000000000e+00 9.999998127215078414e-01 9.999995506172549842e-01 0.000000000000000000e+00 9.778837237011039907e-01 4.016189687264900554e-01 9.999518228496240280e-01 4.220569760235386991e-01 9.998028920049308876e-01 9.999991918482552533e-01 1.363910541574083757e-01 4.970372904075825438e-01 1.000000000000000000e+00 9.968181463958175614e-01 4.063486652194475135e-01 8.172132151260641519e-01 8.703057030541367922e-01 8.721701694140512329e-01 9.999944078286290283e-01 9.129878554238801680e-01 2.328813613133653981e-01 1.375772512381539803e-01 2.007310386657615645e-04 9.390765734169090675e-03 1.000000000000000000e+00 6.140000000000000000e+02 1.988882577684190522e+00
9.956948254411355226e-01 9.999932432776820201e-01 9.285077941782826638e-01 0.000000000000000000e+00 9.503117840385606474e-01 7.475659167243965675e-02 6.702677104687015941e-01 3.560374656227066059e-01 1.000000000000000000e+00 7.729988948368345936e-01 9.757150555703429651e-02 2.470859300939343972e-01 9.999923169059713457e-01 9.298019226848831531e-01 3.079445413576380464e-01 9.794030441434553591e-01 2.704725121612148730e-01 9.983400110684564899e-01 9.989099835617901713e-01 9.289844948567698157e-01 7.223087391215819997e-01 8.663157350287016278e-01 2.415685618759567110e-01 9.990075059236243060e-01 7.965872636785005234e-01 4.227783605121629928e-04 8.254584250611198826e-01 1.055386307551772762e-01 2.124503418908830488e-01 9.404099271024296547e-01 2.863211554332549813e-01 4.607138102568870131e-01 5.900000000000000000e+02 1.924619831758386690e+00
9.928889047681629387e-01 9.953304966420062350e-01 1.000000000000000000e+00 1.098680155801054492e-01 6.819183311680500070e-01 3.747796210016868940e-02 8.105299702720639710e-01 9.944707587083125022e-02 8.132368214597767153e-01 9.406029919890068758e-01 7.319219715296046980e-01 4.669589812515213545e-01 9.914525500793806012e-01 3.258248952292443490e-01 7.632463317461977148e-01 9.837197820178155139e-01 9.667735503537971953e-01 9.718502474369391519e-01 1.000000000000000000e+00 1.000000000000000000e+00 6.651780906213983213e-01 9.984163621475908856e-01 8.950030244151313541e-01 7.634400271848609254e-01 8.766686212994246885e-01 1.000000000000000000e+00 8.908219379902286850e-01 7.277944749516422618e-03 2.949848287616791964e-01 8.147924175948035863e-01 7.395080675377448953e-01 1.264768449859726973e-01 6.980000000000000000e+02 1.630204900105794330e+00
1.000000000000000000e+00 7.040351577042585074e-01 9.999403265423268961e-01 1.000000000000000000e+00 2.580377116091819856e-01 0.000000000000000000e+00 1.278017974421063185e-01 1.793267266827057262e-05 5.254686929029650511e-01 0.000000000000000000e+00 3.520869417324769546e-01 9.444796075191488338e-01 9.973513225017146544e-01 4.555039638667022112e-05 7.649548549122596741e-01 1.000000000000000000e+00 8.893159632198273101e-01 1.873503646627486198e-04 9.994504062469447003e-01 9.969370365480457741e-01 1.000000000000000000e+00 6.224441746696189881e-01 2.694275128806297159e-01 2.117712450360356158e-01 1.000000000000000000e+00 4.403006818237438780e-01 5.527161824277851965e-01 3.121012415076121829e-02 0.000000000000000000e+00 9.464223982554340608e-01 9.999769815907312287e-01 3.395418855946888415e-01 5.240000000000000000e+02 2.267965698242187411e+00
9.999999222631089646e-01 8.498033550298195182e-01 4.982122063007350943e-01 1.095600987473706323e-01 6.803263272566802966e-01 1.262716492100533425e-02 9.967274432479404922e-01 1.687527798006688007e-01 8.554499982048654472e-01 5.669512739200691653e-01 1.155012260781026617e-01 9.970270399895219127e-01 3.779139375723707395e-01 9.997687108543433787e-01 8.241330299864717546e-01 4.635656365590603012e-01 5.181361657788241537e-01 9.058361023084627872e-01 1.339603011878661709e-01 9.989124043458654789e-01 7.772219052648641213e-01 9.592655147205304544e-01 5.420786848722867202e-01 7.591860484844830115e-01 4.281338938821974693e-01 3.695013864052607011e-01 4.520614430411584728e-01 9.377588395160676993e-02 9.072657089757466542e-01 4.715032770332437950e-01 3.269902628269186207e-02 9.999904046915127909e-01 5.180000000000000000e+02 1.965350507100422917e+00
1.000000000000000000e+00 9.346750914738163329e-01 9.976194607695887395e-01 8.396169605313588136e-01 7.650015846893593041e-01 3.936152324456386742e-01 5.723036524111946299e-01 5.399210705909342906e-03 9.706243623162859047e-01 8.650736764150747105e-01 1.437316041688211903e-05 9.703787602163159720e-01 8.643487038867359029e-01 7.856348221705619084e-01 6.988833865490028385e-01 9.994823326449940870e-01 5.471932014233601427e-01 1.000000000000000000e+00 6.716882246063271555e-01 1.000000000000000000e+00 1.000000000000000000e+00 9.984473333042663823e-01 4.529262549388932135e-01 9.552083594897007313e-01 9.823835510828503592e-01 1.053907017372043148e-01 1.776844638217076333e-01 7.895399027403664505e-01 1.000000000000000000e+00 1.116363602776811043e-01 7.625948179049523157e-01 9.384834414211011833e-01 6.780000000000000000e+02 1.693625729878743824e+00
7.991018886238130392e-01 8.139539843966169252e-01 9.686944019799711425e-01 3.015333614216627600e-01 3.338953010213131511e-01 4.792221434534009727e-01 2.221811162436997111e-01 2.327677456682151480e-01 4.537347785477309214e-01 4.174192941453445105e-01 9.616839516350406125e-01 7.371117413519669981e-01 9.629792714398653919e-01 5.622362306002530730e-01 6.787500813495570551e-01 5.196623945571441361e-01 8.766471599634810818e-01 8.701095176601858494e-01 5.008645322092496466e-01 9.334593303002514109e-01 2.461946970697519166e-01 5.856476315913280439e-01 2.366161755886140861e-01 8.346147239047712052e-01 2.769267805294571283e-01 3.683857197389171778e-02 6.686031544254685821e-01 1.188019040996663583e-01 5.708047095272771321e-01 8.004504404305131660e-01 4.664865144859839385e-01 5.681931965940539841e-01 4.640000000000000000e+02 2.064676373246787211e+00
1.916106678056038737e-01 9.732132979802786688e-01 9.945074729291685234e-01 1.000000000000000000e+00 6.628427038970539087e-01 7.950171429018243474e-01 1.000000000000000000e+00 3.380375719814223659e-04 7.921503546575947574e-01 7.425438449839935062e-01 4.491268653675987710e-01 1.000000000000000000e+00 6.167925597599808185e-01 5.009439276602376534e-01 5.111604041975127410e-01 2.523812891780619072e-01 1.000000000000000000e+00 9.149912272670006619e-01 9.777675161670583703e-01 9.988808243962553624e-01 1.044999093681796137e-01 9.980109261179838098e-01 1.000000000000000000e+00 5.495007649767796876e-01 7.947743638226599794e-01 8.409644219922235431e-01 9.805316772268596326e-01 4.914281583645206952e-01 7.209180417535469010e-01 7.390220148304824654e-01 2.866622399671184818e-01 1.000000000000000000e+00 6.300000000000000000e+02 1.758450776559335127e+00
9.988050011470739342e-01 1.200046145620618648e-01 4.644470236222404402e-01 4.034424522744169961e-01 1.674523084954425423e-01 3.840368409872508271e-01 9.300763924550144862e-03 7.082888783538042465e-02 4.706235889098827618e-01 6.565933970196261571e-01 2.490830744169849342e-01 7.501497251143770528e-01 8.536210830396112614e-01 9.882284514430668132e-01 5.146473953753719771e-02 8.895138687368971953e-01 5.658454684027774961e-01 9.784437553206036808e-01 3.433553161678752630e-02 9.581732009616491519e-01 0.000000000000000000e+00 2.680946271456011165e-01 7.839908589182461585e-01 5.831756262365267451e-01 6.030748365461809923e-01 3.189982294827272691e-01 1.635887271683436062e-01 1.067765861595316862e-01 3.088230549506069678e-01 7.617540502615350873e-01 6.277827767296365602e-01 6.347351018654509014e-01 3.820000000000000000e+02 2.632027200552133461e+00
1.000000000000000000e+00 1.000000000000000000e+00 9.999090306918498872e-01 1.000000000000000000e+00 1.606612476372791809e-01 7.015270448605749332e-01 1.000000000000000000e+00 3.255027684911703245e-01 3.218467280622899218e-01 5.320267303356348565e-01 1.000000000000000000e+00 9.834642097867373201e-01 9.990885044418476024e-01 1.991418456696253947e-01 7.166325647120975750e-01 4.003715471741134957e-01 9.885854808840042196e-01 9.657804771092000085e-01 9.867988035259862567e-01 9.617136908030430309e-01 1.366768111119993911e-02 7.491823203309446733e-01 8.530297892855348563e-01 9.986578571875668331e-01 7.823665071216024947e-01 9.918632641321526444e-01 5.759019709515572627e-01 5.105772937274157819e-01 2.454293057036071590e-01 9.999999981666359838e-01 9.683872000393185520e-01 7.628664051716533834e-01 6.740000000000000000e+02 1.639941719902886286e+00
9.994410223239679203e-01 1.570857152440184590e-01 9.977722453575844641e-01 2.671418048977673432e-01 1.000000000000000000e+00 6.425605056096722612e-02 9.999681079772005932e-01 4.676257929174856831e-01 2.932878785075274664e-01 2.435078973633560684e-01 2.620551853975638390e-01 1.000000000000000000e+00 8.986308114565420002e-01 1.000000000000000000e+00 9.833291864175818242e-01 9.974034300605822967e-01 1.000000000000000000e+00 5.827755332153242707e-01 4.729192945705744111e-01 9.489965603285819284e-01 2.480639498851508196e-01 8.859912398124867305e-01 6.699811510034115597e-03 9.945630101166037518e-01 2.697478904217321394e-01 9.377214559937079308e-01 6.862102077400948907e-01 0.000000000000000000e+00 6.778337149467101863e-01 5.153656620001104693e-01 1.869367784127873647e-02 1.000000000000000000e+00 5.780000000000000000e+02 2.128502741046980784e+00
1.000000000000000000e+00 1.000000000000000000e+00 3.121291235297469768e-01 5.478968166594863076e-01 8.138588381099827185e-01 4.931165347488300180e-06 5.395269736237963132e-01 6.581500382826873557e-05 7.075929897142129166e-01 5.826822681226629941e-01 1.780456178316217331e-01 9.620981233128640397e-01 9.999994652099856163e-01 1.000000000000000000e+00 9.998416865875755510e-01 1.000000000000000000e+00 9.998006068518329181e-01 7.164228537894380411e-01 7.174337487810875658e-01 9.999802902852333863e-01 4.493372250984233873e-01 9.762045401240126985e-01 9.953870983688409835e-01 0.000000000000000000e+00 9.392624360501350411e-01 4.187614865014857579e-01 7.992269466943341394e-01 4.638755117307119535e-01 7.364712911652653293e-01 9.999999115133414440e-01 3.688277576252642076e-01 4.200427249567824095e-01 6.000000000000000000e+02 1.657237935949255059e+00
9.999995468970566126e-01 9.999567805000285636e-01 9.999805437169100308e-01 9.906158700539281492e-01 9.999997929177846245e-01 0.000000000000000000e+00 1.000000000000000000e+00 1.387002119137848433e-01 9.948889788602826023e-01 9.999917124018911085e-01 0.000000000000000000e+00 1.000000000000000000e+00 8.905867982300011976e-01 9.999996896446904371e-01 5.578602475661877946e-01 9.999999874401516164e-01 6.265870017313026619e-01 3.972482230971045025e-01 9.102443236656141412e-01 7.815268393260254021e-01 1.767391037971540735e-01 8.959038151046522236e-01 6.713534583685001333e-01 4.211624878569437680e-01 5.424527931197106190e-01 4.509964262971769000e-01 1.000000000000000000e+00 2.803230866820647926e-01 7.601659032413442540e-01 1.000000000000000000e+00 7.058819496925031745e-01 9.195799916260918305e-01 6.720000000000000000e+02 1.666624276902940460e+00
1.000000000000000000e+00 6.510852437756905475e-01 7.695410667739909227e-01 2.360824011887113771e-01 6.859389190835336603e-01 5.074419504487699406e-01 1.000000000000000000e+00 6.369195463890289233e-01 9.586864995330167671e-01 9.995868933983049764e-01 4.680921537699437862e-01 1.000000000000000000e+00 3.537431257645451965e-01 6.967241579822051056e-01 8.610050153995024713e-01 9.528868068233630195e-01 6.188008323822254964e-01 9.973097805801894866e-01 4.765138475346968883e-01 9.492073358790686921e-01 3.118850198751537683e-01 1.000000000000000000e+00 3.750130126700327859e-01 1.000000000000000000e+00 2.670533575902115930e-01 9.813482278737595266e-02 9.649658648740441214e-01 1.398210202702128147e-01 2.888222739543406248e-01 9.003051262466593707e-01 3.985767280549608049e-01 7.562645481726782970e-01 5.840000000000000000e+02 1.822560420789216762e+00
1.000000000000000000e+00 1.000000000000000000e+00 6.944301882892741640e-01 1.680411218479717084e-01 1.301361182513910975e-01 7.598456594389327319e-07 3.495713586836534659e-01 7.727202454153120348e-01 1.000000000000000000e+00 6.230196350335667210e-01 4.275421544008166652e-01 9.999854708350451871e-01 3.956944705779437688e-01 9.999136168635280875e-01 8.888994247369026436e-01 8.543442353782286780e-01 1.000000000000000000e+00 9.998444178170412533e-01 9.659142159897695645e-01 8.693814500004356516e-01 9.996555656191868922e-01 8.950416409861730038e-01 9.999913024432046660e-01 1.334803155899275950e-01 2.426108406220428559e-01 7.730867723696194238e-01 9.999975088766391851e-01 2.353483166255099790e-01 3.951920680498501870e-01 4.389830038558326653e-01 6.125577949159571878e-01 6.994522675374068577e-01 6.200000000000000000e+02 1.610427684409945881e+00
5.429724363391332798e-01 1.000000000000000000e+00 3.396331023558146756e-01 6.683253352759460642e-02 1.982461740798703576e-01 3.458642905842863602e-01 9.999749477678603338e-01 9.061477317555410860e-02 8.089765287661726534e-01 7.691790174136565739e-01 1.359222375851746600e-01 4.030921492592664523e-01 6.831288403154601729e-01 9.999287745301242980e-01 9.999632735472138156e-01 9.544920472839891756e-01 9.198353227155402490e-01 1.000000000000000000e+00 9.812773835824442945e-06 8.729319782187090482e-01 9.852422445005285523e-01 9.942641762749190315e-01 1.284037170865115485e-01 4.690527865585392697e-01 7.634854772819821278e-01 3.443624227186566911e-01 8.955415627703424697e-01 1.284187529820792761e-01 3.110888760725048378e-05 9.529005702124937471e-01 5.559901619281405749e-02 3.785566384841981269e-01 5.220000000000000000e+02 2.110711328606856174e+00
9.998005118492643284e-01 9.996006110286610458e-01 4.142569269780451702e-01 0.000000000000000000e+00 1.000000000000000000e+00 0.000000000000000000e+00 4.963925450723609689e-01 9.996319201792461806e-01 9.869043229874814305e-01 2.814476781227249202e-01 8.439215813263222232e-01 9.350191095030715438e-01 5.388435136511160461e-01 1.000000000000000000e+00 9.992080196418694493e-01 1.384728873258132820e-02 1.000000000000000000e+00 6.570062363350267498e-01 9.793360636380988860e-01 1.000000000000000000e+00 2.015243218770973888e-03 9.842862439761242976e-01 1.000000000000000000e+00 1.840099293374821698e-01 0.000000000000000000e+00 7.699993520798500413e-01 0.000000000000000000e+00 0.000000000000000000e+00 9.999989752672931997e-01 1.110024966099408842e-03 4.273355610361108670e-01 1.656194890532562026e-06 5.680000000000000000e+02 2.249981547336952215e+00
1.000000000000000000e+00 1.000000000000000000e+00 1.000000000000000000e+00 9.895528544957580275e-01 1.271462480506407589e-01 0.000000000000000000e+00 9.892859187953202404e-01 5.613223695614126818e-01 0.000000000000000000e+00 7.496004278569472490e-01 0.000000000000000000e+00 2.903052402037202828e-01 1.000000000000000000e+00 7.571426351222703133e-01 5.732018139523592515e-01 1.000000000000000000e+00 9.916748601383522654e-01 1.000000000000000000e+00 7.286044404776809494e-03 8.143219292635877071e-01 2.562386972055406831e-02 0.000000000000000000e+00 3.152541627935476765e-01 0.000000000000000000e+00 2.641898127029200238e-01 0.000000000000000000e+00 1.000000000000000000e+00 3.115023097615778891e-01 3.262717175849950690e-01 1.479345938684613337e-02 0.000000000000000000e+00 2.445456164433446045e-01 4.460000000000000000e+02 2.546866280691964413e+00
1.000000000000000000e+00 1.000000000000000000e+00 1.000000000000000000e+00 7.121910175382190067e-02 9.342676631879790472e-01 6.173812285446823866e-02 8.310182601435037730e-01 3.274294228025782516e-01 1.000000000000000000e+00 4.932527974027315354e-01 6.206412004624850542e-01 1.000000000000000000e+00 9.423207505334117995e-01 9.357760719547262296e-01 6.981103020913861368e-01 8.059667327410121596e-01 9.999999999697468667e-01 9.994581035294083371e-01 6.897868453371973629e-01 9.372206201140763637e-01 1.000000000000000000e+00 9.895222650917401275e-01 4.714677870796760151e-01 9.641545564230533660e-01 2.266641144059439519e-02 8.900683292911533151e-01 9.921930794669603371e-01 6.151289315104764288e-01 1.000000000000000000e+00 1.241683422310226742e-01 0.000000000000000000e+00 3.855492302037874519e-01 7.060000000000000000e+02 1.633881573799328857e+00
1.000000000000000000e+00 1.000000000000000000e+00 9.590673834089752381e-01 8.450550539943064987e-02 4.901113012851474049e-01 0.000000000000000000e+00 4.128964188292627568e-01 6.486074582617987749e-01 7.278549153563352858e-01 3.940607241433985442e-01 8.462413851107637719e-03 8.581359545959104107e-01 8.709201961226210598e-01 1.000000000000000000e+00 9.788633885039981219e-01 2.994314896153228989e-01 4.416550457532831819e-01 1.000000000000000000e+00 0.000000000000000000e+00 9.530347768226158367e-01 5.543870826553518594e-01 7.227738822439937483e-01 9.032726490256850482e-01 6.824456571015248274e-01 0.000000000000000000e+00 5.936501836177207059e-01 1.000000000000000000e+00 1.177905288420038887e-01 5.328912490171503480e-01 1.123315890488756214e-01 4.971552792877517724e-02 5.307120723088513126e-01 4.960000000000000000e+02 2.116120286971803655e+00
1.000000000000000000e+00 2.474027542658890355e-01 6.416064927695855902e-01 1.000000000000000000e+00 1.003574710928473945e-05 5.530027149093748040e-01 0.000000000000000000e+00 0.000000000000000000e+00 5.669127683510961739e-03 9.451644170948944046e-01 0.000000000000000000e+00 8.160072522201209377e-01 0.000000000000000000e+00 1.000000000000000000e+00 1.000000000000000000e+00 6.386253366545407983e-01 1.000000000000000000e+00 8.960609063405738928e-01 1.000566602824516510e-01 6.135703061159775151e-01 1.000000000000000000e+00 0.000000000000000000e+00 9.926446199097180845e-01 0.000000000000000000e+00 0.000000000000000000e+00 5.079574232940808898e-02 8.394568879937235051e-02 0.000000000000000000e+00 1.000000000000000000e+00 0.000000000000000000e+00 1.000000000000000000e+00 0.000000000000000000e+00 4.740000000000000000e+02 2.835166168212890359e+00
9.955663640423452199e-01 6.523199449339188716e-01 7.421048839624381221e-01 2.320014202571996087e-03 6.642851343300094635e-01 6.107075725451859283e-01 7.191340314507903564e-01 9.755081995118325411e-02 3.670437766136759317e-01 7.629159334490910327e-01 9.945296149797620000e-01 9.992690928626918323e-01 7.220033517074305740e-01 5.300087421491863626e-01 9.801077707838221631e-01 6.318975377173139396e-01 5.288986720603160441e-01 6.298640827206483106e-01 5.893399473388749588e-02 9.234019432602609267e-01 5.477492533808243635e-01 8.450350658881041754e-01 5.610508094186834604e-01 5.072702846981899105e-01 8.256868482051913372e-01 5.058698474687147728e-01 8.448399281924766635e-01 1.365498096075973278e-01 2.487945734977954904e-01 5.881913492596481108e-01 5.889570610276709806e-01 3.965415039111760964e-01 4.840000000000000000e+02 1.980475701226128704e+00
9.316769255313432918e-01 1.000000000000000000e+00 1.271401484535544454e-02 3.790198674231299095e-03 6.164632738077768792e-01 6.678058109398176019e-03 3.176152577341587874e-02 2.541920614548009646e-02 1.000000000000000000e+00 6.627910732044947628e-02 2.325042486095739991e-01 7.719941122233593411e-01 7.626083954171877233e-01 7.870237208242234495e-01 9.999835768595118912e-01 9.990926434083035046e-01 1.000000000000000000e+00 4.442599213045307360e-01 8.497073176850860055e-01 1.000000000000000000e+00 9.299793560285737337e-01 9.951679744070599520e-01 9.972904532007159650e-01 2.217422783220673044e-01 9.991538961923607243e-01 4.153338420459001257e-01 1.000000000000000000e+00 7.871506346718185609e-01 9.862607133884868649e-01 2.747418338990377240e-01 8.961101377142233204e-01 9.672256902263866030e-01 6.320000000000000000e+02 1.671379152933756274e+00
1.000000000000000000e+00 8.595467663032635430e-01 4.968687201278290666e-01 5.929246025953058830e-01 2.019671863852522398e-01 1.591880118650810805e-01 9.785220622353104636e-01 2.344216937927700029e-01 1.968737168347050037e-01 8.472480955009772385e-01 2.350081262027313989e-01 1.000000000000000000e+00 1.000000000000000000e+00 8.593090474740905371e-01 8.934225481496802512e-01 1.890869721033472395e-01 7.505788541124548408e-01 3.719019117092923765e-01 2.743788473241161041e-01 9.327302672919206561e-01 4.677997683558960396e-01 4.982318241133231740e-01 7.250362756717771973e-01 3.092923420708827069e-04 9.997813578906324938e-01 5.841370808092573030e-01 4.958144857199000000e-01 3.756186160752718606e-01 8.743018095053814998e-01 9.323084777392425249e-01 7.104273568002930084e-01 6.650227150766367945e-01 5.280000000000000000e+02 1.943078460693359544e+00
1.000000000000000000e+00 9.710867529275243326e-01 9.784322050527229919e-01 6.631903992562210304e-02 1.470028872480868831e-01 4.707691691075077678e-01 6.577447258061647206e-01 2.537409539488900689e-01 3.658808539195104736e-01 5.609930649059668983e-01 7.621733738964107108e-01 9.756559634352038879e-01 7.793709723857429328e-01 4.624977762096075806e-01 9.618536552232167525e-01 9.649769462692971977e-01 2.235631443619836567e-01 9.999982449633942894e-01 2.043891554179099734e-01 1.000000000000000000e+00 9.985368355838113441e-01 7.730571381530692010e-01 9.717787959144554844e-01 3.904164008561800819e-02 4.063672976324917419e-01 3.399852981979833433e-01 4.754170652225763183e-01 3.174159796311832454e-02 2.427899304544133829e-01 7.560695276232564099e-01 5.101882741076788630e-01 1.000000000000000000e+00 5.120000000000000000e+02 1.880159568786621049e+00
9.946384283142258864e-01 9.631024920748223472e-01 9.032675357057293741e-01 0.000000000000000000e+00 0.000000000000000000e+00 2.426172906188489298e-01 8.695965282892784698e-01 7.716956958534194611e-01 2.968299393244991924e-01 8.949536582119281825e-01 9.608097723493695952e-01 1.000000000000000000e+00 1.000000000000000000e+00 3.336839521820129661e-01 1.000000000000000000e+00 9.952903404371004070e-01 4.877664609164421572e-01 9.999598990527714948e-01 0.000000000000000000e+00 8.849888913560555181e-01 8.494783614583076847e-01 7.397727002423039044e-01 1.752996576690680208e-01 1.843043931630605065e-03 5.579331917533237872e-01 4.731367180852650844e-01 9.623649057005378982e-01 7.683896554731854678e-02 2.249322034023153957e-06 6.807840987878691630e-01 6.365571937718972340e-01 7.410953023569847309e-01 5.780000000000000000e+02 1.869704578540943407e+00
1.000000000000000000e+00 0.000000000000000000e+00 8.908232177469223023e-01 1.000000000000000000e+00 0.000000000000000000e+00 7.426993864135215118e-01 1.000000000000000000e+00 0.000000000000000000e+00 0.000000000000000000e+00 0.000000000000000000e+00 4.911215216106943997e-03 1.000000000000000000e+00 9.979677100837301973e-01 9.194641346896927914e-01 1.000000000000000000e+00 1.000000000000000000e+00 1.000000000000000000e+00 0.000000000000000000e+00 0.000000000000000000e+00 1.000000000000000000e+00 0.000000000000000000e+00 0.000000000000000000e+00 0.000000000000000000e+00 1.000000000000000000e+00 0.000000000000000000e+00 0.000000000000000000e+00 0.000000000000000000e+00 0.000000000000000000e+00 2.066365804130205347e-02 0.000000000000000000e+00 8.720004352477532528e-02 1.000000000000000000e+00 4.680000000000000000e+02 2.995833497298390657e+00
9.427347265953656130e-01 8.345865345436118687e-01 4.637852953968109593e-01 1.832761792950466095e-01 5.648082333217668838e-01 2.792925760544595071e-01 3.996744643072936420e-01 1.800050112150128334e-01 7.123566224088907495e-01 5.273473400937025435e-01 2.256103313677252364e-01 7.510108562134832910e-01 9.217284659900496502e-01 9.261996470401173687e-01 9.451434679073325018e-01 4.878164237287336280e-01 7.566209034312667558e-01 8.247570859402698629e-01 3.363286703190642157e-01 2.677827826664423427e-01 3.830530613265620832e-01 2.959151170022696897e-01 3.456195978258273516e-01 2.131173381742945405e-01 7.711111640167789272e-01 4.947833371720863904e-02 5.967472464492209472e-01 4.351476799287807284e-01 1.280800249275771130e-01 7.076661392570433584e-01 3.694748161126680253e-01 8.900997948835391860e-01 4.000000000000000000e+02 2.200667376200357683e+00
9.969535200977451828e-01 9.576320396634797616e-01 1.000000000000000000e+00 1.435452445879767391e-01 6.048118411336662614e-01 2.752980431397266670e-01 2.037247334085154071e-01 1.763954147534681771e-01 5.236912208253261536e-01 9.628990084783750625e-01 9.409495416894567699e-01 4.384105797765062151e-01 9.974459287759273041e-01 8.498620687834030907e-01 8.842451461116149769e-01 8.936540261351811898e-01 8.816907702031534511e-01 9.850406562506787145e-01 8.684294008151826061e-01 9.999999991690918799e-01 9.999885539516865096e-01 8.822776523730601062e-01 1.000000000000000000e+00 9.421396629052328220e-02 3.384907931491087929e-01 5.813127709822223377e-01 2.771571631849830686e-01 3.643986253293082789e-02 4.401709222413335842e-01 7.034580069359507304e-01 1.000000000000000000e+00 6.344542174707796800e-01 6.480000000000000000e+02 1.681711442735460027e+00
1.000000000000000000e+00 7.992099773545680019e-01 8.675518613231696374e-01 1.944213986742756306e-01 2.326166986766879108e-01 6.374073615978984586e-01 2.039869556749508359e-02 2.367245001139626007e-02 8.965317121038899328e-01 7.826059532400422292e-01 6.528365552002495242e-01 9.746962366541735978e-01 1.000000000000000000e+00 1.236608591477906666e-01 9.983748733051392987e-01 1.000000000000000000e+00 2.909032843325807804e-01 6.603538528098584770e-01 9.833230245522671387e-02 1.000000000000000000e+00 6.770247135125716520e-01 1.000000000000000000e+00 1.000000000000000000e+00 3.234603093844799493e-01 9.857249763929171182e-01 1.184629013096297062e-01 3.676014071960910790e-01 0.000000000000000000e+00 2.022813763102807028e-01 1.000000000000000000e+00 5.677574413172000733e-01 8.714259235249673941e-01 5.540000000000000000e+02 2.023246922409325244e+00
9.999988568203687089e-01 1.000000000000000000e+00 3.891072974662361517e-02 2.134472601412407688e-01 9.948901747638250193e-01 2.364372208618640281e-01 6.154469815015412015e-01 4.765239736963084449e-01 8.178427323687290640e-01 6.273308780206102719e-01 0.000000000000000000e+00 9.781270730558134785e-01 4.254052306211288936e-01 8.774477348390677944e-01 1.000000000000000000e+00 1.062521451064740996e-01 8.422461936300067453e-01 1.000000000000000000e+00 4.181214171254042933e-01 1.000000000000000000e+00 1.000000000000000000e+00 2.757120082653936599e-01 6.869648381661355163e-01 4.089185313704843394e-01 1.000000000000000000e+00 4.459674700016303498e-08 1.594835504109079760e-01 3.355850631941601492e-01 1.230434705151834396e-01 7.307096894767011186e-01 1.742928794750254751e-01 6.165823912166132903e-01 5.260000000000000000e+02 2.008063227335612044e+00
2.900863030417660804e-01 9.164677949568580395e-01 7.900630399651153990e-01 0.000000000000000000e+00 4.045560505591559199e-03 1.268668308987661031e-01 1.000000000000000000e+00 4.490661548132897085e-01 2.331638986307746700e-02 0.000000000000000000e+00 0.000000000000000000e+00 6.323011892549579294e-01 2.771191072546311807e-01 1.000000000000000000e+00 1.000000000000000000e+00 5.312374041936811508e-01 3.342386255920170736e-13 9.179815048961831314e-02 7.101150603929899663e-02 0.000000000000000000e+00 4.006466034845084477e-03 5.714521849334153886e-02 0.000000000000000000e+00 2.018226223814279796e-01 4.738759910809768605e-02 0.000000000000000000e+00 7.723139170992331382e-01 0.000000000000000000e+00 0.000000000000000000e+00 2.196920021576427851e-01 9.252700813839982719e-02 4.052860209720934859e-02 2.460000000000000000e+02 3.415050706409272774e+00
9.736287712673230565e-01 1.000000000000000000e+00 1.885266281881796402e-01 9.848344369052632052e-02 6.268844530863074693e-01 2.967870515501983553e-01 7.586922312793271672e-01 3.839795253386454194e-02 1.000000000000000000e+00 1.000000000000000000e+00 8.659537573919847686e-01 1.000000000000000000e+00 1.000000000000000000e+00 6.013455463040331406e-01 1.000000000000000000e+00 7.581578913865137936e-01 7.771216613553274533e-01 9.998669019445602935e-01 2.817170157955844467e-01 8.570302250126937693e-01 5.125391561243936023e-01 6.816513462289380820e-02 9.518444247778626854e-01 1.128539647268130552e-01 1.000000000000000000e+00 5.926720274682029110e-01 6.943897248271708733e-01 2.915139594810747803e-01 6.776180050631893659e-01 9.146826246087401691e-01 6.226923155454446024e-02 1.030341982535428746e-01 5.700000000000000000e+02 1.910687483402720543e+00
1.000000000000000000e+00 9.999096847366976126e-01 5.784338785606210065e-01 1.589508487289564382e-09 2.183891796956295706e-01 6.237379052656524467e-04 2.532184801284925735e-02 3.838740427097905861e-01 9.115417190211795306e-01 2.618626120014154735e-01 9.997145823936280928e-01 1.000000000000000000e+00 6.521218019567307511e-01 1.166944027517139298e-01 7.805672762079099991e-01 9.920572633640096782e-01 7.625862746555701621e-01 7.857860706176528209e-01 5.552512972929410928e-01 2.807338095807055582e-04 3.539273824481152797e-01 1.000000000000000000e+00 5.007401343769150165e-03 3.794145279397769244e-01 5.710955928341169274e-01 9.408538863729700719e-01 5.575020635004669378e-01 1.557370514215152858e-02 1.697557773827375605e-01 8.037871764706357169e-02 5.960593739079972364e-01 6.741418566123676959e-01 4.140000000000000000e+02 2.338209152221679688e+00
8.393924636862102329e-01 1.910337980571742145e-01 4.373284130335983733e-01 6.883914018417779546e-04 7.521257512705193937e-01 7.423620440511489831e-03 2.254959208785312780e-02 4.329398475448689027e-02 8.311157122476068304e-01 2.274837671129831818e-01 1.564259887946136199e-02 5.727463203882908749e-01 9.459779773819424475e-01 3.245426023960080730e-01 1.350765020101400427e-01 2.503926143208831667e-01 9.292472283465225136e-01 5.371815742667631621e-01 8.798483654795585807e-01 8.484589550531046465e-01 9.999996689792547411e-01 1.198977843290220113e-01 1.703394098085205758e-03 2.141004310523356158e-01 9.903926651569024964e-01 3.879323018248883037e-01 4.095496637676553364e-01 4.628334227318636751e-01 3.348299422339525155e-01 3.415892317535797890e-02 1.120676139769976112e-03 9.381165763090503207e-01 3.900000000000000000e+02 2.781860636282658117e+00
1.000000000000000000e+00 1.000000000000000000e+00 7.797671541681842067e-01 7.258715388118616163e-01 1.000000000000000000e+00 2.270353008324149657e-01 5.858378246476924067e-01 0.000000000000000000e+00 7.030411892183063838e-01 7.860930224708537750e-01 9.999811234175649544e-01 1.000000000000000000e+00 3.897923539539102644e-01 1.000000000000000000e+00 1.000000000000000000e+00 5.504036607613022047e-01 5.202911252007501597e-01 5.390606233778300060e-01 1.842117197117819904e-01 1.000000000000000000e+00 6.451847256872331182e-02 9.301642214256887753e-01 1.254222350269350028e-01 8.744209349431941725e-01 7.075893878668503278e-01 8.629106292843551351e-01 1.000000000000000000e+00 0.000000000000000000e+00 4.909545376445503262e-01 7.693385960503935639e-01 9.585555396048549559e-01 7.912275527728974689e-01 5.860000000000000000e+02 1.870440995065789425e+00
9.735467718572098361e-01 6.970355879510480301e-01 7.318544384953047377e-01 5.768409787628554497e-01 1.831599989296388009e-01 2.925019916398763908e-01 5.731113346667860986e-01 1.956912398800276509e-01 8.732692707980099778e-01 6.008457720703310745e-01 7.726148457661656810e-01 8.803366849536643501e-01 6.812246488584415838e-01 6.848279620737395268e-01 8.184244341982563897e-01 6.371298008557204628e-01 6.357588005281091803e-01 5.824267771555678985e-01 1.579673848872465980e-01 3.088859116047432130e-01 1.676082102915269489e-01 2.792521570279155041e-01 3.806789287509995123e-01 7.551412833241039069e-01 2.865917134193355920e-01 1.051491582243753997e-01 6.780345360219286466e-01 8.974226557021806883e-02 5.607486099775607080e-01 9.417525145416489885e-01 5.193651996037613738e-01 8.672139480969769387e-01 4.240000000000000000e+02 2.247444216410318774e+00
9.589531865970830626e-01 9.078944526075709565e-01 7.295224012487369070e-01 1.111592953322298183e-01 4.297911282107600983e-01 2.030456130719994826e-02 6.744933751841325487e-01 6.082368527880719494e-02 9.360662929984079339e-01 8.419093238379039834e-02 9.951557486103748129e-01 9.924880410255084717e-01 9.698528040941610806e-01 9.111209802327044915e-01 9.926169017961649077e-01 9.612258651441205615e-01 8.682671431636643233e-02 9.885030724568785176e-01 4.734204536529888763e-03 9.129331433287655173e-01 9.962040567057397489e-01 5.452914175557552756e-01 2.593570769192347081e-01 4.991634714438178411e-01 9.740429827287264697e-01 6.877315914962396359e-01 8.179218066543521015e-01 6.589376700310924095e-02 1.941038996403738337e-01 2.034140862899786462e-01 6.408886599127172623e-01 3.240071065262399574e-02 5.620000000000000000e+02 2.059535895453559196e+00
8.847177053013686177e-01 1.340015174839164769e-01 7.964697577648884863e-01 0.000000000000000000e+00 1.390940586427675263e-01 4.263417107737325629e-01 0.000000000000000000e+00 0.000000000000000000e+00 3.754610149637101491e-01 8.989039296574929949e-01 8.102855964055121207e-01 1.000000000000000000e+00 8.194313159171227046e-01 1.000000000000000000e+00 1.000000000000000000e+00 5.883402797792848249e-01 4.632443636120778807e-01 9.618752990439791706e-01 4.577078061150341992e-01 5.844250237359559508e-01 9.999868019382479600e-01 2.139866359688722131e-01 4.981832442196246213e-01 5.116004026924052955e-02 6.113023025767182483e-01 3.796094773657988641e-01 9.969420036833790411e-01 2.690542979448490302e-01 9.967804189730105069e-01 9.291983267590611106e-01 5.868789837643844515e-02 6.305309838601057537e-01 5.100000000000000000e+02 2.174238154093424580e+00
9.903835975044940065e-01 9.647746478996084285e-01 5.364078389532730418e-01 2.307222444447789567e-01 3.511116733785284438e-01 1.237821918369859386e-01 3.721803587042712413e-01 2.838157581291231302e-01 7.542695950939375393e-01 2.200759903856323030e-01 8.646612440570187186e-01 9.886668919825851720e-01 6.089826597634900862e-01 1.449787749199678288e-01 9.814380625712311179e-01 8.921992861786128826e-01 9.654279037052000412e-01 7.281050182622093025e-01 9.441531091570143364e-01 7.735458507879521273e-01 1.000000000000000000e+00 1.086572292304832238e-01 7.974746016455378506e-01 9.501457101538089978e-01 4.374828259728175683e-01 6.830730751836069370e-01 8.521164183721089413e-01 2.072971464839715172e-02 2.448506996768175237e-01 9.785080303851271255e-01 5.132012916529414825e-01 9.500031859612232399e-01 5.680000000000000000e+02 1.797316939370674049e+00
9.190862579265534071e-01 8.506151453279842123e-01 1.000000000000000000e+00 0.000000000000000000e+00 4.652834110332372541e-02 7.531143808092739533e-01 3.702060716315864197e-01 2.518938062330046759e-02 3.018910918140961797e-01 1.000000000000000000e+00 9.861781567671791260e-01 8.634721856630873660e-01 1.000000000000000000e+00 9.897854060981916557e-01 6.577347973150100557e-01 2.508269738881414579e-01 8.716219329108580993e-01 1.940150380806495919e-02 6.255253493877034332e-01 7.439183616894095019e-01 7.459081537165744846e-01 9.754366606367742554e-01 9.509115168082463709e-01 1.063260797315001248e-02 7.977758933302528943e-01 9.739192681709346600e-01 2.779555079647108018e-01 3.480806029477934715e-01 5.718671913510362526e-01 5.639582584857402020e-02 4.182450916698887133e-01 1.204396917043526472e-01 5.300000000000000000e+02 2.128010737101237115e+00
4.209295596265267836e-01 6.318045497038018432e-01 6.952087799089796682e-01 5.532579082549919647e-02 8.114554211009564755e-01 2.285830358068857981e-01 7.619605973287427725e-01 9.552449275529092398e-01 3.617028032987364833e-02 3.304029504784817411e-02 1.421033272868973130e-01 9.876037370979851016e-01 8.989448030639393128e-01 3.432535067734596712e-01 8.442939093424240982e-01 3.783926737276457897e-01 4.532872615630288426e-01 7.567414777320139452e-01 9.031976930276762738e-01 8.788125747281007039e-01 8.489272044519342586e-01 3.662997642834632805e-01 1.921851496731818154e-01 1.927178900246724336e-01 3.093282790991548348e-01 3.096999172697330049e-01 5.893567025356554190e-01 4.708112828817739154e-02 1.997012156277286343e-01 5.374236817334830663e-02 7.992401105192496746e-02 9.119462068657595566e-01 4.200000000000000000e+02 2.609813416522482221e+00
7.252195985334009172e-03 1.000000000000000000e+00 5.479809418311738511e-01 7.982854060477450053e-01 5.860728424831055522e-02 3.525604204153099525e-02 5.488512723347566818e-03 4.364990205352220487e-03 6.051504152594548991e-01 4.257365814181905683e-02 1.000000000000000000e+00 1.000000000000000000e+00 7.904191873882348007e-01 9.573780323234859502e-01 1.000000000000000000e+00 0.000000000000000000e+00 7.563595583739127770e-01 9.795344814308530879e-01 9.812811588013438113e-01 7.495769368270519539e-01 1.000000000000000000e+00 6.757565192248423669e-01 9.412045706013322244e-01 1.045681136255300313e-02 0.000000000000000000e+00 0.000000000000000000e+00 0.000000000000000000e+00 2.761242683874038373e-01 8.427921639609342597e-02 4.333582574597611980e-01 1.262070740277500547e-01 3.758819544491209808e-02 4.320000000000000000e+02 2.584975455463796479e+00
3.853740571115933933e-01 7.103350586601188121e-01 1.076943580467470823e-01 8.938643773046210661e-02 2.102824733075435160e-01 6.870508893177996734e-01 4.847618197456032840e-02 6.379569732347864508e-02 6.532203680551366444e-03 0.000000000000000000e+00 2.237765653092530643e-02 9.413483437273373333e-01 7.670911074900220727e-01 0.000000000000000000e+00 7.265244397914937258e-01 1.000000000000000000e+00 8.843624015641206038e-01 1.395982930789474441e-01 0.000000000000000000e+00 4.936748276531988666e-01 1.580309184096935406e-03 3.698558480796907411e-01 9.994930521464322482e-01 9.036115592489535895e-04 4.066807388416777691e-01 6.240004107045923399e-05 6.134226027668058384e-02 7.792184402994749293e-02 1.974935221544641684e-01 9.574084564274634168e-01 8.077125049756926634e-02 0.000000000000000000e+00 2.880000000000000000e+02 3.238633426619164535e+00
1.000000000000000000e+00 7.117025542068150523e-01 9.544191846549407998e-01 7.879166223384429513e-01 3.769499647256747132e-01 5.327557157451192626e-01 5.241804661466479276e-01 4.752106466450519706e-01 0.000000000000000000e+00 4.133609987051629076e-01 4.947843600109648188e-01 1.000000000000000000e+00 3.536652530913594328e-01 7.828839527382550623e-01 9.548305380321199243e-01 8.330840136448408595e-01 1.000000000000000000e+00 1.000000000000000000e+00 3.909993874882493614e-01 0.000000000000000000e+00 9.997339859772392812e-01 2.076483719309410725e-01 1.000000000000000000e+00 3.067329931733283124e-02 5.457230450266394861e-01 3.962906931299723379e-01 6.361852789620905391e-01 4.586556297348071687e-01 7.198121310231058168e-01 8.342222777473078388e-01 7.432869443291464373e-01 1.000000000000000000e+00 5.300000000000000000e+02 1.981267423478383805e+00
9.570774039455209881e-01 9.135624989426601728e-01 8.443723494009335306e-01 1.617252991002288975e-01 4.347513304145249058e-01 9.742578937737637057e-01 7.545562370969463029e-01 5.233815373300388929e-01 9.938660427500307648e-01 6.627146229047901071e-01 5.879280212673818617e-01 9.907806345189225095e-01 9.999998114153495488e-01 1.561408820213114890e-01 9.648950046073313525e-01 1.000000000000000000e+00 8.770578489820665125e-01 2.517528227168442378e-01 7.408071112138727710e-01 8.814389049233098961e-01 8.711527422153736433e-01 9.822319312981170336e-01 2.637262107413080869e-01 5.734170738052252886e-02 1.000000000000000000e+00 5.027173029831578238e-02 5.925048899511614620e-01 1.714332222510017434e-01 1.560417294806810407e-01 9.873732352819307723e-01 3.804532003328227052e-01 9.168213260323125890e-01 6.160000000000000000e+02 1.829490343729655022e+00
1.000000000000000000e+00 9.780812948936696838e-01 6.246455172161889946e-01 5.946036074935919791e-01 5.824318835851211018e-01 4.884897094612371049e-05 3.859619615526023728e-01 4.721073136239866130e-01 5.737984845778051346e-01 2.377483453431227522e-01 9.981649983623713807e-01 1.000000000000000000e+00 9.993348314284463685e-01 9.894892133651586597e-02 9.941764292593612273e-01 5.330706322898084437e-01 9.088478245310323000e-01 3.871501301209847590e-01 9.840394496476110309e-01 4.610866147592095343e-01 9.371518913233006787e-01 6.321930988620488856e-02 5.737887839446976779e-01 8.142430237170141805e-01 9.696839311591552713e-02 7.788168555607453136e-01 9.869797414572921701e-01 7.417687922974923118e-03 2.251601984411374241e-02 9.867124993606489758e-01 6.527616011328027628e-05 9.984980844741405681e-01 5.300000000000000000e+02 2.101370891771818350e+00
3.249276291778007697e-01 1.089649253086089481e-01 7.496647632192859900e-01 8.267262193380763013e-02 0.000000000000000000e+00 9.999898784590085521e-01 0.000000000000000000e+00 3.351889195740942462e-01 0.000000000000000000e+00 8.644323351330239769e-01 0.000000000000000000e+00 0.000000000000000000e+00 0.000000000000000000e+00 1.801122930787146248e-01 0.000000000000000000e+00 3.157680895566323254e-01 1.000000000000000000e+00 1.000000000000000000e+00 3.643444962170370172e-01 6.740639841915124775e-02 0.000000000000000000e+00 1.365961909136596472e-02 6.361687176829791124e-01 0.000000000000000000e+00 5.488381103670744027e-02 0.000000000000000000e+00 9.891226095351713862e-03 1.815032208978293038e-01 1.000000000000000000e+00 0.000000000000000000e+00 0.000000000000000000e+00 1.000000000000000000e+00 2.800000000000000000e+02 3.633360011761004760e+00
1.000000000000000000e+00 9.204289204042960248e-01 8.269818143140216238e-01 6.181404245796158492e-02 2.414694964576375152e-03 0.000000000000000000e+00 9.999756373703407863e-01 1.245306683328646774e-01 7.986247976360401346e-02 6.977601140920651013e-05 9.250018345515281792e-01 9.904368574324374785e-01 7.358236280053505052e-01 8.603325997734677655e-01 9.962945890327600251e-01 6.324924195561358875e-01 8.160479599712119336e-01 7.547055287361047471e-01 0.000000000000000000e+00 6.521829366003074613e-01 2.499603885890323840e-01 2.075725262250392167e-01 3.911733163488257947e-01 5.492082005142202329e-03 4.082462363311615272e-01 2.513833663216951675e-01 6.473535808652759460e-01 2.951271092503925941e-01 5.480011075639414087e-02 3.179576737227980399e-01 4.804871475785465473e-01 9.548242761388092692e-01 4.580000000000000000e+02 2.208444577997381142e+00
1.000000000000000000e+00 1.000000000000000000e+00 1.000000000000000000e+00 0.000000000000000000e+00 1.000000000000000000e+00 8.125692388870040528e-01 3.408040778785023650e-03 3.288965283640326032e-01 2.828977106005763908e-01 1.000000000000000000e+00 9.798138790955038813e-01 1.000000000000000000e+00 9.893014501362263902e-01 4.194607355355486822e-09 1.000000000000000000e+00 1.000000000000000000e+00 9.329215341772614245e-01 0.000000000000000000e+00 0.000000000000000000e+00 1.000000000000000000e+00 8.313352955670231248e-01 4.505867534382463901e-01 0.000000000000000000e+00 2.922122058446165530e-02 7.389599473138914743e-01 6.934454178572962979e-01 5.862733056785297547e-01 3.509433169950393894e-01 1.466309479717712791e-02 1.000000000000000000e+00 1.000000000000000000e+00 0.000000000000000000e+00 5.900000000000000000e+02 2.199571482340494821e+00
9.006178549296789404e-01 7.810639949359603484e-01 7.261263841515801509e-01 4.580734747972405735e-02 6.236561268772990857e-02 9.820434946261206166e-01 4.772417647688840248e-01 2.068809689658631656e-01 5.812825562319701156e-02 7.904898254810839298e-01 7.922797786580597634e-01 2.687206790425666902e-01 1.113595368123131701e-01 1.920895151747964089e-02 8.833771379921804279e-01 9.224303676272413988e-01 8.451069275433797934e-01 7.281162264419736019e-01 2.626221255179484459e-01 7.574887612938997483e-01 8.750676874656245774e-01 4.371289681285548401e-01 8.860441035506638145e-05 8.971557847071848224e-01 1.208594051875015729e-01 0.000000000000000000e+00 6.797451312288516068e-01 2.353106199060707171e-01 3.642071904182468400e-01 3.312308499808028772e-01 2.854880279508533736e-01 9.780010267701373383e-01 4.280000000000000000e+02 2.381948153177896987e+00
9.994946841875840260e-01 1.000000000000000000e+00 8.408020552683531657e-01 9.695424555519546184e-01 0.000000000000000000e+00 0.000000000000000000e+00 7.273358796252897551e-03 7.963267666168981629e-01 3.042693586566269093e-01 1.000000000000000000e+00 0.000000000000000000e+00 4.836366496315855912e-01 1.000000000000000000e+00 1.000000000000000000e+00 1.000000000000000000e+00 9.032422528430912312e-01 1.000000000000000000e+00 0.000000000000000000e+00 6.990491494515114201e-01 3.726082268326452729e-01 4.837777367165162490e-01 5.717033083446008135e-01 6.528398527020831121e-01 0.000000000000000000e+00 5.447916554923457610e-01 1.000000000000000000e+00 8.140073587327669724e-01 2.722012418087059113e-02 5.454624809184461798e-01 1.077138137066038365e-01 2.804310701111061011e-02 6.520536226216776532e-01 5.140000000000000000e+02 2.161948877970377492e+00
1.414930701565611793e-01 1.182426696075132011e-01 3.385385263207009165e-01 9.710493073517369178e-02 1.680160363270342405e-01 8.787477152476272368e-02 1.063732693920579064e-01 0.000000000000000000e+00 9.402494635790702160e-02 5.751756171958921637e-01 1.267184618496012272e-01 0.000000000000000000e+00 4.119127022271416583e-01 2.278957285870917837e-01 0.000000000000000000e+00 1.000000000000000000e+00 7.188292340287402160e-01 6.390725872183778966e-01 0.000000000000000000e+00 6.313699461965407433e-01 1.259952696838120278e-01 2.730362638708733192e-01 3.936481338911668182e-02 0.000000000000000000e+00 0.000000000000000000e+00 2.121566187475286969e-01 7.800443094153828305e-01 8.014256535114616664e-02 0.000000000000000000e+00 7.437047569761014165e-02 6.313450404157643081e-02 9.631325801442945922e-01 2.000000000000000000e+02 3.548866318596733738e+00
9.303911402592255353e-01 5.939876491956139759e-01 6.285535092659094714e-01 1.502827852598486169e-01 7.397980597955372550e-02 4.970479854989953150e-01 3.110818373932793812e-01 7.354640806196763858e-01 1.170935701393944206e-01 3.578060190552312947e-01 8.909625649135721748e-01 1.000000000000000000e+00 9.998014263607382102e-01 3.344149141668312231e-01 1.000000000000000000e+00 4.581200371188189902e-01 2.947460127379605277e-01 7.649883833566258895e-01 1.000000000000000000e+00 1.000000000000000000e+00 1.000000000000000000e+00 1.977745930743961267e-01 8.891498946808519266e-01 5.961763461644883355e-01 7.970247925135046652e-01 1.019472201066278227e-01 4.166924905987813843e-01 3.552056354613474243e-01 8.695520422710727448e-01 6.469327679667112863e-01 4.013208502966230107e-01 6.733512447042021565e-01 4.940000000000000000e+02 2.119699616865677871e+00
5.839435720971954957e-01 9.972812744554322428e-01 9.910273568000876887e-01 1.331912074339825502e-01 7.095021438121563717e-01 1.329943148412952164e-02 6.123599189973583101e-01 6.401063245908366062e-01 1.000000000000000000e+00 8.489880719565211509e-01 5.790367433525474006e-01 1.000000000000000000e+00 9.586802998802023135e-01 4.775106812496094505e-02 1.000000000000000000e+00 9.413583169715565857e-01 7.171029820345697914e-01 1.112469106547309544e-01 7.277514912888861653e-01 9.161627541277593822e-01 8.465183694304396766e-01 2.054372228703777725e-01 7.750764728763983591e-01 3.507046338131779573e-01 1.000000000000000000e+00 5.092348238561801299e-01 1.789892554562898808e-01 5.684348131005788618e-01 9.597507535255975775e-01 8.734179160760570104e-01 0.000000000000000000e+00 5.948964157758833693e-01 5.720000000000000000e+02 1.990268586811266394e+00
1.000000000000000000e+00 7.960177485668927799e-01 4.853878938484204042e-01 5.038889789908941319e-01 1.313210572143026222e-01 5.087990149543664131e-01 8.429526705569283518e-01 2.419850725881823872e-01 9.989923363246669963e-01 7.881253219659660747e-01 4.052501875224305272e-01 7.380341208060112734e-01 5.536181835308791044e-01 1.000000000000000000e+00 1.000000000000000000e+00 1.000000000000000000e+00 1.000000000000000000e+00 1.000000000000000000e+00 7.873780750367046499e-01 4.304437306345531011e-01 9.991097144145337783e-01 3.669394213790104775e-01 2.776116965015008042e-01 2.357958308852935447e-01 6.075116930716689678e-01 9.033166180435486803e-01 2.964200181657801192e-01 1.978683447927254493e-02 2.870121027359522903e-01 9.775580662015488365e-01 3.281768228280136923e-01 7.963383264050716281e-01 5.280000000000000000e+02 1.882147004869249018e+00
9.999827736332531636e-01 9.999939713342691494e-01 9.974371051345216621e-01 5.993947784624293479e-02 3.055078918575426239e-01 3.435419345993357965e-01 7.871380114181504295e-01 1.783670597647794009e-01 4.857960196754350091e-01 7.333842192071328148e-01 5.859853511234903722e-01 8.516719022312499998e-01 9.048184132798916535e-01 9.999964960675238324e-01 1.000000000000000000e+00 9.905458517469455382e-01 9.999093282185551601e-01 9.999395586529465918e-01 9.979024670474071490e-01 1.000000000000000000e+00 2.964364310810487790e-01 4.701942469758358389e-01 9.964229072434250822e-01 5.326707206969268082e-03 0.000000000000000000e+00 1.064403608051991035e-04 8.237330678906976678e-01 7.109852378813205087e-01 5.302923819179065079e-01 9.727737260435199707e-01 7.652004364333436781e-01 9.647535089772533157e-01 6.300000000000000000e+02 1.728374926249186316e+00
6.773191927931855316e-01 8.850778375917945917e-01 3.823881579026508493e-01 9.902359429132513713e-02 5.434879337850333503e-01 8.210631649242754182e-02 7.067605635008281650e-01 1.577543990643219540e-01 7.756665467573056194e-01 6.969461970220974800e-01 3.694090905707372308e-01 8.115823798723916793e-01 3.891793562768813275e-01 3.333514755484431324e-01 9.006376089686576325e-01 2.977022224210610912e-01 5.860245846061138408e-01 1.139860612409006602e-01 6.820752338621939304e-01 4.393387675253124236e-01 1.925953588759314605e-01 2.584742780689404662e-01 3.224736274432320193e-02 1.178282262747580994e-01 7.419784631296892918e-01 2.929807522402443354e-01 6.381983929349457907e-02 1.446601526036159213e-01 1.261260862454179899e-01 8.116538607365633151e-01 1.671292449854955842e-01 3.529138455858433776e-01 3.020000000000000000e+02 2.825672894432431193e+00
6.623335790433448889e-01 1.000000000000000000e+00 3.446365745003447389e-01 6.353712333100386411e-01 2.197571077444671062e-01 6.801353226010807551e-02 7.728446370341256477e-01 1.249928703123159152e-01 9.999977461696060166e-01 5.745126204535310199e-01 8.421795178467936793e-01 1.000000000000000000e+00 1.000000000000000000e+00 9.456643741462540387e-01 1.000000000000000000e+00 1.000000000000000000e+00 6.345862937507852353e-01 6.547263199870843042e-01 1.000000000000000000e+00 1.000000000000000000e+00 1.000000000000000000e+00 1.000000000000000000e+00 3.877606701638978137e-01 2.112961402471987826e-01 1.000000000000000000e+00 4.932807276355303250e-01 7.140027766304989365e-01 7.832690468956579055e-01 1.000000000000000000e+00 9.992455718206625370e-01 3.839749101957068704e-04 9.034975492755898951e-01 6.620000000000000000e+02 1.522030830383300781e+00
9.275023232416738095e-01 1.000000000000000000e+00 6.439399713370007605e-01 0.000000000000000000e+00 5.670421143707246037e-01 4.044213515283717753e-01 0.000000000000000000e+00 1.425070003993196555e-01 1.000000000000000000e+00 1.637179252000641738e-01 1.000000000000000000e+00 1.000000000000000000e+00 1.000000000000000000e+00 4.068589288618167377e-01 9.246374848916704137e-01 5.985969879388279846e-01 6.491655701693905822e-01 9.006414232486329441e-01 1.000000000000000000e+00 9.999224149340982803e-01 1.000000000000000000e+00 1.000000000000000000e+00 7.699858109913120252e-01 0.000000000000000000e+00 5.724589413094294948e-02 3.721035936011300449e-01 1.711747465254148115e-01 1.000000000000000000e+00 2.781618924367330048e-01 1.000000000000000000e+00 4.497264888539144190e-01 1.000000000000000000e+00 5.900000000000000000e+02 1.902722844890519793e+00
1.000000000000000000e+00 9.267578836767768058e-01 8.207516372259923143e-01 3.836857966086900662e-01 1.000000000000000000e+00 6.069646791629623728e-01 5.373233708181313073e-01 1.728445066964554239e-03 5.426493104322674954e-01 3.567056429726127020e-01 9.498110875711518464e-01 1.000000000000000000e+00 7.808150620377076745e-01 9.332582755813061404e-01 8.516754907221221194e-01 6.625640557204676151e-02 9.872217731548741382e-01 1.187274767996143315e-01 9.700582203721243024e-01 9.890441449145800368e-01 9.055361432273189015e-01 1.000000000000000000e+00 7.883219792388537206e-01 1.851243041072248019e-02 1.000000000000000000e+00 4.516837486807342428e-01 5.283223049703293928e-01 7.572932711085279545e-01 2.386207158006196927e-01 6.218084119193008075e-01 1.072136753127527209e-01 1.595536373203486069e-01 5.840000000000000000e+02 2.005434643780743542e+00
1.000000000000000000e+00 1.000000000000000000e+00 3.397472238721907511e-02 9.168412016543115994e-01 5.781291343930702320e-01 2.643079469918708790e-01 9.701170273222903262e-01 0.000000000000000000e+00 3.866864725653361146e-01 6.027671404223594598e-01 6.020206411936540603e-01 1.000000000000000000e+00 1.000000000000000000e+00 9.899130730674613465e-01 5.503177125413352133e-01 7.925492270885668988e-01 8.977963884272956996e-01 9.523210796630404706e-01 2.697474303258432515e-01 1.000000000000000000e+00 3.579872190294725032e-01 1.000000000000000000e+00 3.050095322554315369e-01 0.000000000000000000e+00 8.915391105372491021e-01 1.548044110514613068e-02 3.831744877104822367e-01 4.903232385492116152e-01 8.340261700300727332e-01 1.000000000000000000e+00 2.086911889408285814e-01 8.422337364414421712e-01 5.880000000000000000e+02 1.838761127696318054e+00
8.987078723128325564e-01 7.713534415409166733e-01 3.313794201211183732e-01 0.000000000000000000e+00 1.496103490296169514e-01 2.940783713573537942e-07 1.848149147414467064e-01 3.371068815478576730e-01 6.076320092527396355e-01 9.386572933026631205e-01 8.689076565246591777e-01 1.000000000000000000e+00 7.656459921679559244e-01 6.748753099154586321e-01 1.000000000000000000e+00 7.655814050721612141e-01 5.476165528037482133e-01 5.688855909264310950e-01 8.226896381231757482e-01 3.754120743253748782e-01 5.235781060009626620e-01 4.894413821108392071e-01 6.890253581766743185e-01 1.711778706912451820e-01 1.164625798265727930e-01 0.000000000000000000e+00 4.350064601320781099e-01 8.833625175880250799e-03 1.548303290064259041e-01 6.712486209907030377e-01 0.000000000000000000e+00 7.460457119177317242e-01 3.920000000000000000e+02 2.350043839674729629e+00
9.330692672000460153e-01 9.990833875374656170e-01 3.132022782979616005e-01 0.000000000000000000e+00 1.141542782908657079e-02 0.000000000000000000e+00 7.152641854488563933e-01 0.000000000000000000e+00 1.000000000000000000e+00 6.010482019714683544e-01 0.000000000000000000e+00 9.983709950838174363e-01 1.000000000000000000e+00 1.000000000000000000e+00 9.995556186173174540e-01 3.665316940042032678e-01 7.582116112402835506e-02 4.222394587789880804e-02 9.838293589181772436e-01 1.022683038613227263e-01 0.000000000000000000e+00 1.883555650641451085e-01 9.607249588796130668e-01 3.268651400229768943e-07 4.719765829863430406e-01 2.577983816207392796e-10 2.583741753562744381e-01 0.000000000000000000e+00 6.960824172671125076e-01 9.707904509284208672e-01 0.000000000000000000e+00 1.000000000000000000e+00 4.480000000000000000e+02 2.555551762051052389e+00
6.576396185960976526e-01 1.000000000000000000e+00 9.458293368206784069e-02 2.160914673696462396e-01 0.000000000000000000e+00 1.818237647502900928e-02 9.579733867877100462e-01 2.023876265043605613e-02 1.000000000000000000e+00 2.956971750160241053e-01 9.475741679364670933e-01 1.000000000000000000e+00 8.339926331078928445e-01 0.000000000000000000e+00 8.949129783519265136e-01 1.000000000000000000e+00 8.846068388932670779e-01 9.775773533271618909e-01 1.000000000000000000e+00 7.430399017988236210e-01 7.192732433087827282e-01 1.000000000000000000e+00 1.543399254263142228e-01 1.645562085783243769e-02 6.299001049118860829e-01 3.545547187317564242e-01 2.736563078879947208e-01 1.596260742102534047e-01 8.381475239865598947e-01 5.470281217254918671e-01 0.000000000000000000e+00 9.984804247230038010e-01 5.540000000000000000e+02 2.007094990765607267e+00
9.999249106950496291e-01 9.612457499693004559e-01 2.389554314930908974e-01 5.627385094845555047e-01 3.903500990131978971e-04 0.000000000000000000e+00 4.966108108895503914e-01 5.155988439796170830e-01 8.034802783402061888e-01 7.750561639223161325e-01 1.000000000000000000e+00 1.000000000000000000e+00 8.474297551565681541e-01 8.083302131811664903e-01 9.992715251230047668e-01 8.769261765019126242e-01 5.830286926183683160e-01 1.514223684554232398e-03 9.997919713260570163e-01 1.190717303644509839e-01 2.724281372177315697e-01 4.457241396169670522e-01 2.143409403533480806e-01 1.000000000000000000e+00 8.522717033370592610e-01 4.751355552331583132e-01 9.992013073728395200e-01 2.781972434283753737e-01 2.566512730984862878e-01 6.315607415560665627e-01 8.440788925661553144e-01 1.000000000000000000e+00 5.880000000000000000e+02 1.826476635652429792e+00
1.000000000000000000e+00 9.038216151873645909e-01 1.000000000000000000e+00 1.924212370259051619e-01 2.506247743293297248e-01 8.628809649632279699e-03 3.822994091084019330e-01 7.142918117988970861e-02 1.000000000000000000e+00 1.000000000000000000e+00 9.169049304257169686e-01 9.999999480179824207e-01 7.148042485494506826e-01 9.982548830611860380e-01 6.754222288825767473e-01 1.000000000000000000e+00 1.000000000000000000e+00 6.569680651133580351e-01 9.917903647506347564e-01 9.917451474478571338e-01 5.187325553465174099e-01 1.000000000000000000e+00 1.000000000000000000e+00 2.383281309846972673e-01 9.950929559429110283e-01 0.000000000000000000e+00 9.879078709339943476e-01 1.988800040401265401e-01 5.569196288720166255e-01 9.997649131481878282e-01 2.056193482879003272e-03 9.999765057845204641e-01 6.640000000000000000e+02 1.611076037089030022e+00
8.864873488173155014e-01 1.000000000000000000e+00 4.567309782392924402e-04 1.604980526536755464e-02 7.017948649812095763e-01 2.214011001181803162e-01 1.062242929300971639e-01 1.343907977272975618e-01 9.300386486764794514e-01 7.403326065934545674e-01 1.758064011064367979e-02 7.906574552158105451e-01 8.154500337573108437e-01 0.000000000000000000e+00 8.236959353363106917e-01 9.838360614786677560e-01 6.724074432450352079e-01 1.102810423056030278e-04 7.090204589387553158e-01 1.000000000000000000e+00 7.460475730596254351e-01 4.672549799050021990e-01 2.161609289334031070e-01 4.175594598398720686e-02 9.399757022836828790e-01 3.033017389176991332e-02 3.649343516649375951e-01 4.451519616318833777e-02 2.175305592739927019e-01 9.074730856243862220e-01 0.000000000000000000e+00 5.006261642845215576e-01 4.380000000000000000e+02 2.338984376105709639e+00
3.044337918685670052e-01 7.645658649906961202e-01 7.557475125422883355e-01 2.706561844170771725e-01 8.659657424601159212e-03 1.830665148347186688e-01 2.321203934179083828e-01 8.740986215127172221e-02 1.448772216126361922e-01 6.087836770426965360e-01 7.533617614831650267e-01 3.808089258808027289e-01 9.198174083921462074e-01 1.841725636797592325e-01 1.000000000000000000e+00 5.972067249043928883e-03 7.510786973023684254e-01 4.473634730326913611e-01 7.672634301888553443e-01 6.954384344259192385e-01 4.196668913070538687e-01 4.800734858925795878e-01 2.678355738079604264e-03 5.493236257544811818e-02 4.686697023152759933e-01 1.432779822600554337e-02 2.352792571056621096e-01 6.541007873414710072e-02 1.106795037104509882e-01 7.760226971407009344e-01 4.552377378279839348e-01 4.114399209953166769e-01 2.820000000000000000e+02 2.820255330403645733e+00
5.837186439491183210e-01 9.864434038740643729e-01 6.608759646628133977e-01 2.277191085280541316e-01 1.806545340209188624e-02 2.343383464036111197e-01 5.785904440590475817e-01 9.953865238409367322e-01 1.947100482550522815e-01 1.000000000000000000e+00 5.754103135563848337e-01 9.990561239242424785e-01 1.000000000000000000e+00 9.688519305114009494e-01 9.506164156780478880e-01 9.949337448398994921e-01 5.961860179752191957e-01 9.855050991899014790e-01 8.464567759398877733e-01 3.013362397260775927e-01 1.063631279544915015e-01 3.974791179521860451e-01 1.673575602412750996e-01 5.691444429306105057e-01 7.389998769336926510e-02 1.746458561142004984e-01 6.477513940502080403e-02 0.000000000000000000e+00 1.882233133390138757e-01 0.000000000000000000e+00 1.706929143283308081e-01 9.999050293520428401e-01 4.460000000000000000e+02 2.545901195586673715e+00
9.089251444890286136e-01 1.656509220997717758e-03 6.521333749183672035e-01 1.212392121268191930e-01 3.965583537043702034e-01 1.099520649008450118e-01 3.284849456335059426e-01 1.411378790849138198e-01 5.385658778897068899e-01 7.603206382306484379e-01 5.437561943652443608e-01 9.808956904359209528e-01 2.156351006697355133e-01 6.601412413204338359e-01 3.741942585268735466e-01 6.529063455780305114e-01 9.154048700667614114e-01 4.241147217798673652e-01 3.795504751357094975e-01 5.376534582889958003e-01 1.949001422239610981e-01 5.226314212226452760e-01 5.222174460714513744e-01 1.049517154885967474e-01 3.279911479695448162e-01 4.307150250776187184e-01 3.207391088992952305e-02 1.243875198036893254e-01 8.758779276055610463e-01 1.403853200221962805e-01 4.628022003856063216e-01 0.000000000000000000e+00 3.000000000000000000e+02 2.975075658162435133e+00
9.384426792218741875e-01 1.000000000000000000e+00 4.831881136508102137e-01 1.325171527926126142e-09 1.331292769021255595e-01 4.090528052726772890e-01 7.415196239202002104e-01 6.353848864701813204e-01 8.723553882448153995e-01 3.584277249574162050e-01 9.730070667396937267e-01 1.000000000000000000e+00 8.772031773380009056e-01 3.699742597925657628e-01 9.645341520722704454e-01 8.621928345144661554e-01 9.791058586375775974e-01 3.951164446192229618e-01 9.959292128993024740e-01 9.134793546674593312e-01 3.194806414757891955e-01 9.063269840416352530e-01 4.991820458198782395e-01 5.311507790158308540e-01 9.874111775398629609e-01 0.000000000000000000e+00 7.119524164143953282e-01 1.261889237116144702e-01 4.788057265432983933e-01 9.999912879861670989e-01 7.590982477838892351e-01 6.161739749551903289e-02 5.780000000000000000e+02 1.895347736499927604e+00
4.363933879680399475e-01 8.288601424926296257e-01 5.250808648315579141e-01 4.820708799972582281e-01 2.692486274397908330e-01 4.201311709371992054e-01 8.379123083732820110e-01 1.061045848733755126e-01 0.000000000000000000e+00 1.522887805746546974e-01 6.367465137393900632e-01 3.805697915651341128e-04 1.086305835888479038e-01 3.600616125529246259e-01 9.957841391824882038e-01 5.873831263757827331e-05 3.698742788438122986e-01 5.779367340400637897e-03 2.419097669371117476e-01 5.077154489013189359e-02 1.299459877385554518e-01 2.709303177005256136e-01 6.404125957901524533e-07 0.000000000000000000e+00 9.432278051908285499e-03 3.179879052387956095e-01 1.805971381890975891e-01 3.052805369514599056e-03 5.742530739546622964e-01 9.390501603620649007e-01 1.418097387610049442e-01 6.983480302681048524e-02 2.400000000000000000e+02 3.451890091668991634e+00
4.919241771325536840e-03 7.243369927606112535e-01 9.624962650254769159e-01 1.267477744051170863e-01 6.709902011682435108e-02 7.348913811365009874e-01 0.000000000000000000e+00 6.348368232189922911e-02 6.751946791334149101e-01 8.744072577899273391e-01 8.380443585239134574e-01 6.668137054639714512e-01 7.163013834673221947e-01 8.565272090252934456e-01 9.895557862055890386e-01 2.371358803198319876e-01 6.366944768467648341e-01 1.000000000000000000e+00 4.086544923325021728e-01 8.943157014739580024e-01 1.134719935701408722e-01 6.302313878669876246e-01 0.000000000000000000e+00 5.107906970818097969e-01 2.115229824962514271e-01 4.196563157325128302e-02 1.000000000000000000e+00 0.000000000000000000e+00 3.335530070590358304e-02 9.741106982750445953e-01 2.551158867985880430e-01 9.694987065411500016e-01 4.800000000000000000e+02 2.327984983270818820e+00
9.323340973597331605e-01 4.304149293170945190e-01 9.148837078238042375e-01 8.003724120834655453e-01 9.957005692370466399e-01 3.646521825194005695e-01 6.789092298709307194e-01 4.035517788355223734e-04 2.614562897103733796e-01 6.058533572501586528e-01 9.815759866535457290e-01 1.000000000000000000e+00 9.853830140038157825e-01 8.363901285125829865e-01 9.953218680763561421e-01 7.865569277788958535e-01 3.749245105752963547e-01 8.598943253655229046e-01 8.858223455754345999e-01 9.053323130220130022e-01 1.000000000000000000e+00 9.766187878599420502e-01 1.683848041493721526e-01 3.865162273231720902e-01 1.000000000000000000e+00 2.563488425958764731e-04 5.611181887596279338e-01 2.682667020007092340e-01 7.037220510215566049e-01 8.763364346372745084e-01 1.000000000000000000e+00 9.992501800185669136e-01 6.820000000000000000e+02 1.768193190438406726e+00
1.000000000000000000e+00 3.651988707132249878e-01 9.997760520790224259e-01 7.147510187395810233e-01 0.000000000000000000e+00 1.117071457734755274e-01 1.398198003326831020e-07 3.678644223615245568e-01 4.337467462612635410e-02 8.275212537623019005e-01 1.000000000000000000e+00 1.000000000000000000e+00 1.000000000000000000e+00 8.976953007703673826e-03 9.927315638111471330e-01 7.262057451186739732e-01 6.333254897704552189e-01 4.732417779901184618e-01 2.647367639949149698e-01 1.000000000000000000e+00 8.284759381002604339e-01 8.950981732853089401e-01 1.875109977372597658e-01 4.291112437086207487e-01 4.232957750697782240e-01 9.265456326495600248e-01 8.008950662466521875e-01 1.797702280278892784e-01 6.925930646198118490e-01 1.000000000000000000e+00 5.507912814739585050e-01 6.413789962577458592e-01 5.540000000000000000e+02 2.090374903093304315e+00
8.896419147613235934e-01 5.645636846124651997e-01 9.999999884346022494e-01 7.332729118706210469e-01 6.654934476598879656e-02 8.303212703800792738e-02 9.612380812586552858e-01 5.302399375110004032e-01 2.807250743347814437e-01 2.551168592422380435e-02 7.645342654324318588e-01 9.922397519752983452e-01 6.416459443357726000e-01 8.207283506734087686e-01 1.000000000000000000e+00 8.618828265218001494e-01 4.386042714405695153e-01 7.203418261234325604e-01 4.447279278409563275e-01 8.199084964264111708e-01 8.168077404840156097e-01 8.755299483378233827e-01 3.232096056705056619e-01 1.458602952738480285e-01 9.703564226651382185e-01 3.564477024837796239e-03 7.726939435103556963e-01 9.966544673091844997e-01 4.047393550888472857e-01 6.483604413778920605e-02 2.380668843824721437e-01 9.510004576105575147e-01 5.600000000000000000e+02 1.986339177583393178e+00
9.790730431061357431e-01 4.241592259321153024e-02 8.133399652409730729e-01 1.273216498924760812e-02 4.322402617452981988e-02 6.812002040802769831e-02 3.463604934460927376e-02 1.097327740095525167e-03 2.033531069690580617e-02 1.845382253104070891e-01 9.452907291720356042e-01 9.727900669061103622e-01 8.747632108711934640e-01 6.328316740109701799e-02 8.315335722080513525e-01 4.831495377949741044e-01 9.741129636591393526e-01 1.656851691518045344e-01 9.924926470533745881e-02 5.538395037411608657e-01 2.827842518409190084e-02 6.541231513826262223e-02 3.351247580919022862e-01 5.224735967036567841e-01 9.725532167722518440e-02 1.962392406855872906e-02 3.384366742171560638e-01 8.088591286235905509e-01 5.870681076351407235e-01 8.804384096741973975e-01 7.635174559891828583e-01 1.121438789443147954e-01 3.760000000000000000e+02 3.106411488850911784e+00
8.419564259283001117e-01 8.534642621450425626e-01 9.999935523339394949e-01 3.208139300700102448e-01 2.457063886329158980e-02 0.000000000000000000e+00 2.797579963990290408e-01 0.000000000000000000e+00 1.042713086970326053e-01 0.000000000000000000e+00 0.000000000000000000e+00 6.097261825923652734e-02 0.000000000000000000e+00 1.163944895362957043e-03 9.997918874995318506e-01 7.287086161658922201e-01 3.807645021932372642e-01 1.687455983147184355e-02 1.013298315879492401e-01 6.663999024246312075e-01 2.334719054583540010e-01 7.661498774153235880e-02 7.691231616000559351e-03 0.000000000000000000e+00 2.758837234784917714e-01 6.063721145113688121e-02 2.192526717079813781e-01 0.000000000000000000e+00 8.279214402708964249e-01 9.637966252105503173e-01 8.062885818952746364e-01 9.883067713554573031e-01 3.440000000000000000e+02 3.036729325188531003e+00
1.000000000000000000e+00 1.000000000000000000e+00 7.874908812216220300e-01 3.475869495247852492e-01 0.000000000000000000e+00 9.999999897441212982e-01 3.292986444589658449e-09 0.000000000000000000e+00 7.134729685607394956e-01 0.000000000000000000e+00 0.000000000000000000e+00 0.000000000000000000e+00 7.985932570849801904e-01 1.000000000000000000e+00 0.000000000000000000e+00 9.359448056978161290e-01 4.501753777175911408e-01 1.798401548782378110e-05 5.986321064068490100e-02 0.000000000000000000e+00 0.000000000000000000e+00 0.000000000000000000e+00 2.870724529420450311e-01 0.000000000000000000e+00 0.000000000000000000e+00 0.000000000000000000e+00 2.831202340214285518e-01 0.000000000000000000e+00 3.186787532095914921e-01 0.000000000000000000e+00 1.000000000000000000e+00 9.999999978383757870e-01 3.300000000000000000e+02 3.165818829854329497e+00
8.929720210036122818e-01 1.000000000000000000e+00 8.568637180479294901e-01 5.606583744536968172e-01 3.842722825046426816e-01 6.373693185843794240e-02 9.520347092272184453e-01 4.158638376449580454e-01 2.064026179503334890e-01 2.238994571574498271e-01 9.001118003445253146e-01 9.108913328252845609e-01 9.633234336455551716e-01 7.552789845220804210e-01 9.568784226418002303e-01 7.667939381675989985e-01 7.949749321361326837e-01 4.016338011981365197e-01 9.908662765603091227e-01 5.690523161924508910e-01 9.902402002013415139e-01 4.555067229230165271e-01 2.076115866965723422e-01 6.350929586161732088e-01 9.713911889846591485e-01 9.222936430223949156e-01 9.658106635225105485e-01 1.351815162065098663e-01 3.657647829423762431e-01 9.176936665206672505e-02 4.521583248370762975e-01 1.000000000000000000e+00 5.860000000000000000e+02 1.755578224747268878e+00
3.008180937454642545e-01 4.874618067043794412e-01 7.075984645485868807e-01 5.728233210480658810e-01 0.000000000000000000e+00 0.000000000000000000e+00 5.206158594692812391e-01 0.000000000000000000e+00 1.000000000000000000e+00 4.053773320422464077e-01 1.000000000000000000e+00 1.850459229192390753e-01 2.279011897986002835e-04 6.774445340267178928e-01 5.372685634337897032e-01 9.999829576583738611e-01 9.703919085937303679e-01 4.788019642459503955e-02 1.137484246587486258e-01 7.135701507266766219e-01 1.000000000000000000e+00 8.987020907180702789e-01 4.044130479490030500e-05 1.545366111882947868e-01 8.271055334665569081e-01 2.186176209301336423e-04 4.665891776539433655e-01 0.000000000000000000e+00 0.000000000000000000e+00 6.046852990197479905e-01 5.226948076845683300e-01 9.041074022697470625e-01 4.040000000000000000e+02 2.672636349995931138e+00
7.362187741757733050e-01 9.992245707114491005e-01 6.480284475607804850e-01 1.941961652179196862e-01 9.041008528573496461e-01 3.358008918130134246e-01 1.863090244058950851e-01 1.466306042163170384e-02 7.795016309479867178e-02 9.009437042378508620e-01 9.049904068444544203e-01 1.000000000000000000e+00 6.954752422667990208e-01 9.622533985960203262e-01 9.737280417895106677e-01 4.932752788330395655e-01 6.197561111454307214e-01 1.000000000000000000e+00 2.321060525006862774e-01 6.930029135876575319e-01 9.895564338626159362e-01 8.896695206520832677e-01 1.623615687361589233e-01 4.661709186559176432e-01 9.948337364062560528e-01 8.291404203773994341e-01 9.564752711687541931e-01 8.540397466065524634e-02 7.513281481901006309e-01 8.755138466578293865e-01 1.687115000321802449e-01 9.739423038571023428e-01 6.140000000000000000e+02 1.803095069586062138e+00
1.765005890862325066e-01 3.362537661555846658e-01 2.960932283846583191e-02 3.818094291799623268e-03 0.000000000000000000e+00 0.000000000000000000e+00 6.923113086001055939e-03 5.836992066441538257e-02 1.795812486910809413e-01 5.928168611397640619e-01 1.000000000000000000e+00 9.193249341705182071e-03 6.745623145713736113e-01 7.689914259078000081e-01 1.000000000000000000e+00 5.997789355624721930e-01 3.942649438910060811e-01 1.380583645591226816e-01 8.124973266354040824e-01 0.000000000000000000e+00 9.990339903399230170e-01 7.003554204914532733e-01 5.003053510143978203e-04 0.000000000000000000e+00 7.216158280967535990e-03 0.000000000000000000e+00 1.000000000000000000e+00 0.000000000000000000e+00 0.000000000000000000e+00 1.000000000000000000e+00 0.000000000000000000e+00 9.138386310440237414e-01 3.320000000000000000e+02 3.087037264506022449e+00
8.724991877131109685e-01 5.634165388891797521e-01 9.706738818741152963e-01 9.194578835244530124e-01 5.091422629228259389e-01 8.733368569284585825e-02 6.224120660016665418e-01 5.550762700828755156e-03 9.999999987676577717e-01 9.357740809376856594e-01 4.753424682211510044e-01 9.357687176658530115e-01 9.757486467343434722e-01 3.582417551042841319e-01 9.897803159987274002e-01 5.655274017823395116e-01 6.208609273499566816e-01 8.754728870832577670e-01 9.759341629950043506e-01 2.118046296692696617e-01 8.174358544214190836e-01 4.975173367703637772e-02 7.856164004799764955e-01 0.000000000000000000e+00 8.614535384895580794e-01 6.758087782480581840e-01 5.008390912696401159e-02 7.582556528439490867e-10 5.562961957495192733e-01 8.039610010770827930e-01 4.816030444718487069e-01 9.682605325107788152e-01 5.800000000000000000e+02 2.055860950328685988e+00
9.856040083592183532e-01 9.068944998431673898e-01 9.815656660793157240e-01 7.240659908160012037e-01 6.341414686107313958e-01 6.455297088649725179e-02 8.797229369554759870e-01 2.442627103566673008e-01 4.809720644289738889e-02 5.759463411522776077e-01 9.138205469007742998e-01 9.794967180342554203e-01 7.442010268255928596e-01 8.243168029665250973e-01 8.634897735563142884e-01 8.806212410629524756e-01 2.744289736079041364e-01 8.414099859085771849e-01 4.916977488981314481e-01 8.591098677411451723e-01 4.050655940773594810e-01 6.831200087774466079e-01 7.392822207970620729e-01 4.309214875675332346e-02 8.526584928665492669e-01 3.417209512505679503e-01 9.246952670216780357e-01 1.151021404207295262e-01 6.198942764306911712e-01 5.747315234539793760e-01 5.115876676488311237e-01 6.994434831888028947e-01 5.880000000000000000e+02 1.734420602363452524e+00
8.561209426438123327e-01 1.000000000000000000e+00 1.000000000000000000e+00 9.396932667925251836e-01 7.556921714014636082e-02 0.000000000000000000e+00 2.007841533469305884e-01 7.660419388758631376e-01 7.529431000270876417e-01 0.000000000000000000e+00 9.482562651591877056e-01 1.000000000000000000e+00 1.000000000000000000e+00 1.000000000000000000e+00 9.988021817813556025e-01 1.000000000000000000e+00 8.131761271160558024e-01 7.301274599800893217e-01 9.986163363074276322e-01 2.945874531032014465e-01 1.000000000000000000e+00 6.305477248812980662e-01 9.007705786310221674e-01 5.117612337902897046e-01 2.565465998607729253e-02 7.082214375129051165e-01 0.000000000000000000e+00 4.222383797783836323e-01 6.974566339122775238e-01 1.000000000000000000e+00 0.000000000000000000e+00 1.000000000000000000e+00 6.440000000000000000e+02 1.737836265563964977e+00
1.000000000000000000e+00 1.000000000000000000e+00 9.690539354864500243e-01 2.297045625206022290e-01 4.554862960352681345e-01 1.031424525074361824e-02 9.480834394770528695e-01 6.712946676901557774e-01 7.399415139008784503e-02 8.893153897086933934e-01 7.999920814365583110e-01 8.963599003986552072e-01 9.174864126747043214e-01 0.000000000000000000e+00 2.858972258492100682e-01 7.872592189862486212e-01 9.837453897847708850e-01 9.971154185032778949e-01 4.947440589579678999e-02 2.508787278534221343e-01 7.412372034350647176e-01 7.956719013054321110e-02 7.327866650869666598e-01 6.671886111663812013e-02 8.362391723925426401e-01 1.225361254291885971e-01 3.533365856736230270e-01 0.000000000000000000e+00 7.480904597721659277e-01 9.843232447441511157e-01 7.637829199005407022e-01 1.772252843017464996e-01 5.060000000000000000e+02 2.349721957009936357e+00
7.811310644912163870e-01 9.956681744036582904e-01 1.000000000000000000e+00 9.004978148704559926e-01 4.819789768760939785e-01 6.535738487244682204e-01 7.465619997012523656e-01 6.548992995361649916e-01 3.576055917731221794e-05 1.000000000000000000e+00 9.984575506291291092e-01 9.643164305050342389e-01 2.000158477030747339e-01 1.000000000000000000e+00 1.000000000000000000e+00 1.000000000000000000e+00 9.462805589576599452e-01 1.000000000000000000e+00 9.131411637275725912e-01 9.834707454494006074e-01 1.000000000000000000e+00 2.935021178766285543e-01 3.731333222556085238e-01 4.429537749978594563e-02 1.000000000000000000e+00 1.517052023488520140e-01 9.757859172346219356e-01 1.739778099850913529e-01 2.263836933386593198e-01 8.880707137457896083e-01 9.918435102857319219e-01 9.387055059016965464e-01 7.040000000000000000e+02 1.680514120444273507e+00
6.949766198248646942e-01 7.262734824192522698e-01 1.546422147882937914e-01 2.388653639724550581e-01 3.874772272464450662e-01 9.048533758112764502e-03 4.297330904748735136e-01 4.178633664709780621e-02 4.427310562143748629e-01 7.322688313184579911e-01 7.013814035255534485e-01 9.254550937752985540e-01 3.759765780670347723e-01 8.884330800845801068e-01 9.309073275803474434e-01 2.923654598481050804e-01 6.942573035914098578e-02 9.999999717045189307e-01 5.283983222888875009e-01 5.910049013397131873e-02 1.000000000000000000e+00 4.374772308946398014e-01 4.872755610626480771e-01 1.052635267657851953e-01 0.000000000000000000e+00 1.105839434665915194e-01 3.600694536290964809e-01 0.000000000000000000e+00 7.355855641278403745e-01 8.522161597840557379e-01 4.705744550177445862e-02 9.437522391539733269e-01 3.840000000000000000e+02 2.543132591247558416e+00
9.999431761032321342e-01 8.806811312530299363e-01 4.417204583568826726e-01 5.916582367178194746e-01 7.516477476623059650e-02 0.000000000000000000e+00 1.000000000000000000e+00 4.110123400158450235e-01 0.000000000000000000e+00 2.218568496866240580e-01 9.729635642830505304e-01 1.000000000000000000e+00 7.903954930165854043e-01 8.790196736322183346e-01 1.000000000000000000e+00 7.681112896099606679e-01 9.726544126221741138e-01 1.396963488389253161e-01 7.530415118447274514e-01 9.998287187489726113e-01 9.999977902603794933e-01 8.492084858080303222e-01 5.854560094598967313e-01 3.504449363412046603e-01 3.825386349084118343e-01 8.635611609808812039e-01 1.000000000000000000e+00 2.332851911051559701e-01 9.287992387600252364e-01 6.477986416402251590e-01 4.581729691605639920e-01 9.999688930533003894e-01 6.080000000000000000e+02 1.714031200782925479e+00
5.539052117027563060e-01 9.932503265845348261e-01 9.578132184039794828e-01 9.674107633176420862e-02 6.337547157762635219e-02 2.593056208127998419e-01 3.977837235830198881e-01 1.506949270915176331e-01 1.579402418554516629e-01 9.072809578966767319e-01 1.000000000000000000e+00 8.008176620300656579e-01 7.020745839050213100e-01 7.100814695908945762e-01 9.941578770191995540e-01 0.000000000000000000e+00 7.107352033481639797e-01 1.859878938895858647e-01 9.864414848753230158e-01 9.447341718932701360e-01 9.834043938801942941e-01 7.820164227069295333e-04 5.260862564193162783e-01 4.223069191667245814e-01 9.706506779696602027e-01 0.000000000000000000e+00 7.569213005625359258e-01 1.162604096064235627e-02 8.178712460927828332e-02 2.493065311783507487e-01 4.025064448412610796e-01 9.987394302453611594e-01 4.800000000000000000e+02 2.304126633538140734e+00
7.926971313717797729e-01 1.000000000000000000e+00 1.000000000000000000e+00 0.000000000000000000e+00 2.046637473549348385e-01 1.212348486605864875e-02 1.097999332525127214e-01 2.771309795335515358e-01 1.000000000000000000e+00 9.113165549199671034e-01 2.249374481767379697e-01 1.000000000000000000e+00 8.620364650135943219e-01 8.416846062298862785e-01 8.970882156276455133e-01 2.066475522593061442e-01 1.000000000000000000e+00 9.679780859491526890e-01 9.997420199629544202e-01 9.004080904420969089e-01 7.739182778768703974e-01 2.094620248840697030e-01 8.227914938129752068e-03 6.747927867875727070e-01 9.904719476112464616e-01 6.116218063716487574e-01 9.992551467394583664e-01 4.052207457996406248e-01 5.180756710928452469e-01 9.295233502883590848e-01 1.514260092133718621e-02 8.662200258105742234e-01 6.220000000000000000e+02 1.755141639709472789e+00
1.000000000000000000e+00 3.982753152752419035e-02 1.000000000000000000e+00 0.000000000000000000e+00 0.000000000000000000e+00 0.000000000000000000e+00 0.000000000000000000e+00 0.000000000000000000e+00 1.424621798771170678e-01 0.000000000000000000e+00 0.000000000000000000e+00 0.000000000000000000e+00 1.000000000000000000e+00 8.651841628299619114e-01 3.793891203782638333e-01 8.998862913183638401e-01 1.000000000000000000e+00 0.000000000000000000e+00 6.044919926520072456e-02 0.000000000000000000e+00 0.000000000000000000e+00 1.606059612007798287e-01 0.000000000000000000e+00 0.000000000000000000e+00 1.655985213329204010e-09 0.000000000000000000e+00 0.000000000000000000e+00 0.000000000000000000e+00 0.000000000000000000e+00 3.870196796452841648e-01 8.959745916254392428e-01 0.000000000000000000e+00 2.780000000000000000e+02 3.728529724121093292e+00
8.213184370930157741e-01 4.519152480422751195e-01 1.107157566788900122e-01 4.579255969454283925e-01 1.472624760509405328e-01 1.902969784434471387e-03 9.068939517881030588e-01 2.616062968111161902e-01 2.767190165689260573e-01 2.568449197078313539e-01 3.435877927943696286e-01 1.000000000000000000e+00 9.777824309382135981e-01 8.056420140199715973e-01 9.906291744512670805e-01 9.121520351538606186e-02 2.089727774456458798e-01 0.000000000000000000e+00 0.000000000000000000e+00 2.722539872064856370e-01 0.000000000000000000e+00 1.369712343778416164e-01 6.668745435722348014e-02 0.000000000000000000e+00 0.000000000000000000e+00 8.980437791376416623e-02 8.600362694080517789e-01 9.199571093855338569e-03 7.234389892590472604e-01 1.011031049734740193e-02 8.079287423313862015e-02 7.608106056518110227e-01 3.260000000000000000e+02 3.069762924194336051e+00
9.088637995450921103e-01 9.511022008454566024e-01 4.516966108670706914e-01 5.650625706009927418e-01 6.917817203783109825e-01 3.456181697313092105e-01 1.000000000000000000e+00 1.196571580139355398e-02 2.085237888180792587e-01 3.386801520259745402e-02 3.519140741786651039e-01 8.468384692597897834e-01 8.098934249750738834e-01 9.482962989385107511e-01 9.962653829013736750e-01 9.747009161544527567e-01 9.634122810368950240e-01 9.066963298826123951e-01 6.152637192360134177e-01 6.509071465336482287e-01 9.999386798422357225e-01 1.680746253965578474e-01 7.130040076525103743e-01 2.479931051567177414e-01 6.206740550802536394e-01 4.355583750668644560e-01 6.753075074359335961e-01 2.909505062845608170e-01 5.065095036563463937e-01 4.906716970383390719e-01 8.156336011953697618e-01 8.549196362724285070e-01 5.780000000000000000e+02 1.754208015977290813e+00
9.864635377578003794e-01 9.422067938750882110e-01 8.191332415887245810e-01 3.016574809533390522e-01 9.999899557232522218e-01 0.000000000000000000e+00 4.016966348583574375e-01 1.208548094955271685e-02 6.555660798259774769e-01 9.819581037254986322e-01 7.040481768047828215e-01 1.000000000000000000e+00 8.145572760828748704e-01 1.000000000000000000e+00 9.895139540405722967e-01 7.969524245470728241e-01 9.848913010014689329e-01 9.999990077485617634e-01 9.440294582166390835e-01 9.970345593543050722e-01 2.220790807244264753e-02 5.183181540075713079e-01 7.620103716724565546e-01 3.706616959269476985e-01 1.085549305628996999e-02 1.443507490102697022e-01 2.037244188851695670e-01 7.805104460354028717e-02 4.445955566530405689e-01 6.038816940483905382e-01 9.860146407047453224e-03 6.286467409742338974e-01 5.620000000000000000e+02 1.972204964621025347e+00
4.103127077164528402e-01 3.942773103373160915e-07 3.057200634479477208e-01 7.810065437827323764e-01 6.452368941571394456e-02 0.000000000000000000e+00 9.927743794988411752e-01 0.000000000000000000e+00 0.000000000000000000e+00 0.000000000000000000e+00 0.000000000000000000e+00 4.920882699014970107e-01 3.917330047284265510e-02 1.000000000000000000e+00 8.921581256843972296e-01 9.583033585774641816e-01 0.000000000000000000e+00 8.513513938462907715e-02 0.000000000000000000e+00 2.624344055478908602e-03 0.000000000000000000e+00 0.000000000000000000e+00 9.055439584153753829e-01 0.000000000000000000e+00 8.065457739891855604e-02 1.000000000000000000e+00 8.280409375447269325e-05 2.428504026038690727e-02 7.389909257838468415e-01 9.967565168944955700e-02 1.206498398920704124e-01 8.346274782208611409e-01 3.160000000000000000e+02 3.427320452372233373e+00
9.970594050705644529e-01 1.000000000000000000e+00 1.000000000000000000e+00 1.000000000000000000e+00 6.638065004853469508e-01 6.726557997861792870e-01 1.000000000000000000e+00 9.362147991228610624e-06 0.000000000000000000e+00 3.101492279147403108e-01 6.462088360817314081e-01 1.000000000000000000e+00 1.000000000000000000e+00 6.815419576617367525e-01 9.988242466418244536e-01 1.000000000000000000e+00 9.592340642905335946e-01 1.000000000000000000e+00 1.553450261633916307e-01 1.000000000000000000e+00 9.990152084370300667e-01 3.079084308084207300e-01 1.000000000000000000e+00 8.631177763015186466e-01 1.000000000000000000e+00 8.545569134058922178e-06 8.968290091225018523e-01 2.470902940209809551e-01 9.867861410343530260e-01 5.977189201669170782e-01 9.994924223131765872e-01 5.406480098786692334e-01 7.080000000000000000e+02 1.645173693925906511e+00
7.870782063368951809e-01 9.068649354077679137e-01 7.432632811380638360e-01 9.123706529797664944e-02 5.422994037626915897e-01 1.627362399326493514e-01 6.534099295460376045e-01 1.542982049602191208e-01 3.929474826667357368e-01 8.219311614218566264e-01 5.945683128720439248e-01 8.341158682826189663e-01 8.236622447596374519e-01 3.111120138921046885e-01 5.224509348528473263e-01 8.185006116178973334e-01 2.834704158349237585e-02 7.520031666056494757e-01 7.717619405644724484e-01 7.678593558061487245e-01 9.002063497625674149e-01 7.999476779253635872e-01 6.659625181761145152e-01 2.697635305510017595e-02 6.748345085711131563e-01 1.029541763182418856e-01 6.357967038756400235e-01 2.148312713946260721e-01 4.412147039309640695e-01 7.049971009410939127e-01 8.145252266312165423e-02 7.862454111912041688e-01 4.420000000000000000e+02 2.087727747208032891e+00
1.182246288032238329e-01 8.815603674430997350e-01 5.681691156736539544e-02 4.628644014912334376e-02 1.422653305555776626e-02 5.900400188664401031e-04 8.952597886880273026e-02 0.000000000000000000e+00 2.772370869858321903e-07 7.071293772820625989e-01 4.103414921419190065e-01 4.993147375872395988e-01 6.360195057897164439e-01 6.480795759925620514e-01 2.932540942477129126e-02 4.175079843971769554e-07 1.496744214008425243e-02 0.000000000000000000e+00 4.991352004013087651e-01 3.371223422460553065e-01 5.705153390911154032e-01 1.253595710387530870e-01 3.228115153480506372e-01 2.753407776954656105e-01 9.342358763777582897e-01 3.800291687004589197e-04 6.827949615922481730e-01 0.000000000000000000e+00 1.393801326919527073e-01 5.893835161069838069e-01 3.644148185966253894e-01 7.337858016266164407e-01 2.320000000000000000e+02 3.096607140435112537e+00
1.000000000000000000e+00 9.771011860235709889e-01 9.140243411591117972e-01 1.348529340796714437e-01 4.598982978363778673e-01 6.140519616843252981e-01 2.436967017151647243e-03 1.370137478978398398e-03 0.000000000000000000e+00 3.543971029087010782e-01 1.000000000000000000e+00 8.662236434624153159e-01 1.000000000000000000e+00 5.087912235447490487e-03 7.586248905414360033e-01 0.000000000000000000e+00 1.900353032353100380e-01 1.000000000000000000e+00 1.000000000000000000e+00 1.915720365298288208e-01 1.000000000000000000e+00 0.000000000000000000e+00 4.634520014253349363e-01 7.310785643890309604e-01 6.875627866993426762e-01 1.076600979162231804e-03 4.793144325521921933e-01 2.493721094475499778e-02 0.000000000000000000e+00 8.733070731980946411e-01 1.000000000000000000e+00 9.287826771745928411e-01 5.000000000000000000e+02 2.384020729064941335e+00
9.844621031138466316e-01 9.978536249401060987e-01 1.603256860054918728e-02 2.100343143610977625e-01 0.000000000000000000e+00 0.000000000000000000e+00 2.151383991752164881e-02 7.455788131033307283e-05 6.496443270831773198e-01 1.000000000000000000e+00 8.989187363328067226e-01 9.637967765558423938e-01 7.620598081586287265e-01 4.070854944095585182e-02 9.164291927103133117e-01 3.546621580756587067e-01 4.017513893421814641e-01 9.519245117412095114e-01 2.356491309021489094e-02 5.469116719104628599e-01 9.440206229941082716e-01 2.764952265821324362e-01 4.740222430252392094e-01 2.544548740299003020e-01 8.289714243978995034e-01 3.384448283944799241e-01 1.914569900774716338e-01 2.451900432395120181e-06 2.043875204095810805e-01 9.346008352458687884e-01 7.814087504476282531e-01 8.893452638490463302e-01 4.660000000000000000e+02 2.203226352873302485e+00
8.994756312470333359e-01 8.401813895098043661e-01 1.037934979736629265e-01 1.658545422122504609e-01 2.680300120385039619e-01 3.125137438551648383e-01 0.000000000000000000e+00 0.000000000000000000e+00 7.021606929012104426e-02 3.233059220326678362e-01 8.406373018794719432e-01 9.902576313169102473e-01 1.518936743983899662e-01 8.655831367919776254e-01 1.950117760997227279e-01 1.105556640367067051e-01 0.000000000000000000e+00 4.101304073106501469e-01 5.033031311563365140e-01 2.333332498669230537e-01 5.908841066205239301e-01 3.531403364030734071e-01 8.881767842391589257e-04 0.000000000000000000e+00 1.000000000000000000e+00 4.811539607137449784e-03 9.646223387867782773e-01 0.000000000000000000e+00 4.506704674296201085e-02 9.353088172893317953e-01 2.155253845733241524e-01 4.077187293369698429e-01 3.400000000000000000e+02 2.812325922648112098e+00
9.534997386426469212e-01 9.146732522048485192e-01 9.230534469772542217e-01 7.114784417641643044e-01 3.083842935137395824e-01 4.610142882840642664e-01 9.481976208709853582e-01 1.212748397322435390e-01 4.276364842341272010e-01 8.529612590080623002e-01 9.443017098090413786e-01 9.101418519473567503e-01 9.579091678288612632e-01 8.083066935336170600e-01 1.000000000000000000e+00 6.561733408581250648e-01 4.150804677011992183e-01 4.917652629407013865e-01 7.126845448510965575e-01 9.994209331044208167e-01 9.687342903133272509e-01 5.116047956071175795e-01 7.302069251482298240e-01 1.758097739592058284e-01 5.752416895929136631e-01 3.692570095391939367e-01 8.841601186120051636e-01 1.684145789382415492e-01 1.000000000000000000e+00 6.629564123793068031e-01 2.827516269171468921e-01 9.041037752832664642e-01 6.260000000000000000e+02 1.638620245690439070e+00
2.051136495298686458e-03 1.000000000000000000e+00 6.736006662707882953e-01 2.251546621349977483e-06 9.545629039521573711e-01 3.377997932319786178e-01 1.566265713980634910e-01 1.564296578219814826e-02 3.734131956567283139e-01 1.483061023707114845e-01 9.548549856755701448e-01 8.023686073183308176e-01 4.838381047500950882e-01 9.854304329488835501e-01 9.955452220312120959e-01 9.812914165874643269e-01 7.093479501361583950e-02 3.206217216968384465e-01 3.878011744345788991e-01 1.000000000000000000e+00 9.788180967498716356e-01 3.734644584162760128e-01 9.720585090551410179e-01 4.876424934873579975e-01 8.112882774289251753e-01 4.041286199819260627e-01 3.161197030028789490e-01 1.482162380030249416e-01 1.193073205390428743e-01 4.010191395126588149e-02 3.520004361287026318e-01 7.572881209447104300e-01 4.540000000000000000e+02 2.428079647488063930e+00
2.248682014559887261e-03 9.999337301099781028e-01 7.216947322140245813e-01 0.000000000000000000e+00 9.999752236038041975e-01 0.000000000000000000e+00 6.531443093682968559e-04 0.000000000000000000e+00 1.183829255596050567e-01 6.285698013443026533e-02 9.950336785795250716e-01 0.000000000000000000e+00 4.190412926333374477e-01 9.961211475708952046e-01 6.214861431840181805e-01 8.941149214290099456e-01 5.224818788609250086e-01 0.000000000000000000e+00 9.998401346761457420e-01 5.087191743602249572e-01 1.935481444681276808e-01 0.000000000000000000e+00 9.614055452348613251e-01 0.000000000000000000e+00 0.000000000000000000e+00 0.000000000000000000e+00 9.708603601395869864e-01 0.000000000000000000e+00 0.000000000000000000e+00 9.050395088105335217e-01 0.000000000000000000e+00 9.538881979580667858e-01 4.100000000000000000e+02 2.851593971252441406e+00
5.781752934323893811e-01 9.913588076340769106e-01 9.491923797680961172e-01 1.099193551034629707e-01 3.144186430812364041e-01 7.899351856683431983e-01 3.787505137407474742e-01 3.823483896676555527e-01 8.437315566815395407e-01 4.909616089412073281e-01 9.258445562883831359e-01 1.000000000000000000e+00 3.234706456514551132e-01 6.372286884446972666e-01 9.853440734935955403e-01 5.050190631638428185e-01 2.776956193120693750e-01 8.850273632956263681e-01 4.767642250088188205e-01 8.458362648867211453e-01 8.933418532155686931e-01 9.643112177460365642e-01 9.634242052893726704e-01 5.691985971786569370e-02 3.267131278432725550e-01 9.035570234350955854e-01 7.737952674421880728e-01 0.000000000000000000e+00 6.154079344181693223e-01 4.195292872392127892e-01 8.008867890800349665e-01 8.772654332950768907e-01 5.820000000000000000e+02 1.862003983391655737e+00
2.060843632006684190e-01 9.999960708361870232e-01 6.200514268601140522e-01 1.000000000000000000e+00 6.668832181018957694e-01 6.620914649087869530e-02 1.000000000000000000e+00 2.723719214403607647e-01 3.161099794574189770e-01 2.014158410402278054e-01 1.000000000000000000e+00 9.960165331187612603e-01 9.967678020459241894e-01 1.000000000000000000e+00 9.549657909979355486e-01 7.219920429743024171e-01 3.612108875412576303e-01 9.998087876546665198e-01 9.960551524982169669e-01 1.000000000000000000e+00 4.646713738711376607e-01 7.024906091544820264e-01 9.997680815605212157e-01 2.849828053411842735e-05 1.000000000000000000e+00 1.148169521333376047e-01 8.969067400317491945e-01 0.000000000000000000e+00 2.528037323752452270e-01 4.575425745846120607e-01 6.343485503512910073e-01 1.000000000000000000e+00 6.080000000000000000e+02 1.860341662986605860e+00
3.818750388815311259e-01 1.000000000000000000e+00 2.337731857240420152e-01 6.516343170979779775e-02 9.862742231699778150e-01 4.475574911914449450e-01 4.008920664410565715e-01 4.114121020491352809e-02 2.704944027959548802e-01 7.929320413535304590e-01 9.854160197605476013e-01 8.420333728157284314e-01 4.259676709242482540e-01 2.844825178179056224e-01 7.238932150804171517e-01 9.560970023479085089e-01 7.639094953184948356e-01 8.434121587384165730e-01 1.000000000000000000e+00 1.000000000000000000e+00 7.113404285118126724e-01 4.404456754593912837e-01 9.998577445031996414e-01 3.748954583018855868e-01 4.136224773901273633e-01 5.492342918156468690e-01 9.571715470612930377e-01 8.351131883132784095e-02 9.806766620805580370e-01 1.030053113198471509e-01 2.183842612788068627e-01 6.676499109471444315e-01 5.120000000000000000e+02 2.011257668147011124e+00
8.429939428529566181e-02 8.764710535896809152e-01 9.924577016502194038e-01 0.000000000000000000e+00 2.074399644596906234e-01 6.977919130563658978e-01 2.151587295928009125e-01 2.004901545918013478e-02 8.534370648476287402e-02 8.915251777984027903e-01 1.000000000000000000e+00 9.439085426067115314e-01 4.049537105334465314e-01 1.000000000000000000e+00 2.343429180830243312e-03 6.703500015781468369e-01 2.146394395063861427e-01 2.377735111793375516e-02 1.000000000000000000e+00 3.675674242246083079e-01 9.963494136521918731e-01 3.982266552926455594e-02 7.973441432418062469e-01 7.476751113999349253e-03 1.000000000000000000e+00 5.564972182033104398e-01 0.000000000000000000e+00 0.000000000000000000e+00 9.292286502376764790e-02 9.477390993405788722e-01 4.342731509625775022e-04 8.333858392657178558e-07 4.260000000000000000e+02 2.813906455762458680e+00
1.000000000000000000e+00 9.367674702608229653e-01 5.437337850362748970e-01 4.400889322283377258e-01 3.178830382286744194e-01 6.397291695480353257e-02 9.998887608417164063e-01 9.061786876787182587e-02 1.936174682938665396e-03 3.597632890807207079e-02 1.000000000000000000e+00 9.984201812850745927e-01 1.000000000000000000e+00 4.158794515344326204e-01 1.000000000000000000e+00 1.000000000000000000e+00 7.744429833847500388e-01 7.698430475571441667e-01 1.000000000000000000e+00 1.000000000000000000e+00 8.456570260516005355e-01 4.893453370567620309e-01 1.000000000000000000e+00 7.327785507250708652e-02 7.578320041423469711e-01 3.923789134902140319e-01 7.298569624648197918e-01 1.590401737734124521e-01 1.453533320356731329e-01 7.029116640996349030e-01 5.119047431055764319e-01 9.308306627488240892e-01 5.580000000000000000e+02 1.845953205175566936e+00
5.622277974390037514e-01 9.307816631985728062e-01 5.793152129475055423e-01 3.363321193694370215e-01 4.401160651455336414e-01 4.345505872969148559e-02 3.821311271257690767e-01 7.543825504777423299e-04 6.287316736682301357e-03 2.928743879673595396e-01 6.023829459230718442e-01 9.622066503526592873e-01 8.586149974320296252e-01 2.804430022269590594e-01 5.575959930774692097e-01 6.942618969596434653e-01 5.943487711127373174e-01 9.936014408342419557e-01 1.486535544429264388e-01 8.300673630054655749e-01 4.155131296394502516e-01 1.010323033331820761e-02 9.922372819998693805e-01 0.000000000000000000e+00 1.091954886214400039e-01 6.451504936944219525e-03 5.771340623930695246e-01 1.653061036483532142e-01 4.508531866261081822e-01 5.865060646510796838e-01 5.402494121247909155e-03 4.225683361954242767e-01 3.400000000000000000e+02 2.644204936883388424e+00
1.000000000000000000e+00 9.999149235444757533e-01 6.942697614597898026e-01 2.749314403482319503e-08 0.000000000000000000e+00 1.598784462755353417e-04 3.716490332833639054e-01 1.607455847429153581e-02 1.163528161111902916e-04 3.650313560397598633e-02 3.438118368901594835e-01 9.999760468659688595e-01 9.130278627794361501e-01 5.769541701939172595e-01 9.823494530245452383e-01 1.813301359929833378e-01 0.000000000000000000e+00 7.248907211012688423e-01 8.584902202017395956e-01 1.000000000000000000e+00 1.000000000000000000e+00 5.307900082039873624e-01 6.057685640500549695e-01 5.682177383639602786e-02 8.986400353223308324e-01 3.079726649123591953e-01 4.734234200621283417e-01 1.570949545568621276e-07 3.721316443874675851e-04 1.000000000000000000e+00 1.745627484017397146e-01 1.949238125749104544e-01 4.300000000000000000e+02 2.487315888838334654e+00
1.000000000000000000e+00 8.647211148101989764e-01 4.885245174579428418e-01 3.486583988406674606e-01 6.138056482440963357e-01 7.134133912596951621e-02 8.308261173984420322e-01 1.431194230214293539e-01 5.032237229955632829e-01 7.907659111842765265e-01 7.959348944494325506e-01 1.000000000000000000e+00 1.000000000000000000e+00 6.149266057176201450e-01 1.000000000000000000e+00 8.785978346610838763e-01 9.517567311863155410e-01 6.422240471944076212e-01 6.716499978295282780e-01 9.944668841792094760e-01 9.088080708307473277e-01 7.013609046264310809e-01 7.640035202431055827e-01 5.181208784433859460e-01 9.556215086507126033e-01 2.219506071092613164e-01 4.848597175536872306e-01 2.857893859807537074e-01 1.635036480026355599e-01 6.821465729570861392e-01 5.031213245211467733e-01 8.342793603045013384e-01 5.860000000000000000e+02 1.577376314798990764e+00
1.000000000000000000e+00 9.999868925726914659e-01 8.598366016608335882e-02 3.917271065694816201e-01 6.208620372110587038e-01 7.681918564689155238e-02 9.999355680978662120e-01 9.004743301549679446e-02 9.401240764455211230e-02 9.755894259019995962e-01 1.000000000000000000e+00 8.009935091801935192e-01 9.828559894915046558e-01 4.152461347113752255e-01 5.733421220809363783e-01 8.007610149228526764e-01 1.952199020850654554e-01 9.276198589645900938e-01 9.999885276421333069e-01 2.854264261413665404e-01 1.000000000000000000e+00 9.900542643017280486e-01 5.084197762758458916e-01 4.163008821321473873e-01 8.245031750772074952e-01 9.839782013989967213e-01 1.000000000000000000e+00 6.031187118096526374e-05 2.041363341844066037e-01 7.142663211578822446e-01 3.492646638944639781e-01 8.678329465941905241e-01 6.040000000000000000e+02 1.792291196187337121e+00
1.000000000000000000e+00 1.000000000000000000e+00 4.579768628354091153e-01 9.914130241550498379e-01 2.090824708427089507e-01 4.198112462449041238e-02 1.000000000000000000e+00 0.000000000000000000e+00 0.000000000000000000e+00 3.825560168238988784e-02 1.000000000000000000e+00 9.205111173878643971e-01 1.000000000000000000e+00 1.775160575770284854e-01 9.888197412368523453e-01 3.366988006247584875e-01 1.000000000000000000e+00 6.095207300347280643e-01 8.400182923383489042e-01 8.751428637280974643e-01 1.000000000000000000e+00 2.197548093705275207e-01 6.992695653287867019e-01 8.015514981863678390e-01 9.689413429188475924e-01 0.000000000000000000e+00 9.478116298315358845e-01 6.539662749821782972e-01 2.374255247166476637e-02 1.000000000000000000e+00 7.179777321019708003e-01 1.000000000000000000e+00 6.420000000000000000e+02 1.811470298767089870e+00
9.919685726794987835e-01 9.512490757143187148e-01 4.142536968442076528e-01 7.653554012104407667e-02 6.548312162324361994e-03 1.000000000000000000e+00 3.860826812131027286e-03 1.478226340127027638e-01 1.644980933280116575e-01 6.950854356823331637e-01 1.000000000000000000e+00 1.000000000000000000e+00 7.776837326872483303e-01 9.473272586371304094e-01 9.748146769487665564e-01 9.997405968369318385e-01 2.993603469321096111e-01 9.999841213658328121e-01 8.704041421010272339e-01 2.420842348182216663e-01 3.021244976740559141e-01 2.744904839224332482e-01 3.122211924225555268e-01 7.450111940128617549e-01 1.000000000000000000e+00 1.039610706466122247e-01 1.000000000000000000e+00 1.483120833932622951e-01 5.932061309048260178e-02 9.714028163114138970e-01 6.551906621614471682e-01 1.000000000000000000e+00 5.560000000000000000e+02 2.009976231610333119e+00
9.536250717481420391e-01 1.000000000000000000e+00 8.196708603077003108e-01 2.812030507945620372e-01 1.736180812218143799e-01 6.096727798449621538e-01 9.953245148891745053e-01 6.273900997470625851e-02 1.526758649784090878e-02 9.873458989392781548e-01 8.126891684079284861e-01 9.748732075528329100e-01 1.000000000000000000e+00 1.577501090450076845e-02 9.980537131353063307e-01 7.666586023836640118e-01 2.890637177020556892e-01 9.998666472343880063e-01 5.322274304379722709e-01 9.917262836737460452e-01 9.722563938725792276e-01 1.000000000000000000e+00 9.818359200150825750e-01 4.566487859769090552e-01 6.695121974933252451e-01 2.369139473572414063e-03 2.074751369425563430e-01 5.562970969531379900e-02 1.112101571488096075e-01 9.999929558058904266e-01 4.314803387566969184e-02 9.836707570086175023e-01 6.040000000000000000e+02 1.892108599344889397e+00
8.957077086505492725e-01 9.833460642990263789e-01 4.205169768942941548e-07 4.453879429145018998e-02 5.264809481966729043e-01 7.455862960096109049e-01 9.834439164661591404e-01 3.673652732259597986e-01 9.416894665266228870e-02 8.293344098855386093e-02 9.680529637493114903e-01 6.585954163188558752e-01 9.957585859433709663e-01 3.449921621019838569e-01 9.126497776645343674e-01 9.588112827410286698e-01 2.201526146217405167e-01 9.896251515726167680e-01 9.955975309709502730e-01 9.705445312652800638e-01 8.966962588601321560e-01 9.181510721105738959e-01 3.255486555652332137e-01 6.424996523200375564e-02 9.584388327728086132e-01 6.153135665575150404e-02 9.165895491856480559e-01 0.000000000000000000e+00 5.742027709861438067e-01 7.588920451463037065e-01 5.272609699890595802e-01 8.515064741920087554e-01 5.820000000000000000e+02 1.866830837025361900e+00
7.547377833103541267e-01 3.371256034215653341e-01 8.002509226792854369e-01 2.131997943629754187e-05 5.520081857254977020e-01 7.374415471356553509e-01 6.051138469446447621e-01 9.078328001735276945e-03 4.649861387836842219e-01 8.668404977904499153e-01 6.192405996925318679e-01 9.660328420158857954e-01 9.999999999693818253e-01 6.727638668461344285e-01 9.399416205232324906e-01 6.436314558609601555e-01 1.474622641669801060e-01 4.854117165274136059e-01 6.241352444822555467e-01 5.090409754302718248e-01 9.184162214366041743e-01 4.717301154818207692e-02 6.565360130498560931e-01 1.848873462192082576e-04 6.273938852759910478e-01 7.378900794835216610e-03 3.798335218707757366e-01 2.733552807724799472e-01 8.639436956582861038e-01 1.000000000000000000e+00 7.207110138846205549e-01 7.170125873796442395e-01 4.880000000000000000e+02 2.261497031317816653e+00
9.999966181852307789e-01 1.000000000000000000e+00 7.468067493543818491e-01 1.716549963714195659e-01 7.466248390641938570e-01 4.361554483070592680e-01 9.813816259109769957e-01 3.460692364941899690e-01 2.632413670722900112e-01 1.544507943065988233e-03 9.787319296730314644e-01 3.391919294082428316e-01 1.000000000000000000e+00 4.013231336372308777e-01 6.666349035773814213e-01 9.985485451275332158e-01 9.999998589194925014e-01 6.047297094490596825e-01 0.000000000000000000e+00 1.000000000000000000e+00 1.000000000000000000e+00 0.000000000000000000e+00 9.978121159943919016e-01 6.310286482738797220e-01 2.183743250528569768e-01 3.391737277877929779e-01 4.398186269034558560e-01 6.287151439470083092e-03 4.882907040423326711e-03 1.000000000000000000e+00 1.000000000000000000e+00 3.393914268794486766e-01 5.240000000000000000e+02 2.144029261271159115e+00
0.000000000000000000e+00 9.646801952124286483e-01 4.660262215102995986e-01 5.501831397907596122e-01 0.000000000000000000e+00 0.000000000000000000e+00 1.000000000000000000e+00 0.000000000000000000e+00 6.731033208570164073e-01 1.000000000000000000e+00 4.420054860501022587e-01 5.723313424458841281e-01 9.572649388386160751e-01 6.740122184750085843e-01 9.840257237301616167e-01 8.248010449113034603e-01 8.937022315748877066e-02 2.899923825971012503e-01 9.758508221561029705e-01 8.978088071064823650e-01 9.867294714949234047e-01 0.000000000000000000e+00 2.056359089076622571e-01 3.500110946841293313e-01 7.653943668154268298e-01 3.086788755727646327e-01 3.754564990987758755e-01 3.557241703927024878e-01 5.591817291526187672e-01 1.000000000000000000e+00 2.711209590398473701e-02 6.260203525989065376e-01 4.620000000000000000e+02 2.258089689774946951e+00
9.095436098252305257e-01 1.000000000000000000e+00 6.532659103809047574e-01 0.000000000000000000e+00 2.180774381691389374e-01 4.222554423492001496e-01 1.329727308929472274e-01 1.734166243764142037e-02 6.113370647294922300e-01 9.452183356125000158e-01 1.000000000000000000e+00 9.986915111461567296e-01 2.668657256045292581e-01 6.836818972349784085e-02 0.000000000000000000e+00 1.000000000000000000e+00 6.377404437250941971e-01 2.964182809621273562e-01 1.000000000000000000e+00 9.999920582011952996e-01 4.974828942280252186e-01 1.205416011816088234e-01 8.490907361002576481e-01 6.457046918364129917e-01 9.999989444690497997e-01 2.176925662484422211e-04 0.000000000000000000e+00 4.679115812082261457e-05 2.804765433876890007e-02 9.997010980549071446e-01 1.190570301797033599e-05 8.721338039527855024e-01 4.980000000000000000e+02 2.342909431457519176e+00
7.689362975790982047e-01 9.121905239865205628e-01 6.045889230154283256e-01 1.647567969038449265e-01 1.708974805551552456e-01 7.502427380159715220e-01 9.386101084993506705e-01 4.132106230775598604e-02 5.698715096095622323e-01 7.699163264259472131e-03 9.961825184752438611e-01 9.752266147819208530e-01 3.197777690657321870e-01 3.782344670180399770e-01 5.074482821246777409e-01 4.047171334466212467e-01 1.929101100416629466e-01 6.874904104248312775e-01 6.374706399243116328e-01 1.000000000000000000e+00 9.348370720283823987e-01 7.722021564724995679e-01 6.802873244664604524e-01 9.037714323300087838e-01 9.439054296638721420e-01 5.660523916311015480e-01 1.706962675759593207e-01 9.831225437221448038e-01 9.310768643314734083e-01 9.580975893977650149e-01 9.875193823213223032e-01 8.870256277945945955e-01 5.800000000000000000e+02 1.946364509850217805e+00
9.904836912863127507e-01 9.837119780474579134e-01 6.124118791820843954e-01 1.111325386593941950e-01 6.230530007904869771e-01 2.162855974934468350e-01 9.842331582115849686e-01 2.376486891483064468e-01 8.194436879832383003e-01 7.033093386946943637e-01 7.643975969546901172e-01 9.631926647933969354e-01 9.913135432414711401e-01 9.669893390564621161e-01 7.002154223665868482e-01 9.580854564810076246e-01 4.253211106423709226e-02 7.315421853574799460e-01 5.262573970779999000e-01 6.240523110370984616e-01 6.056197262148870220e-01 4.660093421547690795e-01 8.985173060745481610e-01 6.377939173343397661e-01 9.853361711261149347e-01 5.534350787201867961e-02 1.655376922275381460e-05 4.262463692427602702e-01 8.439087817914804612e-02 6.772892354131428982e-01 3.318576100433349163e-01 9.843761295054899163e-01 5.580000000000000000e+02 1.812543532961891080e+00
5.800040833341909563e-01 5.015415920831716168e-01 4.516571093485229754e-02 1.000000000000000000e+00 0.000000000000000000e+00 1.000000000000000000e+00 7.937524471608080334e-02 0.000000000000000000e+00 0.000000000000000000e+00 5.044888209111388772e-03 1.000000000000000000e+00 9.162539286109947501e-01 4.483790956514448894e-02 3.207918988022942508e-02 7.472309465102601189e-01 1.278101645124368468e-01 0.000000000000000000e+00 2.194426298695704210e-03 0.000000000000000000e+00 1.000000000000000000e+00 3.252398911567843526e-02 4.756772369585690607e-01 3.801162265833399889e-01 0.000000000000000000e+00 3.751243517964513163e-01 0.000000000000000000e+00 2.981964925277774681e-01 0.000000000000000000e+00 5.998111708322991786e-01 4.186282191822230381e-01 7.899523640950608661e-01 8.290792271041007577e-01 3.080000000000000000e+02 3.173610095488719196e+00
9.136438369465316178e-01 1.000000000000000000e+00 8.894872813470667827e-01 3.525505053293241930e-01 4.994732052835385017e-01 5.520560888784278308e-01 9.499797026291878499e-01 0.000000000000000000e+00 4.629346447878529558e-01 4.246529368896208578e-01 3.770969398521141214e-01 7.444401986773471203e-01 9.962982312573874788e-01 1.000000000000000000e+00 7.638924052330536840e-01 9.463147452509029778e-01 1.000000000000000000e+00 9.010293997915004294e-01 1.000000000000000000e+00 8.026763915154441209e-01 9.439241975731501588e-01 7.601755272813257580e-01 8.865604098656483245e-01 2.617211449770077136e-01 8.739184369957135878e-01 1.292583735934076106e-01 3.012511031788123739e-01 1.433484560182393674e-01 7.778366149202540214e-01 9.342674782662843125e-01 4.929186258542921362e-01 7.445814914787467487e-01 6.220000000000000000e+02 1.677196966433057712e+00
1.000000000000000000e+00 9.165656315643672114e-01 1.497959550549845253e-01 2.558922097919819061e-01 1.619476278536466918e-01 3.653266894295729983e-02 0.000000000000000000e+00 0.000000000000000000e+00 2.663944698223181806e-01 1.442426269968166697e-01 9.954056285832308948e-01 5.074515597195905503e-01 1.955633036232548182e-05 0.000000000000000000e+00 5.812432232919497732e-01 4.885517220577352826e-01 1.675126834964094861e-04 6.947689203316738116e-01 8.154294297181494122e-04 8.999141284370282962e-03 7.985865145367387896e-01 9.229318342386396701e-01 7.177153127982037750e-01 1.106798994985037504e-01 1.298706401336004734e-01 1.266405953336185303e-02 0.000000000000000000e+00 0.000000000000000000e+00 1.229048614263107686e-02 9.618907224647220700e-01 3.922047354802210561e-02 7.905787932617367453e-01 2.920000000000000000e+02 2.968607919010115115e+00
2.285183646318383194e-02 2.819787764227685845e-01 4.254553428070019239e-01 3.308208439467857365e-01 2.397190544664959400e-03 0.000000000000000000e+00 9.386894522547117869e-01 0.000000000000000000e+00 2.831589927440071944e-02 5.522012080457509020e-01 1.261287654738395825e-01 8.417617341146607091e-01 6.588513541762751613e-01 3.417582991001074655e-01 9.847281384912075497e-01 0.000000000000000000e+00 2.091943719583349015e-01 1.103942774165262070e-04 1.927849425563641916e-01 6.481636982101237621e-01 2.713863587608337791e-01 7.992295604472444970e-02 3.532787253785726889e-01 8.823683541828738486e-01 1.000000000000000000e+00 6.858178716779734785e-01 4.028180746322951311e-01 0.000000000000000000e+00 1.211344148421547373e-04 3.303374926984127824e-01 4.845892517181211723e-01 9.999972354658780427e-01 3.240000000000000000e+02 2.998451364957368970e+00
3.523386190036350007e-01 7.738543959710127984e-01 5.243926230227281132e-02 6.495302735979174846e-02 1.298877894909272919e-03 2.334496651376781473e-01 3.801559049270266666e-01 2.877966199954967164e-01 2.405480689160890140e-01 9.143076328842330014e-01 8.084803304841081673e-01 6.977017983024368375e-01 7.406127536489919283e-01 9.870302100939557510e-01 8.319730670446515708e-01 6.395479886079140641e-01 2.296845804916732015e-02 8.987428451909637017e-01 2.393964756105045888e-01 5.698111377543977341e-01 6.313339100132404624e-01 3.121942712096168002e-03 6.057121658453606949e-02 5.916882950469109365e-02 9.182979120872721834e-01 1.140821754884842193e-01 3.183495284987909457e-01 4.950310200726249638e-02 4.006151432598333700e-02 9.119474224415192731e-01 8.280671612914974888e-01 8.631120567786034758e-01 4.240000000000000000e+02 2.519159551979838874e+00
4.391658720693064621e-02 1.000000000000000000e+00 6.901296047425628521e-02 0.000000000000000000e+00 4.546834663606971749e-01 2.163014466577259098e-01 3.419783504066545299e-01 2.332287888296068756e-01 1.000000000000000000e+00 3.095389821140895892e-01 1.000000000000000000e+00 1.000000000000000000e+00 9.734146476200067344e-01 9.999991969546589976e-01 3.522613698174146490e-11 5.044886712162078603e-03 5.427012672215719008e-02 5.416368428812224911e-01 8.588957877241200078e-01 6.021247450651002753e-01 2.232683789619200887e-01 1.793346054166769510e-02 1.933350156175061563e-01 6.596549263965355570e-01 1.000000000000000000e+00 0.000000000000000000e+00 4.530755677073289855e-01 3.828530055109320429e-01 9.479614474917502314e-06 2.854568639387845552e-01 3.706351015147003047e-01 9.044541617908309350e-01 3.960000000000000000e+02 2.645609606867250996e+00
8.056050674791835897e-01 1.280253383590339022e-01 8.352689783309444893e-01 4.288201779039460537e-02 4.727412837282086305e-02 6.396000699411118207e-02 2.336664586037477398e-01 1.663137201804522902e-01 4.431447999275902050e-01 2.774792095595680907e-02 9.862348633770464668e-01 6.758395359366848876e-01 8.088095835575361825e-01 2.398702987340813331e-01 5.334433195909024650e-02 6.895683423581185079e-02 3.446554912592428854e-01 3.056556695211637975e-01 1.319203460512239495e-02 2.038924356810771221e-01 3.936301182375467334e-01 6.832175834877896037e-01 3.109002270598266657e-02 1.308736491226896170e-01 9.928017673881541771e-01 2.935610473306876980e-02 2.792045386326205136e-01 7.007766478964266160e-03 2.715532602039795185e-01 5.666686349895784236e-01 4.565041300922286771e-01 9.342917617490364979e-01 3.060000000000000000e+02 3.087582294757549306e+00
1.000000000000000000e+00 7.940197760914076142e-01 9.108976829439019429e-01 1.172314331945826515e-01 9.612195147589267519e-01 4.881922936563069526e-01 1.000000000000000000e+00 7.074012759369148196e-01 2.285630540719875703e-01 9.900570201002422133e-01 9.974899761900432038e-01 3.647595400090091755e-01 9.976524198742791061e-01 1.000000000000000000e+00 1.000000000000000000e+00 7.180694467442139128e-01 4.132333552560284451e-01 8.451956057057921079e-01 0.000000000000000000e+00 1.000000000000000000e+00 1.000000000000000000e+00 5.300681830983224874e-01 7.525131790664484344e-01 4.711503466655390659e-01 1.000000000000000000e+00 2.274862125299766460e-02 1.622360743511825666e-03 3.154616935051557380e-01 3.474776621406585608e-01 9.427729826142030589e-01 2.172520729260275507e-01 3.609576867966839409e-01 5.760000000000000000e+02 1.985996472394024659e+00
5.589719014455720586e-02 6.394776706149973844e-01 3.501910891247958513e-01 8.527036869123516549e-01 9.535694048689273561e-02 2.694154164370369808e-01 2.311041589296501109e-01 3.006073032908450002e-02 6.040386077188133335e-02 2.657979312336323230e-01 9.141993250206104094e-01 9.876215488810444754e-01 2.939202551245863049e-01 8.646522401145450010e-01 2.055526924141324596e-01 1.006669743139930046e-01 8.714108507525376857e-02 3.034479747116318182e-01 3.931288202526504912e-03 1.943345825785226522e-01 4.251346205939640077e-01 9.044983175961934796e-01 2.011121854996875680e-01 2.468222659580702194e-01 2.827007345842678099e-01 8.121518381055732594e-02 5.589375556303767534e-02 1.035609408773199291e-01 8.101227004763673911e-02 3.815026435569710550e-01 1.904840310167298101e-01 1.000000000000000000e+00 2.860000000000000000e+02 3.172470635634201841e+00
9.072029533888024133e-01 6.643215852858722625e-01 6.050074573607533424e-01 0.000000000000000000e+00 1.970018814006084806e-01 3.420597875080623740e-01 1.181859794885063569e-01 0.000000000000000000e+00 2.218164426008748247e-01 9.657606018088926714e-01 8.162248463775627627e-01 6.336928158066795769e-01 2.115494203677576734e-01 4.475100484565022185e-01 0.000000000000000000e+00 0.000000000000000000e+00 0.000000000000000000e+00 1.478427710942722809e-04 6.465265014949935773e-01 1.093181951483697747e-02 0.000000000000000000e+00 0.000000000000000000e+00 1.665107179137911564e-01 1.207122851554190829e-01 9.490553662789413814e-01 0.000000000000000000e+00 5.121407922499703336e-01 0.000000000000000000e+00 0.000000000000000000e+00 6.778192279625797623e-01 3.894693831303958076e-01 8.914507338142056980e-01 3.040000000000000000e+02 3.092596720471794125e+00
9.950304266565286326e-01 1.000000000000000000e+00 0.000000000000000000e+00 5.947283965111200822e-05 4.237034502686642945e-01 1.407475818155109193e-01 1.000000000000000000e+00 1.915856498083448600e-02 8.088035302295233375e-01 9.457341011459059477e-01 8.051323919503390325e-01 7.759270990213195107e-01 1.000000000000000000e+00 9.338430833861927072e-01 1.000000000000000000e+00 1.000000000000000000e+00 7.278824420478725576e-01 3.748705460968813630e-01 9.206831879285989340e-01 5.056975995899321008e-01 9.865103471575976668e-01 9.835246278152728339e-01 6.975690434539723039e-01 3.463650179520994521e-01 9.999995780651865784e-01 0.000000000000000000e+00 2.760973114564191921e-01 9.541130383451203179e-02 0.000000000000000000e+00 1.000000000000000000e+00 1.154811258259003798e-02 9.574777809726378042e-01 6.040000000000000000e+02 1.806511497497558238e+00
9.683130052814374888e-01 7.425187834917579277e-01 2.751464947566188979e-01 3.408068668099951872e-03 9.260237234945295146e-03 5.512530742882472412e-02 6.897993966482538486e-01 4.531945447445775918e-08 9.589640197431953395e-01 3.135820649549063699e-01 3.767674312386557478e-01 9.998922953299511640e-01 1.410753420999843466e-01 8.030258755878219024e-01 7.267615679013622598e-01 4.695921549982911246e-03 7.963513546650976549e-01 7.121543403158294705e-01 1.321636011840875424e-01 7.236307354418278770e-01 1.000000000000000000e+00 7.851814193064967154e-03 5.223295133529107792e-01 3.180423572642036012e-01 5.604041105852319848e-01 1.810349723964756880e-02 2.505857595120032921e-01 4.814068665568592698e-01 0.000000000000000000e+00 3.697272908534032232e-01 2.446549347109230610e-01 8.288400673441481681e-01 3.600000000000000000e+02 2.527741911472418668e+00
1.000000000000000000e+00 9.996967721122711481e-01 1.000000000000000000e+00 2.194408166136220251e-01 1.000000000000000000e+00 9.780421649680376417e-01 9.834571077554407070e-01 3.205510226049084754e-01 3.787070152186885474e-01 3.190327800408342407e-01 4.204608334755138288e-01 9.402617147858187696e-01 1.000000000000000000e+00 1.000000000000000000e+00 8.659247228012362241e-01 3.360846669031049561e-01 2.657391400161628892e-01 6.914278695592904755e-01 3.333661460220949668e-01 7.890850755116598503e-01 9.644715020949630180e-01 7.409447860496962690e-01 4.524519971915322292e-02 7.893929526817236031e-01 1.000000000000000000e+00 1.611239762850078527e-01 1.708990891930586105e-03 2.963183660875480796e-01 7.880387748894163158e-01 7.357122166120699802e-01 4.516125258106494234e-01 1.000000000000000000e+00 5.660000000000000000e+02 1.938174749675550146e+00
1.000000000000000000e+00 1.000000000000000000e+00 7.334277860825492157e-01 0.000000000000000000e+00 6.319090596727457987e-01 4.239609469296826694e-01 6.955998793574291739e-01 4.266997082635132776e-01 4.790489640302206809e-01 5.327732555043189766e-01 4.186952154486583422e-01 9.811823359482539919e-01 8.327020932749442661e-01 9.307204469458151275e-01 9.344895517158900988e-01 9.425953764668785206e-01 2.887904121518807821e-01 7.051153157608021083e-01 8.561281086773728788e-01 5.609291471436732568e-01 9.908977833196204177e-01 7.762548922369822968e-01 7.518519164015921019e-01 5.060374706228704111e-01 1.000000000000000000e+00 4.886489318337015053e-01 4.715944147315572210e-01 2.198695735663547535e-01 9.051660560212278911e-03 7.911331712396962867e-01 2.789468106816717641e-01 9.322910835754228964e-01 5.520000000000000000e+02 1.666626603262765016e+00
1.000000000000000000e+00 2.373801848303341779e-04 1.240058338920967396e-01 0.000000000000000000e+00 2.569123698933531985e-01 1.000000000000000000e+00 1.295052420203478272e-02 0.000000000000000000e+00 2.716199758085489029e-05 9.998985197665740676e-01 9.847215406330840359e-01 3.088430272892907502e-01 6.792470188213493021e-01 2.377391074572212382e-01 7.731054158806247578e-01 2.003708476186205623e-01 5.122405777381627834e-01 6.456904335458746313e-01 8.498661393189953228e-02 1.000000000000000000e+00 9.529241817717923890e-01 4.339388757053370682e-01 2.600249170312979308e-01 3.527490457184923045e-02 1.000000000000000000e+00 0.000000000000000000e+00 9.999774532091489920e-01 0.000000000000000000e+00 2.505548642269026394e-03 1.401098372168283791e-02 2.290284615721038808e-01 0.000000000000000000e+00 3.700000000000000000e+02 2.873490185207790759e+00
2.225424782237412913e-01 1.658123479204164641e-01 1.312037173308097660e-01 2.439793781967855481e-03 1.108174392650455344e-02 1.801683376236764417e-02 1.028585032328795806e-02 0.000000000000000000e+00 9.939008561243175555e-01 1.393543409966399305e-01 9.106488955678908592e-01 8.048234089457940721e-01 1.409543099006080975e-03 9.362690528657291456e-01 6.754433782631156236e-01 1.891308613376776332e-02 2.467611472768202474e-02 8.734312237564731407e-02 4.284808880841687977e-03 8.188664928601776527e-01 8.799310116962287542e-02 1.247012524966816249e-01 4.958278741945503637e-02 4.500539179649941657e-01 6.637315522286469927e-01 5.780258138049709088e-02 2.315887208052218593e-01 5.880260860688515251e-02 1.808815440598525811e-05 9.779016254553397208e-03 2.308468895870963503e-02 4.465282820663511454e-01 2.580000000000000000e+02 3.452974102820879576e+00
5.085078111314620536e-02 9.631649588148208929e-01 1.545078614309178082e-02 1.059812605221087389e-01 3.354444075544777970e-01 3.820009098628197874e-02 5.353783647387888589e-01 1.692911437618167536e-01 1.184312236537684165e-01 9.974133411022125806e-01 9.590949472883585070e-02 4.974360260180711868e-01 2.782939732790480902e-01 4.098724599694892473e-02 5.876575812927630205e-01 1.582847232259383952e-01 0.000000000000000000e+00 4.412306299319742123e-03 4.624341746726201019e-01 9.999985304207205106e-01 8.654897124466692793e-02 2.672172541062243778e-01 3.910342946615959908e-02 3.550183061013387764e-01 5.173808002042673548e-01 1.965857839497194004e-01 2.635488558487710779e-06 8.472803357784328138e-02 6.683824416748354591e-02 4.784643613242609353e-03 1.791089669174023569e-01 2.855175264305249705e-01 1.940000000000000000e+02 3.466758035243242109e+00
3.830561214159853289e-01 5.754203560500975589e-01 6.344811815980933023e-01 3.096470020673200430e-02 9.308954423705291525e-02 0.000000000000000000e+00 2.295053043403701976e-01 0.000000000000000000e+00 0.000000000000000000e+00 5.918074179787070621e-01 2.433142455002989257e-01 7.182572518505289105e-01 7.667151695338206840e-01 6.039430794590121276e-02 9.823618290203978143e-01 1.278456791079048832e-02 4.241864373944605471e-01 6.681703241069998356e-01 0.000000000000000000e+00 1.098260161443354171e-01 5.691129611699123902e-01 5.289696262344451005e-01 3.096340193155317985e-02 5.555844410291983435e-03 5.453606865698122919e-01 6.164330885824029910e-02 1.797536152383077956e-01 1.982712802007985733e-02 1.192912569993840599e-01 6.312762829347686733e-01 2.847536868955633654e-02 1.136603245884102928e-03 2.060000000000000000e+02 3.367599483202862842e+00
9.995724128122104313e-01 1.854105838774691706e-01 9.723513346185463924e-01 3.545830063395748466e-01 0.000000000000000000e+00 2.667520089949094175e-01 8.714235334399007479e-03 1.422554163918273440e-01 5.990527634581076233e-02 9.632393270265393603e-01 7.105271699578119549e-02 9.951590898865925183e-01 1.000000000000000000e+00 9.163445152126723503e-01 9.998765349801312929e-01 1.000000000000000000e+00 4.627230990124741174e-04 9.002080686771558593e-01 1.708344275695837132e-04 1.484105666440222013e-04 9.320683942588525728e-01 9.999737469635338050e-01 3.363427333355224480e-01 1.000000000000000000e+00 8.831543431396006172e-01 0.000000000000000000e+00 0.000000000000000000e+00 3.639937295719122834e-01 5.373112643143751477e-01 1.592184169971341268e-01 4.379940241500324127e-01 5.726738627858686259e-01 4.800000000000000000e+02 2.606288207204718432e+00
9.617788456587859913e-02 9.996041583268675534e-01 1.000000000000000000e+00 8.059626973791347111e-04 2.674906891885526217e-01 6.320856689055884825e-01 9.597155108451954630e-02 1.111980486942256146e-04 3.450283737219293073e-02 5.484147094643935239e-01 8.510607992251995046e-02 9.985566723041316983e-01 6.350842103091770552e-01 1.494521143730231649e-01 7.098384054812654220e-01 1.042276251453481128e-01 1.609280382750611846e-02 7.677449390966072373e-01 0.000000000000000000e+00 3.576804301562404587e-01 7.169715530049155516e-01 6.566733038837131442e-01 3.278309024682134476e-01 0.000000000000000000e+00 1.512516318345726862e-01 9.638066007900018893e-05 5.517974749634123599e-01 2.204634279527206697e-02 0.000000000000000000e+00 2.486822603831224110e-01 0.000000000000000000e+00 1.725021917892992362e-01 2.580000000000000000e+02 3.217054099598149808e+00
1.064814512422051812e-04 2.542702107127170486e-01 9.755663980851567718e-01 6.773760091117015936e-01 0.000000000000000000e+00 0.000000000000000000e+00 4.024026013891790488e-02 6.178832393355712105e-01 8.760556513974645035e-03 7.174108739536896318e-01 9.944132259390766615e-01 4.761974167047273720e-01 9.111109718859330409e-01 0.000000000000000000e+00 3.655162788454183881e-02 6.447626011160215165e-02 0.000000000000000000e+00 2.289196320347562652e-01 2.542457589174526578e-01 4.293218616342123761e-01 7.653550747284557643e-01 2.555561702066091664e-02 9.970694694493367760e-05 1.409239642251723656e-01 9.984964594216516609e-01 0.000000000000000000e+00 1.491803926667606840e-04 8.308219304159987495e-02 0.000000000000000000e+00 1.105843046689051201e-01 1.625752056680904061e-06 1.266956174739179979e-06 2.580000000000000000e+02 3.587450427100771666e+00
9.279305616548340074e-01 1.000000000000000000e+00 9.175894380701393738e-01 9.951923620178828103e-03 3.993196406828727896e-02 5.166819765352577143e-01 1.000000000000000000e+00 0.000000000000000000e+00 9.139742681269483193e-02 4.838749092743918068e-01 5.546548385145709803e-01 1.989022687217579730e-02 1.000000000000000000e+00 9.452112817911169085e-01 9.996748118422560392e-01 7.879905715883159800e-01 7.772688089839029091e-02 8.476133120241384766e-01 9.493845946352668097e-01 8.473675738549494296e-01 5.000629878876418077e-01 1.000000000000000000e+00 1.176132762261295067e-01 4.319649300884729204e-01 1.000000000000000000e+00 2.444352168893174082e-01 6.010698825913631804e-01 2.452871944378004487e-01 0.000000000000000000e+00 7.343750269545242793e-01 0.000000000000000000e+00 3.359872869272791385e-01 5.020000000000000000e+02 2.157474085489909044e+00
9.994596060198021048e-01 1.000000000000000000e+00 2.235483037356473246e-01 1.558765737295461640e-01 7.399073054158902818e-02 0.000000000000000000e+00 5.398690378208387264e-01 4.893049848251151968e-01 4.344942063094841544e-01 8.167647726483916459e-01 8.465634296942908810e-01 1.000000000000000000e+00 9.998099550694157234e-01 9.953828435841917122e-01 8.199210903326410449e-01 8.864516241236453098e-01 6.415627431467740838e-01 6.326697008787824927e-01 5.319116200045378440e-01 9.495004528726339599e-01 7.360672232857011776e-01 1.000000000000000000e+00 9.980888866846572283e-01 4.111186240014455540e-01 1.000000000000000000e+00 3.873808134701806419e-03 4.404134794541168518e-01 8.268562812902836567e-01 8.291429047411758013e-02 4.974111644110118524e-01 1.278672766869931865e-01 3.992042677706983400e-01 5.720000000000000000e+02 1.751186455620659776e+00
1.329523647167967781e-01 1.000000000000000000e+00 9.846348103308818489e-01 8.071028323280997709e-08 7.698203607931373982e-02 7.548447386366547995e-01 3.038761261810146164e-01 5.104835552926627606e-01 1.918492191212393394e-01 9.996643356360509491e-01 1.000000000000000000e+00 1.000000000000000000e+00 1.000000000000000000e+00 1.523262748798957789e-01 7.808727645141166906e-01 6.847682143111779585e-01 5.686178652437025027e-01 6.978196739679473071e-01 8.913586634926046887e-03 9.999999546929586591e-01 8.373439827805233548e-01 9.610472405161311071e-01 7.024365827609542479e-02 0.000000000000000000e+00 9.411575670588070430e-01 4.535871395307606857e-01 1.000958964609177104e-01 9.607596651738151139e-02 3.777955945151119654e-01 9.945336629150139940e-01 1.434692255244043313e-01 9.483545899049646843e-01 5.020000000000000000e+02 2.296370633443196585e+00
6.898754990831111600e-02 0.000000000000000000e+00 2.329549388067470583e-01 3.340234807138408590e-01 0.000000000000000000e+00 6.026981796251127399e-01 9.885212989601704914e-01 0.000000000000000000e+00 0.000000000000000000e+00 5.803443693869140413e-02 3.668744092449588434e-02 1.638999050362356935e-01 1.000000000000000000e+00 0.000000000000000000e+00 1.000000000000000000e+00 6.875822115009946334e-01 0.000000000000000000e+00 6.214445110914301740e-01 0.000000000000000000e+00 9.839050694058084634e-01 0.000000000000000000e+00 4.940139080744433975e-01 0.000000000000000000e+00 0.000000000000000000e+00 8.903100868494501219e-01 0.000000000000000000e+00 0.000000000000000000e+00 0.000000000000000000e+00 1.000000000000000000e+00 9.602603611053953658e-01 0.000000000000000000e+00 2.848094730412268905e-01 3.280000000000000000e+02 3.294168996175130371e+00
9.406695052410497526e-01 1.000000000000000000e+00 9.999514547811727549e-01 0.000000000000000000e+00 8.573223347272282968e-01 3.634932888200934631e-01 8.271423660769816610e-01 6.467353588180075885e-01 7.565913158932371374e-01 9.222811730692348497e-01 7.022629078947273396e-01 9.425354761999259479e-01 9.958142502503249949e-01 7.456069421385738138e-01 1.000000000000000000e+00 4.359453044604975624e-01 7.889335629367090208e-01 4.790051867371900585e-01 6.609224983863618563e-01 7.102232572024445023e-01 1.000000000000000000e+00 6.059643293670117226e-01 2.174850981866951749e-01 8.004038798358572571e-01 9.106066930464893350e-01 2.649728250289934972e-01 9.515382667899194846e-01 7.143546300123573833e-02 9.935681506001708962e-01 7.655846525140588277e-01 3.890611005919318854e-01 9.905837497887322041e-01 6.600000000000000000e+02 1.517164802551269398e+00
2.051459937060795546e-02 2.071750235462222376e-05 1.000000000000000000e+00 1.614036558482138473e-03 0.000000000000000000e+00 1.514668622483396256e-03 1.662322806012370494e-02 0.000000000000000000e+00 0.000000000000000000e+00 9.039127168762175479e-01 4.218879221430074655e-01 5.352520779784492033e-01 9.860513106082759993e-01 3.170029434028883153e-01 1.000000000000000000e+00 1.913779892712135222e-01 5.537077718846110663e-01 1.000000000000000000e+00 1.263498450962406185e-02 0.000000000000000000e+00 3.629722916610491068e-01 8.654107929988421599e-01 0.000000000000000000e+00 0.000000000000000000e+00 0.000000000000000000e+00 0.000000000000000000e+00 7.486927321255122392e-01 0.000000000000000000e+00 0.000000000000000000e+00 2.959777868949491908e-01 0.000000000000000000e+00 2.203692935724877733e-01 2.840000000000000000e+02 3.334335454305012991e+00
9.791709206553874667e-01 9.014550566738843002e-03 4.993726906143413635e-01 6.542186335413289200e-01 0.000000000000000000e+00 2.316723505713443390e-02 7.979607498008832733e-01 2.398380596899643558e-01 7.306197004126735784e-06 7.848087489231936331e-01 8.220250947214001458e-02 3.351797460730149281e-02 9.668744083057284611e-01 2.676214681460218660e-03 9.833514155645806110e-01 4.790523466568207336e-03 3.855930177060205022e-01 3.974550888202270094e-01 0.000000000000000000e+00 0.000000000000000000e+00 0.000000000000000000e+00 1.516420280365375350e-01 0.000000000000000000e+00 2.764613565474310364e-01 1.000000000000000000e+00 6.781026181294860962e-03 3.930038227953558949e-01 4.690591911807219169e-03 0.000000000000000000e+00 6.025397022148178960e-01 7.081932574232839561e-02 1.299786228760453632e-01 2.560000000000000000e+02 3.489756538754418269e+00
5.874866250098083054e-01 8.589657988049501647e-01 9.763228940201618133e-01 0.000000000000000000e+00 1.403187729088355151e-01 6.361388939652402874e-02 9.150771840438963467e-02 0.000000000000000000e+00 4.989547513741821594e-01 6.044269886407873660e-01 8.404757133488414134e-01 7.224011952335578080e-02 5.937984967357784472e-03 6.501314935499494796e-01 9.455268431246147687e-01 1.927926526909942489e-03 5.945668609468564014e-01 9.519462547578423361e-01 4.517897813640999738e-01 1.119148407948961921e-01 1.258715818787345120e-01 4.979756560498088160e-03 9.740960793682537089e-01 0.000000000000000000e+00 7.398618875090873237e-01 1.676347746598874922e-01 1.946060059978890408e-02 5.692303206243923830e-01 9.579411565360444573e-04 6.867355268706557547e-01 1.316333749746742277e-01 2.371578290143100676e-01 3.320000000000000000e+02 2.913299169295873625e+00
3.484743780272476360e-02 1.119179202961463893e-01 9.796111284057823498e-01 4.167102264698910319e-02 7.698981412770433685e-01 1.376864736178792792e-01 1.940775558878614707e-02 1.131404159632176387e-01 1.017240566415377884e-01 6.879857208302309068e-01 6.667346823020373070e-02 9.598309611972197786e-01 3.312418046088274615e-01 7.039966601429064340e-06 7.714803988213468910e-01 3.824174128205235501e-01 2.254374879984513413e-01 0.000000000000000000e+00 2.922223110038310034e-01 8.753385994585803631e-02 1.000000000000000000e+00 4.782001688824182861e-01 3.269213893087772327e-01 0.000000000000000000e+00 3.207389909812289330e-01 0.000000000000000000e+00 9.066854047288472884e-01 0.000000000000000000e+00 9.513039410615922176e-01 9.545329034168960058e-01 5.781008615413470858e-03 8.696254870755405486e-01 3.340000000000000000e+02 3.172600990295409762e+00
1.014096788745050826e-01 1.170790761071609787e-01 9.984104254712473647e-01 1.472578051105710994e-01 6.287231151123447159e-02 6.099843212745102994e-01 2.721360464487068698e-01 2.847327837967726927e-01 0.000000000000000000e+00 0.000000000000000000e+00 9.599652061129745340e-01 4.498584966479446390e-01 5.315736561947478345e-01 1.787019657176621701e-01 7.590610383825692198e-01 2.852172458122892995e-01 3.889978217372782598e-01 5.786735360809386330e-01 5.475252098124466088e-02 2.540704594107525555e-02 4.596020133887708803e-01 1.583136021536676527e-02 0.000000000000000000e+00 0.000000000000000000e+00 0.000000000000000000e+00 2.339003145429341727e-04 3.945177794180501629e-02 1.549569072336334178e-03 1.689635826561582954e-01 1.000000000000000000e+00 3.425612503830394173e-01 9.999997887055089851e-01 2.460000000000000000e+02 3.486051550365629748e+00
1.000000000000000000e+00 9.643335020920067446e-01 9.792198314282324345e-01 0.000000000000000000e+00 8.072506386126719891e-01 4.695056324091823607e-01 5.990872348392044522e-01 1.702534815756731046e-01 2.060058442291749226e-01 9.302880890857904150e-01 9.232799958292083886e-01 4.562532962706346562e-01 1.000000000000000000e+00 4.759703116217665619e-01 8.076618701385455956e-02 7.945393838828813671e-01 0.000000000000000000e+00 1.677120530563106504e-01 9.184947453856358024e-01 1.672836613509663672e-01 1.779352264734481437e-01 1.000000000000000000e+00 9.929942692757637301e-01 1.000000000000000000e+00 8.569529907616566522e-01 7.844102878975813507e-04 5.907316543124129238e-01 8.691618552901503314e-02 5.581374410405799402e-01 9.792784089541548553e-01 4.309418387328153854e-01 8.228048664170187765e-01 5.420000000000000000e+02 2.289607966387713578e+00
1.000000000000000000e+00 7.031247487544352026e-01 7.647112096706469853e-01 5.100796988571218264e-03 3.780984649161527877e-01 6.098560530648623468e-01 8.557670645928581177e-01 1.918824777117454916e-01 8.212767485671326195e-01 8.940723733144827490e-01 6.740584787516588072e-01 9.412025868732390999e-01 9.688230192487096160e-01 8.937893710032108752e-01 1.000000000000000000e+00 6.679670702223757806e-01 1.543036325487645577e-01 3.301266945201046799e-01 9.945137319512643570e-01 9.371666732986632109e-01 9.053796974661107999e-01 8.141963506998914912e-01 1.181418094263991803e-01 6.916724682677506397e-01 9.998212712504247479e-01 1.387759192660114604e-01 2.572194508488283016e-01 2.034480976186147372e-01 3.826894038652786656e-01 1.858179787154564111e-01 7.116284130019434953e-03 9.068478404272536375e-01 5.780000000000000000e+02 2.006752388565628653e+00
5.225552414906655674e-01 8.391949261350729605e-01 9.990728033840107214e-01 9.139248047391324362e-03 1.521494809437475785e-04 1.014210051198593393e-02 1.303349378431539751e-01 6.678350835681584607e-01 0.000000000000000000e+00 2.148401942293721167e-01 7.861349320508709271e-02 8.951776601679559686e-01 5.883906536530669751e-01 6.140691056655601665e-01 2.652895841168219013e-04 4.004456300382348323e-04 9.991489410085797607e-01 3.832495986105791674e-01 8.835646864064979900e-01 1.653279544982339758e-03 9.939802665917385482e-01 6.602111624359872089e-01 2.761497018907785404e-03 5.049536827892548655e-04 9.903133275087077081e-01 6.103740655224558775e-01 0.000000000000000000e+00 1.547210370224129383e-03 5.586605590736879595e-02 1.036423579258284183e-01 1.677796676114802661e-04 4.031282718219099670e-01 3.520000000000000000e+02 2.910379404703776540e+00
8.095349981482151680e-01 9.664745315407603510e-01 9.656495813445665766e-01 1.781741274064426632e-03 2.368638664307532726e-01 6.115745205386787786e-01 4.552119875412472538e-01 1.813464576448285334e-02 1.064317829566051310e-01 1.238929790810587017e-01 4.533778364325199428e-01 9.107491361482348280e-01 1.950717019419012099e-01 4.062102820843275786e-01 9.583887200774103832e-01 4.097720863134064473e-01 3.540256320885536434e-01 9.504794202884542242e-01 6.816257736824445253e-03 2.410564489258555376e-01 5.274349668444001660e-01 5.579464627428957213e-01 6.288694791806574702e-02 4.974640986892084893e-01 9.059018999818486684e-01 3.332988900564431978e-01 8.818125103941373277e-01 4.522859534375023131e-03 8.147231428867801606e-01 5.425375730730076784e-02 1.817062628475894781e-01 3.160159322595523235e-01 4.000000000000000000e+02 2.539223303311112900e+00
9.939917153619221013e-01 1.000000000000000000e+00 9.730341099593630139e-01 4.441292610661132234e-01 8.551173250621799671e-01 1.778576284282858133e-02 9.415430821109438408e-01 5.212000289285054766e-01 9.373048824580713090e-01 9.938621620672126733e-01 6.694698134471224193e-01 6.643896183074907702e-01 1.000000000000000000e+00 1.197165863647065183e-02 8.437679310658703358e-01 8.217687893123437615e-01 2.838221520418566790e-01 7.858666011267435580e-01 6.880349312620333002e-01 6.084104516526585016e-01 1.000000000000000000e+00 1.000000000000000000e+00 9.944437741203938641e-01 4.618558652068525672e-01 7.081290431595358426e-01 1.084496053651222147e-01 4.900259151311024408e-01 1.867553831081444349e-01 4.662238747887828896e-03 7.218230788156412281e-01 7.614996764946623253e-01 7.000004196684074254e-01 6.060000000000000000e+02 1.733570727967379321e+00
1.300717458806920634e-01 5.886630302838663509e-01 9.603480322440909323e-01 0.000000000000000000e+00 8.962202852659255647e-01 3.961163106352682539e-01 7.977566443800783169e-01 7.543258158650113787e-02 7.625173612783731070e-01 7.403677585979572262e-01 7.443442935425700346e-01 8.444369967290326073e-01 9.999999567903548048e-01 7.210799369749313348e-01 9.498131673368404027e-01 3.668758785277251855e-01 4.329088325816772831e-01 6.463827992467487960e-01 7.772261525957594452e-01 9.363793889647257229e-01 9.911079349384409598e-01 1.000000000000000000e+00 2.793809109065616969e-01 8.449707835839216363e-01 6.195562877679464675e-01 1.802409399949601587e-01 4.500563636098341425e-01 0.000000000000000000e+00 5.204616530993411397e-07 7.369914515939692823e-01 5.208499113205634634e-01 1.000000000000000000e+00 5.200000000000000000e+02 2.122493899952281549e+00
7.006510900278167808e-01 8.737410974178300149e-01 9.996460352670699656e-01 3.101805972640938117e-02 7.908058280662124979e-04 2.903977779210333288e-01 8.798284890990405449e-01 5.730758959087551840e-01 9.450935445428825243e-01 4.424836403041920163e-01 6.865109139772718194e-01 1.000000000000000000e+00 1.000000000000000000e+00 1.000000000000000000e+00 9.447305300089179347e-01 2.069467612654196098e-01 1.831788100486222703e-01 6.199223959371255033e-01 4.710364339596150862e-01 1.000000000000000000e+00 1.000000000000000000e+00 8.160061796536731693e-01 9.098572847328144642e-01 8.617054879011856183e-01 6.920181671278233804e-01 9.378545908510790285e-01 8.078205414558311537e-01 5.818814759309314660e-02 2.012301541999441390e-01 9.204264254047661575e-01 2.353990979758623092e-01 9.861271747077429151e-01 6.560000000000000000e+02 1.634916801452636514e+00
0.000000000000000000e+00 2.175257207643154986e-02 0.000000000000000000e+00 0.000000000000000000e+00 0.000000000000000000e+00 0.000000000000000000e+00 0.000000000000000000e+00 0.000000000000000000e+00 0.000000000000000000e+00 0.000000000000000000e+00 3.108448467384932190e-01 0.000000000000000000e+00 3.446328281962571238e-01 0.000000000000000000e+00 0.000000000000000000e+00 0.000000000000000000e+00 0.000000000000000000e+00 2.041315685121559143e-01 2.752170876077256884e-02 0.000000000000000000e+00 0.000000000000000000e+00 0.000000000000000000e+00 2.191221846705529719e-01 0.000000000000000000e+00 3.499373211397844609e-03 0.000000000000000000e+00 0.000000000000000000e+00 0.000000000000000000e+00 4.222466275626591270e-01 0.000000000000000000e+00 0.000000000000000000e+00 1.953550397347634249e-01 7.800000000000000000e+01 4.367075093587239110e+00
0.000000000000000000e+00 9.727694065182472816e-01 1.421916383175765271e-03 1.739648188513960251e-06 0.000000000000000000e+00 0.000000000000000000e+00 0.000000000000000000e+00 0.000000000000000000e+00 1.489251719909307492e-01 3.298353867143704599e-01 4.732882145986167521e-01 4.304235395654610885e-01 1.000000000000000000e+00 0.000000000000000000e+00 0.000000000000000000e+00 0.000000000000000000e+00 0.000000000000000000e+00 1.618215879744413707e-02 0.000000000000000000e+00 0.000000000000000000e+00 1.559386172840225848e-01 2.777451677809182895e-01 0.000000000000000000e+00 4.640772768947236115e-01 5.742925363996947974e-02 5.196712990358257622e-01 1.470791241734110688e-01 0.000000000000000000e+00 0.000000000000000000e+00 1.000000000000000000e+00 7.398153118034764830e-01 0.000000000000000000e+00 1.960000000000000000e+02 3.679252396506824230e+00
1.442059763880298717e-01 0.000000000000000000e+00 2.352526151122559875e-02 0.000000000000000000e+00 0.000000000000000000e+00 0.000000000000000000e+00 0.000000000000000000e+00 0.000000000000000000e+00 0.000000000000000000e+00 0.000000000000000000e+00 4.290943227104610652e-02 3.254417670055841788e-02 9.737394847824459854e-02 6.518526361832820137e-02 0.000000000000000000e+00 1.568101915445925254e-01 0.000000000000000000e+00 5.226440997253889442e-01 1.072023411999909470e-01 0.000000000000000000e+00 7.050067449493198357e-02 0.000000000000000000e+00 0.000000000000000000e+00 0.000000000000000000e+00 9.548007170893580975e-01 0.000000000000000000e+00 1.489958399349751959e-02 0.000000000000000000e+00 0.000000000000000000e+00 1.254990692475562164e-01 0.000000000000000000e+00 0.000000000000000000e+00 1.000000000000000000e+02 4.354413424256027731e+00
2.020732877515454525e-04 0.000000000000000000e+00 2.639891200414433425e-03 0.000000000000000000e+00 2.229853983746157842e-03 3.683870921151975730e-02 9.320765732025139139e-01 2.351190077773185330e-05 4.515145059940033345e-01 1.414040154971327179e-01 9.977686472286330099e-01 9.994237672087257218e-01 6.653999655809587077e-01 9.840104508759388302e-02 2.357445086256182432e-02 5.442820565467766381e-01 2.845837808031634331e-01 2.263201421772277291e-05 3.525947988258871235e-01 0.000000000000000000e+00 2.182964272005820211e-09 7.585444378602436144e-01 1.676737664655325935e-02 8.828016261561145994e-02 9.256459380622472644e-03 2.047326714171360858e-04 5.733837061100881538e-01 0.000000000000000000e+00 3.236890970851903915e-01 5.775617969870486812e-01 2.289019260725152791e-05 1.215895601109470837e-09 2.120000000000000000e+02 3.648458112519362917e+00
0.000000000000000000e+00 1.545379767511965378e-03 1.000000000000000000e+00 9.370002779475601618e-02 1.202588733172879273e-03 0.000000000000000000e+00 6.744238520371542700e-01 0.000000000000000000e+00 5.107271160657555348e-02 9.476356827388543458e-01 1.938310731229853090e-01 2.808563960532534098e-01 4.151446790338804149e-01 0.000000000000000000e+00 0.000000000000000000e+00 5.543632688104879053e-02 0.000000000000000000e+00 4.021516876182840705e-01 0.000000000000000000e+00 0.000000000000000000e+00 7.207314229748891521e-02 9.999893841246181303e-01 0.000000000000000000e+00 1.482589702152589950e-01 9.491812926534066719e-01 2.805453687358329673e-01 0.000000000000000000e+00 0.000000000000000000e+00 7.930045928951940937e-01 0.000000000000000000e+00 0.000000000000000000e+00 0.000000000000000000e+00 2.280000000000000000e+02 3.794997297014508941e+00
0.000000000000000000e+00 9.924743155288292540e-01 1.761629505567845200e-01 4.032614429790300583e-04 4.206127011563540186e-01 0.000000000000000000e+00 0.000000000000000000e+00 0.000000000000000000e+00 3.977158745889979863e-01 6.837399969204940309e-01 0.000000000000000000e+00 0.000000000000000000e+00 1.313312418815988925e-01 4.769909515988897120e-01 8.104185108814010441e-01 0.000000000000000000e+00 0.000000000000000000e+00 7.749488352505151667e-01 0.000000000000000000e+00 0.000000000000000000e+00 3.128057330350564325e-01 0.000000000000000000e+00 9.027604340601192920e-03 6.523842248125252818e-02 4.970412397545376781e-01 0.000000000000000000e+00 7.793537719468184299e-01 1.480163957249285879e-02 1.000000000000000000e+00 6.407462097412353064e-01 6.329952730193700444e-03 9.507774383999254564e-01 2.620000000000000000e+02 3.187842478070940455e+00
5.921999939773793242e-01 8.995805318027337849e-01 1.806545723229724745e-02 4.942029125960058916e-03 4.098920078306089176e-01 8.362982361593580827e-02 1.433445477145066649e-01 0.000000000000000000e+00 0.000000000000000000e+00 0.000000000000000000e+00 0.000000000000000000e+00 0.000000000000000000e+00 0.000000000000000000e+00 3.753744784795406964e-01 0.000000000000000000e+00 9.031118559785088484e-01 0.000000000000000000e+00 2.172949950950136822e-01 2.274407350057587873e-01 0.000000000000000000e+00 5.792023717482185363e-01 0.000000000000000000e+00 4.292259521065449612e-01 0.000000000000000000e+00 1.000000000000000000e+00 0.000000000000000000e+00 0.000000000000000000e+00 0.000000000000000000e+00 0.000000000000000000e+00 0.000000000000000000e+00 0.000000000000000000e+00 9.869864253247739860e-01 2.140000000000000000e+02 3.472383508228120252e+00
9.084024118974445283e-01 2.473126571765287551e-01 0.000000000000000000e+00 3.308550840914510904e-01 4.528793221645589506e-01 2.341440276578713245e-03 0.000000000000000000e+00 8.236346236563980849e-02 2.082924293259135959e-02 0.000000000000000000e+00 0.000000000000000000e+00 7.797309961978031723e-01 9.999970020631318013e-01 7.005515141666892980e-03 1.414416668050906545e-01 5.746547397472263052e-06 3.906359889558492782e-01 3.067243426986933086e-01 1.275683844456451319e-02 9.472697063665421746e-01 5.937528914005445468e-01 2.038212079709030945e-10 2.354513815208125749e-03 1.692809947607853277e-03 9.643363148860321088e-01 0.000000000000000000e+00 0.000000000000000000e+00 1.682464673187892765e-02 7.274808012039588601e-01 0.000000000000000000e+00 0.000000000000000000e+00 3.311178636923975405e-02 2.320000000000000000e+02 3.577432723272414350e+00
0.000000000000000000e+00 1.539237473405423995e-01 1.064088392915161531e-02 0.000000000000000000e+00 0.000000000000000000e+00 0.000000000000000000e+00 0.000000000000000000e+00 0.000000000000000000e+00 0.000000000000000000e+00 5.231234704285363073e-03 0.000000000000000000e+00 1.516546840028561716e-01 4.965328586096672270e-01 0.000000000000000000e+00 6.411114613045153232e-02 0.000000000000000000e+00 7.602989702590802201e-01 0.000000000000000000e+00 0.000000000000000000e+00 0.000000000000000000e+00 1.000000000000000000e+00 2.332990501134543995e-02 0.000000000000000000e+00 4.100735973388030219e-03 4.731868223137334351e-01 0.000000000000000000e+00 6.082154279914753908e-03 7.696405490447071063e-02 5.664869996366106442e-01 0.000000000000000000e+00 5.100942665521536468e-02 1.496371799245060571e-02 1.260000000000000000e+02 4.142497885099021282e+00
5.130825325764156730e-01 9.899278774683555326e-01 7.197201663060709409e-01 2.221167791014913573e-02 9.564482937068438106e-01 1.000000000000000000e+00 8.437942069431244585e-01 2.737155686841675206e-01 1.114660460486424122e-02 4.209580845856190079e-01 1.630580619696666012e-01 5.003595837119714229e-01 1.000000000000000000e+00 1.000000000000000000e+00 4.259229728218442701e-01 9.036247781295206893e-01 6.657733865075877722e-01 3.888615857850167834e-01 3.010591712929169828e-01 8.751588275135473438e-01 9.040808776399109625e-01 2.842342439586348357e-01 1.339956431268696062e-02 0.000000000000000000e+00 8.378530468598511805e-01 0.000000000000000000e+00 6.543400485494912378e-01 0.000000000000000000e+00 2.980561520399287456e-01 4.204975515412481268e-01 4.946860991780444583e-01 7.708721969465976986e-01 4.660000000000000000e+02 2.316808203494909790e+00
6.374045579577514165e-01 0.000000000000000000e+00 3.349476649016690510e-01 0.000000000000000000e+00 9.890678723160776231e-01 7.682299334045309402e-01 6.800373721759066107e-04 0.000000000000000000e+00 2.097583818560845303e-01 6.631385356766297257e-01 3.813666295286805008e-01 2.476533606710982181e-03 7.740290916162938517e-01 9.962155165888295638e-01 4.252325444133747689e-01 1.674910559294485179e-01 4.342792461659782111e-02 2.910463059562640731e-01 5.937698484261882265e-03 4.464805010552131970e-01 1.156930208011434057e-02 9.309074607519226552e-01 3.260939812758876233e-01 5.072202942445481338e-02 9.749915691349182456e-01 1.892013014202053797e-02 2.045746774405578783e-01 0.000000000000000000e+00 0.000000000000000000e+00 1.515271207095237327e-01 4.844735895263540537e-01 2.195392305662164367e-01 2.720000000000000000e+02 3.284492819649832640e+00
1.015433986507645048e-01 0.000000000000000000e+00 0.000000000000000000e+00 0.000000000000000000e+00 0.000000000000000000e+00 0.000000000000000000e+00 0.000000000000000000e+00 0.000000000000000000e+00 3.114535057895871928e-01 0.000000000000000000e+00 1.000000000000000000e+00 1.559548800417785708e-01 1.000000000000000000e+00 0.000000000000000000e+00 0.000000000000000000e+00 1.298028181565021588e-01 0.000000000000000000e+00 7.272279006815390856e-02 0.000000000000000000e+00 0.000000000000000000e+00 0.000000000000000000e+00 0.000000000000000000e+00 1.000000000000000000e+00 0.000000000000000000e+00 8.302349419550916210e-01 0.000000000000000000e+00 0.000000000000000000e+00 0.000000000000000000e+00 1.619319100082041163e-01 6.128941761886246009e-02 0.000000000000000000e+00 0.000000000000000000e+00 1.860000000000000000e+02 4.088312730335053935e+00
9.170847207167791559e-01 1.000000000000000000e+00 7.571881231026419412e-01 8.321985694711125925e-03 9.669543452812108253e-01 4.486649806708942756e-01 3.827648389194875378e-01 1.515770901397199555e-01 8.633381122577564737e-01 1.000000000000000000e+00 5.821987000748850560e-01 9.954379173369328759e-01 9.915714902678695042e-01 7.817328470851139244e-01 9.999995026651594676e-01 2.543152824578044924e-01 2.389158744803122625e-01 7.857417987234096568e-01 8.543771744687487235e-01 8.240844864538737768e-01 6.315514895324361166e-01 4.696285984247169365e-01 1.698044551658870749e-01 6.313270429044920418e-01 8.438529731447523830e-01 2.439209094143930390e-01 9.415270228368518568e-01 6.549017256415710789e-04 7.633299998956798449e-01 9.043746139219468461e-01 6.411575236042755810e-01 5.504736211073347762e-01 5.840000000000000000e+02 1.805593182747824654e+00
8.066647810437739263e-01 1.026585894825607359e-01 8.568516667946084464e-01 0.000000000000000000e+00 1.607416092348564959e-02 5.962316089757599968e-01 4.557253770463721293e-02 5.242913539580998372e-02 4.935803317292191128e-01 3.833904287263681376e-01 7.696352243437821761e-01 5.137934988785597401e-02 7.231866679335904324e-01 1.786451074060055599e-01 6.220224674936154496e-01 1.621888588986429292e-01 2.813418687098850901e-02 4.637757835184308508e-01 3.817435950108719611e-01 6.858568840677872758e-02 8.922142307481694123e-01 6.545605798118006580e-02 7.333901175009004125e-02 2.914733605725588483e-01 3.715265315515697275e-01 8.772998145880435417e-02 1.121535865868630577e-01 4.308097911197266566e-02 2.622335214107363727e-02 8.858674528324071984e-01 8.657546618699321628e-02 9.908781878085193284e-03 2.520000000000000000e+02 3.476212873912993384e+00
5.829018673286807672e-01 2.162621548649839576e-01 5.095334411417234283e-02 0.000000000000000000e+00 3.108756170142332794e-04 1.316077212957464406e-07 2.785930394305832225e-01 1.037100625146310656e-01 5.250930684690511413e-02 7.450463527046432555e-01 1.266922235191157752e-03 4.062559926896139317e-01 6.213117365939937464e-01 1.007263562515360172e-01 8.650717884093255261e-01 7.217915840160439300e-01 2.663931133211292499e-04 5.836540545151165382e-01 0.000000000000000000e+00 4.484480946719530958e-02 3.728027502473604815e-01 2.984201484449163313e-04 3.437897436774039334e-03 1.461079823855477493e-05 1.106431801238960005e-04 0.000000000000000000e+00 7.988081295588959907e-02 1.273007366066604334e-07 2.741383109369966223e-03 6.974762468854879272e-01 6.986263318727114298e-04 0.000000000000000000e+00 1.740000000000000000e+02 3.675662350398237965e+00
9.290399456954711033e-01 8.774887919247470469e-01 2.207092729733780845e-01 2.127295471964801843e-01 3.574007833680617474e-01 2.507198796361373959e-03 1.461904295654978814e-01 1.963569051921542491e-02 0.000000000000000000e+00 9.852984474041993623e-01 5.752425475469301608e-01 5.139085299742107704e-01 5.970513912049673078e-01 2.861148359579429590e-01 7.650435945549473038e-01 3.266227072917185503e-01 3.018890295662530338e-02 8.502710171231664393e-01 5.329311658395670115e-01 6.682788657795917242e-01 7.142309692643674657e-01 5.140644711147591972e-02 9.197090989888941914e-01 4.729928069551709857e-01 9.126475306300765311e-01 1.763835882602261471e-02 3.305643478087877951e-01 2.142461066355923899e-02 2.712048075763369148e-01 9.482180464385756569e-01 4.323793178126852932e-01 9.283730664239064900e-01 3.960000000000000000e+02 2.370599259270562253e+00
7.285136227464183122e-03 0.000000000000000000e+00 2.167188360553945481e-01 0.000000000000000000e+00 0.000000000000000000e+00 0.000000000000000000e+00 0.000000000000000000e+00 0.000000000000000000e+00 8.357496248700933827e-03 0.000000000000000000e+00 1.206549240536741452e-01 7.617723557735159301e-02 3.999916884790637450e-01 0.000000000000000000e+00 0.000000000000000000e+00 3.231044992503507851e-01 0.000000000000000000e+00 6.703904959081613546e-02 1.104995771964664419e-01 0.000000000000000000e+00 0.000000000000000000e+00 0.000000000000000000e+00 0.000000000000000000e+00 0.000000000000000000e+00 2.901317090501449869e-02 0.000000000000000000e+00 1.783527803135942780e-01 0.000000000000000000e+00 1.825591762792851958e-01 2.801506095118849737e-01 3.613673333151800615e-01 4.174869344815584360e-01 8.000000000000000000e+01 4.302370452880858842e+00
7.156932550580251684e-01 1.449074926712537459e-01 7.580966365715271493e-01 3.756323101301112783e-06 8.564548552238335777e-01 2.622941197833349447e-01 9.864988255066939882e-01 3.314253143506295518e-01 5.306714077870107182e-01 5.043349349324744990e-01 8.642825376749355692e-01 9.982204035743663662e-01 7.750694851025081711e-01 0.000000000000000000e+00 4.046421452438660471e-01 4.842443694702690538e-01 2.645963151311245612e-02 3.124411033678585192e-01 1.019272537849582249e-03 7.301672867967378133e-01 9.051660000571782883e-01 0.000000000000000000e+00 0.000000000000000000e+00 3.046811837263881939e-01 0.000000000000000000e+00 9.907960035499061013e-02 3.807343736445014115e-01 3.633874455729253686e-06 4.361402729019153157e-01 8.139052055730707780e-01 9.981324703698929435e-01 6.765167894526697978e-01 3.840000000000000000e+02 2.873890426635742568e+00
8.371389250604492904e-01 2.279720162323268240e-01 5.573355390741078219e-01 0.000000000000000000e+00 7.908855547217934490e-01 3.048494130993830709e-01 4.803537148664279721e-01 4.042648368900919054e-01 6.246225727488944335e-01 9.853461393423054160e-01 3.409848187772203665e-01 8.884821994878695506e-01 6.738357635516399879e-01 1.000000000000000000e+00 5.024209783617891167e-01 1.542434519285905692e-01 9.760699580791599717e-01 5.986665273192135484e-01 4.431677829934118490e-02 7.660937235183353788e-01 8.145502093139531663e-01 8.774190723332739861e-01 3.046818625380628420e-01 3.238031490850938332e-01 3.249161248934760021e-02 2.732898655609569682e-01 5.284562039874056705e-01 2.289697949091325235e-01 3.094536617925520150e-01 9.950832244103002822e-01 1.599080993405178064e-01 6.098083457930509876e-01 4.260000000000000000e+02 2.369447665744357501e+00
3.082723818522636328e-01 5.300460245237386125e-01 0.000000000000000000e+00 0.000000000000000000e+00 5.066889080148932533e-05 3.162083593847682395e-02 4.215118066845790490e-01 7.958572898188336769e-03 1.432494195058762188e-01 9.998345235053215374e-01 3.273343827033126097e-01 1.893656361389124687e-01 2.819104558120786308e-01 0.000000000000000000e+00 9.832363736390563602e-01 5.486656570607219008e-01 2.405075841988530555e-02 4.695879081756268447e-01 3.266276762192407701e-01 6.569054908130352866e-01 9.813035551011115576e-01 1.653791808188033105e-02 9.717908435856785487e-02 6.050333102890161907e-01 6.057797906623954044e-03 4.567916585728376382e-03 0.000000000000000000e+00 4.816601487116979330e-01 2.804518565238742558e-02 1.439676667081770112e-01 1.275078399086218301e-04 2.065105887063954811e-04 2.200000000000000000e+02 3.444019979718087487e+00
5.747914504663741431e-01 2.818594723298392755e-04 0.000000000000000000e+00 1.424015167879072615e-04 9.178556322812319451e-03 8.413597463233283280e-01 1.989575436244500964e-02 0.000000000000000000e+00 0.000000000000000000e+00 0.000000000000000000e+00 1.000000000000000000e+00 9.218967429736726338e-01 5.384404047480739752e-01 2.906889291043131379e-05 0.000000000000000000e+00 3.348356769792913412e-01 4.503213144892695974e-01 1.236461225376794398e-01 0.000000000000000000e+00 5.933805418187043657e-01 6.481027354167930854e-01 9.960026504994826113e-02 1.943682391715244318e-02 2.592199229300057861e-01 5.478570917947772064e-05 0.000000000000000000e+00 4.683223048493267981e-01 0.000000000000000000e+00 6.213901659045528714e-01 3.934508356744485513e-01 7.545754585189922148e-01 8.620929007724175142e-01 2.620000000000000000e+02 3.364099493480864123e+00
0.000000000000000000e+00 0.000000000000000000e+00 4.681831948843727664e-01 1.000000000000000000e+00 0.000000000000000000e+00 0.000000000000000000e+00 3.231647506180424650e-02 0.000000000000000000e+00 0.000000000000000000e+00 9.998540981875527756e-01 0.000000000000000000e+00 6.609963416649496937e-01 1.000000000000000000e+00 0.000000000000000000e+00 1.000000000000000000e+00 1.000000000000000000e+00 0.000000000000000000e+00 0.000000000000000000e+00 1.889939871704066012e-04 4.937286900993233252e-02 0.000000000000000000e+00 0.000000000000000000e+00 0.000000000000000000e+00 0.000000000000000000e+00 0.000000000000000000e+00 0.000000000000000000e+00 9.999999990581333043e-01 0.000000000000000000e+00 0.000000000000000000e+00 5.743295207352836496e-01 2.408963777608481571e-01 5.104634628919977324e-01 2.780000000000000000e+02 3.534380076481745903e+00
8.740550109435127890e-01 7.057813709421351112e-01 7.104793693078872430e-01 0.000000000000000000e+00 1.431121852266144800e-01 8.701214870434877124e-02 3.563872151124859444e-01 0.000000000000000000e+00 0.000000000000000000e+00 6.606119498189108596e-02 0.000000000000000000e+00 5.072649090826149010e-01 7.515351601321087482e-01 4.273900192606567283e-01 7.816597513183245680e-03 1.617745500656402602e-01 2.638455239116877515e-01 6.232219943581269739e-01 9.237972696315492616e-02 4.037577624045252112e-02 6.506501846090432251e-01 6.897792595086704726e-01 0.000000000000000000e+00 2.513819749126383618e-01 3.976394839618234700e-01 1.328252890110560303e-01 1.289613561374635363e-02 1.897834996157100884e-01 0.000000000000000000e+00 7.092605419135241673e-01 2.489393066754999866e-03 5.017662320658484998e-02 2.120000000000000000e+02 3.346289259387601245e+00
9.985341533164123762e-01 5.596396687943412385e-01 9.812994014045598457e-01 0.000000000000000000e+00 9.292713077823653300e-01 0.000000000000000000e+00 4.072256007384821852e-01 0.000000000000000000e+00 7.293845107673213417e-03 7.772235125647281029e-01 1.257901662163548873e-01 9.753675924612154047e-01 1.000000000000000000e+00 1.000000000000000000e+00 9.548978654584586723e-01 2.929877734499424791e-01 5.942677047785668298e-01 9.942834961959520212e-01 3.415527292752018607e-01 7.082722877704779041e-01 7.651649710136672056e-01 6.569226728673807081e-01 3.514723814163317472e-01 1.795434205728040911e-01 4.638328652591825474e-01 4.369566580961264934e-02 5.753239507059978441e-01 0.000000000000000000e+00 7.492528195262870838e-01 7.270218251268799614e-01 3.454676709021943515e-02 1.000000000000000000e+00 4.540000000000000000e+02 2.319916780444158722e+00
3.554366378579646990e-01 4.864512612778089107e-01 8.610333478744918168e-01 4.009753901806572401e-02 4.175970869400054131e-01 1.190369811782356901e-01 8.307656522764576001e-01 3.582928286131593087e-01 6.591733967452381715e-02 6.331465705135116417e-01 1.500903237896814013e-02 8.341047326438829623e-01 6.486523110627737676e-01 3.994048278361039817e-01 2.120482371289106605e-01 2.795778645365584736e-01 5.445275897626984385e-01 5.693121226742166030e-01 6.745866248890498573e-01 6.024974368429371063e-01 3.337064249384558146e-01 7.688939282916135154e-02 1.976309018814112195e-01 4.194598989536169054e-01 5.470382859850937418e-01 4.609170676139004441e-02 2.177123695708592377e-01 1.109038447395025717e-01 1.961914721552210014e-02 8.621957869015202114e-01 6.219089153387349390e-04 4.930918645402093681e-01 2.960000000000000000e+02 2.957057008289155409e+00
8.242627992016936522e-01 7.294405433712881637e-01 4.624447106257967843e-01 2.344529374113718534e-01 6.604645207022049602e-01 1.325263303656355751e-01 4.508201062450690744e-01 1.567800931607528647e-01 1.910853382896107178e-01 4.642540271441721877e-01 5.500650174396719549e-01 6.479891673161578547e-01 6.061309839604112071e-01 4.952447017749748714e-01 4.214138630524065232e-01 2.988423408116824276e-01 1.577182677423168422e-01 7.482243460830263482e-01 5.635792664455724355e-01 3.443037107858410995e-01 7.705983915801406514e-01 4.126437610020655122e-01 1.702961827625062430e-01 3.535787579807270903e-02 7.468176563874914242e-01 2.115635131698116456e-01 3.188227522228839206e-01 3.972962353895152510e-01 3.162443421624812345e-02 4.607653718751587579e-01 7.803586726505830351e-02 3.155561150889891198e-01 2.600000000000000000e+02 2.738897598430674929e+00
9.722352713737486551e-01 9.969071906504234359e-01 9.906267840690797799e-01 2.097156902542715307e-01 1.000000000000000000e+00 8.384586531573554602e-01 1.727940978646118619e-01 2.158181928816494122e-01 1.000000000000000000e+00 9.122106012959668719e-01 1.000000000000000000e+00 1.000000000000000000e+00 8.187897288171722687e-01 1.000000000000000000e+00 4.054819797624053535e-01 7.856084548966358883e-01 4.868900243927063581e-02 1.000000000000000000e+00 8.046787225668694532e-01 6.039965510706447605e-01 9.995302361042220918e-01 8.933565056672749805e-01 6.144505734939851305e-01 8.120183837773174984e-01 8.579892701111526687e-01 7.832656336410356301e-01 8.954681598244481622e-01 4.048499536231256468e-01 9.887582374002925611e-01 3.524455144742534296e-01 6.070971219939765018e-02 7.493422256210398036e-01 7.220000000000000000e+02 1.521991827549078691e+00
9.861333478869067637e-01 9.605000082279275819e-01 7.806407531414366607e-01 8.065787722920654546e-02 2.827456426534278311e-01 3.872708139235150337e-01 6.572386815124889869e-01 5.138796194112902477e-02 5.508493555542408604e-01 5.482114602419223548e-01 2.099836447712103704e-01 1.000000000000000000e+00 4.276890432539627862e-01 8.710616713142951273e-01 7.508135080047346754e-01 5.085678503155250940e-01 8.606194097110632102e-01 6.158252685411912397e-01 1.269722199962788622e-01 4.191372324474339495e-01 1.000000000000000000e+00 9.915416320643570813e-01 8.040838959211505932e-01 4.723901181779595615e-01 7.952443998255961377e-01 7.566154491812580041e-01 5.071484357074501625e-01 9.653576000167217452e-03 8.750441558497064059e-10 4.681683433012215900e-01 6.390429810631338414e-01 7.996998363899299189e-02 4.560000000000000000e+02 2.110248057047525716e+00
9.638937387268275980e-01 9.795119859573827581e-01 7.357998212211226408e-01 1.155325753400911482e-01 2.128951359094835016e-01 4.174703856973392968e-01 8.649371764090306725e-01 4.193001745010807579e-01 2.459574890778404299e-01 6.550607860526885817e-01 9.665201400482785477e-02 9.904918035550061006e-01 7.203025688790080094e-01 1.941160735165672890e-01 9.314090554099379027e-01 4.445752273344871219e-01 9.016836949086094732e-02 2.515625608256299994e-01 2.513779808409212849e-02 8.170152423688942234e-02 9.595119374727610895e-01 2.726049174544641907e-01 8.559598428713752760e-01 6.933908936668330414e-01 5.049700020468275152e-01 4.109435155864656075e-02 6.843228704190004175e-01 1.064177748543352758e-01 1.034102960729253173e-01 8.239984965157518548e-01 5.259051994346054110e-03 5.335747993749971607e-02 4.060000000000000000e+02 2.596375825670030224e+00
6.333506544022676765e-01 1.793787881146204077e-01 6.718151535206023928e-01 4.079940160006691879e-02 9.074773654221521269e-02 1.382616525044117091e-02 1.083009093073017751e-02 2.107287919531080633e-01 1.861532325435760749e-01 4.355023992484114426e-01 2.520329170591771306e-01 7.617167829432376358e-01 9.386916137916170300e-01 8.258386943752559217e-01 5.843991472464724612e-01 8.169830914811373468e-01 9.913745801977834338e-02 8.261497016116643444e-01 4.168470628327458627e-01 9.438218930792183770e-01 8.291780600284754943e-01 8.496147570278611560e-02 7.069535542255794835e-01 5.663271573786072821e-01 3.359986639199622621e-02 8.724520340282987049e-03 4.371039127341653022e-03 1.491918943369938133e-02 7.188847476539275139e-01 5.504601739641141744e-01 2.977217953806428064e-01 8.717070491393396070e-01 3.800000000000000000e+02 2.741751355489094877e+00
1.000000000000000000e+00 7.002078638860987914e-01 5.610647245000867089e-01 0.000000000000000000e+00 8.196800086343910552e-01 1.317834374317744528e-01 9.999997922693858454e-01 0.000000000000000000e+00 9.158249520683786268e-03 0.000000000000000000e+00 0.000000000000000000e+00 0.000000000000000000e+00 1.000000000000000000e+00 0.000000000000000000e+00 2.319203442354674516e-01 9.990673277920141260e-01 3.448346325742999063e-05 7.550235614718239230e-01 0.000000000000000000e+00 0.000000000000000000e+00 1.215739777898850339e-03 0.000000000000000000e+00 0.000000000000000000e+00 0.000000000000000000e+00 0.000000000000000000e+00 7.308166160415262569e-01 9.999819461041941082e-01 2.104994720264487598e-03 4.332304554058682977e-01 9.999996528726603495e-01 5.732594517651773414e-01 2.081698794321357737e-01 3.380000000000000000e+02 3.136100209554036677e+00
2.624668373760479789e-01 9.074820082353686201e-01 5.768986128128327229e-01 1.082026804894713756e-01 0.000000000000000000e+00 4.225408730900391263e-01 8.219118320453309146e-01 4.929736044025362016e-03 1.026204843404468769e-01 0.000000000000000000e+00 4.953453000523531102e-01 0.000000000000000000e+00 8.508988713458450759e-01 1.000000000000000000e+00 0.000000000000000000e+00 8.225470985052581467e-05 0.000000000000000000e+00 1.403077203140383200e-01 5.750924102750933294e-07 0.000000000000000000e+00 3.771628032763748584e-01 0.000000000000000000e+00 0.000000000000000000e+00 3.553429461262369582e-02 1.714164192420334840e-02 9.017907166600763746e-01 0.000000000000000000e+00 4.239218930187448053e-02 1.788836947365754840e-02 6.401679073193438096e-01 2.573337749558288461e-03 9.970103458876532487e-01 2.800000000000000000e+02 3.424570959042279927e+00
1.000000000000000000e+00 9.773875052421869825e-01 3.928805603530050039e-01 2.378825487822187890e-01 9.710977307958855720e-01 0.000000000000000000e+00 9.635859362516560056e-01 1.000000000000000000e+00 1.186985566705476558e-01 5.522256758854716674e-01 9.449207454620492941e-01 9.823373185259395290e-01 9.993235735358743099e-01 7.101215852165478903e-01 7.422301757176862358e-01 1.000000000000000000e+00 6.399443535381986736e-01 1.000000000000000000e+00 3.149914182809827601e-01 1.000000000000000000e+00 1.000000000000000000e+00 5.816885786241996481e-01 5.053030890266253516e-01 9.828962382465333825e-01 6.258444158193450513e-02 3.498029981927639614e-02 4.813861219618995602e-01 0.000000000000000000e+00 6.051068855303550764e-01 1.000000000000000000e+00 5.453758358260916150e-01 8.668100732308768874e-01 6.060000000000000000e+02 1.785855278314328665e+00
1.000000000000000000e+00 9.882514504519931409e-01 9.999994491641337468e-01 8.827788316266993451e-02 6.082765275608915667e-01 6.757753207364441961e-01 6.081732495963477758e-01 3.786583162097874045e-01 1.265104789587108702e-01 8.468770293874217092e-01 6.948847081512347090e-01 9.996118646356252357e-01 5.478473704445441239e-01 5.219121100307857475e-01 9.302375126872406419e-01 9.997429019430352781e-01 2.111938229364556663e-01 6.934114819531840279e-01 1.000000000000000000e+00 2.675870547824319434e-01 8.006498450479371254e-01 7.712475497057995621e-01 5.561252406976097129e-01 4.318142069075410761e-01 4.104148470832570395e-01 7.301362708073336205e-02 2.659092861549117726e-01 7.908153167664108141e-01 5.905620367941719628e-01 7.885584587746077290e-01 1.519985611691242466e-01 9.999999604697399347e-01 5.200000000000000000e+02 1.900511464205655310e+00
1.000000000000000000e+00 4.370621982463765987e-01 8.512817621150308156e-01 1.414657773292263554e-01 2.884778806925933914e-01 7.466060595459927951e-02 2.163980061484346504e-03 9.933304365367634503e-02 4.137754003702170391e-01 9.926564386532784612e-01 9.983361704824703642e-01 1.000000000000000000e+00 7.963557705531644215e-01 2.116026768424191795e-01 9.436795950569983882e-01 2.023951234289254331e-01 1.097029858574064681e-02 4.592577437575713906e-01 9.890398078519126168e-02 2.671131874337737133e-01 1.000000000000000000e+00 9.996556009671624388e-01 6.382640022903728061e-02 2.814878972080461228e-01 5.890592612088706437e-01 0.000000000000000000e+00 5.548427164039119175e-01 2.805815436164477150e-02 4.211901714094012927e-01 9.424472105721632964e-01 3.333702007887634489e-01 3.191366536761980344e-01 3.980000000000000000e+02 2.583635391014209581e+00
9.991788980006500731e-01 9.960521269734773364e-01 5.628934896568635882e-01 2.394923062924769197e-01 7.681604851050387595e-01 1.300361474065811762e-01 5.884139975668253308e-01 3.316218367027500835e-01 3.628628903159994423e-01 6.560715217861535775e-01 1.613614360955279159e-01 9.199248555351984269e-01 8.333118648121513594e-01 9.974645465067252248e-01 7.639433638284073977e-04 9.712059374637703746e-01 8.447772245780275080e-01 7.975539131552036309e-01 4.598759815147774321e-01 4.317491278316292758e-01 3.944229930227522440e-01 1.209371893203169080e-03 4.540568841049977267e-01 4.270248183486177185e-01 1.000000000000000000e+00 8.418076772887547188e-01 9.123832547538327509e-01 5.119908329491315024e-01 9.015973266083698867e-01 3.655251812513699572e-01 1.999497883729744740e-01 5.528147204732065667e-01 4.940000000000000000e+02 2.112934675670805618e+00
9.836947299746837681e-01 1.000000000000000000e+00 8.012699498639683782e-01 2.898164079913875379e-03 9.526109177922637006e-01 4.487324719331643452e-01 1.000000000000000000e+00 2.599645142730237501e-01 2.193669819320997749e-01 5.582825947842432468e-01 9.896048853455335914e-01 8.554009879430984897e-01 7.409118830968605129e-01 3.461350639614463875e-01 2.070027681528776586e-01 7.670561480744291227e-01 5.938949116426767150e-01 5.239978856034489541e-01 8.898930737962406079e-01 6.688893905270486551e-01 1.000000000000000000e+00 8.146288262832321880e-01 7.058533325730493857e-01 9.117116676552513566e-01 9.999745419565719828e-01 5.175539710194482224e-01 4.453349775906926267e-01 4.344233090673899622e-01 7.255730097864250272e-01 9.532343392003215232e-01 9.711183574570271260e-01 9.031702499477020085e-01 6.340000000000000000e+02 1.636320476905972710e+00
9.526274441956437133e-01 1.000000000000000000e+00 9.508503703967394749e-01 1.476285461875336547e-01 6.056960775959707721e-01 5.846230653571939939e-01 3.999930635274547841e-01 6.309411975029288744e-01 1.044920360488315741e-01 9.078745088592155010e-01 7.100060002104975343e-01 1.000000000000000000e+00 5.834670087024977914e-01 3.730653666490577614e-01 8.227671064281293356e-01 6.020644935950971721e-01 5.187921012222327377e-01 4.327705644512249705e-01 4.905595472196872531e-01 6.861724983726309457e-01 9.999996016039380820e-01 3.239746806297611470e-01 6.246450279075970169e-01 3.836247652081999915e-01 8.009034697727301921e-01 1.046403213570929053e-01 7.134496702555581660e-01 4.913695596438006352e-01 9.284554730090824326e-02 8.973340682789440192e-01 4.647285004045980106e-01 2.291284770653733427e-01 4.840000000000000000e+02 2.006126624950464343e+00
9.672754124280413812e-01 9.489332552323916925e-01 8.483052830920068121e-01 5.204162253163255314e-02 0.000000000000000000e+00 5.587685352681470187e-03 9.279624561009393036e-01 0.000000000000000000e+00 3.923554922253387756e-01 8.840187897390329175e-01 3.009468829395568479e-01 8.281062874720105382e-01 1.000000000000000000e+00 2.339872278864365066e-02 4.546882309626328889e-01 1.000000000000000000e+00 0.000000000000000000e+00 9.992039328665699438e-01 2.181417185540425741e-01 1.955791853410896175e-01 9.773354788684150973e-01 1.553553724866436614e-01 6.748188686502310527e-04 1.381743718707525714e-01 7.991089341367670906e-01 1.191530832687416747e-01 9.976622494621543158e-01 6.790648821989094808e-01 9.285505970415820721e-05 3.889388821617367209e-01 2.048814547452762827e-02 6.179057844642147357e-01 4.500000000000000000e+02 2.501689801897321264e+00
1.000000000000000000e+00 1.000000000000000000e+00 6.746361038995457582e-01 7.347885948159947889e-01 1.833264466182242813e-01 5.196240322463006045e-01 2.439490006865906724e-01 9.872030474456067184e-01 1.793585049718459112e-01 3.817246859045455021e-01 8.969180031272780407e-02 5.583369452852386949e-01 8.754968076259093124e-01 7.878101526897147711e-01 0.000000000000000000e+00 6.936882185541130008e-01 2.102796734483338981e-01 9.999141700916350795e-01 9.758435916331790194e-01 2.385892656288154667e-01 1.000000000000000000e+00 7.939421023296965307e-01 0.000000000000000000e+00 1.675022886211790518e-01 1.000000000000000000e+00 2.206155699573286721e-01 3.393277249905984339e-01 5.967408112267600373e-01 4.382418395733859162e-01 9.972660077784589738e-01 9.893388403873759618e-01 9.312802344359153439e-01 5.000000000000000000e+02 2.199729207962278110e+00
9.996653691593928581e-01 3.573101875593270305e-01 8.142357245852736014e-01 1.289024469762031500e-01 3.579471203820765446e-01 5.456177716196435323e-01 9.862820020290371525e-01 4.809885846434776013e-01 2.504924997518068186e-01 1.406105818896556392e-01 6.205929234578562159e-01 6.101073938217471682e-01 7.611361987291486164e-01 9.991652649084095117e-01 1.000000000000000000e+00 6.069910120652390884e-01 4.174261445764467227e-01 9.998179806102607259e-01 2.317283289956805770e-01 2.620640342773952747e-01 1.000000000000000000e+00 4.238538601441257936e-01 7.211168715960432074e-01 2.243921755793556738e-01 9.819299063429682839e-01 1.886405076655801594e-01 4.545466605955076900e-01 3.856579089279344452e-01 3.483989426099930176e-02 1.937745014975300328e-01 8.001292148303846830e-01 9.771373662027504903e-01 4.780000000000000000e+02 2.251301938837224625e+00
9.984766983808195384e-01 9.622348806526188625e-01 1.755986357016955102e-01 2.635285715800032569e-01 4.350307894740109149e-01 6.888698178803789873e-02 5.536398205643218162e-01 3.121674996751899189e-01 8.827946158670423316e-01 4.777802124426201447e-01 9.040428939899042282e-01 9.704585082394895368e-01 6.193330994487084018e-01 7.367414289460566534e-01 4.886486938424053350e-01 2.181065152523222015e-04 1.973875955912484381e-01 9.750860350397302367e-01 1.121715704806093387e-03 8.694739578201790553e-02 9.969311190500345088e-01 3.406684894572997169e-01 5.566069371538454741e-02 5.740488719829944797e-01 8.924673667921482201e-01 1.000000000000000000e+00 9.340296739583316132e-02 3.691387711043059849e-01 1.300804264327405473e-04 6.798450369591744202e-01 5.645791711610869124e-01 1.177538200718200714e-04 4.200000000000000000e+02 2.518654328498287409e+00
8.520739598644859747e-01 6.375609453772322910e-01 3.387462282022432047e-01 0.000000000000000000e+00 7.419421132417622911e-01 9.197884107537764031e-02 4.371249306290095893e-01 2.241015523039235729e-06 2.688025620563226914e-01 2.967008260546974419e-01 5.974252080190894931e-01 8.878547068886964988e-01 4.368134006464610697e-01 3.532203882252537563e-01 8.414790827210321122e-01 2.657313541674388192e-03 3.359991811799075117e-03 1.000000000000000000e+00 6.449427644197787135e-01 5.891667221614749206e-01 6.233244251232122890e-01 9.303431409958725640e-01 0.000000000000000000e+00 1.490741498851465840e-01 4.572838714308922192e-01 9.091740116906824043e-02 8.942184908029522372e-01 2.142995092530128043e-01 0.000000000000000000e+00 1.085658927800181881e-08 1.370740088140939234e-08 2.934696284741926675e-01 3.420000000000000000e+02 2.673193584344325746e+00
1.000000000000000000e+00 4.938480573777107030e-01 9.999963103658423558e-01 3.121152207969659642e-01 8.361766595832280657e-01 5.350202604950295981e-01 6.903120295343648793e-01 5.655412829879341574e-01 7.325194575744490288e-01 9.999875463473619774e-01 9.966527751572038518e-01 1.000000000000000000e+00 6.048723792578156733e-01 6.926069466148983000e-01 1.000000000000000000e+00 9.981828349405404976e-01 5.337872898549135270e-01 9.994943660920636574e-01 8.101019801828956979e-01 6.511088890653322636e-01 1.000000000000000000e+00 8.507074639639907732e-01 9.638981148831827772e-01 2.466540675382769554e-01 9.587522713482279357e-01 8.278127953592248067e-01 9.230910670587990641e-01 1.812362967423689353e-01 5.731214701485536356e-01 8.417571104107104407e-01 2.934534407814476942e-01 9.999865664997448222e-01 7.100000000000000000e+02 1.506467392331077848e+00
8.184618800633103319e-01 3.219497703701001967e-01 2.328278764376612298e-01 2.542844638426068307e-08 2.182169798666025728e-01 2.423265219824839445e-01 1.395998353911586942e-01 3.197120878878482843e-06 5.363429426472705597e-01 7.019674887794234985e-01 0.000000000000000000e+00 1.000000000000000000e+00 1.000000000000000000e+00 3.676799814980027947e-01 2.794884310358731749e-01 4.658685154488654834e-01 3.599822997798783897e-01 6.437954435688004740e-01 3.073117846954859971e-04 2.894825911789811190e-01 3.700723530072076717e-02 7.759123258318492145e-01 3.995917347007878206e-02 2.681812717239138305e-03 6.594597322137895068e-01 3.296916002560987269e-01 6.780538829445303950e-01 5.135622311378841391e-03 1.107627097732395149e-01 1.148741027712875257e-01 0.000000000000000000e+00 1.583912067320686068e-01 2.540000000000000000e+02 3.160867335878569495e+00
8.392018059046910672e-01 5.490736000354841106e-01 7.431382224114769786e-01 3.560859441026725108e-03 3.247729025681886372e-02 4.637401606790705344e-01 4.757850251140768871e-01 1.000000000000000000e+00 1.157226054789586289e-01 1.000000000000000000e+00 3.881845880560907402e-01 5.550844970290769176e-01 1.509749099358163593e-01 1.000000000000000000e+00 4.585787594705814652e-02 4.836211173260779317e-01 4.044492313217815105e-02 3.350489404068345833e-01 5.997316334763541645e-01 0.000000000000000000e+00 3.497296490151348691e-01 6.625392139693194737e-01 1.355109302930991421e-11 3.121034013847599070e-02 1.000000000000000000e+00 1.473742193687909707e-01 5.648527892187123201e-02 0.000000000000000000e+00 9.467963746992148488e-01 9.380730276330090378e-01 4.733721792307625797e-01 1.267053317895742992e-01 3.500000000000000000e+02 3.039312698364257770e+00
9.033891483726750327e-01 0.000000000000000000e+00 0.000000000000000000e+00 0.000000000000000000e+00 0.000000000000000000e+00 0.000000000000000000e+00 1.000000000000000000e+00 0.000000000000000000e+00 7.403822211038102452e-01 1.537523308694812296e-01 0.000000000000000000e+00 0.000000000000000000e+00 4.274914687415571901e-01 9.364617358119171620e-01 6.738640219798823772e-01 8.771152433989062303e-01 0.000000000000000000e+00 5.488008923105266446e-01 3.067376630261174353e-01 0.000000000000000000e+00 0.000000000000000000e+00 0.000000000000000000e+00 0.000000000000000000e+00 0.000000000000000000e+00 0.000000000000000000e+00 5.919319353683078627e-02 4.798542540889140784e-01 0.000000000000000000e+00 9.686585742542713762e-02 2.597041929829317364e-01 7.762853063362236405e-02 9.997168384346069026e-01 2.640000000000000000e+02 3.336203226631070606e+00
9.357982084509939291e-01 3.327425837484412341e-01 0.000000000000000000e+00 0.000000000000000000e+00 4.139223621417319893e-02 9.155273056857925473e-01 5.222572765765075704e-06 8.876847715930316976e-03 0.000000000000000000e+00 1.000000000000000000e+00 1.469598206643378813e-01 8.710174213190611005e-08 1.968204384871162504e-01 0.000000000000000000e+00 8.946379281694815111e-01 7.243064837989378058e-01 2.778389282297391016e-01 1.000000000000000000e+00 4.142433052526296733e-03 0.000000000000000000e+00 9.413683166794530044e-02 2.493408025601460409e-01 7.864100086081859953e-01 4.377955142299740782e-02 5.532563349368586625e-01 1.070568668442317337e-02 0.000000000000000000e+00 4.117382194309950695e-05 0.000000000000000000e+00 1.000000000000000000e+00 0.000000000000000000e+00 6.355690886444485821e-02 2.840000000000000000e+02 3.383084311852088799e+00
1.000000000000000000e+00 1.000000000000000000e+00 9.623073536303792253e-01 4.320427324391880597e-01 9.131766785515672558e-01 6.363976697573494601e-01 4.029237514183443558e-01 1.582048349651347663e-01 7.567477980486673195e-01 4.966223339253965086e-01 8.138571040724816852e-01 9.930484979015532510e-01 1.000000000000000000e+00 9.408939995117662214e-01 9.862592293258019005e-01 5.309019502250129641e-01 1.104425306081460861e-01 9.998022603501197647e-01 5.722286252230353032e-01 1.000000000000000000e+00 9.821881552717471875e-01 1.000000000000000000e+00 2.024777207066004725e-01 9.999895166120776890e-01 8.916818625823373923e-01 1.556422782893213119e-01 9.886440906191583666e-01 8.576414811581086761e-01 2.845343818745821665e-02 9.999983575436062200e-01 5.153120882628384747e-01 1.170967643414113635e-01 6.700000000000000000e+02 1.793768310546874689e+00
9.507433463182078937e-01 3.048848061907580842e-01 3.969949887201129624e-01 8.429014531113122877e-02 2.454930682105673223e-01 2.956052576195710227e-02 2.240299954824989115e-01 1.742201337172408770e-01 0.000000000000000000e+00 6.904327565276543455e-01 1.033520645748792627e-01 5.044896538528708119e-01 4.371364658771841882e-01 2.980820034398640184e-01 5.398612817822453502e-01 3.962080797803076426e-01 1.043127810703310399e-01 3.607208526651250469e-01 5.203573136028993851e-01 3.990466008232873563e-02 7.834049449318905012e-01 2.145424194452752020e-03 1.460734893034970269e-02 4.183093552371437429e-01 1.336519748646050609e-01 8.669502314307810388e-06 2.343487682693086091e-02 3.984400798692532691e-02 1.323275494673716857e-01 6.065020361806524596e-01 1.779110963882736193e-02 1.728190647241223399e-01 1.800000000000000000e+02 3.511697674823063497e+00
1.000000000000000000e+00 4.889165164626640969e-01 8.846573158068451459e-01 1.353530631187972455e-01 0.000000000000000000e+00 3.500675575136453777e-01 8.813447904481406248e-01 9.821501561512471223e-01 1.887547419806308760e-06 9.083363952448225698e-01 4.153267904492314336e-05 8.052636191218437434e-01 2.420307499072044954e-01 7.155429827369800266e-01 6.449773361509085756e-01 5.517273621726328514e-01 0.000000000000000000e+00 9.820206055244312671e-01 0.000000000000000000e+00 6.840802864603036104e-01 5.797649257147003965e-01 0.000000000000000000e+00 2.708796781454697239e-05 4.388862055494797132e-01 6.954885134213171227e-01 4.421045998676834676e-01 3.083605869091573777e-04 2.344298674832516749e-01 1.000000000000000000e+00 1.000000000000000000e+00 2.416883474817504429e-01 5.155777094940828255e-06 4.280000000000000000e+02 2.634108076233794282e+00
1.000000000000000000e+00 9.999998982389084468e-01 9.425595650630724798e-01 8.837469812958714810e-03 1.000000000000000000e+00 5.576648461731462669e-01 7.236837912814370055e-01 5.684950654525959823e-01 9.024591884132003861e-01 7.582387933527918733e-01 9.469824180944392822e-01 9.969951399099565847e-01 9.747586522359704686e-01 5.680936249813248740e-01 9.655650429895515918e-01 8.445261987410900284e-01 4.984647519515275627e-01 1.000000000000000000e+00 1.000000000000000000e+00 9.803226570921305116e-01 9.824887964842005106e-01 9.999698864936734655e-01 6.538942512353952685e-02 8.018538408877898815e-01 8.004019685985006571e-01 4.876968879582236349e-01 9.766222983152951231e-01 3.508626699662766857e-01 2.697155528591555634e-02 9.847244006124938887e-01 7.127796004672169727e-02 1.000000000000000000e+00 7.240000000000000000e+02 1.473677211337619530e+00
1.000000000000000000e+00 4.901362394409564116e-01 3.632125841543024647e-01 0.000000000000000000e+00 5.824629271091510789e-03 2.768877698811878472e-03 3.060920754291487087e-04 1.336237130758867186e-01 0.000000000000000000e+00 9.830370993642612021e-01 0.000000000000000000e+00 9.968892113768125229e-01 8.265213584498417587e-01 3.829143840680658828e-01 4.028744995728000267e-01 9.988938361618476813e-01 7.968883603778517122e-01 6.514380813125331127e-01 5.548602962602453559e-01 2.433255148436657984e-03 9.991218317363439461e-01 2.489472151965957669e-01 0.000000000000000000e+00 1.119167990594740481e-01 3.092396888810661215e-04 2.953645090285532127e-01 1.805838992782917872e-03 1.026711780942923813e-01 4.471965853495630805e-01 9.328102147590079385e-01 9.381968707537075014e-05 7.644825505653492226e-03 3.340000000000000000e+02 2.971052276611327869e+00
1.000000000000000000e+00 7.666803177536412051e-01 8.886644515464480198e-01 1.503796757818959273e-01 3.747563992707068220e-03 2.929270108362561076e-01 1.000000000000000000e+00 5.502060091388553120e-01 1.677514924444677979e-01 2.679739256279393134e-01 4.034384199267761484e-01 9.557573303340501925e-01 6.978599607368887181e-01 9.504457286165662877e-01 7.070193468341544607e-01 7.169781325871810163e-01 6.712546846658189459e-01 9.586496958111195843e-01 1.648969607419649985e-01 9.938684255396585954e-01 9.615320721370294033e-01 8.848556088187492508e-01 6.414556018275798799e-01 6.374442385818654966e-01 3.236870297720630951e-01 4.775724140174100185e-01 2.792554875474739240e-01 0.000000000000000000e+00 4.380236478969332659e-01 9.340611671384555503e-01 8.783814345158671433e-01 9.480834620338173258e-01 5.540000000000000000e+02 1.909596570332845245e+00
1.000000000000000000e+00 1.000000000000000000e+00 6.075685735019773492e-01 0.000000000000000000e+00 1.584006085917407103e-01 8.698114920964891139e-01 2.993420925486934281e-01 2.931865965369338523e-01 2.871004796073388654e-01 4.938774850920114590e-01 8.223113065969153146e-01 1.000000000000000000e+00 1.000000000000000000e+00 1.000000000000000000e+00 9.609184791855902574e-01 6.094827324200745577e-01 3.424287495132969372e-01 5.320934303894438999e-01 1.770909626772360912e-01 5.017931032178906126e-01 8.243459372527119911e-01 4.723979586130042400e-04 6.108577032536822715e-01 9.400179242306981597e-02 3.535314864181076655e-01 0.000000000000000000e+00 2.552075408458688854e-01 9.143301643102108578e-02 3.301412247650452603e-01 1.000000000000000000e+00 9.900983842437797999e-02 1.581012167624676057e-01 4.380000000000000000e+02 2.454932935310132347e+00
1.000000000000000000e+00 7.607595113157868960e-01 5.452027423146565965e-01 0.000000000000000000e+00 4.427954556054789492e-01 4.577390134277982137e-01 6.801228746366233535e-01 7.300735782535891505e-02 5.033516904171727591e-01 7.756699135893718733e-01 5.887580188775832779e-01 9.075924632526211067e-01 9.586312760499348107e-01 2.750629687684122415e-01 7.817480060353235727e-01 7.319907181006409802e-01 1.023139551747867942e-01 9.831689489483437239e-01 1.012462537573226989e-01 3.138180486501613853e-01 7.290554110559408496e-01 5.325356665454422656e-01 2.053219313015267142e-03 1.194329943532680544e-01 9.757313547656005781e-01 9.265881622949948548e-01 6.425690613675270058e-01 1.338807787913519898e-01 5.792347320522661658e-01 8.266175443235059817e-01 2.037873754021677503e-02 3.357008986284475971e-01 4.200000000000000000e+02 2.352150115966796573e+00
1.000000000000000000e+00 9.999269270457814551e-01 1.000000000000000000e+00 5.754779784782244612e-01 1.000000000000000000e+00 4.498995266075088710e-04 0.000000000000000000e+00 8.767336457275018979e-01 7.569063228735759541e-01 1.411101786859053631e-01 1.102440525154477387e-02 8.913763570975463679e-01 5.305983225703836403e-01 9.376737280350294634e-01 8.981996659387370130e-02 8.569795650811717902e-01 2.145009722609636238e-01 2.705834668365607598e-01 6.927620973762609324e-01 5.513155816616391869e-01 9.993509163065946721e-01 8.313399284635003550e-01 5.028519905299715731e-06 4.314387972414543415e-01 1.000000000000000000e+00 6.635873632298039393e-01 7.711097894084053550e-01 7.123023955419756081e-01 6.331108298065576401e-01 4.833482053951755342e-01 1.581270166313921144e-01 9.995870689997085057e-01 5.420000000000000000e+02 2.056449038187662559e+00
9.584690805123139423e-01 9.350162237213809346e-01 6.317796370233946801e-01 1.546157096655446372e-01 5.984507848086129123e-01 1.479076533569559024e-02 7.982164692343988177e-01 1.769339174659964598e-01 6.856375420948175314e-01 6.523958949871535573e-01 1.210246488317594238e-01 3.853563920023981293e-01 3.663341675011725362e-01 9.198660338304284201e-01 9.085899479938939205e-01 4.510039858504674704e-01 1.029529465176081404e-01 2.655559511459255062e-01 4.455034182411569121e-01 6.666798097117032640e-01 8.146274929972521228e-01 4.870712701722373361e-01 1.068200613923443870e-01 4.562956252173736571e-01 5.982121568285980739e-01 4.630449922927494799e-01 3.302672542724695570e-01 3.670155526455712858e-01 2.025502809090529849e-02 4.880216575345573404e-01 9.681446179833503862e-01 1.000000000000000000e+00 4.020000000000000000e+02 2.309682187398274689e+00
1.000000000000000000e+00 4.365929583511419243e-01 3.318874528705693105e-01 7.854331404389254534e-02 2.504477745695769531e-01 6.866865191434398108e-01 3.919993669326042318e-01 1.185514744051879149e-01 9.999919330568233233e-01 7.733461263008493125e-01 1.887257473850534328e-01 9.954082421512960854e-01 8.580435150155467650e-01 2.520117742430739161e-01 6.314695165608187333e-01 7.674756507040895182e-01 4.980039009960419150e-01 8.250139224115826675e-01 5.546509150533454058e-01 0.000000000000000000e+00 7.793750543172111023e-01 9.944703931817687748e-01 6.003332785839484709e-01 2.726779407990155835e-01 4.785266821138422499e-01 0.000000000000000000e+00 5.102023142505290876e-01 1.904092594315321685e-01 4.473789764829195215e-01 8.992738099777639604e-01 7.206309518251618918e-07 8.026848473767882464e-01 4.340000000000000000e+02 2.277435959710015112e+00
9.999103410766807531e-01 9.939350044286017205e-01 1.000000000000000000e+00 2.049498637431758363e-02 3.012513289791557969e-01 9.825173267011865219e-01 3.367936460424570400e-01 9.876489760113394967e-01 2.126505033088293695e-01 1.000000000000000000e+00 7.845207839041651310e-01 1.000000000000000000e+00 8.195599449441280937e-01 1.326345717754840630e-03 0.000000000000000000e+00 9.358810537576575106e-01 4.332416846420202305e-01 5.327709730210035133e-01 6.121144312912187857e-01 2.819693066965421879e-01 9.653820878045850096e-01 4.197511001322153379e-01 6.570518884005770444e-01 1.000000000000000000e+00 9.999999529091720962e-01 0.000000000000000000e+00 6.606561345623025439e-01 1.000000000000000000e+00 8.961331200825943810e-01 1.000000000000000000e+00 5.100193545569370324e-02 2.450868132758937390e-01 5.980000000000000000e+02 1.984331347895603725e+00
9.981740931944931283e-01 0.000000000000000000e+00 1.000000000000000000e+00 5.199595361463412724e-01 4.657397318195316549e-01 8.231671626498873739e-02 2.221259174466227171e-01 4.860275813700572489e-01 1.680527165292423630e-01 7.248493013229259097e-01 9.871401654970680672e-01 1.000000000000000000e+00 1.862324944556634498e-01 4.239264437219978504e-03 7.174246425061043819e-01 5.275577646774896046e-01 1.437383770233735258e-01 6.229510167136339538e-01 1.388613301187801574e-01 4.983394186854505636e-01 8.395843324749539816e-02 9.979492456411832857e-02 3.468744490888159976e-02 7.067894191731470821e-01 7.546292381305064190e-01 9.260838355100402611e-03 8.096394958041100987e-01 9.259452553785693651e-02 9.585773751979828061e-01 1.000000000000000000e+00 9.152548160117321419e-02 5.052466449785890656e-01 3.820000000000000000e+02 2.851783040364583410e+00
1.000000000000000000e+00 1.000000000000000000e+00 3.740367364776563952e-01 0.000000000000000000e+00 5.935460444004055092e-02 4.515626605597299753e-03 3.607762004912982157e-01 3.845865791999426072e-03 1.390987330309105194e-02 7.671281539729604138e-01 0.000000000000000000e+00 4.265951637137501140e-01 7.030452774836700724e-01 0.000000000000000000e+00 9.793582483571278141e-01 1.602357449222755192e-01 0.000000000000000000e+00 6.007941728531786263e-03 4.440528326520024605e-01 1.545755493050307512e-06 9.901132710748138388e-01 4.072777874848890756e-01 7.024172494328011218e-03 2.742067274496499674e-01 1.626648083754881902e-01 1.417739548966145870e-03 6.904747199126712864e-01 0.000000000000000000e+00 9.783293069112304341e-01 5.542730424506838727e-01 7.211075404924223442e-02 8.829966561323529528e-02 2.860000000000000000e+02 3.081056128607855715e+00
9.878550540870354446e-01 1.000000000000000000e+00 1.000000000000000000e+00 5.336125894928445135e-01 6.866102972531393789e-01 8.263479133395794374e-02 8.989000811453869977e-01 5.728485630329076539e-01 7.917253576656906044e-02 1.284966939809182862e-01 4.317714617742505201e-01 9.896093698173829001e-01 9.131678408494507959e-01 9.371311366228906037e-01 8.960348962318223087e-01 4.168215925088515350e-01 3.698045368619825579e-01 9.461417967162247811e-01 8.016121274563362542e-01 2.253206093242721419e-01 9.705650397751448555e-01 9.802780864837927766e-01 6.259025465929737297e-01 8.687002179781521116e-01 5.769133368738559309e-01 2.197894532816851987e-01 0.000000000000000000e+00 4.349704870724206002e-02 3.100822579139346780e-01 6.483789993123750817e-01 2.647415754859422377e-01 7.331038000818786982e-01 5.500000000000000000e+02 1.965840383161578275e+00
8.934929016824960657e-01 9.199351897422436419e-01 9.753335458280520953e-01 2.251460347144001659e-02 6.024281033483500081e-02 5.489297275488635303e-02 6.172035045332330966e-02 8.067966794913404571e-02 2.640870990839700450e-01 4.273488840880770301e-01 3.946773629075026046e-01 4.954320119441564807e-01 9.518194211229402679e-01 1.581355012591563122e-02 1.606865091951595065e-03 3.920849129531245314e-02 0.000000000000000000e+00 7.467718201637457698e-01 8.410971021444094142e-02 2.465332267032227520e-01 5.898601173301893930e-01 2.372920885799504470e-02 8.266086863298091614e-02 2.198793323107131048e-01 7.002252083368716296e-01 5.511109960466632762e-02 2.317322245878534748e-01 4.947138769034493122e-01 1.471116132683535360e-01 8.247061301653448862e-01 3.516508747854475980e-01 5.228232498298712727e-01 2.840000000000000000e+02 2.987432286768784362e+00
8.467114190457332157e-01 9.964881719807577865e-01 4.075420832709246710e-01 1.231848715328418518e-02 8.985598372023079206e-01 4.476975005705913224e-02 2.807848952395751094e-02 9.412155327475628386e-02 4.608103846015109556e-02 9.970950249021406919e-02 1.487712055915406222e-02 1.898400100466759166e-01 8.984411226549955387e-01 1.937561600118551108e-01 9.550083550628679641e-01 8.240810099102515718e-01 6.133390140569506821e-01 6.862082776585490818e-01 1.555169877458390248e-01 4.894771855513691677e-02 3.415302157700242369e-01 6.403738153579288661e-02 2.882265234296247508e-03 8.276561976587325231e-02 7.717553638885588096e-01 1.633607679239145460e-01 1.461553594036417263e-02 8.123736394473014821e-02 1.123622563641839822e-01 5.037293905919797421e-01 3.071211622210716641e-01 6.489783559427021453e-01 3.160000000000000000e+02 3.003293208586863994e+00
9.823631500998160071e-01 6.226604152514426671e-01 6.031320280551902835e-01 3.821642875893031810e-02 7.308549188755982806e-01 2.423495788636416404e-01 8.726645728673503299e-01 2.365037923171975087e-01 4.103795074170549229e-02 9.999999942077292259e-01 1.810554584448538507e-01 5.792756648532370045e-01 4.828387249116085078e-01 9.964984017927495108e-01 6.403783543443637427e-01 1.253070845970968503e-02 0.000000000000000000e+00 9.387547277173770022e-01 6.882019766594248411e-01 7.532211202968154273e-01 9.327101794810276347e-01 7.548112004922707952e-01 4.203681075830402736e-01 2.330121290463700867e-01 8.321520236812799398e-01 7.403195130626992471e-02 1.428789977770963775e-02 0.000000000000000000e+00 1.621644177286225563e-01 1.384921095953959569e-01 1.280456976205208708e-01 8.564684044401617014e-01 4.260000000000000000e+02 2.480864185757106988e+00
9.798965925953273537e-01 6.871761358402124209e-01 6.280485848885082323e-01 8.228959429385250546e-02 7.968459053616668841e-01 6.321986491206582626e-01 9.962780914642327401e-01 4.045253797530378725e-01 3.101198105611983613e-01 9.780386826799780664e-01 9.677005518912871196e-01 8.093301388438778332e-01 9.313935905878021337e-01 9.975117896617182733e-01 6.851101378636623718e-01 4.353473957318479970e-01 9.991691150919568276e-01 2.873767388724715044e-01 3.827563428488102160e-01 2.502718342378933980e-01 9.777361570430334048e-01 7.949202523382357111e-01 5.582800593086427732e-01 9.954394128802351860e-01 8.889342401684424688e-01 1.000000000000000000e+00 9.854701911088159516e-01 2.860651718951481848e-01 6.073759801561761096e-01 4.925796789570618950e-01 6.145046167015850713e-01 5.137541896107962192e-01 6.060000000000000000e+02 1.721076891715066282e+00
1.000000000000000000e+00 8.320932150170423647e-01 4.404506689498738359e-01 4.134342837013188499e-02 9.238365487860374925e-01 6.394889234267545630e-01 7.632988466623429336e-01 5.331628989100910959e-02 9.796189613277427322e-01 9.998146556535443263e-01 1.000000000000000000e+00 1.000000000000000000e+00 3.775033605748455146e-01 0.000000000000000000e+00 5.913652393649208028e-01 0.000000000000000000e+00 9.992927522166803467e-01 8.001233191785965815e-01 3.939697588422272356e-01 9.994545306511358751e-01 9.999994315935498701e-01 9.985584132464918605e-01 9.999997767260397907e-01 1.000000000000000000e+00 9.996085871370229414e-01 4.069098246587290468e-01 5.878480956206247887e-01 1.105459939217014464e-01 4.183248428112228967e-01 2.196201671732320171e-01 5.628577107741739027e-01 9.999906216026963612e-01 6.140000000000000000e+02 1.809183057149251539e+00
9.116485418139572694e-01 9.999853970003874659e-01 1.316482520549483726e-01 0.000000000000000000e+00 2.679158431349600300e-01 3.245040354814846158e-03 1.940069387309935611e-01 8.240763113122245853e-01 2.069845074899287138e-02 9.698123015264754231e-06 3.911652513285007737e-01 9.781974596383077314e-01 7.578030981617367434e-01 6.125240282106090661e-05 9.328286712892487342e-01 9.997680041700067743e-01 3.259798840382081009e-01 8.139974024114424722e-01 8.515965061836516803e-02 2.211240835344233380e-01 2.394482052729515753e-01 1.000000000000000000e+00 2.933050756347028720e-01 4.143129885596112671e-03 9.341256252492980972e-01 1.339651797659402455e-01 4.288201012522792621e-01 8.831714361997314300e-02 1.472045894569141110e-02 9.994973196970916574e-01 2.297858637453938646e-01 3.608545063146254561e-01 4.000000000000000000e+02 2.554052607218424864e+00
1.000000000000000000e+00 7.732064963218681086e-01 9.828326172667052330e-01 5.482344975354988938e-04 7.288097046855148697e-01 5.488922040745650710e-01 2.005318116329849187e-01 1.577179519921430078e-03 5.737066001607002974e-01 1.000000000000000000e+00 0.000000000000000000e+00 1.000000000000000000e+00 7.607261351193169707e-01 9.837348718712549678e-01 6.958241981937659526e-01 6.953226062271822272e-02 3.998695009069125894e-01 8.912964287601840400e-06 7.945327709175126207e-01 0.000000000000000000e+00 7.370740289502333287e-01 4.531324961773165044e-02 6.363589653054751993e-02 1.000000000000000000e+00 8.531804946651371235e-01 0.000000000000000000e+00 3.989299707752176280e-03 2.344117550972548217e-02 0.000000000000000000e+00 1.000000000000000000e+00 2.178243515064586522e-01 1.248615884655306270e-02 4.060000000000000000e+02 2.837190839979383927e+00
8.643375509644363186e-01 7.642188357874711846e-01 4.953072606444061665e-01 6.622609975909504731e-02 6.403480865134311140e-01 7.602411164631059926e-01 2.792814074341157804e-01 2.269327789451520694e-01 4.365292544270577002e-01 2.062108699620319452e-01 6.665943507331850704e-02 9.198461011348887384e-01 8.713741732573303533e-01 8.913420347283630418e-01 2.347368299134891256e-01 4.986418667674655247e-01 2.279365464240687977e-01 0.000000000000000000e+00 1.933937051795990847e-01 8.406962386736773277e-03 9.461899706246623687e-01 3.580797918886596265e-01 6.955811516629697433e-01 3.113618642536867057e-02 7.956135992998437656e-01 4.310547054624820351e-01 3.882342507922003083e-01 3.209488372372720777e-01 8.996106367186872399e-01 5.751468389389257085e-01 0.000000000000000000e+00 9.967564703372766566e-01 3.900000000000000000e+02 2.562596005757649564e+00
1.000000000000000000e+00 9.974150873428258013e-01 9.612952952106144089e-01 7.544734643099049697e-03 9.704700900937014360e-03 1.640319630276929064e-02 1.648276458729890093e-01 1.835392810293351717e-01 4.633073135606570192e-01 4.146689594520698297e-01 9.999895174064088454e-01 1.000000000000000000e+00 7.944004225436055444e-01 8.641886386273870402e-01 7.519620237901664117e-01 9.982346727655616592e-01 4.513815464936833388e-01 6.240852778498507947e-01 1.195255371910987491e-01 5.950349376498508258e-01 9.489983489234740111e-01 9.733495443552162563e-01 7.468855616293460509e-01 7.276352895252063968e-01 6.246980787261242618e-01 5.636758306877028835e-01 6.212632986740546093e-01 1.729095948573479147e-01 4.339676197564101279e-01 6.110915202668393276e-01 3.551595207041907121e-01 2.525171171743563758e-01 4.860000000000000000e+02 1.936135162132373688e+00
9.818992461827198426e-01 9.764238650856392754e-01 5.384226775221281347e-01 1.925009301151012486e-01 7.134512152367997739e-01 2.735838491157077113e-01 2.116779943722178481e-01 1.525272131272922549e-01 3.837809814207909787e-01 7.548703760549810848e-01 9.520367371055288297e-01 9.355962436160027984e-01 1.000000000000000000e+00 9.540179934122565708e-01 8.564880619352962521e-01 2.466554972468023854e-01 2.594459633877648774e-01 6.929271588190210052e-01 8.730218339500691593e-01 8.385074320562415640e-01 9.730741594555639695e-01 4.815216977481316385e-01 1.899109052392888575e-01 5.782372703423899196e-01 3.224920856124063873e-01 6.154809101606882882e-01 9.538493644764122203e-01 5.521134611703037293e-02 7.740104487938072042e-01 4.717549630170069647e-02 4.056145415498250695e-01 9.783038157782255606e-01 5.300000000000000000e+02 1.961631736755371058e+00
8.351838966537930009e-01 1.000000000000000000e+00 9.272441879359621941e-01 4.000946750061606938e-01 5.830808022530673540e-01 0.000000000000000000e+00 4.226411008541646752e-01 3.653222662681687022e-02 4.158824044390640462e-01 1.000000000000000000e+00 2.585621928134698710e-01 7.655254242055150593e-01 1.000000000000000000e+00 4.621247283146100449e-01 4.433108833251440672e-01 6.159813428176883487e-01 6.027883238318407777e-01 4.152876381223453151e-01 1.923674738099903914e-01 5.215668674531536153e-01 8.894416578943239449e-01 7.878664798124371815e-01 2.367420541162295611e-01 1.343717836583068481e-01 6.711177311006163437e-01 1.022308602742020844e-01 0.000000000000000000e+00 7.179712557744000190e-02 0.000000000000000000e+00 8.082592895250179099e-01 2.022471863525401869e-01 2.005412581494031218e-02 3.980000000000000000e+02 2.473960683186848808e+00
8.758436770293268614e-01 9.334543487323514466e-01 9.675271671257326123e-01 1.382176155829567543e-02 4.400880213341238911e-01 4.961113942383721387e-02 4.490157249895381786e-01 5.212137275982531293e-02 3.869120098853662260e-01 1.228657545712893429e-01 7.001086513065838401e-01 8.442890748031154358e-01 9.530090515877799318e-01 7.536529355120649143e-01 2.332588687520787407e-01 8.967049721615273361e-01 2.222541895245283561e-01 8.207740795330672468e-01 2.246664438718746215e-01 2.275984454205598473e-02 6.179900142610683655e-01 3.736387510164487780e-01 4.667000091939618178e-01 3.334698635775129594e-02 5.830312488110447333e-01 3.544229689003695616e-01 8.651816248066052095e-01 5.160148942903755032e-01 4.400848230849740972e-02 3.817357106718623494e-01 6.382304151987322482e-01 9.531846115791772212e-01 4.340000000000000000e+02 2.298293086065762214e+00
9.991147998139678910e-01 4.667789020915348308e-01 2.614768612505263823e-01 0.000000000000000000e+00 1.547218187160094016e-01 3.842358132352526878e-01 3.949437907787965545e-03 9.502370920535337939e-01 7.556096377403598296e-01 4.408765708475536615e-01 5.305089308115052971e-01 9.803780987762715782e-01 0.000000000000000000e+00 6.314864146217434859e-01 9.944598399054825899e-01 1.000000000000000000e+00 2.486735406446883775e-02 3.763766649106274342e-01 6.917717289104237388e-02 0.000000000000000000e+00 4.186437789226372108e-01 1.358160681716957807e-01 2.321704906429401805e-01 9.446499167846112988e-01 0.000000000000000000e+00 5.134537283027013283e-04 4.877001879596404219e-09 2.173596870769176626e-01 9.996936078708378304e-01 0.000000000000000000e+00 3.373478650180128879e-04 2.734366356425179667e-01 3.380000000000000000e+02 2.979427988688151174e+00
8.847083775348515422e-01 7.330891039354574534e-01 3.436920115804214526e-01 6.897019980482876900e-02 1.215781817412091570e-01 7.456791413406810287e-02 1.018279608499921829e-01 1.894005028473248198e-01 1.045877260651216917e-01 9.603010802516036559e-01 4.933479979533936244e-01 7.135439140949804138e-01 3.872341918723232745e-01 9.451901655423520232e-01 5.984651999573348258e-02 4.237193052168885532e-01 6.810161269987899946e-01 2.540623432605713661e-01 4.829439167090729401e-02 4.396792971126515237e-01 9.407769577571394315e-01 8.238852912778639459e-02 1.230653158670354935e-01 5.435230054594956117e-01 6.675481407458605521e-01 2.791816615288831294e-01 4.242297181194790157e-01 9.197233103393662734e-01 3.214245093715973334e-01 3.878133576200183952e-01 3.709470583174120234e-02 5.419116949290105900e-01 3.180000000000000000e+02 2.722261640760633927e+00
0.000000000000000000e+00 0.000000000000000000e+00 0.000000000000000000e+00 1.000000000000000000e+00 0.000000000000000000e+00 0.000000000000000000e+00 1.000000000000000000e+00 0.000000000000000000e+00 0.000000000000000000e+00 0.000000000000000000e+00 0.000000000000000000e+00 0.000000000000000000e+00 0.000000000000000000e+00 1.000000000000000000e+00 9.185587463546405207e-01 0.000000000000000000e+00 0.000000000000000000e+00 3.301635361582768713e-01 0.000000000000000000e+00 0.000000000000000000e+00 0.000000000000000000e+00 0.000000000000000000e+00 0.000000000000000000e+00 0.000000000000000000e+00 0.000000000000000000e+00 0.000000000000000000e+00 0.000000000000000000e+00 0.000000000000000000e+00 1.000000000000000000e+00 0.000000000000000000e+00 8.786677705452083931e-01 1.000000000000000000e+00 2.760000000000000000e+02 3.779442120869954902e+00
9.999999894528760480e-01 1.000000000000000000e+00 4.793599566289632463e-01 8.728500742850511807e-02 5.871553169825232121e-01 4.192023120171959882e-01 5.455661138562625453e-03 1.410597060784943291e-01 1.184256986863254160e-02 9.083386749928268333e-01 9.604559810026271904e-01 9.999994843161513769e-01 6.141059657459497778e-01 8.490334770813660059e-01 1.699558420199326625e-01 6.093536908807700714e-01 1.601838735611994524e-01 1.259056519677790031e-01 3.460160219722172026e-01 8.579623246655262436e-01 7.913811643966213172e-01 4.155932930037850026e-01 3.689785782467369657e-01 7.946868526210197903e-01 3.667240719509278213e-01 6.629606824510396058e-08 7.811090635566657336e-02 9.816198152533045507e-02 4.833799252164899807e-01 9.197679051916805015e-01 8.822367357090179496e-01 3.612083626750637322e-01 4.280000000000000000e+02 2.528480325228926073e+00
4.101033634562956109e-01 6.424216612849009689e-01 1.348016563232784792e-01 1.198045369530964105e-01 5.517258866401182626e-02 1.121904914822232898e-03 7.710243446161100245e-01 3.600147398985233897e-03 5.825839433810676982e-02 3.983497383915813456e-02 9.752352343263873680e-01 3.626922322662329973e-02 4.375252233199842244e-01 1.188921741213799657e-03 1.055674613332496098e-01 8.056126853897881482e-03 5.257520767809370672e-03 3.278154168867171252e-03 5.812141400327192065e-02 2.117158750334756367e-02 7.256604981744979588e-01 3.772615158266160451e-01 1.140971186941273641e-01 1.363437397712390087e-01 4.604338227618780949e-02 5.055705830346739482e-01 9.806458351656642813e-01 1.684404682292060113e-02 7.810564186161960132e-01 3.882569908687942828e-01 4.148868910874297655e-01 9.772368270523250633e-01 2.380000000000000000e+02 3.378778801841297419e+00
9.591101470975254006e-01 7.458765061176699795e-01 9.105758270127475296e-01 0.000000000000000000e+00 3.978235537440795722e-01 8.088005862749125807e-01 4.291602425125336517e-01 3.167873477110991765e-01 9.584154793558652408e-01 4.700484549946592483e-01 9.538608449946445189e-01 9.947633869483507585e-01 9.126659926574817172e-01 9.662921175370866589e-01 9.853754337875177960e-01 9.968916999832250214e-01 3.687013454203360019e-01 8.365606077431051446e-01 6.414320216858980517e-02 2.279891920321103493e-01 9.993134535351384518e-01 7.366355678908357296e-01 3.048796224335675875e-01 7.912726449947348195e-01 2.493229129339712968e-01 7.910337620584335927e-02 5.642837924719820153e-01 3.695377521868335041e-02 3.495488182427204382e-01 1.000000000000000000e+00 7.970167169155249753e-02 8.164185127784133467e-02 5.280000000000000000e+02 2.211470085277892128e+00
9.986015207193592591e-01 8.029393500415533680e-01 5.315702715382620847e-01 7.417990645635912095e-02 1.002915171533509814e-01 0.000000000000000000e+00 5.787560974223766586e-01 1.098083285178032831e-01 3.753509609859637108e-01 5.900681531249352130e-01 1.637002073093101195e-01 6.545818433449329676e-01 0.000000000000000000e+00 7.872458887831339513e-01 7.028095524840559660e-01 4.258908458602495561e-01 1.606196993392996694e-02 8.660562459737779495e-01 0.000000000000000000e+00 3.380015854671640230e-01 4.554690370006665989e-01 4.356779108160932501e-01 6.832878976796363801e-02 1.440630663324721401e-02 3.175820491222600683e-01 3.610688462662499099e-01 1.203247554626901139e-01 3.745434487230518417e-01 8.407614536081570167e-02 5.117665946521807729e-01 6.376922039919555307e-02 1.020869410286075890e-01 2.480000000000000000e+02 2.986247376189834934e+00
6.684961816119177058e-01 0.000000000000000000e+00 1.610900689335794667e-01 1.000000000000000000e+00 8.187324020021440052e-02 0.000000000000000000e+00 1.581816755592814205e-01 3.016989981730909820e-01 4.353771958579560897e-01 0.000000000000000000e+00 5.372050850500720287e-01 5.313244962264488391e-01 0.000000000000000000e+00 2.335658305793598261e-02 9.440995815362354104e-01 4.372547503978337400e-05 4.154214190101897519e-01 0.000000000000000000e+00 0.000000000000000000e+00 6.077828141844674459e-01 0.000000000000000000e+00 0.000000000000000000e+00 7.663248085979838822e-06 7.434403540596438306e-06 0.000000000000000000e+00 0.000000000000000000e+00 9.539827037674707411e-01 0.000000000000000000e+00 0.000000000000000000e+00 1.846682919956812718e-01 0.000000000000000000e+00 7.810731319701266218e-01 2.220000000000000000e+02 3.551598081917598293e+00
9.999797384594020233e-01 4.782226627521454776e-01 9.536686724281462357e-01 1.525259174462035888e-06 4.723383824902012733e-07 1.571142419206059712e-04 8.993254723538461892e-01 7.940672215172735383e-07 4.943750051140848867e-01 7.315365543276682869e-01 2.912998174873854818e-01 8.453305807196135335e-01 1.871095856569807703e-01 6.587577318975198493e-01 9.999947256680815633e-01 9.998916161805780911e-01 4.794069160762950976e-02 3.406386867518955142e-01 7.297454845202171470e-01 8.955976554527327327e-01 9.999891086975519761e-01 9.988971516704054920e-01 1.493839458424186806e-01 4.527193048554199462e-01 7.778473057061832119e-01 7.666107901453733664e-01 3.763594849642363793e-01 6.182936242142043071e-01 5.049268289781003727e-01 6.575020823345826271e-01 1.722858981621563923e-02 7.197122246556448832e-01 4.760000000000000000e+02 2.197233642356982930e+00
8.871395514678320771e-01 7.253927875632917299e-01 9.235769554090507150e-01 1.039019643143817145e-01 1.068833566517882472e-01 4.467020434177764177e-01 8.239963437848261130e-01 2.203742171688679308e-01 4.644264821000748666e-01 3.422502081179161215e-01 2.199143063323827640e-01 9.999999989798136202e-01 8.895154094734865069e-01 1.000000000000000000e+00 9.030044545855628879e-01 9.929045296564439349e-01 4.182005195453427082e-01 9.631423752902603663e-01 2.472427173173659953e-01 6.449011321959026155e-01 1.000000000000000000e+00 1.000000000000000000e+00 4.308017861358488104e-02 2.994760220184392030e-01 9.484027108043527887e-01 5.681338825027391071e-01 6.862736188346277855e-01 7.381265400931148468e-01 4.295488714549514087e-02 6.470500145897196687e-01 5.328468357421616008e-02 3.755060696115286589e-01 5.300000000000000000e+02 1.989469935099283937e+00
4.736629877526855048e-01 1.000000000000000000e+00 5.617053717064203200e-01 4.642154958403310605e-01 5.258937470308270301e-01 0.000000000000000000e+00 7.041348059243639490e-01 8.757620002118089442e-01 5.519302406383578274e-01 9.199148695217202257e-03 7.969716673221769465e-01 6.146776735835524086e-01 9.999969474102357037e-01 9.368037493586199860e-01 1.080721957484922502e-01 9.163878349587692984e-01 3.740685694601396903e-03 3.280413068368863705e-01 9.808105264718977034e-01 2.291320619112938509e-02 9.677985729695025574e-01 1.952429564206919158e-09 0.000000000000000000e+00 1.000000000000000000e+00 9.898976700006524299e-01 7.652887883146457515e-01 9.854268828569002769e-01 8.738220357923064119e-02 3.734412495020487666e-01 6.207853745187107419e-01 7.812646391020948433e-02 6.129517920847206147e-01 4.820000000000000000e+02 2.369331764452385247e+00
8.691741475087003677e-01 2.957695917245790063e-01 1.000000000000000000e+00 0.000000000000000000e+00 0.000000000000000000e+00 0.000000000000000000e+00 3.106608113417391043e-02 3.999807918842731569e-01 3.391094284593066943e-01 1.000000000000000000e+00 0.000000000000000000e+00 5.887629763114584636e-01 1.000000000000000000e+00 0.000000000000000000e+00 1.000000000000000000e+00 1.000000000000000000e+00 2.711021127162870359e-01 9.530773955953963927e-02 0.000000000000000000e+00 5.518102385408195643e-01 5.800107597587144115e-01 7.258082453760221764e-01 7.688029763604230515e-01 3.384308806614069048e-02 0.000000000000000000e+00 0.000000000000000000e+00 4.915972819781604941e-01 0.000000000000000000e+00 0.000000000000000000e+00 9.943947565946833489e-01 0.000000000000000000e+00 7.994557683270340220e-01 3.480000000000000000e+02 2.886029261271158664e+00
9.584139844467929326e-01 9.925301713855235741e-01 6.360768157780072318e-01 1.753825368350691860e-01 5.529953918830856491e-02 3.977754105751680862e-03 4.984392433415366086e-01 8.912955594824556460e-01 7.674822536024773767e-02 8.900289055842593999e-01 2.732215417605463048e-01 7.492502056518861586e-01 6.680860622624484879e-01 9.266883486349680732e-01 8.925532433054214065e-01 2.960898572827359021e-01 2.431508022584152329e-01 3.140535112665642226e-01 5.669397143512119319e-01 5.134721953779382009e-01 8.979671805227743553e-01 2.401377369466055900e-01 9.850142883719142928e-01 1.124820330950622969e-02 7.205575924951524991e-01 3.787856724554428123e-01 3.526469794560225246e-01 3.748538005554030716e-01 1.968142739206340391e-02 5.639383847117667159e-01 2.895281589794210797e-01 8.150673033498971876e-01 4.320000000000000000e+02 2.211226424618043751e+00
1.000000000000000000e+00 1.000000000000000000e+00 1.000000000000000000e+00 6.189657702069892992e-02 2.036389366425262470e-01 4.715430186810347091e-01 5.799961187669753215e-01 4.090417894374781538e-01 4.928222177831451112e-01 5.854839756157763642e-01 9.999999791177288655e-01 9.999989820161624410e-01 7.954945356943351475e-01 5.430457973327760257e-01 7.755639322845018224e-01 9.998984900873082449e-01 3.256604283562483104e-01 1.000000000000000000e+00 5.978505794265924767e-01 2.660213337845563908e-01 6.989577838654480457e-01 8.991663000081616675e-01 6.089246398027425844e-01 1.300282605878797515e-01 1.000000000000000000e+00 8.747011136740814319e-01 7.613736115270427485e-01 2.975943043104128938e-01 2.506714487617514031e-01 8.296239539977163790e-01 4.772054892948447979e-01 7.285396018049233868e-01 5.360000000000000000e+02 1.761830544850183200e+00
9.371745613843985856e-01 9.396222888074169388e-01 1.000000000000000000e+00 0.000000000000000000e+00 5.784480353983735279e-01 4.721669101454283729e-02 8.913553476535049369e-02 4.471064288992047664e-01 1.476390667696483583e-01 7.125098936403435612e-01 8.913160231859669214e-01 9.817445470315996348e-01 3.107862106920398770e-01 8.757857073006993787e-01 1.000000000000000000e+00 6.880767883641000227e-01 2.274074253611488017e-01 7.016334952381985124e-01 4.923190706930060528e-02 4.017713037727184688e-01 5.748173118641284329e-01 3.137361044178153535e-01 3.055753483482334665e-01 6.326095522292216611e-01 9.905747567441329782e-01 7.681405308412764255e-01 9.915518263806348820e-01 1.171096058215426311e-01 9.997468027779998767e-01 8.099895425985035313e-01 3.507226316674436073e-01 1.836642998410392413e-01 4.980000000000000000e+02 2.173648186335487953e+00
1.177929796825382819e-01 8.465603836903727863e-01 1.000000000000000000e+00 0.000000000000000000e+00 0.000000000000000000e+00 1.645552111186408470e-02 8.484504588432519034e-02 2.626715285283669488e-01 4.375120470577165133e-01 5.212673681587216556e-01 2.978521391781844829e-01 6.371555973803525452e-01 4.748525174174765273e-01 2.521793477561014574e-01 6.071813118342241911e-01 1.528805390937068298e-01 1.116040873310861036e-08 3.428780475359540225e-01 5.346003093792133271e-09 1.118523075817219048e-01 1.719246127028519963e-02 2.374761224015234883e-05 3.741753257998789554e-07 3.783035749514927369e-11 1.419184679580037245e-01 8.767431717366042099e-02 4.197892593190125088e-01 1.739441909566396814e-05 8.095588706028412906e-02 3.237190998445270695e-01 5.855326840327379490e-01 2.748232942482168317e-01 1.940000000000000000e+02 3.431255933973524463e+00
9.999980919389733769e-01 8.589798077174174429e-01 9.237356516788631788e-01 1.153344371334980717e-01 3.303273213991251289e-01 5.019961307210734081e-01 1.000000000000000000e+00 3.223525019495456778e-01 2.684601042760165757e-01 5.183687951136918270e-01 7.228115842297966331e-01 8.124427383885887144e-01 4.365901126835990409e-01 4.316273230218029555e-01 3.267923147712135101e-01 3.178894192199806512e-01 2.127175878871930548e-01 9.734124432334448906e-01 1.251112965531400167e-01 9.165079651379303138e-01 6.848835765574925460e-01 4.476177382656171266e-01 2.598024300941075837e-01 3.841596792073613820e-01 4.463827402444913717e-01 6.823864794035212622e-01 4.631201183213594641e-01 4.516699501993469146e-01 3.361586722832974883e-01 6.547449340877223856e-01 5.533276897079479895e-01 3.274461013520780783e-01 4.040000000000000000e+02 2.213145960489908859e+00
9.999999999999994449e-01 0.000000000000000000e+00 3.941360798140298299e-03 1.040049519127301224e-02 8.220988073987537392e-01 0.000000000000000000e+00 1.062457734181139479e-01 8.260673008604323153e-05 5.231759733525866984e-01 9.709392968271032265e-01 7.156971644567831081e-01 4.069320124326842314e-01 1.057698569250822840e-02 9.999789870773702072e-01 9.999999999999996669e-01 9.187098218213115564e-01 6.273452511705420731e-01 1.061038567528095888e-01 4.190616313922633229e-01 0.000000000000000000e+00 6.686978721172430473e-02 2.683906309556667313e-01 1.974847644376442335e-01 2.323787810581504631e-01 5.500427724484245091e-05 0.000000000000000000e+00 1.634604503520669012e-04 0.000000000000000000e+00 6.394904003724939390e-01 9.999927916613040590e-01 1.611543100340753870e-05 5.671358286914510716e-01 3.440000000000000000e+02 3.059156799316406161e+00
1.000000000000000000e+00 6.537695127761138369e-01 4.442787389168008638e-01 4.077141766407486601e-01 2.569034617289795430e-01 1.521334296987184309e-01 7.726343428080265641e-01 1.178608774505802703e-01 3.904305727715349783e-01 9.731004666821342353e-01 8.170944928248222716e-01 9.369232046457462992e-01 5.358183994337620826e-01 9.999999965749322151e-01 9.996525314769317827e-01 4.780525757617644644e-01 0.000000000000000000e+00 9.652115988492060428e-01 7.968317769691737329e-01 5.168300568864596378e-02 7.751924149744060522e-01 8.787407124223074462e-01 6.567298933979929254e-01 5.132138798967349480e-01 1.007541914090590990e-01 2.196612468134818141e-01 1.661177403970811510e-04 1.198984227401744080e-03 7.767285404450537112e-02 1.569723239833657746e-02 0.000000000000000000e+00 4.309074601500064716e-01 4.160000000000000000e+02 2.469444529215494732e+00
1.000000000000000000e+00 9.906351840874157988e-01 8.200919735618776851e-01 1.591517343882188074e-01 3.881484011790040101e-01 8.538607842410957938e-01 1.711687846945689206e-02 4.310567925053997163e-02 3.676708963442646971e-01 2.885238836930980599e-01 6.735673953834996341e-01 9.687127441202212363e-01 9.381943277765661948e-01 7.222633165016811851e-01 8.894987911273156689e-01 9.298803944915263742e-01 1.254392613436021986e-01 8.908439082735409853e-01 2.195497562835731498e-01 9.162939935047536011e-01 5.578481993640215242e-01 9.813976025017634441e-01 1.623728229981253324e-01 1.240171092106875581e-02 1.724885900402330363e-01 9.184670498473587186e-01 1.081555600500802988e-01 9.376757582161246440e-02 2.504771492438852554e-01 9.943742387133538418e-01 7.830938406847537392e-03 6.689062389919180340e-01 5.120000000000000000e+02 2.273506111011170727e+00
9.984035257849689371e-01 8.249761082027639025e-01 5.190694765668961708e-01 3.554485697516897580e-01 3.545588314509661165e-01 2.435465404415829704e-01 7.409373030800407989e-01 2.113758526671056237e-01 7.657330098235780591e-01 9.342371670565861042e-01 9.700157994180045318e-01 1.000000000000000000e+00 5.223334954585918677e-01 2.646503180756616946e-01 8.875483116529242489e-01 3.847227342119300952e-01 8.309190074078832977e-02 8.540063212960404826e-01 9.854528138539160320e-01 9.286669564867707782e-01 4.554111170668449504e-01 8.798672280563843984e-01 8.725498593947381698e-01 2.748184122148295550e-01 7.584407393141936460e-01 3.258489096251235839e-01 5.391932127584484480e-01 5.878141294554726226e-01 1.169953066981992557e-01 3.391532960055840262e-01 4.247052939007910921e-01 5.114015294019921276e-01 4.960000000000000000e+02 1.947597418891059418e+00
9.944595070493532640e-01 9.397503815936842919e-01 8.946698994494820534e-01 3.468703424460375245e-02 4.744685996982504483e-01 8.664010846596051363e-02 3.166436508224118596e-01 3.920467438710966146e-01 1.370860045230101187e-01 2.478899187032807816e-01 5.520360706326882250e-01 9.200447262184207053e-01 6.450665647828927041e-01 7.819245212329073436e-01 8.542852346095977101e-01 2.656801180633696635e-01 2.869374262065558234e-01 7.624776737311936836e-01 0.000000000000000000e+00 8.658155178925083240e-01 7.570732822439034670e-01 9.152507456991874069e-01 8.932204200436824060e-01 2.323228626613389747e-01 7.908040915221433709e-01 3.972731384775107788e-01 9.183395168688959220e-01 3.387928890662652431e-02 2.665352680630709292e-01 7.167664403807474383e-01 4.336622507629415979e-02 7.697383064925322760e-01 4.600000000000000000e+02 2.091035953466443331e+00
9.166492592957640184e-01 7.997916596971111902e-01 2.832875292417257884e-01 8.670945069308804154e-01 6.457869759642335117e-01 2.947170906767854792e-07 5.575548604749840376e-01 4.907564244531140152e-02 4.273917689118878482e-01 4.091495257403965913e-01 5.309171508782525306e-01 9.480876506837793150e-01 3.616917747857459342e-01 0.000000000000000000e+00 6.125663125305028656e-01 8.927305143380668273e-01 5.672635369610093958e-01 7.741525800217835540e-01 3.596274558647401666e-04 9.822920768733128805e-01 8.398335620731056661e-01 7.979249228938117833e-01 6.810892410013348608e-02 1.337683720156048438e-02 7.176450406958571060e-01 4.557936366509738879e-01 7.511671632253961173e-01 4.067405813214096666e-01 1.209497963878569254e-01 7.372982225465555262e-01 2.556203947030519230e-01 6.257626453421119006e-01 4.180000000000000000e+02 2.226644799648187512e+00
7.988175409255817705e-01 5.684129232131741594e-01 8.950947393410386699e-01 7.197191482104902793e-04 7.598845805069910364e-01 3.042922810904853392e-01 7.904989559601048876e-01 4.599127954198833912e-01 5.106592205331110801e-01 4.287839801723192235e-01 1.000000000000000000e+00 9.999994673456041872e-01 8.687286453305541611e-01 3.987897121647174248e-01 3.482297913562665270e-01 6.433519832174043884e-01 2.944268900076595918e-01 5.267132809553481954e-01 5.493849232163152685e-01 7.140925297896786317e-01 7.380471863851810754e-01 9.298139471474275997e-01 4.284171134902274303e-01 6.162619899035031157e-01 9.763512209205427173e-01 3.770054757181078298e-01 3.445671653213153163e-01 1.767610694321286591e-01 5.660450145426918489e-01 2.432964177764247726e-01 1.251580086931676494e-01 3.368949165700013682e-01 4.060000000000000000e+02 2.355734653961964131e+00
2.813494694036355326e-01 9.365015386203250358e-01 7.519267922693801953e-01 7.690719983022215045e-02 0.000000000000000000e+00 0.000000000000000000e+00 9.407064466432334404e-01 2.331606322425172975e-02 2.601554248679759374e-01 2.533390570819173404e-01 8.620257737110347263e-01 1.719744147234329168e-01 3.505142894026886391e-01 5.772092694385977385e-01 3.200091780920413798e-02 1.403565381666209422e-01 4.251471632177674653e-01 9.970067163173649272e-01 1.903319821656413446e-01 6.750738672162012732e-02 1.348888679281965222e-03 4.405387668413994762e-01 1.717886573996801197e-02 3.497578575495146613e-01 1.748847665983413457e-01 3.141267349474929360e-01 3.943373551361437079e-01 2.301512137915233402e-01 5.378736694829681919e-02 3.357954747509398624e-02 4.164375235203734427e-01 4.328201071671983896e-02 2.380000000000000000e+02 3.367782138642810619e+00
8.714781823804104155e-01 9.950216664941273770e-01 1.214019111292514025e-01 7.544975642210678679e-02 0.000000000000000000e+00 5.337701169018393976e-02 6.155969650576579300e-01 1.109115603364567854e-01 1.502557160827680260e-01 2.712783730738054233e-01 4.017229621861932998e-01 4.951480919163541716e-01 6.369832883400666779e-01 4.045179967582575031e-01 2.994711212274925871e-01 9.579380132199120101e-01 0.000000000000000000e+00 6.289557434172424744e-01 2.126516805450918146e-01 7.157969266346088377e-02 8.080356455553152628e-01 5.797768484007044532e-02 1.027930899886969202e-01 2.902453948223877589e-01 9.271636478485698607e-01 7.268053024006831953e-02 2.069660988690102121e-01 2.714728288539492995e-01 3.672803588034986855e-01 1.000000000000000000e+00 4.232095920414968154e-02 7.576549566165197147e-01 3.320000000000000000e+02 2.666713284223507063e+00
9.938490758325835284e-01 9.759656060001203892e-01 8.572852247500775125e-01 4.235219785870436571e-01 7.498538892114716692e-01 5.509757476104120560e-02 1.000000000000000000e+00 3.822270601013945113e-01 3.875954903402386020e-01 9.814773014059261502e-01 6.426967526138998021e-01 3.110759848034285735e-01 9.953670041096821519e-01 9.894880065932466495e-01 4.362175887310100753e-01 8.887056754952004090e-01 1.964548295521766630e-01 2.799581164778740527e-01 4.292897239242100538e-01 8.217682450497508784e-01 9.780994382406956733e-01 7.910827093764511986e-01 5.798407529724777243e-01 1.398017995070695019e-01 7.771392242927501748e-01 1.952373029403010607e-01 7.617609556915772018e-01 8.459027402711464250e-01 3.402473505396864106e-01 4.826408156790957804e-01 7.260908857093249791e-02 9.914951314706500485e-01 5.340000000000000000e+02 1.997752469380696505e+00
9.930509679341396057e-01 4.491136774719568514e-01 6.912508429800772181e-01 0.000000000000000000e+00 6.007797777979896614e-02 3.083937764310696328e-01 1.328131966321071389e-01 3.017721198014594597e-01 8.847542157683662145e-01 1.000000000000000000e+00 6.466355671515955361e-01 3.447939807928225298e-01 2.632091951846025069e-01 7.522531410289129417e-01 4.659416922860425830e-02 5.910717116801965654e-01 2.164265120754145857e-02 8.028814869172496982e-01 6.664449352231243129e-01 1.137649435283950433e-01 9.347952485723316496e-01 6.492464958621655402e-01 3.764226372207261639e-01 8.117036553263806686e-02 3.311628420827870123e-01 1.635543612801673152e-01 6.088414715019021539e-01 1.629816299780311450e-01 1.374459208640938235e-01 2.859959302114375643e-03 8.382955797299388445e-01 9.496210493258273599e-01 3.820000000000000000e+02 2.730253069559733348e+00
0.000000000000000000e+00 9.998400182597172448e-01 1.966334694212094059e-01 9.926058520684719610e-01 0.000000000000000000e+00 3.036275101386863486e-03 6.210596832833647617e-04 0.000000000000000000e+00 7.533481740940181082e-01 7.145070839513657790e-02 9.766951483868248074e-01 5.109631231737863377e-01 1.000000000000000000e+00 9.988825074974766460e-01 1.272063287848729518e-01 6.368547946853028235e-09 1.898330375789118729e-01 1.822565545811621286e-07 5.176110958068796952e-01 1.000000000000000000e+00 0.000000000000000000e+00 9.999997714104174040e-01 4.575708826332887391e-02 9.783495484397652930e-01 6.000276318017228050e-01 9.999325920241701748e-01 7.593663018113476770e-01 1.443265887176519713e-01 3.492688419808741562e-01 0.000000000000000000e+00 8.008375529240188140e-01 9.987307995693212037e-01 4.500000000000000000e+02 2.694306906442793803e+00
8.984727289241647430e-01 2.952819208558140063e-01 8.007129321426948998e-01 3.048883190674563093e-02 4.975073196819910781e-01 5.357807260736609928e-02 9.999910178437334540e-01 3.916424157603515255e-02 8.061206376300239507e-01 5.566294690405957368e-01 1.000000000000000000e+00 9.999909038968883834e-01 4.971448572950239869e-02 2.613301606239769592e-01 9.991765902140185007e-01 8.718494696697060009e-01 6.223331579114743661e-01 1.000000000000000000e+00 5.587815528330780657e-01 7.937403363978301485e-01 1.000000000000000000e+00 5.248817147112316839e-01 9.085626727301351346e-01 2.605732701533258200e-01 2.502386421138798056e-01 8.707855263535584367e-01 1.757014459351272095e-02 3.689975368730715743e-01 6.105550948358228203e-01 9.570152981743401677e-01 0.000000000000000000e+00 2.420165004807260101e-01 5.320000000000000000e+02 2.203986264948259333e+00
1.000000000000000000e+00 9.373037036544570322e-01 8.612209489263660256e-01 3.362773064669036804e-01 1.750635328492845255e-01 4.289212418845896879e-01 4.810531874976076705e-01 4.768335479335705229e-01 6.505418860980244355e-01 9.418391264393261020e-01 9.733446460510679632e-01 9.929503174258194065e-01 9.445847246047052170e-01 6.544152099286694169e-01 9.293943626528012869e-01 7.836795288363073153e-01 9.687141500935022576e-01 9.702373036182658783e-01 2.726627003771776581e-01 8.963399144188818335e-01 4.980203479600932015e-01 9.651221547709031290e-01 3.486878561429404000e-01 6.414643381141604817e-01 9.471959045941976685e-01 5.278814557267546004e-01 4.464433517983711353e-01 6.112142685322624613e-02 2.800529520320654275e-01 9.878749150262338130e-01 7.085861397310727443e-03 4.376879171281514158e-01 5.900000000000000000e+02 1.679637145996093706e+00
4.682792660828789533e-01 9.767139260406283441e-01 8.576189053998517497e-01 8.716211032366415201e-02 9.072818231219458296e-01 3.286927864661029486e-01 5.126490860084503831e-01 3.724243217548655477e-02 6.139461471050208230e-01 2.644958296746412474e-01 9.686335947213888797e-01 4.551403084604184190e-01 4.184614568300188964e-01 7.404724369840685050e-01 3.238450664453633721e-01 9.639006536963410365e-01 3.997133619044088149e-01 9.345008311948334034e-01 2.912746900033097996e-01 1.579407156195941353e-01 4.115246575005693241e-01 1.000000000000000000e+00 5.783768317153316352e-02 3.692753308502378373e-01 9.704382199302933332e-01 2.886672097431299423e-03 1.216861325547920203e-01 9.289869152864904667e-01 5.004848466774922816e-02 2.943301628938402303e-01 1.150516372054864594e-01 6.687525347432793366e-01 4.200000000000000000e+02 2.541431255617003782e+00
9.824069317684126501e-01 9.617542102690713746e-01 6.598797763559745011e-01 7.397196093853999899e-02 4.211931085674569530e-02 3.386235399487025344e-02 7.082940682860280335e-01 6.877153405099362474e-03 9.122548095796548795e-01 6.071396086072955445e-01 3.126167155555308885e-01 3.494382018023312608e-01 6.196275186464300644e-01 9.893878116940958423e-01 8.891425671437838130e-01 7.817977126244427533e-01 2.396037658173445772e-01 5.442301444885185857e-01 4.586604967941679267e-01 1.539268547544828669e-01 3.749061307404781274e-01 5.825260185407440394e-01 8.931135979073117070e-01 6.629359034649989942e-03 5.822181401101861331e-01 6.056850678962097945e-01 2.176148650416341312e-01 7.724195080788036523e-03 5.534984758398843185e-01 5.570213647543307417e-02 5.820953221664070670e-02 9.519040089900179247e-01 3.980000000000000000e+02 2.365547543843587341e+00
9.996670471244489820e-01 8.903198970237107268e-01 1.000000000000000000e+00 7.588605244937109140e-02 6.688635177022291822e-01 5.551896011774960504e-01 8.942441851271277775e-01 4.337128448095382560e-01 6.153642404082484418e-01 6.734784967486090457e-01 7.332598161546446391e-01 9.994099928946892364e-01 7.604453518059457462e-01 8.025708224258791823e-01 8.813773350597992051e-01 7.413542407549715829e-01 5.272827419935003333e-03 4.338227414402938686e-01 1.871069971769207529e-01 7.783197134591999244e-01 4.038227040437882831e-01 4.669729856280330771e-01 4.497607911611106735e-01 3.833870784154784217e-01 5.350652574982792675e-01 2.812347677904928900e-01 6.252610312299984319e-01 3.269190670736266124e-01 7.203529194344410191e-01 4.752069957101476283e-01 1.084270961477408063e-01 9.999668156593656265e-01 4.840000000000000000e+02 1.924683698018392120e+00
4.108714895619164920e-01 6.344165102655957567e-01 2.865410647284850620e-01 2.768173044859640816e-02 3.517811506347728878e-01 6.139730420110564024e-01 6.872631351196009097e-01 5.854695409215161517e-01 5.138633894215506315e-01 1.703593091357974154e-01 6.114946061987460713e-01 9.698842367289291222e-02 1.712387388432295154e-01 9.336687114135493459e-01 2.152187591599471761e-01 7.233054263701998998e-01 0.000000000000000000e+00 3.368016329937498221e-01 6.824547278933431604e-01 5.553794753634065939e-01 3.348506635822506294e-01 1.879987035535314044e-01 3.145922484401617036e-01 8.477194077169472042e-01 4.569156581852477639e-01 4.419412619200142611e-01 9.554522939897010236e-02 9.985493724481322442e-01 3.480405403154414046e-01 5.600291826048505728e-01 3.470569539994416974e-01 9.999474258902675272e-01 3.260000000000000000e+02 2.759333665030343496e+00
9.240068023562851840e-01 9.994151823366032028e-01 3.073254489841754644e-01 5.172810839754643335e-03 1.032675049732951766e-01 9.180203580133972086e-02 9.117541238075851373e-01 9.715871734403909166e-01 2.969080052770844969e-01 4.120420498298791312e-01 7.967973201383580228e-01 9.926645256724488942e-01 8.201441177252152825e-02 5.940370449678873399e-01 0.000000000000000000e+00 2.009671167971959493e-01 2.090816802175625988e-01 2.995505341478176681e-02 5.467574863521464934e-01 4.322216903166542501e-01 2.480295871761142024e-01 2.351459585046835471e-02 4.042167531443640049e-01 1.136909405544586499e-01 0.000000000000000000e+00 1.203865895157750776e-01 3.230701392561450280e-01 1.475851903473733295e-01 0.000000000000000000e+00 5.165229515102320867e-01 0.000000000000000000e+00 3.151241302142504530e-01 2.780000000000000000e+02 3.011005142588674133e+00
7.452350349391356765e-01 9.993622821981750226e-01 8.286657271832011951e-01 8.301068298587209460e-02 4.642641330444495784e-01 5.820662585241559439e-01 5.632603763365517935e-01 3.583309798783320538e-02 4.501362212337866042e-01 6.915330249795877959e-01 6.507985903375148595e-01 5.196818685185708997e-01 5.471166771334952106e-01 8.667223956849562372e-02 1.862388580321500398e-01 6.003531540547430989e-01 1.589882810322221229e-02 9.562668799023457122e-01 5.304317425777008710e-01 1.293911462349776886e-01 6.301014841238891107e-01 6.388493747967323166e-01 1.707079000544408851e-02 3.244151165603360865e-02 7.372349226722938464e-01 2.396626010614202329e-01 2.780497658566158381e-01 6.098030396029296973e-01 2.101446362570864312e-01 9.608264963891672839e-01 4.268440424246824211e-02 6.004021737514083634e-01 3.580000000000000000e+02 2.554214750017438806e+00
8.044180235664263323e-01 1.000000000000000000e+00 2.385169942216558703e-01 0.000000000000000000e+00 9.795193230370073945e-01 9.788365706131788579e-01 2.032247764558907724e-02 0.000000000000000000e+00 3.009767126511047816e-02 2.148959366517924074e-01 3.265466821191007063e-01 9.541588809264213156e-01 1.331151342801294712e-01 1.000000000000000000e+00 6.423872291195470430e-01 2.030870874471629728e-01 0.000000000000000000e+00 3.965451023615223364e-02 9.650111482836607468e-01 7.386451642662682227e-02 1.032787782873090254e-02 9.936875698808481649e-01 2.484320881564621472e-04 3.339883622399019703e-01 0.000000000000000000e+00 3.999115517346744086e-01 1.473521453805164139e-01 8.292195364916325750e-02 0.000000000000000000e+00 0.000000000000000000e+00 1.643718328341377613e-02 9.609023276622165044e-01 3.600000000000000000e+02 3.019793433037357033e+00
2.906022149086451845e-01 5.499014852726017422e-01 7.389694969468674213e-01 3.826331267998733798e-01 4.030861434421783573e-01 8.111396399358807852e-01 2.386789881665299026e-02 7.388657934092685009e-01 4.620328243594202799e-01 2.831381249558075908e-01 5.009178890761700753e-01 4.461011044949679816e-01 5.284734567574581598e-01 1.520219295677440602e-02 9.652448038247724016e-01 4.121278513551274725e-01 1.452405239618136893e-03 9.471321027172936446e-01 9.999043450968138069e-01 1.082098268730264240e-01 1.517953529535601143e-01 6.113626787371799765e-01 8.969973489061462413e-01 1.689490070315516346e-02 9.958510283446226907e-01 9.648191714099136895e-01 1.000000000000000000e+00 3.615157357128573334e-02 7.406898068190438666e-02 9.986920526680399812e-02 4.367436233854259386e-01 8.910283553435556225e-01 4.300000000000000000e+02 2.629650704757027224e+00
5.023179701949452847e-01 6.552176017076351000e-01 5.944248450842459786e-01 1.303377722351718726e-01 2.516414348750989167e-07 5.888565903721417263e-03 6.790436018376907468e-01 3.207871105254825328e-01 6.694496546948609517e-01 7.871455173706691788e-01 5.318242210673147508e-01 9.998159526481128490e-01 7.240423221922369645e-01 9.567136841937382008e-02 4.207546835648850458e-01 3.985712025638167844e-01 2.298991543530405912e-01 4.212735040703889933e-01 7.040027482983702845e-01 6.725997875909619506e-01 8.877873748925754205e-01 4.467558170313979948e-01 2.825535078941980860e-01 9.840117292071302035e-01 8.170584998038165070e-01 4.084757379439435399e-02 5.008399374201353282e-01 4.757042920262452013e-01 3.980666146291637619e-01 5.532305455494420654e-01 6.179752304529558815e-01 8.296676563369538293e-01 3.900000000000000000e+02 2.276188864531340617e+00
9.933830420459689448e-01 8.683933921979565262e-01 4.644794751270245325e-01 4.075070243234293899e-02 3.189055770350203156e-01 1.223515689050527766e-01 5.671102802935145126e-01 4.188171754498117016e-02 5.192558396883163452e-01 2.227304149507075004e-01 7.195677259717081498e-02 4.387618265112459559e-01 1.188760152796043829e-01 4.484704729231235865e-01 9.606384617500959289e-01 2.516386123864358115e-01 1.151581005716570925e-02 8.979774093835714011e-01 4.211566070734605871e-01 4.581004723093948794e-01 6.124826318414535731e-01 2.051517138744870239e-01 4.749593479778898009e-01 1.163965822536427996e-01 3.374030088564629604e-01 5.149034904312076166e-02 3.483763816369205291e-01 2.587192132356558316e-01 3.336077557457188258e-01 2.196640030522755693e-01 6.423827964531728801e-03 5.878488106556593179e-02 2.640000000000000000e+02 2.857012775966099483e+00
9.999154998586194942e-01 1.000000000000000000e+00 5.361141062404688462e-01 6.174489518540513672e-02 4.797264657574740743e-01 2.034162002805752767e-01 9.969415747971617225e-01 6.395017516877405939e-01 1.238578891877647635e-03 1.000000000000000000e+00 4.812903844623891425e-01 5.828131204952560207e-01 4.973649066420425813e-01 9.897769362083149725e-01 3.453786965628863892e-01 6.546871288295605940e-01 2.502020576755351056e-01 1.922872463730695980e-02 4.149599840990645383e-01 2.338674992661933516e-01 7.800781685573336954e-01 8.507959572434246540e-03 1.048916064625493583e-01 4.026289220924896273e-01 3.996364409656568695e-01 1.000000000000000000e+00 6.952037304958222919e-01 0.000000000000000000e+00 9.941919176690072746e-01 1.000000000000000000e+00 0.000000000000000000e+00 5.717556484296690833e-01 4.180000000000000000e+02 2.417764663696289507e+00
9.999991427002403732e-01 9.773147876418295521e-01 1.000000000000000000e+00 1.684339994510045957e-01 4.418979749813270463e-01 4.986671208260449739e-01 7.763251451970289985e-01 1.314952732713084715e-01 1.919315208412867568e-01 8.517752974820902434e-01 9.497468054361303882e-03 9.917926525827919226e-01 2.009330811997800670e-01 9.840433076832262316e-01 3.472671494730263930e-01 9.341927111971276565e-01 1.321438553521425974e-01 8.579496534207611269e-01 9.882219094325107589e-01 8.379600981655134229e-01 8.938395792502938919e-01 1.632251016938261745e-01 3.404356013250253166e-01 1.803166760761878550e-03 5.503846440628329395e-01 2.336462483577401161e-01 2.777579807244403010e-01 3.377533167043823142e-02 3.113127182139522331e-01 5.795570694829778047e-01 1.101946106064689013e-01 8.015617700477720708e-01 4.740000000000000000e+02 2.349548149108886541e+00
9.651078687570733283e-01 3.602225156804117479e-01 6.166655600787096514e-01 7.991466236641947551e-02 5.765909672291520405e-01 2.352791747675558529e-02 6.733276793042980435e-01 3.173743192196350205e-02 4.907956722011057593e-01 9.542665517877143566e-01 3.642396432618325713e-02 7.947189502987823673e-01 4.950692166842563663e-02 9.310236807027305606e-01 3.735975104476159103e-01 1.245954979523905826e-01 3.750501613273227869e-02 4.042835056140636762e-01 2.180451157970792961e-02 1.827093706649920435e-01 8.665621987815894656e-01 7.537352538561954349e-03 4.898859786226501534e-01 0.000000000000000000e+00 7.833272975994189924e-01 1.146312696855509737e-03 2.052683885471621172e-01 4.363241258619822704e-01 7.296631158844592291e-02 4.627769452535807071e-01 4.723180067305634000e-01 5.749820762432365784e-02 2.880000000000000000e+02 3.144258444649832729e+00
8.165235267706243416e-01 5.517308609987336965e-01 8.841692142110190167e-01 2.882207653521092275e-02 8.729811112188926581e-01 8.077809807986486845e-01 5.278671670051167109e-01 3.820166474716317762e-01 2.898234077671351105e-01 9.302694176848349539e-01 4.653312240896436136e-01 1.000000000000000000e+00 8.810323124645391690e-01 2.910144781931393587e-01 7.978419038061876911e-01 8.399208975524714571e-01 1.996468545464449018e-01 1.235442885931131440e-01 9.106339586390490570e-01 5.732711411876397767e-01 9.790214163532374725e-01 4.986130511610714633e-01 6.743938479910550898e-02 9.994995032551041714e-01 9.997886575565975154e-01 3.594335889518324723e-01 7.822342129422218404e-01 1.928123799833173779e-01 5.866526537188201385e-01 3.955975239274965860e-01 1.732274438248428486e-02 9.100242807262309830e-01 5.280000000000000000e+02 2.258943962632563807e+00
9.878511121080728596e-01 1.000000000000000000e+00 7.134421885121340345e-01 1.108976844787336880e-01 7.732759667995999786e-01 1.358526637977388318e-01 7.717950781424857132e-01 7.384018184477049440e-02 2.718584995371715052e-01 6.124013885874860508e-01 6.993521848237980176e-01 1.000000000000000000e+00 9.985874296228772762e-01 3.608397714177302706e-01 6.192057186211903375e-01 1.981997858462522318e-05 9.440678961955233373e-01 1.000000000000000000e+00 6.776891534748777923e-01 9.613439404846145786e-01 1.000000000000000000e+00 7.882358056437231975e-01 8.165239073997819785e-01 8.532798070145755087e-01 7.235867203352489563e-01 3.409422788450946346e-02 4.677012079232199526e-01 8.006390484812394570e-01 7.798459159938289642e-02 9.999999999774003001e-01 9.999512060340425279e-01 6.780672415511772577e-01 6.040000000000000000e+02 1.770081188804224936e+00
9.854532723443025777e-01 8.015049868141539413e-01 7.318603650123380877e-01 2.142592642539715791e-04 2.816359993023662689e-01 5.128810442074565046e-01 1.000000000000000000e+00 9.789940036165044601e-01 6.161304939464520292e-01 9.999996997917831587e-01 3.326086624177528317e-01 9.941786826176703951e-01 3.785402313609464997e-01 9.999999973321362923e-01 6.890553517195795452e-01 4.279168944511899664e-01 3.269787125776875414e-02 8.986513750896100161e-01 9.770255213026370900e-01 9.354504198969723072e-01 9.929323402525871423e-01 1.000000000000000000e+00 7.879083992823432414e-01 3.276924263251353997e-01 4.852499759053985340e-01 0.000000000000000000e+00 3.044628284484804381e-01 4.363951355349057204e-01 5.282700278497887147e-01 6.450250551542746624e-01 2.412854291453984112e-01 9.999293058465363870e-01 5.660000000000000000e+02 1.790768777278431756e+00
6.995178117605596047e-01 9.994788876470716010e-01 9.769625644860805425e-01 4.244784832861965840e-01 9.566139150180971162e-01 9.999638358613314182e-01 6.086181457234528525e-01 8.389190082062202014e-02 9.993004895163475343e-01 1.000000000000000000e+00 7.506352242085523319e-01 9.099612567108661398e-01 9.986183873551149892e-01 1.000000000000000000e+00 6.434205834900349474e-01 5.501878665008456126e-01 9.354218197634779353e-01 7.546441310636854416e-01 4.517722840674767149e-01 9.994664066372370703e-01 7.389648056684315902e-01 9.571271982629465935e-02 5.170987803083287870e-01 9.967871098343114022e-01 9.893976006158414771e-01 0.000000000000000000e+00 9.214152967292668084e-01 7.747765638820508505e-01 8.187042437240646953e-01 6.827824932773601807e-01 2.677507653161452852e-03 9.994011118924565062e-01 6.800000000000000000e+02 1.639678001403808594e+00
8.630399611726898845e-01 9.360164864778157678e-01 1.000000000000000000e+00 3.218111656881545574e-02 2.913006213535842548e-01 3.348172210725868791e-01 7.538363298304341376e-01 1.746216250100634526e-01 5.638017020360973630e-01 3.305919631512682644e-01 5.321075551381584390e-01 9.111132488219582104e-01 4.593355682725153710e-01 3.497054328661030609e-01 9.915464013932705489e-01 9.920085963065190526e-01 1.025381321608809237e-02 9.999994169832299162e-01 2.323841709863857519e-01 9.092010458158531483e-01 8.310917435774225481e-01 6.976255742812288441e-01 3.996825682754472364e-01 8.869932980117599675e-01 5.049106106887406992e-02 7.851149808426879928e-02 6.170270941085466143e-01 2.514448897479961142e-01 8.975456036660668657e-02 7.836856849205193765e-01 1.857771911325167835e-01 7.619191349438877436e-01 4.660000000000000000e+02 2.178665750676935353e+00
9.943724505724916840e-01 1.000000000000000000e+00 4.755669765104071911e-01 1.252985586022078990e-01 1.936637529083893861e-01 2.051309292957075869e-01 7.279694559338415472e-01 1.032232196330489377e-01 2.991070472485118370e-01 1.000000000000000000e+00 5.360359594967639696e-01 9.999536268752660106e-01 7.981320818000434691e-01 7.429822174163904780e-01 9.878075968457764588e-01 1.049328386417700820e-01 1.000000000000000000e+00 9.210035429066335544e-01 4.887941766472319038e-01 9.594488077434666362e-01 4.378487186435875977e-01 4.244121705634711916e-01 6.538842858778378675e-01 3.152632018916800422e-02 9.997635804004726401e-01 3.566637590536251949e-04 6.248134024036871015e-01 4.031197511913086617e-01 1.329958636317613019e-01 6.614572612045545030e-01 2.786718043219236218e-01 9.959972836786036288e-01 4.900000000000000000e+02 1.956321791446569813e+00
6.150969813156956789e-01 9.994743191158204088e-01 7.261014353779432495e-01 2.361249307375781759e-01 6.242934868374651058e-01 6.064956046459997197e-01 8.530972963658957076e-01 5.365261590283928461e-01 5.471460494037241329e-01 5.891923367730984573e-01 5.552890666606821179e-01 8.358821913951978155e-01 6.659952404743788579e-01 3.307002136321690600e-01 8.698071330164887094e-01 6.402467624592291795e-01 3.991581611079706993e-01 8.003536317256719768e-01 9.547552234560760520e-02 2.964085285380008705e-01 6.245022781193316774e-01 9.432722344515872548e-01 3.904620958029224598e-01 3.760793491398325417e-01 9.991893135171853180e-01 3.720561678507552927e-01 9.553896810223220237e-01 1.767502324224988208e-01 7.514129550694862436e-01 9.980357739927722127e-01 3.701145299193161348e-02 9.981520890471691221e-01 5.140000000000000000e+02 1.978011027249422682e+00
1.000000000000000000e+00 1.000000000000000000e+00 9.999999911120199814e-01 3.804196325570848858e-01 9.999999802612898891e-01 0.000000000000000000e+00 7.795491845932314146e-01 0.000000000000000000e+00 5.715280367859044697e-01 1.000000000000000000e+00 2.471204399674070407e-01 1.000000000000000000e+00 6.420472851333560715e-01 1.710412785767083388e-01 6.116651272131752304e-01 2.692523926539505674e-01 1.966728011314787181e-02 6.485997447057698650e-01 1.001368741129191609e-01 9.229499088102914861e-01 9.996748420087813169e-01 9.999910678864204483e-01 2.745261269230121412e-02 5.495410486408368600e-01 8.773130737804570867e-01 7.781447278693857106e-01 9.458241042770345608e-01 6.391090260841512105e-01 8.618017075368950008e-01 8.584903557165824983e-01 3.907831458342770486e-02 3.243436099513974380e-01 5.580000000000000000e+02 2.058386598553573865e+00
9.349839125238759152e-01 1.000000000000000000e+00 8.873942366078151345e-01 1.714044872896705496e-05 3.231190127518318578e-01 2.883913505620409046e-01 9.710899332525054772e-01 4.197955538131739051e-01 3.253449457251912369e-01 8.909255906328287233e-01 1.559406338606951770e-01 9.997619326851309163e-01 9.431636480582531457e-01 6.976469434511717305e-01 9.226443998175525296e-01 1.000000000000000000e+00 2.540407794149088794e-01 4.707658941626109428e-01 6.531196928970746107e-01 1.000000000000000000e+00 1.000000000000000000e+00 6.908584037202741834e-01 5.511456652353999841e-01 3.999486522967264923e-01 9.968273973740577887e-01 2.202498363396490633e-01 7.937404689521511125e-01 3.015768280625878706e-02 5.673105950216312809e-01 9.701465196452625506e-01 5.516031458387293807e-01 1.000000000000000000e+00 5.820000000000000000e+02 1.727729733784993726e+00
9.743001403468618538e-01 3.481858825170431881e-01 2.489478783433324849e-01 2.309563216790268270e-01 1.703267241867823523e-01 0.000000000000000000e+00 8.848530078598846327e-01 1.721033046787275311e-01 3.590867632377130469e-01 8.924902717899846349e-01 2.277869512148217035e-01 8.455855361426973804e-01 9.916157175901606502e-01 3.745530995893378567e-01 7.939926021404491996e-01 2.391213923669399111e-01 4.888652513908393173e-06 6.917256060541230323e-01 6.072283279009291768e-01 4.002966277391237226e-01 9.842886963813113343e-01 3.250603568252011244e-02 2.093803820844046815e-01 4.073391986068023579e-02 6.956749356037525978e-01 6.037158452379571411e-02 6.356652605386994281e-01 2.520343110497810790e-01 2.711126371946511251e-02 9.260618797644888378e-01 2.412008665909188554e-01 7.401186249972466769e-01 3.840000000000000000e+02 2.558188832600911677e+00
4.056387946657342286e-02 7.468218290364285750e-01 5.691281066529026988e-01 4.683541649522132699e-02 8.605729638324446373e-01 3.037252941740824497e-01 5.029833716155934081e-02 0.000000000000000000e+00 9.824890490886198924e-01 0.000000000000000000e+00 3.949173414987776076e-01 4.238265605064969188e-01 1.816794855866407932e-01 5.346216124115289736e-02 0.000000000000000000e+00 3.292359607964069346e-01 4.324470057250781596e-01 6.618309148253788132e-01 2.250336126166699868e-01 9.646059863104271270e-02 1.765103658025244382e-01 2.243628786625123106e-01 0.000000000000000000e+00 4.355344859554431958e-01 1.076694889921400861e-01 1.207515940034133567e-01 2.950548764277646265e-03 5.429537663579383361e-02 4.863268396098036073e-02 9.586229922439426510e-02 0.000000000000000000e+00 9.312937692771687537e-02 1.860000000000000000e+02 3.729065975613064410e+00
9.682615800380911519e-01 9.434016746400726294e-01 2.476373082575048790e-01 7.090597070218744580e-02 9.327674007239155074e-01 8.123293031337028847e-01 8.666762997170005534e-01 5.337911868398841353e-01 3.510713658539496573e-01 9.812482292346219603e-01 8.315797763261193465e-01 9.501535248289688651e-01 9.654127514301485968e-01 4.098431103598316194e-01 6.959037568571758703e-01 9.999999391934502047e-01 8.984254706293158810e-01 8.858338826190168547e-01 6.969454879477908760e-01 5.655610818738917578e-01 9.701358547467675564e-01 6.466517467068564340e-01 5.315903904847306682e-01 4.042476158981994638e-01 9.732393596875728026e-01 0.000000000000000000e+00 6.226267307795400052e-01 6.398140928596930677e-02 9.844968855646961670e-01 9.824981734338947836e-01 8.578650804125959040e-01 7.231021771878387572e-01 6.780000000000000000e+02 1.545613386366102349e+00
7.888622686983410848e-01 5.129642282032331746e-01 8.378747610059801287e-01 1.162421679896226828e-01 7.593565189159194873e-01 2.458398709110054536e-01 9.077359332567768169e-01 1.677914753069674747e-01 6.788150659768568129e-01 8.475004875989053943e-01 5.480428117970093105e-01 8.288974322212327994e-01 9.487305592963871659e-01 6.789691602911667179e-01 2.392029920062701265e-01 7.451863457439918959e-01 1.440759083955294546e-03 7.247835320356217359e-01 5.354167622672243443e-01 7.901057668368021147e-01 6.336309333665961496e-01 3.907698112720749406e-01 3.334657239513829086e-01 9.227017981718559358e-01 8.784269645430130558e-01 3.868341354072720728e-01 2.435114559578368532e-01 5.660213562805219700e-01 1.278221947749227649e-01 6.358471383505059915e-01 3.616972046073522740e-01 7.213050408777308409e-01 4.520000000000000000e+02 2.254727671305338799e+00
9.241487623915292104e-01 9.993632535694770835e-01 9.984255131076724687e-01 0.000000000000000000e+00 1.146845777548409634e-01 9.479822218914982779e-01 6.200197314678469462e-01 8.427856647579037297e-01 5.334417342548608554e-01 1.000000000000000000e+00 6.826812689185939309e-01 1.000000000000000000e+00 9.999999944013117092e-01 2.174839272421011382e-02 9.540211930669121321e-01 7.086800284960607099e-01 7.103897970544491569e-01 1.000000000000000000e+00 9.531356403173101011e-02 9.063905055172328806e-01 5.956508205072792439e-01 4.470959221998135891e-01 4.372873878857796992e-01 9.995134200612062481e-01 9.070221557914821542e-01 7.385931999269949033e-01 3.247194814554081876e-01 3.844204506576763547e-02 9.400913149119760615e-01 9.085248558525829132e-01 6.463504351576582208e-01 1.000000000000000000e+00 6.540000000000000000e+02 1.674062283833821496e+00
1.000000000000000000e+00 3.513846788544573996e-01 3.796035397532669387e-01 2.471012594661948711e-02 4.734332961701995766e-03 9.623791751869129052e-03 4.285458615518924486e-01 1.192375675097890816e-02 2.225473941617062135e-01 1.045702506281549898e-01 0.000000000000000000e+00 4.704039992346674415e-02 3.937607784558327939e-01 8.417523534031603472e-01 3.160843055521746492e-01 5.778656030066465360e-02 7.788920370438355556e-02 1.152793216241064234e-01 4.106426926462301841e-02 5.498905436201778629e-01 1.094925171460636032e-01 7.567366352997140916e-03 3.845823791553507065e-02 9.872608024455543640e-01 1.339203590281281414e-02 0.000000000000000000e+00 3.980226112288201556e-02 9.354206333701965692e-03 1.991779301641344868e-01 8.977999404674725792e-01 1.482731685527802212e-02 1.000000000000000000e+00 2.360000000000000000e+02 3.574690338417335855e+00
8.627751410818947347e-04 6.962350881398746694e-01 9.065865949359718217e-05 4.699311769163310726e-01 0.000000000000000000e+00 2.405784570174254733e-01 4.728505745638604949e-10 0.000000000000000000e+00 1.978449828407713693e-06 2.479417288417308952e-07 0.000000000000000000e+00 6.963424472778314556e-01 2.381307600726444706e-01 0.000000000000000000e+00 1.004897222021105957e-01 1.002643406201084164e-01 6.210050338753048127e-02 0.000000000000000000e+00 0.000000000000000000e+00 0.000000000000000000e+00 1.000000000000000000e+00 0.000000000000000000e+00 5.146422581606192592e-01 0.000000000000000000e+00 3.517343323740430155e-02 9.126038190249959881e-01 9.999989583055686193e-01 0.000000000000000000e+00 6.352815932489059847e-01 9.995020101006603097e-01 0.000000000000000000e+00 6.096906239500998748e-01 2.560000000000000000e+02 3.425453948974609641e+00
3.338641802615257004e-01 5.100488815178845226e-01 8.287891142879016959e-01 1.455157581850730596e-02 9.353750845076506115e-01 9.511136570672788434e-03 6.885326132588740489e-01 1.579042799212852788e-01 6.493025296316996819e-02 1.951650786044560326e-01 1.746210161651497172e-01 7.595671191287800550e-01 4.948408297649786181e-01 3.408053595684694681e-01 3.544504295345191069e-01 3.926526184413500591e-03 6.959282701659944351e-03 8.992629807428638433e-02 5.202105261125766896e-04 1.016906739287587978e-02 7.281307574627533530e-01 4.782345429257107289e-02 4.773409183969988534e-02 4.441104246823782131e-01 7.333966939110978522e-01 7.011492071249300628e-02 1.287462217825987298e-01 1.605704069091450636e-01 1.539734745815425909e-01 9.788124027121770654e-01 5.370213101853303639e-02 2.227466955225913825e-04 2.340000000000000000e+02 3.626253439366132536e+00
9.367768951338036887e-01 6.419604084553383327e-02 8.972198293011782733e-01 9.205931995765105347e-01 3.153203187876671421e-01 0.000000000000000000e+00 8.381943660929288553e-01 1.785751811201441164e-01 2.964571516975074705e-01 4.524213868949287787e-01 6.908178000013730224e-02 8.056258841648856750e-01 7.305972941872286297e-01 2.123434620861335866e-03 6.027153543534413682e-01 1.000000000000000000e+00 7.928051958580492053e-01 1.095305126196297399e-02 9.983672853177714135e-01 3.784394529192524614e-01 8.621921773062377614e-01 2.482041996255339444e-01 7.015596001662621761e-01 3.557409202062838949e-01 1.338439948839326432e-01 1.034799909845238956e-03 0.000000000000000000e+00 8.565349889830853325e-01 5.195888258670080528e-01 7.146732560450570759e-02 0.000000000000000000e+00 1.000000000000000000e+00 4.420000000000000000e+02 2.750600658763538320e+00
9.370660129676290362e-01 9.364847618445577837e-02 4.711449634026189104e-01 1.455326519305413759e-05 8.082849101126744762e-02 7.449331038024847839e-06 4.463166747137137791e-01 8.705104340581076849e-02 0.000000000000000000e+00 6.924191885105336793e-03 0.000000000000000000e+00 6.561538463111212804e-01 4.096169310539282682e-02 0.000000000000000000e+00 1.000000000000000000e+00 6.942974079681348831e-01 4.738491021794857886e-05 7.058564378919113258e-01 2.926092198839955749e-01 1.030101285450368137e-01 6.593381708774888050e-01 5.040541212234612295e-02 3.701789558779101217e-07 9.596304174629587591e-05 0.000000000000000000e+00 7.716409699680407824e-03 2.855137576677922451e-01 2.046728030377854141e-02 4.916102015462249786e-01 5.921646109599878471e-01 0.000000000000000000e+00 1.413885344303007427e-02 2.080000000000000000e+02 3.514560165405273384e+00
5.490148520195948789e-01 9.962081966810520939e-01 8.934644775071204359e-01 9.358904087821707916e-06 7.506873613290039327e-01 1.672416985984396254e-01 8.652923800106838703e-01 1.176125590300502489e-02 1.641940813540686550e-01 5.596574857864783370e-01 5.786696187570892214e-01 8.812361067656494518e-01 8.572050024551122194e-01 3.726977261456986823e-01 8.190418091785311994e-01 5.436294883390329069e-01 9.806525875514023882e-01 7.833247669456441242e-01 5.143198984245755945e-01 9.804876937760735878e-01 9.972885207757431481e-01 4.612152726101913514e-01 1.913935509174037874e-01 4.211541708192086952e-01 9.332379128576782090e-01 0.000000000000000000e+00 2.115328119254367423e-01 4.840681485664709016e-01 2.838878869115102344e-01 9.281387089293491321e-01 1.377516390387452938e-01 9.379390626786355822e-01 5.060000000000000000e+02 2.101780687967936156e+00
9.999720880344319385e-01 1.000000000000000000e+00 3.265666807246758174e-01 6.609690920307739748e-02 4.958523734635245650e-01 9.999999798086454117e-01 8.314111105573042115e-01 8.705883617170416811e-01 9.227117062436760442e-01 6.082580737428561202e-01 7.148643244337586911e-01 1.000000000000000000e+00 1.000000000000000000e+00 6.445397215011015035e-01 8.160873615950577920e-01 1.000000000000000000e+00 6.045997931806740278e-01 4.562300511796780200e-01 5.926733597044193669e-01 9.999982570195010689e-01 7.286345195474787095e-01 3.250327466360579121e-01 5.577670943782843116e-01 8.184371735055629982e-01 3.715471930104627396e-01 4.850056545705251979e-03 4.938916970783112370e-02 2.231612937256845230e-02 1.611449759664304038e-01 2.216820532629082685e-01 8.045290171550070202e-01 7.786512182950399152e-01 5.700000000000000000e+02 1.900564227187842681e+00
7.826844849133340887e-01 5.759483651950542127e-01 8.266262410678981709e-01 2.343427609068938766e-01 1.526568362938987794e-04 2.826615771536009625e-01 2.490444905141002141e-01 2.283964549145231226e-01 7.933703490533355884e-01 2.400626916779707576e-01 3.821916586843804309e-01 6.865919464391684324e-01 5.191249858710724752e-01 8.955849060854590427e-01 5.107783885049838046e-01 5.292805059161218573e-01 7.625818101172331387e-01 7.869943429733579077e-01 2.602792224187163161e-01 7.134053706828618058e-01 4.679953648845824876e-01 7.741748730156393643e-01 6.423706602212130301e-01 6.398517369230589669e-01 6.327093995184509545e-01 1.656974254736370313e-03 9.764889453797082064e-01 2.089064690339570152e-01 3.584363670082050257e-01 2.557763046374875726e-01 4.007216251804229801e-01 8.651431345674535089e-01 3.800000000000000000e+02 2.257030913943335992e+00
9.652263548846989893e-01 5.296902332289190607e-01 7.273108687958443896e-01 1.483711920061772938e-01 2.833403402319140674e-01 7.042403508131342416e-02 5.515341006048896100e-01 9.238511795823371731e-02 6.485720808609997112e-01 0.000000000000000000e+00 1.000000000000000000e+00 9.998345268664963204e-01 1.000000000000000000e+00 6.728745788951344675e-01 9.963059827890109466e-01 4.873099032929563146e-01 7.726720420523482957e-01 6.347819509032186502e-01 4.287766579747590567e-01 9.558207902621472796e-01 5.678410457094047736e-02 2.826026386029794613e-01 7.436494305363915147e-02 3.241860552181986127e-02 6.906277286612692509e-03 2.378237319318428718e-10 4.499942178024906592e-01 4.105181485312604517e-01 6.688904725568411980e-01 7.487492959807624526e-01 0.000000000000000000e+00 7.654248951167825776e-01 3.960000000000000000e+02 2.466161991999699321e+00
7.721167887728361823e-01 9.999849631611503753e-01 1.000000000000000000e+00 1.477480949472368325e-05 5.518179142423632749e-02 5.242673824970062180e-01 5.976720475477297345e-01 1.192173823695773932e-01 5.653576053165481063e-01 9.516249122866017596e-02 9.319528211641214810e-01 2.335990295488230839e-01 7.844631040913399023e-01 9.193334722711871132e-01 2.789226318235684676e-01 4.444022117809657280e-01 6.457824339041655648e-01 9.860108574900595668e-01 5.571696923851336969e-01 7.470623776186305909e-01 7.224185002887959506e-01 8.625705351288844858e-01 8.439145827548303336e-01 6.200372459758165533e-01 8.669085634041479027e-01 6.964777072463154139e-01 9.520901928820966198e-01 2.635882394471154577e-01 2.122910047657379229e-01 4.848807111060863262e-01 4.634935115608163764e-02 5.265128169019803739e-01 4.820000000000000000e+02 2.001334552488465146e+00
3.217787400922362817e-01 9.999969595341587913e-01 4.499843251453378157e-01 2.693680251514563029e-01 9.863169491872150196e-01 6.795810241615913849e-01 4.848340390348921392e-01 3.161448425118501548e-01 7.199692374895317638e-03 1.000000000000000000e+00 1.654056798611794610e-01 1.000000000000000000e+00 9.117554946127690574e-01 9.996469354472945490e-01 7.732700534479264309e-01 5.594957798099355895e-01 5.767929152450973485e-01 5.745276111872725799e-01 9.965925656473016980e-01 5.447781943136161820e-01 9.596487723370072942e-01 7.134023701476847057e-01 5.501505961406297773e-01 9.999964498562506909e-01 9.998900288439416251e-01 2.193622582766331097e-01 9.960319267853068315e-01 4.888465297642376473e-01 4.931898661875959711e-01 1.000000000000000000e+00 0.000000000000000000e+00 5.143388393102253930e-01 5.340000000000000000e+02 1.945891723632812598e+00
1.000000000000000000e+00 9.546612537663725639e-01 4.467674138725802324e-01 0.000000000000000000e+00 3.843898889214836615e-06 1.869486241018153694e-01 1.082866221308090571e-01 8.965269878328860353e-02 6.068357311049075165e-01 3.568565341601630525e-01 1.033443585182116792e-01 9.629786310458335330e-02 6.511882177781322945e-01 2.155454412691064914e-01 0.000000000000000000e+00 3.157661731037428310e-02 5.437561034013600053e-02 5.545939191981670291e-01 7.302378161227816855e-02 8.393461730053720232e-03 3.661543035864390228e-01 9.888285651314756564e-01 9.977330117480264216e-01 0.000000000000000000e+00 2.380158547481411527e-05 3.864747725117554083e-03 1.413425354448482087e-06 0.000000000000000000e+00 6.291888259104574423e-03 5.955596913097117584e-01 1.737850128246654358e-01 0.000000000000000000e+00 2.360000000000000000e+02 3.395453498477027043e+00
8.270851641757289707e-01 9.997042517328704747e-01 9.999997989922287944e-01 0.000000000000000000e+00 2.620064582665363839e-04 1.000000000000000000e+00 4.184282374218310507e-01 5.345867911487396373e-01 9.999170041661940012e-01 4.683945870252411159e-01 2.565254779440266919e-01 6.440513491680063263e-01 0.000000000000000000e+00 9.592478617021591436e-01 2.577728548346303050e-01 0.000000000000000000e+00 1.229241451301091133e-06 9.999999998797099998e-01 1.623819869452048370e-01 4.426751594837827208e-01 5.333705834294775183e-01 5.132498428689347136e-01 7.454663278449727981e-01 3.761682262298107204e-01 1.000000000000000000e+00 9.996977972200972173e-01 7.863285396065623489e-01 7.310643324116307129e-01 3.596811716454034746e-01 5.930817214914190227e-01 0.000000000000000000e+00 7.375786279542491108e-01 4.540000000000000000e+02 2.231824029010275101e+00
8.987105691330405932e-01 9.065304141032907159e-01 9.281083380281437423e-01 3.516173642335965882e-02 4.596862120305094113e-01 1.440427630570737250e-01 8.367549040256120341e-01 6.133798088307905738e-01 7.466477253562898708e-01 8.302914263500562608e-01 5.587855978731686157e-01 8.839774353690139641e-01 9.663692386394904243e-01 9.838638494896422282e-01 7.385357857198449061e-01 3.792484977003909158e-02 9.404730485210365254e-01 8.672806828626572484e-01 6.391033408330031307e-01 7.523046237268768976e-01 5.435966999336192540e-01 3.499880021760161108e-01 3.850313986026926427e-01 3.677748218492554177e-01 8.092098864067280850e-01 4.461128901581353640e-02 8.318187217290728963e-01 0.000000000000000000e+00 5.598776728109035039e-01 8.446857849929109152e-01 8.375705106777490971e-02 9.566767191111780200e-01 5.840000000000000000e+02 1.836204790185998803e+00
1.000000000000000000e+00 7.839567869805367240e-01 9.999999495869360544e-01 1.129567284527898396e-01 8.557209917741313010e-01 8.561013668975662183e-01 4.225371009975029124e-01 2.898138309004191782e-01 1.000000000000000000e+00 7.805411465128121451e-01 3.835035187611919860e-01 7.426418348929892943e-01 4.098038640779249620e-01 8.100309309646100964e-01 6.102965874016060832e-01 3.836477794656020235e-01 9.998430808713498763e-01 9.071862794047840239e-01 7.720867956150553324e-01 7.562528816895869310e-01 9.391491394564885908e-01 7.280810659516342431e-01 7.257227283950024033e-01 6.920791376231232306e-01 9.541969810865661428e-01 5.340155491659454023e-01 4.201079809906472229e-01 1.043475412050569491e-02 8.446974559237714342e-01 3.586694685129849236e-01 1.047046637301796562e-01 9.812063940377511173e-01 5.820000000000000000e+02 1.808710161844889086e+00
4.810872486986150220e-01 3.071715774443302058e-02 5.041193612052709098e-03 0.000000000000000000e+00 2.526418178284813854e-01 7.171270845974601557e-03 1.547694964419342413e-03 7.201031324707371506e-02 2.285729356007712154e-01 1.963017274843724749e-02 2.347314137728108516e-03 3.844612656184060069e-03 7.000686494313494990e-01 5.442260627118511614e-03 1.999122119313968826e-02 8.991533718526674435e-02 3.922869788387545742e-01 1.824616569280907569e-02 2.664724146475789924e-10 2.820987196826097256e-04 0.000000000000000000e+00 1.073287982433532572e-01 4.884920935334374249e-03 1.159116177637786876e-01 3.176455402475275580e-02 0.000000000000000000e+00 0.000000000000000000e+00 3.385178471195070954e-02 1.666189892753898727e-01 2.934397411227294972e-02 7.641046571812912247e-02 8.214459349618934425e-01 1.200000000000000000e+02 4.161021388474330784e+00
8.107054694063369205e-01 9.157681365187496647e-01 4.772604159812480762e-01 5.350714026406984403e-02 3.446008789330195360e-02 4.328932416979702075e-02 3.793695041722260908e-01 2.202965499848654474e-01 1.158306148468362523e-01 6.189714237267615049e-01 9.563193238353875913e-02 4.465973353291633474e-01 4.020394917027905191e-01 4.818642083418849809e-01 2.974889653888192487e-01 2.975746583013503255e-01 5.129327316275262838e-01 9.321254729318367849e-01 2.484262109056228213e-02 1.945490208421966627e-01 3.031838289528059893e-01 5.903651609045476034e-01 1.126416044465315819e-01 1.966500469692118169e-01 8.866191801786377225e-01 2.127687579188287936e-01 8.974055643633579438e-01 2.564228673715491791e-01 9.247674179997067423e-02 8.399976277309351147e-01 3.132263093013679667e-01 6.964838534153202643e-01 3.240000000000000000e+02 2.651085525903945861e+00
4.137106595077048588e-01 2.380859352832373210e-01 9.993540334877819564e-01 2.849117170064234352e-05 3.660123344500523235e-01 5.890174381070869547e-01 4.747308519289631379e-01 4.436228736124772642e-01 1.000000000000000000e+00 6.420113081091884943e-01 9.940173421166760281e-01 1.000000000000000000e+00 2.669170853553184952e-01 1.000000000000000000e+00 2.287510372785140078e-01 7.505868357153266945e-01 1.979562839634607749e-03 9.297485988612715913e-01 8.173739169791859327e-01 9.992702417658965164e-01 1.000000000000000000e+00 5.865229964615560343e-01 1.321670498238348423e-01 7.069288656219198108e-01 9.600567378452725675e-01 0.000000000000000000e+00 7.810962064535327265e-01 8.244169206969357289e-01 1.000000000000000000e+00 2.645923583594071982e-01 8.933110717719824345e-01 3.536527456022733884e-01 5.520000000000000000e+02 2.249560011478892729e+00
1.317818081308442298e-03 9.247058184540006831e-01 9.859695751484612858e-01 3.840894074996492602e-02 2.458598784193334261e-02 6.542066286329013547e-01 2.743594956778851179e-02 9.737834401587430744e-02 5.432156993955538082e-01 6.503954534876987478e-03 9.451048018532129391e-02 8.835037152517172254e-01 6.370992074819408213e-01 9.124649832707610875e-01 1.734104854137614171e-01 3.835428627921663169e-01 9.160234866729621839e-01 8.263739869170205754e-01 6.854625367245995582e-01 5.398879112576219219e-01 9.161859403036772820e-01 8.677288260759253857e-01 3.719824117154935106e-01 9.968544752663729414e-01 9.924141248497210244e-01 4.628638840000236926e-03 9.490660330351861074e-01 1.145161080156117533e-01 1.612295145089595637e-03 8.310478173012182390e-01 1.067383490334342516e-01 1.258761127931821433e-01 4.820000000000000000e+02 2.529356892903646070e+00
8.798118465562594359e-01 1.916799501046478060e-01 7.551660774879763449e-02 0.000000000000000000e+00 1.291622293549864837e-03 1.833973024363782789e-01 0.000000000000000000e+00 4.681251449946122190e-02 6.873542235448045767e-01 4.722151798739114559e-02 6.629146402687786932e-02 4.899182512970467335e-02 2.455195401781511411e-01 7.228796078130379499e-01 2.837893028314735638e-02 1.266154256237246069e-03 0.000000000000000000e+00 8.072108589627802200e-01 4.755607172668380178e-01 5.620022158740557439e-01 1.856632647573533759e-02 2.124291128956793187e-02 4.849108883058229069e-01 4.598804051270599658e-02 6.878815356570916473e-01 2.767083449482193869e-01 7.051972946494923233e-01 1.359382566690931216e-01 2.311185495563692619e-09 2.418844610939566500e-02 1.879147249122203878e-02 7.388928014877039763e-01 2.160000000000000000e+02 3.384516177707248108e+00
1.000000000000000000e+00 1.000000000000000000e+00 9.213674174972161790e-01 0.000000000000000000e+00 1.611132925385539913e-02 1.000000000000000000e+00 1.508257639927827742e-01 2.683627922097658325e-01 6.299538910230544353e-01 1.689959237126271996e-01 9.986372680129960155e-01 6.901323146750265591e-01 6.322096401696465362e-01 5.807060500120945212e-01 3.359320660745299114e-02 3.856305797187283835e-01 1.439023225379739424e-01 6.428337996529561726e-01 9.458248127676045502e-01 9.738079253683387115e-01 4.444465601817040312e-01 4.661163411778423415e-01 2.735536626225506529e-01 2.704908987474561322e-01 7.027563878299126765e-01 4.314732498450844500e-01 9.999746135463313257e-01 7.180830338107868638e-01 4.583681283071701085e-01 6.394539939693816982e-03 4.234490343283243141e-01 1.878980849632932437e-01 4.320000000000000000e+02 2.405411487155490580e+00
9.263583980748937297e-01 2.488850764271035021e-01 6.810343100206107669e-01 3.867331457312857268e-02 6.309680878446813357e-02 1.629043406198423527e-01 5.151398961217729111e-01 2.456890418064899308e-03 5.667890079431053135e-02 2.956753735617936307e-01 2.380378915286834526e-02 9.166882837133728534e-01 5.347295358116509467e-01 1.000000000000000000e+00 3.401947071885347285e-02 3.673021944612962775e-02 4.857734369381628420e-02 2.982065966970627591e-02 9.444420473816803052e-02 6.664934634897533572e-01 3.667860744985669275e-01 8.575605323568433747e-01 2.494480986964574543e-01 5.283114114399530825e-01 5.124700004515199137e-01 2.281587356184223148e-01 7.646353347403680445e-01 8.943887717931272574e-01 8.643778924068863390e-01 6.759200864152664634e-01 7.812964377152971374e-02 6.311580093255905743e-02 3.340000000000000000e+02 3.023977905664688492e+00
1.000000000000000000e+00 1.690469069041480588e-01 9.160485909613657052e-01 0.000000000000000000e+00 5.426017183956359791e-01 0.000000000000000000e+00 9.747775816088254386e-01 9.662636778614068778e-01 2.200604258117949534e-04 9.501775612330766174e-01 0.000000000000000000e+00 6.963837360357965078e-01 7.283998050369453470e-01 0.000000000000000000e+00 9.158179520516018801e-01 9.763544538939959994e-01 0.000000000000000000e+00 8.937791930018619269e-01 8.676425226909283417e-01 1.283177766799009079e-01 1.000000000000000000e+00 0.000000000000000000e+00 4.754053912198738518e-01 1.760798001605296259e-01 0.000000000000000000e+00 0.000000000000000000e+00 0.000000000000000000e+00 7.977486657354913024e-01 4.278300566191564069e-01 6.216296357880204404e-01 2.016862850837938207e-03 3.098944518825398897e-01 4.400000000000000000e+02 2.813724182591293754e+00
9.915614597671016384e-01 1.000000000000000000e+00 9.843380869759353891e-01 4.870487304625933933e-02 7.804676082300924245e-01 1.290066997082020116e-03 8.935755257440721744e-01 6.741462414243307166e-02 1.486422821636511071e-01 3.245048813510527652e-01 9.998809055859653183e-01 4.349769087274707458e-01 9.996703152875926479e-01 2.114158827006491770e-01 4.187169770769827992e-01 7.285098970269188179e-01 7.547875808697206423e-01 1.000000000000000000e+00 9.832731869259494495e-01 3.725419435261365098e-01 8.520291909079693582e-01 8.375968894521914621e-01 9.560349989019659711e-01 2.841139399290737097e-02 9.995638202633728708e-01 7.191530610557374248e-02 7.672144240473719456e-01 8.438118515584766000e-01 2.053573830011593548e-01 1.000000000000000000e+00 3.781955487676489508e-02 9.057154713307562499e-01 5.900000000000000000e+02 1.921727539511287830e+00
1.000000000000000000e+00 8.923559271503962442e-01 9.267341615713617919e-01 0.000000000000000000e+00 2.387743567654938004e-01 2.905617225458044239e-01 0.000000000000000000e+00 3.272501196182677763e-01 5.782241212474348302e-01 2.085093077675075346e-01 4.911300953292590532e-01 9.341807000720999676e-01 8.467469296055846195e-01 4.371656752307036542e-01 5.517203573707938485e-02 1.000000000000000000e+00 1.289422462232079902e-01 4.795105678449391173e-01 7.746300350202423024e-01 7.969185942573289161e-01 0.000000000000000000e+00 9.190396232673626598e-01 2.243502303114696117e-01 5.857696612767909067e-02 1.000000000000000000e+00 4.330739670338502600e-01 1.000000000000000000e+00 0.000000000000000000e+00 1.000000000000000000e+00 4.285401167171388193e-01 4.129879953670529402e-01 7.938183352100852685e-01 4.580000000000000000e+02 2.261578843087860946e+00
9.633283315767124932e-01 9.912482242114999398e-01 9.983943294048651662e-01 1.769269178897937833e-01 4.746973202076681941e-01 1.788380683609674393e-01 5.167046635761233242e-01 7.029686075042018700e-01 5.313813166699258295e-01 8.995123394079997947e-01 3.403858314299028076e-01 7.648136261076394771e-01 3.942178935524970895e-01 4.659504239989751828e-01 8.699957166044938184e-01 0.000000000000000000e+00 9.193157335698870503e-01 8.719451908143510677e-01 2.657477760907995812e-01 5.358896845513239082e-01 1.733074042461501540e-01 1.709811995965704670e-02 8.690340175226173372e-03 1.188568314854135943e-01 4.137803866751076920e-01 3.848270468959059110e-01 2.200712889791562460e-02 7.958053359860378650e-01 3.423470237908936009e-01 0.000000000000000000e+00 1.332433487280478002e-01 9.757470825482713606e-01 3.920000000000000000e+02 2.559563552008734977e+00
9.730669091873535015e-01 9.983155803290512109e-01 9.999985038344161303e-01 0.000000000000000000e+00 1.984683572442690058e-01 2.132924381988562587e-02 7.306380502074106831e-01 3.140148160876981009e-01 8.496046302894735280e-01 8.874614643037310735e-01 3.996148432586505428e-01 9.051235864064527403e-01 6.975551372816019002e-01 7.891358844452018850e-01 3.730370161487696623e-01 6.492734256212163713e-01 4.828409047705866097e-01 5.474206616234085221e-01 1.559729561785055119e-01 8.068044031192824761e-01 9.835952581590647892e-01 9.812123790752438346e-01 1.000000000000000000e+00 3.920834567561233275e-01 5.078884140749545528e-01 0.000000000000000000e+00 3.167120631692817850e-02 7.444121000012887679e-01 6.850547141521206029e-01 9.840306973706147708e-01 4.924112460138861946e-01 9.624682187434377978e-01 5.400000000000000000e+02 1.951653404235839995e+00
9.245816991187765232e-01 9.870952816253725226e-01 8.216370530733120292e-01 1.708935622838105850e-01 6.905907284455788941e-01 2.591539702156111513e-01 8.942780576297411355e-02 1.457602346487292810e-01 8.898867520594317959e-01 2.106078363410450460e-01 7.544832039888076380e-01 3.853646535856443678e-01 6.736561574221915372e-01 4.274537979662294540e-01 3.716383201095360689e-01 2.349103788098033108e-01 5.611308127670044943e-01 2.412139350110639180e-01 9.491565961368836346e-01 2.469784269784825945e-02 7.645761966629281980e-01 5.738102432829473853e-01 5.933881258891915422e-01 6.572566207060531740e-01 9.724967337185250749e-01 4.741639992836295669e-01 6.900722511441933493e-01 3.594763170973022670e-02 4.286737026894693048e-01 9.699815430846274733e-01 8.325726335027916480e-02 4.022103088630440415e-01 4.120000000000000000e+02 2.319862635294596576e+00
9.481742032206595949e-01 1.000000000000000000e+00 3.749848460240959671e-04 7.573994724749234263e-06 5.936043691656019833e-02 2.731996643837868999e-01 8.805889245108290408e-01 4.952212981619200788e-02 0.000000000000000000e+00 1.021044278899453234e-01 0.000000000000000000e+00 7.793500420710733900e-01 4.773129773972687451e-01 4.879859102735059157e-06 6.359216153944176053e-01 8.511599743281799454e-05 3.504352072916700964e-03 1.720654402339780176e-01 0.000000000000000000e+00 9.542899355010800444e-02 2.198955729500012835e-02 3.894125346161911305e-01 0.000000000000000000e+00 2.874453637832511538e-02 3.464192713991878225e-01 5.557736193224274701e-02 8.477344139382852854e-04 0.000000000000000000e+00 1.434435538328415402e-02 9.572360055128386058e-01 1.240438187791800956e-01 1.502288434720677190e-01 2.240000000000000000e+02 3.504225195021856365e+00
1.000000000000000000e+00 1.000000000000000000e+00 9.294013547169004408e-01 4.000683826893502667e-04 5.616820171253413679e-02 3.169901734569838259e-02 1.000000000000000000e+00 4.165820378825144305e-04 4.783052350010607578e-01 9.438902387848461251e-01 6.622101953948276165e-01 7.672324634428789869e-01 1.000000000000000000e+00 7.588565487351383032e-01 1.000000000000000000e+00 1.000000000000000000e+00 6.397632179937792207e-01 1.000000000000000000e+00 1.000000000000000000e+00 8.871984158848452914e-03 1.000000000000000000e+00 4.681014107156138970e-01 6.711667142812629550e-01 5.733341339343366039e-02 9.731043578998526122e-01 5.839794457106300962e-01 4.827457195367954729e-03 2.332701212083313491e-01 9.571652452693057977e-02 0.000000000000000000e+00 4.908167891896361712e-01 9.974542396002212818e-01 5.500000000000000000e+02 1.979582880254377564e+00
1.000000000000000000e+00 9.717537669753307794e-01 8.426853251654020660e-01 3.643256456392097165e-01 2.832018774899939806e-01 1.021199866646383403e-01 4.914721606849362656e-01 8.887653857521636835e-01 4.844746607468785604e-01 4.317895320125573200e-01 1.000000000000000000e+00 8.160884661872358503e-01 9.009667168875344911e-01 8.194157438161944196e-01 5.626784508456618150e-01 6.579263743665860753e-01 1.602443423404886769e-01 9.561718753679055993e-01 8.503089963125326500e-01 1.000000000000000000e+00 1.000000000000000000e+00 9.397279731312917495e-01 2.744403371262844615e-01 1.780170819808492844e-01 1.000000000000000000e+00 2.041510696018328519e-01 7.792341365145362131e-01 8.833391671032031489e-01 0.000000000000000000e+00 1.000000000000000000e+00 1.641595157646374425e-01 9.897046233536723747e-01 6.340000000000000000e+02 1.748468666076660183e+00
9.860620900543692890e-01 9.915226783819217626e-01 9.999999991825064827e-01 1.228239461215518274e-01 8.148142087129949251e-01 7.493661067604783232e-01 9.998182067832099840e-01 1.439244885270018204e-01 7.964674372354162424e-01 0.000000000000000000e+00 0.000000000000000000e+00 5.461001682008540525e-01 6.146446563009175801e-01 3.345713624246263729e-01 8.809969766399551529e-05 3.701837712727763796e-02 8.313504705781590287e-01 7.990994318042753397e-01 4.644212107527229683e-01 6.272164068591671304e-01 6.953136208581142978e-04 3.141235249651819217e-01 5.053217467222338444e-01 1.000000000000000000e+00 4.336573556347166764e-02 1.518158126190483348e-01 4.618159492499507857e-01 6.711174462925680040e-02 4.055598953136175244e-01 4.002092657706129986e-01 2.830054346937397464e-03 8.004199678887642389e-01 4.140000000000000000e+02 2.583854908413357077e+00
1.284229555484753815e-01 7.437380524092361833e-01 3.131688572562454920e-01 9.336822404702642408e-02 9.533268646412810243e-01 0.000000000000000000e+00 1.858087852780264115e-01 6.244912510779904169e-01 1.179629267782967977e-01 2.050802179753071983e-02 5.772801832153584556e-01 1.000000000000000000e+00 5.274209254650186196e-01 7.914111402874176582e-01 8.188762803761234776e-01 6.781162934459602498e-01 7.063156291187114855e-01 1.000000000000000000e+00 9.947495055728027280e-01 3.759225967237862509e-01 9.195567175920299485e-01 7.376091130269468721e-01 1.419025208318546172e-01 1.001781297578950569e-01 4.782601848502957553e-01 7.108429609255549897e-01 3.589740309735454660e-01 7.560569219338879599e-01 4.645152460902657876e-01 7.048421850944289746e-01 2.676210690053693053e-01 6.781964669785737199e-01 4.160000000000000000e+02 2.344658142481094831e+00
9.998343267875562379e-01 9.421747967315390326e-01 8.698321146478708021e-01 1.590844398345060418e-01 0.000000000000000000e+00 2.699131489637828785e-01 2.005823155282281389e-01 2.634981203811811445e-01 2.328981554250229291e-01 1.000000000000000000e+00 5.095674344898703384e-02 5.536210163235367743e-01 7.542825449525458748e-01 2.131681221079671507e-01 5.107748261840892035e-01 5.542214207742973686e-01 2.709372980540131204e-01 8.815407114981073100e-01 2.576830588110201048e-01 5.219579783941798320e-05 8.937733882942764385e-01 1.456403686328123538e-02 0.000000000000000000e+00 3.318123332678237780e-01 9.606912700674509198e-01 1.365960025742240852e-03 4.007820543663296875e-01 4.025694581282527884e-01 1.454740025546751303e-01 8.758341525070684197e-01 2.465345981592772379e-02 2.840756066004703762e-01 3.660000000000000000e+02 2.630110253228081785e+00
9.966694486910693263e-01 1.083046367349470881e-04 4.268830421409310766e-02 2.487095504864054660e-02 0.000000000000000000e+00 2.054354540159497589e-01 8.950087618708882364e-02 2.257588068710179082e-03 5.015341490556632920e-01 7.957434354210894678e-02 1.445792592615624539e-01 2.856571583370637324e-01 3.806221317193201475e-02 9.095642889051995805e-01 3.140914010949969470e-01 8.525359077224649029e-01 1.920106870871882976e-01 8.435491050415799830e-01 1.446290879997455016e-02 9.320720635041186419e-01 3.913314534093111779e-02 4.782332224082791851e-04 0.000000000000000000e+00 1.045618734333530198e-01 5.124185775989861247e-01 9.827687146457653178e-03 2.385887293910033402e-01 8.263708161709451550e-02 1.515106213801667989e-01 4.965601685516304875e-02 3.523559885970346215e-05 1.380219480296253961e-03 2.340000000000000000e+02 3.569495617901837559e+00
1.000000000000000000e+00 9.902702585820265524e-01 1.000000000000000000e+00 6.600982874604117978e-02 1.154957782124920035e-01 9.398098789410096188e-02 9.723009008003228315e-01 1.959383846920766115e-01 4.123033596473817397e-01 3.532094470184896084e-01 4.821884222860186031e-01 9.999776636533638241e-01 5.172483250738132421e-01 8.609075908930258203e-01 1.874167623887281475e-01 1.000000000000000000e+00 9.691294603857958379e-02 9.612829522602867049e-01 4.021022250134744652e-02 9.893801025414000749e-01 7.879606546930189026e-01 1.000000000000000000e+00 1.097391160482408812e-01 4.509820737323319007e-01 2.216122303597317100e-01 0.000000000000000000e+00 1.630704157074636951e-01 2.115226548644671273e-02 8.764512895763888478e-01 3.488795626841327269e-01 7.318357585471207960e-02 0.000000000000000000e+00 4.380000000000000000e+02 2.628954914637974483e+00
6.216953589416923665e-01 2.523068381405993987e-01 2.093343918649725466e-01 0.000000000000000000e+00 2.192667375512498962e-01 1.610823947918441079e-01 3.283893532839335383e-01 7.381778637556032918e-02 2.606689539101885670e-03 8.178605045557221231e-01 3.277617290060254596e-01 6.897717980120949832e-01 6.994337148873090992e-01 6.546639581898432425e-01 1.052109067764733265e-02 3.734047000411960249e-01 2.807828276218647945e-01 6.986205507126412861e-01 1.463733359695982561e-01 2.582263660456782794e-01 5.527250408605951515e-01 4.500382050978550263e-01 2.881796905355440974e-01 3.305128000611522177e-02 4.054841771769716885e-02 1.214169744970758011e-02 1.798773674644884579e-01 1.573477212695530980e-01 7.767548400829796251e-02 9.905297285363090509e-02 1.619427617155291821e-02 9.970442009015371143e-01 2.240000000000000000e+02 3.280415509541829255e+00
7.789071701644401102e-01 9.998563626816880934e-01 8.793634290977661028e-01 0.000000000000000000e+00 1.000000000000000000e+00 8.907702526453585845e-01 1.000000000000000000e+00 1.312381162614895402e-01 2.201755332759533224e-01 9.139965607547587689e-01 4.329616531176996297e-01 8.411079467314256375e-01 9.896988510677668938e-01 9.599560205726878070e-01 7.420849683162560328e-01 1.000000000000000000e+00 1.997083629536332006e-01 1.000000000000000000e+00 8.568239273709404857e-01 9.999999985945992043e-01 9.999757279889303074e-01 9.427528059057939114e-01 9.999970183547853830e-01 5.211742939150837070e-03 5.463718856164204718e-01 5.182003068820802971e-01 1.354209681013022240e-06 8.772218324940047607e-01 6.315224070803644452e-01 7.122445628202201950e-01 5.370452153184515631e-02 9.796053450580450850e-01 6.800000000000000000e+02 1.760605939229329620e+00
9.999092880496913693e-01 1.000000000000000000e+00 9.999525962377188160e-01 1.123246472672220497e-01 5.132896346843842661e-01 6.660569242503233678e-01 9.144845861970970491e-01 3.238572958598529561e-01 3.566648263409494257e-02 2.060608981490308078e-01 6.429129277482203975e-01 1.000000000000000000e+00 1.547179963618702282e-02 1.000000000000000000e+00 4.748793246005085233e-01 3.865046411829586859e-01 1.842741350585869742e-01 8.227601007217402174e-01 3.597547669631617206e-01 5.366204866089687719e-01 7.616501270302250548e-01 9.523640113204343415e-07 1.822031206873480080e-01 5.622589704086008132e-03 9.215148078553164757e-01 8.453892413852135898e-03 8.776130303282936307e-01 4.905739708063259208e-01 5.042914640428961537e-01 3.831907492935090476e-01 7.624068850746282267e-02 8.942957484007323377e-01 4.460000000000000000e+02 2.392189332210655994e+00
0.000000000000000000e+00 4.317435927175422572e-01 3.225906820216385418e-01 3.113520735938037909e-01 1.495018285365740107e-01 1.473656590674720171e-02 1.594967847246271109e-01 7.511502696156470149e-01 4.741466360829143210e-03 7.172231848847472335e-01 1.135645450738135831e-01 9.801777350505692654e-01 4.371161495035907896e-01 0.000000000000000000e+00 3.022356639166136616e-01 9.999726952436892580e-01 1.735607892179598100e-01 0.000000000000000000e+00 9.505969289374617270e-01 1.530404777781676495e-01 8.251870749784093739e-01 4.085837047503951269e-01 6.258940710261655660e-01 7.898795378981830762e-02 4.016273345540157247e-01 8.421350946706634283e-03 2.820500720854366983e-01 5.506069725952816851e-02 6.534781068313259833e-02 1.623491001840719761e-01 1.298564443039494087e-01 9.996211201308331518e-01 2.880000000000000000e+02 3.161862707726749377e+00
9.307058531702765425e-01 4.746842076373435776e-02 1.499571567741129346e-02 3.226175728556565092e-01 1.110850819074675339e-01 3.687451362629338980e-02 6.777888419334581194e-01 3.766445088078791414e-01 1.814743634838221140e-02 5.291683349937991165e-01 5.453676089074330213e-02 7.955866886888457445e-01 1.858111332412939742e-01 6.912463135234026002e-01 5.011850017252634792e-01 2.265059104448155503e-01 1.485624216906592798e-01 8.473707597884791998e-01 1.015590347460483267e-01 5.168811101381411977e-01 9.829023430626097901e-02 4.321492131297771100e-01 1.476574943423382413e-01 4.847590484037181402e-01 2.655686218786101338e-01 2.875159709900699384e-02 1.317261682649571719e-01 6.990459629829291754e-02 9.702495864745009913e-01 6.777230079621545666e-01 8.048968395338796571e-05 8.752513896998352916e-01 2.780000000000000000e+02 3.097993986947196188e+00
7.427689446328027412e-01 6.632430801360866823e-01 9.105879864188328732e-01 1.510971605938800540e-02 9.170631738142187670e-05 0.000000000000000000e+00 7.581204470143789731e-01 4.507964037083376230e-01 2.465262964229453790e-01 1.993439640869408003e-01 2.483016394793235715e-01 1.198837018733034943e-01 6.194861619658106333e-01 2.771639147992480678e-01 7.347613268757803295e-01 5.585740695373130338e-01 5.328333714060287107e-01 4.720155095287442704e-01 3.611589684756630891e-01 6.986479955400385355e-01 5.495806126842837092e-01 3.383498410267523626e-01 4.143920414673074593e-01 8.367695486184890674e-01 8.889817673330393522e-01 7.884240688243597805e-01 9.343900977205937819e-01 1.332155138520151050e-01 3.631493229997380693e-04 2.807835905902089091e-01 7.053747728074995227e-03 3.152144581984512306e-01 3.320000000000000000e+02 2.613857668922061173e+00
9.687756042571650239e-01 9.696929370865672304e-01 9.999889935442927147e-01 1.122685362491056271e-02 6.805418460148285886e-01 0.000000000000000000e+00 9.918968885036817396e-01 6.062978947483163017e-01 2.906150718774407893e-01 8.168911507171129349e-01 6.906026549952782867e-01 2.376427251924972950e-01 9.999980173458236088e-01 9.418922520881702898e-01 8.583397805113719414e-01 1.000000000000000000e+00 6.844181578928573151e-01 9.832168731418745589e-01 8.272003274738257694e-01 1.759728889711642541e-01 9.988604452016530688e-01 4.409659307618553070e-01 7.187998747671014987e-01 6.655842397890935347e-01 2.968226160226013488e-01 3.787694362982383378e-01 1.677277752161897006e-01 9.197304489774793534e-02 2.028397288076402294e-01 8.664406573583328663e-01 1.711274364812752913e-01 9.944439496953565438e-01 5.840000000000000000e+02 1.924994440431947895e+00
8.268878365920651063e-01 6.920793399274177693e-02 8.818529311377101484e-03 7.594981399494280319e-03 7.426073911947498468e-03 7.213875978225549324e-02 8.208691642189331825e-03 0.000000000000000000e+00 0.000000000000000000e+00 0.000000000000000000e+00 0.000000000000000000e+00 0.000000000000000000e+00 1.000000000000000000e+00 1.000000000000000000e+00 0.000000000000000000e+00 6.441786200267597406e-01 1.211217204367401046e-01 0.000000000000000000e+00 1.125705021508636994e-01 1.586620757882219179e-02 4.114083526973731364e-01 6.802393777347267578e-01 3.244987048241081418e-01 0.000000000000000000e+00 1.100985559970134170e-01 2.485460380089745368e-04 0.000000000000000000e+00 1.333917124086220207e-01 2.003845607520322869e-01 1.403609353647471136e-01 1.564416194557969597e-01 6.888444121906962536e-01 2.060000000000000000e+02 3.635277732761426961e+00
9.998821371395256730e-01 1.000000000000000000e+00 6.546246134063326005e-01 1.767966273255902165e-04 9.581260820215455887e-01 5.760927601135720734e-04 2.018462148057952876e-01 2.075208066459461875e-01 9.100946735473008919e-01 9.029367021449757891e-02 2.540565688921529578e-04 7.667094239166452052e-01 7.516112981402257587e-01 2.229000883882533378e-04 1.356282109102058004e-04 9.219634362737977318e-01 2.311009840324184383e-01 3.347813053130860306e-01 5.836486231725327573e-02 2.786380676756836094e-01 1.323132478466151063e-01 8.059512177672165656e-01 6.761890576661720997e-01 5.492317356117630833e-01 2.573871149210859577e-01 3.518051265321425758e-01 7.073340357729934746e-01 3.788410314998099104e-01 1.000000000000000000e+00 5.764245938171898009e-01 4.530722549179259095e-01 9.999999999437119147e-01 4.080000000000000000e+02 2.508005375332302389e+00
9.985370353277153166e-01 6.613462318358327430e-01 9.999998435868856506e-01 1.465876027397631509e-01 1.945927917869247903e-01 8.252655687937514584e-01 6.852724258797043833e-01 3.761552177236003325e-01 8.278099340734716982e-01 8.125825039916493298e-01 9.708332184964861833e-01 9.878877671438414110e-01 3.333254680875727405e-01 6.040238918822833369e-01 2.978671303571842066e-01 3.663424273650293661e-01 8.998495932534014141e-01 9.803953350342852202e-01 9.985311738553761529e-01 9.565516430123600644e-01 1.000000000000000000e+00 9.691558206916310869e-01 5.716085032993526438e-01 6.939391369598719717e-01 9.372510317874864771e-01 2.697698765151409495e-01 1.000000000000000000e+00 3.756786722596393013e-01 9.997255696544156134e-01 6.412766618338739955e-01 2.924709565728620397e-01 6.155999154718868605e-01 6.480000000000000000e+02 1.680207061767577947e+00
1.000000000000000000e+00 1.000000000000000000e+00 7.443843554700709797e-01 1.282046609002409146e-02 9.773597132086890849e-01 6.928613420778091322e-03 9.072658715353395520e-01 1.382235743951059845e-02 2.714968722123031197e-01 9.848852139462661581e-01 6.021569945168029347e-01 9.987781315556857331e-01 8.734264593290749223e-01 9.989490184793698990e-01 3.962776607255694139e-01 3.434195189420573002e-01 1.000000000000000000e+00 1.000000000000000000e+00 4.656185511229384288e-01 5.325421573611662795e-01 9.507282262430536424e-01 9.228915127091554815e-01 5.853147764212921489e-01 7.805124804473807798e-02 9.966497756084804482e-01 0.000000000000000000e+00 3.278907994871900211e-01 9.319603603537806036e-01 2.635166478951405430e-03 2.561504659631989034e-01 1.206747460299874425e-01 2.243864734323101351e-01 5.420000000000000000e+02 2.109823594269929270e+00
5.281739769438535959e-01 1.000000000000000000e+00 5.181042852716746250e-01 5.497755986833502775e-06 7.841655168880679039e-01 4.490687017207709714e-02 5.857499355872651803e-01 1.468640327438337685e-09 9.173772413945301824e-03 9.999998661991845728e-01 4.309307454560306061e-01 8.317585058418296429e-01 3.778909198528836999e-01 1.000000000000000000e+00 6.245083781832589942e-01 4.608096547423355949e-01 3.202486089439214867e-01 5.503935546922276156e-01 3.231454279051588774e-01 2.624437567795945281e-01 4.372955512670989031e-01 1.269489857097406971e-01 3.610426850325034187e-01 4.373470183771315800e-01 2.199351027411749759e-01 5.145096675117787344e-01 6.428702189281114698e-01 0.000000000000000000e+00 1.259760464705879102e-01 2.713980167111959552e-01 1.020905730615446804e-06 3.027013024778656483e-02 2.940000000000000000e+02 2.787055605933779656e+00
0.000000000000000000e+00 0.000000000000000000e+00 3.422211370038636957e-01 2.622008993871329961e-04 4.202917203015211767e-01 0.000000000000000000e+00 2.812854043938480264e-01 0.000000000000000000e+00 5.421771612765711144e-04 8.332202652082455752e-02 2.412948421685256195e-01 2.265521074946039437e-01 8.195688570748216328e-01 4.345146155539628130e-01 6.334652599042941978e-02 2.821919899882621707e-01 7.156672086501643104e-01 3.260865886660350710e-01 3.142877179125014298e-01 5.289973314148039840e-01 2.825172602537845967e-01 0.000000000000000000e+00 5.215922328633071370e-01 1.027386854234947355e-01 1.000000000000000000e+00 0.000000000000000000e+00 2.884451222495105216e-01 3.328696784789875185e-01 9.971470815894838136e-02 5.108312789414948263e-02 1.017727489115331264e-02 9.330586397795337383e-01 2.120000000000000000e+02 3.422089826649633348e+00
1.000000000000000000e+00 3.869066661548100639e-01 3.820065260379882366e-01 2.222172222687659182e-01 0.000000000000000000e+00 3.064266261673538327e-01 6.339661186977146867e-01 0.000000000000000000e+00 0.000000000000000000e+00 0.000000000000000000e+00 4.260937538576309433e-04 8.310120614800227123e-01 2.954313202279618689e-01 1.000000000000000000e+00 9.856789448393219466e-01 9.160910692349852336e-02 0.000000000000000000e+00 1.000000000000000000e+00 0.000000000000000000e+00 0.000000000000000000e+00 1.000000000000000000e+00 6.052057872295367735e-01 0.000000000000000000e+00 7.155997313744363320e-01 1.128618189570278069e-01 0.000000000000000000e+00 0.000000000000000000e+00 6.350316055991428454e-01 0.000000000000000000e+00 1.293407236698045637e-01 0.000000000000000000e+00 2.092888653159684920e-01 3.120000000000000000e+02 3.150729301648262037e+00
5.402026784865656683e-01 1.000000000000000000e+00 8.806199522103078658e-01 5.889847586425738662e-02 7.268730452786100749e-01 9.750452758295343747e-01 2.731592576509796477e-01 1.353222570355625820e-01 4.266696407199514936e-03 0.000000000000000000e+00 8.175303845327103192e-01 3.110966222936078496e-01 2.140791467974125124e-03 6.299371776235440645e-01 2.806296522844502483e-01 4.710601355060184958e-01 9.226525730872303654e-01 3.326483997140264326e-01 1.000000000000000000e+00 8.260767419589035709e-01 7.479439576499762043e-02 7.612926105305059532e-02 4.948526558355464955e-01 4.749567342896258149e-01 3.392271475327134796e-06 9.042076662690579081e-04 1.000000000000000000e+00 6.211915719007042797e-05 5.198284529867349679e-01 2.454801227501963654e-02 1.170325935931146033e-01 9.525256112673894382e-01 4.000000000000000000e+02 2.775760034201802284e+00
8.929250184546158042e-01 4.039146741821885711e-01 3.798178141976850664e-01 8.110583498255024329e-08 1.217070894837324890e-01 5.508344310739475037e-03 7.533346648313598015e-01 7.638797175074126811e-01 9.506773806617934142e-01 9.199529614763920504e-01 8.588404314887705393e-01 9.232897133029065451e-01 9.415164521251477847e-01 7.445401472520951636e-01 1.586404708821622378e-01 4.905769210597513696e-01 8.958405968562230814e-01 9.999998033776649198e-01 3.674083779771257774e-01 9.999275265674764102e-01 9.288600354338419907e-01 8.426393245381862407e-01 5.031420544697666752e-01 9.620082118521969816e-01 8.941228559648292107e-01 1.195194748707426313e-01 6.887191453903604987e-01 3.340574259134060364e-01 8.261563852486794035e-01 1.700745141032479757e-01 3.509768305002948785e-01 1.000000000000000000e+00 5.960000000000000000e+02 1.924080452264524288e+00
9.417238377792099824e-01 1.000000000000000000e+00 9.982707346866248610e-01 8.127398956225193732e-03 6.998318299938904863e-01 3.275214541289293013e-01 1.129352077872909227e-01 3.616214232513527138e-01 2.865430656608918686e-02 1.763126979334913302e-01 4.370745322909704855e-01 5.023764930216844116e-01 8.616118891859544382e-01 9.623620157854850810e-01 5.959162461388893828e-01 9.143421425995814644e-01 2.594140514870019731e-01 1.000000000000000000e+00 2.560495894261827221e-01 8.178936390751048169e-01 7.684179589869652993e-01 1.000000000000000000e+00 7.773710233022887994e-01 3.516633530626719351e-01 7.275368931099100989e-01 5.079365577421680600e-01 9.236790276733453098e-01 6.506290273828203574e-01 9.386731865720142620e-01 6.969205155983717592e-01 6.076879341126272677e-02 9.853799733829019525e-01 5.420000000000000000e+02 1.900859057108561290e+00
9.772909048141807942e-01 8.004114554933018377e-01 7.108832347265551244e-01 1.188984397819524072e-02 4.864078276367845843e-01 2.145919634536127274e-01 6.822905187798468385e-02 5.005029254232036262e-01 9.250774130428320863e-01 7.233411539089780184e-01 8.788362562542666456e-01 8.474919167678617304e-01 5.852469282787761129e-01 4.074986495618295734e-01 7.694689304849383626e-01 8.385453424369123665e-01 5.800176811504556551e-02 6.535429019261749239e-01 7.305213516611709368e-01 6.053160193379979875e-02 3.240272532999416422e-01 5.426409490920106604e-01 4.545026303833510917e-01 9.475477527750481022e-02 2.378549908916376132e-01 1.375572518883640960e-01 4.510207842012415869e-01 3.818412695610600566e-02 4.476115105348599243e-01 9.947366957813859045e-01 3.457997725075008244e-01 8.261406830317317151e-01 4.300000000000000000e+02 2.241752900017632388e+00
8.875342532752055202e-01 9.995540064279072601e-01 8.677258371147023031e-01 1.006869393958859521e-01 2.894909405946620440e-02 5.256410885203373073e-01 1.781048725631803331e-01 8.749334611981757215e-02 1.662210395434931881e-03 3.698709302525559628e-01 9.774213974925950454e-01 9.984677071343837085e-01 1.000000000000000000e+00 1.071154087610701466e-01 1.254075267685453299e-01 7.028321782445723365e-01 5.160461396566841108e-01 1.000000000000000000e+00 6.384114269978592437e-01 9.006674382260124734e-01 3.897596637521911211e-01 1.000000000000000000e+00 8.785584284543361822e-01 1.000000000000000000e+00 3.900519025351666391e-01 4.733105095596217837e-01 1.934995449981775917e-01 1.041094359570424351e-02 1.000000000000000000e+00 5.062302400762016541e-01 3.125644774269744075e-01 4.490281639229369848e-01 4.900000000000000000e+02 2.290058949788411180e+00
9.675113493478350035e-01 7.337527783696583539e-01 8.343637932243977984e-01 1.848927759993757806e-03 6.553803034547955875e-02 1.542059828593957682e-01 3.656328928121573285e-01 1.142755198831023333e-04 7.582584688387323801e-01 8.585005787642805419e-01 9.674203445830509285e-01 5.674208771842133014e-01 7.358601721052895339e-01 6.990941781950441580e-01 2.064583096433403875e-01 6.317200309405611725e-01 3.205756533370036632e-01 7.311331164767934654e-01 7.365257090373102111e-02 8.349712336829046011e-01 9.655503238823518464e-01 7.325737223098155448e-01 5.457052627206433471e-01 9.724573529620512968e-02 4.064264166956093050e-01 7.666360378202669024e-02 9.996528005239946335e-01 2.114729641899781576e-01 4.567566622636864970e-01 4.872702082445052874e-01 0.000000000000000000e+00 7.953918924766256726e-01 4.240000000000000000e+02 2.239981236775716145e+00
5.019071463070166050e-01 6.590778345196086629e-01 1.711718505298697457e-01 7.877961939255682944e-03 3.305786298293841852e-01 9.175457652352277116e-02 3.078175175875195180e-01 6.195309900114774615e-02 9.721584171036329325e-01 4.885753179470387342e-01 4.580819709449738819e-01 4.672632439684286376e-02 5.299888509105471490e-01 5.081193739534163312e-01 6.604178293162189517e-01 2.311979106881238977e-01 3.067190975126178887e-01 3.211647168866831326e-01 2.208378825622733105e-02 3.842398116883024017e-01 6.058341525034824926e-01 8.607459250835755027e-01 1.889192952280215609e-01 8.579539783365376648e-02 8.397766727928321906e-01 5.305890796512704316e-02 7.213988453725515004e-01 5.989534491591572696e-01 3.707469622165832646e-01 7.951977432269095036e-01 3.001588044708838887e-01 4.510647432903110432e-01 2.820000000000000000e+02 2.747107012518520630e+00
9.899481224681666580e-01 5.214022946742503661e-01 7.942928492686528452e-01 3.992063388453173656e-02 1.553127507984112532e-01 9.544470560157179706e-02 3.015238619809549880e-01 2.351845995181305049e-01 3.244020843935195297e-01 2.749649895608988898e-02 8.435901746813878610e-01 8.171308116361699625e-01 1.018694619756390640e-01 5.982326937405344491e-01 2.237782669435229299e-01 1.057052537318589197e-01 9.519551537974301203e-01 3.935918843378619081e-01 9.416935925322676981e-01 7.862227588229119268e-01 9.999937473938591559e-01 9.999998341331295393e-01 1.925575935113990264e-02 9.821783033198226986e-01 7.785087088045962167e-01 9.979860480110066545e-01 4.273854755575812181e-01 4.063491144060800142e-01 8.331750100356950794e-03 2.154733895189026374e-02 1.993976419374443934e-02 5.363596669204663547e-02 4.100000000000000000e+02 2.680344728110493069e+00
5.527319633431762025e-01 9.868504768490040657e-01 7.901001303363416328e-01 2.370688380858632419e-04 9.426474357864238485e-01 4.945640158658397567e-01 9.876477826842814389e-01 9.621666948633667005e-01 8.087535216147671013e-01 7.677558127209332950e-01 9.667823832982362919e-01 8.542004663520111896e-01 5.102971987489229866e-01 1.100699945779366334e-01 5.774882315714975345e-01 8.676595251933749697e-01 1.984451808263252293e-01 6.338035118747826768e-01 2.617024677631264451e-01 4.525221458036909894e-01 1.252041154156425251e-01 4.716457289526181929e-01 1.285069626884207117e-01 3.349628890979858831e-01 3.328497164285737497e-01 2.112800508826778445e-01 4.237125120193306893e-01 1.223688824445477025e-01 4.372704335360615979e-01 3.872898608470376480e-01 2.169544225232816759e-01 1.000000000000000000e+00 4.360000000000000000e+02 2.389263111612071278e+00
1.000000000000000000e+00 8.449409945537369460e-01 6.497661576640971770e-01 4.156823045163346442e-01 7.852335192104689110e-01 7.398943223452598694e-01 5.563585252277651882e-01 1.232973962305592905e-02 0.000000000000000000e+00 9.989303904561066538e-01 2.034765588615424533e-04 9.999999990320530552e-01 2.452817082006944829e-02 9.976750332016143252e-01 1.126325924040082750e-08 4.294154763002794861e-01 5.615444670455967957e-01 8.583585854196390530e-01 0.000000000000000000e+00 0.000000000000000000e+00 4.111544234855825722e-03 6.332662729477040918e-08 0.000000000000000000e+00 7.867506515594553662e-02 0.000000000000000000e+00 0.000000000000000000e+00 1.511796877243718569e-03 2.352036595354726513e-03 1.000000000000000000e+00 5.310282606959263463e-01 1.420649766643134837e-04 3.115113447875025310e-01 3.480000000000000000e+02 3.068801488240559650e+00
7.969724242330787911e-01 1.541517469730855952e-06 1.647341964941571662e-04 1.178157867586894364e-01 9.757829348486098953e-01 2.882311799474907704e-02 9.948804479233734899e-01 2.593476334628871949e-01 5.754540596669517338e-01 6.776504324025179882e-01 3.784853636661485166e-02 9.999999983412313220e-01 9.782633185906792761e-01 5.288330835727796941e-01 2.217577112352599467e-01 6.243157201229568853e-01 4.907781457769966882e-01 2.065019499072518264e-02 7.512907920693396857e-01 4.943416015168657363e-01 9.003315595316372377e-01 4.869546795434783193e-01 9.362880456749082911e-05 7.540564779645142490e-02 8.439435780975821366e-01 9.999983003794519210e-01 6.972373700998342194e-01 5.522429139273958842e-01 2.421458848425979415e-01 6.186913458435298052e-01 5.086073595869267105e-01 9.997456087578494577e-01 4.360000000000000000e+02 2.455803998311360647e+00
1.009071822891649539e-02 0.000000000000000000e+00 2.740731581573871423e-01 5.338858343157435488e-07 1.098257723866412523e-02 1.117041881361419409e-01 6.795719827491401854e-02 2.764078036080610534e-01 3.745605279002815480e-01 3.527465170995454646e-01 6.837164804714616073e-01 3.126077471199549263e-01 1.532043906949685508e-01 7.810459422621549019e-02 0.000000000000000000e+00 4.551406621179169427e-07 0.000000000000000000e+00 7.450519902591405952e-01 0.000000000000000000e+00 8.065757210324212556e-01 0.000000000000000000e+00 7.473043612837905192e-01 0.000000000000000000e+00 7.596170058506918418e-09 1.334401858155550603e-02 2.454918065120220705e-02 1.602053536755643215e-01 0.000000000000000000e+00 1.354849202259858776e-01 3.800017590869931294e-01 0.000000000000000000e+00 9.185914491650556957e-02 1.480000000000000000e+02 3.941615742509083642e+00
9.246350009833786965e-01 1.000000000000000000e+00 7.726799714280007114e-01 0.000000000000000000e+00 5.469528913093443245e-01 3.707991209305714353e-01 6.393334951954389167e-01 2.526072718811088191e-01 5.001185277341922975e-01 4.876446802940709868e-01 3.092912288263292564e-01 8.296899325184007301e-01 9.635001938828698931e-01 6.780710000495093759e-01 9.705599493136550793e-01 5.662867653920995448e-01 1.000000000000000000e+00 3.793402826633742175e-01 8.431363053468853008e-02 5.472572783160595256e-01 3.432735307792658674e-01 4.150068313175437895e-01 5.120130143306643733e-01 9.726819226950209757e-03 8.080667096443608921e-01 5.926612449302970376e-01 9.515644670670633243e-01 3.460713890414123806e-01 5.845051769528560870e-01 4.168843643064497617e-01 8.820126849896182952e-02 9.970826639902435895e-01 4.480000000000000000e+02 2.066772397359212476e+00
2.658783639739374371e-01 1.628876026979634295e-01 1.073289215432291855e-03 9.999981795313070965e-01 0.000000000000000000e+00 1.447414061545860275e-01 1.490778798812817538e-10 0.000000000000000000e+00 8.521688771018579578e-01 2.711735035298785283e-10 1.439674935399086302e-02 7.234903685517822813e-01 4.032316330635822843e-01 1.000000000000000000e+00 0.000000000000000000e+00 0.000000000000000000e+00 6.936159175228530094e-01 9.999999997690754983e-01 0.000000000000000000e+00 5.287557923202841348e-01 2.357305777342637854e-01 7.650912606378039715e-01 0.000000000000000000e+00 5.590574627788372775e-01 0.000000000000000000e+00 0.000000000000000000e+00 0.000000000000000000e+00 6.278397214181104247e-02 2.087289103919839905e-01 0.000000000000000000e+00 4.598077583154749348e-01 1.000000000000000000e+00 2.860000000000000000e+02 3.277014986673991270e+00
1.000000000000000000e+00 5.431474137340953634e-01 9.739517919303527504e-01 8.856776448901239329e-02 3.434964606754474792e-01 2.494266266484090888e-01 4.225562228568230938e-01 0.000000000000000000e+00 9.345592146489730689e-01 6.223143023034544141e-01 9.603824850919032707e-01 9.450270596120875499e-01 1.000000000000000000e+00 9.609420898587847648e-02 2.851504693339639851e-01 7.082541162123913159e-01 3.388253040379566317e-01 8.471235763027602506e-01 1.584829218487136537e-01 2.169536693148109985e-01 9.269015782856805385e-01 4.490210129655948235e-01 6.720169939731925890e-01 2.097837917537159758e-02 1.744657100376953429e-01 7.207236571443687012e-01 3.663484393559959806e-01 1.527307748056908887e-01 3.893199570782261004e-02 2.959418132254760248e-01 1.695935285697660055e-01 9.782577646215396827e-01 4.220000000000000000e+02 2.559252700252809376e+00
9.387239720632815088e-01 9.269502549494192112e-02 4.022701105649024167e-01 3.180242323957147010e-02 1.149353388368234974e-01 8.625377625550000038e-02 2.304086963396759780e-01 1.772472281009171077e-02 1.745307011762848304e-01 4.943660775222561560e-02 1.722229249684464544e-02 3.208322404429859165e-01 2.536559021345080080e-03 6.138701895905019912e-01 1.575215972455378532e-01 1.980425424800676473e-02 2.319303524129157912e-01 2.823449408429125063e-01 1.408392832199852063e-01 2.011960953554644549e-01 5.575091564242652398e-01 3.117473213142050725e-01 1.101912639409930034e-01 2.914056986486105935e-02 1.589601081650711678e-01 1.812609582469938418e-01 5.070860577107664247e-01 3.189626674379816840e-02 8.510962587346224129e-02 2.315930192962644407e-01 3.189974924180008064e-03 8.053870197734318559e-01 1.700000000000000000e+02 3.636546847025553308e+00
0.000000000000000000e+00 9.868817888688280471e-01 2.507536859384044137e-01 0.000000000000000000e+00 5.480411727885943218e-01 3.986931473595709506e-03 6.134539155866522986e-01 0.000000000000000000e+00 3.680362212056690896e-01 1.394525662610976158e-01 1.955927388339652115e-02 7.570904497538062661e-02 7.655166207923341792e-01 1.380687066393586626e-01 8.039321647837815998e-01 3.940181246409504845e-01 4.655662249016548349e-01 6.049272614122820357e-01 1.491028358147806696e-02 4.912564928071276871e-01 5.242413036260958892e-01 9.263180460452371534e-01 3.675415912879522184e-01 1.210624179728213429e-01 7.848687586116679382e-01 6.550681024994057210e-03 6.631355653007923179e-01 0.000000000000000000e+00 8.974526623907852496e-02 8.376857416526982680e-01 1.406940470643656266e-02 9.336440009283412111e-01 3.160000000000000000e+02 2.787871836438591711e+00
4.863864348288322037e-01 8.466801706523885418e-01 3.365707394796223495e-01 0.000000000000000000e+00 0.000000000000000000e+00 0.000000000000000000e+00 1.624607331882800543e-02 1.935092125363103828e-05 2.345071340497415988e-02 2.573199424112701772e-05 0.000000000000000000e+00 0.000000000000000000e+00 7.589403015226046101e-01 8.951884266933918255e-01 0.000000000000000000e+00 0.000000000000000000e+00 3.660307764181459644e-01 4.862495323542776471e-01 0.000000000000000000e+00 1.408227586115289899e-02 3.839876363840144524e-02 2.486947008105076518e-01 6.786490315305643284e-01 0.000000000000000000e+00 4.264542276120067976e-01 0.000000000000000000e+00 0.000000000000000000e+00 0.000000000000000000e+00 6.194598733572295735e-02 0.000000000000000000e+00 0.000000000000000000e+00 7.142191287487906770e-01 1.900000000000000000e+02 3.475689612494574643e+00
4.737042435556311215e-01 0.000000000000000000e+00 3.404931676666452800e-01 0.000000000000000000e+00 3.266762461509078986e-04 0.000000000000000000e+00 8.704928311414944497e-02 0.000000000000000000e+00 5.360950925452374616e-01 5.241463479862962932e-02 1.831501749494061348e-07 1.581115286229167194e-01 3.401891807645327503e-01 6.412108478034108661e-01 4.486467926938798589e-01 3.041959942293689378e-01 2.659049244287777225e-01 0.000000000000000000e+00 0.000000000000000000e+00 1.697931362361358720e-01 0.000000000000000000e+00 1.469949988229212745e-01 2.872177212747827335e-01 6.706126449763771051e-06 3.248807520575049956e-01 0.000000000000000000e+00 2.505535913885477139e-01 2.180131634618743489e-03 6.871748354842521778e-01 0.000000000000000000e+00 0.000000000000000000e+00 5.687562736295692645e-01 1.300000000000000000e+02 3.796843973795573035e+00
4.667083970574740365e-02 0.000000000000000000e+00 9.994666409050513289e-01 0.000000000000000000e+00 0.000000000000000000e+00 0.000000000000000000e+00 4.823106168014907463e-02 0.000000000000000000e+00 0.000000000000000000e+00 0.000000000000000000e+00 0.000000000000000000e+00 2.475779329340878354e-01 0.000000000000000000e+00 9.725178371666066690e-01 0.000000000000000000e+00 0.000000000000000000e+00 0.000000000000000000e+00 6.725489839930910430e-01 1.000000000000000000e+00 0.000000000000000000e+00 0.000000000000000000e+00 0.000000000000000000e+00 1.000000000000000000e+00 2.401076180630075108e-01 0.000000000000000000e+00 0.000000000000000000e+00 0.000000000000000000e+00 1.455237365505958058e-01 1.000000000000000000e+00 0.000000000000000000e+00 1.000000000000000000e+00 1.000000000000000000e+00 2.920000000000000000e+02 3.673987251281738420e+00
8.196922843240689316e-01 0.000000000000000000e+00 5.914527229819196430e-01 0.000000000000000000e+00 6.187314565747895068e-02 0.000000000000000000e+00 0.000000000000000000e+00 0.000000000000000000e+00 8.188302675909507888e-01 0.000000000000000000e+00 4.471340577908389236e-02 4.380507480216379590e-01 1.000000000000000000e+00 2.723654934372958802e-01 2.944021902668587931e-02 0.000000000000000000e+00 5.225746846755866537e-01 0.000000000000000000e+00 0.000000000000000000e+00 1.660628157475396369e-02 0.000000000000000000e+00 2.829493626931852135e-01 0.000000000000000000e+00 0.000000000000000000e+00 4.355286257699034907e-02 0.000000000000000000e+00 5.836838562411608144e-01 0.000000000000000000e+00 7.391280718107927639e-01 0.000000000000000000e+00 4.639663702887858454e-02 5.609647394625146832e-01 2.020000000000000000e+02 3.659513460356613734e+00
8.593487846430928334e-01 2.012107802844040338e-03 4.031019871572052993e-01 0.000000000000000000e+00 2.508740909055464513e-02 2.651003174962853759e-01 1.894287986049705275e-01 1.610331480763100565e-01 3.749614145178677416e-01 1.836341604503244074e-01 4.207916246499497914e-01 1.304507632427081565e-01 1.676435550227165904e-03 3.045795553693720140e-02 3.004744630671875583e-01 9.052288821721188317e-02 9.718319510462773703e-02 0.000000000000000000e+00 0.000000000000000000e+00 1.544359069926559691e-01 7.769057695200701774e-01 8.245766663828090204e-01 7.685336899566180824e-01 1.792814107540188773e-01 9.445966797173406260e-01 3.262171626218084430e-01 8.289187471102728022e-01 6.227761334657960779e-02 1.386860919406242981e-02 4.731865859370307584e-03 1.013188258063610521e-02 9.728714898671586564e-01 2.620000000000000000e+02 3.385454227306224695e+00
9.403675387459919932e-01 5.912667548663930878e-02 9.989685115675772664e-01 0.000000000000000000e+00 0.000000000000000000e+00 4.321816145060397574e-01 0.000000000000000000e+00 0.000000000000000000e+00 4.000783520488571891e-05 2.622529531334574782e-01 1.039281744092708238e-04 2.067666518485352101e-01 6.874121712207927164e-08 1.000000000000000000e+00 0.000000000000000000e+00 2.983202817039708795e-03 5.121317468800739015e-01 7.215289172947958463e-01 0.000000000000000000e+00 1.921667797844957599e-05 1.906078797731465793e-05 0.000000000000000000e+00 4.162960579574118136e-01 0.000000000000000000e+00 5.428621919821577935e-01 2.159445451742585675e-01 3.632102502059743054e-01 6.525766949681368251e-06 1.000000000000000000e+00 3.988283276047155379e-01 2.378115547989650691e-01 1.000000000000000000e+00 2.640000000000000000e+02 3.366509625941147110e+00
4.176250923138597471e-01 4.360547570188570976e-01 4.228049019439278355e-01 6.017028975417189731e-05 4.256938533704223565e-02 7.457188960455385807e-04 0.000000000000000000e+00 1.740227126684776582e-01 5.491080483205506603e-04 6.252979871426349312e-02 2.483462575348279189e-01 7.856366473472183865e-01 7.195006941375473586e-01 2.691314176156964222e-01 2.154650908698657330e-01 4.849631186495713675e-01 0.000000000000000000e+00 6.792389022316420999e-02 4.869525189565441781e-01 1.380178910809358190e-03 1.932356588373629336e-01 6.246385065335354758e-01 4.155666935453293243e-01 6.217633243010134772e-03 5.365927174307144609e-01 4.125866280685507774e-04 3.039147113446346027e-01 5.238638574693476371e-05 1.659088273778244749e-01 0.000000000000000000e+00 2.852343195498642792e-01 9.680699377724398813e-01 1.880000000000000000e+02 3.367930584569131636e+00
5.919004675066624754e-01 7.395520546940933526e-01 4.800702588314859631e-01 0.000000000000000000e+00 2.257333864875173279e-07 2.904388215913985410e-03 1.826556780382800754e-02 4.219553076647139522e-02 1.353061371509726649e-02 6.109934445703623096e-01 1.493610322462568356e-02 3.403033522984692527e-01 6.231269082364190304e-01 3.619315115768246272e-01 3.181080143453968723e-01 2.424049420363453070e-02 4.176691962600043162e-02 5.874014905637100492e-01 5.146924811889571488e-02 7.068340465657185767e-02 5.852882287141476098e-02 3.326024708945276021e-01 3.312706943725127751e-01 1.606204542253229534e-04 6.192577561800367558e-01 2.025343622058210433e-02 0.000000000000000000e+00 3.737370530694368066e-03 1.725211146853425012e-02 6.497840063249006029e-05 3.349859395241912979e-02 5.405124758927040141e-01 1.540000000000000000e+02 3.560100046793619910e+00
7.994799532320415736e-01 8.970761359680637925e-01 9.778760012379987820e-01 3.070551524325219341e-04 1.365924707445817683e-02 3.509003233845337660e-02 3.905813539376646881e-01 2.633055661182053808e-01 9.181311552511822044e-03 1.902804748378777722e-01 4.645449895680998087e-01 7.671721048107524865e-01 6.233849729737170886e-01 3.177460801947394331e-01 1.888487100089424053e-01 9.206912896956428449e-01 1.842657786031599854e-01 4.871672135313467877e-01 4.290286239732931106e-01 1.315350498996942924e-02 9.430841746867794084e-01 5.081650748305257537e-01 4.191391913399503677e-01 1.692262241996699279e-01 3.880870177992895576e-01 6.129018914620923963e-01 4.038501378964035049e-01 1.431712205598271170e-01 6.723072065648132145e-02 7.797372876144252618e-02 6.494325448772841382e-03 2.057540380703183625e-01 2.860000000000000000e+02 2.916321345738002169e+00
1.000000000000000000e+00 1.000000000000000000e+00 1.000000000000000000e+00 0.000000000000000000e+00 1.021406393907573970e-02 6.915349899732340820e-05 2.052914689121129732e-01 0.000000000000000000e+00 0.000000000000000000e+00 9.999999992177047714e-01 2.421536744706065392e-01 9.156153256470530577e-01 9.823239072234871694e-01 4.391823449216488220e-03 0.000000000000000000e+00 3.908781343248404067e-02 2.931514084721410784e-02 1.000000000000000000e+00 1.691309465857637522e-07 0.000000000000000000e+00 0.000000000000000000e+00 5.913400892467542969e-01 6.908418588129308646e-02 0.000000000000000000e+00 5.247848903199263393e-02 0.000000000000000000e+00 0.000000000000000000e+00 2.392421364240447657e-01 7.402154783808455839e-03 1.082037197303526571e-02 0.000000000000000000e+00 5.934948049049471042e-01 2.920000000000000000e+02 3.276731699625651029e+00
6.771529639747868590e-01 9.994191133253759185e-01 9.299804244985845347e-01 4.501632505057086980e-02 1.778221886336225563e-02 6.179728643027254491e-03 2.513219766461641802e-01 4.999564028995482495e-02 5.386555794234966221e-01 2.739743411608812074e-01 8.182275081998378052e-01 1.000000000000000000e+00 5.978473907749430882e-01 6.302227721730321308e-01 5.635244045055811668e-01 7.739506136024059124e-01 5.886420125077601595e-01 6.131976878411019571e-01 7.797245766418693380e-01 5.405666011134911964e-01 3.871338350226563585e-01 6.616706526650404374e-01 6.122669660172409545e-01 7.430392496162495641e-01 9.342473650061461354e-01 2.980668721402107146e-01 8.991671789804545067e-01 2.069926200907264702e-01 2.547725671114298152e-01 1.102577222037144228e-01 6.415072510771016590e-02 9.662432740823539978e-01 4.280000000000000000e+02 2.127425158182779885e+00
4.477681287146367123e-02 5.675643578348952278e-01 7.739316971378686905e-01 1.133510520361572377e-01 8.020075949064578436e-02 3.949033465274268129e-03 2.612007122164551332e-01 4.308013511547522101e-01 9.869527278729375852e-02 5.914750553317789095e-01 1.537284803557247004e-01 7.228850344804792494e-01 2.794443056213116727e-01 3.872084537921469671e-01 4.428313607671473945e-02 5.842634843404443945e-01 7.064672770149154658e-03 5.138478424489675289e-01 3.772940212340385457e-01 5.277319385709342003e-03 5.859631815711174863e-01 9.489364755148741448e-01 8.506845738189414696e-01 1.934791486360557256e-01 9.393075295985240381e-01 1.147993342838257158e-01 2.352675354666064478e-01 2.311538758126421844e-02 7.645804545407858255e-02 1.067543332047253685e-01 8.275323913618423677e-02 7.047519478576574903e-01 2.420000000000000000e+02 3.230174062443875727e+00
5.552194546422598576e-01 8.571954000261126083e-01 9.981948689056834301e-01 7.491997085521240329e-02 6.793572145617502445e-01 4.410850055556901350e-01 7.874266911043932560e-02 7.096086372555382091e-03 3.081648993421585714e-01 1.829757596667032360e-02 1.103856167827700352e-01 5.353333637825669067e-01 7.195888640701797456e-01 1.000000000000000000e+00 8.996017562561641201e-01 3.250735621617741045e-02 6.205083636832837701e-01 7.924203336182097934e-02 9.535649723122801014e-01 2.149411788890483177e-01 4.121278462134841600e-03 3.313670474202466409e-01 0.000000000000000000e+00 8.941430970057391292e-01 7.396543180113479554e-01 0.000000000000000000e+00 2.554876829412883188e-01 6.269481218599520789e-02 9.249681873874514293e-02 2.714998025746818283e-02 1.034800616343398323e-02 8.645868561788389028e-01 3.560000000000000000e+02 2.900331764221191211e+00
6.281451557560780996e-01 6.501263260912955033e-01 9.106944931849837721e-02 8.235304567956501856e-05 3.010097179647245810e-02 1.381019344816496186e-01 2.872674110903181699e-01 6.008552348106344088e-01 2.371120904695778742e-01 9.995553062219978413e-01 1.000000000000000000e+00 1.000000000000000000e+00 5.022459891877978366e-01 8.464143632350847879e-01 0.000000000000000000e+00 8.249056826431432343e-01 5.750092541428886150e-01 9.751204775664172875e-01 1.000000000000000000e+00 1.422081945673146497e-01 6.834289089728364797e-01 5.047371523658687742e-03 4.912493047766041121e-01 8.366536325804464491e-01 7.404118292710011318e-01 1.113985085293140720e-01 6.405692309003442331e-01 0.000000000000000000e+00 1.155436225333078201e-02 6.504688941253875534e-01 6.100385503296751333e-01 1.000000000000000000e+00 4.680000000000000000e+02 2.302624846195829189e+00
6.730803920365301396e-01 6.275630325108457752e-01 8.925270329324177521e-01 9.455326207339447009e-02 1.650293452647729475e-01 1.600995366536752118e-01 4.732454528115391801e-01 1.572421734082337652e-01 6.403250963025631792e-01 6.987146797516994301e-01 9.907426366542214646e-01 9.539133086206562639e-01 8.676048602982560087e-01 7.891454424937989209e-01 4.575654575354295428e-01 7.833454317283485846e-01 9.823238556840875324e-01 8.985927098636476984e-01 1.974647814841703486e-01 7.940503320168232904e-01 4.781420708902675010e-01 3.877080900844335209e-01 7.665431928363148906e-01 3.526387862412792562e-01 8.642087143110263048e-01 2.763914076856825441e-01 9.691357452005213702e-01 1.898258738660906775e-01 6.963046103153369693e-01 1.463657797201855515e-01 5.044303343509024540e-01 9.629650262014081141e-01 4.900000000000000000e+02 2.095694215746893629e+00
4.365490865235004403e-01 9.980842008338515203e-01 7.867408300026409451e-01 2.061852269364309459e-02 6.630157945088946958e-01 4.212259730759969067e-01 9.169825231867886339e-01 9.859765924248622970e-02 7.057547236514634115e-01 3.162260275018547451e-01 8.136680266407553264e-01 5.374662961943148520e-01 9.999999886564792106e-01 6.570420779242834852e-01 7.322954254577632716e-01 4.997374731079493593e-01 3.130635216945870658e-01 6.528491309059433201e-01 3.654003470277687460e-01 9.624371033498752004e-01 9.003678763793178108e-01 5.437794563996154462e-01 7.781082199727584747e-01 5.336584416390255381e-02 9.932459844748869893e-01 6.412789550872265432e-01 7.747334320525319784e-01 2.479339599979065584e-02 5.356600792890489071e-01 9.438095077973594760e-02 4.409525440687322301e-02 9.989193298992853354e-01 4.720000000000000000e+02 2.094718954298231406e+00
9.889497874151422785e-01 6.781890758817576970e-01 6.444036599580207358e-01 1.231462942929035104e-01 5.680387972793523588e-01 1.005522742376796508e-02 4.713106160825976110e-01 1.246827483677740989e-01 6.905197680991179698e-01 9.843793623662976389e-01 5.405503782698508619e-01 2.191477072569764928e-01 1.000000000000000000e+00 4.143996898913422378e-01 6.625580833010438209e-01 6.256800116822398561e-01 6.109861217896608299e-01 6.965560216186272857e-01 8.904589851469913997e-01 6.390879799890216706e-01 3.614532793505353392e-01 5.047319526312704641e-01 0.000000000000000000e+00 4.972660274456892071e-01 6.941218533104801525e-01 9.731185860623554895e-02 7.674978042186441085e-01 3.834384134387311960e-01 3.105858329804936924e-01 5.260935744470889297e-01 4.711012942415876426e-02 9.982948366169450694e-01 4.040000000000000000e+02 2.192266937538429605e+00
4.125144263045988913e-01 9.655015473642087898e-01 3.839885528969719797e-01 6.756481171546210862e-02 4.662805910436387813e-01 1.768528875656996402e-01 3.131318313925406625e-04 1.878028338010410622e-02 2.113338352560459321e-01 1.253188144263903681e-01 1.520864661074188273e-01 1.889543740699195506e-01 1.717308273908901284e-01 1.792581436649347618e-02 9.935513486620787260e-01 9.718754285421594696e-01 2.967030601750258456e-01 4.081053252906464701e-01 7.930339128278973693e-01 4.141358815177227926e-01 1.508353920173999552e-01 8.219773316369892724e-01 1.015636092318455280e-01 4.058143992526921928e-01 5.341812586786920392e-01 0.000000000000000000e+00 4.983452549418895816e-01 6.392201292039484395e-01 7.516566312091448321e-01 6.984139426592031463e-02 3.475634904472527098e-01 7.639488976602409886e-01 2.900000000000000000e+02 2.851922480265299598e+00
9.741304660706374685e-01 1.711575408024834100e-01 9.976083402330100380e-01 2.584865240412078172e-02 8.017107736152669917e-01 4.490802835296157092e-01 2.795669724918153354e-01 1.694061205788763569e-01 6.360210072411441873e-01 4.305367472228568970e-01 7.695987884464795536e-01 7.382273481527384940e-01 4.015183479396949862e-01 2.353733467130271206e-01 5.100672666738509387e-01 9.236379864189026012e-01 5.843713869704936226e-01 5.315627805204474754e-01 9.558743440261091573e-01 9.129967896864412680e-01 3.455421813617473026e-01 8.424017667996571701e-01 3.939966108530150724e-01 5.966751462398505179e-01 9.800130117399863394e-01 1.440136147498310704e-01 7.968835690106277347e-01 4.665327964286517526e-01 7.695619228783217025e-01 9.875171102746597152e-01 1.032915250840465149e-01 9.327891234115154306e-01 4.900000000000000000e+02 2.219878555066657544e+00
1.095012377915861451e-01 9.776308390674847137e-01 1.000000000000000000e+00 8.718954593602569469e-02 3.639242952626404182e-01 5.630849027374186244e-01 3.963083648877787080e-01 1.045454366101757626e-01 4.134418477475954590e-01 0.000000000000000000e+00 9.438457230619774485e-01 3.682217430954551340e-01 1.000000000000000000e+00 5.402889692912357100e-01 3.914091468139910962e-02 3.803244154167094437e-02 1.405022111744745963e-02 9.844742350764529304e-01 6.807106752585897480e-01 3.381657530990508365e-01 5.411339850797578510e-01 9.790519381807017973e-01 8.104865654631528971e-01 5.952371806298547563e-01 7.233612258443903320e-01 3.765170909357522522e-01 8.183861815444948284e-02 6.540611371616561476e-01 6.778885885716731119e-01 2.607774790005099597e-01 0.000000000000000000e+00 8.103637746939941211e-01 4.020000000000000000e+02 2.600650469462076675e+00
0.000000000000000000e+00 8.604204027969146740e-01 6.178349506221193499e-01 1.000000000000000000e+00 1.668253719561499371e-01 2.528182244071242947e-07 0.000000000000000000e+00 9.161558951114199267e-01 7.544649384049192387e-01 7.551602516220605743e-01 3.939565519303394048e-01 3.671738334561810424e-01 2.077974755079704527e-01 6.472455450893948026e-01 0.000000000000000000e+00 8.301402925780592135e-01 0.000000000000000000e+00 5.576001118939480916e-01 1.000000000000000000e+00 5.090058093181213322e-05 4.998089748826504142e-01 5.864008550038538742e-02 0.000000000000000000e+00 5.955100424459133235e-01 1.443126157642910801e-01 0.000000000000000000e+00 5.942452023298500086e-01 6.087106491285524390e-01 0.000000000000000000e+00 1.416809777732480624e-01 0.000000000000000000e+00 7.971394314100707090e-01 3.280000000000000000e+02 2.980813240710600720e+00
5.382527137060406641e-01 0.000000000000000000e+00 2.238517760626712871e-01 0.000000000000000000e+00 7.794959745193341671e-01 5.049244474459761989e-01 1.667338072432049401e-01 1.172819565127935504e-01 4.488899791556441587e-01 6.665019301853701839e-01 1.000000000000000000e+00 4.631893525330893491e-01 1.000000000000000000e+00 0.000000000000000000e+00 9.086425998577254415e-01 1.000000000000000000e+00 5.002036494766531893e-01 0.000000000000000000e+00 0.000000000000000000e+00 1.579804365516516707e-01 0.000000000000000000e+00 1.040401207706160014e-01 3.966454633582332523e-01 0.000000000000000000e+00 2.953132510488904162e-06 0.000000000000000000e+00 1.600031713313407322e-01 8.174876918674945925e-01 1.000000000000000000e+00 0.000000000000000000e+00 6.248234640891245362e-02 1.000000000000000000e+00 3.360000000000000000e+02 3.257773607889811185e+00
1.000000000000000000e+00 1.000000000000000000e+00 6.503620194540690180e-01 1.067187355647789514e-02 1.000000000000000000e+00 2.215984406479029889e-01 7.091731136876308073e-01 6.160855356160510610e-02 5.009795007324984173e-01 7.763734692220775058e-01 5.000344669049203716e-01 7.944059062038387742e-01 9.615150737924622604e-01 9.768314841549167182e-01 7.380928070448332656e-01 9.998112144804793822e-01 8.076154244548493510e-01 5.308357295661397801e-01 3.804995262771923015e-01 8.673417092651122262e-01 4.301246777386001363e-01 5.507465205692343435e-01 4.770238279199317533e-01 3.340445056827597847e-01 7.667108115739065255e-01 6.919843037008220898e-01 6.698104781246290162e-01 2.738379931927974464e-01 1.049041603486145086e-01 8.672822686719567069e-05 0.000000000000000000e+00 1.000000000000000000e+00 4.900000000000000000e+02 1.942800668357075322e+00
9.396287957875162355e-01 9.257601836072026913e-01 6.149366548574246583e-01 2.915693138539618076e-02 1.913651988942300930e-01 2.403160062664588259e-01 5.224103356903762041e-01 6.416043324200167985e-01 2.175897898845423895e-01 9.300651822247248957e-01 6.013064526712036395e-01 3.794816977237925326e-01 8.669228471475984854e-01 8.750080395781174580e-01 9.083867414204795931e-01 2.042405314450697063e-01 4.639828620841995321e-01 8.499676794613719721e-01 1.000000000000000000e+00 9.730391536660424334e-01 4.180847324249351016e-01 1.512394753108297629e-01 2.229627568950114380e-01 7.055258131171692204e-01 5.882819595517253530e-01 5.205976308456537402e-03 9.664459041877819789e-01 5.382348462768496988e-01 5.614548810489785602e-01 3.959138081983915036e-01 1.627908605007117593e-01 8.975945165470750053e-01 4.980000000000000000e+02 2.015882452707442152e+00
4.530677401769950818e-01 1.000000000000000000e+00 4.805282292272700650e-01 1.062782955828418807e-02 1.000000000000000000e+00 5.993947646064680113e-01 4.656379401241865224e-01 1.904341104134714413e-02 7.569036605023929387e-02 6.127596673021205864e-02 1.090241188126334776e-02 5.078428957294681689e-01 4.610568120660600289e-01 6.931276994346449033e-03 8.132593703271741026e-01 2.107506402554271685e-01 9.785682335583369973e-01 1.001922384807570898e-01 1.205829347917581652e-02 6.779250802069032300e-01 8.597683987684210383e-01 5.419343731197840963e-01 5.618662682411406095e-01 5.499279114145544378e-01 9.056493669220759823e-01 4.184079843327168646e-01 4.771227897358011096e-03 5.730981493962570283e-01 2.672717285108408558e-01 7.369904977870599116e-02 5.005903035854619709e-01 1.000000000000000000e+00 3.640000000000000000e+02 2.627448351542154725e+00
7.528631448139272431e-01 6.411723428599602759e-01 1.063081104297145391e-01 7.088037860386463274e-02 4.740210011167549919e-01 1.693121787618082352e-01 2.965219024044159490e-01 2.411176502772251207e-01 5.682172087684355111e-01 6.541080031055727106e-01 6.226667419611712218e-01 6.026184225941058070e-01 9.999998525094779822e-01 4.638714708860164349e-01 4.030078527700099444e-01 7.759801263200497567e-01 2.143277285445752967e-01 8.300154423761754163e-01 9.999944826000823905e-01 6.544298065732509495e-02 8.832165865293312157e-01 5.813953155065780809e-01 1.820873182254871270e-01 7.435333077948811376e-01 5.512730394147716817e-01 1.664869827425363713e-01 2.977440387161943147e-01 2.041159487003801620e-01 4.941291343170213235e-01 6.853485806584378448e-01 9.728157347377438535e-01 9.979233335111571401e-01 4.080000000000000000e+02 2.298154327196952451e+00
6.750980448650834020e-01 2.919705799016928792e-08 8.706131655746536246e-01 0.000000000000000000e+00 5.781470696176846391e-02 0.000000000000000000e+00 3.663556748319364842e-01 4.204276102895471712e-01 0.000000000000000000e+00 3.264663405425566496e-03 1.106984702141271260e-01 7.567395412060263782e-01 4.919425580772932571e-01 0.000000000000000000e+00 9.610037249894257672e-01 9.797732273600944231e-01 6.696730918315244585e-01 5.636283650829203989e-02 0.000000000000000000e+00 4.816048245766543778e-01 1.234712879688483131e-02 4.320093784087605804e-02 3.969593943694397220e-01 3.926410766728413160e-01 4.590549561127185013e-02 1.170354725465241469e-01 1.792473414581587654e-01 0.000000000000000000e+00 9.999999659540708130e-01 2.466102454866319921e-03 8.246785370319351105e-02 9.993352714264045478e-01 2.800000000000000000e+02 3.365665989157594407e+00
1.000000000000000000e+00 3.057879275188435941e-01 9.999999934334509177e-01 2.611602353611447436e-01 9.760250152025820025e-01 5.532073149996877826e-01 6.958847477550158533e-01 1.890593490346656469e-01 8.326000170775164078e-01 7.613695778396621927e-01 2.353875819122989987e-02 9.873894480295424270e-01 9.993706422016985780e-01 8.495291794726280710e-01 9.766494823262721336e-01 9.999999810301577474e-01 7.821678470566016950e-01 8.824533944227042070e-01 5.380895209522833511e-01 6.074898356288501722e-01 4.013100573177535990e-01 1.000000000000000000e+00 5.636017240655247784e-01 8.603464106002401968e-01 4.625085430389634933e-01 1.403297989704518391e-02 1.000000000000000000e+00 3.550310735429943465e-01 8.478392672204275726e-01 3.834108200439771408e-01 2.731005945238447752e-01 9.689502719655848084e-01 6.100000000000000000e+02 1.888431118983848300e+00
5.802574964802054147e-01 9.990480750434896917e-01 7.429865043351406850e-01 5.816081919664027877e-01 1.222967612611951119e-03 6.947616054379784911e-01 5.146264191401711541e-01 5.095694323169404072e-01 7.272917065903291567e-01 0.000000000000000000e+00 9.999999416984660661e-01 1.000000000000000000e+00 1.000000000000000000e+00 8.863834980641068784e-01 5.366740247413668286e-01 8.155565265176653034e-01 9.037191076872003181e-01 9.194139038548317933e-01 8.683954157421129860e-01 4.897462584697683252e-01 1.724593108290205790e-01 9.478491569079405821e-01 4.335787168001834502e-01 1.000000000000000000e+00 7.559429354055711148e-01 5.235936505864553503e-01 9.615806979531921206e-01 1.093005325565289815e-01 1.562903766731187916e-01 4.759847204709022894e-01 1.265910781403900391e-02 1.000000000000000000e+00 5.640000000000000000e+02 1.906955120019745209e+00
9.801187783617855143e-01 8.568001187609561864e-01 8.895972575268947802e-01 3.117287603246788330e-01 2.744404940137291082e-01 2.315603455885222595e-01 3.745990792498983257e-01 3.472935119640062074e-01 3.228068391822710437e-01 1.000000000000000000e+00 9.964571597631329825e-01 1.000000000000000000e+00 7.729418882993379647e-01 6.545685959167493184e-01 4.502935310725055262e-01 6.741336239639592609e-01 8.665102839859388784e-01 9.979310880549994156e-01 9.989302078097082038e-01 9.350703117128605912e-01 3.906224011910382488e-01 7.755326696377602413e-01 1.359782654208092356e-01 2.971457849194488743e-01 9.239525769328714722e-01 7.057785359132914826e-02 9.191756648318576417e-01 1.051241463353767142e-01 3.521594205025306845e-01 6.525298300788433536e-01 8.299892925137985213e-08 1.000000000000000000e+00 5.480000000000000000e+02 1.917057817024097055e+00
9.981309872086884249e-01 9.833954902704576950e-01 1.000000000000000000e+00 2.013476016847462469e-01 3.727736547297820779e-01 2.142351060479520120e-01 5.820071239888175985e-01 1.061627285815048838e-01 1.763949627018891742e-01 9.054434205343849795e-01 5.659696916484381335e-01 4.062925968095923435e-01 9.989977007714059276e-01 3.671485968807568501e-01 6.800292885250749375e-01 7.992995480909459438e-01 9.513257776640487995e-01 9.978603078676048233e-01 9.081019295105198230e-01 5.425832742942269388e-02 3.950331818837752307e-01 6.268023698822128287e-01 5.065987788646195700e-01 7.872914600490511505e-01 9.574178827305119821e-01 1.588134670083186928e-01 1.000000000000000000e+00 9.361294252836228624e-01 8.590825469528629021e-01 3.973004434463455747e-01 1.519417413194168454e-01 9.771902717527038984e-01 5.460000000000000000e+02 2.002428453010425269e+00
4.737095837879626292e-01 9.745099783563072604e-01 7.368277250250931942e-01 6.135935639838186600e-02 1.520673984087748433e-02 4.380400940698709333e-01 1.263405173073024190e-01 1.255964293875029558e-02 4.187833615352644090e-01 7.145516815051389248e-01 8.811504405317115429e-01 7.954570361031418901e-01 8.380487089356740693e-01 1.000000000000000000e+00 9.374509491909410741e-01 2.857390141443024723e-01 8.448351452841230680e-01 8.394076678450230755e-01 7.061628308983741720e-01 9.017294889602532892e-01 7.655740846611383543e-02 9.966932809856065001e-01 3.288283895687998393e-01 9.810299383675860074e-01 9.372101220497053298e-01 5.492922196107177801e-02 9.416690838515519024e-01 2.376381153577804273e-02 7.438814472216442875e-02 8.994580045170913474e-02 1.654663293448783642e-02 7.712680327903194133e-01 5.160000000000000000e+02 2.154731648763020591e+00
9.959240569983038860e-01 8.050319376017023298e-01 6.187913082310064761e-01 1.586366354209260698e-02 9.221106521441892884e-03 1.774570370164028354e-01 4.459917684274515293e-01 3.870666237284335343e-01 8.035016807582526788e-01 2.271885949677195093e-01 6.427955893006102872e-02 4.996780384840808498e-02 9.574966249732207446e-01 3.020211879149927170e-01 4.629723450156491005e-01 4.859458139512558006e-01 8.848988875653845954e-02 5.656712490182073116e-01 5.556089741793411863e-01 9.310729429609740371e-02 3.754585325911724558e-01 2.027905079449336678e-01 1.518490843915035540e-02 4.457839600926895574e-01 7.684654975113598407e-01 0.000000000000000000e+00 1.496302037644529903e-01 6.004885694933701640e-02 7.528421353523483128e-02 2.604311066446610701e-01 0.000000000000000000e+00 8.408075806527104401e-01 2.900000000000000000e+02 2.904975295361177157e+00
4.328495486988724328e-01 3.344006535962406046e-01 1.635369158318341620e-01 0.000000000000000000e+00 6.726194681560200284e-01 0.000000000000000000e+00 3.446046370611752785e-01 0.000000000000000000e+00 0.000000000000000000e+00 1.000000000000000000e+00 2.117329947176670168e-02 1.000000000000000000e+00 1.000000000000000000e+00 7.571522891340061179e-01 2.514246322008274859e-05 3.110258265878941275e-01 6.189015464192345606e-01 2.983491494900057384e-01 0.000000000000000000e+00 0.000000000000000000e+00 0.000000000000000000e+00 8.502952667643222107e-01 2.484657253454328543e-02 2.893570369990760074e-03 0.000000000000000000e+00 1.436935923108800250e-01 3.086201044504640612e-01 1.593221796106017819e-08 4.272613069892777782e-01 4.818617446139363825e-01 1.248188896256350044e-01 1.000000000000000000e+00 2.840000000000000000e+02 3.249070549011230380e+00
4.830606597484622955e-01 4.984105019248540325e-01 9.665468023020161725e-01 2.200860937488813979e-02 8.918702684586907181e-02 1.165926745797430664e-01 6.117210610978205190e-03 1.486683358505046515e-01 3.079758491572356371e-01 5.046322526888529225e-01 4.527163261542734296e-01 8.109324951892578071e-01 9.873808507805718060e-01 1.595115946317996192e-01 8.507385340121033090e-01 8.937988380881737305e-01 8.210586087811444500e-01 9.729719949520703182e-01 8.252718376161245484e-01 3.897259598303010608e-01 7.258271239247085505e-02 9.043646189601266538e-01 1.315303855246684715e-02 1.935161601762666606e-02 9.917773101801229396e-01 1.037550445086413975e-01 5.819543252666422445e-02 2.460108225868408438e-01 2.822799776222321630e-02 7.195380211355890676e-01 1.467208606943850024e-01 9.803770487840600678e-01 4.380000000000000000e+02 2.631017094566708625e+00
9.961928988576903565e-01 1.000000000000000000e+00 6.421567249586264126e-01 0.000000000000000000e+00 1.545278290480683967e-03 2.939420849026971871e-01 7.719855622366378345e-01 3.647936319765940905e-01 6.886282576283899726e-01 5.259931267987202341e-01 5.372733687010999848e-02 6.605223265564279522e-01 2.791300506388715852e-01 6.848286198524176083e-01 7.305801119312909098e-01 4.211305426885474379e-01 9.296169718158181494e-01 0.000000000000000000e+00 7.820518453215771215e-01 1.589295179302201155e-01 3.751731226219194859e-01 2.410648385310541209e-01 7.455896353543981503e-01 9.999979826711624664e-01 8.693660115201208294e-01 3.089271850341805403e-01 3.468044600816160838e-01 6.013005417917058337e-02 8.418465428684148710e-01 5.249574393271127376e-02 2.190947269334356518e-01 9.749036062205399533e-01 4.140000000000000000e+02 2.378856910705566374e+00
8.410165156151235832e-01 1.000000000000000000e+00 6.021496040200677857e-01 3.249062524527939755e-01 3.561813128178517585e-01 1.258055448885512240e-01 7.675387907054197489e-01 1.450463287750367869e-01 3.744431277409484560e-01 9.490833414988986139e-01 6.201197184346253222e-01 1.000000000000000000e+00 9.288063384107340115e-01 8.936645555435990262e-01 9.548443028510108510e-01 5.871861730106517907e-01 6.734464730732182547e-01 9.799658141008786849e-01 2.133219240519936000e-02 9.628587067192292404e-01 6.892828602181276798e-01 4.291818455441888114e-01 8.113598194020347210e-01 3.068030746275245135e-02 7.874582741787380380e-01 1.056999056695490796e-01 4.303250048843751396e-01 1.349930155270404331e-01 3.370209789938211770e-02 4.707129249893337031e-01 7.842520905780885065e-02 9.742356978885319263e-01 5.080000000000000000e+02 1.997924577622186559e+00
1.000000000000000000e+00 3.573270031593288598e-01 9.428703558492200765e-01 4.790909048661408376e-02 1.669358792548345516e-01 1.141954568201141579e-01 3.093023372474495436e-01 2.525755569386506014e-02 1.547310897399078733e-01 3.904209035395389549e-02 4.936441774174319397e-01 4.421343337397710127e-01 8.862812359393557049e-01 2.024259485041671192e-01 9.617978553933568264e-01 1.151550385696133438e-01 9.254402673924865264e-01 6.154003004485902872e-01 9.401470654519820114e-01 6.138444267771165919e-01 1.750223991347577557e-01 1.000000000000000000e+00 2.858576876095838548e-01 8.025002875654738688e-01 2.809256420550585234e-03 3.663782089212659805e-03 2.732936697476341936e-01 5.789606342098415487e-02 5.704979833334776762e-01 6.042126892992970288e-02 3.284143695846328259e-02 9.514587274649178861e-01 3.900000000000000000e+02 2.789735946102418485e+00
1.000000000000000000e+00 1.000000000000000000e+00 4.952118242854265939e-01 7.202636854573756242e-01 7.898428692364207748e-01 2.875210001766529966e-01 5.188777015023180450e-01 6.880132757921376963e-02 2.699074677950531465e-01 5.839970131076394066e-01 7.442748933761049734e-01 3.739294546358625237e-01 1.000000000000000000e+00 9.374577440938831607e-01 0.000000000000000000e+00 3.543881132597994088e-01 7.597116229545178845e-01 4.102451557794620784e-01 9.094943813122301490e-01 5.638295241322613949e-01 7.019661197926722052e-01 8.490956617141787177e-01 5.703476631824822007e-01 8.547062763907168348e-01 1.000000000000000000e+00 1.359637297410580536e-02 8.305411146038534920e-01 3.511112507097286506e-01 7.484836273041718391e-01 6.372894573494740644e-01 2.320287856419084027e-01 9.999999953897713567e-01 5.100000000000000000e+02 1.978826655763568310e+00
4.049338649553367309e-01 9.999999990652733706e-01 9.784401961457492858e-01 0.000000000000000000e+00 3.859804170937731205e-01 9.996838943077046569e-01 1.107618613104471988e-01 6.323766834576263207e-01 7.788918825432637749e-02 1.000000000000000000e+00 7.009730772455758929e-01 9.469003156168636082e-01 9.254413567620266567e-01 4.775250741969260249e-01 4.872515191143038660e-01 5.224644775247462292e-01 1.122621453223361133e-02 5.083730183511373513e-01 6.882652113254928983e-01 2.099434733288866595e-01 9.999140404542006255e-01 1.691130459510639394e-01 4.603091129107195756e-01 7.423619113101854738e-01 3.979910151829793574e-01 8.432057454281033371e-02 8.557248647463875368e-01 5.456653747099828866e-01 5.567908011270752411e-01 3.413531299303746991e-01 1.661773375369528793e-01 9.997564974509782765e-01 4.460000000000000000e+02 2.323157360242760650e+00
7.622790810783250937e-01 1.000000000000000000e+00 9.964530326785338010e-01 2.190541753189073348e-01 7.563874710648945884e-03 6.499516782952258209e-01 1.933690798291045898e-01 2.385617161091293029e-02 6.620133490112760644e-01 5.859112352908492360e-02 3.663921273273811896e-01 1.980503385553557816e-01 1.000000000000000000e+00 9.943556777398393498e-01 7.554063384653884050e-01 4.187455494777351239e-01 2.345502612967459710e-01 7.303444107481866787e-01 6.273124042874274053e-01 9.571368328329556974e-01 7.816021663538768038e-01 3.490049329235390130e-01 3.210772104538803795e-01 8.793017978084155528e-01 7.141971842862290254e-01 2.655574328484944790e-01 1.239004207196356538e-01 3.179942110420475587e-01 5.084977771864661322e-02 2.633995815797165463e-01 6.280423947889766101e-01 9.895962087389873485e-01 4.220000000000000000e+02 2.360295036315918082e+00
4.550825929593095842e-01 1.000000000000000000e+00 1.995648393271240717e-01 0.000000000000000000e+00 3.507199258519748675e-01 2.077467330784998067e-01 6.277285255330301572e-01 1.065177771197500095e-01 5.899485744114665309e-01 9.708151340546107289e-01 6.110328294957377837e-01 6.564633674819932985e-01 5.797361314189727333e-01 8.898663061356851811e-01 4.120699904266091340e-01 5.679369310884759825e-01 5.761526803993428647e-01 7.582700767334328296e-01 9.853760138703372418e-01 2.923388976540544082e-01 8.115504049430933842e-01 2.155500094852391968e-01 4.166690601250687687e-01 9.362566282377730864e-02 1.849457558649860445e-01 6.401317749136270496e-01 0.000000000000000000e+00 1.000000000000000000e+00 9.296581561330566901e-01 1.337472182144037666e-02 1.058432050394841721e-03 5.682783262459012441e-01 4.000000000000000000e+02 2.433911763509114312e+00
6.329214857966080077e-01 1.000000000000000000e+00 6.582468051883021420e-01 2.638361252504544535e-02 2.739127842637201771e-01 4.101948070690884518e-01 7.716085236399998770e-01 3.020747818669535789e-01 5.407732537347201829e-01 7.179039618727289795e-01 9.343774091456689135e-01 4.029384297921546065e-01 9.991314964986983682e-01 5.175095851240779643e-01 7.832513167289021361e-01 5.819271820321271216e-01 1.000000000000000000e+00 6.074634884135641233e-01 9.700574816564473402e-01 7.480245107263754356e-01 8.404527486394899327e-01 3.078895931659073049e-01 2.609140344708638648e-01 5.284388040320517899e-01 5.593350027552380643e-01 1.066257534982795047e-01 9.049029661812776348e-01 6.310503936646553180e-01 2.307884593715720523e-01 6.390834499938664592e-01 2.284796286150333200e-01 1.000000000000000000e+00 4.840000000000000000e+02 1.901444011264376899e+00
8.892958151418132173e-01 9.380764145513741381e-01 9.999840845480018059e-01 4.785117794897532639e-01 2.032597487882298049e-01 4.707620823580405678e-01 6.737082135243698255e-01 3.859139393059343170e-01 1.000000000000000000e+00 7.395658600239782832e-01 6.437637422349852256e-01 8.423935452353247255e-01 9.227457608488434104e-01 9.999965756131233841e-01 8.939414408864958528e-01 7.694195338848776045e-01 9.999053382503119147e-01 1.000000000000000000e+00 8.980639016138909358e-01 4.906361311656292079e-01 7.347563693999870083e-01 6.071210014441172920e-01 3.287767849303639967e-01 3.391840439224784731e-01 4.783215462625414749e-01 7.070035349022660287e-02 6.563081057405055763e-01 5.559813677942310184e-01 1.738082631599400241e-01 4.360965141004111145e-01 4.212039464716180182e-01 7.974186491488564066e-01 5.560000000000000000e+02 1.702671862405444214e+00
0.000000000000000000e+00 3.028302194699759031e-01 7.813468891217134615e-02 4.087102445251046545e-03 0.000000000000000000e+00 0.000000000000000000e+00 3.328553894125426682e-01 1.163668875069271249e-03 3.014170059615470798e-01 0.000000000000000000e+00 9.632980483752058565e-02 5.545242108152991650e-02 7.906237257358231796e-01 4.826492587796294420e-01 0.000000000000000000e+00 2.801550208653322827e-01 5.261460551010040954e-01 8.869155476551772097e-03 4.330521782034779110e-01 7.579779700979955535e-03 4.577407303763610102e-02 2.953509392317422155e-01 0.000000000000000000e+00 5.025353212389177537e-01 0.000000000000000000e+00 1.996577092529721546e-03 2.690868115204862465e-01 4.758119693250376647e-01 1.000000000000000000e+00 2.105139146254275673e-01 1.435735626922781949e-01 9.976876803600092103e-01 1.820000000000000000e+02 3.602899547153048943e+00
9.978235353277949971e-01 9.133579680187202676e-01 4.240766476766885673e-01 1.199379411496788866e-01 8.209710660096962709e-01 8.832849409451891051e-03 8.166327362489240738e-01 2.727069952605985503e-01 4.465251029395476134e-01 6.605806647245602292e-01 4.317628905920034565e-01 3.953526699270143441e-01 8.554850154934786621e-01 8.035692373839651292e-01 5.068307341765417862e-01 8.861295688078831834e-01 5.120532793236399760e-01 5.409079330993781243e-01 4.548212783607591403e-01 7.901641019338347949e-01 3.387297706855892931e-01 6.936846371640584819e-01 8.638923179675010999e-01 5.057001108252320853e-02 5.585940772831043954e-01 1.882385502797277455e-01 1.000000000000000000e+00 4.938345270184615887e-01 5.512033856065443049e-02 6.277928403836643412e-01 4.176804173532823183e-01 1.000000000000000000e+00 4.860000000000000000e+02 1.996760992570356885e+00
1.000000000000000000e+00 9.359472314672174775e-01 9.820283875394519857e-01 0.000000000000000000e+00 4.062187578238150021e-01 9.373439425981439088e-01 1.000000000000000000e+00 0.000000000000000000e+00 5.924360096106379148e-01 7.186233969261700549e-01 5.310183721354055919e-01 5.437835477651709049e-01 5.966583790781140317e-01 7.941523493212431228e-01 3.454030481158027466e-01 8.849276453762163763e-01 5.456609242081802424e-01 9.995774591680347543e-01 9.999706627983803164e-01 4.233317610112312113e-01 7.521609320602317128e-01 9.999655159432857543e-01 3.055722189788366849e-01 5.215193163589319780e-02 1.000000000000000000e+00 9.880974048465825943e-01 5.748209268651502946e-01 9.976999368225405451e-01 4.607728795361886176e-01 8.072008670118406837e-01 1.932271772872183047e-01 9.754674547221472425e-01 5.840000000000000000e+02 1.824717239097312538e+00
1.000000000000000000e+00 6.788056131998889686e-01 5.988071571020865402e-01 0.000000000000000000e+00 8.949606341678927324e-01 1.136836934204444455e-01 1.000000000000000000e+00 3.108325108262205982e-01 6.114152907015308891e-01 7.153451601203558718e-01 6.771487184955359284e-01 3.871869975402197350e-01 9.734247072522240751e-01 5.333664938648812193e-01 9.994193085564427870e-01 1.206194240713101828e-01 7.588502851788677672e-01 9.720447998660534106e-01 7.772382134180516600e-01 2.074080948462176388e-01 5.325755850048220497e-01 3.258186173597929502e-01 6.011021971600395419e-01 5.008411788793422081e-01 7.356555676514281439e-01 5.299138834413448240e-01 8.453891007710456762e-01 2.650130355070813848e-01 6.051123520747155871e-01 6.045930237688216247e-01 1.740957514950318419e-01 9.276112655934184437e-01 4.840000000000000000e+02 2.009078449673122879e+00
1.000000000000000000e+00 9.950717388611731717e-01 4.389054588102775378e-01 8.218125791424830490e-10 9.800869213523776269e-01 4.429876764666217381e-01 2.826812629557536316e-01 2.221229072046904951e-01 5.907332676205820921e-01 7.871531685324669736e-01 8.737065351826098780e-01 7.073954540185530826e-01 9.999647741621230379e-01 8.755606558140329732e-01 6.571658297304955321e-01 9.908364401041125369e-01 7.872575724166800404e-01 6.178316873682258015e-01 6.380925119490712394e-01 1.000000000000000000e+00 5.559558731782109353e-01 8.463854206301690830e-01 1.728499596902215718e-01 6.705390265893292900e-01 7.704841006147086224e-01 9.349250802353966661e-01 9.999999980806415500e-01 6.497891513802892538e-01 7.108796354461803801e-01 7.671581711386709079e-01 4.566052851388679445e-01 6.044563489288774516e-01 5.960000000000000000e+02 1.565676885937887564e+00
4.031413276479928198e-01 1.000000000000000000e+00 1.498943258064425188e-01 4.155877627692378812e-02 2.796503223644316583e-01 2.157583564374753946e-02 7.706098065070000613e-01 4.501894463321157724e-01 1.052562477647087380e-01 4.558145060356168510e-01 7.986554019581838526e-01 8.880875633872260533e-01 9.218962943010020616e-01 9.989056953099041403e-01 7.600425807602761985e-01 6.916604259908566421e-01 7.718279738158645431e-01 9.718945453074995244e-01 7.201904675223189667e-01 9.455568982062074745e-01 5.593494235460430009e-01 9.999854954575055910e-01 7.558788648778951291e-01 8.970797592282434563e-01 1.000000000000000000e+00 4.002256434389104833e-01 8.806428916363467918e-01 1.575377802483969927e-02 2.786400088867224123e-01 1.000000000000000000e+00 5.572183388415863359e-01 7.314688279521341929e-01 5.460000000000000000e+02 1.750648674132332161e+00
9.251004750805288390e-01 9.317155277916773226e-01 6.050489674177148558e-01 1.072531030965261922e-01 2.351527347099600235e-02 0.000000000000000000e+00 1.972654014153998880e-01 3.179314426534754154e-07 1.662527132687249332e-05 9.713760689532685566e-01 9.995749957724922030e-01 8.951793694915589628e-01 7.012040011759967939e-01 3.291833240749781342e-01 2.827214080172017474e-01 5.778411155582054981e-01 1.375711221433010764e-02 5.326903197481331897e-01 6.259146499805376962e-01 1.092218832408743956e-01 9.597525279296542644e-01 8.009210232640334715e-01 1.706649286487968431e-01 4.550236019956163669e-01 7.278566049496807411e-01 4.035271781231686838e-01 3.688354290264816426e-01 3.243673497973180719e-01 7.872599724746554006e-02 1.354295712006979013e-01 5.570869460743030921e-06 6.967736730232133580e-01 3.760000000000000000e+02 2.530112106323242127e+00
1.000000000000000000e+00 7.946992916537474194e-01 7.778239507068818170e-02 2.040625557072415219e-01 3.109002991170210506e-01 5.634450684413092603e-01 4.609966110485945734e-01 2.454496099283740018e-01 6.281717963029024299e-01 4.102413099800076846e-01 1.692277702252417693e-01 9.229601828234385019e-01 4.358263605098332549e-01 9.999999946512682092e-01 7.985848148731680141e-01 1.000000000000000000e+00 8.554594073295255230e-01 7.831164608264293836e-01 9.313257513887023276e-01 8.502337290754761190e-01 0.000000000000000000e+00 4.881046772427591329e-01 6.180086889970490965e-02 9.733417463236310185e-02 5.477362296897666516e-01 6.848924305165229320e-01 6.511767133333404844e-01 6.179518149334652932e-01 1.428553353859385866e-01 6.597022805249463939e-01 6.054208617959325744e-01 9.869078554037670203e-01 4.720000000000000000e+02 2.076710658603244664e+00
7.352723208488076700e-01 9.984550283560330586e-01 2.462578699013484307e-01 1.073897416261730686e-04 9.860666728899033506e-01 4.315341152472391140e-01 6.059737600693808623e-01 1.068639175040422273e-01 3.415190185320590155e-01 7.063186436962503034e-01 7.369706770905710691e-01 9.043737097230837296e-01 9.894082417881671088e-01 5.382098867676735621e-01 1.000000000000000000e+00 7.010843821383409002e-01 9.999484113037794275e-01 1.473267807608396041e-01 1.000000000000000000e+00 1.000000000000000000e+00 6.275825746169022556e-01 7.254053813822545216e-01 6.932074280276971923e-01 7.122287136855544043e-01 7.762029742516364239e-01 9.933485456337128872e-01 8.080719518288268510e-01 4.251686355103568293e-01 7.107640768807579335e-01 9.123199333067639749e-01 7.715071918392019112e-01 5.632932819125808788e-01 5.900000000000000000e+02 1.687173970540364776e+00
9.898803461864905673e-01 9.173633159222214228e-01 5.597758313432471544e-01 1.868584885831813674e-02 7.777971761321066380e-01 1.896364826477648091e-01 1.764635704658149284e-01 4.944081629387570009e-01 6.937498052615861388e-01 8.983150594275957079e-01 1.000000000000000000e+00 9.998545514479030283e-01 7.682914903264588258e-01 6.348409589334992331e-01 6.479017785512228844e-01 1.000000000000000000e+00 7.244372712226645472e-01 6.835159004238102742e-01 8.965948712213307470e-01 9.992820087282233699e-01 8.099867452802691492e-01 8.150640962864618144e-01 2.293403164622804524e-01 8.025407136168190014e-01 7.357600363974140523e-01 7.985164248876338577e-01 9.999999855877982347e-01 6.621086361108862173e-01 4.994572801668374917e-01 7.305974335099898465e-01 4.799101319184256864e-01 9.999999485676396294e-01 6.340000000000000000e+02 1.448267648931135243e+00
9.618336516246882573e-01 9.999863699733062550e-01 6.052217766070850519e-02 0.000000000000000000e+00 1.013992574420420067e-01 7.247409614460528227e-01 8.021548653430166098e-01 5.567336699849300130e-01 5.145847502651890865e-02 9.990884685627359207e-01 5.760699977082737178e-01 2.260218636948522763e-01 9.996860627135371047e-01 7.416415198953206778e-01 1.000000000000000000e+00 2.042317106477843369e-01 1.000000000000000000e+00 9.993434012512126818e-01 1.000000000000000000e+00 3.718896753919567755e-02 7.585313933807044662e-02 6.156199986126597024e-01 3.943944766163735849e-02 6.819294104718407468e-01 9.998848873341801280e-01 1.222915831913807400e-02 9.996340595290841291e-01 3.400950789922201900e-01 2.576967497727707945e-01 5.635153879734394744e-01 4.341138308221064168e-01 1.000000000000000000e+00 5.120000000000000000e+02 2.084553972880045514e+00
3.187354057606220370e-01 1.000000000000000000e+00 0.000000000000000000e+00 5.236518171511857786e-04 1.371476232312690280e-01 6.336844189905819213e-01 2.911806946152382669e-01 1.771448175194293428e-01 6.307779860624241897e-01 1.000000000000000000e+00 1.000000000000000000e+00 6.583751829154114166e-01 8.977348061534001777e-01 6.592428829801819656e-01 0.000000000000000000e+00 9.671877468388015986e-01 1.000000000000000000e+00 2.958028695286853416e-01 1.000000000000000000e+00 4.630866257235943251e-01 1.000000000000000000e+00 9.912797480266856143e-01 5.260358511747725840e-02 3.474249852412873429e-01 9.398383499339570957e-01 1.000000000000000000e+00 1.000000000000000000e+00 1.000000000000000000e+00 0.000000000000000000e+00 5.883620040128245687e-01 3.766576507072894597e-01 6.946235872733969030e-01 5.460000000000000000e+02 2.055913885016190434e+00
5.320261526351540704e-01 9.355559168574512086e-01 9.990711878737493779e-01 1.783728832910308204e-01 2.486344824224662742e-01 2.403750228016101054e-01 3.608336657126620661e-01 2.386895402786597953e-01 6.537242529968498861e-01 9.049677744185039563e-01 8.634599551246650018e-01 9.303776982140226082e-01 8.854728807462977080e-01 6.201230398539718802e-01 8.753823834332237208e-01 9.193119541194593181e-01 7.828811421646371116e-01 7.774710407412266377e-01 9.706868559284616005e-01 8.104300970147029215e-01 9.713457465888061249e-01 5.674679143976689710e-01 4.709339505344399823e-01 6.043605270034356769e-01 9.942900434287638145e-01 5.927104763574690960e-01 9.961098273305116768e-01 8.218657515617286968e-01 2.866684193444096196e-01 5.212255631186528682e-01 1.227248143040974709e-01 9.977087074512097642e-01 6.240000000000000000e+02 1.614953153273638309e+00
6.797226709334688310e-01 1.065456987688307156e-01 1.408623844074295972e-01 1.810896082114672510e-07 7.073836823767036819e-01 5.042798573289368758e-01 2.651254059862934720e-01 6.446535913523517014e-02 5.232503972808364434e-01 1.690643717747322694e-01 2.437674631590922292e-01 4.160514588161659533e-01 1.000000000000000000e+00 2.097619398352428000e-01 7.953780750818365552e-01 4.146940182781352902e-01 8.464341526119771864e-01 5.660670635263536088e-01 9.989952859640653937e-01 9.982878145895109911e-01 5.974733127595727167e-01 7.382780498005289127e-01 7.744400635025503465e-01 8.519282231594665911e-01 6.335468473836233239e-01 5.630061246577817702e-01 6.534375851822769032e-01 2.971915638293599546e-02 1.792963281568818734e-01 9.248581035557341679e-01 2.326905716749840536e-01 9.229160904372207819e-01 4.220000000000000000e+02 2.373721193949381636e+00
1.000000000000000000e+00 9.922625863763326892e-01 2.329145716552862011e-01 3.079467586957198785e-02 1.199960432942740463e-01 9.057381864506113267e-01 3.715977960721318918e-01 6.152865001321633498e-01 1.381566992183114462e-01 2.365655482802579701e-01 1.000000000000000000e+00 4.307332396434443433e-01 8.091838985404657958e-01 9.987143585833863080e-01 8.910422665744682780e-01 7.134029997825794833e-01 8.818184355238110061e-01 9.519305511972367961e-01 8.098241464733797468e-01 8.771389033956642489e-01 4.683601785029881670e-01 8.695678175139229804e-01 8.262157478791770648e-01 1.000000000000000000e+00 7.653310995974847986e-01 9.979168407069546332e-01 6.437707705806704483e-01 4.273384992236941020e-04 4.817481789255841917e-01 9.147864970333888790e-01 3.824188740338663162e-04 6.277900115308929774e-01 6.380000000000000000e+02 1.625063578287760491e+00
9.937291658786678861e-01 9.635090363175625727e-01 3.464072527372391019e-01 1.899477957672723134e-03 6.876294804248623826e-01 1.998877448119205646e-01 6.309754970518489658e-01 4.114787307410034956e-01 1.645921903648596973e-01 8.824020266174913418e-01 1.000000000000000000e+00 1.000000000000000000e+00 9.999995767426463900e-01 1.000000000000000000e+00 8.414181997286809267e-01 4.244957299336509782e-01 9.807612876610911634e-01 9.429644889610120373e-01 6.907674273897681516e-01 8.005168177759389714e-01 1.000000000000000000e+00 9.326397429787484095e-01 3.449832561972595024e-01 9.696866918916725586e-01 3.582578563365058644e-01 9.998432139983191025e-01 6.978570912089757661e-01 6.487301708453554472e-01 3.965217888036659012e-03 9.943134319606165006e-01 2.220760567847335776e-01 9.773487707123502677e-01 6.640000000000000000e+02 1.553598153856065478e+00
7.464240112693442120e-01 5.280956774927185737e-01 7.207689772268016659e-02 2.184230451425713260e-01 3.996437598585944606e-02 0.000000000000000000e+00 9.919478244095706332e-01 1.335697245373424491e-01 2.051059608621239316e-01 1.544575252322659409e-02 1.556678450456088769e-01 8.218849432654951048e-01 1.000000000000000000e+00 1.000000000000000000e+00 7.991699121409954198e-01 5.487095583294674395e-01 8.532211958028352861e-01 2.291369175361322730e-01 6.900777351094683487e-01 5.301957058826933800e-01 3.260490805540356418e-01 3.890366556645213358e-01 6.356929097227098646e-01 6.074511190050366771e-01 9.999752637242326214e-01 0.000000000000000000e+00 9.366080827507167195e-01 6.956175064870554481e-01 3.123512566269771404e-06 1.377865114988960147e-06 2.505123349384837453e-02 8.963533651488192477e-01 4.160000000000000000e+02 2.470790248446994575e+00
1.000000000000000000e+00 1.000000000000000000e+00 6.277144749276035718e-01 0.000000000000000000e+00 6.591522710995999512e-01 7.562139114528340089e-01 3.152803314247105693e-01 3.620436457307011913e-01 4.872861211929872538e-01 1.782411834847658777e-02 9.126605117384696264e-01 8.627857367493773078e-01 9.999909851259489724e-01 8.754144459898334230e-01 0.000000000000000000e+00 9.159568522998391693e-02 2.143361180889946371e-01 9.940315811287436798e-01 1.000000000000000000e+00 4.502911225177119170e-01 3.319346493820246047e-01 9.327336288479383120e-01 5.302313810275929296e-01 1.000000000000000000e+00 1.000000000000000000e+00 2.818588651268969219e-03 1.000000000000000000e+00 4.177729342763754072e-01 6.373136137485090336e-01 6.878470030046711647e-01 4.140725766950182352e-01 9.966299911995983862e-01 5.620000000000000000e+02 1.968047014872232880e+00
6.832117551667935551e-01 9.948306967245799104e-01 6.364918371139146602e-01 2.221615673258325319e-01 6.616835808590317836e-01 5.063578299098433488e-01 6.825937595753794884e-01 6.879579289393270569e-01 8.047449829457735682e-01 8.284085834803047721e-01 9.999999955796717854e-01 8.845248515557558866e-01 6.511023697414772826e-01 9.782195764058667642e-01 9.141603843419042752e-01 8.550087221274222937e-01 9.991779128661489873e-01 1.000000000000000000e+00 5.894174049548474015e-01 1.000000000000000000e+00 8.147342871310528922e-01 7.344055859517240048e-01 1.371758690442314577e-01 7.806697186340706418e-01 1.000000000000000000e+00 7.048925326703761041e-01 1.000000000000000000e+00 7.781236079327631394e-01 2.916775873380623163e-01 8.325883894267271934e-01 4.157726134637412252e-01 7.784904113198950482e-01 6.900000000000000000e+02 1.388037199132582833e+00
9.997941063027149244e-01 1.000000000000000000e+00 4.360005451039835056e-01 1.784406677677349666e-04 6.597858092060743251e-01 6.616605085572768719e-01 5.923071189480273446e-01 4.307643628405231073e-01 9.128749976208945238e-01 7.684146267488569659e-01 6.645257570718806628e-01 9.800456438397261438e-01 7.614612620901058948e-01 1.000000000000000000e+00 1.000000000000000000e+00 6.224774648377930930e-01 1.000000000000000000e+00 1.000000000000000000e+00 9.009652373049504837e-01 1.000000000000000000e+00 8.906048627382899818e-01 8.756478683221194936e-01 0.000000000000000000e+00 9.999999975985309764e-01 7.520515092140185320e-01 3.090795370965999656e-01 1.000000000000000000e+00 1.365083007363257495e-01 3.120104223564676982e-01 1.416586069456288177e-01 9.999999968024843033e-01 7.218496636218417750e-01 6.480000000000000000e+02 1.602374207739736489e+00
7.250230393868983825e-01 9.837457851793212082e-01 1.279013422758651375e-01 1.461487435844998576e-03 8.072987989611056792e-01 2.785504423969321075e-01 3.092090284644902209e-01 6.502817716999205189e-01 1.618023401297188080e-01 7.231001728074265555e-01 9.994845309736323236e-01 7.589632386777408479e-01 1.000000000000000000e+00 9.832566325979118504e-01 2.095276466759938561e-01 2.389544897029206028e-01 9.998399119192797890e-01 9.964013075974370581e-01 9.268183740550739458e-01 8.030460196112161331e-01 6.447398566621133364e-02 9.957456458688508372e-01 1.973022042372056806e-01 1.000000000000000000e+00 9.105340217733963737e-01 3.138155353701874706e-01 8.430151013184211672e-01 7.799545281107947980e-01 9.991416779504167511e-01 9.971561398691247691e-01 6.529580575311974000e-01 3.913285977517567682e-01 6.100000000000000000e+02 1.932124044380936212e+00
9.832843563903183037e-01 9.875860569834261637e-01 3.167468399467186502e-01 5.122327012873433699e-02 0.000000000000000000e+00 1.181878180870918477e-01 5.555418751054025384e-01 1.021142710127882075e-02 9.415118704624129142e-01 9.870163670492605457e-01 8.210338735171177627e-01 9.474047803084622021e-01 3.209215573634237040e-01 9.649693573318510742e-01 8.710682401959198851e-01 7.992615302575626357e-01 9.056941884967385503e-01 9.733159328630708318e-01 5.760252819174925820e-01 1.000000000000000000e+00 3.844169080608749178e-01 8.922585851733884077e-01 4.475397339900449856e-01 6.117473168848087672e-01 9.163234642668683927e-01 3.954151534153106939e-01 1.000000000000000000e+00 3.531584448459451631e-01 2.430344420255082516e-01 9.496949568574369893e-01 8.945685459378129867e-01 7.601208708405947645e-01 6.160000000000000000e+02 1.630071258544921742e+00
5.637813187513254221e-01 5.638764477735902503e-01 6.564422040499191535e-01 0.000000000000000000e+00 4.531082934573971710e-01 9.592267351944679943e-01 1.399744814868306708e-01 5.184029643146800259e-01 1.325620605341552016e-01 2.355281052131519282e-01 9.994261890807747406e-01 1.000000000000000000e+00 9.999726491174395493e-01 8.243122852006453671e-01 6.651730707741787294e-06 8.076721019586566852e-01 9.646794636690124713e-01 9.822867438233690018e-01 7.625986300604307155e-01 9.296530809481452495e-01 3.052407066053993701e-01 9.099318792325573613e-01 4.084335163727830786e-01 9.999999355740022411e-01 1.361081581865983270e-01 8.728432793601776929e-01 3.019050399514904837e-01 7.838386090488697056e-01 5.764718378311227687e-01 1.245791483792194898e-01 9.257626998305742427e-01 9.876426089278180775e-01 5.680000000000000000e+02 2.226619119997378160e+00
5.440106753337815571e-01 1.000000000000000000e+00 5.444747180837110623e-01 0.000000000000000000e+00 6.215615826471784094e-02 3.768061644262936361e-04 9.498895349857502390e-01 9.218185394371426755e-02 7.644803937879405265e-01 3.513400551063933057e-04 1.899133980796905152e-01 9.143708668117513927e-01 3.793458675062743590e-01 1.000000000000000000e+00 5.783850107164220100e-01 8.294218759738752889e-01 9.999381142102490294e-01 0.000000000000000000e+00 4.218343980503282131e-02 9.295916884578137029e-01 7.857418252866978925e-01 1.756408558409238985e-01 5.348320629440360685e-01 1.373398293197522491e-01 1.758707259448466509e-01 2.967261150920089685e-01 9.993642989247324415e-01 8.356925277365000460e-01 1.208595691932689425e-01 6.990747016465421737e-01 2.392210765939309369e-01 7.469232673563708236e-01 4.200000000000000000e+02 2.536065618542657329e+00
6.980539337310845971e-01 1.000000000000000000e+00 6.089568158722855618e-01 1.157040017501683032e-01 3.430698672446823028e-01 2.211215471659687681e-01 7.897439653350405431e-01 3.750035132154594941e-01 4.304624443265558931e-01 5.954313799850475819e-01 1.000000000000000000e+00 4.755849085196482973e-01 8.261681925050302633e-01 8.358453197873464413e-01 7.233082841280183972e-01 3.184819221126263811e-01 9.998845392872081073e-01 8.315800307556192594e-01 8.444224709489912550e-01 9.990667647459534617e-01 8.141658395957226402e-01 9.369946613352627685e-01 3.697768597048901786e-03 6.052858737287620805e-01 9.663018974875616784e-01 2.577337265696408863e-01 8.291481775275056920e-01 4.310734175239712695e-01 1.410512162433190109e-01 7.635044798872667737e-01 0.000000000000000000e+00 6.432722093236435956e-01 5.560000000000000000e+02 1.816391220092773429e+00
9.127960555304290846e-01 7.353906093699839053e-01 8.576281643081293815e-01 6.047843008092950584e-02 1.113790745065950660e-01 3.696551999982108146e-03 3.147025636005530980e-01 5.675748832986341474e-01 9.685671815857558320e-01 8.082686379232854046e-01 5.175095769929128897e-01 9.066162735810662232e-01 7.859360986953236594e-01 9.915291251910587356e-01 9.498793597621055795e-01 9.311611950571581087e-01 2.323530101353762922e-01 7.098456726870777667e-01 9.845933297298163911e-01 9.465180815085451060e-01 2.807541117555565346e-01 9.411271843345166976e-01 9.629988375204140416e-01 7.382026493679507695e-01 9.577371994848333792e-01 1.479603774997309273e-01 9.495759593970056756e-01 5.990801145448431120e-01 1.884853564094783329e-01 9.129973932175512452e-01 7.240870589423890058e-01 8.617058688734217098e-01 6.380000000000000000e+02 1.694565773010253906e+00
5.217630826394246135e-01 1.000000000000000000e+00 9.276640972840809463e-01 0.000000000000000000e+00 1.471540009537425191e-02 6.139607468307676230e-01 7.648068086850515757e-01 1.053900690306013438e-01 6.222151867616553256e-01 0.000000000000000000e+00 4.369584607894694273e-01 9.987286136344776244e-01 7.570224477825585607e-01 1.000000000000000000e+00 1.000000000000000000e+00 9.988152225698481157e-01 8.799364958133735204e-01 9.806773198841781669e-01 9.272241840936663593e-01 2.905090564929188046e-01 7.749415683275366895e-01 1.000000000000000000e+00 7.000682885459587057e-01 7.745090356266793874e-01 9.611295358504822195e-01 2.097965841824470795e-02 7.728097554452036944e-01 8.101075896817305777e-01 5.483871464135749996e-01 7.258444273239854638e-01 7.166288634079602815e-01 9.440102808125611089e-01 6.140000000000000000e+02 1.700908061914276459e+00
9.999917587333068125e-01 9.778268946483207325e-01 6.168748521438547350e-01 5.341033760541332720e-01 6.581299386246826089e-01 2.618169029143168625e-01 7.867822983849113994e-02 6.497828209850439185e-01 7.329762743716397022e-01 6.792194352393982060e-01 1.000000000000000000e+00 1.000000000000000000e+00 3.369126609324929467e-01 9.415592805629483530e-01 8.635772122745080104e-01 9.983806921721753991e-01 6.892560055563649035e-01 1.000000000000000000e+00 9.022727418483592610e-01 9.997991855863471722e-01 8.590514134133184765e-01 9.910159996918095349e-01 8.775635750348279585e-01 6.313022738369714615e-01 9.853932921418717683e-01 8.839992997736985103e-01 1.000000000000000000e+00 3.098091310618037997e-01 6.786216271799059285e-01 4.040884838187471240e-01 4.178375957761931714e-01 9.406332014902212268e-01 7.100000000000000000e+02 1.327353613111707853e+00
9.965880894350385155e-01 5.247176299888027806e-01 1.924484006607499187e-01 7.131154031905412305e-02 4.481010307100420365e-01 3.507363532605901058e-01 9.954352688676915140e-01 3.943271393202576469e-01 9.896691431014799090e-01 5.623407521509129481e-01 9.340720618190822000e-01 8.547545318773946965e-01 6.321272177666361625e-01 8.510569026840202334e-01 8.330059081956442402e-01 1.000000000000000000e+00 7.823944227008845509e-01 9.951411076147981261e-01 9.999999990888022161e-01 1.000000000000000000e+00 9.413618879474616730e-01 9.999911662734595197e-01 3.659303723941624842e-01 7.619470587575517539e-01 6.771070911875853859e-01 4.194835556614591177e-01 6.396466749502728311e-01 5.768562938645577232e-01 8.435124931750771493e-01 1.122423214874158637e-01 4.124600441491965697e-01 9.999999997742734514e-01 6.260000000000000000e+02 1.656963853275074783e+00
8.807761355875828313e-01 9.820001705815206705e-01 4.340005629618476357e-01 3.123917795811911868e-01 4.492081933288868401e-01 3.141378301344179835e-01 2.162317445606918020e-01 6.212080694637458489e-01 4.260067515348038292e-01 3.694334045015404966e-01 9.972719867549937334e-01 9.651023541977773457e-01 7.752479373884703095e-01 8.408319498970449057e-01 6.953478460791094884e-01 9.988918141165287201e-01 8.003400660112337528e-01 7.730232082982693154e-01 9.674708930937500062e-01 8.891045933325195660e-01 9.237020591982019191e-01 5.332306748911648242e-01 6.201518175712257275e-01 7.995575698680235099e-01 9.641007375842475247e-01 7.233471360281623630e-01 9.760409842114843304e-01 8.786609421027385958e-02 3.140312187119183585e-01 5.732296836974251075e-01 3.827240401261768343e-01 5.929536202223606445e-01 5.700000000000000000e+02 1.632319717407226589e+00
9.952039867599565826e-01 1.000000000000000000e+00 4.556360745821179115e-01 2.380233703093044897e-02 1.269591973911363136e-01 2.864677555708999845e-02 2.380430039448221818e-02 5.129287517621505810e-01 3.524364565636937119e-01 4.836823457450516867e-02 2.625193609858542665e-01 9.515677193754481511e-01 8.873862135738960211e-01 5.379638503298033170e-01 1.000000000000000000e+00 5.974603523287651541e-01 8.992404844942120112e-01 9.511897784852575422e-01 7.783378201967618981e-01 1.421190204095183762e-02 4.439144505235931293e-01 2.586792119947939894e-01 7.203560637043472659e-02 8.908724183118180706e-01 9.761083955793224964e-01 9.437683807093514288e-01 7.542386393349650442e-01 8.680277445264368910e-03 2.761651526955368752e-01 8.252323296304361344e-01 0.000000000000000000e+00 2.706495503850904205e-01 4.620000000000000000e+02 2.264549225095718654e+00
7.606676459360343090e-01 9.877953927342570939e-01 7.910702349955380797e-01 2.013021267652604918e-01 3.398531576826281930e-01 2.295629209045608465e-01 4.042944797385354949e-01 2.054980294891809722e-01 5.580148713351633649e-01 6.639451403716072342e-01 9.732840548397493352e-01 8.615381779415458574e-01 9.857387408008964069e-01 9.999996712538240518e-01 7.050317466893712970e-01 8.435656920937611991e-01 9.120366171059938187e-01 9.838819513962734353e-01 8.951000579923872325e-01 9.715595378508233848e-01 5.061399535319611731e-01 6.004919402138682027e-01 3.598838596700315029e-01 5.949929758791824286e-01 9.046999302978033786e-01 8.715205156379607354e-01 7.505020151044806687e-01 2.815145417704807973e-01 2.692519812815680758e-01 7.168782706613400224e-01 3.851425717004077209e-01 9.048818437118167912e-01 5.920000000000000000e+02 1.603122741297671849e+00
9.437130816013583612e-01 8.284410037507796698e-01 5.926002267248178246e-01 3.765964873364536225e-01 7.019983842244504890e-01 9.680142488417361468e-01 1.728237809093550181e-01 6.974319977444387586e-01 8.423054039256164804e-01 9.999982706981793701e-01 7.919352003586178634e-01 5.075001680166383311e-01 9.734708688878056515e-01 1.000000000000000000e+00 6.545206996399495214e-01 9.952442862611186047e-01 9.597307406461915713e-01 8.761597347427795279e-01 8.445392760778411834e-01 5.897824868670604737e-01 7.008661577339970750e-01 9.219389831236624033e-01 8.452350307085289005e-01 3.174861195846211959e-01 8.560255639054645815e-01 9.801152002714076383e-01 9.731443694417698520e-01 6.928077086347792513e-01 4.193348484637812179e-01 7.194140686999379586e-01 5.932257365108604130e-01 1.000000000000000000e+00 7.060000000000000000e+02 1.361102807786729540e+00
9.955035400706818693e-01 1.000000000000000000e+00 9.326764207622035840e-01 2.148349167010299987e-01 5.235707069699307992e-01 1.885510564007434053e-01 2.877892114276541791e-01 7.835796020465656264e-01 8.995116278992304482e-01 8.988334082326289165e-01 1.000000000000000000e+00 1.820354898355024120e-01 5.202128342785147241e-01 9.384705659240848430e-01 2.641912594867674713e-01 8.101346572280639924e-01 6.913839049771027812e-01 9.391814272087324333e-01 5.743838699551874205e-01 9.374908807763998597e-01 3.838589672836210664e-01 6.859594908498924948e-01 5.764604115366581683e-01 8.442217748973241953e-01 8.736702119296690938e-01 8.899419004597174387e-01 8.649651803582634191e-01 7.235254083419697668e-01 6.509538315735882152e-01 4.536148131059776767e-01 3.528012054987744173e-01 1.000000000000000000e+00 6.240000000000000000e+02 1.677885687584970364e+00
9.998907377330849000e-01 1.000000000000000000e+00 3.471109521942200571e-01 1.533123830295595250e-02 7.095692707496683571e-01 3.483890909175019202e-01 1.000000000000000000e+00 3.975768617300100005e-01 1.000000000000000000e+00 6.912146798612078813e-01 6.927694583812643581e-01 5.024152291152083061e-01 2.846614106990874027e-01 9.855662852211222180e-01 9.899655518082111083e-01 1.000000000000000000e+00 9.524512648814853488e-01 1.000000000000000000e+00 2.752372538819974901e-01 6.769746941826189079e-01 9.999912606042903329e-01 4.421858868217807825e-01 9.853119715328231276e-01 2.539889281984402669e-01 9.915810150924464494e-01 9.993225666764575799e-01 9.999222202727053865e-01 6.193445224119166204e-01 1.796134903443694641e-01 4.644122654476529610e-01 3.528049321306455099e-01 9.858898024442207531e-01 6.160000000000000000e+02 1.609633101669012190e+00
7.314061580445385680e-01 9.993938881363406690e-01 9.326620108570200518e-01 5.506435773403911549e-02 7.971082666300722819e-01 1.325487155787946902e-01 8.189156925670346698e-01 2.038961495238842715e-03 5.671507411970565515e-01 8.380814820836925971e-01 5.037292006849132253e-01 9.998397251670342323e-01 3.064696209384245029e-01 1.643670462788629147e-02 8.114298824684710310e-01 5.948773767595239015e-01 7.687437312539880940e-01 9.966717518405093790e-01 8.856831861124174754e-01 7.028241695673191902e-01 9.996804133327540365e-01 1.000000000000000000e+00 4.084347829338693114e-01 4.871034867488477360e-01 9.999010106667178821e-01 4.743866126996550414e-01 2.545730954641579058e-01 9.763902211688078037e-01 5.377223990029825762e-01 1.000000000000000000e+00 2.033177670102561119e-01 4.549443600768373619e-01 5.640000000000000000e+02 1.846195040251079389e+00
1.000000000000000000e+00 0.000000000000000000e+00 8.864252022522102203e-01 4.454507178170645232e-01 8.745853330125927805e-01 6.192929033346117329e-01 4.418741190612727743e-01 5.276596657097856191e-01 2.551562667687000581e-03 5.031669751005937163e-01 1.042946186811118253e-01 9.998793834183601348e-01 1.000000000000000000e+00 5.028044952788928157e-01 7.823796573984551639e-01 9.380199074128248160e-01 8.331463135829247912e-01 1.000000000000000000e+00 1.000000000000000000e+00 5.088249643374712639e-01 9.819342421864698522e-01 9.465454880902957058e-01 5.183809777206073166e-01 9.977638776633723783e-01 4.562580418881951316e-01 2.559514716754586749e-01 7.173291074736480866e-01 9.497463601618224560e-01 9.346672129313832178e-01 9.836351662609950086e-01 2.747241967776747340e-01 1.654929193119302200e-01 6.080000000000000000e+02 2.084941976210650250e+00
0.000000000000000000e+00 2.780263805823150469e-01 3.486675184489866353e-01 3.835386937687320086e-01 8.740915729986095117e-01 5.867270623782021577e-01 2.218864439949842504e-01 9.952565231404677526e-01 5.187885433738205210e-01 9.984985234418231048e-01 6.817988097613297827e-01 9.204588323614626422e-01 3.833076419236492449e-01 0.000000000000000000e+00 3.425601431329596686e-02 7.506772992894567009e-01 9.986474562218071727e-01 1.000000000000000000e+00 9.992074872186250678e-01 3.171654952627812885e-02 7.068787720899394333e-01 2.355917795390220781e-02 0.000000000000000000e+00 0.000000000000000000e+00 7.352714192049879527e-01 2.626702638397907311e-02 9.964972702390781922e-01 7.809338756099276635e-01 2.973579742289469974e-01 8.120511237717913389e-01 2.662444499183766466e-01 1.000000000000000000e+00 4.600000000000000000e+02 2.637139482209176489e+00
9.857698026858005003e-01 9.613526382343626775e-01 2.629201234216086425e-01 1.465325157238917264e-01 5.938493328669212090e-01 5.437772043313884307e-01 9.875853709702404892e-02 6.438819153597694633e-01 2.456485812954378178e-01 4.954313606535820647e-01 7.532136839100073145e-01 2.007806791516433820e-01 6.770604635598006515e-01 9.170099948529484291e-01 9.439797729509792346e-01 5.954496012725223331e-01 6.575288452525988037e-01 1.000000000000000000e+00 8.010565352608537415e-01 8.780569655014812680e-01 8.081301200139345831e-01 9.956885515160637246e-01 3.506270304038094920e-01 1.960956785081279519e-01 9.486556960254431958e-01 5.414867417260366134e-01 9.660733956561929903e-01 3.997961427580211669e-01 6.111049680287062857e-01 5.211591798996926261e-01 8.288760537734011224e-01 1.000000000000000000e+00 5.700000000000000000e+02 1.730749802840383156e+00
8.784800360718804380e-03 9.971651881913895510e-01 3.459758006683799070e-01 1.000000000000000000e+00 2.134454271665542080e-01 5.832936194219229264e-01 0.000000000000000000e+00 1.913559223783704299e-01 0.000000000000000000e+00 1.933676489968143009e-01 6.681230059046948666e-01 5.591864372154823348e-01 1.000000000000000000e+00 7.541423840817976787e-01 8.568859987601773476e-02 0.000000000000000000e+00 9.989190453404123149e-01 2.540118407003157386e-01 9.268062353378808682e-01 8.146049345237518086e-03 1.444672433827129121e-01 0.000000000000000000e+00 9.972991301749936088e-01 5.283263799543713030e-02 1.000000000000000000e+00 2.306109248087611918e-01 8.497588939141590414e-01 0.000000000000000000e+00 4.020589740098877429e-02 1.341734045363159739e-02 3.575640771744841295e-01 1.000000000000000000e+00 3.840000000000000000e+02 2.907236019079235678e+00
8.761870142160322894e-01 9.991845729570417722e-01 3.281088876686610867e-01 5.017006012348180777e-01 9.352993133757608879e-01 9.830874611442277367e-01 7.534223063625547501e-02 6.033908873541838913e-01 4.812750677114443487e-01 5.826424558652658625e-01 6.472817174667248041e-01 9.314183700048010994e-01 8.375554436328584984e-01 8.684824081730294631e-01 6.680151750746371464e-01 8.188700334351490806e-01 9.647312539658131625e-01 1.000000000000000000e+00 1.569342839254727340e-01 0.000000000000000000e+00 1.689365447203342863e-01 7.232534407762823969e-01 6.834056900853705541e-01 2.949913927094636058e-03 9.980940428474983639e-01 7.848174132167463624e-01 7.234878498160698390e-01 7.236622586011783875e-01 3.682752277248196315e-01 5.538599939183753706e-01 6.917265355780956027e-01 5.687247508598975571e-02 5.480000000000000000e+02 2.028925135779002797e+00
1.000000000000000000e+00 1.000000000000000000e+00 2.028129407509098592e-01 9.359775380059086325e-02 9.899643873633687807e-01 8.311240205315911789e-02 3.118811725127777490e-01 4.069911404193573001e-01 1.653974829045192496e-01 9.921845024150862669e-01 7.960943668135931350e-01 1.000000000000000000e+00 9.270783845299652715e-01 7.644916123858167545e-01 9.998160194174000592e-01 8.161520697388927603e-01 9.921695366756656531e-01 5.462228193988595271e-01 1.000000000000000000e+00 8.478994625025363385e-01 9.666994677945537351e-01 4.896935621856869925e-01 2.277941543396504176e-01 7.371349456814243473e-01 9.999487924773331482e-01 2.875482012315871416e-01 1.000000000000000000e+00 6.809325310486469274e-02 4.952821882211569382e-01 8.394432827127952246e-01 2.516970733071636768e-01 9.968964788245660014e-01 6.200000000000000000e+02 1.655783144632975157e+00
6.801689811066120583e-01 4.479417093754369250e-01 5.274947033649755035e-01 1.593947391042401796e-01 5.176710270635889177e-01 5.260003725523773044e-01 6.977546082933762384e-02 1.882542381087724537e-01 6.431339023776537767e-01 5.698373709408629528e-01 9.990411085880219755e-01 7.306101480153925909e-01 1.062953104483529698e-01 5.160904024247083832e-01 1.000000000000000000e+00 9.467830206742714472e-01 2.378022247460820082e-01 9.061309055304130888e-01 8.013955122565029621e-01 5.020740208220044742e-01 4.912049060330586636e-01 9.998079225513309964e-01 6.963914020477721123e-02 7.710344750764257515e-01 4.795428970198759022e-01 9.995627139633617153e-01 1.000000000000000000e+00 4.685182635909443394e-01 3.118471059167960968e-01 3.091979433181420434e-01 2.099270645126105339e-01 5.841585165290767989e-01 4.340000000000000000e+02 2.249987369113498392e+00
7.901673662532797682e-01 9.470577042137189316e-01 5.066034459812576163e-01 8.464093059168953381e-02 9.004334094992226534e-02 1.993283383732301905e-01 2.789106697701158044e-01 3.733610154002493520e-01 9.127332644219825486e-01 6.686998760209585946e-01 5.305190500765403216e-01 4.968909178829025164e-01 9.165159814345807954e-01 2.900445918512179477e-01 3.330411660944227470e-01 7.829423907873194199e-01 9.629334582492076189e-01 6.279241059136330128e-01 7.558684824102304134e-01 6.798094177937251681e-01 7.912429042935970047e-01 7.620257122493632185e-01 6.340365868747512845e-01 2.251537569735247157e-01 8.307912898870739582e-01 8.348486689151207729e-01 9.121941262167683473e-02 2.678957475686757350e-01 1.172518355449194000e-01 4.869930546551156092e-01 3.099283822196545191e-01 9.977905497027937942e-01 4.380000000000000000e+02 2.099444318135579302e+00
1.000000000000000000e+00 1.000000000000000000e+00 4.764601424456673118e-01 2.376790625027783987e-01 9.281383862702624610e-01 5.921169002781004886e-01 3.457944286414409985e-01 4.600167633185073823e-01 7.806696524597136477e-01 8.345569252557014650e-01 1.000000000000000000e+00 8.480509130615772051e-01 8.961642555433776414e-01 9.988115783388190616e-01 6.215064753584461643e-01 9.096866820361412254e-01 9.317228696553250256e-01 9.863516369284199836e-01 6.456530036228944613e-01 1.000000000000000000e+00 9.988793266158162432e-01 8.766521934896579493e-01 8.061111058639872651e-01 2.773762078489633853e-01 9.979907698849583841e-01 1.000000000000000000e+00 9.402405144695521466e-01 8.531405125176700910e-01 6.577396700058885104e-01 6.137334524598837548e-01 2.505658243013195174e-01 1.000000000000000000e+00 7.600000000000000000e+02 1.248721928066677478e+00
7.207979907977165590e-01 9.960345596783964917e-01 4.149472590419419626e-01 2.991251777311625393e-01 9.999999705448038290e-01 4.459843902054791420e-01 5.479132547001738449e-03 8.530125537135472280e-01 8.986697009650298495e-01 1.000000000000000000e+00 6.570349517742019030e-01 8.007205501031414707e-01 6.500712390956051578e-01 4.247858336883301167e-01 5.882177376264601243e-01 1.000000000000000000e+00 5.314993146784751099e-01 7.833715746495512056e-01 9.515451353523195488e-01 9.782695014591797911e-01 1.000000000000000000e+00 7.423121851353792211e-01 5.281381881496256536e-01 9.136019046036505387e-01 9.349545330134858556e-01 7.602078820140013571e-01 4.385043674630220538e-03 1.000000000000000000e+00 3.102276248271619297e-01 7.617346858134060872e-01 2.328117950694452987e-01 5.598299689314193417e-01 6.000000000000000000e+02 1.724556069625051480e+00
7.597267596611529950e-01 7.603612348033680357e-01 5.303803301109857316e-01 3.762232847687697612e-01 8.333755494628340699e-02 1.592797504315138502e-01 2.570154736774501666e-02 4.435606245167764139e-01 7.481657701666668547e-01 6.345472033058375816e-01 8.929786409744671083e-01 2.504123817716570888e-01 9.469308080586056331e-01 9.556856260596091612e-01 2.638299154373431321e-01 9.339217978521913155e-01 9.961567295094725383e-01 2.525990175652862435e-01 8.407267269637704876e-01 8.569315790274246725e-01 9.247599176875890281e-01 3.450772811584943978e-01 2.597196705045834997e-01 8.188843945939031643e-01 6.657920404525511371e-01 3.487686071671890486e-01 3.405051969658326461e-01 6.675840528603727009e-01 4.637282424325967489e-01 6.138991364467500933e-01 8.632015645358749600e-02 9.781092291059307886e-01 4.960000000000000000e+02 2.102318786852287236e+00
8.400244173640798451e-01 9.999785023321829946e-01 5.430343870784221094e-01 5.521595551372421307e-01 6.069726319720258889e-01 2.695917940801493273e-01 3.954080748200541340e-01 2.603084223316877721e-01 4.820928116328939694e-01 8.322205214251280347e-01 9.509233222576781719e-01 1.000000000000000000e+00 9.685287899079082496e-01 1.372301189967744528e-01 5.804278961960789018e-02 5.457205480468081404e-01 1.000000000000000000e+00 1.000000000000000000e+00 9.862976186016501057e-01 9.036123030710075943e-01 1.000000000000000000e+00 7.959253935774340816e-01 6.794823094820382492e-01 6.535581409517348117e-01 9.923253274438178506e-01 8.333734140386594991e-02 9.398098102089369466e-01 6.794849114900323173e-01 7.308034839039800890e-02 4.027003329691883349e-01 3.805210172181324735e-01 9.243453402167146615e-01 5.920000000000000000e+02 1.809865195662887061e+00
1.000000000000000000e+00 9.991785870119821444e-01 3.331995631154913151e-01 1.456424046829557784e-01 1.000000000000000000e+00 6.631362076920868098e-01 0.000000000000000000e+00 6.991093826835381719e-01 6.626070346089435459e-01 9.969422823447786630e-01 6.819115792931645936e-01 9.999806000466932021e-01 9.630797899838898779e-01 1.000000000000000000e+00 1.000000000000000000e+00 7.582331511595404860e-01 6.387251922726986386e-01 3.858829173209727958e-01 3.888681053454648984e-01 9.749754682389427662e-01 3.398973209362011749e-01 9.457911818811808313e-01 7.973871633095177547e-01 1.178830070002399866e-01 1.000000000000000000e+00 9.997447389574146692e-01 9.448260757597948256e-01 1.815043356186115953e-01 6.666880101453693808e-01 3.192259451293371630e-01 5.241008891159549821e-01 1.000000000000000000e+00 6.120000000000000000e+02 1.708422576056586095e+00
2.808003314301661391e-01 9.303969049799883928e-01 4.272297029174931815e-01 1.072411514292096217e-03 5.100797914801624700e-01 7.116323264327608644e-01 1.786148147454431033e-04 4.891226501263763460e-01 9.976316495959853814e-01 5.001375736104322067e-01 7.101478993479117818e-01 3.074057879978605023e-01 5.220739666435392223e-01 5.723584722544853287e-01 7.529778101218036479e-01 9.477375644581014225e-01 9.984069708178437974e-01 8.343269680874292327e-01 4.634670108087740603e-01 8.099144243078991723e-01 6.364836297664510090e-01 3.567506052481337342e-01 7.975138330942536102e-01 6.019556217830412947e-01 8.362976497686208655e-01 8.058487854318466814e-01 4.883920730567035129e-01 1.000000000000000000e+00 9.977191558791564940e-01 8.506977213232061116e-04 3.063570179526124426e-01 5.900015022342297577e-01 5.100000000000000000e+02 1.990558184999408065e+00
5.698480647205492744e-01 9.990311032401593128e-01 1.419159051976359720e-01 5.325138390305835800e-01 9.865391341909907075e-01 8.654552458112890756e-01 1.501214337705898683e-01 6.333578873997656178e-01 9.268903616338726170e-01 4.916404654125581253e-01 1.000000000000000000e+00 1.000000000000000000e+00 9.895272080268744386e-01 9.598420772307256765e-01 3.155749730689372257e-01 9.999450694058964473e-01 1.000000000000000000e+00 1.000000000000000000e+00 6.665589440757025974e-01 9.960552630259047469e-01 6.700483206915114343e-01 8.856766495901633451e-01 2.931770137727788827e-01 9.956108097105339505e-01 7.638106943309181940e-01 6.151659124689972113e-01 7.727610010793528605e-01 8.440097379148473467e-01 1.372020965689004501e-01 3.618878066915737213e-01 9.248472531973627175e-01 8.492271544434863983e-01 6.820000000000000000e+02 1.638048015170627147e+00
9.969553571400451286e-01 9.941397482788956186e-01 2.392119178984942965e-08 6.630919253713775108e-01 4.965408096208366873e-01 1.059982974679754900e-02 1.576127550592422433e-02 5.468095759699930225e-01 8.246884571946593301e-01 6.504487530372215533e-03 9.831970089695980519e-01 9.949369217044639058e-01 9.915378437634662090e-01 4.318420644848736112e-01 9.058501453202778553e-01 9.992132086407961022e-01 6.168544967558308167e-01 1.000000000000000000e+00 9.988575919161767347e-01 1.000000000000000000e+00 5.465921009781734563e-01 1.000000000000000000e+00 9.774874590713260591e-01 6.865100732746365342e-01 1.000000000000000000e+00 8.805808838750279754e-01 1.000000000000000000e+00 2.923048399353374016e-01 1.861584719676797617e-01 3.716614213322668170e-01 2.950900805765983570e-01 8.028447072957840547e-01 6.460000000000000000e+02 1.600765732659233942e+00
1.000000000000000000e+00 9.977408443731229370e-01 9.123490839116776829e-01 6.926414197915355953e-01 2.719552785396535666e-01 5.020863845766757594e-01 4.754443982773561839e-01 7.241376211279606512e-01 9.999004916145786126e-01 7.885455608452499598e-01 7.961727182808531200e-01 7.983204468174603941e-01 1.719036810902279666e-01 9.999650935364742255e-01 7.206032297359385996e-01 1.000000000000000000e+00 8.795267130879553807e-01 1.000000000000000000e+00 3.665038477226945646e-01 9.992635539995032845e-01 7.564431652979484166e-01 6.725179366543172499e-01 5.615693178508340822e-01 3.465082029834359312e-01 1.000000000000000000e+00 8.726223752603219364e-01 9.940586412858652965e-01 6.381292997976406589e-01 4.138619393383240475e-01 6.457458713458577027e-01 3.997508081923375478e-01 9.996245231424669697e-01 6.260000000000000000e+02 1.522062592757375654e+00
9.894959995551075860e-01 8.188279102470241710e-01 1.000000000000000000e+00 6.681502708164536314e-03 9.994840621988595464e-01 6.774963897391396150e-01 0.000000000000000000e+00 9.765071180217712588e-01 1.000000000000000000e+00 2.648451571215877931e-01 3.096487819710885825e-01 9.943121708174454954e-01 9.532267888116949806e-01 4.811435327095072712e-01 5.246049670598747910e-02 6.631122083042618742e-01 6.903758966328733537e-01 1.000000000000000000e+00 6.834324418271249257e-01 7.684170924697230065e-01 3.156939636030318685e-01 5.038390503156289224e-01 9.812561594318653935e-01 9.739933819449594354e-01 4.235491668354396944e-01 3.700938729516733416e-01 1.604476139308771976e-01 8.860597884451707484e-01 9.993106305625156782e-01 3.314658062504752083e-03 4.065016407227906581e-01 1.599275700086628602e-02 5.560000000000000000e+02 2.209513486895644974e+00
3.458120464737935995e-01 9.058646755853004828e-01 6.695329251442446727e-01 8.419994089612792276e-01 6.643241206870176274e-02 5.871840815707144445e-01 3.769780699510821287e-01 5.287534095049117866e-01 7.834755931157937336e-01 9.361511325692775110e-01 2.783015750326546800e-01 2.257089957851800971e-02 7.461458713569263379e-01 6.380791947151840393e-01 6.574990735586030421e-01 5.050282632264846416e-01 9.953547189117682992e-01 9.874794531634936146e-01 9.223710920958575477e-01 5.424633376619405478e-01 7.923084306559134982e-01 9.918838718169755708e-01 1.000000000000000000e+00 8.722884708092391026e-01 7.114873754752315538e-01 9.537955091871185287e-01 1.077011268638650987e-01 2.570091355735271699e-01 5.364811433455795031e-01 5.240270837585301322e-01 5.630943272983537362e-01 1.330120818716672426e-01 5.120000000000000000e+02 2.119908234567352778e+00
6.828398482904702860e-01 7.736516292800779127e-01 3.208176224559759482e-01 2.485422704536590643e-01 2.928644079243040710e-01 5.709265219414136894e-01 8.028434752187805223e-01 3.136705735098671566e-01 4.927889390411767101e-01 6.122853524874186659e-01 6.810968847189620146e-01 9.360187543360010132e-01 7.849883373335340142e-01 4.935743836690074660e-01 7.580496828118471475e-01 8.771188098255714438e-01 4.293677201241956620e-01 5.955025051963586114e-01 1.000000000000000000e+00 4.177681388739988289e-01 9.293631399926071124e-01 8.491839299027877930e-01 9.999959692279154488e-01 8.241287165492185984e-01 1.000000000000000000e+00 4.851922059199684223e-01 1.000000000000000000e+00 4.110805196529608574e-02 3.384479905693139057e-01 6.600791697439323258e-01 6.193897826362285697e-01 2.440372216851809661e-01 5.300000000000000000e+02 1.852684009436405210e+00
9.999992006163405112e-01 1.000000000000000000e+00 9.396226620850968159e-01 4.838781817177558731e-01 1.485756082773949383e-01 8.920404497347009798e-01 6.533704945020746280e-01 6.052071987530915909e-01 9.942021845595583329e-01 8.433223046433337977e-01 1.000000000000000000e+00 1.737157868289735119e-01 2.446712926885115658e-01 6.506755597706919136e-01 7.906233805654425684e-01 1.000000000000000000e+00 8.646940607417489266e-01 1.000000000000000000e+00 9.440699191267281076e-01 8.735279778030653475e-01 9.977503661279594205e-01 9.013171924663840873e-01 9.991075052460340888e-01 5.797860276557808001e-01 1.000000000000000000e+00 9.331002422062716350e-01 7.584021345864474517e-01 4.411642634496974469e-01 2.526673994087953387e-02 5.275530601680470388e-01 4.739390122265188521e-01 9.362375191492442461e-01 7.060000000000000000e+02 1.462895938328334422e+00
3.883673633812465692e-02 5.223107157534582212e-01 7.925937674856233794e-01 0.000000000000000000e+00 0.000000000000000000e+00 9.370637562312001956e-01 3.465061682455988779e-02 8.762232171924985158e-01 9.509713344878781838e-01 0.000000000000000000e+00 4.731712457741375777e-02 7.758277343259750714e-01 6.407662641691860839e-02 0.000000000000000000e+00 1.035778622122158696e-03 9.924384761222623252e-01 3.861075116615407254e-01 7.912652077942406992e-01 4.573051224141029270e-01 1.000000000000000000e+00 3.368365559035981227e-01 6.015716798092674011e-01 9.999983752880086119e-01 0.000000000000000000e+00 7.426514052172744629e-01 0.000000000000000000e+00 2.144633767994433976e-02 2.438669046921667083e-01 9.999999954251862500e-01 1.023744151878193008e-03 1.000000000000000000e+00 9.491535469141465509e-01 4.220000000000000000e+02 2.824066363901331922e+00
8.606518963731519811e-01 1.000000000000000000e+00 4.793189447163454520e-01 4.318068644724991634e-01 7.108959290362523165e-01 0.000000000000000000e+00 2.268639224642861330e-01 1.178503347634820425e-01 1.234176469436316925e-02 8.143364316204637632e-01 7.586916952059993280e-01 9.964734279870254285e-01 7.862471844973792923e-01 6.985561175711834103e-01 7.680733016708763961e-01 9.992345461412099894e-01 2.453025767290559767e-01 9.839732393826664536e-01 1.000000000000000000e+00 4.833047292488190094e-01 9.999999987585590500e-01 7.462130963671359529e-01 1.000000000000000000e+00 7.765478385769516434e-01 8.931174657793937710e-01 4.466475473916823313e-01 7.225207086007421342e-01 9.857596207051790016e-02 4.766834228952350205e-01 7.245930176932485756e-01 2.696952129098378337e-01 1.000000000000000000e+00 5.560000000000000000e+02 1.717558176555330718e+00
4.235039895301764834e-01 8.073458658045914449e-01 2.599862537411531949e-01 2.583927555816907806e-01 7.312302183700717384e-01 2.236552037066009413e-01 6.097006856933216978e-01 6.605227865613095828e-01 7.943248255512856959e-01 5.305114976249829528e-01 8.649550692270551178e-01 3.882405438923618446e-01 9.869259942241134231e-01 4.855302226422132938e-01 1.279375453765393966e-01 9.031943116553899920e-01 5.802469699676213732e-01 1.000000000000000000e+00 4.525679245736276002e-01 8.603655541758618019e-01 9.989708930945127019e-01 9.384044551239668630e-01 6.535449253488475607e-01 1.526717143519645652e-02 8.522927192888242187e-01 4.119002079578167330e-01 9.443294895549216861e-01 5.384962770168066903e-02 9.340785198655346955e-01 1.000000000000000000e+00 6.325120341566311533e-01 4.488590213157314102e-01 5.580000000000000000e+02 1.911494394938151098e+00
6.778213290825266801e-01 9.837881753498639581e-01 2.151644645815026236e-01 1.259925449237718487e-01 3.464446826151279524e-01 4.846207492570206443e-01 3.346887796709732688e-01 8.688388896463797861e-01 6.436264954770416491e-01 7.000048889251903050e-01 6.649398271775741609e-01 9.665747778614915964e-01 4.677181083437451647e-01 7.689836192174775986e-01 5.920563146504191909e-01 9.685759769951177711e-01 9.829610317211306958e-01 7.607084976749975969e-01 8.561427283106870512e-01 7.459069845006907062e-01 9.888219116109574491e-01 4.274051005796613012e-01 9.692424753211602573e-01 3.073980021414329800e-01 9.426035602606087638e-01 9.529771009663521308e-01 9.319405674168402820e-01 9.016625835983530513e-01 1.969317265843999187e-01 6.790003903109410599e-01 4.284082028572007705e-01 7.738370498887209292e-01 5.880000000000000000e+02 1.638493474324544286e+00
1.000000000000000000e+00 1.000000000000000000e+00 2.298567017231170628e-01 3.852732085928878281e-01 6.017550346128739402e-01 7.607079994698211500e-01 8.780395811345954871e-02 3.775302863355698979e-01 3.406055004531797770e-01 6.456926136666922833e-01 5.887363902561112416e-01 5.650447305860959446e-01 8.888255475114626991e-01 2.203383142968196595e-01 9.067439138364207082e-04 1.000000000000000000e+00 8.121082429609852160e-02 1.000000000000000000e+00 9.914848761853000125e-01 1.000000000000000000e+00 1.700308619894123630e-01 5.448375720364855290e-01 0.000000000000000000e+00 4.700764236654042527e-01 7.946267144890483136e-01 1.374013188832095556e-01 3.408489490316292114e-01 7.724624940671304119e-01 9.149402552763583607e-01 7.841692809951980037e-01 1.833603707979186981e-01 1.848108696261896167e-01 4.240000000000000000e+02 2.524443435668945579e+00
8.825155794589820690e-01 9.980908179855203510e-01 6.759393028352386201e-01 3.978202265457152498e-01 7.218654134101186726e-01 9.999066715197535427e-01 7.182050284869410106e-01 3.911510442083378503e-01 7.743113973415467477e-01 2.075953560008344503e-05 9.209100669360261726e-01 6.245335081766636431e-01 7.409783099264631856e-01 8.844040297140668416e-01 9.276763039691769963e-01 9.999999998296154047e-01 1.000000000000000000e+00 1.000000000000000000e+00 1.000000000000000000e+00 8.718986923468331485e-01 1.000000000000000000e+00 8.724846516004858277e-01 8.556276229970336544e-01 0.000000000000000000e+00 1.000000000000000000e+00 5.578544509496511372e-01 1.000000000000000000e+00 4.771861696773216921e-01 1.737214135513895918e-01 9.999999999728566014e-01 4.007508904939013350e-01 9.807084005805257743e-01 7.100000000000000000e+02 1.438058062962123351e+00
5.602871698574973802e-01 1.000000000000000000e+00 6.920925753232507471e-01 9.332626846693442557e-02 6.098460272712649122e-01 6.996691930948466531e-01 4.062774416070450423e-01 9.274744410380347803e-01 9.469750198193115365e-01 9.293077878925461999e-01 1.000000000000000000e+00 1.000000000000000000e+00 4.101779458049497618e-01 8.570948127330629829e-01 4.762463025222491986e-01 1.000000000000000000e+00 8.655350437772866279e-01 7.079732651758076090e-01 6.478032960648153482e-01 1.000000000000000000e+00 6.650993917345221496e-01 8.775043682100833742e-01 7.050018129198267758e-01 5.977307303598253796e-01 1.000000000000000000e+00 9.999444998157556164e-01 9.921015051645828420e-01 5.579621226331343831e-01 5.443906372656303061e-01 9.484513591932282051e-01 1.253262315045024222e-01 9.999923902568912393e-01 6.840000000000000000e+02 1.449496777852376184e+00
3.512084990834135056e-01 9.643779539311917448e-01 5.895949342932690351e-01 4.444600716152255493e-01 2.027554856653558668e-01 5.905378104545856432e-01 4.101668482365672386e-02 4.825111774406403709e-01 3.862833641516673078e-01 5.237241091075021115e-01 9.082768855148692921e-01 7.262031157651067659e-01 7.342187553799454092e-01 9.899773722979438029e-01 2.130518777259484409e-01 6.446503016282566501e-01 5.227601222249494278e-02 8.751049013207758964e-01 9.255937224178517608e-01 4.182118613253997808e-01 5.127561358169824279e-01 8.961076151803033518e-01 5.945299930955869616e-01 7.159609494162876286e-01 6.122386353066728848e-01 3.744943628459708740e-01 5.946697099509885565e-01 4.276638234866241839e-01 7.083637997994631785e-01 5.584924713819433562e-01 5.255275574529755245e-01 7.705736678779766535e-01 4.240000000000000000e+02 2.096957348554562284e+00
5.271677318036562809e-01 1.000000000000000000e+00 5.571046734164222247e-01 5.010925229069460073e-04 8.181265589459151277e-01 7.869724432264790792e-01 5.102215760737848216e-01 6.152474022728650072e-01 4.234372505755468197e-01 8.252944999701661288e-01 9.963218924204544358e-01 6.564182060308718647e-01 1.000000000000000000e+00 9.998393691971274588e-01 9.985726482556875894e-01 1.000000000000000000e+00 9.999955998287796133e-01 6.267600423614219096e-01 8.296278792940878777e-01 1.000000000000000000e+00 9.999296693570417505e-01 6.358305083206533537e-01 2.026196478317028871e-01 3.651105751910735386e-01 9.452075088878760800e-01 1.000000000000000000e+00 9.990616166400067000e-01 9.752751791608568199e-01 3.295316951277767470e-01 9.846633520573436771e-01 2.919540910738321893e-01 9.999971948200101490e-01 7.060000000000000000e+02 1.463074121021088914e+00
4.418235116935302909e-01 9.918647430025673284e-01 6.761828070637303512e-01 3.390042198504588100e-01 2.504010871983263636e-02 9.767003380755553410e-01 1.278663772767864304e-01 5.436175144971792106e-01 0.000000000000000000e+00 2.518569835807865642e-01 9.973689979591616739e-01 8.579930193316379627e-01 8.225596184793475540e-01 9.591698184427565055e-01 6.606663330438274917e-01 1.000000000000000000e+00 1.000000000000000000e+00 1.000000000000000000e+00 9.999867467217991024e-01 9.016883715448179570e-01 6.339565948635604853e-01 9.999999818841256438e-01 9.296537341508709362e-01 1.000000000000000000e+00 1.000000000000000000e+00 6.502044121106275165e-01 8.906623319149734597e-01 8.333563726706614272e-01 7.732866864790484129e-01 1.000000000000000000e+00 5.596699073710140193e-02 9.058589576398980991e-01 7.200000000000000000e+02 1.515480584364670813e+00
1.000000000000000000e+00 9.056765362683576459e-01 3.035760278805411105e-01 9.116989458459613394e-01 3.389126263456895272e-01 4.411445255395486376e-01 8.142906210168485703e-01 8.706706276614778472e-01 2.730568147085272734e-01 9.770245026189050552e-01 6.532443363555116012e-01 1.000000000000000000e+00 5.337169723748935724e-01 6.683859095842766829e-01 7.971318104998088572e-01 1.000000000000000000e+00 9.839843597482336168e-01 1.000000000000000000e+00 9.985456494284198348e-01 1.000000000000000000e+00 1.000000000000000000e+00 8.140381003686008032e-01 7.107137321827327048e-01 0.000000000000000000e+00 4.605045889446296448e-01 3.673247534661215341e-01 1.000000000000000000e+00 6.204663426892402800e-01 6.144211048126020369e-01 8.065870272957439413e-01 2.566042078957299077e-01 9.999999805249800700e-01 6.860000000000000000e+02 1.435786899990505683e+00
0.000000000000000000e+00 6.444014715888656264e-01 5.787753701595740319e-01 7.087279860470644399e-01 1.000000000000000000e+00 6.975461801914972781e-01 3.009611442720369623e-02 2.096749663928058061e-01 9.972948116141095998e-01 8.100848442739222444e-01 8.123590791823568358e-01 1.655917410879273188e-01 9.999341453993414452e-01 8.762715815008248477e-01 1.616273679125942442e-01 9.999994651616945784e-01 1.388695533011023719e-01 8.999353483041717672e-01 8.079509582510132626e-01 4.741516093591539027e-01 6.391034822847764252e-01 7.489394808557063854e-01 1.573639679971974500e-02 2.034900075240760886e-01 4.853218529598030129e-01 4.439731706350008023e-01 6.145313330128971963e-01 7.665772774562176206e-01 5.321793621398128726e-01 3.253287234685576235e-01 2.904758481300620532e-01 9.998392595798676341e-01 5.000000000000000000e+02 2.300190671284993105e+00
9.999641015554612267e-01 9.823726695529459985e-01 6.480765719895661414e-01 3.500967650109405582e-01 2.176547832505707214e-01 6.540545508378351469e-01 6.952544325314476137e-02 6.151763333698585523e-01 3.214015049991575390e-02 7.844856906526477269e-01 8.227045952154167230e-01 2.065915197114878421e-01 7.856396508474521312e-01 9.906400130696400019e-01 4.285992414782957560e-01 6.327955930182100897e-01 9.579446897954417839e-01 9.994121904089030561e-01 8.027263616838319349e-01 9.999997376708273933e-01 2.243884774050341480e-01 9.987973241248552236e-01 9.999998278064542445e-01 5.872600535773080388e-01 4.674580155230698697e-01 6.266035375542187147e-01 9.149655997029815246e-01 4.971646027065061424e-01 8.485443900944517059e-01 1.000000000000000000e+00 2.548937046101215631e-01 9.999160573648242512e-01 6.160000000000000000e+02 1.646189378809045811e+00
8.090582030020121440e-01 2.658036950846210389e-01 2.291725868967745550e-01 6.451140527391013846e-01 7.584434396437613746e-01 9.118024752112792175e-01 5.191712799668820599e-01 5.953311581142706199e-01 1.583643039474338376e-01 8.919776824591088005e-01 9.990758863424537006e-01 9.993295358195555256e-01 5.391761045353248294e-01 9.992312008570173321e-01 1.768041416424309675e-01 9.967620092116721287e-01 6.433258363115220702e-01 9.828791194542093601e-01 8.848540305310617082e-01 4.320557079918682652e-01 6.392746406259780523e-01 1.000000000000000000e+00 5.230043870364512459e-01 8.004779506964773139e-01 9.161863945251519370e-01 8.500262717775547427e-01 9.999920715369404745e-01 2.452904606982487801e-01 1.837453052622599059e-01 9.073114062402144464e-01 8.456893010916436415e-01 4.520196264913369788e-01 6.420000000000000000e+02 1.881292343139648438e+00
1.000000000000000000e+00 9.554790474478487283e-01 6.063839055162916214e-01 5.412196778462399216e-01 3.674825721157119474e-01 2.525137794438192529e-01 1.309929059949974661e-01 9.922328422745824161e-01 7.711996970252136263e-01 9.448914211556772580e-01 9.965148977318873946e-01 1.000000000000000000e+00 7.885633973030481414e-01 8.079566890093609066e-01 6.162660121249831091e-01 4.006514235223644360e-01 9.046039364361249113e-01 1.092770917635811773e-01 8.960872357266155275e-01 4.892505847169276723e-01 7.810156221038182522e-01 7.693216272514730170e-01 2.150359859796094619e-01 1.186235683739155361e-01 8.560785285934415789e-01 9.950952431484705318e-01 5.115731053862212496e-01 8.696898664760246422e-01 2.828545091416923563e-01 3.704689326948811257e-01 3.620826043580718245e-01 3.097942110850482877e-01 5.460000000000000000e+02 1.931839269002278536e+00
6.321233409043470752e-01 9.914926533891182947e-01 4.928226630021819710e-01 3.572520650867226921e-01 7.177796185431348785e-01 3.262304165336458173e-01 5.522507833981308289e-01 7.055252852571620714e-01 4.336987448045552251e-01 9.999999857767614131e-01 5.052939097936633983e-01 5.554245554580844457e-01 8.971838892043105806e-01 1.000000000000000000e+00 9.854034159671072324e-01 1.000000000000000000e+00 3.350133617261169539e-01 9.400387156040546088e-01 6.820729003041882121e-01 7.145558107671813319e-01 3.464963756800964467e-01 7.154749263350000943e-01 5.739704257332017834e-01 6.228451034322083357e-01 7.580867208319256312e-01 5.213587246806625775e-01 9.907165745931264533e-01 2.106917708631016531e-03 7.905853781790612711e-01 8.922553059850101276e-01 3.429103365214866694e-01 7.709408240045608762e-01 5.260000000000000000e+02 1.763913223708885480e+00
9.102367109389284394e-01 1.000000000000000000e+00 8.500171826323955626e-01 9.991773537141758199e-01 5.320854561005796679e-01 4.409810911275331424e-01 2.617238172124769502e-01 8.564444762777237985e-01 5.953147082330455531e-01 7.189498820499964360e-01 2.730044732023113596e-01 5.820676317866447791e-01 5.594930612597363018e-01 8.537834085560919162e-01 9.891451707280868311e-01 9.981970778145522472e-01 9.701094376679653131e-01 1.000000000000000000e+00 1.000000000000000000e+00 9.882890251974143503e-01 5.775745833957462994e-01 1.000000000000000000e+00 2.690995478914602890e-01 4.418688402539397257e-03 9.583978607819109152e-01 1.000000000000000000e+00 1.000000000000000000e+00 9.016419612078775403e-01 0.000000000000000000e+00 1.000000000000000000e+00 2.466246306914156028e-01 1.000000000000000000e+00 6.920000000000000000e+02 1.578329443320249936e+00
7.265638912137269978e-01 2.016449978825212708e-01 5.452800360675468493e-03 9.695179547227696926e-01 9.810091315326048278e-01 2.486006489614431547e-01 3.065169114238425196e-01 5.111621094017180233e-01 5.401367841145880977e-01 1.000000000000000000e+00 6.445955203424107438e-01 0.000000000000000000e+00 1.000000000000000000e+00 9.983936259423286108e-01 5.191033824481289249e-02 1.000000000000000000e+00 4.200322387683291358e-07 3.883635794095475768e-01 1.000000000000000000e+00 1.000000000000000000e+00 1.987596546976117792e-08 5.834538677156517750e-01 0.000000000000000000e+00 8.784852541742783419e-08 6.996243700675801591e-01 7.041808343886667432e-01 5.064904526125706408e-01 4.869951859769557911e-01 6.044109707987604940e-01 0.000000000000000000e+00 4.088222521533001474e-01 8.868390717302334636e-01 4.480000000000000000e+02 2.601251367209614251e+00
6.261360660167085701e-01 9.315659497085855278e-01 4.197599422624765375e-01 1.130244487749393345e-01 5.037303824408755348e-01 2.856996835662264922e-01 4.375266801386867854e-01 6.558310981208375079e-01 3.418699177774435216e-01 9.067334171649950036e-01 7.071632849960575173e-01 9.437100700109773976e-01 9.143449045275789944e-01 7.626694440259962349e-01 8.446946733361545556e-01 6.212597698316615347e-01 7.312030136288301119e-01 9.632670980846889108e-01 1.612996685372067029e-01 9.065165354342161752e-01 2.778516143182908626e-01 2.047637904514236495e-01 2.483458758676723444e-01 4.616815055883679575e-01 7.045208291929141442e-01 3.242931658518193871e-01 5.281024514386566393e-01 3.660302675410810336e-01 2.844101023231119796e-01 7.465913989379368010e-01 2.786095898551408379e-01 5.636960083360531559e-01 4.400000000000000000e+02 2.025075225830077930e+00
4.424621499272639036e-01 1.000000000000000000e+00 7.830712023275750999e-01 2.233635129241325346e-01 8.240493530033274894e-01 5.346160728506543086e-02 1.616936108401703931e-01 7.448167224284777399e-01 3.547126507412438068e-01 9.032295517218604797e-01 5.929903403588647759e-01 8.107422598749892684e-01 1.000000000000000000e+00 1.000000000000000000e+00 2.285696872588393602e-01 9.751477924810979525e-01 3.023886641928297259e-01 1.000000000000000000e+00 9.990559834540365669e-01 6.043106199338283968e-01 7.161609359540901387e-01 7.700143754897592618e-01 6.744406345353234355e-01 1.000000000000000000e+00 7.517043116318435914e-01 4.713513127562598548e-01 8.316163429885816694e-01 4.339694127801199119e-01 6.386861210460468251e-03 1.536711952237081180e-01 9.999990060630908895e-01 5.334474904861534750e-01 5.600000000000000000e+02 1.927439015706380543e+00
9.999852237335462579e-01 5.106941025260903766e-01 4.541282112378462466e-01 6.441352376588160844e-01 7.396396505100699681e-01 8.926815154304952316e-01 2.103173829221439972e-01 1.000000000000000000e+00 8.457310698196058851e-01 1.000000000000000000e+00 7.243549165774759713e-01 2.202860333293431006e-01 9.999136665909308386e-01 8.935089563281574110e-01 9.999999498630406380e-01 9.999994472288608049e-01 1.000000000000000000e+00 9.999906684958600467e-01 9.999635666030523007e-01 8.101495190735036322e-01 9.134416377512865060e-01 1.556250498971142870e-01 5.318351528153391072e-01 7.453238273141999937e-01 9.884376928475496760e-01 9.999447294985083223e-01 9.570859614449555020e-01 6.119355740284306844e-01 4.592953264921568329e-02 4.833792662157765929e-01 2.771009814990799125e-01 9.999989772724432457e-01 7.040000000000000000e+02 1.632383646283830814e+00
5.596882226020363227e-01 4.871134457167499154e-01 3.575897245106490208e-01 4.564610618751049897e-02 2.741695415457207630e-01 0.000000000000000000e+00 1.109739706885208982e-01 4.541347977727246410e-01 0.000000000000000000e+00 9.913185157245919532e-01 3.656363294576380762e-01 1.000000000000000000e+00 1.000000000000000000e+00 6.320454814452549641e-01 3.456033771371062047e-01 9.534507695420911810e-01 5.225225061608427257e-01 2.121729048775616855e-01 1.000000000000000000e+00 1.000000000000000000e+00 1.282751914130485782e-01 6.029182317264371038e-01 0.000000000000000000e+00 5.496453351483220340e-01 2.847564310486511152e-01 0.000000000000000000e+00 1.836469545641229162e-01 0.000000000000000000e+00 8.158181036601283020e-01 3.558448959547050872e-01 9.332932946181082823e-01 9.029304630916855645e-01 4.060000000000000000e+02 2.681182311237721994e+00
6.950992581831946238e-01 9.518410744103653620e-01 8.056243352987889628e-01 4.650559616656135950e-04 5.328002548804153249e-02 8.262651085727416023e-01 2.768397620160494288e-01 0.000000000000000000e+00 0.000000000000000000e+00 1.965166291366925722e-01 4.177595332301786007e-02 9.998828844308542685e-01 1.603050755137609973e-01 2.723213596715117757e-01 1.671418650387117844e-01 3.558987305544895619e-01 1.914959548074756102e-01 9.998335929273854950e-01 1.704258770856531994e-05 1.708543005189541719e-01 2.622150008864209680e-01 8.119323731346274053e-01 6.092686941570640835e-01 0.000000000000000000e+00 0.000000000000000000e+00 0.000000000000000000e+00 3.511689462555073193e-02 7.906267032728349353e-04 3.136625132281947170e-01 2.735881765396230847e-01 4.449387064820811699e-01 6.008913216954187703e-02 2.900000000000000000e+02 3.307783840864132685e+00
1.000000000000000000e+00 0.000000000000000000e+00 5.384158563285604826e-01 8.342100925740524031e-02 6.084846828490150239e-01 4.186508890249595466e-02 1.946024517051899161e-01 3.770303378817650014e-02 0.000000000000000000e+00 0.000000000000000000e+00 3.485257486997345167e-01 9.634517190291199684e-01 1.000000000000000000e+00 1.000000000000000000e+00 2.267909716474605653e-01 2.997148627627089779e-01 4.366566114283512018e-02 8.652941260787645472e-01 0.000000000000000000e+00 0.000000000000000000e+00 4.999968063863096113e-01 9.783942585198418529e-01 5.423366673073698463e-01 0.000000000000000000e+00 1.637256985638940177e-01 7.880081002941279333e-01 0.000000000000000000e+00 1.593612033982508003e-01 5.237158357297005962e-01 3.716945138822291828e-01 9.589635831000092869e-01 9.861046677008672434e-01 3.640000000000000000e+02 2.980741352505154040e+00
7.549557670674470478e-01 1.000000000000000000e+00 4.465182338321663780e-01 4.086114564085882583e-01 7.500580725282514072e-01 1.817246944435857992e-01 0.000000000000000000e+00 5.756367840995467722e-01 4.347415411383083184e-01 9.090393623404714463e-01 1.000000000000000000e+00 9.983576607812993942e-01 7.846585779487402768e-01 8.149355774537443420e-01 4.120866652980118006e-01 6.041982464385612372e-01 5.998214970569768489e-01 9.999999999880075929e-01 7.120026379647584891e-01 7.716572133151106128e-01 7.402169662286677276e-01 9.999281821030784334e-01 2.360210650584368963e-01 3.106494191817330552e-01 1.000000000000000000e+00 8.719404269088173454e-01 1.000000000000000000e+00 7.309083536037499496e-01 1.157076484552906209e-01 2.451992234598741327e-01 2.701650182162315117e-01 6.349076542299857406e-01 5.340000000000000000e+02 1.802024691032640513e+00
1.000000000000000000e+00 3.373647943775419100e-01 6.421432441140576541e-01 1.240915452993996693e-01 2.764153451392517558e-01 2.523500215277274528e-02 6.689675706770141783e-01 2.108642880637809358e-01 2.553831730447760351e-01 9.998292446826989588e-01 1.497226696973595894e-01 4.593278992818248807e-01 9.186121667263623669e-01 9.185469334006184372e-01 4.769005175901313009e-01 8.887660079552623937e-01 9.292865831672033616e-01 6.251512794716264088e-01 6.448775501747922023e-01 7.993252696798069934e-01 8.639774562817215120e-01 9.147531969814486352e-01 2.349980446223872560e-02 1.307489852743130287e-01 5.602595696468323228e-01 8.739924068326865303e-01 6.351111168992841227e-01 7.638896157358977534e-01 1.287022176799241246e-01 2.148197532432344070e-01 3.283101945372440822e-02 9.770456280386581316e-01 4.900000000000000000e+02 2.206316323713823024e+00
8.297509600701882260e-01 1.000000000000000000e+00 1.608909214659452191e-01 3.184673268421755465e-01 3.107795969271700542e-01 1.805772677423825301e-01 3.482735082527781967e-01 2.408909617241370704e-01 2.463831726167714231e-01 7.493341656097868286e-01 8.210906409705602815e-01 5.720824861377605819e-01 7.037160978451236781e-01 1.000000000000000000e+00 6.982637114238641196e-01 1.000000000000000000e+00 4.056413518117099049e-01 5.346742249633296140e-01 9.618045044942103994e-01 1.000000000000000000e+00 1.000000000000000000e+00 2.635067006320660488e-01 6.431607004498011149e-01 8.988811072483781084e-01 7.533799454391978401e-01 6.176246671308176506e-01 9.966020774557947659e-01 3.996199294854655554e-02 2.045140258558921509e-01 4.744347321031177067e-01 8.308955553824801665e-01 7.084073888122423002e-01 5.300000000000000000e+02 1.800019563947405032e+00
7.684281987757836108e-01 1.000000000000000000e+00 8.824335735513477719e-01 8.650890950120406764e-01 3.902363726268797683e-01 4.232137426394422253e-01 7.327505745589225905e-02 9.675778897375457710e-01 6.036476138271608116e-01 1.000000000000000000e+00 1.000000000000000000e+00 9.569628658699197432e-01 6.638531488380758905e-01 1.000000000000000000e+00 9.319281590796659742e-01 9.993692770238439271e-01 5.085349200222508692e-01 1.000000000000000000e+00 9.183059103650352828e-01 8.840359204605765520e-01 6.079676079908923336e-01 9.165200962432785703e-01 9.840067091879970418e-01 5.842972531440251416e-01 1.000000000000000000e+00 9.162927681479977604e-01 9.867027967996920834e-01 9.979220680497389306e-01 9.998179051271003370e-01 9.322374829471751223e-01 7.760583995441133753e-01 7.511982329581803342e-01 7.980000000000000000e+02 1.262090636744643612e+00
6.075672583552779171e-01 3.659972447025647835e-01 1.626113298879509339e-01 1.073296839338958170e-01 3.990361573469241030e-01 2.974712672765758015e-01 4.381983044429298979e-01 9.236942672828418743e-02 5.221665692558215000e-01 1.000000000000000000e+00 5.659052193401351571e-01 7.959562443077902172e-01 8.102683536873662717e-01 6.418106049340003283e-01 5.979110404143758162e-01 9.839575537508018499e-01 6.157428357389699985e-02 9.315569319274448201e-01 7.871585023061156150e-01 4.571005427515941744e-01 4.547440964348432035e-01 4.319192709536063823e-01 2.969158788828625273e-01 2.089311845766440301e-01 8.324564510165045617e-01 4.841943837696311981e-01 6.751389114817003545e-01 6.746120126566129693e-01 2.664260641194486356e-01 9.561254034879627106e-01 3.725182613283118949e-01 6.150776551502146194e-01 4.040000000000000000e+02 2.270738396277794280e+00
1.000000000000000000e+00 9.934518201522007930e-01 6.674840478976585834e-01 4.324213489523028725e-02 9.572578946337144679e-01 3.496856194737249512e-01 2.543168130046064013e-01 8.634380356456384797e-01 4.667312075025452089e-01 2.613993943934173059e-01 1.000000000000000000e+00 7.121913854577855973e-01 8.698172421076745264e-01 9.751609486426935369e-01 0.000000000000000000e+00 1.000000000000000000e+00 5.163420486281944388e-01 9.414347501436912680e-01 7.458029682766408319e-01 1.000000000000000000e+00 1.000000000000000000e+00 5.261035502359606014e-02 8.015213135903708208e-01 7.960487189045360734e-02 7.444583744963939598e-01 9.219999984217456257e-01 8.823433653771062257e-01 7.268101903686823295e-01 2.015027618017537214e-01 2.234545880786070748e-01 1.282867616495163461e-02 5.438503283970620716e-02 5.760000000000000000e+02 2.064198006523980222e+00
8.645230802463136355e-01 9.786532253987980656e-01 2.772807769192273120e-01 1.617473299114417784e-02 5.313418081104348545e-01 8.231458711357327873e-01 1.311891523083767469e-04 5.883073989200648946e-01 7.867273738351046042e-01 9.999999998844618654e-01 9.999699039571400272e-01 7.271496607704062143e-01 1.000000000000000000e+00 1.000000000000000000e+00 1.000000000000000000e+00 9.145822843687003711e-01 8.459028930446969019e-01 1.000000000000000000e+00 9.393497792276284120e-01 6.182740037747770367e-01 9.874532486815812415e-01 9.821060596836372891e-01 9.986547839557209372e-01 8.340337918400533290e-01 9.989222870324646619e-01 6.217719640043496421e-01 9.058175287428218425e-01 4.095850517768350740e-01 9.211372772621863048e-01 5.300534370929295136e-01 5.944894779666003437e-01 4.787019918564623944e-01 7.280000000000000000e+02 1.317709790743314402e+00
1.290414755637298017e-01 9.995760076515990411e-01 4.263494690270735465e-01 9.978575017502040456e-01 8.136505037962163955e-01 0.000000000000000000e+00 2.427446672005912076e-01 9.995326709140449628e-01 9.999487954535942746e-01 9.475124939758632348e-01 9.986824214556483392e-01 3.266666589736832438e-01 8.111025812546835967e-01 1.000000000000000000e+00 5.289458857291383653e-01 1.000000000000000000e+00 7.514106563763325308e-01 9.999959137554911281e-01 2.967626583844712451e-01 1.000000000000000000e+00 6.838786810431919383e-01 9.675500920531523441e-01 7.648302737072993907e-01 9.899197385032617591e-01 1.000000000000000000e+00 8.650986513499784314e-01 5.692041405309483659e-01 4.195208741329231050e-01 9.309917295732174081e-01 9.214918327707560808e-01 3.190985235471796577e-02 9.985814020605240371e-01 7.060000000000000000e+02 1.630641942146496826e+00
9.188270592710637841e-01 1.000000000000000000e+00 3.049427985989306422e-01 1.911053676006155000e-01 5.020238668742359467e-01 8.547992524422375338e-01 3.452491110157396292e-01 9.999999527309185732e-01 1.000000000000000000e+00 9.999999958015708401e-01 6.707251569384795609e-01 8.931325709278294944e-01 1.000000000000000000e+00 6.700748913826664044e-01 7.637745118891254847e-01 1.000000000000000000e+00 9.710292346867893665e-01 1.000000000000000000e+00 3.005653690518258481e-01 2.000864917171424340e-01 4.416414925525228297e-01 8.574533391805524429e-01 4.825919597347781975e-01 1.000000000000000000e+00 2.115440323116767329e-01 9.913810596513302764e-01 5.861927986826560577e-01 4.719911685512843680e-01 9.821973915043993308e-01 7.805795306495824093e-01 1.776122419179808690e-03 3.213958021327689707e-01 6.120000000000000000e+02 1.719058062983494395e+00
9.999997616876354911e-01 9.985997728301304610e-01 7.403649249285155776e-01 3.377285569083542938e-01 8.878244404006409018e-01 8.815955146974931989e-01 8.419842629679246127e-01 9.999999999646015381e-01 1.000000000000000000e+00 7.593025226848301168e-01 1.000000000000000000e+00 9.999880843916637563e-01 9.999998943601754453e-01 1.000000000000000000e+00 2.302541653296170387e-01 1.000000000000000000e+00 8.433324248770097675e-01 9.403543560204392637e-01 1.000000000000000000e+00 4.030312486255931970e-01 1.000000000000000000e+00 9.305423656188387405e-01 1.000000000000000000e+00 7.914724888730187979e-01 1.000000000000000000e+00 2.095522654517709971e-01 6.769979477279060021e-01 9.999996896085757703e-01 5.159884616730625595e-01 8.169840954351672568e-01 1.000000000000000000e+00 9.999999784393278635e-01 8.280000000000000000e+02 1.231784050552933385e+00
3.119922008260971880e-01 9.742306471438570981e-01 5.571632233649340682e-01 8.897375437099037665e-01 6.158650409320803876e-01 9.648544221007900878e-01 9.397564191831475622e-01 9.210066422615430515e-01 1.000000000000000000e+00 9.999999734538228546e-01 7.181321617303095817e-01 8.795002308869558361e-01 4.867247531600773502e-01 9.968184782599422977e-01 1.000000000000000000e+00 1.000000000000000000e+00 9.667142926022965765e-01 9.986384142402204844e-01 1.000000000000000000e+00 8.236524689189136383e-01 4.958390233341082864e-01 1.329558113487094850e-01 9.979581283599890940e-01 3.553539188505949187e-01 4.205511864090535901e-01 2.997844410059780085e-01 9.228563699137461995e-01 1.000000000000000000e+00 8.681058492101137087e-08 8.988857202359622489e-01 1.237965545958858438e-01 5.024609677959664955e-01 6.980000000000000000e+02 1.701344005878154819e+00
3.991879755573086719e-01 9.931839262468831198e-01 7.714721459321666197e-02 1.358722920322475713e-01 7.290445368401425874e-01 1.000000000000000000e+00 1.844099983219942562e-01 9.083091212721534635e-01 6.924064369415897646e-01 9.539970117204009670e-01 9.114634527943997755e-01 1.000000000000000000e+00 8.999235539483478874e-01 1.000000000000000000e+00 3.634892626614968925e-01 9.994300363291095390e-01 1.000000000000000000e+00 9.283582468174279567e-01 5.487432332059106743e-01 3.329023635932937264e-01 1.710276734386005637e-01 5.630761836663216169e-01 8.799972241101653436e-01 9.274237990946592181e-01 1.000000000000000000e+00 1.587125859600053424e-01 9.495442169150969391e-01 6.911471318385425944e-01 5.175358256004950475e-01 4.050744771060375560e-01 3.267857251687975584e-01 1.000000000000000000e+00 6.180000000000000000e+02 1.867305183410644664e+00
8.045235530290202330e-01 6.895329459159678098e-01 1.858389305109493239e-01 1.715348722936811954e-01 1.902398794496855394e-01 7.228312180612245230e-01 4.640298178908838778e-01 8.354654645966312909e-01 4.303834574542863001e-01 9.447772638289153591e-01 8.977244768102285999e-01 9.984403786460505081e-01 4.876612157744135145e-01 1.000000000000000000e+00 9.514894095043817668e-01 5.684997442059478434e-01 3.469865481201550583e-01 9.172816074810207221e-01 9.904371840490444612e-01 5.529360493100707874e-01 9.557060012094683588e-01 1.000000000000000000e+00 3.239843524331872948e-01 1.000000000000000000e+00 7.969261139704328922e-01 2.112290013968515512e-01 3.124079886191530320e-01 8.040959339116752203e-01 2.675880813042791351e-01 7.911211748831846746e-01 8.331638457354483274e-01 5.041368195590071322e-01 5.860000000000000000e+02 1.792494823314525476e+00
9.940073285074138010e-01 1.000000000000000000e+00 3.979812156011593438e-01 5.899762792270644152e-01 9.038217205748422245e-01 3.743034692896315407e-01 3.900239734268964864e-01 9.998545539918819447e-01 2.590173697389159257e-01 8.479658708537807232e-01 8.964712539533724600e-01 7.109352504523781535e-01 8.934253793374840047e-01 9.999991043973406324e-01 4.416963042339059342e-01 9.929794086560470578e-01 5.818552684621688398e-01 9.899153549037997823e-01 6.702665130743470367e-01 7.900352646156406644e-01 5.053888756331205157e-01 9.947292486831341707e-01 4.482793209401408907e-01 1.000000000000000000e+00 8.069147454496380378e-01 8.119890125446864726e-01 7.510648832814570408e-01 3.747829816917786494e-01 7.799445573933805331e-01 2.801822235935751970e-01 4.764464400061888538e-01 9.853549912923522669e-01 6.320000000000000000e+02 1.552274273891074863e+00
9.436449122462361450e-01 9.998938870625534436e-01 9.037945785675258747e-01 2.422295460899082653e-01 8.839890488679332803e-01 8.741306859312658606e-01 6.508233606580284825e-01 9.083696347312235631e-01 7.342857415853016878e-01 9.999993037853572853e-01 7.154616677148207815e-01 4.824504667314469808e-01 7.421880343069233721e-01 6.036768850000329145e-01 1.000000000000000000e+00 6.688600729977427495e-01 8.469200070768240218e-01 1.000000000000000000e+00 9.861385317269573125e-01 5.981976960759669559e-01 1.000000000000000000e+00 8.374732335588084275e-01 1.000000000000000000e+00 9.995760497102692543e-01 9.011868275058512179e-01 5.422030876489284789e-04 1.000000000000000000e+00 8.905341314988636237e-01 3.544671987805854130e-01 6.843471030047822978e-01 8.740372252647751194e-01 9.772240930820188520e-01 7.780000000000000000e+02 1.317497062683105291e+00
5.507789242256918572e-01 8.199848767307481578e-01 5.024414255343336369e-03 9.201042956321278665e-03 5.254001786856627998e-01 5.279665171852007122e-01 3.989471397792108687e-01 5.042123503582245370e-01 8.948913467520661635e-01 1.656779617563261808e-01 2.592533730165317296e-01 0.000000000000000000e+00 9.968442792308216394e-01 8.829628063776180369e-01 0.000000000000000000e+00 3.322474485783581399e-01 1.869144692365186378e-01 0.000000000000000000e+00 9.999987218158425950e-01 2.998438481735181127e-01 6.886875796065562438e-01 1.509652310190627306e-03 9.999999653806640465e-01 4.019954990417319296e-01 9.949749123020262820e-01 0.000000000000000000e+00 2.273509296107280309e-01 2.912777773454499480e-02 5.349613979546291760e-03 6.612653885746814231e-01 1.555219725150753796e-01 1.000000000000000000e+00 3.720000000000000000e+02 2.800685267978244131e+00
1.000000000000000000e+00 9.494834855003068119e-01 6.106533400970406977e-02 1.138584631617297477e-01 8.596035284918882580e-01 5.344060731698730971e-01 8.226206185221692779e-01 9.680971796060066081e-01 8.471714970886582430e-01 8.805793572166843441e-01 7.542284325657631072e-01 1.000000000000000000e+00 1.000000000000000000e+00 9.999999945478663665e-01 8.208150213668751194e-01 2.641349861473475946e-01 7.792965289744366864e-01 1.000000000000000000e+00 4.844813327688320403e-01 1.000000000000000000e+00 9.999977158940142052e-01 7.081227633083866380e-01 7.726660610820252906e-01 8.895751112125062088e-01 8.170318413519702672e-01 6.861147338634441262e-01 2.761826843651950525e-01 1.518609507067588960e-01 5.367090095787064863e-01 9.958942670743766712e-01 8.728287532100217350e-01 9.361971412028912143e-01 7.260000000000000000e+02 1.408438956431853351e+00
9.882184875910571265e-01 9.965285386912563492e-01 3.031871115509608972e-01 1.549318901756682743e-01 3.378564960530063277e-01 4.388945887775047810e-04 1.444000414219941963e-01 2.420074451079353428e-01 8.216453094350831821e-01 2.771789651809826449e-02 1.000000000000000000e+00 1.171324258547569788e-02 1.000000000000000000e+00 7.668657850803423104e-01 5.446004985916756969e-01 7.660140344946081425e-01 9.828787113304435774e-01 8.349637317642200074e-01 8.748433790296126222e-01 5.101079733948904460e-01 4.226416545006697056e-01 5.997389599283284856e-01 8.471653395041043311e-01 5.104969834645162186e-01 7.497794628686190732e-01 4.365592028217125109e-01 9.186457846301853136e-01 4.032409673807124117e-01 6.247720008171885331e-01 0.000000000000000000e+00 3.427704351570969865e-01 9.987919272110692415e-01 5.000000000000000000e+02 1.975084465269058454e+00
5.303441949242343467e-01 8.439899318747633439e-01 4.404018941473564763e-01 6.266795419896743491e-01 9.706183970467676669e-01 4.908011125997562840e-01 3.842622041763208429e-01 4.434549536099520739e-01 3.272829082349857921e-01 5.044676803850045577e-01 6.459238060409888682e-01 2.544531744833731374e-02 6.265514466197555921e-01 9.445740467905047177e-01 5.150251514499485372e-01 1.000000000000000000e+00 1.812157896300198856e-01 1.000000000000000000e+00 8.559938102054100995e-01 8.581721315139593242e-01 5.949228681793311546e-01 4.852429980774857765e-01 8.761070487457716105e-01 6.091623066229120420e-01 9.997061264184424756e-01 5.904108442959002945e-01 3.161341327918896771e-01 5.569185024318668020e-01 1.833511313295533574e-01 1.471653390140737483e-01 6.174032136312468388e-01 2.519338645599948356e-01 4.720000000000000000e+02 2.218229083738465057e+00
6.305650277022131212e-01 8.367436357395823254e-01 7.946141884712250025e-01 0.000000000000000000e+00 8.140493039991005819e-01 1.267015030276929799e-01 1.909465387635355116e-01 9.962723824991129851e-01 6.746913410243584597e-01 9.313832281262013346e-01 8.944770852283692175e-01 4.771983274252639823e-02 9.453389632120434705e-01 2.068886806424941327e-01 1.000000000000000000e+00 2.215131407619551906e-01 9.051847659294998127e-01 9.975410596215043002e-01 8.732804948603333228e-01 9.105710791629118006e-01 1.000000000000000000e+00 7.235860828946802936e-01 2.225289691143716164e-01 4.559189133570729635e-01 5.128628724066947031e-01 1.733421025895294509e-01 7.788463188636262080e-01 7.433971961200952494e-01 1.108008438712697330e-02 9.955980046071003509e-01 4.424673647643154184e-01 5.082918729240346600e-01 5.680000000000000000e+02 1.936989165188973461e+00
9.999986414593862172e-01 1.000000000000000000e+00 5.601858678539198277e-02 5.657690883838323304e-02 6.635614336904136490e-01 6.661890650452042539e-01 8.386781809485654993e-01 9.873199397352785400e-01 7.298078909155325533e-01 1.000000000000000000e+00 1.000000000000000000e+00 1.000000000000000000e+00 1.000000000000000000e+00 1.000000000000000000e+00 4.670859577441045518e-01 8.895001677334268830e-01 8.303622189193858860e-01 8.241387529425610037e-01 8.561557932825701878e-01 0.000000000000000000e+00 1.000000000000000000e+00 6.933422971418821135e-01 5.304618227210560200e-01 9.987594023807429000e-01 6.325561617221624466e-01 9.535905647827482845e-01 8.705027928729850428e-01 6.721551965242820170e-01 2.619951035688957153e-01 8.689769403350678934e-01 1.000000000000000000e+00 1.000000000000000000e+00 7.620000000000000000e+02 1.350103526645236585e+00
1.000000000000000000e+00 1.000000000000000000e+00 1.213531819940700880e-05 9.683115535920753247e-01 1.000000000000000000e+00 5.696870790961621189e-01 7.405524826083918766e-02 9.291435896619330004e-01 1.000000000000000000e+00 5.681302121069849997e-01 8.627447934496885740e-01 9.832434550439560390e-04 1.929344610278242538e-04 1.000000000000000000e+00 2.049575476169828714e-01 4.786789180102503094e-01 9.725342809748650508e-01 9.999932350969575889e-01 5.131337708599836844e-01 6.529256407684234098e-01 9.999946790254227169e-01 8.756366100088865956e-01 9.970305211607165541e-01 6.747435953263500874e-01 9.998270346353009819e-01 1.000000000000000000e+00 9.857702237985693783e-01 9.907865207767281301e-01 5.478079275939746334e-02 6.671150319368244208e-01 9.995643120533271864e-01 9.855633369176216574e-01 7.020000000000000000e+02 1.663814441974346581e+00
1.000000000000000000e+00 9.681812422477090729e-01 2.560243479770991093e-01 3.629472183159281329e-01 5.107824130662776962e-01 4.919184223129692279e-01 2.674720691073675383e-01 4.307705469263141684e-01 7.318020646679899155e-01 7.337519341259083339e-01 3.590243995980996750e-01 9.489491890470759250e-01 6.274985144131912662e-01 9.999999987069217999e-01 1.000000000000000000e+00 9.992270865100157939e-01 9.024250333130608981e-01 9.748477831674197125e-01 2.027797390381848031e-01 5.921166447311890790e-01 9.160835872500876498e-01 1.000000000000000000e+00 7.979029007083564551e-01 2.800023206296392009e-01 9.754942524702623352e-01 2.629779589075481594e-01 5.950020554592423405e-01 3.776830184309702965e-01 6.486486501009673944e-01 7.962703753317679212e-01 5.860892024111203913e-01 8.587677638777970746e-01 5.600000000000000000e+02 1.629176979064941522e+00
1.000000000000000000e+00 1.000000000000000000e+00 3.990581697198017919e-01 1.970562701399180827e-01 8.768828736875392549e-01 1.594317577219836468e-01 3.708864529238199981e-01 9.457732167772103793e-01 9.931437366177081616e-01 5.560666130450395706e-01 7.101254742889938631e-01 8.141764920342962064e-01 8.444234610556407006e-01 9.999656440651601974e-01 1.000000000000000000e+00 8.999702532788717013e-01 1.000000000000000000e+00 1.000000000000000000e+00 5.354654396855234033e-01 9.931004212469976000e-01 9.132003260890959595e-01 8.548685960038734377e-01 7.433503309818499938e-01 4.652324942919398021e-01 9.995307363036802784e-01 5.178874821766473735e-01 7.744541635039145500e-02 8.495980760671906218e-01 4.893937586602613576e-01 7.882128015938097976e-01 8.961445885022273350e-01 7.965707543341863373e-01 6.940000000000000000e+02 1.464923967633928514e+00
2.249262213613650307e-01 8.028937352821671203e-01 8.030213283247970013e-01 1.095715638294207511e-01 9.334405085745285657e-02 7.282801397216346340e-01 1.303087385247526653e-01 8.455031448007949146e-01 4.644267902938947756e-01 1.121416438969038420e-01 7.164082555254612794e-01 9.718688488762454725e-01 4.928548313451396878e-01 9.298003754284345224e-01 9.999817673369506554e-01 9.243197028354757094e-01 2.977281433915799358e-01 8.551537238817887854e-01 8.567409944891766216e-01 1.664961496643106720e-01 9.178073224391950502e-01 3.719625911426728826e-01 6.472985531228215850e-01 3.400976593609857379e-01 1.000000000000000000e+00 4.103470571347266338e-01 5.903485329083457689e-01 3.790131722087509147e-01 8.738278984536945737e-01 6.302750172092491665e-01 6.172834850280426444e-01 3.540393533047338503e-01 5.300000000000000000e+02 2.086672337849934777e+00
1.000000000000000000e+00 1.000000000000000000e+00 7.729817314855141897e-01 1.004836277063168685e-02 2.600862467258354682e-01 1.000000000000000000e+00 3.327877734133242726e-01 6.013968511720190202e-01 4.639163950026991556e-01 1.000000000000000000e+00 6.120758868983564582e-01 8.922856098512539358e-01 1.000000000000000000e+00 1.000000000000000000e+00 1.406652606148163787e-01 1.000000000000000000e+00 9.840137615787476477e-01 8.889871118428815944e-01 8.152119316299729634e-01 9.679766902594799660e-02 9.517950972881883409e-01 9.932131850445565791e-01 7.742436029480022075e-01 3.469561555587166168e-01 1.000000000000000000e+00 7.936588352390904211e-01 9.426808782171343104e-01 6.432709252509657416e-01 8.189975377551794722e-01 9.663794056586524350e-01 7.874850181718227038e-01 6.841509721338184802e-01 6.980000000000000000e+02 1.556939493815104214e+00
7.743602146210665227e-01 9.973729074634942737e-01 8.799060312505950499e-02 1.502560008805262914e-01 7.495144146516569128e-01 2.792633070917078381e-02 0.000000000000000000e+00 1.000508215116084204e-01 5.933125089572831579e-01 9.962823863390745105e-01 6.888678815739861516e-01 8.521704037487205508e-01 7.679260808263382865e-01 9.983555527098710858e-01 7.612201953999275794e-01 6.735309863535259289e-01 4.245889558845587497e-01 8.667701799465451495e-01 8.572443384002281785e-01 7.548872407616832314e-01 7.832149717013090484e-01 8.403571376700681439e-01 7.673406348048359416e-01 4.788842333718835165e-01 9.986117394729648877e-01 4.629379097155621459e-01 9.462325998404819138e-01 2.171535593314077028e-01 7.971895443031460360e-01 4.392763721174579583e-01 2.907687875021999768e-01 9.967236011149802621e-01 5.380000000000000000e+02 1.707704445810029226e+00
1.000000000000000000e+00 9.999999986496233007e-01 1.000000000000000000e+00 2.518028892422140008e-01 3.029610981579951012e-01 9.987140042704293341e-01 0.000000000000000000e+00 9.996716986944828021e-01 1.000000000000000000e+00 6.085465979164461636e-01 8.037709950253657532e-01 5.032098455599597342e-01 7.507960615912818714e-01 1.000000000000000000e+00 1.000000000000000000e+00 9.769517182366036501e-01 1.000000000000000000e+00 8.800079744488762401e-01 9.855499728442875806e-01 6.398058503264352215e-01 9.484058653830325092e-01 9.963150636823066009e-01 8.944960252069107387e-01 9.862820954227132786e-01 1.000000000000000000e+00 2.051246395425696811e-01 1.000000000000000000e+00 3.034653913124217738e-06 1.000000000000000000e+00 3.398648185160260682e-01 9.999999979023594943e-01 1.000000000000000000e+00 7.800000000000000000e+02 1.367948036193847861e+00
9.757722368386978484e-01 9.342058156686762205e-01 1.477038396424047717e-01 5.461485235246745784e-01 9.773941231396076068e-01 4.847722325095185636e-01 0.000000000000000000e+00 3.433080860771570153e-01 7.876754294868382189e-01 9.993550677926984482e-01 9.037447618060441279e-01 3.674563922918864245e-01 2.960384874626082463e-01 9.997172826465733353e-01 6.387974738122232932e-01 6.056617734087073046e-01 7.901505590212942742e-01 1.000000000000000000e+00 5.271090047423360181e-01 2.631838128279351818e-01 8.675827722435547340e-01 8.209819488300527102e-01 3.128735478476375731e-02 1.686998180549042492e-01 9.889082302720546558e-01 5.333657040786305981e-01 9.999366759570301744e-01 5.411291074414548152e-01 8.082459700393291868e-01 4.826180604826078024e-01 3.898180348991741595e-01 1.000000000000000000e+00 5.560000000000000000e+02 1.857706555149011507e+00
9.579572231754404088e-01 1.000000000000000000e+00 1.609327483551032112e-01 1.000000000000000000e+00 9.874663178619071946e-01 8.813109546001058892e-01 4.667989979384337684e-02 7.485882854540857334e-01 9.316720216922106390e-01 9.540062554461447020e-01 6.081813475397959134e-01 1.000000000000000000e+00 1.267876369492366428e-01 9.999788105285518647e-01 6.328295007344486578e-01 9.313890837606878526e-01 7.562198681768739217e-01 1.000000000000000000e+00 6.391863087086887552e-01 1.000000000000000000e+00 9.644429584218492391e-01 1.000000000000000000e+00 9.954684107694048434e-01 7.092829702822740501e-01 1.000000000000000000e+00 3.376144287526011700e-01 1.000000000000000000e+00 8.043210934714941640e-01 6.241222992782902157e-01 1.000000000000000000e+00 8.740695184080713442e-01 5.217494317066946330e-01 7.700000000000000000e+02 1.361724811130099910e+00
7.932926011629520824e-01 7.967618477239060137e-01 3.189379069975745717e-01 4.608557893148939044e-01 8.575464217968217229e-01 2.683128904337651055e-01 4.119134512544512794e-01 5.413773585601708849e-01 6.429551195264457952e-01 9.722655882765672830e-01 8.679777481602224398e-01 1.000000000000000000e+00 9.512791249507861480e-01 8.929938011075652105e-01 7.921704265375297815e-01 9.675552322107252579e-01 6.635028001840940215e-01 7.702476800383908362e-01 1.000000000000000000e+00 5.882634772647686860e-01 9.941256217340284085e-01 5.417418293881028912e-01 9.653936185293466865e-01 6.483966186287248856e-01 5.605514351971018217e-01 5.119224831385977836e-01 9.597334494477851585e-01 5.271259631289504366e-01 7.135207286347837741e-01 3.405001471618488984e-01 5.118626419215027701e-01 6.541007628989026212e-01 5.800000000000000000e+02 1.656379633101205728e+00
1.000000000000000000e+00 9.999572076084667360e-01 3.876659221779900633e-01 4.921192881589176620e-05 9.998727373488498493e-01 1.432790898267620183e-01 2.817078690041421862e-01 6.576002737978238200e-01 9.972513190990638376e-01 9.999999869526249308e-01 2.591908582834690292e-02 9.314667233087839948e-01 7.986314886682298608e-01 9.844031338742180726e-01 9.731823432405205532e-01 8.323984200376197684e-01 6.417970190307966671e-01 2.881063577208922699e-01 5.333632792881110030e-01 7.590762962111722301e-01 3.331439485804281175e-01 7.101173040102962686e-01 1.488615365218691755e-01 7.071034190395945052e-01 7.440010736246308598e-01 7.436448218802234333e-02 6.371588346121355162e-01 7.069495145427748817e-01 6.516474958455670263e-01 5.923301277468521198e-01 4.816867712556258119e-01 9.706084458647675772e-01 5.300000000000000000e+02 1.860513750712076586e+00
7.110595479917912742e-01 1.000000000000000000e+00 4.454095624607293247e-01 4.630739657838407464e-01 5.424995576661328922e-01 1.000000000000000000e+00 6.870567276660506303e-03 7.401177739838376013e-01 8.637842524925779530e-01 1.000000000000000000e+00 9.927421066327356547e-01 1.000000000000000000e+00 1.778706615859945717e-01 9.999990283402793168e-01 5.668509752413048997e-01 6.432093510915638523e-01 8.427227310545774008e-01 1.000000000000000000e+00 8.219994319716892317e-01 7.830052823654900518e-01 1.000000000000000000e+00 9.898007531094785705e-01 6.526226676438592333e-01 9.316185817987617801e-01 1.000000000000000000e+00 7.960536698058485738e-01 9.792906046458837999e-01 9.247046621884086326e-02 9.430469439972246626e-01 1.599853635416902675e-01 9.702661190766379562e-01 8.743814665356032245e-01 7.120000000000000000e+02 1.569093858628045846e+00
7.613051958035670364e-01 1.000000000000000000e+00 2.581126044698108801e-01 3.324360362298705573e-01 7.704275634059424283e-01 8.233155200119677275e-01 1.150150503228020704e-01 6.301123722532530058e-01 5.107606412167331467e-01 1.000000000000000000e+00 1.805458289712772724e-01 9.876579119786284000e-01 9.772406971647935592e-01 1.000000000000000000e+00 3.479882338042161183e-01 1.000000000000000000e+00 5.400247707919361151e-01 3.319175541110078731e-01 6.027788030382009721e-01 2.143314940105229549e-01 1.000000000000000000e+00 7.207509505566189745e-01 3.502803243086890506e-01 1.274382512438715087e-01 9.997724184072387388e-01 1.165473558562595824e-01 8.101768003633610382e-01 8.430688352620044901e-01 4.395548006835473531e-01 9.998954877642299843e-01 6.241089448256504912e-01 1.000000000000000000e+00 5.680000000000000000e+02 1.964139178761264759e+00
1.000000000000000000e+00 1.000000000000000000e+00 9.835621958025201339e-01 5.202171794150038941e-01 3.630918887111631022e-01 2.679161504277035033e-01 7.209622293775980184e-02 7.159205857319209665e-01 9.578889599411776201e-01 9.470986911934451413e-01 2.477788722603740112e-01 1.000000000000000000e+00 6.393621742635181571e-01 1.000000000000000000e+00 1.000000000000000000e+00 8.811221696398056080e-01 9.263742123370335424e-01 1.000000000000000000e+00 7.970843846864708038e-01 7.544999398161886806e-01 1.000000000000000000e+00 7.694162451254656920e-01 0.000000000000000000e+00 6.064982157080459624e-01 9.996446082158482183e-01 5.580640634888348606e-01 5.900752207346071643e-01 3.931270160216009391e-01 5.746821720393245903e-01 9.908303516598200300e-01 4.640016573589659243e-01 2.111395959723788573e-01 6.080000000000000000e+02 1.647925383956343914e+00
1.000000000000000000e+00 5.055319351191902566e-01 8.322523931473134740e-01 1.268373151182963787e-01 8.743056610971905451e-02 6.516234907522135966e-01 4.516693787739263499e-02 2.964044184399597937e-01 8.368167718876398436e-04 5.457460232113593435e-01 7.083281362658402358e-01 7.383829000737219816e-01 9.999398660051254106e-01 9.978309138263817823e-01 5.688662547653675627e-01 1.636138760215643806e-01 3.572196715355963614e-01 9.351882986917594565e-01 5.545518540831433172e-04 3.603686554378912055e-01 4.911055086938460601e-01 6.604299412316397833e-01 8.382154378197321787e-01 1.186325687587837796e-01 5.496902755344174052e-01 0.000000000000000000e+00 1.062212523814449888e-01 3.502197079655275380e-01 2.367667222202534880e-02 5.960323142305808952e-01 6.225741488107956467e-01 6.435535695674619028e-01 3.720000000000000000e+02 2.616188313410832134e+00
8.897515705923435547e-01 1.000000000000000000e+00 5.912426989633731145e-01 1.438014735025573143e-01 7.253744861838336000e-01 9.995992529208649335e-01 6.686908814459926464e-01 9.905742127940916353e-01 9.896926069674463200e-01 7.930063802336870804e-01 7.413988584322980246e-01 7.087792035416750069e-01 9.934720411132704765e-01 9.990135906762077633e-01 5.341185313224227071e-01 1.000000000000000000e+00 1.000000000000000000e+00 1.000000000000000000e+00 7.350680712601294076e-01 5.087625226587181304e-01 7.308839241648911189e-01 4.592222621628502810e-01 9.999425178297864925e-01 9.053410467613171031e-01 9.572999040107140756e-01 1.011121356829063900e-01 9.512302614245136123e-01 8.442279756659130108e-01 6.364871067485655676e-01 7.709170017875551784e-01 9.058974338019332162e-01 9.995499922602146814e-01 7.240000000000000000e+02 1.380755331251356077e+00
2.713515629260697670e-01 8.538184807117777941e-01 7.294139725635573335e-02 6.321570893129534463e-01 4.571119698199114789e-01 6.529872374869225560e-01 1.152682475556927599e-01 6.411679290795179176e-01 6.461715929367859435e-01 9.998212224305024209e-01 5.758386306095973906e-01 9.835573070168879273e-01 9.936770361139481977e-01 9.640367350751256614e-01 5.584150056624833658e-01 9.751523069511639497e-01 1.000000000000000000e+00 1.000000000000000000e+00 1.000000000000000000e+00 6.408947268698579336e-01 5.583064443055434367e-01 1.000000000000000000e+00 6.824541968333726061e-01 8.589192794265753106e-01 1.000000000000000000e+00 2.581524644295369320e-01 9.996052599360877311e-01 3.918830583494868347e-01 6.281990460941507814e-01 8.853665769207075265e-01 5.574809131232366655e-01 1.000000000000000000e+00 6.480000000000000000e+02 1.573508142957500411e+00
8.669559248697090714e-01 8.139301653058930164e-01 7.670486859981977545e-01 2.279107765549946429e-01 9.764524539361982836e-01 3.823133874355180706e-01 4.712364578253094294e-01 5.900409374365815918e-01 1.778314277103362484e-01 8.323622960401205750e-01 6.808106969643743511e-01 6.979295851919581350e-01 7.434634461041903508e-01 7.700594225763370826e-01 9.220912426128496930e-01 1.000000000000000000e+00 6.778295461437259251e-01 9.496800917034281531e-01 1.000000000000000000e+00 3.254166827394772143e-01 9.516200814451901691e-01 9.447020646722947834e-01 4.420364387900358460e-01 9.858081179970290542e-02 9.621914547199443835e-01 7.811157746174416383e-01 1.339038774427066536e-01 3.673366944574170678e-01 6.048657551473923810e-01 6.703627220771367634e-01 6.432857936802033327e-01 1.000000000000000000e+00 5.900000000000000000e+02 1.720836753845214728e+00
9.077929026807670665e-01 5.541750153187728900e-01 1.099378598597426648e-01 1.725639110161202808e-03 5.965192302043643702e-01 6.439907212255128188e-01 2.289297086125277048e-01 4.973192718014720071e-01 7.120356128624670822e-01 8.881528614476176253e-01 6.857103033516890322e-01 7.466957141565306877e-01 1.000000000000000000e+00 1.859429738413739541e-01 9.873165248378157344e-01 6.523738486729634412e-01 1.000000000000000000e+00 6.995136158706357632e-01 5.028604457521022031e-01 1.000000000000000000e+00 9.485184243242636981e-01 7.354652101943238707e-01 9.316097382126617976e-01 3.692542890429214575e-01 1.000000000000000000e+00 1.977745792297181116e-01 5.751331355468545237e-01 3.915167700137702211e-01 5.423826205633884845e-01 1.369689648696477413e-01 1.193413320326670579e-01 5.948803544844617486e-01 4.800000000000000000e+02 2.077213066211645032e+00
5.499530306138777913e-01 8.914985663308770958e-01 5.091723561091143768e-01 1.117255619112318965e-01 9.545732630090887350e-01 8.861193600623314959e-01 3.501674869525773625e-03 7.764622331468079564e-01 7.746512485474821297e-01 8.128135118654644664e-01 5.899236737715827239e-01 2.213411552288355871e-02 8.888843819562476378e-01 5.431960692595466655e-01 1.972773429397945977e-01 8.883470946615724673e-01 5.682604936952146968e-01 8.901339685630006437e-01 6.370872739658942630e-01 3.018141665286561137e-02 8.216876397737238324e-01 8.918935888287833347e-01 7.701827423402900497e-01 6.147088368414285187e-01 4.572276877423289143e-01 7.406753846154373599e-01 4.063654245953365329e-01 5.948647061651236578e-01 6.168816322785617423e-01 8.509309021282090990e-01 5.804306525195462862e-01 9.803425306879094414e-01 5.460000000000000000e+02 1.994804857647608287e+00
2.434227457602239908e-01 5.944851372471441353e-01 6.770441275811226456e-01 0.000000000000000000e+00 7.773301925050831729e-01 7.118353130463793699e-01 0.000000000000000000e+00 5.415196264168896656e-01 5.618506241443705918e-01 5.049589094162995062e-01 9.863055217464488100e-01 6.453009433357448366e-01 8.901767454305586913e-01 1.000000000000000000e+00 5.263974156160436957e-01 1.919695153409517741e-01 2.072232091992958491e-01 1.000000000000000000e+00 7.146753561485914563e-01 6.163175356051610043e-01 4.990193157298605797e-02 5.619758144064068706e-01 1.563615863827066410e-01 6.704621285087539739e-01 8.986664677720582195e-02 4.401066912445188335e-03 5.969204245874494275e-01 8.625668899146708979e-01 9.684748193412213713e-01 5.524538119151565230e-01 3.511492468121436006e-01 5.039904935463079827e-01 4.020000000000000000e+02 2.576977989001151936e+00
4.496073091360631158e-01 1.000000000000000000e+00 4.332358296992772084e-01 4.624120409117368075e-02 9.736210953914735677e-01 9.998946868543545641e-01 2.056908546674255378e-01 5.513784553558362944e-01 9.483927028185551444e-01 6.143742180693749777e-01 9.121194753104255870e-01 4.808347894707665771e-01 1.000000000000000000e+00 1.000000000000000000e+00 6.185582325513309110e-01 9.999995838454489583e-01 5.479214025221835760e-01 9.764423423072747799e-01 9.184109607422985544e-01 9.185746496575034614e-01 6.343755419795197303e-01 1.000000000000000000e+00 4.842472003487361953e-01 1.994918886378527767e-01 6.945039793561182950e-01 1.861008639531065989e-01 8.557476175178128086e-01 8.825347641134489995e-01 3.006982868834600642e-01 3.347113670408878305e-01 6.939141296066017039e-01 9.439673874023862821e-01 6.260000000000000000e+02 1.723724735484403636e+00
9.999890859227010820e-01 5.616320889060270050e-01 5.706013297304875914e-02 0.000000000000000000e+00 2.417925666246065475e-01 3.102575392749947758e-01 1.009428576520867149e-01 4.666234264177778757e-01 3.064063757352775141e-01 9.753989361108894585e-01 9.905143355038620312e-01 1.000000000000000000e+00 9.089516814813169976e-01 1.000000000000000000e+00 1.000000000000000000e+00 9.041297624512164566e-01 9.932741999287550971e-01 9.999991864836929034e-01 6.598679646889322736e-01 0.000000000000000000e+00 7.448866856689555227e-02 7.679618798417549019e-01 4.765536011861194465e-01 1.000000000000000000e+00 1.000000000000000000e+00 4.095877628021825645e-01 0.000000000000000000e+00 5.550693899648214691e-01 6.587835333717063646e-01 4.668623788335436453e-01 2.669902980816153959e-01 5.505698793505889865e-01 5.160000000000000000e+02 2.088439992268880108e+00
9.808071502382484930e-01 1.000000000000000000e+00 3.608049226970755363e-01 4.261631007435252028e-01 4.797909048304849211e-03 6.715824848400135938e-01 2.667644684607288208e-01 9.938073269914121655e-01 7.230124062793419348e-01 1.000000000000000000e+00 9.999037137937121233e-01 4.091865317040302985e-01 5.844030740107373223e-01 9.999999019513331477e-01 1.558035356420353623e-01 9.506655433174029390e-01 9.986454646986321348e-01 9.946663063779180858e-01 1.577371619942792846e-01 4.849061238775200788e-01 1.000000000000000000e+00 9.447193965204885302e-01 6.397897483230812199e-01 6.749104326151333932e-01 1.000000000000000000e+00 0.000000000000000000e+00 6.447442195032810908e-01 1.000000000000000000e+00 1.000000000000000000e+00 9.983984123895677243e-01 5.928714320686597795e-03 8.102867238407965300e-02 6.120000000000000000e+02 1.914090998032514035e+00
9.974195309264276554e-01 9.856268861167202244e-01 1.049847083297352629e-01 3.814641383961497323e-01 7.064796141195072154e-01 2.949124286439421816e-01 9.573485393639320773e-02 2.815067970423333343e-01 4.103970355096195344e-01 6.415500698011151748e-01 5.665853786528300962e-01 9.366183197577443442e-01 9.524357010162969317e-01 8.962013627410808647e-01 9.424923383723656789e-01 6.554458993541509848e-01 9.017773031370177605e-01 9.940664693245530037e-01 6.447092961007381273e-01 9.343621933433385873e-01 5.187467051456321476e-01 8.145607083176098495e-01 9.272395234944026399e-01 8.086262485725944638e-01 7.705233023736807185e-01 6.284568282107205750e-02 6.814783124396467384e-01 9.300528852245290024e-01 7.507816279447979135e-02 9.931071092843739567e-01 2.773956202893932410e-01 9.958392988328407247e-01 6.240000000000000000e+02 1.609961427426805924e+00
5.460866957964239932e-01 1.000000000000000000e+00 8.864868406072579088e-01 1.461848515976729990e-01 4.695599281097704858e-01 6.628816983138536845e-01 7.698482533006826278e-01 5.122188731391256189e-01 9.070124575430750236e-01 8.284627275889104858e-01 8.095140377368018614e-01 5.594388509716019531e-01 9.492993030960690248e-01 1.000000000000000000e+00 4.937814715137251453e-01 6.355076342409053947e-01 8.783325118637035356e-01 9.574372134434594450e-01 9.977863971264114840e-01 4.796374475787608116e-01 5.526669380439040991e-01 4.412267397091415022e-01 7.556749300820825299e-01 7.937188681116126299e-01 1.000000000000000000e+00 2.247202818335832519e-01 1.000000000000000000e+00 6.583196746062440763e-01 8.161853494912344464e-01 5.047661791793749408e-01 3.648729631050832700e-01 6.667693606265803208e-01 6.100000000000000000e+02 1.648448207922149189e+00
1.000000000000000000e+00 1.000000000000000000e+00 2.296974974263411070e-03 4.019352741334359380e-01 7.104928928938820665e-01 9.352822130494421460e-01 4.114229075691192561e-01 4.157287824175509017e-01 4.420802158985627783e-01 9.521484823693117105e-01 9.546661163657987892e-01 5.484654513091788974e-01 9.999891107924423483e-01 9.742633483709585152e-01 9.944729119258770567e-01 8.979873504155632125e-01 9.388452273821638050e-01 7.500232441752424650e-01 6.902918384717026123e-01 8.110776102526727760e-01 9.663012475704053639e-01 1.000000000000000000e+00 9.310386644326748007e-01 4.279655244752775256e-01 9.919670334679906443e-01 9.841928826576878953e-01 9.941464879886874328e-01 8.499469820581700974e-01 5.864652904820599755e-01 9.998842863097611167e-01 5.037065387546321160e-01 6.138884728738781549e-01 7.380000000000000000e+02 1.271224036583533445e+00
5.526765761674427013e-01 1.000000000000000000e+00 6.045460651819875020e-01 7.351788423655745142e-01 4.118207491498610540e-01 1.000000000000000000e+00 5.336366779947605554e-01 9.806547146760350442e-01 9.621558349991427006e-01 9.720823383898938852e-01 5.642339584091267124e-01 3.085625502434892198e-01 3.314560613968189906e-02 1.000000000000000000e+00 3.046583680316439224e-01 8.618591790045060375e-01 7.043984060875364550e-01 9.665790723727045730e-01 8.659396353664955415e-01 1.000000000000000000e+00 8.928206621100986951e-01 8.512272780545583339e-01 3.470265937186583494e-01 9.999994938877257988e-01 5.749938602555982881e-01 2.433043645811055478e-01 6.301342449147786517e-01 8.994507197146903721e-01 2.911442560982709371e-01 6.011955929742683891e-01 5.917918387182206086e-01 2.366421925782959679e-01 6.020000000000000000e+02 1.864239784523292753e+00
9.999996443438565752e-01 1.000000000000000000e+00 7.717825177011524707e-01 3.969142319469522607e-04 6.696740306544101129e-01 1.379740929702297503e-01 0.000000000000000000e+00 6.634619043715763720e-01 5.415979513483816232e-01 1.000000000000000000e+00 9.830404698411626674e-01 6.854164998902418926e-01 9.403156603074738218e-01 7.165769266615675814e-01 9.993903262958709899e-01 1.000000000000000000e+00 2.108172161661005517e-01 7.611101699293888467e-01 9.988968845521737361e-01 4.681430924236203855e-02 1.000000000000000000e+00 9.973945590176600540e-01 8.370397348341047650e-01 9.886743170405560832e-01 9.999997282982859836e-01 8.724502409505011657e-01 3.167277815474224267e-01 9.163189049827984434e-01 7.906422363376477969e-03 9.030167494359199187e-01 5.110167845411573984e-01 0.000000000000000000e+00 6.440000000000000000e+02 1.822125244140625044e+00
9.562962865946020852e-01 9.998436865590411005e-01 9.927523068103465409e-01 4.154761074504082489e-05 1.408641818880342900e-01 9.316448354329078807e-01 7.322510678521543248e-01 1.028139171610561314e-01 6.846067353775745490e-01 8.979515063476142256e-01 9.998819418088080724e-01 8.494666024630282974e-01 1.000000000000000000e+00 4.408698741492023676e-01 8.632041692224898810e-01 4.879986109516618598e-01 9.985576699342734175e-01 1.000000000000000000e+00 8.430679978383106565e-01 8.066934613737375415e-01 9.999972354047633738e-01 9.139779761563825433e-01 9.999244184691362669e-01 8.228415636187177973e-02 9.446476554536950010e-01 8.137576401795428849e-01 7.318531348766745825e-01 9.612477497049977115e-01 7.659294680651920761e-02 8.337978983628773211e-01 5.510141310313946272e-01 9.759792977663410696e-01 7.540000000000000000e+02 1.410500214316628087e+00
1.000000000000000000e+00 9.798391759545238555e-01 7.626766621812849367e-01 6.394304917424897675e-05 7.439820922497910605e-01 9.614546342961634018e-01 1.051540605035646558e-01 7.894248558241659941e-01 6.296850092390627873e-01 8.888253203227514110e-01 9.015763290567271326e-01 4.849372421180211945e-01 8.692546223065898969e-01 1.000000000000000000e+00 4.448999334306304454e-01 1.000000000000000000e+00 7.469089598089992954e-01 9.203671597269547089e-01 6.233808045344032545e-01 8.214959376606105756e-01 6.772439082230650997e-03 5.859840344823967762e-01 2.747460824664538226e-01 4.774475126936573166e-01 9.662499751424170613e-01 7.492382457376584037e-01 9.999560856795877140e-01 3.459768088497270355e-01 7.485543786286686929e-01 9.970345220807648179e-01 5.939246294133827542e-01 8.697791176381751699e-01 6.300000000000000000e+02 1.619186111732765498e+00
8.637343095620022559e-01 9.992272428473807366e-01 9.964358396659003369e-04 1.263911176533386305e-01 6.604447427825860251e-01 9.533743636932496823e-01 7.059490009632431867e-03 6.907143729818433497e-01 1.580022475008895366e-01 1.000000000000000000e+00 3.663288078518409652e-01 1.000000000000000000e+00 1.000000000000000000e+00 6.538262183830898522e-01 7.365413963915213857e-01 9.998495964677583947e-01 6.840351295133003662e-01 8.941716917160473788e-01 3.227732119959837997e-01 6.614158286643201379e-01 1.000000000000000000e+00 9.898542446729408084e-01 5.458229974429802400e-01 4.331658851649652364e-01 3.430010791215504784e-01 3.192221654741344561e-01 1.964073043319736547e-02 5.568667783407137417e-01 6.525818719430691583e-01 9.221795504807732691e-01 4.899860846640816808e-02 6.698525500590655213e-01 5.320000000000000000e+02 1.903819117470392897e+00
9.099590950169191839e-01 8.503092350462309046e-01 2.771384060388890069e-01 3.365750942931249046e-02 3.825124049326117381e-01 6.772681805803808519e-01 3.341456246040145905e-01 3.768599632102875296e-01 4.407989909469485768e-01 9.219380848842402276e-01 2.291531057230933310e-01 7.889869596178350486e-01 7.961419701763996493e-01 9.732561776078382243e-01 6.853328218076740752e-01 9.304803794293033947e-01 6.877432006042925039e-01 7.444228808259979457e-01 6.828602631591852434e-01 7.956672976668607289e-01 4.367851178635364096e-01 5.572432373817892692e-01 7.069056625121503679e-01 1.690116809153838773e-01 6.816996365199838870e-01 2.940189668997741368e-01 1.000000000000000000e+00 4.995272761082936164e-01 3.134655625383386823e-01 5.274058476287748487e-01 5.809588243880430269e-01 8.492366052662720932e-01 4.640000000000000000e+02 1.834570569356282377e+00
9.998831697469511282e-01 9.583675405727454244e-01 5.521076822673943729e-01 4.425812457818936174e-01 1.000000000000000000e+00 3.610029867476954313e-01 6.690063962620448335e-01 5.344333785380446233e-01 7.311634872753040026e-01 6.598469986329755788e-01 2.986020868223431823e-01 1.000000000000000000e+00 9.058500367205308823e-01 9.931765183986899226e-01 7.076246063280189347e-01 7.267358770516324507e-01 3.772819058217629640e-01 9.998504256981591842e-01 6.796805733051106690e-01 6.734598599826236986e-01 6.997550856880415671e-01 7.812145887285264489e-01 8.501127365318725815e-01 2.299328490939698266e-01 9.941920529835748255e-01 6.895994178804620844e-01 9.998494050979986891e-01 9.975329018864669273e-01 2.047857593631642881e-01 6.932470201430678269e-01 3.711381660931745707e-01 8.620285452373074309e-01 6.080000000000000000e+02 1.536918805440266711e+00
9.902761954576516645e-01 3.938984567291870520e-01 5.674712083339998880e-01 4.427576888824005241e-01 3.194227263354003643e-01 3.561222199949685696e-01 5.553567413790290175e-01 8.387717951934526850e-01 7.793100218689777980e-01 9.598218608186673828e-01 8.221259928149007301e-01 5.764429850784222875e-01 7.413530858279897551e-01 9.989177314692158083e-01 8.411458530894544428e-01 1.000000000000000000e+00 2.139403415668236219e-01 9.999997179051550722e-01 6.270975597645693789e-01 4.244844547231545473e-01 9.995568019285204775e-01 6.445887207332187119e-01 3.034134754240212506e-01 7.665432577279400750e-01 9.993850995542996607e-01 5.812678785751332899e-01 4.085612043656645653e-01 1.332245212558640923e-01 5.161792963506104392e-01 6.915905942911805271e-01 5.093769742823659949e-03 8.454170306129562551e-01 5.360000000000000000e+02 1.905233416481623365e+00
1.000000000000000000e+00 8.574127160483746568e-01 9.354972361954083659e-02 8.680972930963148926e-01 9.970557152021845004e-01 4.852994793954023001e-01 1.647415034750523977e-01 0.000000000000000000e+00 3.051458518695253641e-01 7.884048086327642979e-01 1.000000000000000000e+00 6.183337713800225455e-01 1.000000000000000000e+00 1.000000000000000000e+00 7.672339842607729388e-01 3.510785230112423161e-01 9.993731909153041881e-01 9.997603030422966830e-01 0.000000000000000000e+00 7.532325353657222111e-01 9.559320903590477758e-02 4.454399103506184177e-01 5.880320226496087432e-01 0.000000000000000000e+00 9.997083248454030624e-01 9.979685235797646214e-01 9.532605596618837218e-01 1.000000000000000000e+00 4.343555408622764014e-01 4.241071931105661608e-01 0.000000000000000000e+00 1.885138287859901007e-01 5.440000000000000000e+02 2.126715603209378358e+00
9.922263617544182512e-01 9.334529717696214979e-01 4.391598031911552735e-01 5.404895832021316959e-01 5.909786310240676688e-01 7.798361090240203408e-01 5.882722622847209593e-01 4.182893062216003766e-01 3.864223947952529215e-01 9.990390476352916105e-01 9.999995718288436919e-01 9.999928747707594878e-01 5.656941857908499571e-01 9.561837386734889366e-01 9.010142460530093933e-01 9.999237260546578465e-01 7.618273771336121492e-01 1.000000000000000000e+00 5.787260377754012142e-01 2.633019798295054281e-01 8.631744953418878374e-01 8.082807091395477483e-01 6.923614606752703793e-01 8.098667001790890163e-01 8.546826155943098025e-01 3.576908050444808085e-01 1.845637264811276490e-01 8.450428324680486769e-01 3.091753901192764165e-01 9.999999656436151518e-01 1.106261800845417392e-01 1.000000000000000000e+00 6.360000000000000000e+02 1.631512641906738281e+00
6.289496941316412570e-01 1.000000000000000000e+00 1.651616431037078725e-01 5.887910759979320813e-02 4.388412930601777728e-01 5.621185969411965910e-01 0.000000000000000000e+00 4.221033805686726093e-02 8.807424918610435860e-01 9.999563145321369584e-01 9.223112472506851400e-01 3.394280903466224131e-01 9.998019035401253252e-01 9.754968872532971957e-01 5.554156673622966389e-01 6.131210939762427037e-01 7.316443922126969479e-01 1.000000000000000000e+00 4.479529488447099861e-01 5.597349413825061237e-01 9.728541871259767104e-01 9.998449002271962982e-01 9.941996167643912807e-01 4.749686903870901644e-01 9.831994083933516260e-01 7.009021709327508676e-01 9.999608613600237117e-01 2.403717406899268660e-01 9.732303895169133190e-01 8.768165337411878424e-01 5.510927940926070301e-01 7.687739981025395464e-01 6.000000000000000000e+02 1.675830643265335596e+00
1.000000000000000000e+00 5.949186523969711704e-01 5.549915639541446177e-01 3.934432602274328672e-01 6.351844760813391000e-01 5.492920483937262510e-01 4.905881263348128574e-01 4.153174154646319671e-01 4.359723297710678680e-01 9.204424357280265312e-01 7.524390429333904784e-01 7.271033138767374338e-01 4.733201611707940071e-01 8.646730734211520719e-01 8.048371236778255611e-01 8.086053995165470853e-01 2.679174554807516734e-02 8.217250265265443332e-01 8.211461676805421606e-01 5.299411081629971099e-01 5.995370011564986612e-01 8.008772096413098174e-01 9.777725939811171552e-01 3.837860927966800229e-01 1.000000000000000000e+00 5.506308748202598524e-01 9.112235970029718413e-01 6.506118778691573068e-01 3.483787461180270495e-01 3.822477669200052275e-01 5.654424783368053875e-01 2.732680764748409152e-01 5.260000000000000000e+02 1.934005071246434726e+00
9.909879000560927187e-01 5.234247785641051864e-01 3.459662077573114752e-02 8.878941843758267893e-01 8.095206466562941960e-01 3.988015424888829430e-01 2.676042701625267473e-01 3.354134452504466957e-01 3.343236324323964337e-01 6.804547242521944428e-01 6.327351239333041388e-03 9.928506046434235621e-01 9.555980581391582129e-01 1.000000000000000000e+00 6.485064498018892065e-01 2.038615775319811696e-01 7.110795711765333094e-01 3.188832273016948826e-01 5.675093962042814244e-01 9.772299296529787793e-02 0.000000000000000000e+00 3.290542444537237765e-01 6.769684152910873109e-01 3.798295032264587534e-01 5.048018423758351414e-01 3.579398103051553703e-02 1.779688349136001879e-01 0.000000000000000000e+00 5.519715228758331760e-01 4.079691435579661518e-01 1.180064694644697621e-04 2.405988703154644526e-01 3.480000000000000000e+02 2.770255005665314574e+00
4.961441423000022555e-01 9.997408791429250874e-01 5.859894005258305949e-01 2.766783090954149094e-01 5.691795245429867034e-01 6.237742713506823078e-01 0.000000000000000000e+00 5.070692773977565349e-01 9.672820577069378700e-01 4.551748887772009144e-01 3.091173722217719910e-01 8.782361515348460212e-01 1.735856951641939483e-01 1.000000000000000000e+00 1.000000000000000000e+00 8.704049883721551861e-01 5.015483709859357431e-01 9.459439589061994225e-01 6.001131862940853878e-01 5.404457765657575408e-01 6.256727350591823056e-01 9.800346693969018697e-01 9.287990914972187317e-01 1.328609393960832608e-01 8.062576426668286445e-01 5.984867672236996450e-01 5.787068130013018896e-01 6.012768004836738234e-01 5.088743209903300313e-01 3.546360366127524477e-01 1.674261593609859267e-01 9.610674416366534745e-01 5.160000000000000000e+02 1.931476916964092183e+00
1.000000000000000000e+00 1.000000000000000000e+00 7.760139146815440148e-01 5.802928661787403186e-01 2.790221366285132176e-01 4.011465297219209414e-01 0.000000000000000000e+00 4.088111239216335457e-01 9.960030735678940816e-01 9.997189131919073102e-01 7.937894548260924221e-01 9.999995457412976796e-01 1.828042811741892038e-01 1.000000000000000000e+00 9.998626925507360097e-01 9.536519648165180385e-01 8.004719842481374803e-01 1.000000000000000000e+00 9.456710418651894656e-01 9.319494417673754860e-01 4.328864299390533521e-01 8.739690171056645474e-01 5.105475855481487191e-01 1.580837611271899978e-01 1.000000000000000000e+00 8.915070149904904540e-01 9.998803580078683417e-01 9.998599034953022935e-01 8.493268717189593753e-01 3.427111658275659445e-01 7.236731106026758065e-01 9.930434846058231457e-01 7.100000000000000000e+02 1.500051738054324346e+00
9.406845521874153127e-01 9.020003007946204576e-01 5.631635155597763953e-01 1.756447782598226370e-01 9.318392430226176693e-01 1.178061766306831744e-02 7.938646028433818946e-01 1.641313529394684279e-01 5.405037349182212347e-01 9.999249975939821233e-01 2.108321925292503535e-02 9.976260660752549470e-01 6.605319787294053890e-01 1.000000000000000000e+00 8.172934934650958327e-01 5.652758642415840473e-01 8.171710733195556298e-01 1.000000000000000000e+00 5.431484529693840768e-01 7.392866144540874984e-01 6.596691682520081645e-01 5.655871118959230337e-01 9.196387050304694055e-02 1.687916112251836298e-01 7.850558383807941798e-01 0.000000000000000000e+00 6.799975319613342783e-01 7.918513851530118997e-01 0.000000000000000000e+00 2.179763451476196268e-01 8.927992495897302261e-02 9.639267628698701129e-01 4.940000000000000000e+02 2.049863624572754173e+00
8.858612680999778943e-01 1.000000000000000000e+00 4.466003993611374345e-01 2.973648776854174169e-01 1.000000000000000000e+00 3.487542080397956212e-01 4.823373573384648894e-01 8.861400454025496476e-01 9.905381237757782120e-01 9.902612107721816548e-01 1.000000000000000000e+00 9.596451512759153202e-01 4.314028586142460431e-01 1.000000000000000000e+00 9.799730368405740188e-01 1.000000000000000000e+00 3.337732385316370953e-01 9.996024087686992132e-01 1.000000000000000000e+00 6.555685679989746717e-01 3.061079141501040768e-01 8.047560146310764884e-01 9.298374267082782918e-01 8.839003563987866130e-01 1.000000000000000000e+00 9.542403637899995461e-01 9.999997683022914252e-01 7.910806961886959199e-01 8.707103042375322621e-01 1.000000000000000000e+00 3.869828013750916673e-01 9.999441739853410782e-01 7.800000000000000000e+02 1.303304939270019558e+00
1.000000000000000000e+00 9.998625264112152022e-01 8.295768871448870874e-01 5.190860164734606430e-01 1.606573638571795470e-01 1.000000000000000000e+00 2.694706937295350546e-02 7.588748593610081805e-01 4.683689481874779292e-01 8.210854322138007033e-01 3.723287036617700108e-01 8.819042141280578617e-01 7.645457742293277903e-01 1.000000000000000000e+00 1.874173891656484570e-01 1.284437892195010034e-01 1.782686701053108613e-02 9.984673849695092640e-01 1.061248707849273831e-01 6.933021922864207598e-02 7.047863904511545430e-01 9.991645418585050065e-01 9.819682638632216687e-01 2.451007706075181980e-01 5.884986993347548490e-01 7.104141765258639458e-04 4.481993631765114703e-04 8.417433415074797587e-01 7.750630956065331922e-01 0.000000000000000000e+00 9.986070927437367128e-01 9.999648477324192264e-01 5.320000000000000000e+02 2.358693009092097004e+00
9.999622882227046095e-01 5.991839194461864304e-01 3.469451887576725513e-01 2.826614725876958056e-01 1.938536598399095423e-01 5.569362308561661701e-01 5.083693126549560654e-02 1.546705802172172739e-01 4.110965036459049426e-01 9.943924350507420407e-01 1.082273254372219558e-02 9.413837208993056649e-01 9.928825387377332445e-01 1.000000000000000000e+00 9.909331863255690376e-01 5.322807529495098278e-01 8.705340140477740851e-01 1.000000000000000000e+00 1.796869465816499922e-01 7.176214066480082277e-04 7.978877468435108256e-01 8.754825709862755767e-01 7.160475022555186086e-01 9.348728870714624606e-02 5.076754882151369719e-01 6.531072066109675500e-01 5.465182114164244265e-01 2.350739430364062188e-01 2.925326155046948928e-01 5.878013277904515776e-01 5.554252006608557668e-01 9.999738048961669401e-01 4.620000000000000000e+02 2.199342883716929986e+00
9.507955024542315003e-01 6.234667976442330728e-01 8.076012688319047506e-01 2.347253460253946877e-01 6.265809715914471001e-01 7.220397775645333027e-01 3.886217581448299097e-01 3.564274651046647757e-01 7.575660873031631048e-01 5.233109771206362337e-01 3.369917530457832711e-01 6.831463691283997663e-01 5.130306767335373053e-01 7.857931243572667812e-01 9.616623621490558715e-01 1.000000000000000000e+00 4.616362250302035175e-01 7.038141073828692029e-01 8.425129640801326536e-01 7.086328404417783222e-01 5.575847209193550702e-01 8.388615920293334138e-01 9.995698017579343064e-01 6.213307996321327797e-01 1.000000000000000000e+00 4.756767038250480084e-01 4.089446771671118586e-01 5.770430017253019850e-01 4.452787139927957827e-01 3.986349323502086928e-01 4.986345593821213673e-01 6.405354996267061951e-01 5.080000000000000000e+02 1.805472183227539107e+00
9.996208829326762579e-01 9.999957985911989145e-01 7.563007851193714881e-01 3.339356197281854732e-01 5.608644275314876859e-01 1.000000000000000000e+00 4.420804775324598257e-01 5.643108975829356222e-01 9.172433287881666120e-01 3.982650750834322850e-01 7.745412826307420673e-01 9.033863552609725511e-01 4.344342969175884472e-01 8.798865575631351632e-01 4.464157855593238744e-01 8.531625245608946972e-01 6.441403798159104355e-01 8.817486504657278124e-01 6.633851612824098742e-01 7.069769273262813680e-01 7.998801492639034949e-01 9.738271685687227563e-01 9.632558435272248198e-01 3.644864381018288468e-01 9.666548423324851091e-01 5.153615189197478276e-03 5.690450188065696580e-01 9.210619752164949103e-01 8.836604048971673231e-02 2.731423354877585696e-01 5.276444113222470422e-01 1.000000000000000000e+00 5.880000000000000000e+02 1.699954320673356944e+00
1.000000000000000000e+00 1.000000000000000000e+00 5.401205672458215812e-01 5.262242687379927730e-01 7.377261376256039060e-01 6.715774399641813996e-01 3.387653890539642498e-01 2.872658053140960122e-01 2.339509789440231136e-01 9.636082859131486211e-01 0.000000000000000000e+00 8.628838624804079371e-01 9.622928345541196249e-01 9.068554157615918987e-01 9.816371604972879972e-01 7.795879493963682183e-01 0.000000000000000000e+00 1.000000000000000000e+00 2.467423410625708691e-01 6.643115616782377941e-01 7.202016217187146019e-01 1.000000000000000000e+00 6.387746658941608757e-01 4.522910685950877197e-01 9.565220285221652796e-01 0.000000000000000000e+00 5.210360548661393532e-01 5.287319627941595712e-01 5.861903745136819444e-01 1.000000000000000000e+00 9.497998316733377022e-01 0.000000000000000000e+00 5.520000000000000000e+02 1.953684768676757777e+00
8.736741369658176382e-01 9.152254473268448542e-01 2.376417261706059991e-01 4.741021729296731602e-01 9.076392952424580107e-01 3.256594683027251858e-01 6.225473548586026667e-10 2.257569500880012014e-01 8.545751569955430949e-01 8.289686863231598979e-01 3.557917848373544634e-01 1.000000000000000000e+00 1.000000000000000000e+00 1.000000000000000000e+00 5.592989021807451833e-01 1.000000000000000000e+00 1.312376053549724753e-01 5.955984501157671751e-01 5.593446134878816700e-01 2.892175514204619047e-01 5.704900545831380343e-02 1.000000000000000000e+00 9.097648670208633437e-01 9.831179637241311831e-01 6.549445365393978813e-01 3.479247209594936718e-01 7.171520382011679073e-01 0.000000000000000000e+00 8.709454114358230470e-01 5.226251300034298053e-01 4.884238090809528421e-01 9.651275016373958016e-01 5.600000000000000000e+02 1.956259911148636066e+00
1.000000000000000000e+00 1.000000000000000000e+00 8.181850766521273632e-01 3.863891807996653327e-01 8.177882328207447538e-01 3.375627857027618250e-01 7.372124524063361495e-01 3.132110385324729518e-01 2.988770683322704014e-01 1.000000000000000000e+00 1.689446930918130755e-05 8.239608286915218738e-01 6.606713345396366677e-01 8.749801426650849479e-01 7.843366089236070149e-01 7.055278832936985323e-01 7.014308552753817372e-01 4.734813747116102811e-01 9.952954215959520790e-01 4.509567061164357349e-01 4.217032152558735508e-02 1.648439293305483944e-01 8.299821912107154809e-01 4.144152241267418275e-03 9.177485625594441476e-01 1.128808631509650197e-02 4.693434718770974068e-01 7.486723718250737347e-01 3.741725368473463598e-01 8.269610550119577130e-01 4.684206320527856682e-01 9.858327819339185449e-01 5.420000000000000000e+02 2.020708122253418004e+00
2.247291435191370867e-01 5.591864620306505884e-01 6.256692362305671384e-01 2.060773882078632824e-01 5.202896285627303108e-01 2.105285568075741798e-01 2.363952720494082171e-01 7.433755388303574518e-01 7.710636061454327894e-01 9.742165484440086232e-01 3.415785303970919062e-01 8.678570105538017110e-01 8.443656564975833279e-01 9.897082370591459011e-01 6.691616276222844828e-01 1.000000000000000000e+00 5.617636099317886433e-01 8.695933174739329807e-01 3.052364119740838544e-01 6.412104565900422770e-01 1.000000000000000000e+00 4.404645499207164860e-01 1.522262278504379895e-01 4.268530858447897591e-01 9.372450988563025831e-01 7.242145573439227046e-01 1.000000000000000000e+00 6.800746275306174260e-01 3.814100690610426891e-01 8.603078342804439949e-01 1.214853373191383118e-01 5.827595398773717239e-01 5.120000000000000000e+02 2.041146943063446795e+00
1.000000000000000000e+00 2.441023656744580606e-01 3.592038301596482408e-01 2.576151355096772400e-01 7.939675861085579989e-01 6.969247544260351868e-01 4.626619736359997570e-01 9.867057612568261860e-01 6.586499474327530690e-01 8.010710135201694060e-01 1.000000000000000000e+00 1.000000000000000000e+00 1.000000000000000000e+00 5.663745358722171996e-01 7.485099385691111884e-01 9.574798926122778386e-01 6.217128697646746582e-01 1.000000000000000000e+00 3.206978253847886928e-01 3.589046500587326216e-01 9.553856960290086908e-01 6.371529474213650790e-01 9.369037838746223645e-01 1.929769261217580967e-01 1.000000000000000000e+00 9.987346500727735110e-01 3.640489256568380516e-01 7.194024748976223238e-01 2.278398530300351221e-01 4.248086910970307883e-01 4.824591082289871879e-01 4.292531081857149378e-01 5.660000000000000000e+02 1.900299402872721366e+00
9.999997873318339225e-01 1.000000000000000000e+00 6.550352462389484876e-01 1.000000000000000000e+00 9.196452628973689203e-01 4.777649460093055245e-01 1.641581113976481043e-01 9.611193473945764953e-01 4.484211163662528143e-01 1.000000000000000000e+00 9.999999327379015535e-01 1.000000000000000000e+00 9.999624963825779478e-01 9.885540276212070321e-01 1.000000000000000000e+00 9.195551268865065353e-01 4.253246523395218248e-01 1.000000000000000000e+00 7.750977915322599943e-01 5.728822239707893615e-01 9.983171631876860408e-01 9.270933392376242699e-01 5.159526815223270946e-01 1.000000000000000000e+00 1.000000000000000000e+00 2.128320897338913109e-01 9.999976968603435656e-01 5.325648952005624936e-01 7.042251189137688216e-01 9.999991444465339274e-01 6.424341704154556965e-01 9.075067815379099789e-01 7.580000000000000000e+02 1.305529933505588103e+00
0.000000000000000000e+00 0.000000000000000000e+00 5.262172676540726179e-01 0.000000000000000000e+00 1.797631907032564346e-03 1.401740749983480817e-06 0.000000000000000000e+00 2.484184760234819239e-02 0.000000000000000000e+00 2.916794805548764561e-10 8.422535352455795543e-02 1.341518820323565342e-01 3.628215485633609072e-01 4.162382393275102510e-01 4.492945650488632475e-05 0.000000000000000000e+00 1.302949934095341544e-01 3.350432150194623815e-01 1.922104498610286566e-02 0.000000000000000000e+00 5.335895478375970447e-01 3.378294524743062910e-01 1.524358159939188939e-01 3.154375271426742011e-01 3.192444466435597206e-01 0.000000000000000000e+00 2.028670024119674786e-01 1.704603383107388681e-01 6.465274730328400554e-02 4.403346670135424024e-01 1.187050892564399801e-01 1.020475225287867643e-03 1.000000000000000000e+02 4.069923146565755268e+00
4.743704428356637082e-01 0.000000000000000000e+00 0.000000000000000000e+00 1.750848428010359503e-01 1.446153800122157995e-01 8.244806568637846889e-01 1.653196502009978081e-03 5.233577811544395386e-01 4.312384505045451476e-03 9.456536088430725351e-02 1.114821902492052876e-03 3.807120770086274142e-01 4.103298283422627812e-01 2.430932208624049518e-01 0.000000000000000000e+00 0.000000000000000000e+00 6.779464554359534434e-01 4.796588943830525304e-04 8.884373199417100464e-01 3.632084169030460052e-01 1.669810813411236328e-01 6.978754605939091471e-01 9.991797411319046640e-01 0.000000000000000000e+00 7.931283157662665229e-01 1.000000000000000000e+00 7.050638055069861077e-01 1.475130027093801977e-01 0.000000000000000000e+00 0.000000000000000000e+00 5.464772778398400144e-01 8.015786536117008865e-01 3.000000000000000000e+02 3.221264975747944792e+00
0.000000000000000000e+00 2.241186326861829749e-03 0.000000000000000000e+00 0.000000000000000000e+00 6.527545910501469928e-01 4.160775541101395802e-01 0.000000000000000000e+00 1.010761428755619362e-01 0.000000000000000000e+00 2.556474547404075093e-01 8.898608209788363976e-02 0.000000000000000000e+00 0.000000000000000000e+00 7.336361031420257639e-01 6.763558303096300905e-01 5.441446010634472946e-02 0.000000000000000000e+00 3.555515386955959145e-01 1.143551813908249698e-01 0.000000000000000000e+00 7.387699474459115123e-01 2.418632703677944806e-01 0.000000000000000000e+00 5.791325037407583053e-03 3.462843721686350434e-02 1.378517087981930662e-03 1.201200893928791938e-02 2.792804458623230901e-01 0.000000000000000000e+00 0.000000000000000000e+00 0.000000000000000000e+00 0.000000000000000000e+00 1.340000000000000000e+02 4.008043416341146248e+00
5.615861954250834787e-01 7.062237326212348343e-01 5.582145983803283862e-01 2.846774377525423255e-02 3.576476832806196882e-01 0.000000000000000000e+00 6.027214520737086273e-02 7.405254561331988672e-01 1.662211172597056197e-01 6.051853853447706211e-01 5.998385717948421375e-02 2.377100671026268763e-01 4.030368256390461857e-09 5.053533842184000369e-01 4.550236986383691118e-01 9.659324401517765946e-01 3.343998042281945970e-01 7.171303748037598513e-01 8.948544682712663567e-01 8.033312936707035501e-01 3.214010278242824814e-01 3.601263460139952910e-01 4.319813289923006838e-01 5.412555055982747332e-01 6.687162757270214142e-01 2.096933067185864294e-02 3.145239701108714647e-01 8.049204808813187340e-01 2.285341474741246215e-01 7.510425500960972167e-01 1.293616994482992832e-01 5.287607096876892898e-01 3.240000000000000000e+02 2.649575769333612385e+00
9.541306603175848666e-01 8.886833422374411651e-01 4.945083686930557693e-02 1.507698623287745954e-01 9.571803539036992658e-01 1.709085226930666945e-01 3.588025616064297735e-02 6.050876028560644437e-01 5.247307110292043220e-01 1.947326062695809712e-01 1.368945300629242634e-01 5.522353971395000949e-01 1.131748221502163060e-01 8.459216897181107697e-01 3.257082899750634031e-01 7.931613086762546727e-01 2.349977573597835101e-01 5.137419452453767521e-01 9.930599198189177246e-02 7.703585998783393229e-01 6.709859005724737591e-01 8.753678637364277204e-01 4.510160521532655120e-01 6.816382632803139607e-01 9.597394988980312291e-01 4.171737669716769625e-01 5.289952042919539021e-01 1.943946430195985786e-01 7.158939352935026479e-01 2.890788575717882503e-01 3.133332637221402650e-01 2.990973407808308893e-01 3.740000000000000000e+02 2.430056645320012088e+00
9.896587107545397055e-01 8.791036343946683207e-01 1.865418409952194351e-02 3.159668230431987301e-01 9.826207418142195449e-01 3.607442736370137376e-02 1.328516479471599822e-02 9.835333903845636661e-01 7.397026261150208004e-02 5.523705310426636483e-01 9.014581504758631403e-02 8.006479440498507349e-01 0.000000000000000000e+00 7.959190524196582128e-01 5.668229068884218791e-02 1.000000000000000000e+00 5.946958763965348727e-01 6.908285651043588604e-01 1.341552450760541138e-01 6.281867678691742674e-01 6.483827435611899670e-01 1.000000000000000000e+00 0.000000000000000000e+00 1.607340880124910887e-01 9.984152051713860443e-01 6.131964840510471804e-02 2.819317433693127040e-01 2.299808494755418737e-04 4.019815368180822968e-01 5.743785747071188386e-01 0.000000000000000000e+00 3.797015175858525771e-01 3.900000000000000000e+02 2.598787095811631698e+00
3.692694833991544412e-01 1.359832640018151032e-02 3.207066174046604671e-11 1.823686021111653108e-02 2.523510404522569806e-01 6.452867706999615703e-08 0.000000000000000000e+00 3.918878198177610517e-01 5.385890051189284877e-01 9.297715417392240500e-01 5.353693980554027577e-11 2.863782925131760360e-01 1.629376520403256756e-01 9.509446136956946072e-01 2.925799623049141207e-01 6.461668754206321801e-03 5.830834145978645022e-01 9.491778706961795375e-02 3.112626087808624195e-02 7.042846350102098807e-01 3.396353489733691111e-01 3.163538385889930887e-02 2.083505152284335360e-01 0.000000000000000000e+00 8.930664796626921476e-01 3.329713981657120292e-01 5.334925427736763037e-01 9.999999354713229316e-01 1.825355683848065924e-03 4.403800859569080295e-01 6.476705268927493431e-02 7.112379329639993523e-03 2.380000000000000000e+02 3.449501255580357029e+00
1.000000000000000000e+00 5.951776739119155613e-01 7.835377304723449843e-01 1.184769595021924193e-01 9.770292258310512290e-01 2.578999987875778555e-01 1.100848763557308457e-01 1.662856225014808509e-01 7.894807812821477144e-01 5.808697266985962671e-01 4.397176262883668030e-01 6.281469144847852057e-03 9.994826752793862790e-01 9.999999978079726626e-01 4.241929997660726093e-01 7.443979647227597640e-01 3.583322125246849454e-01 4.048534260246049454e-01 8.804971555358495072e-01 8.757028382448917014e-01 5.923071482253500220e-01 7.573668097578112324e-01 2.950284664719511896e-01 2.210032499391452465e-01 2.576933295381156341e-01 3.279731901303524766e-01 8.300002967151381972e-01 3.859466181882446056e-01 2.025345038160727140e-01 1.000000000000000000e+00 6.401967658754265100e-01 2.420800386830000983e-01 4.280000000000000000e+02 2.354653676350911606e+00
9.999999995202010217e-01 7.703512734444366572e-01 3.597659495025811172e-01 2.356600497570469355e-01 4.406837899970929007e-01 3.013462169158378501e-01 1.929298346830967624e-07 8.655238573961219206e-01 6.327806753060143397e-01 9.832705100364519391e-01 3.517990232224531555e-01 8.173511401816020427e-01 5.037813362619446567e-01 9.562199557584070142e-01 8.260093630341691640e-01 9.930125918650957173e-01 6.572262855106875135e-01 1.000000000000000000e+00 1.952483723921929759e-01 7.112440448296516449e-01 6.049734875555036195e-01 9.924456988384359191e-01 9.372213457007473325e-01 4.269242387320780763e-01 1.000000000000000000e+00 4.145168443935088876e-01 6.740922718698347804e-01 3.499381937711567025e-01 3.107954477525456949e-01 7.088751079308522329e-02 3.491780750670792077e-01 6.081907426060262356e-01 5.300000000000000000e+02 1.853586196899414062e+00
7.849142079315416520e-01 1.000000000000000000e+00 1.183802243158358636e-01 1.354451388613095997e-01 9.623455219391416904e-01 7.363329588310755236e-01 2.948090543465688995e-01 4.272635079785996881e-01 5.578002906944081740e-01 5.307544870632242562e-01 1.275088720159008558e-03 4.943493455600129760e-01 8.605991956541573229e-01 1.000000000000000000e+00 6.470493519176275798e-01 9.982264983871073083e-01 6.237532822125817500e-01 9.999939283580618898e-01 8.274473536119980599e-01 9.889895225275457946e-01 9.969798634913827895e-01 7.154802116346578034e-01 4.160876268983825232e-01 9.920230789467554544e-01 9.451186260615039858e-01 4.302615242171220489e-01 9.096472062803143688e-01 9.865987988918690776e-01 8.462875855352751664e-01 6.159633824645476263e-01 3.304832316461610575e-01 2.654408453941669022e-01 6.100000000000000000e+02 1.710961363050672590e+00
9.999997037490654384e-01 1.000000000000000000e+00 4.605598267911118482e-01 7.004763533198323823e-03 4.336963919161321290e-01 3.904564956776321316e-01 1.632526433606403274e-06 3.680980751827622188e-01 6.871422224472928386e-01 4.038890769025169636e-01 9.999185040162457128e-01 8.787050213924296749e-01 9.999995179992846595e-01 9.998318523912382849e-01 8.432279804075674089e-04 4.938386134064240984e-01 7.973099815926109057e-01 9.947617348518121849e-01 3.757240742582946824e-01 6.710003981752452051e-02 1.000000000000000000e+00 9.052878710721738997e-01 4.942163343990249591e-01 3.292973526454120448e-01 9.998847701008006794e-01 1.888397729997073338e-01 2.216134518134136311e-01 9.146163490188621292e-01 6.764281142138033331e-01 1.000000000000000000e+00 8.542229343802679731e-01 4.343294324643863780e-01 5.420000000000000000e+02 2.029570522642972108e+00
6.511527491816315738e-01 1.000000000000000000e+00 1.195057535293704981e-01 1.178454958537836737e-02 1.000000000000000000e+00 9.234357814780783658e-01 4.978494944205463790e-01 3.835194132957367996e-01 6.695415406079673337e-01 9.195521660418773946e-01 5.313232296101442209e-01 6.480798967911264308e-01 1.000000000000000000e+00 9.987890761468121159e-01 7.120395040288991506e-01 1.000000000000000000e+00 6.926033672091971294e-01 9.125504428901863863e-01 6.252984249584099263e-01 1.000000000000000000e+00 6.244347512911081477e-01 9.369915398053032529e-01 3.280988838409493180e-01 6.963899828944326575e-01 9.988225722480240654e-01 3.257918248533987066e-02 9.450801905833293715e-01 5.536531359655597617e-01 6.389808103808577444e-01 9.801002472832371915e-01 5.086735712420485944e-01 6.774563684976183664e-01 6.220000000000000000e+02 1.576921710633395035e+00
9.999999999390983829e-01 9.991090536929750909e-01 1.970033444402554956e-01 4.668523782223087393e-01 9.183761539780215255e-01 4.515064936725576156e-02 2.740659206814561460e-03 1.666708855533646089e-02 9.718826277824339499e-01 9.812809121275881674e-01 8.361227739516835511e-01 9.921594629871145488e-01 3.402956533479401524e-01 9.999999998792425959e-01 9.993143480025266090e-01 6.715738628307224012e-01 3.860069058949310017e-02 7.240817911776340488e-01 6.796801862129033811e-01 0.000000000000000000e+00 9.999675445423790165e-01 2.383238560576162457e-01 8.743836805621124642e-01 2.194862404495032462e-02 9.040306582674201286e-01 3.516011934628525491e-03 2.304100287093175103e-01 6.020374316541209359e-01 6.661447507339162133e-01 8.901929969857798330e-02 3.840303581642147690e-01 4.509588657659477362e-01 5.140000000000000000e+02 2.175756937662760127e+00
1.000000000000000000e+00 9.588572983178570430e-01 3.957833519089496987e-01 7.190818860181577010e-01 8.615067085295774474e-01 8.716287393937641736e-01 9.228543342564761165e-01 3.505528876952925255e-01 2.524698542371178189e-01 9.999106821142564883e-01 3.590687695594817165e-05 9.999501161451337383e-01 9.999999997036086441e-01 1.000000000000000000e+00 6.688445764128012616e-01 9.968154702156765135e-01 9.999988083536683892e-01 9.999815096328634745e-01 6.386888348682875360e-01 5.177272358358336879e-01 8.229831024111847748e-01 7.897952797069154318e-01 9.697480498181838549e-01 6.341224023666395260e-01 1.000000000000000000e+00 4.190063022150479211e-01 9.935655449811130469e-01 9.886251593800579052e-01 2.805599730870595443e-01 6.167118776170468220e-01 5.353446932101668665e-01 6.287690910901636010e-02 6.840000000000000000e+02 1.606132303873698097e+00
9.447800822959310230e-01 1.000000000000000000e+00 4.437184868345584454e-01 1.084619917047567050e-01 7.688676076682252614e-01 3.859248942956171602e-01 4.204938645830618577e-02 1.239732806273274174e-01 3.878200022742797626e-01 7.267126173234558228e-01 4.460888794091106280e-01 8.176465367890859426e-01 9.758215678216031197e-01 9.388285295920073548e-01 7.595948576236756233e-01 4.007478570845189325e-01 8.899836735382972153e-01 9.551477444765731351e-01 2.963254984769053135e-01 6.138014554502905229e-01 9.978451629117999211e-01 1.000000000000000000e+00 7.893497774034410538e-03 5.548963247731150128e-01 9.894587377643113690e-01 1.000000000000000000e+00 6.180614104344169801e-01 7.287753923282818125e-01 8.631311643658922117e-01 7.983212627899297642e-01 2.114922663546510706e-01 5.322805786160558217e-01 5.600000000000000000e+02 1.770030339558919197e+00
1.605890783728650684e-01 9.612359123287158580e-01 5.677436113320372124e-01 4.466192348203324447e-01 4.797975940178748622e-01 5.407008055025743776e-01 1.519663250594976978e-01 6.737224728434740850e-01 8.663120495616933869e-01 8.581444683209039637e-01 4.136790640459740431e-01 1.000000000000000000e+00 1.764521898580719284e-01 9.957288171970990476e-01 4.444826623135477717e-01 2.227291686820485339e-01 1.250704769508423006e-02 1.000000000000000000e+00 9.070923099508998444e-01 5.928478238279074608e-01 3.112652007309072433e-01 7.905412976050240070e-01 5.814816463965351012e-01 8.167019910697188578e-01 9.824541066252781008e-01 2.915684630559693957e-01 2.209602383011888826e-01 2.122771286931736390e-01 7.723086470642051005e-01 2.473484217247916839e-01 1.233039120796999843e-01 9.914378212289937098e-01 4.660000000000000000e+02 2.246529960632324130e+00
9.999999589045088788e-01 9.227075967892830466e-01 8.116873137696249962e-01 1.462474060320557989e-01 9.690470063945244572e-01 8.502464256625476002e-01 5.343015226771967718e-01 6.410144089864107109e-01 7.141184460567965298e-01 8.239866222565412901e-01 1.000000000000000000e+00 1.000000000000000000e+00 2.409834844005223076e-01 9.999998408562827956e-01 5.828380943152936533e-01 9.999997711059770422e-01 3.787088824491036121e-01 9.881528833725018446e-01 5.311845786591475882e-01 9.999988546622695651e-01 7.893202316204240843e-01 9.999999487343476101e-01 3.636596375429630990e-01 4.532152422106303646e-01 9.566933679572602323e-01 6.970142782140468229e-01 7.078482150301860232e-01 6.100038128269621440e-01 8.668654379870475157e-01 8.912178750104174929e-01 2.961593410826153794e-01 8.808789244024874954e-01 6.900000000000000000e+02 1.485999853346082977e+00
1.000000000000000000e+00 9.995708346642238062e-01 9.920715962584649716e-01 0.000000000000000000e+00 5.450188846959648226e-01 2.026356196795312259e-01 8.388796565142814243e-01 6.300608399357979783e-01 8.620985898442631301e-01 9.999564389053886559e-01 0.000000000000000000e+00 2.591015120934787516e-02 1.000000000000000000e+00 6.150767813104035531e-01 9.355866374641355065e-01 6.637509728908741469e-01 2.850190707937280132e-01 9.427911934839980912e-01 7.066702914226471455e-01 9.937419573745519541e-01 1.000000000000000000e+00 1.000000000000000000e+00 9.568205797405020530e-01 1.867868307447852899e-02 1.000000000000000000e+00 1.270263254796613339e-01 1.000000000000000000e+00 5.434216660286789180e-01 8.038571834490360057e-02 8.341378331423118242e-01 3.447300324254605197e-01 2.531169665675186420e-01 6.200000000000000000e+02 1.839279556274414196e+00
1.000000000000000000e+00 9.848748127572248823e-01 2.421291818224925452e-01 2.261388929134438286e-01 5.831407838338131810e-01 2.837269412880200070e-01 1.118263558335545887e-01 6.452883051052944463e-01 7.265023421779875923e-02 9.999993973627429034e-01 9.568941395411392214e-01 9.367201089310533968e-01 1.000000000000000000e+00 9.996330461940052814e-01 3.160209633617157565e-01 6.916725300321552306e-01 4.326343980089215613e-01 9.976213155755324635e-01 9.168414945129645943e-01 6.491312227994845419e-01 1.000000000000000000e+00 8.638142034670696079e-01 3.734584298253763590e-01 4.452317742513436372e-01 1.949444693333933776e-01 3.288416054599317406e-01 8.196517172042606658e-01 4.218822296081388701e-01 3.167891101203920146e-01 9.144021684030069208e-01 2.370766172865957089e-01 9.769054962707931500e-01 5.660000000000000000e+02 1.830894689206724157e+00
9.999993718865871628e-01 8.372747701173856028e-01 0.000000000000000000e+00 1.590043612136980700e-01 9.638547705913930175e-01 7.450856882703721373e-01 4.749014527028813104e-01 0.000000000000000000e+00 6.844789772745984990e-01 6.704969278002395061e-01 2.429901110483770055e-01 1.000000000000000000e+00 9.999750017630816279e-01 9.343435316374221200e-01 9.999824088946750456e-01 9.998149967209015720e-01 4.434979765094891335e-01 9.993153050813250449e-01 3.268565571721309803e-03 8.092387801994582741e-01 9.007712171893753617e-01 9.995908464568332708e-01 9.999999950650028113e-01 1.435289846077435760e-01 9.998134851483991836e-01 4.279376121045824766e-01 8.425477074634969421e-01 4.900430615691030445e-01 9.332322133737479541e-01 2.003736645699762953e-01 2.655165505675336490e-01 1.000000000000000000e+00 6.460000000000000000e+02 1.631044697231716301e+00
1.000000000000000000e+00 9.722030851703074017e-01 2.843284777431956227e-03 3.323288130154322118e-01 4.791868810148716684e-01 1.000000000000000000e+00 1.164951739058420477e-01 8.324572108015253213e-02 9.995969459483574626e-01 8.015450572861417822e-01 1.272612880196269669e-01 8.982565544057479201e-01 3.787754202029128825e-01 8.565681304635145432e-01 9.839879481839161057e-01 1.000000000000000000e+00 6.741587982507770693e-01 1.000000000000000000e+00 4.757533645291336932e-01 9.564322751733335126e-01 8.367625236889950635e-01 9.387683680159564226e-01 9.722872711302046334e-01 3.207357614220828212e-01 8.932726011722678106e-01 9.999999756436200871e-01 1.000000000000000000e+00 2.107962154351985806e-01 7.262613279313756554e-01 7.222090803173868423e-01 7.071602300762711568e-01 5.670526465609335709e-01 6.560000000000000000e+02 1.578574786716037126e+00
7.383915509378528030e-01 9.783875299538287162e-01 7.126264883260392535e-01 4.351845422585984835e-01 4.083979062433945040e-01 6.483438852570803101e-01 7.733254093705951293e-01 3.827433475789564499e-01 8.313756268537270122e-01 9.748161830471241407e-01 5.139969058244465705e-01 7.188552455485063275e-01 1.076903504807915496e-02 9.964559563360382288e-01 1.409754623190393463e-01 9.827267481055091958e-01 5.423210605829292819e-01 4.525699576090470577e-01 9.997870375929786002e-01 6.247069864925416383e-01 9.290325044956172507e-01 5.339619426968553739e-01 5.855311148172311908e-01 1.455839034956405154e-01 9.999874315877964603e-01 7.158117298515314086e-01 1.951861010952940789e-01 7.794038044479608685e-01 5.702288446919423492e-01 1.193980935890145006e-01 5.494271661834544407e-01 8.977763423354292449e-01 5.020000000000000000e+02 2.089552989904431168e+00
9.998271756091547946e-01 9.437715334898894026e-01 1.578784272416377393e-02 3.811761672574254245e-01 3.855533074625341339e-01 0.000000000000000000e+00 1.923872573653235551e-01 6.962126881427777025e-01 8.388164340011659923e-04 9.958437377537455726e-01 7.573481049383169461e-01 6.694747162632659343e-01 8.094847432400796572e-02 9.999999844210084587e-01 4.762547744959036988e-01 1.000000000000000000e+00 9.434948862022827232e-01 3.606892877820128650e-03 6.057123263789843115e-01 8.507802564322682892e-01 9.956199323557979319e-01 9.998565239260462922e-01 6.043670875705270396e-01 9.999999841326711048e-01 1.000000000000000000e+00 6.692129658698845462e-01 3.921808444748614009e-01 1.000000000000000000e+00 8.863923383532998912e-01 0.000000000000000000e+00 5.325422129387672454e-01 6.759235543561520343e-01 5.700000000000000000e+02 1.916220066003632150e+00
9.845965776262164404e-01 8.300815197407516166e-01 6.364463633023871303e-01 0.000000000000000000e+00 4.308846919797962305e-01 1.225893138452464198e-02 4.876940450093094070e-01 8.353301416220766384e-01 5.799162924441157996e-01 4.172804023644881566e-01 1.208871145327251873e-01 7.903966849361578895e-01 1.000000000000000000e+00 6.508606597954110784e-01 1.628219129792065345e-01 9.997602678328960657e-01 4.405493092828596247e-01 8.460999135549092109e-01 7.207036977582306537e-07 2.046051704852307473e-01 9.860163354644307931e-01 1.000000000000000000e+00 9.897729087858997410e-01 2.699677518529392528e-01 8.733789002233564025e-01 4.813448969407995714e-01 8.698537913436730218e-01 6.460951818672824309e-01 1.216970806313901615e-01 5.008058206326028161e-01 5.520324712770803277e-01 2.090663162199001834e-01 5.040000000000000000e+02 2.066080317421564949e+00
1.000000000000000000e+00 1.000000000000000000e+00 2.132425682844841797e-01 1.987601325445568223e-01 6.052100947619484250e-01 1.358424584637051291e-01 4.744943680608595254e-02 0.000000000000000000e+00 3.773346280767480021e-01 7.464900077555606250e-01 5.924161106363278195e-01 5.210630336071989666e-01 2.578616338612483849e-01 9.019084395105315677e-01 5.768415457780735611e-01 8.079542219218039945e-01 2.465364915029084336e-01 9.957434278755460388e-01 5.571037319395031329e-01 9.446474932205207731e-01 9.999998389427131595e-01 9.446786507394958621e-01 3.936918239069639447e-01 3.249007083519834249e-01 9.432713632591827047e-01 7.943153213232743148e-01 1.000000000000000000e+00 1.619004420851254513e-03 9.946649204090721175e-02 5.349954525348104006e-01 2.356018754872438170e-01 5.745006890300365932e-01 4.560000000000000000e+02 2.094675584272904789e+00
4.850754237145847581e-02 1.000000000000000000e+00 7.506582998565656251e-01 0.000000000000000000e+00 7.324065999080328071e-01 1.598864223016002728e-02 2.196953476596814614e-01 5.764792359780769315e-01 6.389237393127613013e-04 9.171669723686701747e-01 6.229850054961936416e-05 1.535195481345968671e-01 9.999999994469924713e-01 9.878591945811805441e-01 0.000000000000000000e+00 1.973380115051681094e-01 1.297908074945534618e-01 7.168052227436972901e-01 5.150703103401691463e-01 8.120350456026228514e-01 2.936044541801454688e-01 9.602924851424781139e-01 7.256452164207011224e-01 0.000000000000000000e+00 1.000000000000000000e+00 5.485466554179112553e-01 4.167129376406505936e-01 0.000000000000000000e+00 5.307651767463974490e-01 3.307336996417879482e-01 2.414486918663890647e-01 7.749969221775492301e-01 3.820000000000000000e+02 2.643197092692057382e+00
9.999997492948332622e-01 1.000000000000000000e+00 4.698590051049009175e-01 2.578102962082252647e-01 3.794018106120314315e-01 6.378822185602471828e-01 7.100293829653862021e-01 7.072847003160934731e-01 9.992787346005067572e-01 7.416270224330701044e-01 9.999199568806205196e-01 5.240026520220911754e-01 8.320428339773780491e-02 1.000000000000000000e+00 7.722820423675478274e-01 1.000000000000000000e+00 9.999972729543485928e-01 1.000000000000000000e+00 1.000000000000000000e+00 9.815095845273041908e-01 9.103690295044286618e-01 9.992948581348111148e-01 8.642398135660738223e-01 8.142125404562225999e-01 1.000000000000000000e+00 9.999969327431932342e-01 9.998406563724381302e-01 5.508330535857101085e-01 7.110589301575394039e-01 8.529271723377066516e-01 8.370527663983766686e-01 6.686082606319594390e-01 7.540000000000000000e+02 1.289065248538286079e+00
3.634940055437844153e-01 9.998802269789630603e-01 2.624615260404131178e-01 4.521407284667829929e-01 9.480847177735506337e-01 7.165064895244804832e-02 5.332067805046887266e-01 5.810940859368782796e-01 8.446238262570512356e-01 4.619152509139679563e-01 3.972025170402882499e-01 2.434865136476938030e-01 9.239557063998080633e-01 7.938822749128696676e-01 8.583219047816051384e-02 9.999961615571261175e-01 8.758324405583262084e-01 3.058310946690149246e-01 8.011018048561995286e-01 6.303659677314796816e-01 9.977767450014090045e-01 9.488490903709325686e-01 5.446864241169128151e-01 6.340272690033013081e-01 1.000000000000000000e+00 8.224242252930384633e-02 7.054974948049688166e-01 5.435591635303939073e-01 4.150213881526099158e-01 5.635325262972411542e-01 1.000000000000000000e+00 5.619238806985693557e-01 5.140000000000000000e+02 2.065042901417565968e+00
6.406457086267829393e-01 4.724640090824681060e-01 2.624260045633720062e-01 3.470011815309870795e-01 4.777568986685305774e-02 9.847311354675995776e-02 3.110838310618706855e-03 4.818297400664393604e-01 8.312251387264593117e-01 5.112966570635795183e-01 5.902227493671391434e-01 9.978123782303066625e-01 4.027061603219699304e-01 9.997725065276712453e-01 9.094010808636033838e-01 2.744744536843198857e-01 1.350315549644538423e-04 8.659105547578607176e-01 4.091021221850233425e-01 7.274730618143905314e-01 9.183252036569734544e-01 1.000000000000000000e+00 9.737492968094995094e-01 3.347186367133423990e-01 9.998715670353208740e-01 7.459140204952139364e-01 9.970894246822854523e-01 1.927050409244703555e-01 9.917506434792066061e-01 5.489350355001827442e-01 5.615973211865489256e-01 2.143903251170916346e-01 4.940000000000000000e+02 2.125031474279979182e+00
2.788970286932040410e-01 9.998428806406272074e-01 5.510653327679196911e-01 5.139968869194813106e-01 4.457164832915536667e-01 5.561256282116820993e-01 1.610361087202987485e-01 9.927938954194620580e-01 6.209633433061040320e-01 3.279097083217332731e-01 4.914272932095352098e-01 2.350636887851011436e-01 1.000000000000000000e+00 5.810751731811145682e-01 8.265080556460909778e-01 6.267326572906070092e-01 6.793046101591744268e-01 5.520651187927381187e-01 6.423722987088725286e-07 1.000000000000000000e+00 4.093405541376588519e-01 5.358756782532443363e-01 1.289963062097785884e-01 5.854717239216910007e-01 1.000000000000000000e+00 4.045440779232762352e-01 1.654230939336298334e-01 9.834330703788628503e-01 7.467959332013685003e-02 9.220575047403963831e-01 4.021472509961745434e-01 8.806381093790534020e-01 4.540000000000000000e+02 2.231722450256347745e+00
1.000000000000000000e+00 9.668860057410932907e-01 8.251529573768604520e-01 3.228711602443154471e-01 8.986084586805459518e-01 1.000000000000000000e+00 6.697458978799253337e-01 2.721368122419052793e-01 9.107076836837837419e-01 2.459143027228827827e-01 5.816938632745213278e-01 1.000000000000000000e+00 2.867102974781639557e-01 9.368580238205244104e-01 1.000000000000000000e+00 9.348405857753917525e-01 9.952439494350199256e-01 9.900034241925063094e-01 7.462915092987164600e-01 8.748602051221427978e-01 4.421455919907850696e-01 8.489214996673898339e-01 8.381540819502234507e-01 6.420886239125910278e-01 9.830998524742319278e-01 2.350052654859602908e-01 3.056987838647642342e-01 9.593388769513883085e-01 8.088675891671374130e-01 4.167779499739676097e-01 4.819060470049102984e-01 5.246239486665442708e-01 6.880000000000000000e+02 1.548590632847377080e+00
8.734503610973887167e-01 2.372145573456193035e-01 2.787259120778421417e-01 1.079894275377450280e-01 9.055907144225611161e-01 1.674940325107644179e-01 3.705396289520017095e-01 3.833680876228505174e-01 6.241465428027904716e-01 1.000000000000000000e+00 4.221121369075022112e-01 9.163121722863520890e-01 7.809128061418321165e-01 5.959230888781734681e-01 5.330532412305415413e-01 1.000000000000000000e+00 1.916611575238456600e-01 9.661386015062742860e-01 3.387570223777312817e-02 1.000000000000000000e+00 9.802873006275419909e-01 8.690721017240509161e-01 4.925767055942839034e-01 3.877318896293102668e-02 9.753985498787980379e-01 1.000000000000000000e+00 6.740979508539751697e-01 6.478699025616161400e-01 4.762359188328488813e-01 9.998143865953383891e-01 8.541903843865812362e-01 9.943087358310949142e-01 5.780000000000000000e+02 1.994158716554995214e+00
1.000000000000000000e+00 1.000000000000000000e+00 1.507177926590774764e-01 3.471440270675204554e-01 7.931297021554418736e-01 6.173244960106191170e-01 7.807621974333600612e-01 7.143581671666631161e-01 9.990341945297481763e-01 3.203448512495505329e-01 3.301732685537557832e-01 6.754294486752160376e-01 6.656102265183347910e-01 1.000000000000000000e+00 7.208832904414969045e-01 9.999048888740593721e-01 9.122220611328329953e-01 1.000000000000000000e+00 7.369806101104917628e-01 7.986153769626236354e-01 6.327221581338393630e-01 9.971306466940274005e-01 3.729756706281056045e-01 3.466942769237924549e-01 1.000000000000000000e+00 5.573555712079744096e-01 7.805221877511547834e-01 5.753239044489945053e-01 7.358320335741946883e-01 2.169045672538438274e-01 3.720263466764157645e-01 6.502375396919539696e-01 5.420000000000000000e+02 1.660473489070284137e+00
9.999951052908858662e-01 1.000000000000000000e+00 1.351006350329046697e-06 4.821608579959279182e-03 9.999787663860284503e-01 5.571605862616604288e-01 5.115023770225545219e-01 9.478130812616269996e-01 9.999429104442499883e-01 7.702924018197003786e-01 9.707020631104822384e-01 8.246234174921195370e-01 1.260206282866184295e-03 8.857573326438696881e-01 8.351714230211959578e-01 9.999315837143392116e-01 6.240287195887574967e-01 1.000000000000000000e+00 6.450993854025084406e-01 9.999996076813097989e-01 1.000000000000000000e+00 9.373418175647935113e-01 3.858530669715266592e-01 9.883064476939189547e-01 1.000000000000000000e+00 3.204527195641937443e-01 5.257079315452043433e-01 8.580032386123522814e-01 1.000000000000000000e+00 6.221956579940780552e-01 6.588862231571492867e-01 2.368250194272736864e-01 6.980000000000000000e+02 1.520584306262788177e+00
4.521731726095979953e-01 9.960805022484958693e-01 4.716355379696850481e-01 5.943254375908744169e-01 1.096815396521095831e-01 9.517085960044752158e-01 9.374897323241150326e-01 8.001943506985196297e-01 9.375484586788916941e-01 8.793111605114432017e-01 6.862510230633054320e-01 5.875614876312151846e-01 9.259836418586813167e-01 9.872677067552647623e-01 4.332172267096323082e-01 9.745864841822963198e-01 7.472256176016420781e-01 9.999564899221451419e-01 9.610373374618209619e-01 4.080796494882426018e-01 9.814804739724171112e-01 8.634559060692038601e-01 6.348507905705687016e-01 4.348209566820285810e-01 9.998471909615916919e-01 1.744300565692639693e-01 9.588964611807498928e-01 3.663919433211905718e-01 9.904729627983646090e-01 3.524617336270282064e-01 7.662413813574010524e-01 3.220025537953132289e-01 6.480000000000000000e+02 1.678788757324218617e+00
9.712712885777275984e-01 7.007351119168808706e-02 4.342266096981992618e-01 9.616253585185813302e-02 9.941333894796712256e-01 8.773416994405893732e-01 4.814504475380442655e-02 3.537647037277222295e-01 5.513438260859688800e-01 7.314042725511445131e-02 0.000000000000000000e+00 9.833705806681136696e-01 9.799817033802176169e-01 5.637722371074361805e-01 8.335994215701825194e-01 7.087787741748768910e-01 1.765050956424862594e-01 7.263065428899964093e-01 4.574456235445369390e-01 6.729477467002463742e-01 8.325316763796442032e-01 9.861471836501859434e-01 1.952700025068349332e-01 9.999947473743471260e-01 1.000000000000000000e+00 8.606159165211300088e-01 7.563082374619808923e-02 6.443404811072609428e-01 6.973686282494628852e-01 1.152465204675377775e-01 5.917018026954978631e-03 2.289372439930603409e-01 4.920000000000000000e+02 2.488746721782381766e+00
9.994770477896887106e-01 8.606571861311651528e-01 9.502956262564544732e-01 2.187736918919967466e-01 6.040220941731320181e-01 4.262957687390538930e-01 3.010518692040338729e-01 8.678564745170925798e-01 5.835104577427030481e-01 6.643942021671913611e-01 2.044257637820984241e-02 9.915458415092174294e-01 6.551572678385304549e-01 9.858686120681635634e-01 3.701328483649073964e-01 7.414589979438999112e-01 6.595554444095435009e-01 8.103966484900864131e-01 8.232342109895601778e-01 9.079359669561177792e-01 5.028821733274638772e-01 8.019544107196453497e-01 6.803901569669130733e-01 1.000000000000000000e+00 7.428349141449996917e-01 4.622786804018868545e-01 5.089661459071337379e-01 6.960778009241517239e-01 6.840590532784008859e-01 3.874218302851614171e-01 9.989218611086317923e-01 6.534539942126742496e-01 6.020000000000000000e+02 1.666381429036458250e+00
8.145981231987294846e-01 1.000000000000000000e+00 6.786947686510527156e-01 5.108142541002568260e-01 5.608617580044649165e-01 5.092755027703660398e-01 5.657875871683999414e-01 7.947355703905788493e-01 7.080577461410022533e-01 8.057678308638485110e-01 9.999399676761809852e-01 8.965008493518940025e-01 9.995491578860499216e-01 1.000000000000000000e+00 5.657582801236641368e-01 9.723129742914641271e-01 3.381355347135442391e-01 4.884793253372124444e-01 5.105841592851363409e-01 6.832015024048890828e-01 7.903530181572142599e-01 9.999518423397171230e-01 9.719870229288630759e-01 2.173751911173082418e-01 1.000000000000000000e+00 9.952498034044945374e-01 9.983082640211622394e-01 7.100647216622684166e-01 3.579665827764634822e-01 6.048632969418060723e-01 9.535466393202803870e-01 4.050207090664107445e-01 6.360000000000000000e+02 1.516472781146013915e+00
1.000000000000000000e+00 7.059749299903671504e-01 2.405071177422481998e-01 7.027536764608216524e-01 7.579404427254089471e-01 6.489984305626663730e-01 9.219230866993556317e-01 8.082830136366073726e-01 9.830566723429579046e-01 4.587188150196943037e-01 2.450797912130421585e-01 9.336966175938598012e-01 3.031858782548543796e-01 1.000000000000000000e+00 9.898766331848777300e-01 8.074072662863425176e-01 6.113542488035269562e-01 7.969905522787061880e-01 9.666637050329237590e-01 1.000000000000000000e+00 8.361607945779035989e-01 9.509567081992478244e-01 4.994857489404501416e-02 4.594437398168378928e-01 7.450726662527790145e-01 7.621876049523162999e-01 5.441633693190229826e-01 4.961743965956302849e-01 1.130929601983042265e-01 3.808869229047048277e-01 5.469474974485720453e-02 6.605896293669401009e-01 5.820000000000000000e+02 1.779580459594726660e+00
1.000000000000000000e+00 8.477187810592341499e-01 3.036393239021314278e-02 3.294329177479203841e-01 6.394926993440690488e-01 1.000000000000000000e+00 3.808324659689112934e-01 9.999999935607849499e-01 1.000000000000000000e+00 1.334984538689877320e-01 9.921493409392139196e-01 2.862585191905390736e-01 6.772964010277514324e-02 1.000000000000000000e+00 8.579855088163478305e-01 9.066426222075886221e-01 8.711474072347520359e-01 9.119345045901894320e-01 6.942118960327089416e-01 9.015252192395126762e-01 5.184155500508810244e-01 1.000000000000000000e+00 1.000000000000000000e+00 1.267464739887357306e-01 1.000000000000000000e+00 1.000000000000000000e+00 4.856849719358829476e-01 2.826441851701474439e-01 1.000000000000000000e+00 6.351408838449928984e-01 5.192348461556530737e-01 1.701421643419710195e-01 6.420000000000000000e+02 1.829650599161783964e+00
8.836416652117087267e-01 3.764736026914453637e-01 3.636346427752791266e-01 3.350917341737675303e-01 4.836202209661825679e-01 2.243999012216975201e-05 6.045024076067518903e-01 8.045285243627969818e-01 0.000000000000000000e+00 9.998468872899520798e-01 7.833481168222243829e-01 1.000000000000000000e+00 4.441083955691403351e-01 1.000000000000000000e+00 7.303315965287349165e-01 8.154036354025853139e-01 4.329418127370586733e-01 6.089057949871336251e-03 7.452763223204931231e-01 9.999771607183773892e-01 3.782584508940946000e-01 4.142010565939219791e-01 4.344185061937987265e-03 3.756492725527663668e-01 9.944406623385360078e-01 0.000000000000000000e+00 8.076586098867819530e-01 2.284508539217704470e-01 4.336631302634754450e-10 9.997821473525632108e-01 0.000000000000000000e+00 1.171872221601839154e-02 4.560000000000000000e+02 2.482578820893258431e+00
9.972751811798742372e-01 1.301686940213266919e-01 3.733154789072469504e-02 6.289039615680050987e-01 0.000000000000000000e+00 3.354923326965721748e-04 9.695661972884606072e-01 1.660657250752175379e-02 6.936612887634303719e-03 2.209183077663832429e-01 1.927199903598632053e-04 7.018865343672929802e-01 6.030079366262409979e-03 9.806397612748607440e-01 1.000000000000000000e+00 1.000000000000000000e+00 9.753665206353157036e-01 0.000000000000000000e+00 1.444878178674464247e-03 0.000000000000000000e+00 9.969197937368088347e-01 5.082617073479280823e-01 0.000000000000000000e+00 3.719283789008457908e-01 9.409308931981912316e-01 0.000000000000000000e+00 0.000000000000000000e+00 6.168828515256018497e-01 1.900482316267342320e-01 9.543667551383706593e-01 1.096943887899201470e-01 2.417730239257854971e-05 3.860000000000000000e+02 3.024427811995796134e+00
1.000000000000000000e+00 9.685922458817415315e-01 8.658432749972329034e-01 2.438432539462323245e-01 8.028681261753041198e-01 3.541391375357948457e-01 5.177285234229601629e-01 8.756935878660414285e-02 5.985628393298899619e-01 5.733735883883105400e-01 9.999424494094958371e-01 1.000000000000000000e+00 1.000000000000000000e+00 1.000000000000000000e+00 9.998277541268235646e-01 9.876914958752610607e-01 6.557107024369283055e-01 4.286398867650881295e-01 1.000000000000000000e+00 6.937200809447953143e-01 6.784219738246589637e-01 9.983169047554236730e-01 2.443409543015610530e-01 5.600245729744196543e-01 1.000000000000000000e+00 2.172322356036239799e-01 9.999870972653255308e-01 1.000000000000000000e+00 1.465486971223113263e-02 8.622235615630303718e-01 4.904546719360503015e-01 8.856976811413255213e-01 6.600000000000000000e+02 1.562405730353461308e+00
9.141922849203185653e-01 9.999915016953857538e-01 1.671383967111472746e-01 5.190890009907489500e-01 6.692710647383596223e-01 7.325091554438958319e-01 2.256976112163750214e-01 5.883601406684698665e-01 9.902680952233468004e-01 9.052942268474917231e-01 2.338384803361049924e-01 8.743609530220192161e-01 1.000000000000000000e+00 1.000000000000000000e+00 9.999583882969047544e-01 6.066449488030646320e-01 6.299230839968510409e-01 7.017512425365425299e-01 7.563739361767308766e-01 3.255958970825520438e-01 8.667578074629519458e-01 9.943302171521446464e-01 7.877988528269046498e-01 9.999999929523968323e-01 9.999995545354444237e-01 3.635115975849690945e-03 7.944215711832024462e-01 2.640295120814464824e-01 9.946987390189876432e-01 4.960153080536036097e-01 9.406249538722690762e-01 9.556635818531501458e-01 6.520000000000000000e+02 1.538492902119954264e+00
1.000000000000000000e+00 9.868465929102518963e-01 4.606567612995190464e-01 5.042259603338586915e-01 5.227276637878405796e-03 1.454465653367046363e-01 1.072892674505666333e-01 6.582409951774549628e-02 9.729125874500456073e-01 8.347362743187813905e-01 4.843181483085549077e-01 9.998106438636782389e-01 7.999565264511917517e-01 9.999454844619118932e-01 9.999166560552688043e-01 7.701189151967431368e-01 7.414960498043055015e-01 1.000000000000000000e+00 6.748507559397232125e-01 9.048584039442243432e-01 9.999961273287580887e-01 6.247585024909451112e-01 9.179753697255670364e-01 3.516672811134386456e-01 9.987622595526743918e-01 3.933984901360242370e-01 9.999946054488433322e-01 4.932937876018907430e-01 9.684072160385838179e-01 5.514861612657020462e-01 1.105565771784898675e-05 1.000000000000000000e+00 6.180000000000000000e+02 1.585213758431229136e+00
7.693460416688860937e-01 8.732774041837880752e-01 1.722193378335580560e-01 6.242999461363024638e-01 9.380518659969302453e-01 9.998525614603636091e-01 3.771915684994612272e-01 9.613029958948304809e-01 7.552551711159221082e-01 9.795667222493095183e-01 4.530328908650074760e-01 9.840701901541377694e-01 6.953106354756631857e-01 8.259889996499180098e-01 8.018911970157557301e-01 9.120332874563558123e-01 9.953471348241778038e-01 9.705609219746873517e-01 6.600729922256518556e-01 9.062561286297923235e-01 7.613232459062692081e-01 6.757878509584455129e-01 9.307063149828769255e-01 5.483141170394186803e-01 9.855306877103828800e-01 9.685314791209863605e-01 9.984531851538255287e-01 9.370949831339494551e-01 8.356130903872687199e-01 3.848926717072694292e-01 1.000000000000000000e+00 1.000000000000000000e+00 7.780000000000000000e+02 1.307685576544867612e+00
1.000000000000000000e+00 1.000000000000000000e+00 3.657745856666442807e-01 7.306796127177251909e-01 9.704349663683042859e-01 3.782290746328111908e-01 2.877921209804348845e-01 9.808729015100889903e-01 9.480864933958315088e-01 8.338836742755524334e-01 9.240052218077539070e-01 5.708412268452403016e-01 6.014483673384837248e-01 4.560152468937347381e-01 9.461861452830365726e-01 1.000000000000000000e+00 9.988007420079866305e-01 1.000000000000000000e+00 1.000000000000000000e+00 6.290955612096604810e-01 1.101882930648241110e-01 2.209934548058702375e-01 4.727224118839725153e-01 2.314238529287239617e-03 1.000000000000000000e+00 4.133913377784927956e-01 9.683111937528428026e-01 9.127839142724102350e-01 4.085956013132247544e-01 4.084951472007846140e-01 9.225331569379156826e-02 1.000000000000000000e+00 6.300000000000000000e+02 1.712091128031412834e+00
1.000000000000000000e+00 1.000000000000000000e+00 7.692669861409890952e-01 2.577314726231329511e-01 4.030306192265514786e-01 7.269458113006367350e-01 4.908672438494490198e-01 9.997899779500269979e-01 1.000000000000000000e+00 1.000000000000000000e+00 6.601145712734811655e-01 9.723885161386681686e-01 5.818111940858905484e-01 9.105865751796119456e-01 5.692420876020316545e-01 9.993946174754974043e-01 1.935492256675731479e-02 9.993457817089199668e-01 9.831469001413943865e-01 8.403506313259325733e-01 9.963756605457665394e-01 9.163274993629646481e-01 8.033226312646255529e-01 1.837385261607380749e-01 9.581441270932125054e-01 9.999390703139729997e-01 8.494862010658541518e-01 9.488978183509173547e-01 7.104679186113899148e-01 0.000000000000000000e+00 5.939473185814208023e-01 9.999936981765275013e-01 7.220000000000000000e+02 1.499760823372082941e+00
8.087500712551176640e-01 9.997004698216728213e-01 3.202233581586281796e-01 5.098514304911708761e-01 8.088693594631947148e-01 4.256912746992617125e-01 9.122341210759361552e-01 7.578730014582354402e-01 8.319220953141110986e-01 9.998045684319539772e-01 9.921986730282374989e-01 9.844108590787603585e-01 9.993408377629936501e-01 9.998900679490808630e-01 4.237301608881420822e-01 5.777727946066953946e-01 4.862410600039094866e-01 1.000000000000000000e+00 7.630329586311196399e-01 9.649045561298985607e-01 6.237951846695096725e-01 7.607327553580309765e-01 6.782162116976009347e-01 3.499556190376776343e-01 1.000000000000000000e+00 3.334773040287519197e-01 9.896056241148275534e-01 4.824390790783142924e-01 1.902268309706935112e-01 6.790495152498174924e-01 6.265585172895361543e-01 9.961615383485280528e-01 6.540000000000000000e+02 1.478601653903138358e+00
1.000000000000000000e+00 9.776073364443260694e-01 2.697504316445533123e-01 2.951214889163624733e-01 5.014533667603653377e-01 2.779721441244679125e-01 3.919818741533379058e-01 9.386404638569593173e-01 5.791512993245488961e-01 9.992735218847528245e-01 9.998804028849321845e-01 4.460645113483944213e-01 8.966371987338860317e-01 1.000000000000000000e+00 9.999537429979848957e-01 1.000000000000000000e+00 8.391829660574822158e-01 9.917140098657898362e-01 9.996415508276190742e-01 7.262845861514893864e-01 4.567195659798834462e-01 1.000000000000000000e+00 9.998617293400612338e-01 8.013875491409543361e-01 1.000000000000000000e+00 6.282796896201644499e-01 9.999997220838769962e-01 1.842759592321255580e-01 7.749110512150423347e-01 1.000000000000000000e+00 2.702840465753342802e-01 9.986569849996564940e-01 7.100000000000000000e+02 1.387418683369954442e+00
9.981952960125527463e-01 9.864417478438679554e-01 6.140691712516996859e-01 6.627436220248250631e-01 3.954410903993690329e-01 8.815658401659777210e-01 9.015288247650765641e-01 4.277954707689772818e-01 9.990389276033506682e-01 5.585077180955880793e-01 4.407818789889464961e-01 0.000000000000000000e+00 7.991715435500166276e-01 1.000000000000000000e+00 9.978998176321416391e-01 9.019425544749165580e-01 4.353938076675586411e-01 1.000000000000000000e+00 5.445068914621905565e-01 2.293258850939976223e-01 8.328638027873674909e-01 6.710860540489281822e-01 1.000000000000000000e+00 1.952038373802233648e-02 9.999998710381798883e-01 3.052505793724558103e-01 8.902212823117573448e-01 9.133131747899488895e-01 3.220812146387004929e-03 5.287363177624695432e-01 6.017986826016308299e-01 3.764136021570422264e-01 5.980000000000000000e+02 1.815806395919234761e+00
0.000000000000000000e+00 9.999999975011246711e-01 8.697102852196586520e-01 8.917027583006297276e-01 0.000000000000000000e+00 0.000000000000000000e+00 0.000000000000000000e+00 6.092820868404848905e-02 2.957348534864430358e-03 0.000000000000000000e+00 5.112661260557890275e-01 7.846046405881351715e-01 1.000000000000000000e+00 6.863931737894862772e-02 0.000000000000000000e+00 1.073319227322284269e-01 0.000000000000000000e+00 1.915938890384665579e-03 9.469617855558322139e-01 2.533183949277205763e-02 9.977759378929138556e-01 8.859899527155075394e-02 9.986800164198922358e-01 6.990069723197880336e-01 6.124658464925057944e-01 2.123233649928811251e-01 8.926639981795398970e-01 9.979518509042764052e-01 3.384845359131253839e-01 7.974630855861974954e-01 1.000000000000000000e+00 4.670996934705288345e-02 4.300000000000000000e+02 2.934666812781131728e+00
9.910565389448557916e-01 8.257034687807173201e-01 1.057590673568917228e-01 5.575349374968078253e-01 6.688124282377696517e-01 6.378993717727997614e-01 6.622590104963919748e-03 7.007545509647468140e-01 7.876291566489308504e-01 4.989247575921684774e-01 6.897849548276284715e-01 1.000000000000000000e+00 7.364961349818270886e-01 9.458323444459773022e-01 6.880924835566740727e-01 9.997278736725309090e-01 6.661725704221983513e-01 9.495729254931113417e-01 7.896384328107319828e-01 9.239164689704898459e-01 9.083105171180996251e-01 9.677118708629288690e-01 5.923397116581965438e-01 8.255976966886686697e-01 9.998683116628787060e-01 2.877226413711601594e-01 1.000000000000000000e+00 8.096265863974233534e-01 9.039898844709307602e-01 7.728478651324914850e-01 6.663502905078114713e-01 7.122772365248638549e-01 6.720000000000000000e+02 1.394106660065827619e+00
5.822402567002853413e-01 1.569904078006284232e-01 8.510945610897835412e-01 1.626615613214838982e-02 9.999999954416785020e-01 3.921448385283065052e-01 7.870089436562209828e-01 5.205909939758373017e-01 9.556386175693772911e-01 1.000000000000000000e+00 2.463180319373247827e-04 8.548663725413234715e-01 2.986536194687453363e-02 1.000000000000000000e+00 1.000000000000000000e+00 1.000000000000000000e+00 5.682990107688505876e-01 9.997469203253058767e-01 5.553951627669635460e-01 5.592442879626229324e-01 1.449188300938258345e-01 5.002836151566791845e-01 1.288808132049412691e-01 7.943048181990609580e-01 6.913641201617393151e-01 6.808046954720162747e-01 1.000000000000000000e+00 2.452836648738222769e-01 8.982679752073338131e-01 1.766807626797886888e-01 8.558137058336047209e-01 4.591766501278673474e-01 5.260000000000000000e+02 2.363074595133463518e+00
9.873217157242467623e-01 8.576339546991802454e-01 6.391229919320913222e-01 2.697398903173699458e-01 3.271389122077504874e-01 4.615206207288943124e-03 4.710267161800227864e-01 5.551426890970367900e-01 9.914926601354823177e-01 5.431412104353037229e-01 2.548291773220724976e-01 8.820878721314567850e-01 2.980551634156102803e-01 9.868361292379917993e-01 9.541306734699166459e-01 9.438345394070584149e-01 4.626509166024521114e-01 1.000000000000000000e+00 3.381731023847359685e-01 1.000000000000000000e+00 9.991074165877004143e-01 6.758070119546508714e-01 4.731110289607983188e-01 9.392251151978443513e-01 1.000000000000000000e+00 7.078192691366848310e-02 9.278156806188105898e-01 8.147803835127361838e-01 1.534718348425988810e-01 2.743521682222898050e-01 6.015566972463769480e-01 8.547969924316227708e-01 5.980000000000000000e+02 1.724473912108178242e+00
1.000000000000000000e+00 9.894671998796065182e-01 3.614706748772227862e-01 1.119607924761120282e-01 9.405467316225004648e-01 2.891863221234525910e-02 4.181077723324942985e-01 9.844431530554255405e-02 1.910318225608944598e-01 6.682491245661166257e-01 3.520888400155246512e-01 9.485033778927832726e-01 6.732281241289930218e-01 9.999999947671641687e-01 3.835484137295933627e-01 9.119457256589542649e-01 6.839404645334019595e-01 8.430155439301004749e-01 7.928501918894835798e-01 4.190068655414201926e-01 2.006420873561228502e-01 6.561565926924783909e-01 9.080977110307995037e-01 1.452352759871275989e-01 9.982000559865582545e-01 1.000000000000000000e+00 9.528574772999590659e-01 4.094112215424077217e-01 9.941661943412772873e-01 6.963461627629723427e-01 5.029068821094069275e-01 5.014908436623739529e-01 5.460000000000000000e+02 1.879929936726888018e+00
5.787967449762780880e-01 9.074919764930480248e-01 5.394971138583751907e-02 5.846837627763522560e-01 7.868020105007814680e-01 6.320960846235389452e-01 9.591874879959285671e-01 6.294530989688755795e-01 4.194844980397494094e-01 8.404115662787484675e-01 7.953920230601068120e-01 7.487991708363243015e-01 9.244792339781042756e-01 9.667378373631621002e-01 4.587368295132895901e-01 7.030036122701539547e-01 2.557713096820747323e-01 9.374451334958304738e-01 4.481566339897061768e-01 3.481795226165452783e-01 4.915796842199559591e-01 5.927355623905420368e-01 8.525577816993791247e-01 2.291656240433439795e-01 6.804269080886525822e-01 3.966114904870481350e-01 5.463537659955648440e-01 4.749474678805247208e-01 4.084843249661613274e-01 9.999977819638361520e-01 3.041452967415077535e-01 4.835181358508280902e-01 4.780000000000000000e+02 1.934814749823676294e+00
1.000000000000000000e+00 9.993450510845751644e-01 5.273761176199138756e-01 5.294416697984335451e-01 9.999985576385307384e-01 8.744953094677466732e-01 3.749126165646178843e-01 6.548828465804441556e-01 1.000000000000000000e+00 1.000000000000000000e+00 5.627216946703089695e-01 8.927435474290414952e-01 3.533099686467175982e-01 1.000000000000000000e+00 7.701202732519984995e-01 8.245086987032482773e-01 6.378072485043622120e-01 9.999995611965231124e-01 4.613741187909037866e-01 2.826676641171754212e-01 9.188910202864651877e-01 9.991501482423831293e-01 7.560829016232907263e-01 4.451955905324125884e-01 9.999992049369004210e-01 8.197609147442879163e-01 8.840503570979690862e-01 5.139283628036763613e-02 9.966129748554245493e-01 8.463306095771311321e-01 1.134296490580727762e-01 4.844738045130944637e-01 6.720000000000000000e+02 1.569440689086913920e+00
2.442951469437920631e-01 1.000000000000000000e+00 3.470978093129345465e-01 6.133224963693637566e-01 9.999188369116723818e-01 3.090236001309595859e-01 2.958425421110891240e-01 4.624083252245415054e-01 5.035962455363858226e-01 2.526766034925329585e-01 6.049088313607720035e-01 8.838706720733547906e-01 1.000000000000000000e+00 5.280964494222915029e-01 1.000000000000000000e+00 7.312975023858629964e-01 6.715044807738283772e-02 3.840131385831432320e-01 7.970765293199105761e-01 4.070478824139964202e-01 3.616722662711972514e-01 3.633557384958281955e-01 6.174358513863985598e-01 1.979465724999621701e-01 9.999635681972254275e-01 2.994934713465065013e-01 4.722598141053321319e-01 8.643205816924658391e-01 4.146892042006077306e-01 9.969985148407455311e-01 2.206347123923243780e-01 4.475590977651373592e-01 4.360000000000000000e+02 2.248773617214626430e+00
1.000000000000000000e+00 9.184012144939341926e-01 1.487246038540800397e-01 1.697761906941235299e-01 7.661758242513290185e-01 5.802536825626462003e-01 4.228600046841448079e-01 4.560619593227411839e-01 5.469189299738546062e-01 4.527628721322464189e-01 5.268058030629874100e-01 9.066416710776642462e-01 9.159063324950692531e-01 1.000000000000000000e+00 1.000000000000000000e+00 9.082774984698442911e-01 9.546901933474377655e-01 9.097178207841506437e-01 2.738145570831115871e-01 3.277272222737439011e-01 1.000000000000000000e+00 1.000000000000000000e+00 8.754697338666859174e-01 8.139686623543181954e-01 9.987748858160528931e-01 9.991965576677205307e-01 6.651894800970233890e-01 1.940880405846082957e-01 8.010437358193588375e-01 5.306828780923963373e-01 6.834607260572016507e-01 1.000000000000000000e+00 6.620000000000000000e+02 1.523120180765787701e+00
7.735358525924117545e-01 9.820592990108181208e-01 2.855806968042062244e-01 1.623948414007392316e-02 4.792833626381374224e-01 6.288074418770108753e-01 6.618607662862163732e-01 2.806489322665347563e-01 6.565458856780691521e-01 8.567721532025482922e-01 5.401924982219695748e-01 7.856803069089004499e-01 5.380933472447976262e-01 1.648656294793648669e-01 5.908404997561296224e-01 9.990968817587096984e-01 4.712736182341043523e-01 7.226169201136186659e-01 3.538887340861310848e-01 7.560269547676725654e-01 6.657334135148113181e-03 8.699609943947971269e-01 4.456793630547637997e-01 5.537769845489014520e-01 7.997968508389302622e-01 4.792238863849245974e-09 2.111632481920021065e-01 2.652005430430541266e-01 4.524940915012714004e-01 3.021541159176987512e-01 6.677271840150083015e-01 7.946448749985898230e-01 3.840000000000000000e+02 2.219810558500743713e+00
7.453525557534441681e-01 1.000000000000000000e+00 4.736305033111132268e-01 9.332128179832506198e-01 6.487126120418663655e-01 6.498663190082988317e-01 8.480857959864230855e-01 7.342146085787504273e-01 6.844719351279747732e-01 6.375441343655043579e-03 9.345998145906213583e-01 9.770448331976852030e-01 8.399952863028947725e-01 9.477736892845001204e-01 6.632645264317312828e-01 1.000000000000000000e+00 5.076690606752555235e-01 9.999999926766474090e-01 7.904240161059363778e-01 6.959779815725607444e-01 4.146024810685540185e-01 9.999999001311277169e-01 9.498042959303572008e-01 3.671506080462924593e-01 9.521904048663399900e-01 9.867051622732653238e-01 9.509461602654102341e-01 1.000000000000000000e+00 7.620392582414827753e-01 3.991389474177441388e-01 6.473050621897211698e-01 9.990453797458063168e-01 7.060000000000000000e+02 1.446502749125162746e+00
9.997922284823376193e-01 9.960976243713385303e-01 1.342384594639745368e-02 2.349280788684390553e-01 9.401637415003504250e-01 3.745783349434476106e-01 5.995887364002969733e-01 6.293061125841497017e-01 5.487755662272033597e-01 8.860531111669737170e-01 8.136788995534660618e-01 9.409308918025639512e-01 9.987362624854069226e-01 5.995150638845311297e-01 1.000000000000000000e+00 6.862594582175599589e-01 1.000000000000000000e+00 9.875717972966767677e-01 6.652545102912681418e-01 7.770256102907632245e-01 7.719524228945745525e-01 9.490784622006378513e-01 7.675446244661888739e-01 6.053158320291235350e-01 1.000000000000000000e+00 9.925486810190434772e-01 9.894659656785456114e-01 7.845350318436075110e-01 4.010950795762695531e-01 8.887365031947405125e-01 6.721215234437183383e-01 5.765620494142454922e-01 6.740000000000000000e+02 1.363824193617876768e+00
1.000000000000000000e+00 9.098573262896921809e-01 7.144528487182676413e-01 8.154599705238652074e-01 4.407778081636258283e-01 3.955534699275449206e-01 5.739836760152400297e-01 8.364428037326862020e-01 8.693487650016550328e-01 5.900821533564499788e-01 8.872512957902545239e-01 7.434616630446435614e-01 8.484609693463889268e-01 4.387739115165888437e-01 9.232480773574658350e-01 9.968783380476472500e-01 8.117734721455667213e-01 8.093242115204825060e-01 4.882096287563615911e-01 7.358858691159881893e-01 5.050090017614941029e-01 8.135854972000271523e-01 5.309095218445599729e-01 9.991879649686804532e-01 9.783543927919482464e-01 9.293342305833700578e-01 9.995414094127853533e-01 9.993890511652303577e-01 4.206650730019003137e-01 9.999998627377748583e-01 4.756954188215286039e-01 2.387962330308983638e-01 7.040000000000000000e+02 1.420979091099330516e+00
7.063783173982456365e-01 9.905248329863960421e-01 4.603807111843082334e-01 6.578055747841081713e-01 7.201058556438851843e-01 1.668730284969647815e-01 4.154275325300297861e-01 6.071957144357005287e-01 6.411362871811555619e-01 9.623105180855705543e-01 4.577304518158871183e-01 1.000000000000000000e+00 5.872314057305719759e-01 4.962509539513496604e-01 9.999084928198361810e-01 9.999894096026822332e-01 4.936714812320428525e-01 9.999999992443381336e-01 5.662112751677330635e-01 5.447980690552829408e-01 7.963257530864750189e-01 9.999981159373467765e-01 9.085019025792682168e-01 5.521264755076422670e-01 1.000000000000000000e+00 6.049965323062749256e-01 1.000000000000000000e+00 4.444564322313308002e-01 8.057785254671896435e-01 5.994968742261844730e-01 6.128313048914802996e-01 4.842861219908517478e-01 5.780000000000000000e+02 1.602529325939360261e+00
9.540685069456344980e-01 1.000000000000000000e+00 1.000000000000000000e+00 5.529912593355115202e-01 4.226758982707919943e-01 4.534429732728918472e-01 8.650889506306398214e-05 5.897209092857702561e-01 9.999965385489817393e-01 5.987437225477328928e-01 3.100896169884281850e-01 1.000000000000000000e+00 9.897993820451387315e-01 4.833863521252522166e-01 1.613205887891177442e-02 9.621931762302505207e-04 5.847688873930868240e-05 2.960758718058274508e-01 9.840461686912854722e-01 3.477510806606310401e-01 9.492153884420774235e-01 7.832330089520890271e-01 9.834330668639759132e-01 2.080200546680085194e-01 9.995629870095964487e-01 5.636947747933261921e-01 1.485816751127678192e-01 6.038978200851532474e-01 8.909744615976387117e-01 8.051642262890444934e-01 1.470571670583719071e-01 9.640561473522564206e-01 5.320000000000000000e+02 2.193585208424350785e+00
9.008572601562190307e-01 1.000000000000000000e+00 4.706629792292883578e-03 6.141170917342698710e-01 9.291299397146590699e-01 8.465524119208233111e-01 2.191640517489036322e-01 9.999364989456663855e-01 9.997594923308763537e-01 9.910310723201898320e-01 9.774421364372116727e-01 3.131364918877777015e-01 8.300372896620283880e-01 7.814805522830053919e-01 3.831023619436069172e-01 1.000000000000000000e+00 1.000000000000000000e+00 5.399602585292454515e-01 8.422218322631415122e-01 9.984275011406177347e-01 9.333500219672433706e-01 9.929125826679623401e-01 8.770112928373406946e-01 7.615376522275283389e-01 1.000000000000000000e+00 5.270314616582262301e-01 8.558102151161216531e-01 8.883285415668459306e-01 8.665412651630255425e-01 3.662312091866031238e-01 3.477053934228870880e-01 7.923345114003291778e-01 7.420000000000000000e+02 1.460942416720920178e+00
9.993590488583127263e-01 1.000000000000000000e+00 1.000000000000000000e+00 4.518771126509917302e-01 2.945808930163986150e-01 6.590117163021970148e-01 2.847498954751571665e-01 5.503971411969111882e-01 0.000000000000000000e+00 7.711558353752168138e-01 8.344793663909264581e-01 9.622271438727946213e-01 8.567730589138535802e-01 3.944508513072875200e-01 5.806431510917759997e-01 9.976940071347362160e-01 1.069685901818855228e-01 9.556303774707155529e-01 8.477421836361026530e-01 8.813614614461002805e-01 7.788010475650859743e-02 1.000000000000000000e+00 2.872831969268397900e-01 9.916151030044257908e-01 9.864839326035577116e-01 6.659725842455056499e-01 9.923371413287913612e-01 5.210817523736179790e-01 5.450935162562774439e-01 7.356443008044851739e-01 9.980262356428498682e-01 7.119473621656227103e-01 6.220000000000000000e+02 1.759982830870385095e+00
9.976509265083594036e-01 8.941500285709752527e-01 6.388928129853236326e-01 3.333956382534997709e-01 5.218129638930933956e-01 1.488502530998613849e-01 9.730782798373225351e-01 3.593950937467416118e-01 7.720852450362952757e-01 4.308808567844386039e-01 2.256740250017541527e-01 7.691836649378323010e-01 1.311182385517925264e-01 3.447363061238979398e-01 1.000000000000000000e+00 6.700428255704082847e-01 7.185046690416831972e-01 8.261340876481310103e-01 2.477001471248680975e-01 1.000000000000000000e+00 2.023638474259128739e-01 4.502419484770279201e-01 1.026973232458844448e-01 5.381303919610457287e-01 8.811694068151265657e-01 1.835150678204018337e-01 2.739172908450233646e-01 6.635588443151642091e-01 2.053652235109996727e-01 3.335745521332832420e-01 3.343659720089320886e-01 4.095852786901976739e-01 4.080000000000000000e+02 2.243606175740560094e+00
9.267023159293860113e-01 7.112264096996196994e-01 4.933948530727149118e-01 1.679248950214385361e-01 4.115593863031350996e-01 1.245367589990875601e-01 3.521395329052371959e-01 5.567827066550201653e-01 7.193525399534569376e-01 2.896167112078426586e-01 2.983844685077667314e-01 9.995387856136821458e-01 7.828048623458776500e-01 8.901605328452839583e-01 2.523941253531686857e-01 1.000000000000000000e+00 7.778724765920866924e-01 9.999852232019976750e-01 9.999854656077791226e-01 6.759348088530886534e-01 6.075018981386509642e-01 9.283736128609303417e-01 5.716524857958900085e-01 7.413948697026561119e-01 8.881877380831429969e-01 6.591626035207532874e-01 9.999999904100166370e-01 6.782155925845056998e-01 4.480812524760738325e-01 8.670275186511628984e-01 9.637449074943253979e-01 5.530644436558905808e-01 5.640000000000000000e+02 1.744126565115792671e+00
7.854356816235823491e-01 1.000000000000000000e+00 4.197055648400427330e-01 4.236619375885409267e-01 5.389625990915508646e-01 0.000000000000000000e+00 3.428915336317318180e-02 8.709923130711362260e-01 8.348562844146635298e-01 5.994028460040506934e-01 5.639534108798215963e-03 8.495076524075180213e-01 1.000000000000000000e+00 9.673124935713744987e-01 9.999816707391968595e-01 4.241054364396439347e-01 1.426229113022591430e-05 1.000000000000000000e+00 9.361177619787158788e-01 1.162916020263904740e-02 4.216733061120174209e-01 8.685446950301145552e-01 5.776744364076070726e-01 7.776581212535127463e-01 9.905701272270037716e-01 1.444491305277134578e-06 5.720893330534075893e-01 3.887664988012641265e-01 1.000000000000000000e+00 2.869316358141195122e-01 7.531994180216022199e-04 9.865550192647362104e-01 5.340000000000000000e+02 2.063038083126670585e+00
9.999349015638455684e-01 1.000000000000000000e+00 5.723193690430915526e-01 1.491386065920948800e-01 9.890600330879684154e-01 6.433462635392656059e-01 7.250950165273472026e-01 3.941036849002524933e-01 9.988634942684322393e-01 6.993262067335941357e-01 6.188668137872992414e-01 9.999327605468704139e-01 7.028534906452400532e-01 4.904337228732264520e-01 3.954775351899958991e-01 1.000000000000000000e+00 4.322893625996579448e-01 8.722337825828405666e-01 9.767099133790837495e-01 4.655186131698531571e-01 9.290080826146739357e-01 9.655596139363440411e-01 5.395167533298469431e-01 2.603938061259345460e-01 1.000000000000000000e+00 3.431584346026624877e-01 2.270912302560904872e-01 5.851425083893186940e-01 8.213003405214748254e-01 4.091701138579887688e-03 1.421498534636974065e-01 8.068530907388770101e-01 5.700000000000000000e+02 1.827373554832056657e+00
9.999999684788911658e-01 7.042201547192166178e-01 1.000000000000000000e+00 8.598312559979573999e-01 5.111290230060285822e-01 7.705003896182917034e-01 3.150974434431804607e-08 9.967207840801455276e-01 9.999811074405908773e-01 5.186160490538423151e-02 6.904413739052692733e-01 9.966385401778874442e-01 6.720783690810601119e-01 2.341106257615492060e-04 6.659002766202758161e-02 9.925476666497382583e-01 3.548941817071809557e-01 4.287741881720152359e-01 9.999999510649902890e-01 3.586740529499378161e-01 5.738779433810303754e-01 8.520916003944224437e-01 9.888723695190586582e-01 5.553290618385302579e-01 9.334034447953934999e-01 3.001036780054627991e-03 6.496520430265889656e-01 4.622375710995837439e-01 9.572608417304931949e-01 1.324301771565437880e-01 1.000000000000000000e+00 9.856908421106871376e-01 5.880000000000000000e+02 2.105618547510217820e+00
1.000000000000000000e+00 1.000000000000000000e+00 6.921339129099695064e-01 4.608919028252933536e-02 9.998312821111636772e-01 7.335995428529672457e-01 9.316464653623389713e-01 7.206109340667802288e-01 1.000000000000000000e+00 9.404990747055430589e-01 6.339037181829383638e-02 1.000000000000000000e+00 1.325100911985280239e-01 9.999829147155495646e-01 7.521368200859568365e-01 8.919574917725404672e-01 7.469602439827253137e-01 5.760844923967928244e-01 6.124536453151088189e-01 9.997948066555931712e-01 9.914375493292392205e-01 9.999263329987518878e-01 2.039935657081041465e-01 7.045206582365798331e-01 9.964111622619040709e-01 7.533231875748542805e-01 7.896268628795789501e-01 2.935110333994442322e-01 8.246996235544279408e-01 2.700879277178996341e-01 2.035721151539988776e-03 6.302942434895598689e-01 6.360000000000000000e+02 1.644091500176323661e+00
8.323793583929643969e-01 9.976901152909947168e-01 1.103697105636825548e-01 4.585334459868126711e-01 7.684587069413608695e-01 3.874632945491345848e-01 2.691846188557117658e-01 4.576250174888883415e-01 3.574600316847914572e-01 9.382275756216487128e-01 5.650253184558811093e-01 8.881852887363553828e-01 8.576548844469241706e-01 3.964471767237316979e-01 6.396165731891458872e-01 8.248330924816663634e-01 4.262045778871986212e-01 3.673138596422471092e-01 9.041065404150587792e-01 6.892601692611842745e-01 6.909011946013178251e-01 9.909284750057417712e-01 8.367277773279403474e-01 5.662490131021412632e-01 1.000000000000000000e+00 8.244603258955476299e-01 9.820350054621850289e-01 8.714319339604277292e-01 5.789175299153378473e-01 6.499452981578754951e-01 5.585314396510637769e-01 2.435231232500273679e-01 5.780000000000000000e+02 1.714020752488521149e+00
8.716218460581768301e-01 9.908823629733339855e-01 4.954397419867403451e-01 2.948263239012286485e-01 6.049561574622039917e-01 0.000000000000000000e+00 1.761249325793681486e-01 2.283673316208165993e-01 3.649295418717067307e-01 7.329592334257244435e-01 6.368824911452027060e-02 7.026579748288800387e-01 4.340940418514715460e-01 1.000000000000000000e+00 2.864288785845575669e-01 5.345327648720307190e-01 4.436158222494232528e-01 2.735012762097844830e-01 2.220874896322320990e-01 0.000000000000000000e+00 6.598139092813519735e-01 7.338357297689934722e-01 4.601121512433604122e-01 4.312322476624098067e-01 8.627304915693944087e-01 1.717674754269031268e-01 7.063639737625242443e-01 2.010233798372788039e-01 4.253673238526814449e-01 6.728226686872855744e-01 2.125815020125099986e-01 4.855993854912966645e-01 3.460000000000000000e+02 2.363137926374163200e+00
4.041816461191766185e-01 1.000000000000000000e+00 1.000000000000000000e+00 1.109499914241580121e-01 1.733925960040551828e-01 0.000000000000000000e+00 9.218243583091570437e-02 3.430527370322685177e-01 8.525797744505507758e-01 1.744759498016441035e-01 5.486872413059534770e-01 7.529733710279593595e-01 1.000000000000000000e+00 1.000000000000000000e+00 9.797296001795927634e-01 4.269913107571096655e-01 4.576270781614102390e-01 5.193454423835588418e-01 3.870629501697797625e-01 4.814446932464223200e-02 5.503413238693103662e-04 8.510940546940054530e-01 6.785670724177266244e-01 1.769122120188920677e-01 9.883176892661456048e-01 0.000000000000000000e+00 4.470764789159132890e-01 5.692863226307068834e-03 1.000000000000000000e+00 1.000000000000000000e+00 1.854955366180739418e-01 2.709578393876340696e-01 4.340000000000000000e+02 2.476454070120146955e+00
9.652042567698172482e-01 8.168150850475149882e-01 2.931938168700802816e-01 1.401078112809764908e-01 9.502155045344480300e-01 1.099755126290306861e-01 5.611009967044925384e-01 4.683240913875981182e-01 9.604268745100560389e-01 1.000000000000000000e+00 9.999999065597031667e-01 7.332648935221491859e-01 9.906473212830465558e-01 8.231471712323873424e-01 8.038592491508118609e-01 9.655746297973437642e-01 4.547460164107655078e-01 5.603002659688502973e-01 9.038498195755334530e-01 6.510884409134928275e-01 5.994486909373555328e-01 5.474707856785945292e-01 8.156995576859279451e-01 9.795833454357769643e-01 8.560365836969177078e-01 5.904685019451256789e-01 9.701789160113907240e-01 5.930021211329450370e-01 8.160679505087542474e-01 9.834116382618321994e-01 5.545621312470910835e-01 3.463412646433423059e-01 6.600000000000000000e+02 1.529985953436957535e+00
9.998976872259204285e-01 5.300861332793858072e-01 7.458678649476155886e-01 5.269492901189265499e-01 7.704935545129476537e-01 4.592532760156171623e-01 7.583476605425022443e-01 6.124675736178435415e-01 9.676069377661886683e-01 9.982668127005528413e-01 5.531152988850517316e-01 7.525469343469791683e-01 8.882904949962437957e-01 1.000000000000000000e+00 6.321394246974647579e-01 1.000000000000000000e+00 9.995783623316546462e-01 9.997826816018754448e-01 4.282415680116877232e-01 9.540736334640173011e-01 6.598349411184656343e-01 8.117519423023261682e-01 9.082910140492813644e-01 3.863804331311998866e-03 1.000000000000000000e+00 8.215345300867425982e-01 1.000000000000000000e+00 4.745882479356993700e-01 4.010796618627059940e-01 9.993299640021660046e-01 5.382855090152371957e-01 9.999986815543238095e-01 6.900000000000000000e+02 1.477845573425293102e+00
1.000000000000000000e+00 1.000000000000000000e+00 2.248044455075847714e-01 4.154109736934729069e-01 9.738476154914751381e-01 3.327791180790734549e-02 1.303384925833965813e-01 5.356847425924874395e-01 7.912718544393493314e-01 8.286864528889583692e-01 8.311998905951167860e-01 9.391949722655169586e-01 1.140357963368166805e-01 7.252331119122388259e-01 1.000000000000000000e+00 9.347065530264134781e-01 1.000000000000000000e+00 1.000000000000000000e+00 1.087365159849123242e-01 1.000000000000000000e+00 3.270974731909234712e-01 9.993467813532411759e-01 7.465851231667132160e-01 9.999495617886212662e-01 1.000000000000000000e+00 4.576765691900576138e-01 9.230785372850375259e-01 9.270444717697952364e-02 1.000000000000000000e+00 7.741541928478858914e-01 9.977718567238683667e-01 1.000000000000000000e+00 6.820000000000000000e+02 1.615102722531273072e+00
1.000000000000000000e+00 9.946487461663313656e-01 4.634951419120335592e-01 1.838014690810873542e-01 6.055481612018079884e-01 6.035479462031609899e-01 9.358269887275015853e-01 1.416494088055708922e-01 7.619602449744028450e-01 7.962758707525541269e-01 5.268138764589387346e-01 9.799020573092231956e-01 9.570167591122091810e-01 8.379135469154057603e-01 9.862758380065432817e-01 6.743619617945674216e-01 9.994355005493082977e-01 1.000000000000000000e+00 2.157469092600533267e-01 7.012219260866948689e-01 3.851631901911270472e-01 1.000000000000000000e+00 9.660620846904317549e-01 6.313256926504916544e-01 1.000000000000000000e+00 5.781492458834597281e-01 9.345716504283175796e-01 7.480166477093921351e-01 3.498276694494865668e-01 9.900833050626829390e-01 4.770133764854276315e-01 1.000000000000000000e+00 6.560000000000000000e+02 1.464306666804294998e+00
6.957817895272376818e-01 9.996991861724429107e-01 2.466034621905748014e-01 1.741005283160204087e-01 2.806064256567805115e-01 9.996184654307818107e-01 7.020454696434194064e-01 3.004890758973450260e-01 1.471505483150417903e-01 7.068775159232585370e-01 6.965170441751782349e-01 7.959908618005925307e-01 1.000000000000000000e+00 1.000000000000000000e+00 8.318491537352741272e-01 1.000000000000000000e+00 7.400515095444140101e-01 1.000000000000000000e+00 1.000000000000000000e+00 8.920542384427142535e-01 3.115039734848422670e-01 9.088846641019759920e-01 8.626270845811497834e-01 1.515770997440202272e-01 9.910506971509703833e-01 2.863078231672334106e-01 9.466609485130331736e-01 8.253323410327537690e-01 8.640811515044357627e-01 7.157681210521232851e-01 8.903041415107360024e-01 6.757812116757696552e-01 6.660000000000000000e+02 1.605147425333658839e+00
3.624759140830212667e-01 9.653453407639609463e-01 1.000000000000000000e+00 0.000000000000000000e+00 6.709346349335951198e-02 1.618943240726069543e-01 4.985484405644107220e-01 7.903698889300335266e-05 4.336804152211721219e-01 1.000000000000000000e+00 4.653330201632615015e-01 0.000000000000000000e+00 1.000000000000000000e+00 1.000000000000000000e+00 6.532906598776512253e-01 3.928232955618443656e-01 5.899673946419774495e-01 6.936334293342638624e-01 9.956424460906503349e-01 3.894827052715727489e-01 9.987612617046034424e-01 9.999059464745333470e-01 2.491076616173307501e-01 3.124824069666869431e-01 1.000000000000000000e+00 5.491666490693245125e-05 3.290743635722315763e-01 6.293805828516110257e-01 7.244868400281342380e-01 5.564672005218928019e-01 2.112114180830650390e-01 1.640743388578961570e-01 4.340000000000000000e+02 2.409745091977326670e+00
8.232921847078896738e-01 9.260864724243087487e-01 5.066388186666025417e-01 6.293006387824818804e-01 3.419001316589660444e-01 1.870389108802944511e-02 5.215590906448493991e-01 5.783351263509940443e-01 7.680123217751278018e-04 1.511487513422661022e-01 1.495112148044680789e-01 2.416876273369632788e-01 5.899739833881578743e-01 1.000000000000000000e+00 1.000000000000000000e+00 8.815474356309219717e-01 4.204620378784664769e-01 4.688323602945317914e-01 0.000000000000000000e+00 7.672383741222413289e-02 2.691072616359346803e-01 9.996117521919986038e-01 3.383404180451893839e-01 8.818373077502466018e-01 4.595129972043496269e-01 8.287763750006988950e-01 0.000000000000000000e+00 1.854769386116477403e-01 9.645616432577247545e-01 9.424192336979302365e-01 5.696967628782553250e-01 1.416574461450504085e-01 4.340000000000000000e+02 2.528386665113044440e+00
6.812067342575603979e-01 6.758483512823884043e-01 7.783388166822059473e-01 9.570303300064089136e-01 3.554863874034235316e-01 0.000000000000000000e+00 0.000000000000000000e+00 1.018923819374416466e-08 1.090459464447492456e-08 6.837793326724997955e-01 5.561322618630358539e-02 3.027912269248858035e-01 7.696438814630545133e-01 9.999999954939169378e-01 5.160942847976907055e-01 9.983791004359794385e-01 4.064572856414127022e-01 7.883565727486210872e-02 6.869119553016239665e-01 1.000000000000000000e+00 6.146053143273538799e-02 1.000000000000000000e+00 4.751628914911935619e-01 5.951550544352366412e-01 9.757113335627773942e-01 0.000000000000000000e+00 1.054769712515892244e-01 1.746128970494076060e-01 9.999488118107157097e-01 9.612539711049680746e-02 0.000000000000000000e+00 7.708544006910706958e-01 4.000000000000000000e+02 2.662813603719075939e+00
9.014137889957751781e-01 8.226038320685841176e-01 6.015319131679344178e-01 2.205277216645178673e-01 7.906129532169654528e-01 2.672801221274444528e-01 2.370220455505107349e-01 5.460382030453156954e-01 5.572125676725663279e-01 9.648666806012320407e-01 2.300687550959582828e-01 7.813323737233299759e-01 7.482078129726742466e-01 9.133313403834021349e-01 7.585137958544738712e-01 1.000000000000000000e+00 5.629310434865391066e-01 1.000000000000000000e+00 4.381249557092771196e-01 4.154844261181695475e-01 6.118394386658406736e-01 9.123421521809534918e-01 9.949078969173528186e-01 2.304670894246829693e-01 8.229152183057525383e-01 2.010899447800905959e-01 1.000000000000000000e+00 4.016885217061337277e-01 7.702337923017646970e-01 7.848151555088843656e-01 9.986448499100175624e-01 9.505039105743318117e-01 5.840000000000000000e+02 1.607460441589355638e+00
1.000000000000000000e+00 9.963401105344601438e-01 6.267550065556062866e-02 2.006154995657528917e-01 9.835626666495520531e-01 6.125345665424711816e-01 4.088433241790506156e-01 5.407989900963418028e-01 6.939552291457006250e-01 9.886753245195729622e-01 7.675247272803381593e-01 9.997640209392202326e-01 1.000000000000000000e+00 9.997657080721422673e-01 4.917173428657370948e-01 1.000000000000000000e+00 6.787839875259238376e-01 1.000000000000000000e+00 9.208814541156751243e-01 3.291257765398060142e-01 7.193871061806479672e-02 8.544364981056660202e-01 1.000000000000000000e+00 3.190601187822915130e-01 9.999231979412122051e-01 1.291685225089474753e-01 1.000000000000000000e+00 3.202173130104226662e-01 5.054704411494643779e-01 7.203179151339119679e-01 8.427324972683147841e-01 9.984617376500722896e-01 6.460000000000000000e+02 1.643459383646647121e+00
1.000000000000000000e+00 7.394271954197827457e-01 6.296419847428469385e-01 0.000000000000000000e+00 6.958985983508392259e-01 5.163888061064371149e-01 3.806276786112110511e-01 1.615504100482365035e-01 9.999874200806343483e-01 9.488313009246440721e-01 9.533786064240877822e-01 2.469193458281438158e-01 7.483272869296514473e-01 5.422842104284966158e-01 9.857921126219825192e-01 9.911196951780945064e-01 6.308926510397870890e-01 8.623562574182681573e-01 3.745986906524840232e-01 6.514514764907166633e-01 6.782612070614280064e-01 9.589080755088819075e-01 6.583568262654140302e-01 2.063366138349247425e-01 9.677242125116007898e-01 1.000000000000000000e+00 7.014501021615050513e-01 9.282903007994866007e-01 4.385397970735952500e-01 5.568808627389635335e-01 3.042801549398853056e-01 6.504343240471821552e-01 5.680000000000000000e+02 1.738979036845858195e+00
9.999996537985491596e-01 9.426494042694849584e-01 6.215059116391214999e-01 1.417860679851385142e-01 1.568442505115404443e-05 1.173838117189144881e-01 1.080060578265619325e-01 4.448410252656407882e-01 3.723094715636866836e-02 6.846890805335389407e-01 5.129685142401634312e-01 8.843170518537926128e-01 7.308288117151607866e-01 1.000000000000000000e+00 7.131772952284334277e-01 9.868520017252195853e-01 9.429724887597928928e-02 9.023164425786865950e-01 3.096534585669049600e-01 3.970239779742825159e-01 6.641007955730202639e-01 9.999805679667927993e-01 4.098314378901994903e-01 4.951570083138348566e-01 7.011227750865831609e-01 1.013009521232126169e-02 3.437376328782037471e-01 1.369377363097269984e-01 8.409831126521479794e-01 5.676603496881799105e-01 3.847103958677585700e-01 6.521558742138640064e-01 4.400000000000000000e+02 2.149935870700412366e+00
7.752802920797764452e-01 1.000000000000000000e+00 1.005857098554288447e-02 8.214752118046979301e-02 8.664827751446448900e-01 1.381648912693837494e-01 4.889360561498635183e-01 5.165184408221693002e-02 6.652384159494719729e-01 1.000000000000000000e+00 4.128304769900997262e-01 6.594025076769658433e-01 8.965134178820600708e-01 5.572357630936651818e-01 6.599450389254315485e-01 5.819418898126488271e-01 1.000000000000000000e+00 7.890391816808864922e-01 6.452429310310613397e-01 3.090977582782684085e-01 3.650755612537322503e-01 6.662373797487617377e-01 9.955743713272093842e-01 8.628034602379511808e-01 6.786327129955790349e-01 8.725819981946884851e-02 5.155492452411268856e-01 5.203646550844651664e-01 5.919304681086025033e-01 3.074895730402386618e-01 5.351190673336000403e-01 1.677955165521921310e-01 4.400000000000000000e+02 2.176309122721354239e+00
2.090102863083043438e-01 9.814309579774042058e-01 5.876610088587498337e-01 3.295478212324360334e-01 2.434491860443068201e-01 6.739069139169413525e-01 2.506697846108884020e-01 3.024220442255968200e-01 6.086690753895327433e-01 5.406607736039492629e-01 6.945447423402582032e-01 4.073011296716304019e-01 9.111752263321757361e-01 1.000000000000000000e+00 7.226635061462911569e-01 5.318731771945511833e-01 5.439731756738785950e-01 5.721559648906132667e-01 8.463423091129403941e-01 9.999895195708947693e-01 8.750962927677394809e-01 8.000275271327352833e-01 9.996851809564304414e-01 9.800612796232460733e-01 1.000000000000000000e+00 3.396395651345498479e-01 6.384746404533718778e-01 3.456013198976236045e-01 4.756190719473800677e-01 8.092687922133616762e-01 7.655875973527228595e-01 1.000000000000000000e+00 5.640000000000000000e+02 1.737889595031738343e+00
9.729196967247829564e-01 1.000000000000000000e+00 4.294815717605521277e-02 2.234562794719434711e-02 7.669551856678428203e-01 3.281371813309956753e-01 7.653868291980666649e-01 4.342086315823907028e-01 1.000000000000000000e+00 4.231917674769442028e-01 9.345587245083279981e-01 1.000000000000000000e+00 8.924230196776496982e-01 9.188925621959703749e-01 2.165982283756278937e-01 3.278124340631848876e-01 9.980860637099743249e-01 2.405162361394109494e-01 5.094011497759555196e-01 3.007059686129216480e-01 1.000000000000000000e+00 7.473146138944177785e-01 8.447557916401788880e-01 3.914548713399669255e-01 7.476046561951400493e-01 5.098979492235108379e-01 6.644938952953949318e-01 6.654806616528993191e-01 8.337245129481710704e-01 8.633312364073233436e-01 6.549624926253502788e-02 1.884517714981505110e-01 5.440000000000000000e+02 1.967883860270182028e+00
1.000000000000000000e+00 9.999381847289900982e-01 8.237384613146926382e-01 1.003939157701368851e-01 8.727221737438191074e-01 6.900814914372248310e-02 3.226317814089731117e-02 9.998594956313198168e-01 8.469543996928855512e-01 9.996328764771241771e-01 1.000000000000000000e+00 5.141708006703085143e-01 8.036156367322146998e-01 9.148949362191302059e-01 9.999765643233690104e-01 6.950351395391434206e-01 6.847212066843681999e-01 1.000000000000000000e+00 5.584617733962946584e-01 1.773199850810794620e-01 9.120372563076855066e-01 8.975889218215773457e-01 2.698587425942241061e-02 2.862896584262974442e-01 9.923001855032812513e-01 9.758013248296160125e-02 7.560701145797361633e-01 9.594362500403548211e-01 7.283848998723646551e-01 9.999933666601936721e-01 4.785143776563259288e-01 3.115397743312780469e-03 6.500000000000000000e+02 1.870392744276258901e+00
8.494547558630541895e-01 9.921943225160024804e-01 6.426230749915684548e-01 4.489857451309423042e-01 6.381055997806549529e-01 1.464006636564216431e-02 8.524788059001955354e-01 3.638594370924205790e-01 5.340328480557787749e-01 3.356774586053403731e-01 6.735925111349927441e-01 9.999823178146517444e-01 5.340728319677898739e-01 9.997238137044180961e-01 4.226065832763166163e-01 9.991706238190469769e-01 5.437739974542272758e-01 7.449718105651491618e-01 5.915905765752293988e-01 7.529288778816202177e-01 9.559273798326903826e-01 6.713386905062649346e-01 9.175722075890322404e-01 3.764555322854462593e-01 9.999999980812301903e-01 7.856356984314537550e-01 6.337422888349300010e-01 6.829790110644965440e-01 3.724379506936126849e-01 7.983225361797854358e-01 5.382277501803379716e-01 9.844061760803582972e-01 5.540000000000000000e+02 1.635868679393421621e+00
1.000000000000000000e+00 1.000000000000000000e+00 2.406009603680092646e-01 7.727255547890585774e-01 5.707107287932750017e-02 5.893837559799350867e-01 9.997266337410393167e-01 2.084368525819053561e-02 9.284164946139457086e-01 6.430859831494688539e-01 3.318356938910949627e-01 7.060107588166715242e-01 6.363409264277152255e-01 9.998874139938674910e-01 3.959151451186436743e-01 9.989836308223248862e-01 7.937742451466736071e-01 6.267450042782912734e-01 6.193337620206235128e-01 7.091760661949508826e-01 7.917808574903411056e-01 8.500581067982165839e-01 9.366901059161957255e-01 6.472386662229661081e-01 9.548564397575033391e-01 8.364981568856261207e-01 9.825936830338313221e-01 6.608338712088025479e-01 9.994802989106417179e-01 6.610773356099527431e-01 5.757328318521862665e-01 5.346153483436357767e-01 6.160000000000000000e+02 1.552612686157226252e+00
6.614533740138669460e-01 9.679922053341005750e-01 1.086871870838236748e-01 6.968013210156378534e-01 8.348539921080340154e-01 1.691329341891095739e-01 7.620856995467330253e-02 2.326043231972758085e-01 5.940599488544447970e-01 8.274898401471277865e-01 5.394153637274218260e-01 1.000000000000000000e+00 2.611539523371793625e-01 1.000000000000000000e+00 5.402770058362368344e-01 9.999999957322811550e-01 1.783635997583827848e-01 9.350006898869255290e-01 7.592050292467187322e-01 9.163104824609414889e-01 2.816416349332739183e-02 0.000000000000000000e+00 5.440029822859546726e-01 2.114512106559100768e-02 8.581364976156412583e-01 9.998018093961988928e-01 9.912382398804177042e-01 1.686511448904378652e-01 1.576666567184024231e-02 6.506809675015058358e-01 9.155895883777428468e-01 6.394119483619419286e-01 5.220000000000000000e+02 2.191512603759765643e+00
7.850661412495576474e-01 9.928984746787616888e-01 9.977808635082087152e-01 8.623831347940907888e-01 7.283434776612578432e-01 6.724702887128213014e-02 4.288631568053270782e-02 2.876688357095910642e-01 7.590332280477976035e-01 2.467407481966218952e-01 6.573593650601085026e-01 9.532710126952753660e-01 6.430588511328365620e-01 1.000000000000000000e+00 0.000000000000000000e+00 3.599642749489241900e-01 2.926812649492819829e-01 7.859025866291297069e-01 1.563413932571046383e-01 0.000000000000000000e+00 9.928820305950599723e-01 8.253647357905640192e-01 4.019646649586522957e-01 2.693631694983638636e-01 9.488135486627889970e-01 5.618420029922011061e-01 8.325058195526349736e-02 9.866377996198866240e-01 1.437201469559618860e-01 6.603497995265352749e-01 1.282336657639107369e-01 8.429941266808181899e-01 4.840000000000000000e+02 2.337825850284460660e+00
9.866945931348511944e-01 1.000000000000000000e+00 7.923592500314856624e-01 6.232336749985347701e-01 4.740226103134023705e-01 5.620746346881072553e-01 4.004875099384274106e-01 6.685851258738668701e-01 6.160006351041719119e-01 2.344545949712232846e-01 7.003920951462725419e-01 1.000000000000000000e+00 8.300919900590549849e-01 7.560058977291976845e-01 1.000000000000000000e+00 9.999922060775174870e-01 5.640884342699615805e-01 9.833905120110566500e-01 9.757954949488785168e-01 2.958457427702319009e-01 9.301637670183775242e-02 1.000000000000000000e+00 1.000000000000000000e+00 8.674477321027320720e-01 9.050095587956308307e-01 3.922375038461891061e-01 8.139940428557943530e-01 3.257537519677305426e-01 7.270785924838948366e-01 9.255812425749982975e-01 5.757893601005393824e-01 9.050373317509871063e-01 6.500000000000000000e+02 1.554661115010579353e+00
9.614279346683434202e-01 9.800308034926051848e-01 2.676367886733130308e-01 3.171276129157774015e-01 8.828561459955243107e-01 7.880507792267198441e-01 9.855467542909330803e-01 8.056113710052574817e-01 1.000000000000000000e+00 6.482950414218048296e-01 4.703043415591533494e-01 6.657983790024341042e-01 1.883301373130543410e-01 9.999988485389724735e-01 9.600482617052588097e-01 9.904354239684026728e-01 9.139823816179216687e-01 9.999990598674026732e-01 9.218835096853645883e-01 7.478974711818902055e-01 8.227895981653240431e-01 7.787369786101845381e-01 7.043284522036485917e-01 7.172377063458401647e-01 8.606247408388483233e-01 1.000000000000000000e+00 5.118996039214120941e-01 1.000000000000000000e+00 9.999784755037200989e-01 1.000000000000000000e+00 5.462520425163690935e-02 5.346011755038408975e-01 7.240000000000000000e+02 1.419365619477771512e+00
9.804189047544754620e-01 1.000000000000000000e+00 4.228564312978637663e-01 7.780340537524754740e-02 9.046575692668928914e-01 3.865472857624455139e-01 2.546479939797794967e-01 8.276199224951755751e-01 8.408977641625219324e-01 1.000000000000000000e+00 1.000000000000000000e+00 8.499556114992578015e-01 9.993264679166558029e-01 8.439624131253344874e-01 8.381357408329360714e-01 9.968390272163506483e-01 3.578280072788958543e-01 9.111404673434712054e-01 6.421589777700854595e-01 9.595975144379489397e-01 6.274361116585465137e-01 1.000000000000000000e+00 6.014071542754310107e-01 6.026926671591086304e-01 1.000000000000000000e+00 2.767020076961719255e-01 1.000000000000000000e+00 5.818007655404214828e-01 6.551548985351866028e-01 1.291512344330145168e-01 1.000000000000000000e+00 4.760180525255371942e-01 7.000000000000000000e+02 1.469315737769717245e+00
8.830209948754004223e-01 3.070292516647548653e-01 9.999999986573110400e-01 5.421906565415423040e-01 1.957762366402692189e-01 1.215372239758855666e-01 5.330727985869821058e-03 0.000000000000000000e+00 5.862229469655573233e-01 4.736043936029168955e-01 8.039634153727739235e-04 9.176337964408269876e-01 1.000000000000000000e+00 2.821966186770440230e-03 3.622682946370939794e-01 8.447148318462188721e-01 6.903473989968154922e-02 1.000000000000000000e+00 6.111601531321008141e-01 4.846201935124268556e-01 8.346888577930149378e-01 3.886591187744963261e-01 6.467239008887916141e-01 4.730039510434031532e-05 5.602229755421208601e-01 1.297166119104617987e-01 2.903599726557549564e-03 1.618270774166240961e-02 2.104004576399320925e-01 6.840247216199278890e-01 2.799037975412820289e-01 6.627011506525003481e-01 3.700000000000000000e+02 2.728658182779948316e+00
1.000000000000000000e+00 7.571182841935779617e-01 4.495075742108082806e-01 7.772303735744391373e-01 2.178080176693109049e-01 1.960029242068191402e-01 4.634522881448680520e-01 7.547720686408861956e-01 6.031411063109647364e-01 9.604220451034637396e-01 3.066933814664314917e-01 5.888471205070316961e-01 2.376201391947381503e-01 3.407614473197984051e-01 6.695927061277877623e-01 1.000000000000000000e+00 6.285987673499302542e-01 9.896265088754985229e-01 9.997877989239960517e-01 9.919540463151194087e-01 8.670981736629670422e-01 8.681152115160215565e-01 8.597271474741545738e-01 4.465406455664990837e-01 9.725039605487447725e-01 1.785130751755211187e-01 1.000000000000000000e+00 1.000000000000000000e+00 3.788574516856159091e-01 2.768534923901690981e-01 2.102187067793440944e-01 9.873875280154222889e-01 5.760000000000000000e+02 1.793364672075237864e+00
8.823344183560712928e-01 4.700184245290804363e-01 5.618280212642650095e-01 3.564339542335883682e-01 0.000000000000000000e+00 0.000000000000000000e+00 1.656435880724098144e-07 5.478499062737055003e-02 7.004491126650349564e-01 7.356464227618242369e-01 4.733384976369369168e-01 4.977613194862427481e-01 9.999117830833654796e-01 6.938820326874710620e-01 3.959650108091620768e-01 2.392653792233616628e-01 1.457601914196806903e-01 4.067668225190759074e-02 1.000000000000000000e+00 0.000000000000000000e+00 8.645687347743646889e-01 4.356640601310833860e-01 0.000000000000000000e+00 6.751879873915453967e-01 1.000000000000000000e+00 1.877666241462537522e-02 7.552916453354959758e-01 5.079239903832042380e-01 2.122107998994774425e-01 6.210574588054776912e-01 4.654261780902090861e-01 2.871317385057851057e-01 3.500000000000000000e+02 2.668094107545452065e+00
9.474953332847841914e-01 9.999935140641617037e-01 1.389356935259620507e-01 4.044093689284490312e-01 7.271978056244401412e-01 3.370479434811604613e-01 2.072388827371438313e-01 9.864491592901699635e-01 5.665043682920920150e-03 2.220920983919599800e-01 8.272488440921103026e-01 1.000000000000000000e+00 6.870492053082624118e-01 9.990220145411515817e-01 4.571619300320375889e-01 3.779362297826303618e-01 4.089332168382703858e-01 9.997092564024356864e-01 3.073926833934285258e-02 3.922829254493709894e-01 9.220368602412204462e-01 9.894571665690617968e-01 4.707515773269222640e-04 2.391715486782762523e-01 3.112521018397707007e-01 9.998096811806673756e-01 1.504614063725592255e-01 7.855038131369114218e-01 3.583504412575451610e-03 4.914584517378104422e-01 8.582280534228411799e-04 7.940055334728574402e-03 4.440000000000000000e+02 2.439893745653556767e+00
1.000000000000000000e+00 8.692519790258108614e-01 7.171965839734807391e-01 7.921348160122264614e-01 9.179278544975855159e-01 3.792050708069374387e-01 5.395873120550677138e-01 8.279652773941599264e-01 4.099980247629752550e-01 7.966099531416730439e-01 6.113737433754787842e-01 9.214966018295878136e-01 1.000000000000000000e+00 1.000000000000000000e+00 9.025128032332510042e-01 9.286722189129937854e-01 6.403190467981317857e-01 9.203130446310797685e-01 9.905228412513147340e-01 9.964003033269582810e-01 9.513240390555379733e-01 9.856900052902510811e-01 8.960670747273312697e-01 3.980129859330784337e-01 1.000000000000000000e+00 7.805781678637578880e-01 6.865257556439006148e-01 4.284134153265444778e-01 2.035878369484019068e-01 6.271937113752795723e-01 3.631401374109821667e-01 5.652178863510920470e-01 6.880000000000000000e+02 1.365119171142578081e+00
3.260827011798861919e-01 9.997843942384988525e-01 9.519528691493325256e-01 3.783072761361925829e-01 8.058988667168860420e-01 9.516345014689531201e-02 3.221136837330986769e-01 7.902027284602301804e-02 3.980164503315609670e-01 5.526884713350265210e-01 4.299721781220756101e-01 9.980671394484164072e-01 9.997314752870122279e-01 8.668852250926500913e-01 5.218664314238725677e-01 3.211448326504070527e-01 3.110820334206067517e-01 6.565232857146968692e-01 2.958780451825683278e-01 7.626081782474135595e-01 1.180172373353855775e-01 4.321390117365502270e-01 2.492529489864097891e-01 6.441949934799550137e-01 9.359316967979303126e-01 8.478997643564052389e-01 6.268123642564760178e-02 4.627197860390538375e-01 6.535759200912474309e-01 4.189597808760526232e-01 9.904568073623229996e-01 8.875101044219848578e-01 4.720000000000000000e+02 2.269000770106460063e+00
3.295538261676081437e-01 9.545564697229665940e-01 9.729415572002363122e-02 1.000000000000000000e+00 9.493986184975701237e-01 0.000000000000000000e+00 2.228407927506492192e-01 6.456882024430873335e-01 5.311566491084636077e-01 3.574635493661792451e-01 5.419864555752722524e-01 7.183053930470324477e-01 9.992744472625587626e-01 9.974954880207651531e-01 1.920418804660807555e-01 7.974400130477868887e-01 3.467343005730518790e-01 4.777837114898240700e-01 7.850837503379085591e-01 3.793879735020812272e-02 9.382060539200560711e-01 9.560232446428827968e-01 6.657628486841168369e-01 3.617304681545949752e-01 1.000000000000000000e+00 5.736276594934763828e-01 8.703164409524292155e-01 7.396850906377275825e-01 4.333769088024230220e-01 5.528591307426989898e-01 5.665255827857171855e-01 1.000000000000000000e+00 5.000000000000000000e+02 2.083696440494422042e+00
1.000000000000000000e+00 9.899982029887293145e-01 6.366674549817923356e-01 5.920471511982537960e-01 0.000000000000000000e+00 5.665857750342614407e-01 6.814155228243481410e-01 3.137027754313641004e-01 5.245745844786882106e-01 5.177749165131271258e-01 9.985184434574446988e-02 9.984155508011340885e-01 3.003174658046180445e-01 6.653897309733468601e-01 5.651190113308954821e-01 9.895368758354597949e-01 5.729582392682164294e-01 9.655318717297300957e-01 5.539021276937939886e-01 9.998015254653865869e-01 1.958550592568452930e-01 9.172171512270187455e-01 4.861002694682117764e-01 7.045424124432961843e-01 6.007703256649907925e-02 3.628751752384213880e-01 8.901931931884131677e-01 5.437769979316500572e-03 7.569167910361809248e-01 5.932496800665536529e-01 7.885195110542024821e-01 1.523601068520674950e-01 4.480000000000000000e+02 2.241507127549913214e+00
1.000000000000000000e+00 9.934423861072175788e-01 6.767276800841176554e-01 2.176338155017669973e-01 2.887926851708684239e-01 8.899560054899913197e-01 0.000000000000000000e+00 2.405149756603145728e-01 4.267825908059691420e-01 2.767944756384710019e-06 4.789912532708160975e-01 5.643753005790571597e-01 4.040023060794202814e-01 1.000000000000000000e+00 0.000000000000000000e+00 1.000000000000000000e+00 7.830606471828938098e-01 8.044843505063873357e-01 4.306153150326393897e-01 4.360521645806241797e-01 1.014394602184428285e-01 8.895674835370649403e-01 2.481863487171227511e-01 4.390904100230887952e-01 1.000000000000000000e+00 1.040086051548771724e-03 9.028631630481515069e-02 0.000000000000000000e+00 9.998373008701412212e-01 2.927812401166545592e-02 5.122005621330952274e-02 9.418892264204662412e-01 4.420000000000000000e+02 2.434956828030673037e+00
1.232401927560466612e-02 3.260200906388915909e-01 1.000000000000000000e+00 5.820022160412774426e-01 2.689212578509336815e-01 3.804747162598158816e-01 9.833434215813360302e-01 1.000000000000000000e+00 8.199245502193818202e-01 8.874941201723884898e-04 4.123309448975869262e-01 6.039162234465327295e-01 9.953263119967643568e-01 9.977095161678098956e-01 8.939222032941243068e-01 8.731828722772043694e-01 5.092777756498799713e-01 1.000000000000000000e+00 6.580396670008280546e-01 4.188883625021531665e-01 9.758655579139644543e-01 7.749270850962309831e-01 7.541771320875558793e-01 2.552814205189585239e-01 9.991564292873311715e-01 4.398723851671527685e-01 8.947525155456250712e-01 3.444959187641741805e-01 5.281673739550805241e-02 8.543052229135568165e-01 3.400753540680212517e-01 4.886754483947007843e-01 5.580000000000000000e+02 2.040664291381836026e+00
9.999731696142094561e-01 8.881793760737818344e-01 1.000000000000000000e+00 1.921003619658412931e-01 4.579520452846985029e-02 2.374816126848618980e-01 7.520719033480714392e-08 4.698549045914340860e-01 9.999496874580283690e-01 4.863198703308018178e-01 1.367696756119579915e-01 9.391162964447947736e-01 4.040065169967427816e-01 9.999947356544141019e-01 6.610704683886506894e-01 9.999997856645921335e-01 2.064135453178967960e-01 1.000000000000000000e+00 4.873141864793308353e-01 9.789832490672698562e-01 2.781032944114677496e-01 6.999710543048153211e-01 1.607636157160401250e-07 1.532770107759724165e-01 9.952965609562320903e-01 7.639309982117728276e-08 6.984828778744300859e-01 1.103372471193205945e-01 8.977971994372695441e-01 4.815687014727836057e-02 2.180500323959783382e-01 7.322557354068596203e-01 4.820000000000000000e+02 2.191687211536225366e+00
9.163832082966244519e-01 6.691475771448025522e-01 5.768697545478955746e-01 2.516435706168811404e-01 4.275792985659027101e-01 6.691879972885812489e-01 0.000000000000000000e+00 6.763929472809547816e-01 6.987518404165053987e-01 7.200535307684201303e-02 9.510892867965063946e-01 9.974509014538301965e-01 9.984563198418572316e-01 1.000000000000000000e+00 1.289188963667845314e-02 9.999969395907543079e-01 6.293560069598320705e-01 2.770792865423700735e-01 8.936175209023107247e-01 3.108687466215883100e-01 9.113510840161437310e-01 7.861397069807387616e-01 9.977467664491775912e-01 9.717115176054735848e-01 1.000000000000000000e+00 2.972387322409030808e-01 7.456111885945480022e-01 6.459683526147664834e-01 7.367156031315762466e-01 7.802145545974911167e-01 8.798404025973932674e-01 9.989457307383109441e-01 6.140000000000000000e+02 1.806146029422157850e+00
1.000000000000000000e+00 9.228341331717127005e-01 5.181251513259022695e-02 7.864839139335091933e-02 5.339840957070685068e-01 2.582542368029507318e-01 2.016839963850604168e-05 6.998429294379904242e-01 3.551395940484796121e-01 9.998953321047816534e-01 9.657439183304991071e-01 9.985929300145429677e-01 4.732792668291914695e-01 1.000000000000000000e+00 5.170112013221340730e-01 9.756155948003236711e-01 4.799037697902879263e-01 9.999646555422577743e-01 5.324457120130110521e-01 8.029949234638483757e-01 7.122271509905585551e-01 8.216735299565031125e-01 6.778006778335919913e-01 1.000000000000000000e+00 9.170432947733747620e-01 9.381263436657281130e-01 9.999756356656890333e-01 5.667624981678164309e-01 9.772878338355718286e-01 7.245466397198812025e-01 3.820110654915170184e-02 1.352415964115505631e-01 6.100000000000000000e+02 1.733452800675934435e+00
6.927706863965730211e-01 9.158626141598084081e-01 1.528184623163379996e-01 6.946029665164973332e-01 5.930936207013814965e-01 2.510235195799194186e-01 8.959756854148951399e-01 2.998678155802113610e-01 7.611904457097951049e-01 3.841739972728782648e-01 3.213963756572766894e-01 9.999851706538105400e-01 1.000000000000000000e+00 1.000000000000000000e+00 8.364211794505067576e-01 9.999993302967752351e-01 7.651394679237645269e-01 9.999932304724170606e-01 8.012750891195429643e-04 8.898287812689197329e-01 6.735919176092894922e-01 1.000000000000000000e+00 9.174039678735131931e-01 3.808220062642852510e-01 9.999685515562667382e-01 5.257270948974026581e-01 9.999178666361457912e-01 9.971177150773491427e-01 8.300024960642186089e-01 7.147762622523148313e-01 5.854112423832269485e-01 7.153558698597772825e-01 6.400000000000000000e+02 1.588739462459788809e+00
5.467321509413449743e-01 6.775595564721053066e-01 7.679191353109476870e-01 3.092853536858962693e-01 5.390424617768161397e-01 1.031844476725633786e-01 7.179198703784220870e-01 3.143609463124851233e-01 1.885528002559808403e-01 1.000000000000000000e+00 3.380268953139428656e-01 7.507346914061754362e-01 4.202001616661443784e-01 1.000000000000000000e+00 6.299320566736525961e-01 6.978503593279565820e-01 5.980310856693095145e-01 7.569487784556526710e-01 5.624132387971472052e-02 7.872858237344519949e-01 6.381724127499863175e-02 5.856659467875272584e-01 2.109085644921439018e-01 0.000000000000000000e+00 9.410381813997504841e-01 7.466759738399619817e-01 4.316166246606575330e-01 2.066707585064202490e-01 3.059669849791180063e-01 7.694226408963850128e-01 1.050860565422182501e-02 2.376537209973948739e-01 3.440000000000000000e+02 2.490553678315261532e+00
9.050477104067257139e-01 9.466446068313584261e-01 1.645780830367672420e-01 2.775514832694413458e-01 4.531884409303901795e-01 5.134920418333391856e-01 9.880035093558875436e-01 2.679728608334183138e-01 9.599521575201016566e-01 2.596920909847414416e-01 7.255007394785196739e-01 9.807321174511929307e-01 8.937420414276743275e-01 9.727313397955515972e-01 5.741693871928267301e-01 7.870753399358927371e-01 9.248041881646266171e-01 9.059783524066987725e-01 7.977250750189108786e-01 7.377619731454453378e-01 8.153387454089650044e-01 8.219443589711343812e-01 2.505235790860523837e-01 6.697939307281411958e-01 9.573521712309022158e-01 1.973962132368603239e-01 7.121716655959264841e-01 5.932006265648931409e-01 2.751902043177019141e-01 1.405781326748766769e-01 2.626758906716346598e-01 5.674563502846354801e-01 5.500000000000000000e+02 1.773381169637044286e+00
1.000000000000000000e+00 1.000000000000000000e+00 8.713415719223899236e-02 9.695555461712603018e-02 4.886316510901829724e-01 6.233746205356834880e-01 8.767248555544252531e-01 6.974365532747974772e-01 7.941868749276512762e-01 9.667772149830412554e-01 1.035388732821207469e-01 6.873483826596583635e-01 8.673158146461404927e-01 9.268206043204675337e-01 8.460605057114248817e-01 9.999854778971776215e-01 9.986222755888515268e-01 4.475912659075381717e-01 2.496380631209388357e-01 9.727110970850871841e-01 7.428536561668992455e-01 5.383719809155910196e-01 2.364211602705606763e-01 3.126089243999177203e-01 9.713217096448136800e-01 5.706308512388097443e-01 1.000000000000000000e+00 9.999999938227275287e-01 9.941332636903267295e-01 8.361451722081664206e-01 3.053416720183669830e-01 1.988169492483189971e-01 6.160000000000000000e+02 1.766620980057061807e+00
1.000000000000000000e+00 1.000000000000000000e+00 5.479034963139081671e-02 6.179436932299094964e-01 9.066443350697312997e-01 6.275247008732290355e-03 5.989913051759470086e-01 5.110759317703734705e-01 8.782698945339162400e-01 9.499512757205287317e-01 1.000000000000000000e+00 9.238691997453263305e-01 5.560984542580731382e-01 9.229000124086421675e-01 5.405962645050930160e-01 7.386842169145387826e-01 9.676021361404686383e-01 8.066774800848216520e-01 8.797754800777006778e-01 8.838465933602622782e-01 9.556652201207957997e-01 9.157217535013119081e-01 7.378209525908739908e-01 2.039537974121442276e-01 9.517284780126217258e-01 9.904298934374111685e-01 7.435669372771597230e-01 7.077765034543606060e-01 6.442186479675754418e-01 6.169871830933967294e-01 3.966158207736529828e-01 9.503735843315856968e-01 7.000000000000000000e+02 1.369261394076877414e+00
1.000000000000000000e+00 1.000000000000000000e+00 8.232684203085873786e-01 5.455707870023973616e-01 3.198437310760847696e-01 5.377725260590405787e-01 8.016699755777735303e-01 6.440893882719755936e-01 5.507217894778161371e-01 5.090203678173212953e-01 3.819647560719543478e-01 9.893822631948739899e-01 9.999068821059384771e-01 1.019005681239584377e-01 8.539637588730696338e-01 1.000000000000000000e+00 1.000000000000000000e+00 1.000000000000000000e+00 1.000000000000000000e+00 2.610652033979368996e-03 9.798219488498970398e-01 7.436066377415562201e-01 4.279267287172545120e-01 5.009114257030896633e-01 6.321717182660416823e-01 9.283594481007493293e-01 9.280142815827707725e-01 9.664533502870062964e-01 2.387902202561520415e-01 7.865382684606212621e-03 7.262761346172621479e-01 1.229297065097388758e-01 6.120000000000000000e+02 1.892018134921205075e+00
6.534590625507510353e-01 1.000000000000000000e+00 4.626578095914677391e-01 1.800433813639887026e-01 8.438538637574097279e-02 0.000000000000000000e+00 6.988399240243212684e-01 5.381692990262936660e-06 1.000000000000000000e+00 5.855914950836766941e-01 0.000000000000000000e+00 5.945322173272580280e-01 4.261780899136219380e-01 1.000000000000000000e+00 0.000000000000000000e+00 1.000000000000000000e+00 3.149585083026052446e-01 9.021434276758851789e-01 9.686922095433091462e-01 0.000000000000000000e+00 5.164378392633418580e-01 2.444757881366101671e-01 4.777381853925306843e-02 4.772634620691459384e-01 1.000000000000000000e+00 0.000000000000000000e+00 7.062943333715352492e-06 3.203388963307065573e-01 1.528561460575362900e-02 9.220506396368232105e-01 1.002924106851558889e-01 1.439092891115568706e-01 3.740000000000000000e+02 2.771903906928168126e+00
7.738875641683821138e-01 8.806757488896785890e-01 1.794166681177688516e-01 9.979402764519573754e-02 4.659614273614311880e-02 0.000000000000000000e+00 1.575416574877587517e-02 6.292770218025072913e-09 7.601931335790534927e-01 1.000000000000000000e+00 0.000000000000000000e+00 9.566007023329042847e-01 1.000000000000000000e+00 9.998199385843412612e-01 8.782871393267662752e-01 7.709682898818227548e-01 6.681383860925477203e-01 0.000000000000000000e+00 1.534222765304146113e-02 7.154197708455106719e-01 6.887166465556943118e-01 6.485439123506460124e-01 3.079200865386231244e-03 2.915072757328610042e-02 6.719152186538996929e-01 2.139521179703639808e-01 6.364429244500511285e-01 2.143206451907815960e-02 1.872323570375699908e-01 6.293283068891125653e-02 2.919711139142423528e-01 1.000000000000000000e+00 4.040000000000000000e+02 2.420837328592936100e+00
9.999912969464890278e-01 9.976596142011822099e-01 8.340801979922710663e-01 9.008001018812304694e-02 8.948785019185332423e-01 5.352084840318018788e-01 4.891864131423858120e-01 2.833884723762294930e-05 7.476567626289949420e-01 2.688859677560556660e-01 3.296995815572867318e-04 7.410195092771086900e-01 0.000000000000000000e+00 9.996468112948128093e-01 5.655276755181627424e-01 5.769996896962533706e-01 7.246199465882480206e-01 3.211056396113606826e-01 1.237328208230225324e-01 7.825869552232972426e-01 4.615288066410884738e-01 8.858922733607791367e-01 7.342115631673196141e-01 4.630781173888407487e-01 9.947424093698101766e-01 4.839288834369689374e-01 9.259723926459745291e-01 6.291487717126963419e-01 2.864101021270111791e-01 8.100585238344982786e-01 4.271460876777520843e-01 9.999202911173251662e-01 5.020000000000000000e+02 2.004302094199440720e+00
8.025594130600874898e-01 9.971230316683797890e-01 4.937461413961626022e-03 8.819392778119778953e-01 5.209231736620497655e-01 2.353143755212724064e-01 1.139915102671375385e-01 1.248094787301964187e-01 1.157414420455968179e-01 5.814432540425668039e-01 2.505316116049726149e-01 8.878593485602631619e-01 8.927115396107678791e-01 8.335515259027991286e-01 9.896292908165721380e-01 6.503967009908881991e-01 5.794456554489157973e-01 7.702983441045234692e-01 5.891947678925979481e-01 3.864005900589873588e-01 7.932770062368877939e-01 9.826588048723285951e-01 5.244771436036037571e-01 3.836215450383194669e-01 7.291811865984362262e-01 5.918111132991280554e-01 9.030854740729160612e-01 1.320549409432955346e-01 9.447695865237579205e-02 7.935497088861784842e-01 4.714075407886501590e-01 8.659859099857266651e-01 4.840000000000000000e+02 1.973627246509898514e+00
1.000000000000000000e+00 1.000000000000000000e+00 6.913276579315906778e-01 4.113476013459025915e-01 4.419923703718061647e-01 4.863304691204862751e-01 3.844651302519376812e-01 4.535431693607533954e-01 4.441195688839200684e-01 8.361581903496247969e-01 6.254434263696732055e-01 9.995466982470526673e-01 9.997006610690207795e-01 7.922516201947211734e-01 9.979418420365231412e-01 1.000000000000000000e+00 9.459217302025043628e-01 4.855028055640416285e-01 5.349651914465984870e-01 9.979307788630403797e-01 1.000000000000000000e+00 6.671295541876064439e-01 7.460749068332959144e-01 5.221423956918262999e-01 9.533705899804342243e-01 3.611981619715313729e-01 1.000000000000000000e+00 5.828308830384816286e-01 6.608517674024321220e-01 8.181572948734833206e-01 3.912180991243366379e-01 7.428530838661770996e-01 6.120000000000000000e+02 1.474324450576514733e+00
9.210324287735599524e-01 9.890536812742045658e-01 7.251353082997195887e-02 2.258824703446121462e-01 6.581868044390289940e-01 6.770810384525996484e-02 0.000000000000000000e+00 6.055763339539627088e-01 8.525398537271993149e-01 8.554464755372397367e-01 9.974477225837860006e-01 4.722269945932189850e-01 6.404520697870664803e-01 6.442412802425211416e-01 9.999695934228476357e-01 3.678547035599943893e-01 1.000000000000000000e+00 1.000000000000000000e+00 3.377375851176710464e-01 9.997309664466063062e-01 4.723416869294389531e-01 2.702093757984203037e-01 1.640499151276866158e-04 2.548450115341227215e-02 7.122064295095180686e-01 9.546824359060882559e-01 8.620766096216354590e-01 9.995948293543356344e-01 3.416218689928123275e-01 9.173387825283034758e-01 7.740427435697483545e-03 3.919128096507927816e-01 5.480000000000000000e+02 1.974862523664508096e+00
9.999999945863652373e-01 5.133492089537662340e-01 7.526339317413514030e-01 7.299620277097265131e-01 5.585978633678626570e-01 4.616901551537134357e-02 1.239141958168885754e-01 6.376603748924170034e-01 2.942779530494201573e-02 8.843057898998155641e-01 7.735887641414077587e-01 9.997420835119957827e-01 9.338749822405165713e-01 9.704024533027382216e-01 3.700339166415442249e-01 1.000000000000000000e+00 8.470954537138764007e-02 9.949405381442488761e-01 3.368155686121838133e-01 8.766172270237742037e-01 1.000000000000000000e+00 3.665141669691482917e-01 9.999999596368053245e-01 9.562664486266460040e-01 9.994245277116812209e-01 0.000000000000000000e+00 1.000000000000000000e+00 8.791350937908394281e-01 8.927945453431324063e-01 9.999999968073071122e-01 1.103302812290050429e-02 9.999999783537575349e-01 6.480000000000000000e+02 1.928175451490614201e+00
9.995743697434742447e-01 9.988022286267238536e-01 9.999983097672351384e-01 6.390141091663071871e-01 7.394718248775921099e-01 8.112325185769592162e-02 2.942597443370638666e-01 5.793087298843364596e-01 4.836817060616997455e-01 2.459676009154468657e-01 9.363920688186229413e-02 5.849085359166624754e-01 5.659283804589845257e-01 9.436675067830914143e-01 1.000000000000000000e+00 7.252731381024649648e-01 1.526451406483151640e-01 1.000000000000000000e+00 9.989688133825217475e-01 7.513040234056047595e-01 6.168016330935826019e-01 8.175541092655861375e-01 7.692449872130765476e-01 3.951261641962058868e-01 1.000000000000000000e+00 8.995161391075506829e-01 9.374397773642600962e-01 1.000000000000000000e+00 9.138808092376119463e-01 7.830690923917534851e-01 1.474870478400756302e-01 7.189725131149907744e-01 5.960000000000000000e+02 1.773622372275904580e+00
5.834134470989862375e-01 1.000000000000000000e+00 5.019484785106541613e-01 1.487432535559505553e-01 8.204863427476276616e-01 5.604883752387459506e-01 6.816201685489232664e-01 5.153945089290346004e-01 6.242705828164814008e-01 8.268026124107544783e-01 5.686576997654229082e-01 8.871523630026496576e-01 9.686410417141754214e-01 8.325227947914187743e-01 1.814252883768112112e-01 7.794038955648648903e-01 1.309831052121861739e-01 7.447586011671488704e-01 6.325184082916353034e-01 6.351144886280538637e-01 5.540652182635535938e-01 5.337102249088996331e-01 9.609539921672525242e-01 1.256956044699011898e-01 1.000000000000000000e+00 5.305515825098329197e-01 9.722262231374043662e-01 4.846436639896430920e-01 5.334607491803435853e-01 4.267130288490134093e-01 5.656200337240155918e-01 8.077735315136693739e-01 5.200000000000000000e+02 1.939655552488384949e+00
9.999999993871516724e-01 9.999587930847321227e-01 9.210493843135821035e-02 8.209157327072292842e-01 6.878433346248878921e-01 8.312305530275144842e-04 6.974409327969884054e-02 4.057782851601310359e-01 2.468594309267478082e-01 6.640548821040924421e-02 9.988883304601365865e-01 1.914823137361255645e-01 8.936160162008540686e-01 9.984738309263445633e-01 9.999999978411060475e-01 9.028151487888457227e-01 9.996654447787766129e-01 9.108138647903498697e-01 8.515394027663486520e-01 3.151034293732180025e-01 1.000000000000000000e+00 6.172292531079117683e-01 1.348876413298437556e-02 9.083999959642988786e-01 9.998961520440567963e-01 6.036008377013190457e-03 2.503993466523273814e-01 7.190429081219804619e-01 1.000000000000000000e+00 7.492948750170755901e-01 2.972064026770506184e-01 1.641434440977379561e-01 5.840000000000000000e+02 2.089429107366823857e+00
7.653429107309779322e-01 9.999652535980531054e-01 5.000497827329531964e-01 3.242066119734932490e-05 5.325545377160962879e-01 3.248998770337264801e-04 0.000000000000000000e+00 1.518507224795779265e-01 6.629145935848430593e-01 9.997077063400875430e-01 6.409711307150889326e-01 9.997548223017143076e-01 1.000000000000000000e+00 1.000000000000000000e+00 5.256637616742192431e-01 5.946547709759077982e-01 1.138215685859986437e-04 9.996772940572321575e-01 7.301235409253158393e-01 7.514385516422475431e-02 1.804285757149013195e-02 8.626184993404170109e-01 9.998815061112099611e-01 5.913348483303637604e-01 9.940177524393438713e-01 0.000000000000000000e+00 1.000000000000000000e+00 9.966673760423165884e-01 3.989252277527456925e-01 7.414653032443199177e-01 4.748767414198113990e-01 9.999999313790866040e-01 5.320000000000000000e+02 2.043482602437336926e+00
9.571197308815554416e-01 1.000000000000000000e+00 7.030587331707637277e-01 5.246159899997748788e-01 7.041826826543333695e-01 4.492821736048902004e-01 6.345609076463528675e-01 3.426525576725567013e-01 6.838041097965327220e-01 3.769929257387445998e-01 4.556307840381079166e-01 8.510825019868401009e-01 6.153547653181290489e-01 1.000000000000000000e+00 1.000000000000000000e+00 1.000000000000000000e+00 9.406165707242144514e-01 1.000000000000000000e+00 3.864705906249918943e-01 6.850106792977619374e-01 7.025958951571951161e-01 9.826720819953743691e-01 6.340076727436033677e-01 1.374885462600926589e-01 7.336270705871369424e-01 2.561190133038000472e-01 9.962373976714786750e-01 5.363355587987670425e-01 9.063286027634155362e-01 4.879675306867183315e-01 1.461335021919870237e-03 5.019811249627976757e-01 5.640000000000000000e+02 1.690293593633742431e+00
8.754520602607502866e-01 9.999999773489463006e-01 5.625969248358284741e-02 5.554065676682468783e-02 1.000000000000000000e+00 1.098707731455317305e-01 9.868948429513727527e-01 6.658434912635287084e-01 6.399923261034795585e-01 1.000000000000000000e+00 2.021244848476416722e-02 9.997979765552205134e-01 8.076113469310719495e-01 1.000000000000000000e+00 9.054401371851686919e-01 9.911530442936061780e-01 9.991721140820205571e-01 9.999982978773266362e-01 9.999889552394637393e-01 3.851837005959852234e-01 9.998005465749871812e-01 9.728071588225305488e-01 1.000000000000000000e+00 5.895330877944279235e-01 9.396624177722779914e-01 0.000000000000000000e+00 9.411759693244001745e-01 9.746556790100801004e-01 1.000000000000000000e+00 9.639823627094220582e-01 1.592539841016779867e-01 9.971674294199154298e-01 7.600000000000000000e+02 1.452190666198730495e+00
1.000000000000000000e+00 1.000000000000000000e+00 6.460663168873905793e-01 2.645633242002391750e-02 7.564874199256809151e-01 0.000000000000000000e+00 3.230364509226346104e-01 1.296097962577305307e-01 9.993910208887599733e-01 4.619072239891604537e-01 9.998639567460946287e-01 1.000000000000000000e+00 9.999999169615415573e-01 1.000000000000000000e+00 2.490906559905328721e-01 9.574889795962699957e-01 9.999999999687464447e-01 8.731881039728762728e-01 4.030082848206275603e-01 9.992373975250388174e-01 1.684728138359760374e-01 9.993125461962849565e-01 1.000000000000000000e+00 4.285383821596162185e-02 9.660832293996396425e-01 3.614084698972231391e-01 9.162266907934535354e-01 8.776668142370710468e-01 1.000000000000000000e+00 7.396538459275138200e-01 2.331414676028453759e-01 1.000000000000000000e+00 6.660000000000000000e+02 1.688099951971144819e+00
7.458529400972140067e-02 8.113848378444997733e-01 4.868457682437231371e-03 0.000000000000000000e+00 6.592427340084275889e-01 0.000000000000000000e+00 2.536051554416380305e-01 4.959535557332542629e-08 1.758862233146634146e-01 5.451580808256923927e-01 1.270580632305925162e-01 4.164015973057728637e-01 9.859123193223157111e-01 9.939128223694473352e-01 3.864080845049321367e-01 2.341049006119100338e-05 7.213224612989324602e-02 1.946515545364999600e-01 5.548216049013170448e-01 0.000000000000000000e+00 2.102795480733113051e-02 4.417691908609037155e-01 6.985777698240829003e-02 1.440275888965131257e-02 3.609038451359113386e-01 4.370042575410418850e-01 6.567819576866770204e-01 5.500586721611910868e-01 6.817916606649618849e-01 6.068158008080813959e-01 7.192155842894803856e-03 4.913475380687403193e-01 2.580000000000000000e+02 3.080994029428766989e+00
1.000000000000000000e+00 8.683632481294870642e-01 1.417041450851363182e-01 1.788453626370541116e-01 7.883664299762542793e-01 1.000000000000000000e+00 8.914252237462408912e-01 3.367685522222822470e-01 1.211475705956831100e-01 1.000000000000000000e+00 6.728928924507489306e-02 9.256940785140419514e-01 7.257159028018714819e-01 5.607592173790107992e-01 9.247474596220267573e-01 9.809903281608239878e-01 1.000000000000000000e+00 8.505575486351624193e-01 0.000000000000000000e+00 4.709171487744801543e-01 2.991273182949267251e-01 1.000000000000000000e+00 5.513914838372114824e-01 3.249204962457538093e-01 9.689532748806292117e-01 9.570368467865595363e-01 2.951929277415224484e-01 1.403255783590850146e-03 3.400165885379298203e-01 9.104583480391739148e-01 4.928500717142751397e-01 0.000000000000000000e+00 5.460000000000000000e+02 2.096600412439416861e+00
9.996998567484669529e-01 9.988947435725130664e-01 1.908541404381952078e-01 7.121084176453917891e-01 9.666806817139321772e-01 2.165266584894973700e-01 8.442137225436172621e-01 7.947437469343663352e-01 9.220240856878643143e-01 4.039604807809790143e-01 5.506756253671022394e-01 6.009600439301391317e-01 4.510454848034228803e-01 1.000000000000000000e+00 8.363808591730933495e-01 1.000000000000000000e+00 1.000000000000000000e+00 9.982511966251425006e-01 6.897708851380587314e-01 9.987896979508479323e-01 1.000000000000000000e+00 4.848428987693041425e-01 9.495148469871111940e-01 5.762302308660868233e-01 7.235694825146433695e-01 0.000000000000000000e+00 9.777253926923178406e-01 6.745004938566867558e-01 8.017695728791159882e-01 3.364370129090641925e-01 4.567348081679967753e-01 6.961621993171943634e-01 6.520000000000000000e+02 1.501508735207950140e+00
9.996558715628679481e-01 9.998688058122446876e-01 4.250021263924231435e-02 8.831573754267244003e-02 7.909261299418728353e-01 1.000000000000000000e+00 4.549699091181028665e-01 5.588071667021731193e-01 8.736871086069731840e-01 9.998951353394284203e-01 6.792384782220036721e-01 1.000000000000000000e+00 7.315396404101219829e-01 1.000000000000000000e+00 9.571960706148633369e-01 1.000000000000000000e+00 8.176922592549082935e-01 9.988910621208842988e-01 1.000000000000000000e+00 8.321729246270174185e-01 8.678297387817437425e-01 9.842565114581387498e-01 8.165888263521245971e-01 3.338695121181743941e-01 1.000000000000000000e+00 5.563721235015808286e-01 9.999963574795244226e-01 6.277120345127863432e-01 4.334225288719998348e-01 9.289311742125564431e-01 7.863885552868633555e-01 5.536833612609919353e-01 7.360000000000000000e+02 1.281871013152293459e+00
9.220827046788167003e-01 5.601112816571764963e-01 6.333183610228125815e-01 1.861309826806569346e-04 0.000000000000000000e+00 0.000000000000000000e+00 0.000000000000000000e+00 3.695011577934255356e-03 3.244365067383551127e-01 5.745824262397831728e-01 9.336492672044400809e-01 9.623820439423484974e-01 5.368851598904468281e-01 1.000000000000000000e+00 9.946818371584025265e-01 9.750121742787909440e-01 7.395188120706943646e-01 9.302207895071730182e-01 1.000000000000000000e+00 1.000000000000000000e+00 9.699082364023013658e-02 6.663874489556005365e-01 9.748212350896687806e-01 4.996943195775418456e-01 1.000000000000000000e+00 3.096765474437544394e-02 9.776678884516365464e-01 9.854335057979871637e-01 9.502996796625846621e-01 4.914740064961400368e-01 2.780094492049841048e-01 9.502537257394311210e-01 5.900000000000000000e+02 1.912588123246735217e+00
9.068426574688900343e-01 1.000000000000000000e+00 9.793042929355026960e-01 4.038820487274938920e-01 4.211767432645842080e-01 5.675183574034722289e-01 4.381958582703871508e-01 3.261092592726989592e-01 4.363480796667636996e-01 3.062300285581835424e-01 9.953941283455187972e-02 9.593148829912774289e-01 1.000000000000000000e+00 7.958171432168003046e-01 5.144211229717221556e-01 2.323462569808359690e-01 6.415218468618250069e-01 8.084004080534874515e-01 8.763300861506060357e-01 1.000000000000000000e+00 4.902133393656251115e-01 6.953487309762264035e-01 3.712154179879095794e-01 3.384786795411996452e-01 5.598267881613274710e-01 3.945653479404180874e-01 1.903297211488050034e-01 6.528699612733503965e-01 3.142637293899623319e-01 1.460946328957405393e-01 2.266049324447569069e-01 5.928011993148626368e-01 4.300000000000000000e+02 2.210811954074435537e+00
9.999561758361639185e-01 8.514613467673733949e-01 1.660015156125353719e-01 5.984366245438145215e-01 2.669825777964173197e-01 4.728580787969717814e-01 7.142289917620694428e-01 9.453247904195669626e-01 3.062450632285529384e-01 6.678213858234659517e-01 9.994715026289728854e-01 7.377497370311200120e-01 9.676348986166029009e-01 9.716606914556226160e-01 1.000000000000000000e+00 8.184614082478018915e-01 1.000000000000000000e+00 9.618011278497051730e-01 7.835515897437519417e-01 2.284643268743548061e-01 1.000000000000000000e+00 1.000000000000000000e+00 8.932969248012164742e-01 8.587789207659836110e-01 7.843217614273033655e-01 9.970216098838822205e-01 9.618087984456162864e-01 4.357328192829972857e-01 1.034280113755194769e-01 3.505217337668516953e-01 2.217975871550658395e-01 8.024314626525980154e-01 6.720000000000000000e+02 1.468530998229980566e+00
8.722697913005512671e-01 8.418166920051461943e-01 7.709053807855945628e-01 2.232663708613605996e-02 9.344577925852560751e-01 8.574551946817751125e-01 0.000000000000000000e+00 7.423679435673955496e-01 1.000000000000000000e+00 6.383354147234434617e-01 6.122780362153243949e-01 8.895469784151666115e-01 1.000000000000000000e+00 1.000000000000000000e+00 7.871088210551101527e-01 1.000000000000000000e+00 8.298550774942512476e-01 1.000000000000000000e+00 7.727743444081163204e-01 9.999977366523931099e-01 0.000000000000000000e+00 1.000000000000000000e+00 9.477799777794134739e-01 1.000000000000000000e+00 9.999656168101677123e-01 6.331157188433979011e-01 3.866067539316118268e-02 5.470835874610312510e-01 4.315703527430145847e-01 8.696943364078911776e-01 9.541177369040327871e-01 8.799658075088576670e-01 7.440000000000000000e+02 1.458473161550668751e+00
9.999759750976963124e-01 8.964773688467652102e-01 7.466466369306065708e-04 1.099895243281089896e-01 1.000000000000000000e+00 9.685024339617112621e-02 2.470605251201375419e-01 1.442893707297222827e-01 1.000000000000000000e+00 8.473607892132880570e-01 1.621802630126962380e-02 6.218118609500500327e-01 4.113348860737821577e-01 9.994935792276344877e-01 3.054892097314186872e-01 9.293326669571716492e-01 5.978871641390092195e-01 5.308527122317709956e-01 5.379502802238513848e-01 7.059055587503343387e-01 2.000368321822826034e-01 7.818698948968689777e-01 5.745544484967779475e-01 3.251295160378572802e-01 8.808090906260337416e-01 1.977127566084280544e-02 9.642109206151926459e-01 4.192672371011976762e-01 8.387626108979209238e-01 5.135089336225553969e-02 6.222917902401436940e-01 8.863038163602923181e-01 4.940000000000000000e+02 2.081486181228879850e+00
1.000000000000000000e+00 1.000000000000000000e+00 1.000000000000000000e+00 2.028269673968312314e-01 7.652720951565766816e-01 4.152541722966657800e-01 1.261812614917170450e-01 6.542509968100197471e-01 8.335917148431231105e-01 9.581843795559797927e-01 2.003875952039610442e-01 7.091028946072897021e-01 7.401037068719149570e-01 7.363585970671678860e-01 1.000000000000000000e+00 9.999999981890838052e-01 9.886197891528852866e-01 9.845073317992644180e-01 6.396902001193679466e-01 1.220286414829834659e-03 7.714156476027651532e-01 5.632672341343012423e-01 6.441632074241113726e-01 2.335802611621857761e-01 7.595627094728323314e-01 1.000000000000000000e+00 9.998533373763409671e-01 9.216062440618754126e-01 6.453221808948327309e-01 1.961681559597318880e-01 6.663315534075732183e-01 8.657943538204196932e-01 6.260000000000000000e+02 1.670094864828544745e+00
9.104692054846491578e-01 9.982108833970566586e-01 4.128547123158011756e-01 2.549223155899668081e-01 9.998690101642786487e-01 4.530394877776884903e-04 7.671218111429334297e-01 3.896059468321230179e-01 2.331285953143265310e-01 9.106655082522508993e-01 2.997659480926237463e-01 7.707472370399240935e-01 9.999968458880527100e-01 9.606174783910268467e-01 9.930394673541035333e-01 1.000000000000000000e+00 8.874675881275296829e-01 0.000000000000000000e+00 5.068284761625032608e-01 2.721838796039539599e-01 1.000000000000000000e+00 8.280962551292543328e-01 4.512435252031472555e-01 3.745610565116926360e-01 9.995705122973053136e-01 2.285255419061612281e-01 4.763267878681431422e-01 5.636649897495636941e-01 3.666921227775152836e-01 9.993691369670310021e-01 6.750209578104026109e-01 4.772548421158958470e-02 5.420000000000000000e+02 2.007740094368918093e+00
9.999869770433837957e-01 9.999144241303592473e-01 4.310306759597495874e-03 2.763409959024162865e-01 9.881947490654001687e-01 7.792151755894012322e-01 1.935494919527590415e-03 1.000000000000000000e+00 9.390860678313833754e-01 9.931096499521872012e-01 8.762951265241027965e-01 8.663924707738106523e-01 4.624283618090001546e-01 9.956539969506584820e-01 1.000000000000000000e+00 9.991923079078763870e-01 3.533505726243910128e-02 1.000000000000000000e+00 9.999906308634675112e-01 1.130344879813572137e-02 9.998731716704861716e-01 5.532026802337746130e-01 5.999860389982751840e-01 4.965301358405598275e-01 6.200757030752322985e-01 9.795182620188221945e-01 9.406287250568062808e-01 7.964447910010818976e-01 2.781423364643298424e-01 7.629013534097744964e-01 7.457337246708990453e-01 1.000000000000000000e+00 6.720000000000000000e+02 1.593376324971516711e+00
8.028746874905341446e-01 8.824145443699570324e-01 7.932792879848670209e-01 4.800529145340981518e-02 2.549463679406682726e-01 4.438238485541509126e-01 3.132531255708825846e-01 2.252095178874601866e-01 6.701971286046224385e-01 7.694705127058970584e-01 6.096368721748572916e-01 4.332965015023972910e-01 8.189033945557488980e-01 4.001560573104017138e-01 4.880931308689042680e-01 9.804313078025331807e-01 8.850602649812054912e-01 8.399183042494651197e-03 8.608355454234728477e-02 4.810168405074618514e-01 6.496790521105302307e-01 4.997885225456617508e-01 4.850847190990983382e-01 4.265043207296013161e-01 8.689233340289811425e-01 3.396520767274209263e-01 6.168522259524034101e-01 4.426813318402688102e-01 4.756659211850403635e-01 8.828597225010362815e-01 2.958463021023963191e-01 2.441384123489332980e-01 4.300000000000000000e+02 2.098030949910481890e+00
9.995606061698053546e-01 8.774036924971382323e-01 4.977783223687159420e-01 1.236664839774686414e-01 7.431957496648537997e-01 4.273390675600544641e-01 6.014487649244572021e-01 2.721463249689889952e-01 5.784445698880403830e-01 3.833781407997986501e-01 6.553505560496467597e-01 9.605251762671878080e-01 5.778409139987823462e-01 8.548743661333411126e-01 6.042957362162876267e-01 1.000000000000000000e+00 9.283448965215665982e-01 4.970216389288829029e-01 9.999296372437687097e-01 0.000000000000000000e+00 7.507865104382582810e-01 9.875656213270114225e-01 5.722617361147706028e-01 6.225972262202373875e-01 1.000000000000000000e+00 6.222410889547803636e-01 2.120365846310178978e-02 4.297449128796513307e-01 4.194335304592573532e-01 7.751787244465730975e-01 6.905865258233846449e-01 6.892082980555279681e-01 5.260000000000000000e+02 1.802420204273168736e+00
3.086723638469819966e-02 0.000000000000000000e+00 9.999942720777812433e-01 0.000000000000000000e+00 0.000000000000000000e+00 0.000000000000000000e+00 4.049121079468873674e-01 5.329756840627642434e-06 0.000000000000000000e+00 1.278132960632804294e-01 3.837907047554358630e-01 1.000000000000000000e+00 9.998622395882917901e-01 1.000000000000000000e+00 1.891736915371152461e-01 8.927300243135050106e-01 5.064182471523515083e-01 8.176772241149990461e-02 1.571890474163774032e-01 0.000000000000000000e+00 1.907044876341431328e-01 3.840389645574054378e-01 9.596637076629878083e-01 6.155793951795220931e-01 7.596764340417294648e-01 0.000000000000000000e+00 6.055076228137467459e-02 0.000000000000000000e+00 9.052737373378820784e-01 6.963509554804058199e-01 0.000000000000000000e+00 9.778618633716728015e-01 3.620000000000000000e+02 3.174967638651530422e+00
9.457264405783251116e-01 9.998617865623581347e-01 7.876444564791263980e-01 3.093482149797038838e-01 1.396597056348436450e-01 1.919603302462599137e-01 8.003207881671250412e-01 9.999999927034131098e-01 5.151212451487353627e-01 9.999998221218828753e-01 2.613242381091684940e-01 9.734645950659076563e-01 4.279247887270552497e-01 2.848589215973988398e-01 9.855269070156397193e-01 8.752098874547586949e-01 5.339443599702509147e-01 9.954171871602298660e-01 7.431574942856035149e-01 9.039605166777877621e-01 2.439858253015907419e-01 4.551809114300542358e-01 7.593299061990713694e-01 1.096101286740486791e-01 6.725809830903887176e-01 6.067882947433266283e-01 7.283939139598987200e-01 2.102739810848525959e-01 3.038726315248096443e-01 4.813026081691903491e-01 2.538038275396344301e-01 9.184536931398272763e-01 5.220000000000000000e+02 1.817963866581992383e+00
8.937681907795050895e-01 9.999815242465893705e-01 4.466596218337788304e-01 4.475455071170217902e-01 9.115937780997664941e-01 6.836387820859683995e-01 3.076223864610887482e-01 3.489743758972204124e-01 6.514804729846803699e-01 7.171926078048184161e-01 2.977693347328617679e-01 7.556592279742996299e-01 9.033570788345116620e-01 4.000325825009440339e-01 9.999999929734584292e-01 9.666699660116290227e-01 7.165146211682855704e-01 9.991075673628294629e-01 6.665443418590991653e-01 8.755037019651312757e-01 6.651822679009212758e-01 8.021234570818454035e-01 9.962536551917255956e-01 2.140224553249187311e-01 9.350408396363555363e-01 9.981111299553138139e-01 9.290484500828535275e-01 2.976268037326868510e-01 8.145393098914031071e-01 8.096216507125056916e-01 2.888339613968356479e-01 9.770996507256040076e-01 6.720000000000000000e+02 1.456581052144368504e+00
5.516873412846275970e-01 1.000000000000000000e+00 9.027714986503649897e-01 3.239526895582242050e-01 5.567735542655249947e-01 4.824481357073479026e-01 2.879581883960481981e-01 7.774425056773075493e-01 4.479019441377297683e-01 7.669370496861145359e-01 9.839796708750541132e-01 9.915197439238703225e-01 9.210342278213785594e-01 4.064896780933193732e-01 8.957890317874082076e-01 8.573919970912876609e-01 1.000000000000000000e+00 9.683258051315272175e-01 8.997536771766957431e-01 9.961255560612423121e-01 1.000000000000000000e+00 1.000000000000000000e+00 1.000000000000000000e+00 5.929668867581958658e-01 1.000000000000000000e+00 9.153463982540366306e-01 6.914735174841968313e-01 8.603160394328681626e-01 5.575111033008498529e-01 6.535540081210359231e-01 9.328339030775509855e-01 9.753435442099021024e-01 7.360000000000000000e+02 1.364052254114395568e+00
6.552363481629246422e-01 6.539329361892479708e-01 3.818632345155651420e-01 2.399244061039402243e-01 9.620276771575498875e-01 2.795540500526308980e-01 6.908929866801759578e-01 3.008295399538035153e-01 7.357810269014984916e-01 5.600351197662136737e-01 7.661625434271468471e-01 6.422300118208612574e-01 4.267280600048820594e-01 9.337362447670912724e-01 1.000000000000000000e+00 7.880517545102195820e-01 9.999034448229063843e-01 1.000000000000000000e+00 7.237375385825035590e-01 5.623509658984210402e-01 5.625002879707537984e-01 7.690031583810061910e-01 6.495258002859956026e-01 4.364589582098770126e-01 1.000000000000000000e+00 1.000000000000000000e+00 1.000000000000000000e+00 8.466641074575691484e-01 3.930770997136026068e-01 9.894600917551629182e-01 5.664306679061101649e-03 4.706719681652513643e-01 5.500000000000000000e+02 1.770985851865826355e+00
8.695013098921525740e-01 5.672710107272134206e-01 5.193852463474660786e-01 3.314927385035095209e-01 2.271247184094645766e-01 5.571568327450229230e-01 1.784430437749887632e-01 2.623221397108790320e-01 7.059698027464027525e-01 3.303227557146071747e-01 6.426184455459992007e-02 6.169942097358513955e-01 8.958440709172381666e-01 3.589081034600433151e-01 1.583069767146140783e-01 9.904942670856556886e-01 6.708376381076384121e-01 5.901494286063105887e-01 9.999940786115610880e-01 9.688641005329964306e-01 8.352557530868381930e-01 1.874453234077297359e-01 4.835663397640907468e-01 2.172969472490069720e-01 7.719178697751369889e-01 6.369612164447913593e-04 1.465780687632172390e-05 5.537387066390837553e-01 4.338170374823832609e-01 7.209990989652873550e-01 8.752875008060272410e-01 1.863345452296992369e-03 3.980000000000000000e+02 2.619137654622396116e+00
4.747339025749606201e-01 7.748733520487319781e-01 4.469145143392849739e-01 3.834574931326850122e-01 1.000000000000000000e+00 6.928970723527744235e-01 7.761998857484132541e-01 9.191107279957055898e-01 6.966976236890471963e-01 5.875206330735611715e-01 9.999999865472134486e-01 4.611292925132092213e-01 6.561438565236326070e-01 7.571179656701749749e-01 3.720880804519746676e-01 1.000000000000000000e+00 8.403750900449518113e-01 9.111465693966350754e-01 7.124793673664957527e-01 4.769139399731081586e-01 4.415751676921046975e-01 9.683288094131043966e-01 9.999993608676810419e-01 7.964842161466654247e-01 9.999951456660240989e-01 0.000000000000000000e+00 5.560157105830868529e-01 6.459672912742593365e-01 5.904514089677823652e-01 5.791025548286519165e-01 8.281573666756297802e-01 9.402083122884858923e-01 5.780000000000000000e+02 1.813262125045534523e+00
8.125740977216745486e-01 9.996359403125361087e-01 6.963415521348893522e-01 3.239787978838807314e-01 9.953750515734690607e-01 9.922223981583869756e-01 5.570091801934584641e-01 4.100611182161281176e-01 9.507232138943076949e-01 8.812689366728699847e-01 9.426325371028969613e-01 9.031672195309875528e-01 9.750575864849096996e-01 9.999999990998701405e-01 7.240493426129108734e-01 9.950750226609649252e-01 8.474767424288114359e-01 9.997234753136464702e-01 9.191339315067041937e-01 8.248677642877169092e-01 8.125381423887014787e-01 9.910450508295028937e-01 8.689874094599211451e-01 3.752198349633384944e-01 9.995634690825913049e-01 6.387530578928524161e-01 9.141769015457552605e-01 8.477174156843589881e-01 4.741008233498704705e-01 4.158294471155989935e-01 8.171700988557074607e-01 8.864070946300119935e-01 8.240000000000000000e+02 1.168350777802644069e+00
9.670100918706541204e-01 9.840616904355098393e-01 0.000000000000000000e+00 5.630259008697263701e-01 8.519162856176957233e-01 8.662970825892878368e-01 4.495094706023282094e-01 1.965251505983299785e-01 9.244309869813233105e-01 7.844537475041598595e-01 2.012157943434791374e-01 9.977213439016247021e-01 8.747364018647337813e-01 9.999322163406014763e-01 9.923743610842439278e-01 1.000000000000000000e+00 8.413839125489229742e-01 1.000000000000000000e+00 1.000000000000000000e+00 9.978632441236704453e-01 9.644257666319239197e-01 1.000000000000000000e+00 1.000000000000000000e+00 3.747842365980464385e-01 7.815043160302754810e-01 7.171156197540553556e-01 1.000000000000000000e+00 1.000000000000000000e+00 5.230983978376446686e-01 8.012539608287372328e-01 5.941027649066007443e-01 7.737039511394393498e-01 7.480000000000000000e+02 1.323803499009874152e+00
9.871328222342375946e-01 1.000000000000000000e+00 2.454074922041000473e-01 2.056304118562958250e-01 4.958465094837850029e-01 8.614620119998170900e-01 3.761706101045782513e-01 1.445413228676839523e-01 4.372058499669304599e-01 9.881972644140393225e-01 9.968804298883368054e-01 9.789523603463594625e-01 1.000000000000000000e+00 9.241006217437427450e-01 8.443294307187219072e-01 1.000000000000000000e+00 7.712914482886464862e-01 7.136704997721724508e-01 8.263490356618965471e-01 8.627206151347142082e-01 4.345005093422751874e-01 8.115085120196179336e-01 9.057272044163153790e-01 3.870072236157794943e-01 9.980446280787951263e-01 7.029693748638113915e-01 4.952784659960683955e-01 3.721587501429323153e-01 4.818688151616717374e-01 5.262386213995600137e-01 8.927672020496837391e-01 9.568573702422056293e-01 6.620000000000000000e+02 1.483166194491916334e+00
9.999999386083655573e-01 1.000000000000000000e+00 1.000000000000000000e+00 4.861312096520784554e-01 1.258070798504306587e-01 4.591660097200864210e-01 1.000000000000000000e+00 2.015444647135905196e-02 8.660065157808013447e-01 1.760041029864540252e-01 2.032130682274680411e-01 7.355204046987049438e-01 5.673927839894240543e-01 7.926156069281981020e-01 8.421321596131905451e-01 2.609851825505400402e-01 4.512543879784413868e-08 9.981627966994459644e-01 8.695019788695711460e-01 0.000000000000000000e+00 2.109590498975291162e-01 9.285743316540485681e-01 1.272120719336884420e-01 3.859248470622986815e-01 1.000000000000000000e+00 2.402057290427904446e-02 2.318521198742591327e-01 5.722702388411817775e-01 4.892055821308372576e-01 4.184119955198072893e-01 3.826801310014845137e-01 1.794525882572848841e-01 4.400000000000000000e+02 2.459454311024058981e+00
8.151955085174785731e-01 1.000000000000000000e+00 6.383224795016267938e-02 1.506105313435214255e-01 9.993457232923740330e-01 3.662466960983690734e-01 3.720276047383073159e-01 5.189067826048204823e-01 2.749506614964691842e-01 9.953945826549007725e-01 5.615182534286484728e-01 9.424503800867322090e-01 1.000000000000000000e+00 7.947419706578217058e-01 1.000000000000000000e+00 9.775099103648144938e-01 4.394141282157355000e-01 7.949636287996073580e-01 9.342275461163886963e-01 6.023856803646555624e-01 7.677945421508941548e-01 9.967435412313790932e-01 7.338359035801672592e-01 4.074330135403049780e-01 9.987402249383301456e-01 1.000000000000000000e+00 9.888342034625935417e-01 4.883384154512980801e-01 6.141299627074213729e-01 9.999852257702400715e-01 5.185171030352160315e-01 5.075079755924656322e-01 6.160000000000000000e+02 1.525615197640878051e+00
9.793415427968134024e-01 1.000000000000000000e+00 5.458569237982094924e-01 0.000000000000000000e+00 5.570249587593112395e-01 2.205240905577261041e-05 8.841470918949592347e-03 5.109403683209147173e-01 5.911047445077821649e-01 7.599635702661992065e-01 9.626375069897129544e-01 7.699882664101077578e-01 9.999344630371025389e-01 6.717829836277278144e-01 9.999999999656293825e-01 8.342244775347302799e-01 8.542327151787957318e-01 1.000000000000000000e+00 4.639707735886971496e-01 6.012069409573840284e-01 8.539971443800316031e-01 9.652001246406788360e-01 4.402626145479221487e-02 9.562850443143433576e-01 9.874491473666902053e-01 0.000000000000000000e+00 9.048238163276665080e-01 5.869007981993469292e-01 4.438466938504318504e-01 5.618548419989870535e-01 3.839542422960720569e-01 8.488852635589575479e-01 5.900000000000000000e+02 1.653896508393464027e+00
4.440619898329517534e-01 9.999909940761498861e-01 4.647725921597013754e-02 3.793831011623490911e-03 9.942666633141001853e-01 9.127271380250788768e-01 3.117922719524343633e-01 9.230494326276379446e-01 5.060078964782205313e-01 9.414294431737585400e-01 9.955303000772280919e-01 6.381593010305980362e-01 9.999997300519787302e-01 8.180088813834810457e-01 9.997012869974490901e-01 5.022722472496604640e-01 2.200649599388180278e-01 4.548116248657121385e-01 9.999889175721651258e-01 1.000000000000000000e+00 4.443246640180409379e-01 9.942190447381711316e-01 9.630604046888667780e-01 1.573424904190526552e-01 1.000000000000000000e+00 9.999999974997516583e-01 7.422138911801539063e-01 8.252264274574504510e-01 8.397550883842216374e-01 6.378949298890734809e-01 1.795640818834694785e-01 1.000000000000000000e+00 6.800000000000000000e+02 1.654341098240443841e+00
9.499227000013048539e-01 8.029846719026498825e-01 3.867425080657214687e-01 3.013328567733876634e-04 2.780370195996785879e-02 1.715289779687431682e-01 5.580898509837773913e-01 2.349902293210792414e-01 1.999529586721139271e-02 4.859992227666304343e-01 3.934536690240074130e-01 5.173711075536623349e-01 0.000000000000000000e+00 9.976188338929686816e-01 5.282548003431591921e-01 5.473100652188997994e-01 9.062177893199570011e-01 7.891534762637666400e-01 4.114106364553675177e-01 8.974769339962099801e-01 7.144101915515347345e-01 5.256998294461897592e-01 2.286065696614529835e-03 3.266329966186733436e-01 4.678300733082449425e-01 4.733581571671319601e-04 1.388246548457328366e-01 1.573247182733697458e-01 2.361476525169320939e-01 4.447762288337027692e-01 4.519543086653587949e-01 3.267252677069404920e-01 3.140000000000000000e+02 2.561382312539183470e+00
1.000000000000000000e+00 8.295659657849216995e-01 1.000000000000000000e+00 0.000000000000000000e+00 0.000000000000000000e+00 0.000000000000000000e+00 6.447586314722835910e-06 0.000000000000000000e+00 0.000000000000000000e+00 1.000000000000000000e+00 4.726922580239437816e-02 6.919220698357894106e-01 1.000000000000000000e+00 0.000000000000000000e+00 0.000000000000000000e+00 2.078566083448241120e-01 0.000000000000000000e+00 4.002789544471092837e-05 2.913593263693950997e-01 1.109740137395853060e-01 8.225987073466440869e-01 7.110791913850550428e-02 2.997805332934995737e-01 9.988498675128115734e-01 9.887057698522648819e-01 0.000000000000000000e+00 8.125640692554562949e-02 0.000000000000000000e+00 4.772851836259022762e-01 9.828118373985594847e-01 9.999843931928408258e-01 1.007409624785516739e-01 3.900000000000000000e+02 3.044123216108842289e+00
8.583564186078265212e-01 9.999719633768558991e-01 8.833270398362009779e-01 4.996892081156031340e-01 4.659956008038685371e-01 5.623732095027441434e-07 5.022835006761536825e-01 1.087994718601223848e-01 9.990501833519039865e-01 4.754540922073289266e-01 9.677078339326364853e-01 9.010191463721244354e-01 1.457541224036464078e-01 9.220625510877517028e-01 9.851133827783257191e-01 9.941695798099364767e-01 6.329965876210261744e-01 7.754771567341375293e-01 1.000000000000000000e+00 4.401844489461101406e-01 7.745744217765473394e-01 9.726647472092911917e-01 9.157430541206325048e-01 6.606417000170922149e-01 1.000000000000000000e+00 3.703467674102098317e-01 1.083731094480986680e-02 3.167586699507710102e-01 1.778016360662116324e-01 6.987862091802805875e-02 7.048674840817010789e-01 6.459025108841526253e-01 5.720000000000000000e+02 1.867343541195517931e+00
8.763984777163081885e-01 6.868496198891265170e-01 2.781776708661460318e-01 5.040978274437579731e-01 1.140621298338944239e-01 1.819913261009971917e-01 5.867938496595682674e-01 3.227930161671686005e-01 2.206294280917216744e-01 4.839342225847377277e-01 6.520321359833705088e-01 7.061007829787282475e-01 4.738524100209793311e-01 8.327526740863914201e-01 9.836146134755244796e-01 9.607348245389671915e-01 4.935402369579636184e-01 7.525429011753412833e-01 3.212126964435057519e-01 5.386971480394480150e-01 1.000000000000000000e+00 5.415376455246572185e-01 3.549550788192710749e-01 6.279346828923154655e-01 4.899446253989433453e-01 1.849784394528050380e-01 7.021063885014935391e-01 1.543171499898628451e-01 3.584574171779497109e-01 5.142665015344870527e-01 5.785316690809705342e-01 6.821111212019146386e-01 3.840000000000000000e+02 2.150271672378351706e+00
8.999407578674052388e-01 5.115943518026615511e-01 4.129939604321341412e-02 1.753584460251294830e-01 4.643007743060086762e-03 5.205320559404958553e-02 3.103198854498766535e-01 8.995423515352781729e-01 1.605432010047688485e-01 5.357161497957088070e-01 6.287375971042740153e-01 6.778611041693195505e-01 8.500517224347956535e-01 8.693651844650990279e-01 6.243799390629264368e-01 9.800055328012127198e-01 4.746930651055242256e-01 6.491969204273929650e-01 4.870024684327853293e-01 5.332121615275172699e-01 8.789192574894865162e-01 7.558415816748478289e-01 3.122974033853109788e-01 8.093661908921437886e-01 7.874236587792533548e-01 5.786337000604133696e-01 8.906051352721259251e-01 1.876906398005412369e-01 6.041917565083385622e-01 2.206467917833169756e-01 9.980953067510925925e-01 4.197104573719175336e-01 4.800000000000000000e+02 2.043497295656065749e+00
8.835668617285568072e-01 9.407962138656795759e-01 4.620080114221143952e-01 0.000000000000000000e+00 0.000000000000000000e+00 9.999999822452123599e-01 9.157410302994789530e-01 5.645275549049204589e-01 8.491086882734599772e-01 5.784723446195457752e-01 5.917457519098487384e-02 7.545489143401777898e-01 9.627076514614755220e-01 1.000000000000000000e+00 4.016107282257537769e-01 6.868471490541109281e-01 3.274635178000941116e-02 1.000000000000000000e+00 1.000000000000000000e+00 4.815067388200221510e-01 9.971050622510169159e-01 9.969830245160009596e-01 1.000000000000000000e+00 5.155967742776832452e-01 6.316149991945242403e-01 2.685737887705929583e-01 1.000000000000000000e+00 5.353480783875061988e-01 7.386280754859206876e-01 3.845168786076307854e-01 2.858623603805895974e-01 0.000000000000000000e+00 5.580000000000000000e+02 1.925085516143263620e+00
2.006613273976055600e-01 9.855288520108167472e-01 6.643105083452672810e-01 9.989360383064728455e-02 0.000000000000000000e+00 9.995104701164745364e-01 6.185967498033262402e-02 1.803397494734304898e-02 2.203342939132806599e-01 9.585731246056936050e-02 4.169573137390925662e-04 9.999286173061538996e-01 8.426254167544580120e-01 1.000000000000000000e+00 0.000000000000000000e+00 9.997235004730912200e-01 5.528831048109297363e-05 4.325007655478203361e-04 3.702401757395764603e-01 6.597791394876776350e-01 1.812329896444842339e-02 1.311972552559979022e-01 4.213869520912511546e-01 8.836102402952107360e-01 8.216880634287779817e-01 3.875641840729097433e-03 4.122267592265123626e-01 5.107880665820905275e-01 9.859483187735724741e-01 3.413166187708618918e-06 3.176567129964560920e-01 2.426925164772620880e-01 3.900000000000000000e+02 2.869693794803342968e+00
6.245193453517811077e-01 9.999999999695913244e-01 9.072378586220204433e-01 9.396788951001200374e-02 2.212488318372339835e-01 6.634580487684671457e-01 3.771134595340091544e-01 2.837480700827413327e-01 6.222884108374291401e-01 4.204013548449756499e-01 4.044599897627192409e-01 3.902805010232525684e-01 5.715753122897450078e-01 1.000000000000000000e+00 2.720103242414509959e-01 3.370692083157109664e-01 2.617108787421023689e-11 1.000000000000000000e+00 1.000000000000000000e+00 3.652797162628730887e-01 9.706877453142191969e-01 3.210455231339904847e-01 1.324982392808186213e-11 6.378252978236641502e-01 7.068303219462496179e-01 1.535383540644463252e-01 1.000000000000000000e+00 1.340891429865520845e-01 4.516246368807419476e-01 5.937467829920024531e-01 1.624757026114588276e-01 0.000000000000000000e+00 3.900000000000000000e+02 2.577881866455077997e+00
1.000000000000000000e+00 8.317145849965482673e-01 1.798339347881153794e-01 8.501476638112848150e-01 3.709697525690657804e-01 5.476271823487914581e-03 2.362509346835158230e-01 2.697472187310243075e-01 3.632522049169816247e-01 9.999999139422194316e-01 6.905645103712292343e-01 9.999999034126136888e-01 9.547318870281839009e-01 9.902766632920863010e-01 9.999999057576449690e-01 1.000000000000000000e+00 7.988436199004046445e-01 9.764427169593823397e-01 8.405976079470616202e-01 4.469274177310856855e-01 9.366329454259282317e-01 9.638054464330121363e-01 9.975781639865112238e-01 6.529415275745508174e-01 9.914922926531568592e-01 6.341937611106879258e-01 9.999999979954623530e-01 9.999124717660526906e-01 1.059330016724004397e-01 9.999968020426898141e-01 5.749365030484979711e-01 3.117288137376941770e-01 6.820000000000000000e+02 1.518968019031342820e+00
7.928912474702050073e-01 9.912853201757149124e-01 2.128798229228881789e-01 2.147057404590751450e-01 6.846781274207757173e-01 6.287338078538424746e-01 4.510072591127900488e-02 1.485615237359139418e-01 8.493095894578329697e-01 9.166981622908598748e-01 9.772949239748891515e-01 7.125358830413482947e-01 4.701194631396999335e-01 8.544308773903008802e-01 4.709076927207727081e-01 9.979920899155461100e-01 9.854826933610718598e-01 7.554244740214983711e-01 6.393689157019327718e-01 9.889382643256092731e-01 9.264615552284236610e-01 9.380320715859373770e-01 9.110080517747185525e-01 5.632331926822694568e-01 9.865164441944528351e-01 6.373220955900587015e-01 9.560802488789283959e-01 7.122764850990095375e-01 5.531770455026524536e-01 6.767380615911542385e-01 8.408577896955931053e-01 1.000000000000000000e+00 6.680000000000000000e+02 1.472429324131385941e+00
9.998524557353084541e-01 9.987269236577711595e-01 8.364992158383683929e-01 5.161688722202196766e-01 1.389060132468367681e-01 4.478735893742243346e-01 5.857781598208950946e-01 5.816651514530520872e-01 9.144180911008907842e-01 9.702180976018586200e-01 3.952213784027653332e-01 1.000000000000000000e+00 6.466086170580197523e-01 9.603208727294445524e-01 6.690185016207146340e-01 9.462484162215000216e-01 7.147420812850893146e-01 8.847243823470289925e-01 5.550788658667458186e-01 4.824841629469819315e-01 5.262784871670503906e-01 8.195669157381159087e-01 1.000000000000000000e+00 3.863653497826517458e-01 8.915037701945863757e-01 9.992719819425520678e-01 8.745663164286944236e-01 6.506310088346951570e-01 6.674784523209852383e-01 6.107058023332897490e-01 3.530033482052156724e-01 5.484538088112899112e-01 6.220000000000000000e+02 1.534782692238136681e+00
9.999963103708373602e-01 8.698705834720699137e-01 9.802747919278188560e-01 1.326131684830374191e-01 6.173116769902093903e-01 6.827647499488864735e-01 9.999999999842900111e-01 9.340840025970829075e-01 8.794272509919965897e-01 4.615187793925097925e-01 7.287259485155259120e-02 7.568395793260493942e-01 9.350152992178032418e-01 9.999278176811503549e-01 4.967553113397337600e-02 9.775049892437444043e-01 0.000000000000000000e+00 9.999999822689352724e-01 9.470364480312402078e-01 6.639087621864088185e-01 2.652939975350341109e-02 3.339938398409180720e-01 6.260197785720178487e-01 6.764218718586651735e-07 8.154839498426986744e-01 7.187073044414028500e-01 7.052740070135183892e-01 3.389912039464655358e-01 5.977252907830347961e-02 5.363940318172411015e-01 1.530746784192814625e-01 3.680049786423619240e-01 5.400000000000000000e+02 2.168644561767578249e+00
9.999999935184603617e-01 9.599251441237055538e-01 5.881104541519948103e-01 4.246741028935488993e-01 4.693816605840699929e-01 5.261032156559851403e-02 4.913707244657068429e-01 6.584839078103979837e-09 4.779747133155551331e-02 6.816806103327042177e-01 4.008538429195769061e-03 1.000000000000000000e+00 3.524707568540256797e-01 8.792998835327870966e-01 5.661147124015278864e-01 8.739586320539329822e-01 8.826943229450970874e-01 5.241225664186647260e-01 2.601973021621370452e-01 4.257434385648731778e-01 9.531353418342870532e-01 9.542993203691395587e-01 4.479856766843592908e-01 2.650706992876032952e-01 6.853767865028985717e-01 1.481314854879924731e-02 5.116236469537583931e-01 1.434260211573822053e-01 5.007333669768204709e-01 4.580345639540407410e-01 2.287215998303493425e-02 6.990220023049875664e-01 4.180000000000000000e+02 2.180488416883680447e+00
5.578807339422072742e-01 9.179374532050049718e-01 2.844796577104219959e-01 3.917747567902383210e-01 1.972929580213773626e-01 7.867607387179358369e-01 2.774521502574502432e-02 4.581065519207834225e-01 5.630175867127024114e-01 6.010706392237428197e-01 3.855480304508463463e-01 4.527406569637505984e-01 6.571609339932675820e-01 9.986142235156315605e-01 7.401339993563077480e-01 9.271309302811102659e-01 8.860840737643250753e-01 9.327278213673562135e-01 1.388476736035122450e-01 9.116815853685801274e-01 9.892110295521248098e-01 7.283215690436382062e-01 4.963951475825228443e-01 6.441441600578460269e-01 1.000000000000000000e+00 3.765436908762819271e-04 8.900801890917984238e-01 2.272532874059307872e-01 8.906671421565308666e-01 8.964639918808521291e-01 1.000000000000000000e+00 4.737696129087228814e-01 5.520000000000000000e+02 1.867293523152669499e+00
9.974405250749366347e-01 9.997998237557167434e-01 5.077529279107689808e-01 1.288825573547385753e-03 3.570244816985406744e-01 3.743569870614970596e-01 1.914796580129959069e-01 4.921690897179391011e-01 3.667232240794303100e-01 5.058374597108684645e-01 7.120438125765449211e-01 9.625250010054228200e-01 9.998495565550240549e-01 8.890158087249232510e-01 5.922303982638250641e-01 9.999607122576208429e-01 3.793564926067364840e-01 7.937177138707118829e-01 2.578479014132443181e-01 1.060536281743497816e-01 4.358102482634000352e-01 8.370913494772245222e-01 9.061165427743751444e-01 6.601693099607737203e-01 9.995362722629800301e-01 7.430056699427024791e-02 1.000000000000000000e+00 3.251442840281010827e-01 5.840208919723994807e-01 7.013917510153421242e-01 7.340482309993826560e-01 7.601175162222404413e-01 4.960000000000000000e+02 1.942447697032581688e+00
9.996147810870074091e-01 3.590843769644904704e-01 2.313076812240558999e-01 1.284690071853748228e-01 3.847359961223507097e-01 2.203059363820759342e-01 3.071028133720520026e-02 1.000000000000000000e+00 1.974296399659243584e-03 6.132218049495083978e-01 9.676320557351981710e-01 9.999959559822861888e-01 6.558936368279258966e-01 3.500785207575502489e-01 7.983486328300971602e-01 8.078104647018811146e-01 2.479871736653870840e-01 8.722343058846870889e-01 9.999999962788965746e-01 6.739135850909571124e-01 9.885951105605143008e-01 6.278686889028907148e-01 9.064814490319533791e-01 9.058137843730938998e-01 9.089527900523207693e-01 9.689945227384788584e-01 1.000000000000000000e+00 8.751057870959768614e-01 9.930942347200955034e-01 5.165499347730222457e-01 3.818552265624022141e-02 9.733209338986145154e-01 6.320000000000000000e+02 1.827704175313313639e+00
7.249865222853834057e-01 9.999814073260913094e-01 2.458678968364840650e-02 5.125934353614500782e-01 1.271961156357468148e-01 1.000000000000000000e+00 3.668850456926934789e-01 8.366750011330640335e-01 5.848778314620686203e-01 5.448337927800488423e-01 7.470419552651585970e-01 6.732899213243322967e-01 9.994325357073551297e-01 9.151129311782328912e-01 6.602647280098465910e-01 9.997247507539293032e-01 8.041527480373673598e-01 8.661635205697136575e-02 8.324249442779786401e-01 6.331865671811437446e-01 9.962342939984132340e-01 1.000000000000000000e+00 3.585943408661108611e-01 9.341972448820016206e-01 6.055524422761499048e-01 1.100931393925950325e-01 1.000000000000000000e+00 3.213309182141554921e-01 7.350135551742396078e-01 1.797366466518402484e-01 9.039227741940715211e-01 8.499381404495223169e-01 6.060000000000000000e+02 1.810844555607548534e+00
9.641295060987780108e-01 1.000000000000000000e+00 1.167072069752472102e-02 3.867774653593711309e-01 9.631535964344662970e-01 4.454919385802146303e-01 1.746870462502470023e-01 6.456732096359349971e-01 8.861357316998901279e-01 8.760125505333028473e-01 9.999996194513292025e-01 9.107235030217185612e-01 9.528271899907556630e-01 3.518654306515644481e-01 9.473456885224037505e-01 1.000000000000000000e+00 9.999995876220397761e-01 1.000000000000000000e+00 9.978794900700254100e-01 9.987743912918657374e-01 9.923595063155611351e-01 9.638204492734754325e-01 1.000000000000000000e+00 2.156063992347061753e-01 9.999997615186385636e-01 7.397309605030825130e-01 1.000000000000000000e+00 9.951249038704914618e-01 1.649096817324319786e-01 4.437622085325215182e-01 5.420346960474367037e-01 6.316079708455025754e-01 7.300000000000000000e+02 1.404242621527777901e+00
9.992865039816811734e-01 9.988777793426881768e-01 9.341594222408682313e-01 6.359753048708222112e-02 5.108879091582567700e-01 1.645029377625580325e-01 6.433661134544415017e-01 3.332370207213017910e-01 5.659465524128352021e-01 4.493912483977263173e-01 5.579819849413479860e-01 8.481956029768511485e-01 9.635674252175679966e-02 5.231534709014689088e-01 9.343026763929850320e-01 7.485080135568060733e-01 4.313823822717850476e-01 4.519832867978874069e-01 9.197139732360236630e-01 9.733837162849687807e-01 1.000000000000000000e+00 7.191909609022374417e-01 4.155925979089167832e-01 2.886422430351602286e-01 9.512902015794847399e-01 3.507592769381515097e-01 4.638892952633010824e-01 2.965242691619882076e-01 3.384060336846267392e-01 6.023983934925668526e-01 4.790993971026081821e-01 3.394491797430873037e-01 4.620000000000000000e+02 1.981766935707866217e+00
9.998751631650890648e-01 1.000000000000000000e+00 9.999953869373389148e-01 5.290732796972996699e-01 9.332659243379312075e-01 0.000000000000000000e+00 7.782144136071920126e-01 2.079103635583239851e-01 3.023991063078542707e-01 5.146855944170354580e-02 7.025456338957178914e-01 7.591400417160224512e-01 2.141248364256953529e-01 1.000000000000000000e+00 1.925241041717112023e-01 5.833794780826384585e-01 0.000000000000000000e+00 1.693190587173797612e-01 1.000000000000000000e+00 6.827145622944984504e-01 1.000000000000000000e+00 8.774232357042678343e-01 1.257056269142804994e-01 1.000000000000000000e+00 5.613825724657758309e-01 7.988509957881070322e-01 2.816470623329653256e-02 8.536410873517605857e-01 1.589885224854741531e-05 1.000000000000000000e+00 1.640765265968010533e-01 8.249030707548376303e-04 4.880000000000000000e+02 2.525090105571444088e+00
8.611329101068531111e-01 6.117878756848387223e-01 6.916656654059389897e-01 5.886993631505313407e-02 3.563262451894989077e-03 3.014318818293247951e-02 1.917127235298252963e-01 2.923395468925397145e-01 5.735238901723376248e-01 7.580411510652500240e-02 3.550583462448340666e-01 5.717322607973074344e-01 1.933593089575549040e-01 9.834889627601509643e-01 4.130291227485217709e-01 1.923442725254200791e-01 9.879213469145733950e-02 2.244464886292032169e-01 7.995732328954341384e-01 8.960361948847642144e-02 7.435200041845746455e-01 9.441628742424528209e-01 6.538379714438136148e-01 3.785272109956840936e-01 9.310950401863613557e-01 0.000000000000000000e+00 8.566279135462880889e-01 4.063202099792064814e-01 5.138793892317260470e-01 4.132928317998756373e-01 5.604134848052541029e-01 1.000000000000000000e+00 3.640000000000000000e+02 2.541211431454389658e+00
2.162831110326664079e-03 7.809194736001504600e-01 1.000000000000000000e+00 0.000000000000000000e+00 1.307701879273918261e-02 6.028782704405288850e-01 9.779406886914411290e-01 3.203861825716303180e-01 2.483878074181132545e-01 2.617471635454625689e-01 3.127434750025625491e-03 0.000000000000000000e+00 0.000000000000000000e+00 8.677108570293238232e-01 6.324822305481311302e-01 1.000000000000000000e+00 6.080657679458699727e-01 3.581329919083560687e-01 8.528253140236290442e-01 3.798399810388467523e-01 4.749217306202653532e-02 9.317521027441880415e-04 1.000000000000000000e+00 4.359569320422115868e-01 2.901273132617532974e-02 0.000000000000000000e+00 0.000000000000000000e+00 5.503919091376060502e-01 9.970532556499900334e-01 1.296242291272749550e-02 0.000000000000000000e+00 1.519763496112446800e-02 3.520000000000000000e+02 3.131229426066080901e+00
3.113615503231960124e-01 8.260579435935366810e-01 1.000000000000000000e+00 0.000000000000000000e+00 7.261113303305879452e-01 1.423441834904574932e-01 4.008830064246861613e-01 8.952139203579232429e-01 7.584391189975078218e-01 2.401903331697396171e-01 9.569024905834312422e-01 9.772873374619656106e-01 1.000000000000000000e+00 7.574245128210954636e-01 7.713246521319855331e-01 9.264613034102273659e-01 3.844315804868140285e-01 7.315766692313159236e-01 4.925121762041569373e-01 5.020889122558672701e-01 7.813597873533200122e-01 9.484365186283323368e-01 0.000000000000000000e+00 6.820098183608409581e-01 4.840471598808386844e-01 7.230508895134125646e-01 8.272029394824628179e-01 4.301477837510917501e-01 9.413490687714269611e-02 4.117561024021078597e-01 9.182607980181507479e-01 4.450403846571986954e-01 5.240000000000000000e+02 1.942854991103663664e+00
7.905852648678380890e-01 1.000000000000000000e+00 2.801718948603875714e-01 8.604030159630335350e-02 4.142076180600786639e-01 1.778408507815665840e-01 3.766388433653563572e-01 6.570325854644003538e-01 8.563651826140871171e-01 6.628122305293528971e-01 3.047880185646753004e-01 9.999999911012699139e-01 4.482013585698432223e-01 9.931716719400319748e-01 1.000000000000000000e+00 1.000000000000000000e+00 6.537765594872279040e-01 8.151941112488242380e-01 7.906596288967849828e-01 1.000000000000000000e+00 8.154890656573571261e-01 1.000000000000000000e+00 8.672066294872950998e-01 2.976349139373071218e-01 9.670348107575892360e-01 6.030329393197222387e-01 8.355089419703475295e-01 7.272416776470161937e-01 5.853070964140204557e-01 7.088338158910385545e-01 4.194941441751310340e-01 5.579063341631634865e-01 6.040000000000000000e+02 1.550228687754848567e+00
4.007033343448686002e-01 1.000000000000000000e+00 7.721420341841879198e-01 4.361793493383260834e-01 8.715132015934042020e-02 2.760069480533152569e-02 8.018775148078121084e-01 1.009343394009127176e-01 5.210083963760513415e-01 5.860621372862444556e-01 3.006014343315819293e-01 9.102653006972549754e-01 2.621833104409506676e-01 8.928767456034889527e-01 1.163408953576187954e-02 7.229006146702370295e-01 4.557368712615909589e-01 1.183649657498823254e-01 9.745993169182752824e-01 9.541242669341236660e-01 6.554318204834898021e-01 6.518397566517646347e-01 4.591342917052780304e-01 5.819230231191873104e-01 7.747762388310751591e-01 6.616718040069580198e-02 9.666326661527124831e-01 1.953572465548833459e-01 5.261218285424694718e-01 7.331756861866679520e-01 2.593746500592751802e-01 1.599296143107852564e-01 4.120000000000000000e+02 2.437674570719400968e+00
3.064715575797658312e-02 1.000000000000000000e+00 5.588531452511763531e-01 1.451979469177251403e-01 5.405445801693001817e-01 4.183606417973069758e-01 2.100852267934899820e-01 4.133391628784121585e-01 8.315290814428882848e-01 6.442743451975022628e-01 8.456784649246343877e-01 9.016279973551951654e-01 6.062277836918797957e-01 9.972091979883552781e-01 8.973449411804482745e-01 2.967652374825670639e-02 1.667914453228649119e-01 9.807749016744814474e-01 9.122769239054997481e-01 9.879315577756037081e-01 7.815160282093257527e-01 1.307429772730736850e-01 4.033007313180621001e-01 6.969582195918676559e-01 6.668939635033134250e-01 5.560479141228061306e-02 6.920286932553418868e-01 4.547917469964897208e-01 1.800250806782462965e-01 6.225874087301642712e-01 2.844198439123020727e-01 8.714082671799108226e-01 5.020000000000000000e+02 2.089691503120191030e+00
4.089868201438744966e-01 9.602763204262561025e-01 1.616990526867328470e-01 5.486809304583381008e-01 9.905691547319370738e-01 3.807169452486731109e-01 1.380095635203665017e-01 7.630398741871974311e-01 7.881887098993204388e-01 6.254317037758450049e-01 4.934702643773214437e-01 9.982319155950839518e-01 9.354728804444620849e-01 8.880446858179961156e-01 9.456450544129562097e-01 9.813297443452493329e-01 5.819496288536498696e-01 1.000000000000000000e+00 9.832775148899063344e-01 8.475512499078772244e-01 9.785476836308467652e-01 9.995834016234055319e-01 9.983953732418171523e-01 2.037892226749164482e-01 9.857365961730393256e-01 8.114488456329758126e-01 9.902113342491238868e-01 8.819506009580264649e-01 9.533153084307326441e-01 6.799433446064444553e-01 8.560400904410931933e-01 4.944173656129411398e-01 7.240000000000000000e+02 1.466378979805188054e+00
6.684695009924365161e-01 1.000000000000000000e+00 0.000000000000000000e+00 2.065400720111923785e-02 2.206245303593279694e-01 0.000000000000000000e+00 3.502257468882356145e-02 4.959754861886270794e-01 8.722260054009759456e-01 2.261101158235096220e-01 2.398575871816482907e-01 9.997619696525457123e-01 4.727969361057716702e-01 1.000000000000000000e+00 8.801268523637734154e-01 1.000000000000000000e+00 1.816310464178978179e-01 1.904972596646320807e-02 9.999817985854894120e-01 7.073217376173718263e-01 5.677744966853022213e-01 6.260990726315144306e-01 6.347654713601322829e-01 7.098232472812782134e-01 6.581286873206265708e-01 0.000000000000000000e+00 2.389576876457535481e-03 1.481663375949914541e-01 3.633161383709574421e-01 6.140685595785898565e-01 2.075596668620181828e-01 9.999695114882407587e-01 4.300000000000000000e+02 2.277650642395019354e+00
4.306889788453685530e-01 9.990863548246045056e-01 9.974022064993909309e-01 1.779573882747110258e-01 3.585260861018846335e-01 0.000000000000000000e+00 3.430630960837541821e-01 3.090718129738861397e-01 5.563076093624964580e-01 9.442166813350766352e-01 6.958023431994646568e-01 9.787990149867625833e-01 1.764459720991622127e-01 6.563016783967130507e-01 8.454732728306173506e-01 5.802417741991926503e-01 3.589289152662861748e-01 2.488912641415570726e-01 7.287781898829028826e-01 8.261013909950651879e-01 1.000000000000000000e+00 1.000000000000000000e+00 8.233115535669380813e-01 5.927661426327321958e-01 1.000000000000000000e+00 5.347195024698370158e-01 7.254226949656458201e-01 0.000000000000000000e+00 9.053744553153961760e-01 8.181816672005696178e-01 8.038358881421767688e-01 2.135516281290695539e-01 5.520000000000000000e+02 1.973124433818616241e+00
8.920784136838373346e-01 1.000000000000000000e+00 2.446273767058466109e-01 2.121790029956527879e-01 6.120818658759238362e-01 8.774993125163413898e-01 0.000000000000000000e+00 8.135295104968648383e-02 1.326776777768177151e-01 9.043223808525674423e-01 4.038232856693746986e-01 8.533750320123160149e-01 1.000000000000000000e+00 7.364915117946683187e-01 6.345441256141995945e-01 3.153166323079071298e-01 6.730638601943029764e-01 4.696606808071661088e-01 1.000000000000000000e+00 5.229997540333153339e-01 9.889393697800372696e-01 9.901561347566442128e-01 3.699977637284427856e-01 6.138201920380396276e-02 9.839896606334310736e-01 7.820897944813700597e-01 5.266451518715370428e-01 7.569500876238641762e-01 7.322284244402171849e-01 9.999999980916960407e-01 2.751394168695061038e-01 6.463070365814725660e-02 5.260000000000000000e+02 2.025385575067429667e+00
9.801384926959425536e-01 8.993330003127703032e-01 9.140775701141490295e-01 8.371872997214813150e-01 3.897641291857805168e-01 5.660970228583338537e-01 1.000000000000000000e+00 4.334551905439513186e-01 9.999532107718639429e-01 8.926428701015870493e-03 4.760095563036984001e-02 9.999989064192248422e-01 1.342621514264364497e-04 7.709256568952985722e-01 9.116258500059162273e-01 9.967250400233720331e-01 4.733347195569815313e-01 5.840755263783573570e-01 8.108428035987181870e-01 9.987701402505977377e-01 5.576196196422658069e-01 1.000000000000000000e+00 8.371069129772824580e-01 9.448358185934297993e-01 9.680726665708024870e-01 5.776344376692094107e-01 0.000000000000000000e+00 9.210292634937772283e-01 2.004384334692527192e-02 3.423111075226918931e-01 5.851163275423154619e-01 3.607040862155101030e-02 6.040000000000000000e+02 2.022369511922200491e+00
8.918682941318826218e-01 1.000000000000000000e+00 3.794971639450144263e-01 0.000000000000000000e+00 0.000000000000000000e+00 2.836814207488896344e-01 8.607808572997662985e-03 1.544022901344352661e-01 0.000000000000000000e+00 9.985558812464084832e-01 9.545647668250143436e-01 8.898852259599762116e-01 8.890306294023868627e-01 6.239522192498497821e-01 0.000000000000000000e+00 6.286824785230468171e-01 6.185176179395781570e-01 1.000000000000000000e+00 1.351130599575130764e-01 0.000000000000000000e+00 9.999089277602097869e-01 3.723418601771784076e-01 9.424228159484288048e-02 3.462140966941849585e-01 1.000000000000000000e+00 2.367558547296128302e-01 1.478692914919370327e-01 2.270832183854148700e-01 2.793187154672949202e-01 1.933753968672742851e-01 4.441262764248062878e-01 7.987091920358927455e-01 4.100000000000000000e+02 2.508176427647687223e+00
6.760661020897203999e-01 7.173903698957095898e-01 8.436770310944835538e-01 7.150179280046073949e-01 5.403443517836298282e-01 1.317182747466540960e-01 6.755515773470054386e-01 9.457865783081375044e-01 6.653334324319587489e-01 3.500192775516621224e-01 5.254199088211455315e-01 4.899043256396700685e-01 5.638562035330851874e-01 1.000000000000000000e+00 9.881681848178416327e-01 9.142280561899748248e-01 2.799469594116610685e-02 9.509494540267277030e-01 6.307263257272184287e-01 4.370285717050730323e-01 9.985454432982517892e-01 9.725825559466533266e-01 5.011175523030432233e-01 9.688537113604792639e-01 4.354189560688350169e-01 1.000000000000000000e+00 8.692051069172140876e-01 1.000000000000000000e+00 4.781473809757937343e-01 1.000000000000000000e+00 7.411562621607802326e-01 1.701481152494395965e-01 6.020000000000000000e+02 1.896347708451120662e+00
5.595881977961260079e-01 9.922934020804395905e-01 9.998748558333122594e-01 1.712188381732996922e-01 9.824731976444611714e-01 5.086274888559380591e-03 3.646545793712499539e-01 8.773883954972322430e-01 9.884905497538345465e-01 8.936622854066569310e-01 3.530898867308234768e-01 7.139594387509304863e-01 4.428615378495099897e-01 6.821385195431129977e-01 9.999984517471147694e-01 6.741817227954683966e-01 3.398880496621879410e-01 9.993484967040868749e-01 9.847219954429464739e-01 9.999989740478699707e-01 9.469536316204143489e-01 5.251836595787237050e-01 1.000000000000000000e+00 6.483821661979617401e-01 1.000000000000000000e+00 5.300964755311461385e-01 4.521158706456501197e-01 2.574076343457881166e-01 3.311340520346062744e-01 7.174252596378694058e-01 2.938713373036190291e-01 4.485621353648880372e-01 5.720000000000000000e+02 1.791894671791478322e+00
9.019653024236586880e-01 4.732487023062794673e-01 7.298593203489509573e-01 1.326791109231707625e-04 6.394598824889836663e-01 1.018423961799085342e-01 2.840860748309880987e-02 1.250386935553962076e-01 8.140507481775256515e-01 8.428954232640417654e-01 7.955033971091896028e-01 8.711332052662884573e-01 6.158827551721303417e-02 1.000000000000000000e+00 4.608715417620379284e-01 1.000000000000000000e+00 9.777016294175917555e-01 9.142832969193009918e-01 9.030847311506037256e-01 9.993003026334417171e-01 5.003847300931465458e-01 8.113641083979717950e-01 7.900742619091205565e-01 9.489411811817786147e-01 6.698345995371839390e-01 8.937542999500330820e-02 8.497227014070966034e-01 2.146438667327695005e-02 3.776895090851925540e-01 3.349529013547755674e-01 5.128593524634538214e-01 9.079165047341120065e-01 5.820000000000000000e+02 1.943107004518862091e+00
5.280239788423867209e-01 9.867823861454306789e-01 3.875933578726596385e-01 4.248038754540244821e-01 5.530215747565638516e-03 4.750842803225230337e-01 3.058078827349018369e-01 8.045554213907609720e-01 9.345081602385733044e-01 2.577176303868216056e-01 8.816514484808362084e-01 9.837397421515712281e-01 8.506594043727114807e-01 5.954494198392212834e-01 1.000000000000000000e+00 8.021875335987342925e-01 7.819308961135562619e-01 1.000000000000000000e+00 9.771642902977670797e-01 5.016894631371343616e-01 6.073686480801286924e-01 8.378440848124992790e-01 7.983646498432196426e-01 2.680231096335178309e-01 9.158969800020938523e-01 6.765659187675148178e-01 9.998712124083309893e-01 4.719327982668464760e-01 9.998963361695609731e-01 9.831665714946421497e-01 3.893816670106728939e-01 8.527040566471097982e-01 6.460000000000000000e+02 1.548296546936035467e+00
1.490490155907903957e-01 7.426223331249206527e-01 4.572968131611310771e-01 3.038837177436807258e-01 4.067143013441880117e-01 7.682372346638053351e-01 2.336456235711726614e-01 8.984351311479429336e-01 7.954376648516235659e-02 8.693831652378886110e-01 2.894130422247882528e-01 7.835448925748642601e-01 3.187838272274159390e-01 6.401598407752361330e-01 9.731909032406805826e-01 9.726016055234217861e-01 4.995574750088185856e-02 8.420558725282965007e-01 2.884037324493837207e-01 5.842845663024428537e-01 6.993074205168678947e-01 4.648964896536725289e-01 9.622943126609694309e-01 7.550500260404664488e-01 8.258059922974164691e-01 1.643413063306397304e-01 8.058190344905925562e-01 7.797836832903797255e-01 5.971775796285632154e-01 4.464738804962719576e-01 9.261710932969718924e-02 6.708820833147429719e-01 4.620000000000000000e+02 2.204751629299587901e+00
1.000000000000000000e+00 9.999975095813553594e-01 6.936174439460585095e-01 1.985855792990076918e-01 4.802524127137545729e-01 7.320349403425266410e-02 2.659387381871374245e-01 5.921098460961903287e-01 8.586258728626660064e-01 7.482277756052243545e-01 4.256529077847996945e-01 9.671343549110062998e-01 1.530977748558458862e-01 9.992709472063218135e-01 8.373467908929456138e-01 1.000000000000000000e+00 5.704945511242258682e-01 1.000000000000000000e+00 7.136793841670038274e-01 8.134046311453910771e-01 6.577623813579808187e-01 8.211030564568225776e-01 3.803349837808472911e-01 2.104151260596802964e-01 8.691497237667836773e-01 7.467690354551771437e-01 1.000000000000000000e+00 6.136813816642475508e-03 5.428596559925974452e-01 4.930364983486970609e-01 5.309700289121795924e-01 3.683049339774416842e-01 5.440000000000000000e+02 1.802114028930663858e+00
