5.000000000000000000e-01 5.000000000000000000e-01 5.000000000000000000e-01 5.000000000000000000e-01 5.000000000000000000e-01 5.000000000000000000e-01 5.000000000000000000e-01 5.000000000000000000e-01 5.000000000000000000e-01 5.000000000000000000e-01 5.000000000000000000e-01 5.000000000000000000e-01 5.000000000000000000e-01 5.000000000000000000e-01 5.000000000000000000e-01 5.000000000000000000e-01 5.000000000000000000e-01 5.000000000000000000e-01 5.000000000000000000e-01 5.000000000000000000e-01 5.000000000000000000e-01 5.000000000000000000e-01 5.000000000000000000e-01 5.000000000000000000e-01 5.000000000000000000e-01 5.000000000000000000e-01 5.000000000000000000e-01 5.000000000000000000e-01 5.000000000000000000e-01 5.000000000000000000e-01 5.000000000000000000e-01 5.000000000000000000e-01 5.120000000000000000e+02 -6.505454545454546178e+01
5.000000000000000278e-02 7.903225806451613655e-02 1.080645161290322565e-01 1.370967741935483764e-01 1.661290322580645240e-01 1.951612903225806162e-01 2.241935483870967638e-01 2.532258064516129115e-01 2.822580645161290036e-01 3.112903225806451513e-01 3.403225806451612434e-01 3.693548387096773911e-01 3.983870967741935387e-01 4.274193548387096309e-01 4.564516129032257785e-01 4.854838709677418707e-01 5.145161290322580738e-01 5.435483870967742215e-01 5.725806451612903691e-01 6.016129032258064058e-01 6.306451612903225534e-01 6.596774193548387011e-01 6.887096774193548487e-01 7.177419354838709964e-01 7.467741935483871440e-01 7.758064516129031807e-01 8.048387096774193283e-01 8.338709677419354760e-01 8.629032258064516236e-01 8.919354838709677713e-01 9.209677419354838079e-01 9.499999999999999556e-01 5.120000000000000000e+02 -6.111818181818181728e+01
9.499999999999999556e-01 9.209677419354838079e-01 8.919354838709677713e-01 8.629032258064516236e-01 8.338709677419354760e-01 8.048387096774193283e-01 7.758064516129031807e-01 7.467741935483871440e-01 7.177419354838709964e-01 6.887096774193548487e-01 6.596774193548387011e-01 6.306451612903225534e-01 6.016129032258064058e-01 5.725806451612903691e-01 5.435483870967742215e-01 5.145161290322580738e-01 4.854838709677418707e-01 4.564516129032257785e-01 4.274193548387096309e-01 3.983870967741935387e-01 3.693548387096773911e-01 3.403225806451612434e-01 3.112903225806451513e-01 2.822580645161290036e-01 2.532258064516129115e-01 2.241935483870967638e-01 1.951612903225806162e-01 1.661290322580645240e-01 1.370967741935483764e-01 1.080645161290322565e-01 7.903225806451613655e-02 5.000000000000000278e-02 5.120000000000000000e+02 -6.262090909090908752e+01
5.000000000000000278e-02 1.099999999999999867e-01 1.699999999999999845e-01 2.299999999999999822e-01 2.899999999999999800e-01 3.499999999999999223e-01 4.099999999999999201e-01 4.699999999999999178e-01 5.299999999999999156e-01 5.899999999999999689e-01 6.499999999999999112e-01 7.099999999999999645e-01 7.699999999999999067e-01 8.299999999999999600e-01 8.899999999999999023e-01 9.499999999999999556e-01 9.499999999999999556e-01 8.900000000000000133e-01 8.299999999999999600e-01 7.700000000000000178e-01 7.099999999999999645e-01 6.500000000000000222e-01 5.900000000000000799e-01 5.300000000000000266e-01 4.700000000000000289e-01 4.100000000000000311e-01 3.500000000000000888e-01 2.900000000000000355e-01 2.300000000000000933e-01 1.700000000000000400e-01 1.100000000000000977e-01 5.000000000000000278e-02 5.120000000000000000e+02 -6.624272727272727934e+01
9.499999999999999556e-01 8.900000000000000133e-01 8.300000000000000711e-01 7.700000000000000178e-01 7.099999999999999645e-01 6.500000000000001332e-01 5.900000000000000799e-01 5.300000000000000266e-01 4.700000000000000844e-01 4.100000000000000311e-01 3.500000000000000888e-01 2.900000000000000355e-01 2.300000000000000933e-01 1.700000000000000400e-01 1.100000000000000977e-01 5.000000000000004441e-02 5.000000000000004441e-02 1.099999999999999867e-01 1.700000000000000400e-01 2.299999999999999822e-01 2.900000000000000355e-01 3.499999999999999778e-01 4.099999999999999201e-01 4.699999999999999734e-01 5.300000000000000266e-01 5.899999999999999689e-01 6.499999999999999112e-01 7.099999999999999645e-01 7.699999999999999067e-01 8.299999999999999600e-01 8.899999999999999023e-01 9.499999999999999556e-01 5.120000000000000000e+02 -5.017000000000000171e+01
1.499999999999999944e-01 8.499999999999999778e-01 1.499999999999999944e-01 8.499999999999999778e-01 1.499999999999999944e-01 8.499999999999999778e-01 1.499999999999999944e-01 8.499999999999999778e-01 1.499999999999999944e-01 8.499999999999999778e-01 1.499999999999999944e-01 8.499999999999999778e-01 1.499999999999999944e-01 8.499999999999999778e-01 1.499999999999999944e-01 8.499999999999999778e-01 1.499999999999999944e-01 8.499999999999999778e-01 1.499999999999999944e-01 8.499999999999999778e-01 1.499999999999999944e-01 8.499999999999999778e-01 1.499999999999999944e-01 8.499999999999999778e-01 1.499999999999999944e-01 8.499999999999999778e-01 1.499999999999999944e-01 8.499999999999999778e-01 1.499999999999999944e-01 8.499999999999999778e-01 1.499999999999999944e-01 8.499999999999999778e-01 5.120000000000000000e+02 -5.742454545454545922e+01
3.499999999999999778e-01 6.500000000000000222e-01 3.499999999999999778e-01 6.500000000000000222e-01 3.499999999999999778e-01 6.500000000000000222e-01 3.499999999999999778e-01 6.500000000000000222e-01 3.499999999999999778e-01 6.500000000000000222e-01 3.499999999999999778e-01 6.500000000000000222e-01 3.499999999999999778e-01 6.500000000000000222e-01 3.499999999999999778e-01 6.500000000000000222e-01 3.499999999999999778e-01 6.500000000000000222e-01 3.499999999999999778e-01 6.500000000000000222e-01 3.499999999999999778e-01 6.500000000000000222e-01 3.499999999999999778e-01 6.500000000000000222e-01 3.499999999999999778e-01 6.500000000000000222e-01 3.499999999999999778e-01 6.500000000000000222e-01 3.499999999999999778e-01 6.500000000000000222e-01 3.499999999999999778e-01 6.500000000000000222e-01 5.120000000000000000e+02 -6.384818181818181415e+01
5.499596620578787176e-01 6.483548188835264181e-01 4.031573756688733856e-01 1.958032880261222908e-01 2.704009991651217804e-01 5.574613117508135929e-01 2.675124162838839470e-01 9.076545228512565844e-01 9.750881068470830249e-01 5.885783967192788069e-01 8.955207968557677978e-01 2.299666373827536359e-01 1.705502977979132806e-01 4.687976438986074523e-01 6.241754460553111672e-01 6.665951276318247132e-01 2.051066005658749858e-01 5.973376488339716683e-01 9.677507933637109483e-01 7.800854691737262314e-01 6.406054641060090482e-01 2.641205845587580869e-01 5.860846633778217241e-01 2.466163523058121088e-01 5.789845308022084636e-01 3.502848306260404332e-01 5.768673578580290062e-01 8.462947572284763575e-01 6.796250054397709461e-02 6.417819552423570384e-02 8.017540475474302930e-01 9.201571036738644960e-01 5.120000000000000000e+02 -6.611818181818181017e+01
2.622698287316063692e-01 9.632098608288813812e-03 5.165716392603276752e-01 5.768566574680376036e-01 6.782206125259221396e-01 5.876394429973132993e-01 7.841409629724142016e-01 2.733712923657345972e-01 5.365866490939278366e-01 6.474857220674236080e-01 2.002105894633453009e-01 5.133235330574751482e-02 4.634996590896091062e-01 3.494233067375930313e-01 8.326469505674507499e-01 7.920917722293130403e-01 9.072141006962872734e-01 2.441623709352906679e-01 9.592898229432198498e-01 4.486929966054843399e-01 5.155760419871965317e-01 1.376924240280757994e-01 4.736147129171294767e-01 2.752941869705160822e-03 9.218405382814913729e-01 5.337959542312068484e-01 8.455907339814657808e-01 2.146798765276285714e-01 3.532994023657911598e-01 3.627727888303389214e-01 9.088807973080816893e-01 2.804788845225503202e-01 5.120000000000000000e+02 -6.584272727272728787e+01
4.568320962797169787e-02 3.051490326569460398e-01 5.339207433116736068e-01 4.231786628204712297e-01 3.714424855602773690e-01 9.655201246498605616e-02 4.539878766960424583e-01 2.543758490909631687e-01 6.154476124719353569e-01 1.424411261214202085e-01 6.197530597665543706e-01 7.428262150917537276e-01 4.766836470389648750e-01 6.195256419179864249e-01 4.627334587545043343e-01 5.718989194723496094e-01 3.964998813585250415e-01 5.528711660013653217e-01 5.634784228254976490e-01 4.273416344066880979e-01 7.323745718622118317e-02 4.824091070515960089e-01 4.993602555629323425e-01 2.859860885000230502e-01 4.088670828404711299e-01 9.259741498757690925e-01 7.381239520014564182e-01 6.623379503475317065e-02 7.603829072103838183e-01 2.873061297674525325e-02 2.757631347469570726e-01 1.188422140819004528e-04 5.120000000000000000e+02 -6.227545454545452941e+01
1.108854236274403327e-01 8.020463280741055856e-01 3.987387679831667919e-02 5.306552448452588333e-01 1.690724823389042342e-01 1.941550058918840027e-01 6.672020152448396857e-01 5.216592544487079763e-01 7.591107242447833192e-01 4.701420981503642293e-01 8.558172067278746464e-01 3.988685335673073165e-03 8.255225304816352638e-01 7.105970043087763699e-01 7.313327842842698434e-01 3.810121596785737697e-01 1.323896065783160547e-01 6.729775322224155198e-01 5.405281456289311171e-02 1.623242265092037506e-01 7.214112177737848075e-01 4.077397317211129413e-01 7.292913618565513012e-01 5.797639820810640554e-01 2.700521845119230879e-01 1.148560871945959599e-01 9.880947779061752811e-01 7.587113989583544882e-01 7.769569427951709961e-02 9.678333997555792212e-02 8.260722142603905693e-01 6.752998455245114995e-01 5.120000000000000000e+02 -5.475727272727272776e+01
8.151219187652072318e-01 5.274273354498268951e-01 8.840089696714226175e-02 8.657577437215348004e-01 8.170489235953045659e-01 1.728997785095600093e-01 8.597376763527200816e-02 2.227300921166591452e-01 8.770181975038766620e-01 5.465238987703550100e-01 5.750227085209668187e-01 9.094837738667342908e-01 1.317190519742365007e-01 5.852766026733757787e-01 2.273624426507550311e-01 8.574141533763554035e-01 3.579277984943725344e-02 1.121044504710683731e-01 1.415271499575850023e-01 1.892827670307735410e-01 5.473626484477503995e-01 5.062048559307512630e-01 4.101598708152049411e-01 7.753632141739409400e-01 6.988066588893979691e-01 9.457684285631901000e-01 1.290091396514009836e-01 7.810694209659609921e-01 3.940694282110827062e-01 7.597551167281091367e-01 5.816296164502789967e-01 3.923331183724804161e-01 5.120000000000000000e+02 -5.327909090909091105e+01
4.591050636143128583e-01 5.092325236331918248e-01 2.282640202322910594e-01 3.966194208457708981e-01 2.589161625682150358e-01 7.217058786508895318e-01 3.099935391692509312e-01 7.753290855763482758e-01 8.911990174349365690e-01 9.267562749265941813e-01 2.555462952511708408e-01 2.562844118703131446e-01 5.775162499642306768e-01 1.235339311124037526e-01 5.381723576332992920e-01 4.190223334924312315e-01 6.097029087312884066e-01 5.776646672445280295e-01 6.041922216319318695e-01 9.509836399139581786e-01 9.180689862103373899e-01 2.561528899969537365e-01 9.149555899959692373e-02 7.996492890330827441e-01 8.595276342541346981e-01 4.840785281536730822e-01 8.927046735326263915e-01 4.184644965511836179e-01 6.290910135439186091e-01 9.596623114712965474e-01 6.257867655703974741e-01 2.529713565020850208e-01 5.120000000000000000e+02 -6.311818181818182438e+01
5.274725378998119663e-01 7.616191857332329507e-01 2.028930162805723039e-02 2.986216385642636029e-01 7.802308647389010199e-01 2.613616069631805594e-01 3.851069579679903820e-01 5.290700983746573494e-01 1.994192987413544449e-01 7.632663812098308131e-01 8.117577287078682202e-01 8.245061376707836232e-01 6.165929718821653305e-01 3.908627545894065580e-01 1.659677523103299801e-01 3.038322632877170082e-01 9.485023691514835043e-02 2.027045215056932914e-01 8.158104423667598137e-01 5.788345350510143428e-01 9.007850183584172887e-01 3.862613233700117887e-01 8.695581238052343398e-01 5.040644540904849064e-02 4.449657619143447262e-01 1.501247579319612557e-01 3.479795007906889004e-01 7.461404974431096182e-01 8.220068722558889762e-01 2.312390010547759056e-01 7.283603697319512849e-01 4.429342594563137614e-01 5.120000000000000000e+02 -6.307272727272727053e+01
4.189622429399909587e-01 5.950156963764934304e-01 1.956232302657928135e-01 1.853508726728327061e-01 9.162194628558604226e-01 2.263358456959838894e-01 8.204072675851288299e-01 8.261320159691749598e-01 6.821706395524205213e-01 7.828700774298109899e-02 9.600408382523322182e-01 6.489578564513183434e-02 2.798285906948690394e-01 8.652596931720982765e-01 3.675755883992327666e-01 5.204239890893941345e-01 2.537738530991504038e-01 3.513587865211981742e-01 7.218897498517069522e-01 4.409262662328875676e-02 9.330890670613490867e-01 2.219636035033515642e-01 7.713446902778234859e-01 1.367199463379012159e-01 6.481300749357711277e-01 2.575097959158744176e-01 2.011896183999300480e-01 8.886939677521368264e-01 2.583794238057737780e-02 2.016263838163233624e-01 1.883998382452828080e-01 9.324144558164088048e-01 5.120000000000000000e+02 -6.088454545454544586e+01
2.033493168497021164e-01 1.367772968492924901e-01 9.902300033160561510e-01 6.738876016602842745e-01 7.087632017192855294e-01 8.820884372451068822e-01 6.242389430282072604e-01 6.635305267853646161e-01 7.380303866130255575e-01 9.009088951725299221e-01 4.187495933504810641e-01 6.806371369888423173e-01 2.560283819722687926e-01 8.841305054449712930e-01 1.230247788887201960e-01 8.379043239914788499e-01 8.296593187569387684e-01 1.240397769920554144e-01 2.914893502972550898e-01 8.297078784287866826e-01 4.708988843131450830e-01 7.996655863084349836e-01 1.176228535993644603e-01 3.091734393095438294e-01 8.019850339046413756e-01 5.649196821878920555e-02 5.339703560304148722e-01 8.105742130606993223e-01 6.601958738374823499e-01 1.871738025522666216e-01 9.592122367777622394e-01 3.641368397159855386e-01 5.120000000000000000e+02 -6.315454545454545610e+01
4.437627262071762724e-01 1.774492498955551334e-01 6.459583429651035713e-01 6.309325319217399253e-01 4.375849279407079684e-01 4.378458333550104831e-01 9.387857175666242115e-01 1.093355197674352186e-01 8.536561434506964030e-01 5.367740063725827682e-01 6.334623706049895553e-01 8.611030000512015503e-01 8.230705444912143065e-01 4.820058703547920598e-02 6.844843189058332777e-01 3.575942349237061068e-03 8.612525724174530106e-01 2.841471215750552282e-01 6.768812800021503095e-01 3.942892585971513042e-01 9.701184254551863395e-01 3.561080283285736336e-01 4.279282931725567063e-02 1.226759771329126725e-01 1.759817769119534081e-01 9.939394156483850606e-01 4.902954384922211251e-01 7.256460920961930183e-01 6.920537742827067573e-01 5.683037754334501201e-01 6.352892578596985862e-01 4.368146075533703709e-01 5.120000000000000000e+02 -5.192090909090909179e+01
2.647319200621682245e-01 6.185398228603294912e-01 2.764628181481790237e-01 9.547906123593250527e-01 4.927554507243903648e-01 7.819693264566618396e-01 5.491820819040201807e-01 7.481353560480412390e-02 9.328702333780570788e-01 5.002658019989347782e-01 3.398625334119712571e-01 4.289634510804754552e-01 5.884857703758888947e-01 6.455670880648022303e-01 6.063019733275017975e-01 9.753243251113445922e-01 2.945245106637151555e-01 5.257567791022991210e-01 9.034835383028569922e-01 9.720860438609830734e-01 1.241691750899000107e-01 5.866164268400831938e-01 2.914473677770725302e-01 4.385575351392258514e-01 1.739005472919854245e-01 8.331456457407028504e-02 2.731258144668745058e-01 9.970005501951479943e-01 8.795403549215820016e-01 4.206310447895825755e-01 1.299919703613315325e-01 5.843073471038912059e-01 5.120000000000000000e+02 -6.443909090909090764e+01
6.787634745238242395e-01 3.234259555056481772e-01 4.085139107148107879e-03 3.787128463808961138e-03 9.442298795054534510e-01 3.205609801659321523e-01 3.348712946042977645e-01 6.299352210309131506e-01 3.623596279068643788e-01 8.793182874708233010e-01 8.732252419850938807e-01 6.457914958855939247e-01 1.945123391905969057e-01 2.333790000019746735e-01 8.706667030031640664e-01 4.922472339020687038e-01 5.818183464855872788e-01 4.637706339447522086e-01 4.418323939684516977e-01 6.036538245257567770e-01 3.583152603648198653e-01 2.404226183586348764e-01 4.279567606169879523e-01 8.242597660536568061e-01 3.379184323630031184e-01 5.648309529363804149e-01 6.810044694839416657e-01 9.069772147783835559e-01 4.171804937470733332e-01 7.187724014706049491e-01 3.273568776219242804e-01 5.188046620285310384e-01 5.120000000000000000e+02 -6.557909090909090821e+01
1.264336078774823402e-01 4.771470828356803584e-01 8.846643645840808201e-01 6.610541140999019738e-02 3.904075622563727976e-01 1.627702681745387195e-02 6.006311782398275900e-01 5.033860875402702550e-01 2.800096184941274500e-04 7.143679900271692196e-01 9.992536689226688695e-02 5.811497851014915117e-01 9.076716538263897016e-01 6.509288796237969743e-01 1.048911241285429841e-01 7.372525635569072699e-01 3.010199153331373223e-01 8.054414850335102349e-02 7.398753363291792340e-01 9.315200952535667156e-01 2.129394084907438034e-01 7.334001316944228632e-01 4.906745770617608748e-01 2.026954607600787439e-01 1.407141795013921726e-01 9.566070180993804239e-01 6.593775516880578946e-01 9.863769892476476064e-02 3.226726339601919125e-01 8.618134244780509823e-01 6.694592960664800252e-01 8.243144920233949069e-01 5.120000000000000000e+02 -7.041545454545456550e+01
7.299929245612041262e-01 8.589274683513994368e-01 7.131475235226892861e-01 7.872909723193435294e-01 4.538258909775414462e-01 7.420616327307834048e-01 1.176283766714723983e-01 7.666608554665192976e-01 7.963804484690204522e-01 5.182793470380585577e-01 1.716294154997294319e-01 1.904264239544951054e-01 5.078441854007085254e-01 3.164448190039126363e-01 4.299321385810017104e-01 2.623271914598369545e-02 1.137290134549213821e-01 7.416955806179367228e-01 8.426680491703343323e-01 7.500141176909516094e-01 8.244373062666401353e-01 5.695934182792948830e-01 5.126691389332018942e-03 5.538315199865220251e-01 3.990320977278534742e-01 7.626843017135810365e-01 1.623852509330939720e-01 4.482081314345378042e-01 4.216199503857900877e-01 3.754611869163148596e-01 6.576131149185083791e-01 5.110274096484745954e-02 5.120000000000000000e+02 -5.529363636363635237e+01
7.974036861647653129e-01 2.088943351341312760e-01 3.672157936894929753e-01 3.836291951941803863e-02 1.991187096741315471e-02 2.719852843016020705e-01 9.252374668904957966e-01 8.203134321550162866e-01 3.999693773897597393e-02 7.366878468475536179e-01 9.363259498184026697e-01 3.254680946219351001e-01 2.820030025341288549e-01 9.165912160998095359e-01 5.547582588204521548e-01 4.118633484972956255e-02 5.767843192721168188e-01 8.058967910859330397e-01 3.933269471763822106e-02 4.103468205285062398e-01 6.783616687458818850e-01 9.527799059218785560e-01 3.880545001249601222e-01 4.175409305491766809e-01 3.597425712892839966e-01 5.595502463285514372e-01 9.597359354782267760e-01 1.706606034036823871e-01 4.640126910889033618e-01 6.522266451141995880e-01 5.427103819643114280e-01 1.874692952120950995e-01 5.120000000000000000e+02 -4.860000000000000142e+01
9.631600605217974786e-01 5.775245184194551795e-01 5.542202998801660785e-01 3.288752146376044405e-01 8.269858628019233215e-01 7.108104566023538684e-01 4.741490552555317761e-02 2.016064943269225695e-01 4.507296422056150109e-01 3.719172239656190482e-01 8.941098881043634261e-01 4.979397244398152678e-01 9.996268829186405469e-01 5.365357993096251388e-01 9.207189083974459676e-01 6.120338637524895820e-01 6.878154892080495797e-01 9.745881899606989585e-02 7.404384454238603641e-02 5.389426122281187892e-01 6.933714399753838631e-01 3.258562511715824839e-02 9.707809027690599279e-01 8.393959662740377858e-01 6.040572968590225411e-01 5.850281062468187798e-01 6.242023380668951793e-01 2.057310425514385574e-02 7.370018373790987454e-01 4.251940481798132110e-01 5.235106407158460762e-01 2.079328121444190547e-01 5.120000000000000000e+02 -5.591181818181817675e+01
3.087034056579238822e-02 2.872877560090278740e-02 8.653284191029075867e-01 5.101779257322749395e-01 9.714207587089285223e-01 7.544634620786730972e-01 1.618899683982257809e-01 9.782091504985472585e-02 5.083786472892806163e-01 8.614113313099289737e-01 2.679388875091015532e-01 2.072390011326689097e-01 9.265875924206051772e-01 7.823679907658038779e-01 3.982009472825043250e-01 1.673217999264210998e-01 9.867401361317509334e-01 6.952082185244291557e-01 1.880341626258696663e-01 5.942563621059696599e-01 5.696286996053845364e-01 6.617476681906518943e-01 5.240573447526793993e-01 3.039831808173886277e-02 6.283174260201278560e-01 8.651321221814183282e-01 8.163472485540137491e-01 7.153570007378906581e-01 9.303968070945785040e-01 7.310350721521610695e-02 4.641959863672019959e-01 7.757245831001920999e-01 5.120000000000000000e+02 -5.549363636363636232e+01
4.764503527984788600e-01 9.434625684076954899e-01 9.510567757770663766e-01 8.844578570197746403e-01 6.126021285304638075e-01 1.916381728693959952e-01 2.499167786318880480e-01 4.156577309560869904e-01 2.831685774052919435e-01 4.440165501352817401e-01 1.405470425991337934e-03 3.412915467332881536e-01 1.412184016351026583e-01 1.927290415515472977e-01 5.142436297848173021e-01 1.340750370422004178e-01 3.599476987385586968e-01 5.342156652031638808e-01 4.798248956649088237e-01 8.497281605670334304e-02 3.421430159577896202e-01 4.026114737921336617e-02 5.408771832531377166e-01 1.568282877060238889e-01 7.223675896523726880e-01 1.873145900980404677e-01 9.431522033800144866e-01 5.039273549098505223e-01 7.204968374209314019e-01 3.923281327188873346e-01 7.731374731434627057e-01 2.842585016229235984e-01 5.120000000000000000e+02 -5.472454545454545638e+01
1.426222035981760672e-01 9.107293232955424589e-01 8.575162235967076496e-02 1.420913427527480122e-01 4.084803527691068803e-01 2.146784028498989472e-02 5.872077383095184455e-01 2.407953273527357607e-01 3.957333458492031664e-01 7.375699114425514624e-01 4.588824055956782222e-01 9.761929492998767666e-01 1.840380727689879814e-01 5.919749100153690741e-02 7.869390922084354423e-02 8.706526442451748560e-01 8.496897922317011576e-01 9.371174017201279183e-01 5.012703536480948019e-01 6.648703629328114317e-01 4.445124258623669444e-01 8.272181602681668577e-01 2.425817592395371203e-01 6.731297749681988130e-01 4.577664489410222803e-02 2.369853330121043655e-01 2.519708584930979711e-01 6.452530787344635810e-01 6.432971911549746347e-01 8.849664156338398202e-01 3.553868716777011660e-01 5.740023974028722886e-01 5.120000000000000000e+02 -6.158181818181819267e+01
7.117445925068711654e-01 7.149799319906910977e-01 6.260389977439805298e-01 9.058725571253682940e-01 5.707586153596052592e-01 6.484032665740800949e-01 4.147940200372667863e-01 6.003708090118342611e-01 6.612586554982764486e-01 4.062959552844211952e-01 1.171564640087661147e-01 6.188608050814712325e-01 3.538111109283441635e-01 4.775801416112860354e-01 2.988370410780637476e-01 2.155483107435836043e-01 6.686816511856124023e-01 9.965090809786660841e-01 6.491606659503577070e-01 8.090583029287906625e-01 5.019131553246904132e-02 9.912688572000777354e-01 9.183224254166925116e-01 9.702240401605439768e-01 2.269755248598592789e-01 8.497518616628524368e-01 9.225486635475894648e-01 2.973816788069763573e-01 5.891145832907237478e-01 6.353312823807475418e-01 5.643203467248755212e-01 2.984884254241708668e-01 5.120000000000000000e+02 -5.786363636363636687e+01
9.770489158995802059e-01 8.940976327494291054e-01 8.302307100645134330e-01 6.033580370372655377e-01 1.552839872778448982e-01 5.323796114399413915e-01 2.885496731632908873e-01 1.676254457099307649e-01 1.523954496584773999e-01 6.732805487773806385e-01 8.361741393347881246e-01 8.595457367141427774e-02 8.628097404122830882e-01 8.655729450573447503e-02 5.436530958484501325e-02 5.392329768179170424e-01 9.693684029101568012e-01 6.555320560837513133e-01 6.480774469431971330e-01 2.816466113710127880e-02 3.750015739436312057e-01 6.871889250059226573e-01 7.859821388458447800e-01 5.103240164121516376e-01 2.392560901474725388e-01 7.235406693152115487e-01 3.324457829373105022e-02 1.060052670255479286e-02 1.079364957860068502e-01 1.311635402501095393e-01 1.620340839570994507e-01 4.908909884112294675e-01 5.120000000000000000e+02 -6.079090909090908212e+01
3.837932107409603999e-01 6.119278119345711309e-01 7.239702591572738655e-01 9.146525176009558944e-01 3.219124712878402295e-01 4.806717823642708137e-02 5.715194209005685089e-01 6.452221310819968858e-01 9.158383587021239336e-01 1.144077582024434769e-01 3.512818897725495382e-01 8.348588263943360621e-01 9.579236282644157940e-01 4.394150637589990804e-01 4.783566160685974178e-01 2.590493746612161918e-01 6.216841439222273724e-01 3.828297171423311052e-01 2.215915744585487401e-01 8.717210232599112985e-01 1.037794630038823690e-01 6.286117407733864404e-01 6.729947799184347046e-01 6.903107287334628861e-01 5.680794590065744165e-01 3.232757149664905461e-02 5.488430509012334202e-01 2.778401755211324931e-01 8.055966039001574153e-01 7.765122365678134297e-01 2.855164506907566513e-01 3.461441302545235077e-01 5.120000000000000000e+02 -5.940272727272726883e+01
5.142135713917879158e-01 9.770104640388650452e-01 1.670243871289153192e-01 5.952987943667192861e-01 7.964628142909122577e-01 1.531906825031855990e-01 7.460529775068489577e-01 9.481684913392105507e-01 1.870201404365442466e-01 2.991864031091354126e-01 9.123961670985805128e-01 3.797803998196378483e-01 2.995677632054147832e-01 5.700135025472022887e-01 5.724688850986507302e-03 1.452444319175493770e-01 7.882317441982142903e-01 1.794464054228040450e-01 9.241493495226799082e-01 9.994490463771545929e-01 4.148217225649831197e-01 6.484331536489440495e-01 9.390271921779380637e-01 8.530397482573065515e-01 9.657504682113330352e-01 6.543399555486469898e-01 2.131410762511257717e-01 9.476316292083297732e-01 8.453633327891511007e-01 9.124815977977784875e-01 2.095268241078662719e-01 9.136710016916439747e-02 5.120000000000000000e+02 -5.700909090909090082e+01
3.649443698758988996e-01 6.742043151886965013e-01 3.404224477438220209e-01 2.477492572910472424e-01 2.049104399421507461e-01 3.069885145215719424e-01 8.466076651821133892e-01 5.672200276021431842e-01 6.377452508144583476e-02 5.731763578380419943e-01 6.218743773052571450e-02 6.557175082269351973e-01 9.774302336709114192e-01 9.753513975154975979e-01 4.567288424712964007e-02 8.130992092749524114e-02 7.493089750192242215e-01 2.810087146382263257e-03 7.996612184136369095e-01 2.380631507163388783e-01 2.930978853182891752e-01 4.570834110861907162e-01 5.639897147865080562e-01 5.411751724952723608e-01 1.074801477029335289e-01 4.479574492341997088e-02 7.865998854174426347e-01 3.173674127395060829e-01 9.690907182598853531e-01 2.541980178032742788e-01 2.358378505953686588e-01 7.702038282574875661e-01 5.120000000000000000e+02 -6.117545454545454220e+01
8.571298068153134775e-01 8.180239372560502709e-01 3.026510040765870158e-01 2.847456015807514618e-01 7.632322080600985048e-01 1.106262682221928195e-01 4.284616429193034426e-01 9.289509409446305988e-01 8.288980075593638253e-01 3.207367226951490236e-01 7.655425375603560623e-01 7.151647518321699870e-01 1.792654339817563447e-02 7.307559132735514940e-01 9.006930459704124425e-01 5.918194297773385903e-01 4.448956950970360813e-01 8.768977138034098617e-01 6.302778774947175311e-01 6.345170804497333172e-01 9.482162281705919238e-01 9.588641541002333735e-02 3.822391529938151677e-01 2.199219436136300998e-01 5.417861041405879208e-01 7.189857065948934700e-01 1.420649524870394309e-01 2.055534216579595341e-01 8.651475387009047724e-01 8.279461073056290088e-01 4.094335501313317582e-01 4.679153694355684401e-01 5.120000000000000000e+02 -6.375181818181818727e+01
6.963538405222606809e-01 5.117881812978071487e-02 3.730969464825299453e-01 7.396338046720719595e-01 7.207610170492794177e-01 6.768541738812886566e-01 9.846819739197474330e-01 4.407886414489996518e-01 7.732333892713098011e-01 2.821697361030753859e-01 2.893132823570122580e-01 4.812862663995464141e-01 6.568783825658701669e-01 9.582797285768708262e-01 9.831301082128168778e-01 3.499689373222513722e-01 6.506026181803753472e-02 4.213292579820231420e-01 1.222474330011736887e-01 1.369255564988660356e-01 1.800653636061397556e-01 5.563225597982903725e-01 7.157271668639443307e-01 7.605623618508902672e-02 8.201745871123128362e-02 8.393210116277776134e-01 6.032027328536609251e-02 1.069005559088493096e-01 4.746914772657855330e-01 6.721319182769343037e-01 5.580442839746075911e-01 6.220823340639876076e-01 5.120000000000000000e+02 -5.595181818181818301e+01
3.255562885427667474e-01 4.154615020174291518e-01 5.957076520969161182e-01 4.674654221402828602e-01 5.238913940186945561e-01 6.662671997724483042e-01 1.408044393770706559e-01 8.421569842386836813e-01 4.711590027408616987e-01 1.666701158186531251e-01 7.065561927880514848e-01 7.313323801513430533e-01 9.403011103883729405e-01 7.411117999791735356e-01 8.441327705303247608e-01 2.697034556951178330e-01 4.092371080498345970e-01 3.262235778753037191e-02 7.100989585813719529e-01 1.518245908925990872e-01 4.303321258295966234e-01 7.853371275069168655e-01 2.680141958163050411e-02 2.766724818941277975e-01 9.602918822858904635e-01 4.086509894079771721e-01 1.911319731661690335e-01 2.578966430275638211e-01 8.359466213542094959e-01 8.570842347580684972e-01 2.251114282908140141e-01 1.143004675059749592e-01 5.120000000000000000e+02 -6.361818181818181728e+01
2.898169631252180412e-01 4.557299707576763503e-01 1.877094245903198622e-01 6.564236891717676325e-01 2.127824380849057673e-01 8.674712166928008061e-01 3.516020656518508702e-01 1.574576248882203489e-01 9.565478408325470694e-01 9.757131382873546199e-01 1.254485035278584126e-01 8.789468338299470940e-01 9.703641767638704341e-02 9.052744471140181659e-01 4.100811441571897698e-01 4.719766887188499016e-01 8.061740471702908417e-01 1.598780476097463321e-01 7.769206407844293505e-01 6.798688981950661292e-01 2.001083663616723685e-01 9.114287617059931845e-01 9.053559167874420943e-01 6.385383812205540632e-01 7.772790491510008781e-01 2.177024058544693164e-01 3.132157216926413912e-01 6.678927106531776792e-01 9.120932972046870424e-02 7.513477618625128418e-01 7.501939079077114547e-01 4.927720367351126063e-01 5.120000000000000000e+02 -5.650636363636365189e+01
2.433128654822614700e-01 1.613572959859432276e-01 7.385003418018025734e-01 3.757697318122791841e-01 2.813799751443606390e-01 4.186762791465121758e-01 2.443775298843667981e-02 3.122466845906058941e-01 5.157554920191022019e-01 2.658431714223401521e-01 9.995851130677085861e-01 4.418222714678428642e-01 4.466435517965173241e-01 6.760108410132015244e-01 1.570655775813974420e-01 1.872295043900369105e-01 5.302494792408581903e-01 7.699424837543551448e-01 9.993369430425915745e-01 3.668919420497809836e-01 2.372527699417436298e-01 5.329509538474809238e-01 6.480376006911093834e-01 9.867559081502325080e-01 8.287583468722762303e-01 3.310557269355941523e-01 3.882239914223497568e-01 5.523495750000572135e-01 7.189648413458219478e-01 8.174730243735159885e-01 9.366330592468573302e-02 5.346839207404562311e-01 5.120000000000000000e+02 -5.931545454545454987e+01
8.831449564362949811e-01 3.499899260358423914e-01 2.832159168948946704e-01 9.345159981836469454e-01 5.693625210524327906e-02 4.411694126899896595e-01 5.196027193407375400e-01 4.652622554495141061e-01 3.507599425483762801e-01 8.390450688605952667e-01 3.747653830389699459e-01 6.916943067838383641e-01 5.202471674109403477e-01 6.064952714159822511e-01 2.672132078377382203e-01 5.483970834290244900e-01 6.573851904572214355e-01 7.262660157683291651e-01 3.350703008479593015e-01 5.083311158775560834e-01 5.726820428074429203e-02 3.188781629054713851e-01 6.854903583359930330e-01 9.895586621195470722e-02 2.907602274202523152e-01 6.733157110590466399e-01 7.989008863621765988e-01 3.597138748507809625e-02 2.585914724858157654e-01 3.154587174877666045e-01 3.392333683790855203e-01 8.432089246874369115e-01 5.120000000000000000e+02 -6.177909090909092527e+01
8.793892795290891851e-02 6.660692807521562120e-01 1.401642583449635437e-01 2.390041117522518077e-01 6.572252248919113748e-01 1.338165372513434037e-01 2.274701337743870733e-01 4.794280197319517600e-01 9.800568229436204537e-02 1.286151810707845400e-01 5.183502124052510179e-02 5.675265506986935105e-01 7.422270561835965230e-01 1.982990352446671600e-02 2.827847125126898842e-01 2.074762961517231108e-01 2.749155668272916242e-01 3.879502587720543572e-01 1.295404812495946079e-01 8.577686050223096714e-01 7.994201299946059880e-01 6.719852342825071156e-01 1.672977511021868369e-01 9.331088666752345162e-01 2.550042852721407516e-01 4.964231455797962766e-01 1.094519677632152937e-01 3.440235219016247181e-01 5.218200890967273908e-01 4.501509775314359585e-01 7.116230049637336519e-01 9.824912874597524493e-01 5.120000000000000000e+02 -5.932454545454545780e+01
4.860923737723970087e-03 3.711873059278132381e-01 1.560699652274759874e-01 5.443488429947286322e-01 3.484424973443274176e-01 9.450115103360626767e-01 4.822517784556946685e-01 9.381946430434502382e-01 1.735364431222491122e-01 2.152442226594092622e-01 6.043929004755010936e-01 2.221356708224664356e-01 3.707371095280264650e-01 3.548509894680801358e-01 3.170932298222906009e-01 6.684412791084336225e-02 3.699531894627944850e-01 8.521155980605739089e-01 8.725883768529506535e-01 8.044082060734314421e-01 7.710864027989234870e-01 3.367316858016956016e-01 8.440200518569174193e-01 1.858182863473492596e-01 3.703920684406904473e-01 5.151608503314911713e-01 6.373848040491786326e-01 6.591411418060552085e-01 9.865030669237601080e-01 3.293455129886693755e-01 9.188532535015514480e-01 3.498149142599676215e-02 5.120000000000000000e+02 -5.820636363636364763e+01
1.866131312660327390e-01 1.022746525159715647e-01 8.963167492831899397e-01 4.936533570851387442e-01 9.908765875371191578e-01 4.992772895540517619e-01 8.246064861170663285e-01 8.946380128494464401e-01 6.941074119135320908e-01 6.509910461311870788e-01 2.122929041369267800e-01 1.355976561626370258e-01 2.330682584036159188e-01 2.869820777680843205e-01 3.404233566168281544e-01 6.413461399691304798e-01 3.112919061296924930e-02 4.084835295569987923e-01 6.923451720566475842e-01 1.721540252863323905e-02 6.023119857726739745e-01 6.109104015303429280e-01 6.248496422884830537e-01 5.059284602741381809e-01 9.120273983720098010e-02 2.934916834509036510e-01 4.160756245747820881e-01 2.428873237667177887e-01 9.564982005641764484e-01 5.052594219825211619e-01 5.885316614504444710e-02 9.743342477373380106e-01 5.120000000000000000e+02 -6.170909090909090366e+01
4.986548659511319537e-01 4.216461830256109100e-01 4.088538398802553653e-01 9.727167791802768804e-01 2.310870681925284442e-01 6.875863251920905084e-02 3.283128587575515622e-01 5.795016361814631090e-01 6.444243279576368222e-01 9.945472823030792053e-01 1.553824788319124461e-01 5.585556967426154040e-01 7.349066726253024040e-01 9.846706548755956856e-01 7.611064053323471912e-01 8.777732159247764177e-01 2.387483436651942348e-01 2.470978721097575326e-01 9.534555174963803975e-03 5.223528974384910040e-01 7.059062362661756573e-01 1.482773013697995246e-01 8.253265304252366263e-01 4.478521032970622096e-01 9.976949421034055909e-01 9.108601041812185439e-01 3.839383211839048626e-01 9.187791214124977346e-01 6.015854450088624628e-01 3.690972469991455479e-02 1.111148067478391205e-01 4.116329735590699146e-01 5.120000000000000000e+02 -4.894272727272727508e+01
9.328207206798069251e-01 3.983632143999884523e-01 7.598337586253975928e-01 4.548424504188546269e-01 1.328908035371182961e-01 3.895820694680035556e-01 8.064923593948807312e-01 6.879615323344836497e-01 2.325102614186061734e-01 8.431435720779033582e-01 7.209390272246655185e-01 1.039982488455781090e-01 4.374869510855326077e-02 8.561499874315098291e-01 6.342289059635138893e-01 3.513410659292451332e-01 5.029857863438711441e-01 7.834827704711265772e-01 5.834813881078568798e-01 6.425982367115046223e-02 2.799609224801076213e-01 6.794439825605698424e-02 1.481525593593761847e-01 7.658987738626810149e-01 1.008091318033584906e-02 7.739285674091903600e-01 3.323101729339706933e-01 5.753945391763897188e-01 1.798859481807259797e-01 4.605622186297387288e-01 2.515924069115623718e-01 5.496115840834083777e-01 5.120000000000000000e+02 -5.587545454545453794e+01
7.516064527458933275e-01 1.411763174098311924e-01 7.945187456630409262e-01 4.202880617089155835e-01 8.775013085342950880e-01 4.658361333209062316e-01 8.843473181128210792e-01 9.941961615479447678e-01 9.103904605921778748e-01 3.475800787208325193e-01 9.726069705110229613e-01 2.315847139941597244e-02 6.004707157735700296e-01 7.994970179794962384e-01 2.166072552878190241e-02 4.492691013475905160e-01 7.338598123592557920e-01 9.046654864132189777e-01 3.185786383847898917e-01 7.320358013281724752e-01 1.572761997792111455e-01 4.265513707995666204e-01 1.932466409448490297e-01 2.285552135135726637e-01 7.030969257609448464e-01 3.855947377961302380e-01 7.171942513673800201e-01 4.787629735213410620e-01 3.586893950787486962e-02 8.014427459639166251e-01 3.108366316556621101e-02 6.936910426007067976e-01 5.120000000000000000e+02 -6.007272727272727053e+01
8.961220308683212066e-01 2.302044814003543494e-01 7.808580961081638128e-01 3.452658675278143519e-01 5.340354991190082723e-01 8.159658425040658969e-01 1.976802800408440364e-01 4.531879003368753656e-02 2.163485724634383045e-01 1.627950606945870182e-02 4.372177807660037607e-01 3.917441423346899043e-01 7.003282401577265448e-01 3.813830214567753285e-01 6.681492841406392325e-01 9.218565758725216774e-02 3.200481827097864107e-01 8.922219307515777409e-01 4.624052310205601923e-01 2.712840521471709954e-01 9.982514824479792326e-01 3.031757514111845797e-01 2.473168577249583722e-01 9.613435743355365215e-01 6.124147282660637875e-02 1.587896386621512057e-01 4.531838119960899802e-01 3.922546243906592789e-01 2.817950378964546587e-01 1.154971058863612510e-01 8.421474737590822768e-01 5.397245467347077524e-02 5.120000000000000000e+02 -5.675454545454545041e+01
6.078625759861870648e-02 7.525096239911059914e-01 4.710874095423872587e-01 7.570220938308950265e-01 6.955947414423530040e-01 9.811214834302308674e-01 7.579505525594691928e-01 2.975873109820783013e-01 4.365819871494521776e-01 2.005462776167296901e-01 6.918115045636455962e-01 3.553189565219497803e-01 5.315024174860715211e-01 9.408839212156788756e-01 5.763535709672236163e-01 9.337941410122859720e-01 7.029854590836819295e-01 5.801488079550197741e-01 8.412076391938052566e-01 3.382745895594168606e-01 8.356603795532866474e-01 6.116062873872866665e-03 2.994966049694606780e-01 7.276712963176517057e-01 8.964834511484387480e-01 6.890929266856967716e-01 4.262445338495414737e-01 6.025229760086594499e-01 2.646316293661457597e-01 5.437583147952340656e-01 3.777026200441148118e-01 6.548104011532988045e-01 5.120000000000000000e+02 -6.406999999999999318e+01
6.635033417392857125e-01 9.638367405288954526e-01 4.418349306435170321e-01 2.647759689802522409e-01 5.929768067801586273e-01 6.875596648435533531e-01 1.780952614957660440e-01 8.689225833502585150e-01 3.234826217056174236e-01 6.302733303634114881e-01 3.989493537942201962e-01 2.984278239319030357e-01 6.472198513668105113e-02 1.201745486392082896e-01 1.197586846189480220e-01 7.882837231714321380e-01 1.453688492578810443e-01 6.916045618257669891e-02 5.344497158953691596e-01 7.618598749186834551e-01 1.116414913009862453e-01 9.686923642450271377e-01 2.242888866497967648e-01 7.486684013412454597e-01 8.651975984312857415e-01 3.930668508301938813e-01 4.719590170061112311e-02 3.840214684195071837e-01 5.440664453584046489e-01 1.552796391867468651e-01 8.912360898334583670e-01 2.176251622625682836e-01 5.120000000000000000e+02 -6.361181818181817249e+01
8.063208885134721948e-02 4.971502973814208026e-01 4.215728032098448042e-01 1.386310303890944395e-01 8.670503246085368154e-01 3.734754833795856377e-01 3.913515708748063759e-01 9.766797557663559060e-01 1.392570146995458502e-01 3.218142810038481655e-02 3.206465831697592472e-01 1.460800165668361683e-01 1.083837275990751081e-01 3.127886501755662296e-01 1.826720786003950270e-01 3.898226499710341075e-01 5.155384270936835822e-01 6.191985525843087812e-01 4.032196434214127545e-01 5.583387942119072411e-01 1.605010790662416420e-01 7.572346263130251831e-01 6.044295300682361177e-02 6.618745129942774641e-01 6.678479437755630022e-01 6.094510145435484867e-03 2.929482434297310811e-01 4.588923173672698197e-01 1.702602143496800557e-01 5.242273377946412571e-01 8.655717350928855414e-01 2.341245546421346913e-01 5.120000000000000000e+02 -6.457000000000000739e+01
4.251633582136700173e-01 5.471223195990178034e-01 5.964071435261403958e-02 9.978816681563322799e-01 8.431126422597166048e-01 6.071379659250832894e-01 8.599416196232185783e-01 7.120925902062232860e-01 7.153025866341174988e-01 3.683431541153699973e-01 5.091122149361664295e-01 5.386573217225846255e-01 6.316779904088828390e-01 1.749924282503850514e-01 8.013119992312076612e-01 3.215646470664447198e-01 5.518296281929691016e-01 4.990494778030216821e-02 2.758265959086782584e-02 3.792281827531998606e-01 3.325784435805860251e-01 8.154674788106470729e-01 8.065101439125029748e-01 6.294761495262527484e-01 3.267193848962834934e-01 2.065869916309487631e-01 9.680288692278150586e-01 4.341470587616515497e-01 5.616048316569866028e-01 9.847909782406653045e-01 4.848648908173932015e-01 7.897388730935053225e-01 5.120000000000000000e+02 -4.668181818181817988e+01
7.596499674414962655e-01 2.805344037415220537e-01 4.943260695950239536e-01 7.925761208773076660e-01 4.758776273572034032e-01 4.747770633085953706e-01 9.780268444679425244e-01 3.654520721828033447e-01 1.170197845392171726e-01 9.627520254048221870e-02 6.690660411572462163e-01 8.051548701475279568e-01 6.677278712863640164e-01 2.248732618211103929e-01 4.957690101910557368e-01 2.807433552267606380e-01 1.883716056206889309e-03 9.476435325708889579e-01 1.659196973842835543e-01 4.829540568517798338e-01 5.272631038496843336e-01 8.808085963830973864e-01 1.350746608836233820e-01 8.711068600380428295e-01 4.245314718979091295e-01 4.609874193646236740e-01 7.713037202028946160e-01 3.010919278652083309e-01 1.310738539059986829e-01 9.804324893087488224e-01 7.676297167267954746e-01 9.075683847663520432e-01 5.120000000000000000e+02 -5.706636363636363996e+01
9.183229704906008539e-01 7.727186595364037291e-01 8.179792738972126998e-01 8.545304724706368482e-01 5.597576013884146828e-01 9.529929176611913189e-01 6.058829377173595432e-02 8.042472632140685862e-01 8.690199334372787632e-02 8.208962205907373022e-01 7.408792754915602963e-01 2.857439904754530691e-01 7.959128474803813802e-01 9.994241121590451138e-02 8.157691148620368482e-01 8.141990358839279462e-01 4.628403437263973741e-01 1.508187988013335867e-01 5.251558543647680821e-01 4.640064976496234839e-01 6.270062786546801714e-01 3.688930115020512268e-01 7.374581210174155355e-02 9.278451294506890878e-01 1.944842395788733969e-01 4.349665325065959487e-01 7.706733343757454779e-02 5.147408614841522123e-01 5.026469662378942882e-01 9.104947093952305837e-01 9.750530572823769004e-01 3.309530925948303004e-01 5.120000000000000000e+02 -6.707545454545453367e+01
3.144650162694963558e-01 8.418219335075720344e-02 2.606406219227276888e-01 3.645659846487200317e-01 3.536439956789932948e-01 8.391076892428716016e-01 5.045387879412417398e-01 4.213407522346939160e-01 4.761885573276997130e-01 6.105781610769737133e-01 1.867817405336510417e-01 6.060727190711906465e-01 4.110832304929319947e-01 5.470270954327235424e-01 7.834061091657259501e-01 7.610525542944810429e-01 1.605604854386858682e-01 9.233884731440219484e-01 8.870091613516152274e-01 3.121338142729187526e-01 8.748306940127319464e-01 8.730214087950955992e-01 9.533644235137108680e-01 9.078749030852608648e-01 5.146085893920703258e-01 3.647263495397309319e-01 8.280757748194433887e-01 7.599075277471283030e-02 4.408032669660422176e-01 5.840238134650489465e-01 3.869691349031748606e-01 1.435303427110387053e-01 5.120000000000000000e+02 -6.367000000000000881e+01
5.909836149829276186e-01 3.618177060220495456e-01 3.198291847607871441e-01 4.822509905285146670e-01 4.566450321675464830e-01 9.226418013348922642e-01 9.073418300015427818e-01 3.379557872451071643e-01 5.992389778499368491e-01 7.876310029565646298e-01 5.056080335367977296e-01 8.560607020833607139e-01 8.261758047964515295e-02 7.596990452504585045e-01 7.073082336913797397e-01 9.608630575330222579e-01 8.118481415966382064e-01 4.738626388231341746e-01 9.433514719803121062e-01 1.951469102429681246e-01 7.863996500856570426e-01 1.075427592607564597e-01 8.797377044749834507e-01 4.756383108817752725e-01 4.670876193959904166e-01 9.812130155055717173e-01 8.301832066625299336e-03 9.318560245868279246e-01 3.092898456762034898e-01 3.497724979566645964e-01 4.965455208103157492e-02 3.707413933805610018e-01 5.120000000000000000e+02 -5.984545454545454390e+01
3.910851199314018811e-01 9.936428898178026881e-01 1.170370898056991293e-01 7.001969954744824420e-01 8.156463078232940866e-02 8.321974005742702185e-02 6.910646259381834078e-01 6.820413259166936415e-01 3.776346852080128547e-01 6.949286831253879138e-01 2.621905186458337034e-02 2.799992064491237387e-01 7.599103663265459607e-01 1.992782779973097662e-01 2.602410516684935948e-01 7.309905422133948782e-01 8.812687072917722020e-01 2.704704984548635394e-01 2.461483652851317039e-01 6.251683495580889760e-01 5.904155054203580333e-01 9.187695911121003256e-01 6.518794441371543735e-01 4.663946374583100574e-01 7.476502542740357526e-01 6.400229721075951783e-01 2.294180973279871527e-01 5.957977024610289218e-01 8.988549137392313204e-01 1.126800205594691816e-02 8.645789529844306875e-02 1.738497013200680508e-01 5.120000000000000000e+02 -6.495454545454545325e+01
6.444606114147723996e-01 8.252276231479276358e-01 9.317562006927690987e-01 8.165031048724490370e-01 1.922405642856993557e-01 5.660866119709030420e-01 4.662733299308450263e-01 5.948801731302798962e-02 3.015187036541535082e-01 4.019314253876717369e-01 2.441967302956957742e-01 4.677431112921191514e-01 7.749897018790491421e-01 4.946037295215932605e-01 9.655389738014822365e-01 9.084229969086196066e-01 6.329948479684626150e-01 8.118869735238135599e-01 3.767587741130327128e-01 6.851253297567183598e-01 4.961704109771364890e-01 2.004570868721098353e-01 3.543056523783481571e-01 3.639298092036022947e-01 9.349536396061511878e-01 8.780692237159583302e-02 6.041980558260755529e-01 5.386563677680620277e-01 2.342800518404263566e-01 7.216307051158203922e-01 9.845926005047220819e-01 9.491724382393209591e-01 5.120000000000000000e+02 -6.601181818181817107e+01
7.814303187906860293e-01 9.123134707315884162e-01 4.801399798270795105e-01 8.304488520320372213e-01 4.899496899165673575e-02 6.299674330952210743e-01 9.557396939177412731e-01 5.584329297899416344e-01 4.076835843296526818e-01 1.905312909503282803e-01 8.203703588430702465e-02 1.186903781047832923e-01 4.264259073883564510e-01 4.102232172175616642e-01 9.566805446445343364e-01 6.792367572873215797e-01 3.455481885242452922e-01 6.352719073327501853e-01 3.052724073635417756e-01 9.245928775784175713e-01 6.605636747324783453e-01 8.563395670543201277e-01 8.194162339392280225e-01 3.984461284721172447e-01 6.574753186914359393e-01 2.666015276687643265e-01 5.095811861990767744e-01 7.935020784388442383e-01 3.780604902388839950e-01 2.255750236547296728e-01 4.947395223794814889e-01 6.134378294744075033e-01 5.120000000000000000e+02 -6.365454545454545610e+01
9.996316778723961516e-01 2.220135170441421002e-01 9.185855743450327404e-01 1.118182405015782643e-01 9.545066100126888831e-01 9.957684054169134713e-01 5.310761929535841031e-01 3.298176369188105528e-01 5.871864727009384888e-01 4.237255803849134250e-01 3.102502060238651049e-01 1.683455569586083944e-01 3.434974320608892295e-01 2.478635234272044408e-01 2.430949037909375665e-01 1.208063185036090115e-01 9.591833817723676159e-01 7.081436645382716000e-01 7.555951328071331963e-01 2.925766907196110100e-01 2.662966279305159500e-02 5.183666535503653749e-01 6.051885282734184024e-01 5.751313088049839761e-01 3.133657085460457292e-01 7.483908196233328702e-01 5.061372031373921887e-01 8.707504805980058604e-01 5.357084230539607139e-01 6.262581103503344071e-01 6.136566513682538693e-01 1.375186306607627806e-01 5.120000000000000000e+02 -5.413363636363636289e+01
1.684790698198213033e-01 2.951779322290873364e-01 6.779006441363465418e-01 6.468619392854433325e-01 1.123383422165388501e-01 9.011937468961636055e-01 8.792768767035419319e-02 7.295725585579553307e-01 5.489717635077120406e-01 2.453347491654359058e-01 7.759381131292240052e-01 5.215485406010523795e-01 5.462522713686184250e-01 8.412782623647587776e-01 9.467259739470926805e-01 4.299973102264427194e-01 9.462176861065321187e-01 2.120211188045501016e-01 4.252368869106189497e-01 1.217702458450081737e-01 2.529338371240369421e-01 1.595293297014397371e-01 4.392972723302308036e-01 8.777452382728317959e-01 7.620974514171690029e-01 1.388011068668683345e-01 8.701743066367004786e-01 7.016402742541506532e-01 1.503343149595549877e-01 2.661762476849339754e-01 4.418004804802738161e-01 7.365949306845879230e-01 5.120000000000000000e+02 -5.958818181818183035e+01
5.677625972885947947e-01 7.353832164176413722e-01 5.988990433904094468e-01 1.582714267986808920e-01 3.131376524664316596e-01 2.833475363001349279e-01 4.344354559348295036e-03 7.526456138222545889e-01 2.694304925173847676e-01 4.886613911692826440e-01 4.867787862713617297e-01 9.836237515479444582e-01 7.037005799512002779e-01 5.109940149228301420e-01 3.717872853682275269e-01 4.830318996813230403e-01 7.571313604739302594e-01 5.010540522055532131e-01 5.486996051983915601e-01 2.464980063547696221e-01 8.524613144381729679e-01 4.443153125267043091e-01 5.469906070611763038e-01 6.081644329543355321e-01 5.474790876861740374e-01 6.178423097483787263e-01 9.178262355488657487e-02 1.870405172709423969e-01 9.237465332262767559e-01 6.886848190786296620e-01 6.887630203109217364e-01 7.499638171900662176e-01 5.120000000000000000e+02 -6.417272727272727195e+01
8.319846719651768918e-01 4.680017184523905249e-01 8.492600890457553398e-01 7.582752932829818493e-02 6.390215621299832893e-01 5.222803194440188701e-01 7.155147075476459007e-01 3.977983832151080756e-01 2.582193795244991930e-01 4.523485314831587195e-02 7.961593478615153208e-01 7.567786017015241118e-01 7.413629876896662627e-03 1.624100701629655266e-02 1.954613042902570430e-01 6.956294588012926772e-01 4.745237933628618232e-01 3.224526822343527499e-01 2.447908235422775469e-01 2.267236740502622805e-01 3.048201221931697291e-01 2.948409861449903802e-01 2.659376673546333114e-01 3.408644362775855585e-01 4.870538756795760871e-01 8.150774489132014411e-01 4.667860431355833062e-01 1.522930164647868234e-01 1.941850757592041843e-01 9.436389109777787443e-01 8.187311601441391584e-01 7.160963453148753155e-01 5.120000000000000000e+02 -6.073636363636362745e+01
3.339058420951572792e-01 8.692259903238231944e-01 5.705836757233948564e-01 7.246628179634858613e-01 8.850234258027610268e-02 3.420283160110568765e-01 6.376748342800485636e-01 1.230566942280022086e-01 7.238437915783949572e-01 9.479539328893965555e-01 5.584629054454868236e-01 4.128764899976202218e-01 4.032367873035138106e-01 2.667361669364349819e-01 4.472668949536806049e-01 6.314668871152125940e-01 9.130760233883454813e-01 4.482933524929355595e-01 9.406386862146833006e-02 8.950623908620548574e-01 7.676610516236494035e-03 7.036990984962069318e-01 9.837594848641051382e-01 3.258803431726211008e-01 8.851731420109862913e-01 8.014142537266276678e-01 7.341081617688298699e-01 3.547227537607257619e-01 2.122256970984313373e-01 4.765223673692907114e-01 1.410288506285675425e-01 8.837516503470774776e-01 5.120000000000000000e+02 -4.968454545454545013e+01
2.165645970845366530e-01 1.088432088665702568e-01 9.730902280033423279e-01 7.189641187041968529e-01 7.383324488723175261e-01 7.962324768027670974e-01 7.275396016446851188e-01 2.379008430727371989e-02 3.350015970045858854e-02 2.576705220224622117e-01 6.636209861914666996e-01 9.218150156505464654e-01 3.203499431005289999e-01 8.239086863117415227e-01 6.554180975243213414e-01 9.283011088691842660e-01 4.219520716445648856e-01 8.366042626727696607e-01 4.110168305246485465e-01 7.163766456329998533e-01 7.499291275313110239e-01 1.841045228316454674e-01 7.423771037628501546e-01 7.184178341687290636e-01 2.359664674881425950e-02 3.150101748001680191e-01 6.850166296952100442e-01 6.244197799178947683e-01 6.821285808355085356e-01 2.914479426887882085e-01 2.989876424504064323e-01 8.670289350650293159e-01 5.120000000000000000e+02 -6.664818181818181131e+01
6.204141686062184524e-01 6.382007416148541279e-02 6.656218353560152678e-01 1.012313196670965032e-01 9.076207591804618113e-01 8.583192223328499626e-01 6.562838398476265045e-01 1.039411286360363007e-02 9.923090234915661334e-01 7.985354186625954753e-01 5.935884247216365317e-01 9.505632413136571035e-01 2.136895296517271337e-01 6.967535570460402505e-01 7.477150337517078915e-01 2.380646887986067328e-01 7.556996667308109317e-02 3.001273924942105542e-01 3.602871209756898785e-01 3.241664926444013384e-01 8.839390180022119736e-01 7.485573275007744165e-01 1.903287548699323928e-01 3.697516212360945631e-01 4.955085685233222015e-01 6.084128238861535865e-01 5.796486891942328468e-01 9.655048353977258024e-01 3.353713419639069437e-01 1.605819759231549848e-01 4.267145113199674600e-01 8.035924569687452612e-02 5.120000000000000000e+02 -5.808181818181817846e+01
6.067486068336142013e-01 2.459695192785833207e-01 2.194953138025858008e-01 2.193224310759793183e-01 6.267228311571892974e-01 3.664350489272648614e-01 1.243296167884743592e-01 1.841607870836682592e-01 5.670351017581913844e-01 6.997020623250817251e-02 5.325502819344305472e-01 9.346499288600171873e-01 8.924976703824477609e-01 1.498854182650385669e-01 8.865087731831892137e-01 7.162537262295282092e-01 1.809849448511639536e-01 3.386554886304384282e-01 2.668171266588583168e-01 1.014882553734476889e-01 4.750350943283873084e-01 7.662701745010071230e-02 3.354661874227030660e-01 6.813156221691502035e-02 8.214017998136846632e-01 4.461921868943182212e-01 3.679200588725864418e-01 1.268144328675609167e-01 1.389956381022823366e-02 5.464449017069644698e-01 1.159826890235171604e-02 8.280022088475852415e-01 5.120000000000000000e+02 -5.988454545454544586e+01
8.733372113310479135e-01 6.894517518780330922e-01 7.009510801783871425e-01 2.928254520332750077e-02 1.055055853697513604e-02 2.305507922165258572e-01 2.347281885602474916e-01 3.852966972627305808e-01 8.155134741790490693e-01 9.397304752053300403e-01 4.540778130675264812e-01 7.845857663895493550e-01 8.534001779329453141e-01 4.322452694603474144e-01 5.929568075991108467e-01 9.878176581424703562e-01 2.270113433828012672e-01 9.801433529925206445e-01 1.944118599132164948e-01 8.893403123037485480e-01 3.914056699775736448e-01 9.328573728437115076e-01 3.208910006161367900e-01 1.709198507599249128e-01 1.293069551040319509e-01 8.847071714111387486e-01 8.957988122493047989e-01 8.416398426082259965e-01 7.821466399792628144e-01 5.975085514851269375e-01 9.392741751810492756e-01 6.317884302205222236e-01 5.120000000000000000e+02 -6.315727272727271924e+01
0.000000000000000000e+00 0.000000000000000000e+00 0.000000000000000000e+00 0.000000000000000000e+00 0.000000000000000000e+00 0.000000000000000000e+00 6.042259630187043346e-02 3.011848349309262374e-01 0.000000000000000000e+00 1.000000000000000000e+00 0.000000000000000000e+00 0.000000000000000000e+00 7.331049941246106094e-01 0.000000000000000000e+00 1.612132275151713923e-01 1.000000000000000000e+00 4.499538300555937509e-01 3.990656270343821699e-02 0.000000000000000000e+00 2.777362761475841383e-03 0.000000000000000000e+00 6.087313500837667757e-01 2.498256463099934044e-01 0.000000000000000000e+00 0.000000000000000000e+00 0.000000000000000000e+00 0.000000000000000000e+00 0.000000000000000000e+00 0.000000000000000000e+00 0.000000000000000000e+00 0.000000000000000000e+00 6.203418789195371819e-01 5.120000000000000000e+02 -2.254545454545454408e+00
0.000000000000000000e+00 1.918865305923813842e-08 6.251653176089542185e-01 0.000000000000000000e+00 0.000000000000000000e+00 0.000000000000000000e+00 9.569485930074380642e-01 2.536766407496762049e-02 0.000000000000000000e+00 3.761999862754842206e-03 0.000000000000000000e+00 5.067685989853126793e-01 6.478029317519156116e-01 9.999999848299370164e-01 0.000000000000000000e+00 2.662551237597355486e-02 0.000000000000000000e+00 0.000000000000000000e+00 1.000000000000000000e+00 1.000000000000000000e+00 9.980190093197114365e-01 1.558545424452230099e-01 0.000000000000000000e+00 0.000000000000000000e+00 0.000000000000000000e+00 0.000000000000000000e+00 2.805024563493765388e-01 0.000000000000000000e+00 3.953785157744889034e-01 3.907851939034004962e-01 3.581989218666790098e-01 9.340936218593069718e-02 5.120000000000000000e+02 -5.708454545454544160e+01
0.000000000000000000e+00 3.444692895060977866e-01 1.000000000000000000e+00 0.000000000000000000e+00 5.935891274319644584e-01 0.000000000000000000e+00 1.000000000000000000e+00 2.193786074792974383e-01 0.000000000000000000e+00 8.010772535016104090e-01 0.000000000000000000e+00 0.000000000000000000e+00 1.000000000000000000e+00 3.672976504128089847e-01 3.633994957607836890e-02 1.000000000000000000e+00 0.000000000000000000e+00 2.298623687817496763e-01 2.295765513320303930e-01 1.000000000000000000e+00 0.000000000000000000e+00 0.000000000000000000e+00 5.720115098821016986e-01 0.000000000000000000e+00 3.135084120956628251e-01 1.000000000000000000e+00 1.000000000000000000e+00 0.000000000000000000e+00 8.917169215282348960e-01 7.661390320182761560e-01 1.000000000000000000e+00 6.264084281618363947e-01 5.120000000000000000e+02 -5.657000000000000028e+01
0.000000000000000000e+00 0.000000000000000000e+00 0.000000000000000000e+00 1.608222060291567834e-01 1.000000000000000000e+00 0.000000000000000000e+00 0.000000000000000000e+00 0.000000000000000000e+00 0.000000000000000000e+00 0.000000000000000000e+00 0.000000000000000000e+00 0.000000000000000000e+00 1.641425414614965583e-04 6.432137716346348899e-01 0.000000000000000000e+00 0.000000000000000000e+00 0.000000000000000000e+00 0.000000000000000000e+00 1.542364112520578923e-01 3.559610470757613720e-01 2.827399414962515622e-02 0.000000000000000000e+00 0.000000000000000000e+00 0.000000000000000000e+00 0.000000000000000000e+00 1.000000000000000000e+00 2.248076081774223745e-02 0.000000000000000000e+00 1.208340035006739699e-01 5.647653905954935771e-01 1.623124443958192664e-01 9.999987901028358772e-01 5.120000000000000000e+02 -3.462727272727272521e+01
0.000000000000000000e+00 8.940057247314276978e-01 9.761432241529902631e-01 5.061414320606102274e-02 4.698140878089786532e-01 0.000000000000000000e+00 1.000000000000000000e+00 1.000000000000000000e+00 0.000000000000000000e+00 1.000000000000000000e+00 9.304301135889855856e-02 1.000000000000000000e+00 1.000000000000000000e+00 8.455625584284874874e-01 6.851658060978672059e-09 1.119217418485155408e-01 2.521069870541565311e-02 3.495998194701680634e-02 9.083070688450459729e-01 8.533808905093643871e-01 0.000000000000000000e+00 4.246213142926199002e-01 9.350798621957119305e-01 1.541508118034753657e-03 0.000000000000000000e+00 1.000000000000000000e+00 1.000000000000000000e+00 0.000000000000000000e+00 0.000000000000000000e+00 3.644003214446329686e-01 7.826731084872594613e-01 1.000000000000000000e+00 5.120000000000000000e+02 -5.818818181818182467e+01
4.137817763636640725e-05 2.101507364881036732e-01 1.000000000000000000e+00 0.000000000000000000e+00 7.040390886090180933e-02 0.000000000000000000e+00 0.000000000000000000e+00 3.605107106273707784e-01 0.000000000000000000e+00 0.000000000000000000e+00 0.000000000000000000e+00 1.885591086966922263e-06 9.756141448715092146e-01 2.062173313346328252e-01 0.000000000000000000e+00 2.478021254550469565e-01 0.000000000000000000e+00 0.000000000000000000e+00 9.036644344246814731e-01 6.605948705201257765e-01 0.000000000000000000e+00 4.011345698854283937e-01 6.423689432716239711e-01 1.724182015177945504e-01 0.000000000000000000e+00 1.000000000000000000e+00 4.010076046960707186e-01 0.000000000000000000e+00 0.000000000000000000e+00 1.000000000000000000e+00 1.837487309622164722e-01 1.103524648652444012e-01 5.120000000000000000e+02 -6.600636363636364479e+01
0.000000000000000000e+00 7.497726792843607546e-01 9.500251642291143162e-01 0.000000000000000000e+00 9.793964133176215336e-02 0.000000000000000000e+00 5.929124660287634629e-01 0.000000000000000000e+00 0.000000000000000000e+00 1.655410691851684143e-02 0.000000000000000000e+00 2.587528011632349023e-01 0.000000000000000000e+00 0.000000000000000000e+00 4.332414048062997736e-02 4.154303679877476840e-01 0.000000000000000000e+00 0.000000000000000000e+00 0.000000000000000000e+00 0.000000000000000000e+00 4.386484649798221003e-02 1.394946889603029989e-02 0.000000000000000000e+00 0.000000000000000000e+00 0.000000000000000000e+00 0.000000000000000000e+00 0.000000000000000000e+00 0.000000000000000000e+00 9.420296023985310144e-03 0.000000000000000000e+00 0.000000000000000000e+00 0.000000000000000000e+00 5.120000000000000000e+02 -1.743909090909090764e+01
0.000000000000000000e+00 0.000000000000000000e+00 5.361562873954868191e-01 6.484333260424558765e-03 0.000000000000000000e+00 4.299485422404079540e-06 7.456382532222557424e-01 7.409574229541808776e-01 0.000000000000000000e+00 6.876477043426388880e-01 0.000000000000000000e+00 0.000000000000000000e+00 4.835173443891838674e-01 6.378852796218833013e-04 0.000000000000000000e+00 1.347803519764618763e-01 0.000000000000000000e+00 0.000000000000000000e+00 0.000000000000000000e+00 0.000000000000000000e+00 0.000000000000000000e+00 5.910493608897324780e-01 5.581144321903861449e-01 0.000000000000000000e+00 0.000000000000000000e+00 3.814924260280275758e-01 3.537887667887155974e-02 0.000000000000000000e+00 0.000000000000000000e+00 5.221897856019942497e-01 6.783447526449901677e-01 0.000000000000000000e+00 5.120000000000000000e+02 -7.627272727272727870e+00
4.222184045410480313e-01 2.788609608280416974e-03 0.000000000000000000e+00 1.554346564725939649e-02 1.232210462299464931e-01 1.245144844943686241e-01 3.906491472764551109e-01 5.190370343730027480e-02 0.000000000000000000e+00 7.381715995952110587e-01 0.000000000000000000e+00 1.019017428848530693e-01 3.708998374484028804e-01 9.870189351730219718e-01 1.199375420571972513e-04 5.482742808153601155e-01 6.131291448665010524e-02 3.434360706670846336e-02 6.642693318906183197e-01 0.000000000000000000e+00 1.947848632049114376e-02 3.127370697179414072e-01 0.000000000000000000e+00 5.215759905148257929e-04 1.845610027946527343e-01 9.945556282855124719e-01 8.946801408394225996e-01 1.879485453867924677e-02 1.109383380866488114e-03 1.371075215595073948e-01 1.374359874826340533e-01 6.897824250693288528e-01 5.120000000000000000e+02 -6.262999999999999545e+01
1.979869434854311105e-01 0.000000000000000000e+00 0.000000000000000000e+00 0.000000000000000000e+00 0.000000000000000000e+00 0.000000000000000000e+00 2.406727377190043260e-01 0.000000000000000000e+00 0.000000000000000000e+00 1.000000000000000000e+00 2.657404909465461461e-05 0.000000000000000000e+00 0.000000000000000000e+00 1.550291615003480256e-02 0.000000000000000000e+00 1.993392685374694925e-02 0.000000000000000000e+00 0.000000000000000000e+00 6.802797842639995984e-02 0.000000000000000000e+00 0.000000000000000000e+00 0.000000000000000000e+00 0.000000000000000000e+00 0.000000000000000000e+00 0.000000000000000000e+00 1.099101285958942881e-01 2.918049396264920103e-01 0.000000000000000000e+00 0.000000000000000000e+00 9.339339454922086434e-03 1.277497322448693795e-01 0.000000000000000000e+00 5.120000000000000000e+02 -3.479727272727272691e+01
0.000000000000000000e+00 0.000000000000000000e+00 8.383552229115620591e-01 0.000000000000000000e+00 0.000000000000000000e+00 0.000000000000000000e+00 0.000000000000000000e+00 2.389706771375346983e-01 0.000000000000000000e+00 1.201991511678066893e-01 0.000000000000000000e+00 5.946345923283211236e-09 1.648594711164347304e-01 7.206586271513844288e-02 0.000000000000000000e+00 1.000000000000000000e+00 1.684043226652665870e-01 1.351343707672091332e-01 1.907728211680750074e-01 9.564839048755200412e-01 5.992622693264284539e-01 0.000000000000000000e+00 0.000000000000000000e+00 0.000000000000000000e+00 0.000000000000000000e+00 7.119171426816642279e-02 2.949563072109885331e-01 0.000000000000000000e+00 4.272066135497760153e-01 2.706460037922361339e-01 9.816308854889261859e-01 4.831325054429614352e-01 5.120000000000000000e+02 -6.793363636363636715e+01
1.522946208294375737e-03 9.562883605101012430e-01 0.000000000000000000e+00 0.000000000000000000e+00 0.000000000000000000e+00 0.000000000000000000e+00 0.000000000000000000e+00 6.419708351924557910e-02 1.182258844537791703e-02 0.000000000000000000e+00 0.000000000000000000e+00 1.228108311753210724e-02 6.463505428722297053e-01 4.694227785600754244e-05 0.000000000000000000e+00 7.687358874834543387e-01 0.000000000000000000e+00 0.000000000000000000e+00 5.704588000971653194e-01 1.000000000000000000e+00 1.071765643619620621e-03 3.841059551184162341e-02 2.849920839674146000e-01 3.425161439257373153e-01 0.000000000000000000e+00 9.929160126368555828e-01 1.720545540592066658e-02 0.000000000000000000e+00 0.000000000000000000e+00 0.000000000000000000e+00 1.040298684503008775e-01 2.185838270004228645e-01 5.120000000000000000e+02 -6.144545454545454533e+01
0.000000000000000000e+00 0.000000000000000000e+00 0.000000000000000000e+00 0.000000000000000000e+00 0.000000000000000000e+00 0.000000000000000000e+00 0.000000000000000000e+00 0.000000000000000000e+00 0.000000000000000000e+00 0.000000000000000000e+00 9.845373385994169446e-01 0.000000000000000000e+00 4.362477449332958779e-01 0.000000000000000000e+00 0.000000000000000000e+00 2.069611193638133395e-01 1.000000000000000000e+00 0.000000000000000000e+00 0.000000000000000000e+00 0.000000000000000000e+00 0.000000000000000000e+00 1.263298379642101114e-02 7.455489448936820640e-01 0.000000000000000000e+00 0.000000000000000000e+00 0.000000000000000000e+00 3.405390972123007592e-02 0.000000000000000000e+00 0.000000000000000000e+00 0.000000000000000000e+00 0.000000000000000000e+00 0.000000000000000000e+00 5.120000000000000000e+02 -1.660909090909090891e+00
0.000000000000000000e+00 0.000000000000000000e+00 6.634682597535371262e-03 2.819367877855216351e-02 0.000000000000000000e+00 0.000000000000000000e+00 5.544730214315403416e-02 5.065422060385407210e-01 3.647467527849107549e-01 0.000000000000000000e+00 1.484863859317130802e-02 7.604397110522145287e-01 6.557130898933101193e-01 1.348128700620001008e-01 0.000000000000000000e+00 8.544541263275144682e-02 0.000000000000000000e+00 0.000000000000000000e+00 9.619754839713194894e-01 1.731242767144690886e-01 0.000000000000000000e+00 6.028846598666937062e-01 0.000000000000000000e+00 5.463306183215142081e-02 6.877356370638820771e-02 1.413370285737901300e-01 0.000000000000000000e+00 0.000000000000000000e+00 0.000000000000000000e+00 8.060952904642882944e-01 1.000000000000000000e+00 1.000000000000000000e+00 5.120000000000000000e+02 -5.865727272727271924e+01
5.194290145926373781e-02 0.000000000000000000e+00 1.000000000000000000e+00 0.000000000000000000e+00 6.549293893072209716e-02 0.000000000000000000e+00 0.000000000000000000e+00 0.000000000000000000e+00 0.000000000000000000e+00 4.688124505202480670e-08 3.468260506707902525e-05 1.000000000000000000e+00 2.266611250829119947e-02 0.000000000000000000e+00 0.000000000000000000e+00 6.758818663979105912e-01 0.000000000000000000e+00 0.000000000000000000e+00 9.068646272412968223e-02 1.583665976912956258e-06 1.088152325549893301e-01 2.052933756338399807e-01 1.122953882220724259e-01 0.000000000000000000e+00 0.000000000000000000e+00 6.012164519814983121e-01 3.153123206420174740e-01 0.000000000000000000e+00 0.000000000000000000e+00 1.000000000000000000e+00 4.521996399674723666e-01 8.869052691428551682e-01 5.120000000000000000e+02 -5.374272727272727934e+01
0.000000000000000000e+00 0.000000000000000000e+00 0.000000000000000000e+00 0.000000000000000000e+00 0.000000000000000000e+00 0.000000000000000000e+00 8.796765591685491437e-01 0.000000000000000000e+00 2.544273278360456580e-01 0.000000000000000000e+00 0.000000000000000000e+00 0.000000000000000000e+00 9.999971015543600572e-01 1.039823072008524835e-01 0.000000000000000000e+00 0.000000000000000000e+00 0.000000000000000000e+00 0.000000000000000000e+00 0.000000000000000000e+00 5.447096413482303001e-01 0.000000000000000000e+00 8.773539071486031737e-01 1.351558875092691014e-01 0.000000000000000000e+00 0.000000000000000000e+00 3.539389460163488987e-01 7.311874680475241028e-01 0.000000000000000000e+00 9.625519638758490704e-01 5.379364387289781169e-02 5.571188889199754982e-04 9.401362162133352909e-07 5.120000000000000000e+02 -4.070000000000000284e+00
0.000000000000000000e+00 0.000000000000000000e+00 1.000000000000000000e+00 0.000000000000000000e+00 6.540784104653745157e-01 4.602354940740125411e-01 0.000000000000000000e+00 1.000000000000000000e+00 0.000000000000000000e+00 6.635773012270853588e-01 5.765739345755122036e-01 0.000000000000000000e+00 8.659300560555698301e-01 7.685084283961739482e-01 0.000000000000000000e+00 2.759440798263673028e-02 9.675718477368794312e-01 1.037842837692277559e-01 2.589649373566219048e-01 1.000000000000000000e+00 2.790234545620980389e-01 9.219523490809308219e-01 1.243738331787900935e-02 0.000000000000000000e+00 0.000000000000000000e+00 1.000000000000000000e+00 1.000000000000000000e+00 1.507941057128446283e-01 0.000000000000000000e+00 1.000000000000000000e+00 0.000000000000000000e+00 9.994130450642386698e-01 5.120000000000000000e+02 -5.392454545454545922e+01
0.000000000000000000e+00 4.619988136906023890e-02 0.000000000000000000e+00 0.000000000000000000e+00 1.366861775989371974e-01 0.000000000000000000e+00 1.531183896726809324e-01 0.000000000000000000e+00 1.775012130621094093e-03 3.022831780198698831e-02 0.000000000000000000e+00 2.700457751181162028e-17 0.000000000000000000e+00 8.618440512169116274e-02 5.572841828226232018e-19 9.737142646795848844e-01 0.000000000000000000e+00 8.536872545477744434e-02 8.221029206552381563e-01 7.776477953458951209e-01 0.000000000000000000e+00 0.000000000000000000e+00 2.577188742331456006e-01 1.547210753211393230e-01 0.000000000000000000e+00 2.761835270763117745e-01 0.000000000000000000e+00 1.889975944360667692e-03 0.000000000000000000e+00 0.000000000000000000e+00 1.142808138088382140e-06 0.000000000000000000e+00 5.120000000000000000e+02 -4.607272727272727053e+01
0.000000000000000000e+00 5.134440291504716036e-02 9.618081331437550174e-01 0.000000000000000000e+00 1.688066168460899408e-01 0.000000000000000000e+00 0.000000000000000000e+00 0.000000000000000000e+00 0.000000000000000000e+00 1.567966946643516990e-01 0.000000000000000000e+00 0.000000000000000000e+00 9.202825479765566197e-01 9.020703458387908935e-03 0.000000000000000000e+00 1.774408585691605034e-01 0.000000000000000000e+00 7.139242993334121712e-02 0.000000000000000000e+00 1.708307298676418062e-01 0.000000000000000000e+00 0.000000000000000000e+00 8.968626995383732758e-02 0.000000000000000000e+00 0.000000000000000000e+00 7.637091996604900013e-01 0.000000000000000000e+00 0.000000000000000000e+00 1.054183554182016778e-04 1.372899911612169288e-01 6.840933384880271140e-01 3.721704367814909764e-02 5.120000000000000000e+02 -1.954272727272727650e+01
8.442756962077774263e-01 2.851573223470253438e-01 0.000000000000000000e+00 3.696158180330633147e-01 0.000000000000000000e+00 0.000000000000000000e+00 2.782807362423946884e-01 6.386715535369308361e-02 3.320783385119607800e-02 3.555512161507512481e-01 0.000000000000000000e+00 9.726367223869505363e-01 1.000000000000000000e+00 4.448824537782829214e-03 1.755691113970678577e-03 3.849835461856404573e-01 6.024226596881747664e-01 4.221592437057849036e-04 6.842468548065945289e-01 8.436764272446773960e-01 3.346668005097692133e-01 0.000000000000000000e+00 1.000000000000000000e+00 2.467230599276310984e-02 3.817841272720098877e-01 4.246129666793598822e-01 4.280567963143679378e-01 3.227931328573888092e-02 0.000000000000000000e+00 9.884559248626565431e-01 5.337401902895623218e-01 7.279237981176135408e-01 5.120000000000000000e+02 -6.832090909090908326e+01
5.239259383791152747e-01 1.033320096940164023e-01 0.000000000000000000e+00 0.000000000000000000e+00 9.999999997008945929e-01 5.274748077821645986e-06 2.404961721506358729e-01 0.000000000000000000e+00 0.000000000000000000e+00 6.161831537992501495e-01 0.000000000000000000e+00 2.992331638573788033e-01 6.734907350357478562e-01 4.686949660153081898e-01 1.013134295023677793e-02 1.446940035136401459e-01 0.000000000000000000e+00 0.000000000000000000e+00 1.723723434873505878e-01 1.554402230066942794e-03 0.000000000000000000e+00 3.624978345798956364e-02 0.000000000000000000e+00 5.025701858239489726e-10 0.000000000000000000e+00 3.586588730706282147e-01 1.975258136505089485e-03 0.000000000000000000e+00 0.000000000000000000e+00 4.906720005830231528e-04 5.678723372042286839e-03 1.222826335630434330e-01 5.120000000000000000e+02 -4.803363636363636147e+01
0.000000000000000000e+00 2.811917209713568622e-01 6.964478786360316365e-01 4.319386579821686035e-03 4.637318051851425094e-01 0.000000000000000000e+00 4.789160767434444757e-03 3.026522289990373205e-01 0.000000000000000000e+00 0.000000000000000000e+00 0.000000000000000000e+00 5.041570267178081544e-01 1.742919137839319928e-03 2.829369675590199251e-01 0.000000000000000000e+00 0.000000000000000000e+00 0.000000000000000000e+00 1.664434129659646266e-02 0.000000000000000000e+00 9.770838682511502338e-01 1.178040638296778053e-03 9.304610040453138442e-01 7.343848568252320241e-01 0.000000000000000000e+00 0.000000000000000000e+00 1.048893386701702096e-01 3.782692620613657408e-01 0.000000000000000000e+00 0.000000000000000000e+00 0.000000000000000000e+00 4.154368010106609943e-01 7.140411481672281901e-01 5.120000000000000000e+02 -2.939090909090908976e+00
0.000000000000000000e+00 8.055066794646548178e-01 8.624787302376638598e-01 0.000000000000000000e+00 3.119025659597064459e-01 0.000000000000000000e+00 0.000000000000000000e+00 8.585629402044775427e-02 0.000000000000000000e+00 1.423576496107021964e-02 0.000000000000000000e+00 5.052803081673837848e-01 0.000000000000000000e+00 5.638031193901266516e-03 1.946081028653021908e-03 0.000000000000000000e+00 2.506897119246352668e-02 0.000000000000000000e+00 4.750718315202930864e-01 9.185384405760025350e-01 0.000000000000000000e+00 8.896215178794122935e-02 3.728933138941381009e-01 1.344772352252206378e-02 1.214904622164985626e-01 9.999640427812079846e-01 9.863432102560041326e-01 2.262945615421060180e-03 8.383767045950758501e-01 1.380533818781714238e-02 0.000000000000000000e+00 1.411631737330423493e-03 5.120000000000000000e+02 -3.801818181818181586e+01
0.000000000000000000e+00 0.000000000000000000e+00 1.201193668178263535e-01 0.000000000000000000e+00 1.547237495073604772e-02 4.955234920893950706e-02 1.000000000000000000e+00 3.274188384804730401e-01 3.990738270084983469e-02 2.597182398384508331e-02 0.000000000000000000e+00 3.804891719307871845e-01 0.000000000000000000e+00 0.000000000000000000e+00 4.392212928355069823e-01 1.000000000000000000e+00 1.155634891538048032e-03 0.000000000000000000e+00 1.296566820153832456e-01 9.999954799128234484e-01 2.908045762018005576e-01 1.108702137121448999e-03 4.743648299514032114e-03 2.630471039550943968e-02 0.000000000000000000e+00 9.234088881361610657e-01 9.427454365800980174e-02 0.000000000000000000e+00 0.000000000000000000e+00 5.628867118089905253e-01 3.655625832495054128e-01 0.000000000000000000e+00 5.120000000000000000e+02 -5.927272727272727337e+01
8.460867123242411802e-02 5.840442862406419744e-01 0.000000000000000000e+00 0.000000000000000000e+00 9.621785652477733708e-02 0.000000000000000000e+00 3.866172163515781934e-08 2.008882722829929413e-01 0.000000000000000000e+00 6.424418880901931576e-03 4.297352413725444471e-03 0.000000000000000000e+00 7.526678994844159254e-01 1.000000000000000000e+00 0.000000000000000000e+00 9.459441933878513439e-03 1.285987250079607125e-01 0.000000000000000000e+00 1.000000000000000000e+00 9.234861339368574673e-02 0.000000000000000000e+00 4.633635351183834628e-01 0.000000000000000000e+00 0.000000000000000000e+00 1.685000922526982692e-01 4.852104511542701948e-01 0.000000000000000000e+00 0.000000000000000000e+00 5.779859514741461091e-01 5.809849465173120286e-01 1.895155648773779455e-01 9.052079409292829171e-01 5.120000000000000000e+02 -5.602999999999999403e+01
0.000000000000000000e+00 1.210400780114656181e-03 9.132069688718030820e-01 1.696722658260597649e-01 2.642590973441050206e-01 7.899909892183501481e-02 0.000000000000000000e+00 1.643828774875385201e-01 1.868490543473782953e-04 9.374293080007689571e-01 2.576867293524376934e-01 1.000000000000000000e+00 8.139932155829815441e-01 1.377377994723185950e-01 0.000000000000000000e+00 5.792668181724297538e-01 1.172679603460443547e-03 8.372997309937398047e-02 1.414805498359053004e-01 3.618855930644424013e-01 2.905880657978884285e-01 5.230516448371825833e-01 1.313572896550170843e-01 1.948634833356655688e-02 0.000000000000000000e+00 3.286845890664429337e-01 8.903927254946547576e-02 8.058811108467349438e-02 0.000000000000000000e+00 9.362602173511035408e-01 0.000000000000000000e+00 9.377095536661125275e-01 5.120000000000000000e+02 -6.064818181818181841e+01
0.000000000000000000e+00 0.000000000000000000e+00 3.611168030236376891e-01 2.304388043323131463e-01 0.000000000000000000e+00 0.000000000000000000e+00 1.696655205968380098e-01 4.073822079416118402e-01 0.000000000000000000e+00 0.000000000000000000e+00 0.000000000000000000e+00 0.000000000000000000e+00 0.000000000000000000e+00 7.591946166290439724e-01 3.016739121251976047e-02 2.796562709652666498e-02 2.784300542546887525e-01 0.000000000000000000e+00 0.000000000000000000e+00 1.000000000000000000e+00 0.000000000000000000e+00 8.109240261028765051e-01 0.000000000000000000e+00 2.258889779202309933e-01 0.000000000000000000e+00 0.000000000000000000e+00 8.815039537232858269e-01 8.800143307670739434e-03 0.000000000000000000e+00 0.000000000000000000e+00 1.036799280359614171e-05 2.565699884274497480e-02 5.120000000000000000e+02 -4.779090909090909278e+00
0.000000000000000000e+00 0.000000000000000000e+00 1.903657375554589359e-01 0.000000000000000000e+00 0.000000000000000000e+00 0.000000000000000000e+00 0.000000000000000000e+00 1.753684954745296856e-02 0.000000000000000000e+00 0.000000000000000000e+00 3.543436507380233746e-01 4.600506899009810247e-01 0.000000000000000000e+00 0.000000000000000000e+00 0.000000000000000000e+00 0.000000000000000000e+00 0.000000000000000000e+00 0.000000000000000000e+00 7.333214120663659845e-03 0.000000000000000000e+00 0.000000000000000000e+00 0.000000000000000000e+00 4.307420172529916602e-01 0.000000000000000000e+00 1.951873709343264762e-01 3.630276619213647794e-03 0.000000000000000000e+00 0.000000000000000000e+00 1.676805931543967898e-01 2.734404069787214620e-01 0.000000000000000000e+00 1.056487518280326554e-01 5.120000000000000000e+02 -3.479090909090909456e+00
0.000000000000000000e+00 7.896164305749751033e-01 2.963990833182816864e-01 7.780305420018664327e-05 2.159571070422268146e-01 0.000000000000000000e+00 8.016024803277916888e-01 1.950350546569582302e-02 0.000000000000000000e+00 6.998604700876140949e-01 4.684080617669286739e-01 1.868782297150778024e-02 3.135419009495987175e-01 3.995914957972700188e-02 0.000000000000000000e+00 6.245629579187583769e-01 0.000000000000000000e+00 0.000000000000000000e+00 1.308254822180916939e-02 1.000000000000000000e+00 6.995979035476586061e-01 5.672099969369227557e-01 5.539834783199935053e-01 0.000000000000000000e+00 0.000000000000000000e+00 1.370760297489237167e-01 9.635125384802658566e-01 1.665273767021205678e-02 5.633580946703754117e-02 5.157851272766106332e-01 0.000000000000000000e+00 0.000000000000000000e+00 5.120000000000000000e+02 -3.440636363636363626e+01
2.208929162639763401e-06 4.782737079471483660e-02 0.000000000000000000e+00 2.465824949225544488e-02 0.000000000000000000e+00 0.000000000000000000e+00 0.000000000000000000e+00 4.210493168291532529e-01 9.071866380339899810e-03 0.000000000000000000e+00 0.000000000000000000e+00 0.000000000000000000e+00 1.352002255551452148e-01 0.000000000000000000e+00 0.000000000000000000e+00 0.000000000000000000e+00 0.000000000000000000e+00 4.518183497348833844e-01 1.383524877021709565e-01 1.667739090209593711e-01 1.963658296472108600e-01 4.252433454852765360e-01 2.308594775955871009e-02 3.075099518753646893e-04 0.000000000000000000e+00 0.000000000000000000e+00 1.322944720987080658e-01 1.939672962898416342e-01 0.000000000000000000e+00 8.201796558715926735e-03 0.000000000000000000e+00 6.927312022302388739e-01 5.120000000000000000e+02 -4.638818181818182040e+01
0.000000000000000000e+00 1.388586031434954071e-01 9.827736627763119515e-01 0.000000000000000000e+00 1.886135077376389088e-03 0.000000000000000000e+00 4.201019457315220001e-02 4.614071149837075010e-03 0.000000000000000000e+00 4.594073734900094297e-01 2.031494923084030749e-02 7.316732781413091136e-01 0.000000000000000000e+00 6.943067009145921509e-02 0.000000000000000000e+00 3.072673637142523950e-01 0.000000000000000000e+00 0.000000000000000000e+00 3.783521011275099988e-01 5.001922255771630577e-02 1.425807951392977224e-01 5.692259333066937987e-01 0.000000000000000000e+00 9.791001159320258385e-01 0.000000000000000000e+00 0.000000000000000000e+00 9.749094902388297790e-01 3.022029855709647550e-01 2.321975204997882292e-01 0.000000000000000000e+00 0.000000000000000000e+00 9.561696687756854329e-01 5.120000000000000000e+02 -5.895454545454545325e+01
0.000000000000000000e+00 0.000000000000000000e+00 4.940848162679097322e-01 0.000000000000000000e+00 0.000000000000000000e+00 0.000000000000000000e+00 2.634522379105636580e-01 0.000000000000000000e+00 0.000000000000000000e+00 0.000000000000000000e+00 0.000000000000000000e+00 2.572460206161940599e-01 0.000000000000000000e+00 1.000000000000000000e+00 0.000000000000000000e+00 0.000000000000000000e+00 1.781006612336863137e-01 1.339994407679563349e-01 8.047660121314141879e-01 4.720050348011067265e-01 0.000000000000000000e+00 0.000000000000000000e+00 6.534997272009247793e-02 0.000000000000000000e+00 0.000000000000000000e+00 3.438247906429511280e-01 0.000000000000000000e+00 7.984460741336066314e-02 0.000000000000000000e+00 5.937388959634767316e-01 3.453917341598346983e-15 0.000000000000000000e+00 5.120000000000000000e+02 -1.846090909090909449e+01
0.000000000000000000e+00 0.000000000000000000e+00 0.000000000000000000e+00 0.000000000000000000e+00 0.000000000000000000e+00 0.000000000000000000e+00 0.000000000000000000e+00 0.000000000000000000e+00 0.000000000000000000e+00 1.736094333425315106e-01 0.000000000000000000e+00 9.991447236818999933e-01 4.264349932607083282e-01 4.137995455056945465e-02 1.155153852316065655e-01 0.000000000000000000e+00 2.570228923572733248e-01 0.000000000000000000e+00 7.315457222128363135e-02 2.990410928547218572e-01 0.000000000000000000e+00 4.418214086370557681e-01 4.361697046937597030e-04 0.000000000000000000e+00 1.245385776064175387e-01 1.228923060236934619e-03 0.000000000000000000e+00 0.000000000000000000e+00 2.353361622105496209e-01 1.937483238252105436e-06 8.586446212481724238e-02 0.000000000000000000e+00 5.120000000000000000e+02 -5.689090909090909776e+01
3.349144050183920363e-01 0.000000000000000000e+00 2.923894133514471916e-01 4.405042085370321344e-04 0.000000000000000000e+00 0.000000000000000000e+00 1.142887828367814690e-01 4.794299368287199825e-01 5.294689645049171896e-12 6.260203522098049811e-02 0.000000000000000000e+00 0.000000000000000000e+00 8.803447517086856466e-01 4.512477363184137910e-04 1.657697738608892024e-01 2.933642658953217741e-01 0.000000000000000000e+00 0.000000000000000000e+00 1.000000000000000000e+00 0.000000000000000000e+00 0.000000000000000000e+00 0.000000000000000000e+00 6.953417073488603328e-02 9.648748111581800790e-01 0.000000000000000000e+00 0.000000000000000000e+00 1.000000000000000000e+00 0.000000000000000000e+00 0.000000000000000000e+00 4.374752535830733757e-01 8.270106324230926120e-02 0.000000000000000000e+00 5.120000000000000000e+02 -5.895454545454545325e+01
1.883087896335732328e-02 3.911597692860876441e-01 0.000000000000000000e+00 7.318441345083570582e-02 6.667002626466381199e-02 0.000000000000000000e+00 8.563197657076803138e-01 1.261508564040584451e-02 0.000000000000000000e+00 3.402139793302227933e-01 0.000000000000000000e+00 1.750419704508930918e-01 0.000000000000000000e+00 6.874958177397068049e-01 0.000000000000000000e+00 0.000000000000000000e+00 0.000000000000000000e+00 2.196293240033886634e-03 3.300692569158345663e-02 7.910673796067916458e-03 1.044302238164144525e-01 5.261870671584908399e-01 0.000000000000000000e+00 4.119671483900666509e-01 1.167552335052616519e-01 3.246593519647376080e-01 6.140514457965444706e-01 0.000000000000000000e+00 4.825542399499253843e-02 0.000000000000000000e+00 4.776236849674922111e-03 5.763943195079352516e-03 5.120000000000000000e+02 -3.262727272727272521e+01
7.824089262619687846e-02 0.000000000000000000e+00 9.368353357698855355e-01 1.040698399795612732e-02 6.198714709034210957e-01 0.000000000000000000e+00 3.625796081446869788e-03 0.000000000000000000e+00 0.000000000000000000e+00 0.000000000000000000e+00 0.000000000000000000e+00 7.298591315647771915e-02 9.539992924161806442e-01 0.000000000000000000e+00 0.000000000000000000e+00 2.065626733153876678e-03 8.376323606672430797e-04 0.000000000000000000e+00 6.011767482893301626e-04 9.831869535662076665e-01 0.000000000000000000e+00 0.000000000000000000e+00 6.003362007727632843e-01 0.000000000000000000e+00 0.000000000000000000e+00 4.209447902423299882e-04 2.700920485909303671e-04 8.032839899605652700e-01 0.000000000000000000e+00 0.000000000000000000e+00 7.496408555704854315e-01 0.000000000000000000e+00 5.120000000000000000e+02 -5.011818181818181728e+00
1.999474797005258431e-01 0.000000000000000000e+00 1.000000000000000000e+00 0.000000000000000000e+00 0.000000000000000000e+00 0.000000000000000000e+00 0.000000000000000000e+00 0.000000000000000000e+00 0.000000000000000000e+00 8.455071894611632111e-01 0.000000000000000000e+00 0.000000000000000000e+00 1.050895402838936468e-02 9.987119942506512693e-01 0.000000000000000000e+00 1.000000000000000000e+00 0.000000000000000000e+00 0.000000000000000000e+00 0.000000000000000000e+00 4.455021508066631108e-01 3.814246876043507761e-01 0.000000000000000000e+00 6.928299467605739115e-02 0.000000000000000000e+00 0.000000000000000000e+00 0.000000000000000000e+00 0.000000000000000000e+00 0.000000000000000000e+00 6.951393340651432773e-01 4.974027779650189718e-01 8.131462695239564595e-03 1.000000000000000000e+00 5.120000000000000000e+02 -2.291545454545454419e+01
0.000000000000000000e+00 0.000000000000000000e+00 9.612428322387983615e-01 9.604879293140522467e-02 0.000000000000000000e+00 0.000000000000000000e+00 0.000000000000000000e+00 2.655690314839039001e-02 1.315940852170839614e-01 5.072072378588066231e-04 0.000000000000000000e+00 2.898834058647493245e-02 1.730770683175237579e-01 0.000000000000000000e+00 0.000000000000000000e+00 0.000000000000000000e+00 3.954829412934131039e-01 0.000000000000000000e+00 2.974538757918691045e-01 0.000000000000000000e+00 0.000000000000000000e+00 0.000000000000000000e+00 0.000000000000000000e+00 1.603650769514956831e-03 0.000000000000000000e+00 0.000000000000000000e+00 0.000000000000000000e+00 0.000000000000000000e+00 0.000000000000000000e+00 0.000000000000000000e+00 0.000000000000000000e+00 0.000000000000000000e+00 5.120000000000000000e+02 -4.361818181818181728e+01
6.286780223611371395e-05 6.015095832961406819e-01 0.000000000000000000e+00 1.463728498034350400e-01 0.000000000000000000e+00 0.000000000000000000e+00 6.805797045506602194e-02 0.000000000000000000e+00 0.000000000000000000e+00 6.748249617743827811e-01 0.000000000000000000e+00 0.000000000000000000e+00 0.000000000000000000e+00 0.000000000000000000e+00 1.029435947819619737e-02 0.000000000000000000e+00 0.000000000000000000e+00 0.000000000000000000e+00 0.000000000000000000e+00 3.460449591744813591e-01 0.000000000000000000e+00 8.380415920459222123e-02 8.545964890665239122e-03 0.000000000000000000e+00 9.345123710074323964e-02 4.975505477414535749e-01 0.000000000000000000e+00 0.000000000000000000e+00 4.661004240468072934e-01 3.979783548382496150e-01 0.000000000000000000e+00 9.574507565897238948e-01 5.120000000000000000e+02 -2.654545454545454319e+00
0.000000000000000000e+00 0.000000000000000000e+00 0.000000000000000000e+00 0.000000000000000000e+00 0.000000000000000000e+00 0.000000000000000000e+00 0.000000000000000000e+00 3.564523742966897724e-02 0.000000000000000000e+00 1.004028783764668586e-01 0.000000000000000000e+00 0.000000000000000000e+00 9.541358212751785972e-01 7.611641739459646949e-01 8.939077877775368774e-01 6.796113793015724491e-01 7.233854431148354497e-03 2.824386370127071610e-01 0.000000000000000000e+00 4.684752139122346642e-02 0.000000000000000000e+00 3.814840189003159687e-01 0.000000000000000000e+00 0.000000000000000000e+00 0.000000000000000000e+00 1.000000000000000000e+00 4.470696796364571207e-03 0.000000000000000000e+00 3.259100038325974391e-01 0.000000000000000000e+00 0.000000000000000000e+00 0.000000000000000000e+00 5.120000000000000000e+02 -1.026999999999999957e+01
0.000000000000000000e+00 4.591468004840966177e-01 0.000000000000000000e+00 0.000000000000000000e+00 7.188579533115505571e-01 1.926262836259610978e-01 0.000000000000000000e+00 9.414994043514388622e-01 0.000000000000000000e+00 4.723397132963386841e-02 6.494078693009285074e-04 1.717523733020634713e-01 0.000000000000000000e+00 3.597247987821162729e-01 0.000000000000000000e+00 6.169453645888430676e-02 0.000000000000000000e+00 0.000000000000000000e+00 0.000000000000000000e+00 3.545854689004456217e-01 2.926928837445900711e-01 0.000000000000000000e+00 0.000000000000000000e+00 0.000000000000000000e+00 8.526886172200042191e-01 0.000000000000000000e+00 1.781353011549431931e-01 0.000000000000000000e+00 0.000000000000000000e+00 9.196294120473847977e-01 0.000000000000000000e+00 1.377408859811907974e-03 5.120000000000000000e+02 -2.015727272727272279e+01
1.741549558384268559e-01 0.000000000000000000e+00 0.000000000000000000e+00 0.000000000000000000e+00 0.000000000000000000e+00 0.000000000000000000e+00 0.000000000000000000e+00 9.235246576845657085e-01 0.000000000000000000e+00 2.813101456785727767e-04 0.000000000000000000e+00 0.000000000000000000e+00 1.006711126760373616e-02 4.137767745013408160e-01 0.000000000000000000e+00 0.000000000000000000e+00 9.532932450991725426e-02 0.000000000000000000e+00 0.000000000000000000e+00 0.000000000000000000e+00 8.779283244314241286e-03 0.000000000000000000e+00 0.000000000000000000e+00 9.528960453276152931e-01 0.000000000000000000e+00 4.542477140083539533e-01 0.000000000000000000e+00 1.756249097431009654e-01 1.710658248482417251e-02 0.000000000000000000e+00 1.000000000000000000e+00 0.000000000000000000e+00 5.120000000000000000e+02 -1.297272727272727133e+00
9.723430274128539441e-01 5.202689396432804703e-01 0.000000000000000000e+00 0.000000000000000000e+00 0.000000000000000000e+00 2.438062663211801120e-05 0.000000000000000000e+00 6.441120199433978399e-01 0.000000000000000000e+00 3.099866432421590975e-02 0.000000000000000000e+00 0.000000000000000000e+00 0.000000000000000000e+00 3.183816161055355587e-03 2.220126187971109555e-02 3.225277960221386020e-01 4.778606815774366634e-01 2.968261605990213034e-02 3.891928044459634362e-01 0.000000000000000000e+00 0.000000000000000000e+00 0.000000000000000000e+00 0.000000000000000000e+00 9.334693888148729718e-03 0.000000000000000000e+00 5.765556083072076454e-01 0.000000000000000000e+00 0.000000000000000000e+00 0.000000000000000000e+00 0.000000000000000000e+00 1.000000000000000000e+00 3.178268033204984522e-01 5.120000000000000000e+02 -4.781181818181817533e+01
0.000000000000000000e+00 4.253245652020158918e-01 3.430416347053488052e-02 0.000000000000000000e+00 2.100310977415028035e-01 0.000000000000000000e+00 3.791484066378341122e-01 0.000000000000000000e+00 0.000000000000000000e+00 4.183508899949143589e-04 0.000000000000000000e+00 9.680020322244978215e-02 0.000000000000000000e+00 2.610931080397909179e-02 0.000000000000000000e+00 6.739270951776193952e-01 0.000000000000000000e+00 0.000000000000000000e+00 2.974505828000161833e-01 3.284592743073833643e-01 0.000000000000000000e+00 6.196611026563098035e-01 0.000000000000000000e+00 0.000000000000000000e+00 0.000000000000000000e+00 1.692523629832104193e-01 0.000000000000000000e+00 0.000000000000000000e+00 0.000000000000000000e+00 8.747729041708035558e-01 9.064851601035253115e-01 7.045969731317384965e-02 5.120000000000000000e+02 -4.927909090909091105e+01
3.454496737986225696e-01 0.000000000000000000e+00 0.000000000000000000e+00 0.000000000000000000e+00 1.289430513049041327e-01 0.000000000000000000e+00 1.000000000000000000e+00 3.722282132877585692e-01 0.000000000000000000e+00 1.709334471497271288e-02 0.000000000000000000e+00 0.000000000000000000e+00 4.921146482892236884e-01 6.080908596641324548e-01 6.617273035075704746e-01 0.000000000000000000e+00 3.122040119556575635e-02 0.000000000000000000e+00 0.000000000000000000e+00 0.000000000000000000e+00 9.373031475165593054e-03 0.000000000000000000e+00 0.000000000000000000e+00 0.000000000000000000e+00 0.000000000000000000e+00 1.917043760651673534e-01 0.000000000000000000e+00 0.000000000000000000e+00 0.000000000000000000e+00 0.000000000000000000e+00 0.000000000000000000e+00 0.000000000000000000e+00 5.120000000000000000e+02 -1.818181818181818121e+00
0.000000000000000000e+00 0.000000000000000000e+00 6.121026323153937318e-04 1.537742896915090217e-02 0.000000000000000000e+00 0.000000000000000000e+00 0.000000000000000000e+00 8.317344732786142332e-09 0.000000000000000000e+00 4.468619559987866974e-01 0.000000000000000000e+00 0.000000000000000000e+00 0.000000000000000000e+00 0.000000000000000000e+00 0.000000000000000000e+00 0.000000000000000000e+00 0.000000000000000000e+00 0.000000000000000000e+00 0.000000000000000000e+00 0.000000000000000000e+00 4.753604182025024105e-01 6.721687337766822645e-02 3.867757744699145128e-01 0.000000000000000000e+00 0.000000000000000000e+00 0.000000000000000000e+00 8.996217830691620454e-03 0.000000000000000000e+00 2.047698190122859696e-02 0.000000000000000000e+00 0.000000000000000000e+00 3.508482525523083650e-02 5.120000000000000000e+02 -4.260909090909091645e+00
0.000000000000000000e+00 1.299051198258121403e-02 0.000000000000000000e+00 5.727874392185334541e-03 4.073337101685870626e-02 6.550835819596646792e-02 8.004286216795518660e-01 5.736008533329555181e-01 0.000000000000000000e+00 1.292087655142374301e-03 4.097689878597564339e-03 0.000000000000000000e+00 1.405828615169371631e-03 0.000000000000000000e+00 0.000000000000000000e+00 2.568372592550905885e-04 2.739583121894727594e-02 0.000000000000000000e+00 2.633343353045135347e-04 1.162776236996414664e-01 5.258177864313250474e-04 6.641498425650309567e-01 7.521484979799065995e-02 0.000000000000000000e+00 1.496840447481810610e-01 2.924273397356008108e-01 3.030279817684182753e-01 4.044552681722959095e-04 2.342573225907750327e-04 2.394041485332539798e-01 0.000000000000000000e+00 9.450121201923057379e-01 5.120000000000000000e+02 -2.806363636363636616e+00
8.012868408036954992e-01 0.000000000000000000e+00 0.000000000000000000e+00 0.000000000000000000e+00 8.933267411509886180e-02 0.000000000000000000e+00 4.032627909043840497e-01 4.244543035000962567e-07 2.079973755413163650e-01 6.942293586770708069e-01 0.000000000000000000e+00 6.330297700058227228e-01 1.172184271825342655e-01 6.768314979654488361e-01 0.000000000000000000e+00 9.318159779843016022e-01 2.508845568976999507e-01 0.000000000000000000e+00 4.009325536890683273e-01 9.685081015379470859e-01 0.000000000000000000e+00 9.470747428869851214e-01 0.000000000000000000e+00 6.358032874923925937e-02 2.195098354890915870e-01 3.754519274186635669e-01 3.729175955381435759e-01 0.000000000000000000e+00 4.171671178400316454e-02 1.000000000000000000e+00 4.418312052720275171e-04 1.868414406488897450e-01 5.120000000000000000e+02 -6.322090909090908895e+01
0.000000000000000000e+00 0.000000000000000000e+00 3.216914905437196544e-03 0.000000000000000000e+00 5.934779191256557285e-01 9.690791638772256258e-03 0.000000000000000000e+00 0.000000000000000000e+00 0.000000000000000000e+00 4.151063472388070996e-02 0.000000000000000000e+00 0.000000000000000000e+00 1.953599875317107715e-01 2.051573341227483360e-01 2.411672752292140856e-02 1.080073628280996123e-01 0.000000000000000000e+00 7.351874108397024599e-02 0.000000000000000000e+00 0.000000000000000000e+00 0.000000000000000000e+00 3.422447241294607201e-01 3.780084469021405009e-03 6.578855899200921665e-05 0.000000000000000000e+00 0.000000000000000000e+00 2.430621468164809174e-01 2.039279976167441763e-02 0.000000000000000000e+00 9.777669780942934707e-01 0.000000000000000000e+00 0.000000000000000000e+00 5.120000000000000000e+02 -2.811818181818181994e+00
0.000000000000000000e+00 0.000000000000000000e+00 7.058481277554117250e-01 2.778134054846179493e-03 0.000000000000000000e+00 0.000000000000000000e+00 9.157246071089594208e-01 9.249134066805758669e-01 0.000000000000000000e+00 1.000000000000000000e+00 0.000000000000000000e+00 2.498668955712685935e-01 1.000000000000000000e+00 8.813098304604688460e-01 0.000000000000000000e+00 6.714522167215231097e-01 0.000000000000000000e+00 0.000000000000000000e+00 4.777355895529233898e-01 0.000000000000000000e+00 2.349526447647394545e-01 1.000000000000000000e+00 5.860319215469079746e-01 0.000000000000000000e+00 0.000000000000000000e+00 1.000000000000000000e+00 0.000000000000000000e+00 0.000000000000000000e+00 9.986233293323520943e-01 4.703808747459491402e-01 6.506287776195837647e-02 7.555642226216900958e-01 5.120000000000000000e+02 -6.461545454545455414e+01
0.000000000000000000e+00 7.146213965650671796e-02 9.012910314799088551e-02 9.939712516714963586e-01 0.000000000000000000e+00 0.000000000000000000e+00 0.000000000000000000e+00 0.000000000000000000e+00 0.000000000000000000e+00 0.000000000000000000e+00 0.000000000000000000e+00 0.000000000000000000e+00 2.035619197821820006e-02 0.000000000000000000e+00 0.000000000000000000e+00 1.970546207610957001e-02 0.000000000000000000e+00 0.000000000000000000e+00 0.000000000000000000e+00 0.000000000000000000e+00 0.000000000000000000e+00 0.000000000000000000e+00 0.000000000000000000e+00 0.000000000000000000e+00 0.000000000000000000e+00 7.683192818717092532e-03 1.000000000000000000e+00 0.000000000000000000e+00 2.913549896435624689e-02 0.000000000000000000e+00 7.045488537014362729e-01 0.000000000000000000e+00 5.120000000000000000e+02 -4.424545454545454781e+00
0.000000000000000000e+00 0.000000000000000000e+00 0.000000000000000000e+00 2.348294280580812410e-01 0.000000000000000000e+00 0.000000000000000000e+00 2.359081793792364929e-05 0.000000000000000000e+00 0.000000000000000000e+00 0.000000000000000000e+00 0.000000000000000000e+00 0.000000000000000000e+00 4.746143796195954612e-01 0.000000000000000000e+00 0.000000000000000000e+00 1.000000000000000000e+00 1.058685952755868964e-01 0.000000000000000000e+00 6.144440220385094520e-01 0.000000000000000000e+00 0.000000000000000000e+00 0.000000000000000000e+00 1.084019398111386078e-05 0.000000000000000000e+00 0.000000000000000000e+00 0.000000000000000000e+00 5.337914082482471035e-06 0.000000000000000000e+00 1.160362691527110773e-02 1.911141171017022578e-01 9.756714042450759239e-01 4.281433295143280970e-01 5.120000000000000000e+02 -5.776636363636362148e+01
0.000000000000000000e+00 2.569059691845899040e-05 4.534038395154456613e-01 0.000000000000000000e+00 0.000000000000000000e+00 1.118877281324715325e-02 2.742665205453145849e-01 0.000000000000000000e+00 0.000000000000000000e+00 4.931650702381589202e-01 0.000000000000000000e+00 4.974400744111753814e-01 0.000000000000000000e+00 0.000000000000000000e+00 1.683940852840485058e-01 1.000000000000000000e+00 0.000000000000000000e+00 0.000000000000000000e+00 1.823015124430095446e-01 1.000000000000000000e+00 0.000000000000000000e+00 0.000000000000000000e+00 0.000000000000000000e+00 0.000000000000000000e+00 0.000000000000000000e+00 2.530832542424638759e-02 0.000000000000000000e+00 0.000000000000000000e+00 1.155845300232071805e-02 9.673036343301929518e-01 0.000000000000000000e+00 0.000000000000000000e+00 5.120000000000000000e+02 -4.293363636363636004e+01
0.000000000000000000e+00 0.000000000000000000e+00 6.694568141726280341e-01 0.000000000000000000e+00 1.876539504324474528e-02 2.591558094747371723e-03 0.000000000000000000e+00 0.000000000000000000e+00 0.000000000000000000e+00 8.389627944433368789e-01 0.000000000000000000e+00 2.597871849643127308e-04 8.424521538555763689e-01 0.000000000000000000e+00 0.000000000000000000e+00 0.000000000000000000e+00 0.000000000000000000e+00 3.601117702283386790e-01 1.617758553882535089e-01 1.000000000000000000e+00 0.000000000000000000e+00 0.000000000000000000e+00 7.213390494452755208e-02 4.028714319743362249e-01 0.000000000000000000e+00 7.277190243936784815e-07 0.000000000000000000e+00 5.426684492446311620e-08 1.573849541738279456e-01 6.334560251591883073e-01 1.838509109367226779e-01 1.000000000000000000e+00 5.120000000000000000e+02 -4.346090909090909804e+01
0.000000000000000000e+00 1.448490270269459611e-02 1.932767127715487032e-01 0.000000000000000000e+00 0.000000000000000000e+00 0.000000000000000000e+00 2.489105984059215154e-02 2.781744610236350224e-01 0.000000000000000000e+00 9.943639525400955748e-01 0.000000000000000000e+00 3.013051477511713983e-01 0.000000000000000000e+00 1.689293795739757204e-04 1.487502177037689499e-01 0.000000000000000000e+00 6.140772643075629311e-01 0.000000000000000000e+00 7.327815843799717621e-02 4.755646046287301254e-01 1.191201452112819853e-05 6.262913166592104508e-01 3.991734593782369500e-01 4.576653428404680035e-01 4.408770474465688038e-01 8.244743398446765514e-01 0.000000000000000000e+00 0.000000000000000000e+00 0.000000000000000000e+00 8.028612447204661606e-01 0.000000000000000000e+00 0.000000000000000000e+00 5.120000000000000000e+02 -3.558181818181818556e+01
3.997046513769753279e-04 0.000000000000000000e+00 3.754224272406153511e-06 2.239679076991704307e-02 7.440802825568562130e-04 0.000000000000000000e+00 4.967013066899305697e-03 5.807102118835056996e-03 5.386050329610461151e-01 2.884451305900893815e-04 2.527943532962079686e-04 8.284446589573428721e-01 1.650833080171254796e-01 1.826817862193567954e-01 0.000000000000000000e+00 7.731880702362800561e-02 0.000000000000000000e+00 0.000000000000000000e+00 1.172499306846474208e-02 1.217162149359520412e-01 1.822509354535439552e-01 1.187091843855176965e-01 2.698870606953935811e-03 2.500096971047568138e-03 1.086945415741723438e-02 9.993422808278934477e-01 2.731874344069558647e-01 7.762876688999282475e-04 1.065677225294075769e-01 0.000000000000000000e+00 2.668492426157456979e-02 5.607880811293485673e-02 5.120000000000000000e+02 -4.112090909090909463e+01
0.000000000000000000e+00 7.391153808257240332e-01 4.950182570691145645e-01 0.000000000000000000e+00 0.000000000000000000e+00 0.000000000000000000e+00 1.000000000000000000e+00 6.594449806156906478e-03 0.000000000000000000e+00 0.000000000000000000e+00 0.000000000000000000e+00 5.392181268355336664e-04 6.308552436107263128e-01 0.000000000000000000e+00 0.000000000000000000e+00 2.669620374683213254e-02 0.000000000000000000e+00 6.812438050274458728e-03 1.024831433961621990e-01 1.457922105156503854e-02 0.000000000000000000e+00 1.188593994365432088e-01 1.000000000000000000e+00 9.804619788606904196e-01 0.000000000000000000e+00 1.350989870454679179e-03 5.122121880798522486e-01 8.325846371549343594e-01 5.139257018162275431e-08 4.972647182330899862e-01 3.724362683461798773e-01 9.935153237962773831e-01 5.120000000000000000e+02 -3.985454545454545894e+01
0.000000000000000000e+00 7.085365964789438475e-01 2.638308590233903184e-01 0.000000000000000000e+00 1.223353396227551794e-03 2.406018223021692271e-01 0.000000000000000000e+00 1.070916122727430878e-02 0.000000000000000000e+00 9.578734357232783214e-01 0.000000000000000000e+00 6.489776978372129024e-03 6.522689377108042974e-01 9.449634687048526216e-02 2.221492503196807466e-01 8.641494125565353235e-01 2.211998934945293149e-01 0.000000000000000000e+00 3.419168365322383107e-01 0.000000000000000000e+00 0.000000000000000000e+00 1.316189001118571178e-01 3.777676766511308412e-04 4.030649916506966537e-03 0.000000000000000000e+00 6.806788686258095078e-01 8.896164237137639194e-04 9.460331918004037943e-01 0.000000000000000000e+00 8.771320981363885105e-03 7.547699299470403064e-03 0.000000000000000000e+00 5.120000000000000000e+02 -5.109090909090909349e+01
1.765505525843908130e-01 1.908603154420338843e-01 0.000000000000000000e+00 0.000000000000000000e+00 0.000000000000000000e+00 0.000000000000000000e+00 0.000000000000000000e+00 0.000000000000000000e+00 0.000000000000000000e+00 0.000000000000000000e+00 0.000000000000000000e+00 8.912583682138085495e-01 0.000000000000000000e+00 0.000000000000000000e+00 0.000000000000000000e+00 6.253807220440537051e-01 1.311882062759639478e-02 0.000000000000000000e+00 0.000000000000000000e+00 3.710058347322605157e-03 1.607070629036977394e-01 0.000000000000000000e+00 1.527645378154856431e-02 1.000000000000000000e+00 0.000000000000000000e+00 4.580469859131763161e-02 0.000000000000000000e+00 0.000000000000000000e+00 0.000000000000000000e+00 0.000000000000000000e+00 0.000000000000000000e+00 0.000000000000000000e+00 5.120000000000000000e+02 -8.179090909090909634e+00
0.000000000000000000e+00 0.000000000000000000e+00 0.000000000000000000e+00 0.000000000000000000e+00 6.025311594785279778e-01 2.354812947206504081e-01 0.000000000000000000e+00 2.460124944515048595e-01 0.000000000000000000e+00 0.000000000000000000e+00 2.063109904112049586e-02 0.000000000000000000e+00 4.318441331458143517e-02 0.000000000000000000e+00 0.000000000000000000e+00 0.000000000000000000e+00 0.000000000000000000e+00 0.000000000000000000e+00 0.000000000000000000e+00 1.907304481592203560e-01 0.000000000000000000e+00 6.355664560040655831e-01 0.000000000000000000e+00 0.000000000000000000e+00 0.000000000000000000e+00 3.086048038289689877e-01 6.307599434800180427e-02 0.000000000000000000e+00 0.000000000000000000e+00 5.417195826511312084e-05 0.000000000000000000e+00 4.259042875016409781e-07 5.120000000000000000e+02 -1.784545454545454879e+00
0.000000000000000000e+00 1.000000000000000000e+00 1.702805121462954152e-01 0.000000000000000000e+00 0.000000000000000000e+00 0.000000000000000000e+00 1.216378442567273427e-01 5.247996663097971304e-01 0.000000000000000000e+00 1.882985066783037431e-03 0.000000000000000000e+00 7.665327764867432281e-01 9.478212868782011080e-01 1.000000000000000000e+00 0.000000000000000000e+00 0.000000000000000000e+00 0.000000000000000000e+00 0.000000000000000000e+00 6.764963195786414252e-01 0.000000000000000000e+00 0.000000000000000000e+00 4.582835884401299520e-01 4.114645600324583485e-01 0.000000000000000000e+00 0.000000000000000000e+00 5.311957388875394592e-01 1.180571384880544222e-01 0.000000000000000000e+00 0.000000000000000000e+00 9.514369282223090751e-01 1.554107862061334389e-01 4.115359653320902478e-01 5.120000000000000000e+02 -4.670636363636363342e+01
2.640431009487545500e-01 4.339252856422388949e-02 0.000000000000000000e+00 0.000000000000000000e+00 4.795316041750462450e-03 0.000000000000000000e+00 0.000000000000000000e+00 1.011290625079696963e-02 7.107420530416140407e-03 0.000000000000000000e+00 1.187497790470333102e-03 0.000000000000000000e+00 0.000000000000000000e+00 4.961818987619286969e-01 0.000000000000000000e+00 9.999999985993264229e-01 5.354805244382504492e-01 1.234123894003243127e-01 5.166079459449791633e-01 5.781551379045284794e-02 0.000000000000000000e+00 9.806211599355509900e-01 4.950018351111337006e-02 0.000000000000000000e+00 0.000000000000000000e+00 0.000000000000000000e+00 0.000000000000000000e+00 1.753466435022936305e-06 8.296803697527860288e-01 6.481601692471240517e-01 5.948302614672490440e-01 4.353427211699092414e-01 5.120000000000000000e+02 -4.291818181818181444e+01
0.000000000000000000e+00 0.000000000000000000e+00 1.661328582595137660e-01 0.000000000000000000e+00 0.000000000000000000e+00 0.000000000000000000e+00 3.569520293753418172e-01 1.000000000000000000e+00 1.272964661121932547e-05 8.689577002083777035e-01 0.000000000000000000e+00 3.285071515260030162e-01 9.999939009313167926e-01 0.000000000000000000e+00 4.729739567668719488e-03 1.108821367879881115e-01 4.120770488110587354e-02 0.000000000000000000e+00 2.572834355807565934e-02 3.269053660952189050e-02 0.000000000000000000e+00 8.384344376313769276e-01 5.970106060382916855e-05 7.970692929822368322e-01 1.349829660775405948e-01 7.377230420080448381e-01 4.181473378741624725e-01 0.000000000000000000e+00 7.576738499720425679e-02 8.792718293575449984e-01 1.680658414189243055e-01 1.661441824053765115e-02 5.120000000000000000e+02 -3.367272727272727195e+01
0.000000000000000000e+00 1.791023897861395986e-01 2.566996929690007478e-01 0.000000000000000000e+00 1.000000000000000000e+00 0.000000000000000000e+00 0.000000000000000000e+00 8.144163239836495552e-03 0.000000000000000000e+00 0.000000000000000000e+00 0.000000000000000000e+00 0.000000000000000000e+00 5.922663679898532152e-02 2.473980626955471773e-01 9.770653219278834234e-01 6.752347571234544876e-01 0.000000000000000000e+00 0.000000000000000000e+00 5.617434725810201840e-02 0.000000000000000000e+00 0.000000000000000000e+00 0.000000000000000000e+00 5.964373965302648406e-01 0.000000000000000000e+00 0.000000000000000000e+00 1.000000000000000000e+00 9.869911348358906267e-01 5.283298514658582024e-01 0.000000000000000000e+00 4.477819470488631493e-01 0.000000000000000000e+00 0.000000000000000000e+00 5.120000000000000000e+02 -3.129363636363635948e+01
0.000000000000000000e+00 2.043013822588625183e-01 7.873466691068207179e-01 0.000000000000000000e+00 4.922799912222489832e-02 2.375165244251095791e-10 0.000000000000000000e+00 0.000000000000000000e+00 0.000000000000000000e+00 4.419317053153238861e-01 0.000000000000000000e+00 5.569726861506572035e-01 1.687729374489312442e-02 5.426591556794099075e-02 0.000000000000000000e+00 0.000000000000000000e+00 0.000000000000000000e+00 2.470485282365130972e-02 2.776337181512345542e-01 0.000000000000000000e+00 0.000000000000000000e+00 5.496283638959802431e-01 3.676935064890962113e-01 0.000000000000000000e+00 4.516324659424937327e-01 6.161682269382017241e-01 0.000000000000000000e+00 0.000000000000000000e+00 0.000000000000000000e+00 2.220904868850996638e-01 2.704784053391815490e-01 1.300924099560943070e-01 5.120000000000000000e+02 -3.400909090909090793e+01
0.000000000000000000e+00 0.000000000000000000e+00 0.000000000000000000e+00 0.000000000000000000e+00 0.000000000000000000e+00 0.000000000000000000e+00 0.000000000000000000e+00 0.000000000000000000e+00 0.000000000000000000e+00 0.000000000000000000e+00 0.000000000000000000e+00 0.000000000000000000e+00 1.919927523851511567e-02 0.000000000000000000e+00 0.000000000000000000e+00 0.000000000000000000e+00 0.000000000000000000e+00 0.000000000000000000e+00 0.000000000000000000e+00 0.000000000000000000e+00 2.045098545739867379e-01 0.000000000000000000e+00 0.000000000000000000e+00 6.362568198549058140e-02 0.000000000000000000e+00 4.906100857917918279e-01 0.000000000000000000e+00 0.000000000000000000e+00 0.000000000000000000e+00 0.000000000000000000e+00 0.000000000000000000e+00 6.493288200478348760e-01 5.120000000000000000e+02 -5.242727272727273125e+00
0.000000000000000000e+00 0.000000000000000000e+00 0.000000000000000000e+00 0.000000000000000000e+00 0.000000000000000000e+00 0.000000000000000000e+00 0.000000000000000000e+00 0.000000000000000000e+00 0.000000000000000000e+00 4.185104452354292404e-01 0.000000000000000000e+00 0.000000000000000000e+00 0.000000000000000000e+00 0.000000000000000000e+00 0.000000000000000000e+00 1.000000000000000000e+00 0.000000000000000000e+00 0.000000000000000000e+00 0.000000000000000000e+00 0.000000000000000000e+00 0.000000000000000000e+00 3.789037759637347569e-01 1.000000000000000000e+00 0.000000000000000000e+00 0.000000000000000000e+00 0.000000000000000000e+00 0.000000000000000000e+00 0.000000000000000000e+00 2.238043335832860525e-01 0.000000000000000000e+00 0.000000000000000000e+00 5.460690245808317300e-01 5.120000000000000000e+02 -8.909090909090909838e-01
0.000000000000000000e+00 0.000000000000000000e+00 0.000000000000000000e+00 0.000000000000000000e+00 0.000000000000000000e+00 0.000000000000000000e+00 0.000000000000000000e+00 0.000000000000000000e+00 3.112996672583362434e-01 0.000000000000000000e+00 0.000000000000000000e+00 0.000000000000000000e+00 1.491443341435690073e-01 6.810098432455632400e-01 0.000000000000000000e+00 0.000000000000000000e+00 0.000000000000000000e+00 0.000000000000000000e+00 6.777032805050871127e-03 6.405605264603193502e-03 0.000000000000000000e+00 0.000000000000000000e+00 1.958631225985287272e-01 0.000000000000000000e+00 0.000000000000000000e+00 0.000000000000000000e+00 1.799368540050818865e-01 0.000000000000000000e+00 5.140434965428809788e-02 3.593162441299602716e-01 2.510304890112821097e-01 0.000000000000000000e+00 5.120000000000000000e+02 -1.830636363636363839e+01
2.493849918432151317e-03 3.672130079803521130e-01 1.704310918702575325e-02 0.000000000000000000e+00 0.000000000000000000e+00 0.000000000000000000e+00 0.000000000000000000e+00 0.000000000000000000e+00 0.000000000000000000e+00 0.000000000000000000e+00 0.000000000000000000e+00 1.329791541033513262e-02 9.586174311509615955e-09 5.130419393188538901e-01 0.000000000000000000e+00 0.000000000000000000e+00 2.603188470142217548e-01 0.000000000000000000e+00 0.000000000000000000e+00 5.119830617192554501e-01 2.542137863403871600e-01 9.397921884505782142e-01 2.913449371412934474e-01 0.000000000000000000e+00 0.000000000000000000e+00 0.000000000000000000e+00 7.066471876058269541e-02 0.000000000000000000e+00 0.000000000000000000e+00 0.000000000000000000e+00 2.604521398368333032e-02 6.739720411609875228e-01 5.120000000000000000e+02 -4.320909090909091255e+00
0.000000000000000000e+00 4.512654014022055016e-02 0.000000000000000000e+00 0.000000000000000000e+00 0.000000000000000000e+00 0.000000000000000000e+00 0.000000000000000000e+00 3.330910168237487257e-02 0.000000000000000000e+00 0.000000000000000000e+00 3.404183708942412016e-03 0.000000000000000000e+00 0.000000000000000000e+00 3.658320618130062596e-01 0.000000000000000000e+00 0.000000000000000000e+00 0.000000000000000000e+00 0.000000000000000000e+00 2.079248286808553503e-01 5.423598812331167363e-01 0.000000000000000000e+00 0.000000000000000000e+00 0.000000000000000000e+00 0.000000000000000000e+00 0.000000000000000000e+00 0.000000000000000000e+00 0.000000000000000000e+00 0.000000000000000000e+00 0.000000000000000000e+00 0.000000000000000000e+00 0.000000000000000000e+00 0.000000000000000000e+00 5.120000000000000000e+02 -1.986636363636363711e+01
1.278199229290681305e-01 0.000000000000000000e+00 4.485373561898804429e-01 2.495432800161611064e-01 0.000000000000000000e+00 4.405596776026211858e-02 6.941209700442255714e-01 4.472542862548474843e-03 0.000000000000000000e+00 4.486910245684908038e-01 0.000000000000000000e+00 0.000000000000000000e+00 6.784368871099264453e-01 0.000000000000000000e+00 0.000000000000000000e+00 1.042944250675967364e-05 0.000000000000000000e+00 0.000000000000000000e+00 5.788780270881300344e-02 1.399490116421042707e-01 3.110757508252703918e-01 7.109595768355150280e-01 0.000000000000000000e+00 4.061621041508686053e-02 0.000000000000000000e+00 3.579024841539411028e-01 4.817441893788825501e-03 0.000000000000000000e+00 4.326874348946745941e-01 0.000000000000000000e+00 2.576536523750627139e-01 5.505346274277198582e-01 5.120000000000000000e+02 -4.976090909090908809e+01
0.000000000000000000e+00 7.096855548446855642e-03 1.737210766363438130e-01 0.000000000000000000e+00 0.000000000000000000e+00 0.000000000000000000e+00 7.816407252614089307e-01 0.000000000000000000e+00 0.000000000000000000e+00 2.956412901875078991e-01 0.000000000000000000e+00 5.474488165892784641e-01 9.984305574041130171e-01 6.833053505096843561e-02 0.000000000000000000e+00 4.209929389608796368e-01 3.932713783264161350e-02 0.000000000000000000e+00 3.343598960811135917e-02 7.791082385261098864e-01 0.000000000000000000e+00 2.393667970571723147e-01 0.000000000000000000e+00 0.000000000000000000e+00 0.000000000000000000e+00 1.000000000000000000e+00 5.241919638930538916e-01 0.000000000000000000e+00 1.965721163338092145e-02 6.797738144334856125e-01 3.560210158097125155e-01 0.000000000000000000e+00 5.120000000000000000e+02 -4.632454545454545070e+01
6.134065197149120990e-03 1.792188740538210867e-01 5.906842965247247612e-01 2.411004147646475873e-02 0.000000000000000000e+00 0.000000000000000000e+00 1.258797479931829666e-01 6.380775614811129426e-02 0.000000000000000000e+00 2.503984222653075076e-01 0.000000000000000000e+00 7.437355807833299082e-01 6.226152204713666927e-02 1.469022348365547036e-02 3.970197460360668819e-03 7.042954900155301567e-01 0.000000000000000000e+00 0.000000000000000000e+00 2.470386171398489261e-01 6.350269280441133389e-03 4.825690802204904602e-03 7.374635418414220434e-01 0.000000000000000000e+00 2.599998612005282594e-01 0.000000000000000000e+00 0.000000000000000000e+00 5.700822266895383406e-01 0.000000000000000000e+00 0.000000000000000000e+00 8.668127783643896078e-02 0.000000000000000000e+00 7.240489392507412081e-01 5.120000000000000000e+02 -4.889090909090908355e+01
0.000000000000000000e+00 4.148232163644164361e-01 2.433723067960564180e-06 0.000000000000000000e+00 1.110809341376435416e-01 0.000000000000000000e+00 1.110232759090086942e-05 0.000000000000000000e+00 0.000000000000000000e+00 0.000000000000000000e+00 3.324686796667606914e-01 1.801669624608190357e-01 8.622763328371898517e-01 1.558919687741986415e-01 1.445925246559185556e-02 2.140868152604143426e-01 0.000000000000000000e+00 0.000000000000000000e+00 1.000000000000000000e+00 4.766680220706566162e-01 0.000000000000000000e+00 8.017980179206977143e-01 7.808132468736159182e-02 5.634058056358240342e-05 7.053489117776098882e-02 9.685069722566438388e-01 0.000000000000000000e+00 3.151668554303273556e-08 0.000000000000000000e+00 0.000000000000000000e+00 2.506750532159536873e-02 1.000000000000000000e+00 5.120000000000000000e+02 -6.543636363636363740e+01
0.000000000000000000e+00 6.047956417775852689e-01 0.000000000000000000e+00 3.521754446812016843e-03 0.000000000000000000e+00 0.000000000000000000e+00 3.901926622495473507e-01 2.000164623586398252e-03 0.000000000000000000e+00 3.890964744855621715e-01 0.000000000000000000e+00 0.000000000000000000e+00 9.080100969671148770e-01 5.867219893280609978e-03 0.000000000000000000e+00 0.000000000000000000e+00 0.000000000000000000e+00 0.000000000000000000e+00 1.039586861344493913e-07 9.999878786817487653e-01 0.000000000000000000e+00 0.000000000000000000e+00 0.000000000000000000e+00 4.680520147917719385e-03 2.998802212811030876e-01 0.000000000000000000e+00 5.647444726505219427e-03 0.000000000000000000e+00 4.052187681464696212e-01 1.000000000000000000e+00 1.252697853911879022e-03 3.642046350509375613e-05 5.120000000000000000e+02 -2.181818181818181657e+00
0.000000000000000000e+00 0.000000000000000000e+00 0.000000000000000000e+00 6.438516560559379709e-01 3.244205437259123359e-02 0.000000000000000000e+00 0.000000000000000000e+00 1.000000000000000000e+00 0.000000000000000000e+00 2.786312179227318567e-02 0.000000000000000000e+00 3.861891692696511891e-01 9.732029687379301075e-01 0.000000000000000000e+00 0.000000000000000000e+00 9.810653489695739596e-03 8.492962766372194605e-03 2.789426048776458833e-01 6.713250906897683112e-01 2.918427824984540231e-01 1.234065587852007317e-04 8.807827422581569754e-02 0.000000000000000000e+00 4.571966613816082214e-02 1.587425267215861885e-02 2.411547715798322833e-01 0.000000000000000000e+00 3.428648122068832758e-03 3.168958391955215559e-01 3.529467273307227981e-01 0.000000000000000000e+00 2.077005530824461987e-01 5.120000000000000000e+02 -5.620909090909090366e+01
0.000000000000000000e+00 9.841878523295922720e-01 2.082089983757350882e-01 0.000000000000000000e+00 1.347695389792860909e-01 0.000000000000000000e+00 0.000000000000000000e+00 7.236092967864045100e-01 0.000000000000000000e+00 3.631414734293561541e-01 2.096810117014159119e-02 1.759727955485243219e-03 9.968983400047747301e-01 7.053014694933578133e-01 0.000000000000000000e+00 9.990670696085854896e-01 0.000000000000000000e+00 0.000000000000000000e+00 1.840500020139274884e-01 9.675709319120485681e-04 4.323402766660354724e-01 5.900456780952029710e-03 2.117233093306556124e-01 1.156692654187605092e-02 7.568725063986687929e-02 6.113841965019581881e-01 3.086774686100740572e-01 3.515921642695685276e-03 4.027657397628725544e-02 6.982070049110364884e-01 5.461730042418299069e-01 6.858180967104340331e-01 5.120000000000000000e+02 -6.378818181818182609e+01
0.000000000000000000e+00 0.000000000000000000e+00 4.617657836813287564e-01 0.000000000000000000e+00 2.327159983371708887e-02 0.000000000000000000e+00 6.201346786968726932e-02 7.110369356490009451e-02 0.000000000000000000e+00 0.000000000000000000e+00 4.915119731001703629e-01 1.121979772291033378e-01 1.785421738692566651e-01 3.906915935072172719e-01 0.000000000000000000e+00 6.602190469185632571e-01 0.000000000000000000e+00 0.000000000000000000e+00 1.036625885268222941e-01 4.097071120008257683e-01 0.000000000000000000e+00 0.000000000000000000e+00 0.000000000000000000e+00 0.000000000000000000e+00 1.000000000000000000e+00 0.000000000000000000e+00 0.000000000000000000e+00 0.000000000000000000e+00 8.379068067441878404e-03 3.717203207114377350e-01 1.000000000000000000e+00 0.000000000000000000e+00 5.120000000000000000e+02 -4.993909090909090054e+01
0.000000000000000000e+00 7.252596060348187428e-03 6.323677606139934682e-01 0.000000000000000000e+00 7.500770295571806967e-01 0.000000000000000000e+00 5.029036590007064655e-02 8.823914357646273077e-01 0.000000000000000000e+00 0.000000000000000000e+00 0.000000000000000000e+00 0.000000000000000000e+00 1.000000000000000000e+00 0.000000000000000000e+00 0.000000000000000000e+00 8.999450941527564751e-02 0.000000000000000000e+00 1.683177236043577156e-04 0.000000000000000000e+00 7.542586872684036159e-01 0.000000000000000000e+00 2.271929800575639424e-01 6.554496429237963717e-01 0.000000000000000000e+00 0.000000000000000000e+00 0.000000000000000000e+00 0.000000000000000000e+00 0.000000000000000000e+00 0.000000000000000000e+00 2.055328573323038643e-01 5.310544748389400133e-02 3.672377046400315814e-02 5.120000000000000000e+02 -1.276090909090909165e+01
1.369625024751463249e-01 4.131980159794357808e-03 0.000000000000000000e+00 1.774873394334035639e-03 0.000000000000000000e+00 0.000000000000000000e+00 4.473924708646704468e-02 0.000000000000000000e+00 0.000000000000000000e+00 0.000000000000000000e+00 0.000000000000000000e+00 2.729580780590867839e-01 0.000000000000000000e+00 0.000000000000000000e+00 0.000000000000000000e+00 0.000000000000000000e+00 5.583406944031384933e-01 0.000000000000000000e+00 2.313432453025749957e-01 0.000000000000000000e+00 3.225716748588653739e-03 0.000000000000000000e+00 0.000000000000000000e+00 0.000000000000000000e+00 9.878724706541885947e-01 3.165621364826098905e-01 0.000000000000000000e+00 0.000000000000000000e+00 1.324732281527996047e-01 1.000000000000000000e+00 0.000000000000000000e+00 4.502386711542611386e-01 5.120000000000000000e+02 -1.649727272727272975e+01
0.000000000000000000e+00 0.000000000000000000e+00 1.000000000000000000e+00 0.000000000000000000e+00 1.569816550414872280e-01 0.000000000000000000e+00 9.742224419816729319e-02 1.283624592537540299e-01 0.000000000000000000e+00 7.081254683295608032e-01 0.000000000000000000e+00 2.361309781178382028e-01 0.000000000000000000e+00 5.071654914348928955e-02 0.000000000000000000e+00 3.014104246368999596e-02 0.000000000000000000e+00 0.000000000000000000e+00 3.791120755242499141e-01 7.055400846459842779e-01 5.288028377534464974e-02 9.376750376821111344e-01 1.000000000000000000e+00 1.611226157526584116e-02 0.000000000000000000e+00 5.237310088507923789e-01 2.623676316324304383e-02 0.000000000000000000e+00 1.247239123265092594e-05 0.000000000000000000e+00 4.340560863615424703e-01 4.579092741645359593e-02 5.120000000000000000e+02 -5.102727272727273089e+01
4.518966246073165475e-08 6.255179073815280155e-01 0.000000000000000000e+00 0.000000000000000000e+00 9.474299353355406124e-05 0.000000000000000000e+00 0.000000000000000000e+00 1.710232656015349172e-07 0.000000000000000000e+00 1.000000000000000000e+00 4.675579786938040272e-02 0.000000000000000000e+00 1.188722436560344098e-01 1.171256809403648999e-02 0.000000000000000000e+00 0.000000000000000000e+00 0.000000000000000000e+00 0.000000000000000000e+00 9.996235306840431933e-01 0.000000000000000000e+00 7.725783280160518629e-01 1.011542702096375002e-03 4.186098709054402733e-01 0.000000000000000000e+00 0.000000000000000000e+00 1.330986132564332125e-01 0.000000000000000000e+00 0.000000000000000000e+00 0.000000000000000000e+00 9.436158550998074990e-01 4.437961358287191294e-01 3.295085484902331996e-01 5.120000000000000000e+02 -4.647272727272726911e+01
0.000000000000000000e+00 0.000000000000000000e+00 0.000000000000000000e+00 0.000000000000000000e+00 0.000000000000000000e+00 0.000000000000000000e+00 7.126601525435543039e-01 9.749120796281548484e-01 0.000000000000000000e+00 0.000000000000000000e+00 0.000000000000000000e+00 0.000000000000000000e+00 1.070231730658634389e-01 0.000000000000000000e+00 0.000000000000000000e+00 6.030695519604097887e-01 0.000000000000000000e+00 0.000000000000000000e+00 2.796108968336585843e-01 8.043555966613130659e-01 0.000000000000000000e+00 0.000000000000000000e+00 3.122597925151574527e-01 1.538181673641224601e-01 4.472640756498922482e-02 0.000000000000000000e+00 3.775586300848731702e-01 1.955154506034101902e-01 8.564584465635414201e-01 1.823838160980612022e-01 0.000000000000000000e+00 2.740276079407394372e-02 5.120000000000000000e+02 -5.537272727272727479e+01
0.000000000000000000e+00 0.000000000000000000e+00 0.000000000000000000e+00 0.000000000000000000e+00 7.263133946308991673e-01 0.000000000000000000e+00 1.292686989125161057e-01 0.000000000000000000e+00 1.725357193758314256e-01 2.211525889035553487e-05 0.000000000000000000e+00 1.198601369353875651e-01 0.000000000000000000e+00 9.959221038632115608e-01 1.758093492257413112e-02 1.179588279902312464e-01 9.737348756897074020e-01 2.674718364247945929e-02 2.468910367832947125e-08 0.000000000000000000e+00 0.000000000000000000e+00 0.000000000000000000e+00 0.000000000000000000e+00 5.451411175531702957e-01 8.628513535013837554e-02 0.000000000000000000e+00 0.000000000000000000e+00 0.000000000000000000e+00 0.000000000000000000e+00 0.000000000000000000e+00 9.952269273020745155e-01 0.000000000000000000e+00 5.120000000000000000e+02 -1.727272727272727293e+00
0.000000000000000000e+00 3.667789789456487037e-01 6.374121768561163970e-01 0.000000000000000000e+00 0.000000000000000000e+00 0.000000000000000000e+00 0.000000000000000000e+00 0.000000000000000000e+00 6.308614746166452522e-07 0.000000000000000000e+00 0.000000000000000000e+00 0.000000000000000000e+00 3.413764944102312127e-01 4.542563553215847458e-07 7.817216148287201571e-01 1.242221517814723809e-05 9.286115224175470195e-02 1.331434142107239087e-02 1.873650549205856802e-02 0.000000000000000000e+00 0.000000000000000000e+00 3.143662535897778776e-01 0.000000000000000000e+00 0.000000000000000000e+00 0.000000000000000000e+00 3.900388411279372969e-01 0.000000000000000000e+00 0.000000000000000000e+00 6.811310002476781422e-01 4.785741988193331631e-01 0.000000000000000000e+00 5.528257658626536397e-01 5.120000000000000000e+02 -2.016636363636363427e+01
0.000000000000000000e+00 0.000000000000000000e+00 0.000000000000000000e+00 0.000000000000000000e+00 0.000000000000000000e+00 0.000000000000000000e+00 0.000000000000000000e+00 0.000000000000000000e+00 3.842798562809777718e-01 0.000000000000000000e+00 8.468783041520788757e-02 2.085094094962760547e-01 0.000000000000000000e+00 0.000000000000000000e+00 0.000000000000000000e+00 0.000000000000000000e+00 2.479372884266376753e-01 0.000000000000000000e+00 0.000000000000000000e+00 5.739933031532613861e-02 0.000000000000000000e+00 3.178874744038189815e-01 0.000000000000000000e+00 0.000000000000000000e+00 0.000000000000000000e+00 5.384403141406762100e-02 0.000000000000000000e+00 0.000000000000000000e+00 0.000000000000000000e+00 0.000000000000000000e+00 0.000000000000000000e+00 0.000000000000000000e+00 5.120000000000000000e+02 -3.881818181818182389e-01
0.000000000000000000e+00 0.000000000000000000e+00 0.000000000000000000e+00 0.000000000000000000e+00 0.000000000000000000e+00 0.000000000000000000e+00 4.180067327379956565e-01 0.000000000000000000e+00 0.000000000000000000e+00 8.882253593217702692e-01 0.000000000000000000e+00 6.355501407210163711e-02 2.343562019035178301e-01 0.000000000000000000e+00 0.000000000000000000e+00 3.304320538365317361e-01 0.000000000000000000e+00 0.000000000000000000e+00 3.479968600583625005e-01 0.000000000000000000e+00 0.000000000000000000e+00 0.000000000000000000e+00 0.000000000000000000e+00 0.000000000000000000e+00 2.988021873086558755e-01 4.555760625608719638e-01 6.022220613615413276e-01 0.000000000000000000e+00 3.522246258392095625e-02 7.071250561980402249e-01 0.000000000000000000e+00 0.000000000000000000e+00 5.120000000000000000e+02 -5.163636363636363313e+01
0.000000000000000000e+00 3.287630608870649174e-01 5.510988684060631471e-01 0.000000000000000000e+00 0.000000000000000000e+00 9.854889171659031444e-01 9.394034629902175970e-01 0.000000000000000000e+00 0.000000000000000000e+00 1.158512589185588526e-01 9.858512262813833027e-02 7.796133211411702124e-01 0.000000000000000000e+00 0.000000000000000000e+00 0.000000000000000000e+00 3.494581062691113349e-01 0.000000000000000000e+00 3.080183916655394177e-03 1.630554057473823926e-01 0.000000000000000000e+00 0.000000000000000000e+00 4.955060505608817681e-03 2.838713663099697720e-02 0.000000000000000000e+00 0.000000000000000000e+00 1.000000000000000000e+00 0.000000000000000000e+00 8.020235053831828997e-01 4.341722020272735238e-01 0.000000000000000000e+00 1.970362559562283400e-01 0.000000000000000000e+00 5.120000000000000000e+02 -3.468454545454545013e+01
5.261220002673092644e-01 4.264314212643531277e-01 3.747627047928667743e-01 0.000000000000000000e+00 0.000000000000000000e+00 0.000000000000000000e+00 0.000000000000000000e+00 0.000000000000000000e+00 0.000000000000000000e+00 3.681064452732243225e-02 0.000000000000000000e+00 0.000000000000000000e+00 0.000000000000000000e+00 1.103982411305686195e-01 0.000000000000000000e+00 0.000000000000000000e+00 0.000000000000000000e+00 0.000000000000000000e+00 4.149074330777909880e-01 3.065811156415176320e-01 0.000000000000000000e+00 0.000000000000000000e+00 6.127329108277607822e-02 0.000000000000000000e+00 2.342745036642607595e-02 1.468119553409686917e-01 8.788697572679992076e-01 1.804989151003196651e-02 0.000000000000000000e+00 2.543415414501876692e-01 2.583508762031289617e-03 2.014168621570812945e-01 5.120000000000000000e+02 -3.257000000000000028e+01
0.000000000000000000e+00 0.000000000000000000e+00 0.000000000000000000e+00 0.000000000000000000e+00 0.000000000000000000e+00 1.366957705589284984e-02 0.000000000000000000e+00 0.000000000000000000e+00 6.377976366995123138e-03 0.000000000000000000e+00 0.000000000000000000e+00 0.000000000000000000e+00 3.402677927858419604e-01 0.000000000000000000e+00 0.000000000000000000e+00 0.000000000000000000e+00 0.000000000000000000e+00 0.000000000000000000e+00 0.000000000000000000e+00 0.000000000000000000e+00 0.000000000000000000e+00 1.028721833408142994e-01 0.000000000000000000e+00 0.000000000000000000e+00 0.000000000000000000e+00 0.000000000000000000e+00 9.922331723984930546e-03 0.000000000000000000e+00 0.000000000000000000e+00 0.000000000000000000e+00 1.787661256744648222e-02 0.000000000000000000e+00 5.120000000000000000e+02 -2.957272727272727497e+00
4.608035066103418620e-01 0.000000000000000000e+00 7.024828247027117833e-02 1.407691335254086459e-04 0.000000000000000000e+00 0.000000000000000000e+00 1.258231335177468213e-01 0.000000000000000000e+00 0.000000000000000000e+00 0.000000000000000000e+00 1.326113212107503294e-03 0.000000000000000000e+00 0.000000000000000000e+00 0.000000000000000000e+00 1.262144884756564479e-02 0.000000000000000000e+00 0.000000000000000000e+00 0.000000000000000000e+00 0.000000000000000000e+00 1.379660882784725651e-01 0.000000000000000000e+00 2.290929854879231869e-02 2.828956261268754380e-02 1.079577181058944280e-03 1.774053070240811866e-02 0.000000000000000000e+00 0.000000000000000000e+00 0.000000000000000000e+00 0.000000000000000000e+00 0.000000000000000000e+00 2.783370742423911248e-01 0.000000000000000000e+00 5.120000000000000000e+02 -3.666363636363636047e+00
0.000000000000000000e+00 3.938087892676054858e-01 8.362565264361025985e-01 0.000000000000000000e+00 5.379369186468781932e-05 0.000000000000000000e+00 8.541833846701797736e-05 6.392898524473433763e-01 0.000000000000000000e+00 8.402895067713267441e-02 0.000000000000000000e+00 7.587302469674087613e-01 9.017400360196875519e-01 0.000000000000000000e+00 2.072523123676906984e-02 2.705323217099232513e-01 0.000000000000000000e+00 0.000000000000000000e+00 3.887036237394880800e-01 1.857728087083616586e-01 7.821249357404504166e-03 0.000000000000000000e+00 1.578471915575943019e-01 0.000000000000000000e+00 1.425493436284831512e-03 2.564639352858710808e-01 3.393834172329196486e-01 6.655867527804303074e-02 9.064684918999763030e-02 2.628146832291980428e-01 4.992847333387303636e-06 0.000000000000000000e+00 5.120000000000000000e+02 -6.606636363636363285e+01
2.321873804099484212e-02 6.602411127800164418e-03 0.000000000000000000e+00 1.934013757068467898e-01 0.000000000000000000e+00 0.000000000000000000e+00 0.000000000000000000e+00 7.759186798069638291e-01 0.000000000000000000e+00 8.691659315139578235e-01 0.000000000000000000e+00 6.058985769375800912e-01 0.000000000000000000e+00 0.000000000000000000e+00 0.000000000000000000e+00 5.995744780630021253e-01 0.000000000000000000e+00 7.092874590366520307e-03 9.186706224698840684e-01 0.000000000000000000e+00 0.000000000000000000e+00 3.904200954875692328e-04 0.000000000000000000e+00 1.234109104360050412e-05 0.000000000000000000e+00 3.419097297180077183e-02 6.899660521535651292e-02 0.000000000000000000e+00 0.000000000000000000e+00 6.274545307026503371e-01 0.000000000000000000e+00 0.000000000000000000e+00 5.120000000000000000e+02 -5.157545454545454078e+01
0.000000000000000000e+00 1.781624530370852152e-02 7.123066972938076058e-02 0.000000000000000000e+00 1.680722239238239754e-02 0.000000000000000000e+00 1.635598830665350783e-03 4.634736789461434137e-03 3.433102526988622387e-03 2.945355430088111848e-01 0.000000000000000000e+00 8.740253976223620732e-04 3.268788717509196196e-01 0.000000000000000000e+00 1.936987746202376709e-02 5.825391031810142270e-03 8.957167068316678193e-01 0.000000000000000000e+00 2.261812965835838241e-02 1.000000000000000000e+00 4.699801801499147169e-01 0.000000000000000000e+00 2.927012723241791958e-01 0.000000000000000000e+00 3.561772266727128988e-01 9.988352808462095389e-01 3.146730244774140761e-01 9.861768946828897153e-01 8.254686467139944472e-01 7.587545703436220090e-02 1.147425722438697067e-03 0.000000000000000000e+00 5.120000000000000000e+02 -3.196363636363636473e+01
0.000000000000000000e+00 0.000000000000000000e+00 0.000000000000000000e+00 1.336777071872921885e-01 2.829568394612689414e-02 0.000000000000000000e+00 0.000000000000000000e+00 9.844065090430628717e-02 0.000000000000000000e+00 4.622578611127548531e-01 3.637714958770549289e-01 6.517238221321566827e-02 2.159963742360684613e-01 1.067290654692090862e-01 0.000000000000000000e+00 0.000000000000000000e+00 5.416271396013041528e-01 1.013311754386536229e-01 0.000000000000000000e+00 2.338233669412841077e-04 0.000000000000000000e+00 1.000000000000000000e+00 8.104581497428389736e-02 0.000000000000000000e+00 0.000000000000000000e+00 1.863065452805860445e-01 8.833292772112456559e-01 0.000000000000000000e+00 5.248884397384630945e-02 3.435161089433609871e-01 2.625838504882389568e-01 8.752799641224664473e-01 5.120000000000000000e+02 -5.915454545454545077e+00
0.000000000000000000e+00 0.000000000000000000e+00 1.000000000000000000e+00 1.595103164043223595e-02 7.599952535851308699e-01 3.831952111834150965e-01 1.683194862742087572e-01 0.000000000000000000e+00 0.000000000000000000e+00 5.267509432611858222e-02 0.000000000000000000e+00 0.000000000000000000e+00 0.000000000000000000e+00 3.371288353088119916e-01 0.000000000000000000e+00 0.000000000000000000e+00 2.875930877930624879e-02 0.000000000000000000e+00 0.000000000000000000e+00 0.000000000000000000e+00 0.000000000000000000e+00 0.000000000000000000e+00 2.026732610716673322e-01 0.000000000000000000e+00 4.726842988269020635e-03 8.822641790234085901e-01 0.000000000000000000e+00 0.000000000000000000e+00 0.000000000000000000e+00 0.000000000000000000e+00 0.000000000000000000e+00 0.000000000000000000e+00 5.120000000000000000e+02 -1.818181818181818232e-01
0.000000000000000000e+00 0.000000000000000000e+00 3.314903218424649078e-01 0.000000000000000000e+00 0.000000000000000000e+00 0.000000000000000000e+00 4.027677912215851808e-03 0.000000000000000000e+00 0.000000000000000000e+00 2.329285379201889890e-03 0.000000000000000000e+00 3.410661487098304301e-02 1.103246447875027708e-01 9.759193179059581780e-02 8.455425118657769468e-02 3.316796939663017585e-01 0.000000000000000000e+00 0.000000000000000000e+00 0.000000000000000000e+00 0.000000000000000000e+00 0.000000000000000000e+00 0.000000000000000000e+00 2.624329892836065325e-01 0.000000000000000000e+00 0.000000000000000000e+00 4.812051959201497642e-01 1.000000000000000000e+00 0.000000000000000000e+00 0.000000000000000000e+00 1.932735387140201433e-01 0.000000000000000000e+00 0.000000000000000000e+00 5.120000000000000000e+02 -1.570000000000000062e+00
1.627102689255852802e-02 1.943864465125449137e-01 9.551459082399342826e-01 0.000000000000000000e+00 1.572313337387530041e-01 0.000000000000000000e+00 8.651315627997621660e-02 7.050988680507637441e-02 0.000000000000000000e+00 2.652418109776699673e-02 1.178933107302429844e-10 2.433872096338648983e-01 5.576725636507308126e-01 2.526347712490203956e-03 1.148600764691843424e-05 2.351033709455335463e-01 2.131438983074251600e-02 3.058765191620393398e-01 3.361579666407468747e-01 3.412886782422375892e-02 6.449681578409507399e-01 5.811448068440421277e-01 4.896210576152378209e-03 0.000000000000000000e+00 0.000000000000000000e+00 0.000000000000000000e+00 5.977035284115639335e-01 0.000000000000000000e+00 0.000000000000000000e+00 0.000000000000000000e+00 4.878962154406616542e-02 4.744114210876283488e-01 5.120000000000000000e+02 -6.444818181818180847e+01
0.000000000000000000e+00 8.801487415535270975e-02 0.000000000000000000e+00 0.000000000000000000e+00 0.000000000000000000e+00 0.000000000000000000e+00 8.079165024298905484e-01 0.000000000000000000e+00 0.000000000000000000e+00 2.237831413808937658e-02 0.000000000000000000e+00 0.000000000000000000e+00 5.709430532173120909e-02 0.000000000000000000e+00 0.000000000000000000e+00 0.000000000000000000e+00 0.000000000000000000e+00 0.000000000000000000e+00 5.485860256455203920e-01 0.000000000000000000e+00 9.804815060130859239e-01 1.236943705849057606e-01 1.192158684697097737e-01 5.715109328099361452e-01 0.000000000000000000e+00 9.999708667787432503e-01 0.000000000000000000e+00 2.344410087358285433e-02 0.000000000000000000e+00 0.000000000000000000e+00 2.007994470530699571e-01 1.266115691330338688e-01 5.120000000000000000e+02 -4.280636363636363484e+01
0.000000000000000000e+00 2.163984787199747517e-01 1.353120548074422868e-06 0.000000000000000000e+00 0.000000000000000000e+00 0.000000000000000000e+00 8.599500320344577453e-02 2.345786087028748496e-02 1.336695250044409727e-02 3.143419531313677677e-03 0.000000000000000000e+00 1.666206589083825060e-02 1.000000000000000000e+00 9.740488396341636657e-01 0.000000000000000000e+00 0.000000000000000000e+00 5.263522434413828475e-06 0.000000000000000000e+00 0.000000000000000000e+00 2.338890413759305842e-01 5.627207686168749223e-01 0.000000000000000000e+00 9.665422994244815547e-02 1.752832057391300047e-01 4.309160816436856667e-01 8.578155086540933992e-04 0.000000000000000000e+00 0.000000000000000000e+00 0.000000000000000000e+00 7.427383674680265724e-01 7.431161376879685809e-01 7.915774746550743313e-01 5.120000000000000000e+02 -2.396636363636363498e+01
0.000000000000000000e+00 2.577055313131457193e-01 0.000000000000000000e+00 0.000000000000000000e+00 3.210514714956977933e-01 0.000000000000000000e+00 0.000000000000000000e+00 0.000000000000000000e+00 6.865944510951936530e-02 0.000000000000000000e+00 0.000000000000000000e+00 0.000000000000000000e+00 1.000000000000000000e+00 6.700976297015267535e-01 0.000000000000000000e+00 5.924692980553553784e-02 0.000000000000000000e+00 2.835261866428617772e-01 0.000000000000000000e+00 0.000000000000000000e+00 0.000000000000000000e+00 1.000000000000000000e+00 6.584291599127882755e-01 0.000000000000000000e+00 0.000000000000000000e+00 0.000000000000000000e+00 0.000000000000000000e+00 0.000000000000000000e+00 0.000000000000000000e+00 4.911374307085487612e-01 0.000000000000000000e+00 0.000000000000000000e+00 5.120000000000000000e+02 -1.297272727272727133e+00
0.000000000000000000e+00 4.245753680033316491e-02 5.201666391620343166e-01 0.000000000000000000e+00 2.613913357662795214e-02 0.000000000000000000e+00 1.000000000000000000e+00 0.000000000000000000e+00 0.000000000000000000e+00 0.000000000000000000e+00 0.000000000000000000e+00 1.099733150939589954e-01 2.496660057883836464e-02 7.081453650238416148e-05 0.000000000000000000e+00 5.423119079981086887e-01 8.007789340330834647e-06 0.000000000000000000e+00 0.000000000000000000e+00 0.000000000000000000e+00 0.000000000000000000e+00 1.272558259287116800e-01 0.000000000000000000e+00 0.000000000000000000e+00 1.704484787193602802e-01 0.000000000000000000e+00 4.843262975020488081e-01 0.000000000000000000e+00 0.000000000000000000e+00 6.241230428694685001e-02 3.044349587851686856e-01 0.000000000000000000e+00 5.120000000000000000e+02 -6.206363636363636971e+00
0.000000000000000000e+00 6.373271014573825832e-01 1.587116266995182157e-01 0.000000000000000000e+00 1.834662060691738816e-01 0.000000000000000000e+00 4.571870389152096203e-01 2.418134373586323504e-03 0.000000000000000000e+00 7.888399736610597346e-01 1.192085487090481094e-01 1.253712985971354034e-06 1.000000000000000000e+00 0.000000000000000000e+00 0.000000000000000000e+00 4.361948314832685814e-05 1.476769182143958248e-01 5.523835559467909009e-03 1.000000000000000000e+00 3.580616039122736516e-01 0.000000000000000000e+00 2.399331994267897838e-01 0.000000000000000000e+00 4.096996206345389282e-05 0.000000000000000000e+00 7.875338177411537188e-01 3.623227106805608222e-01 3.776416189545537211e-06 1.736382066109912747e-01 9.719033314891137865e-01 6.551517241292897199e-10 9.760671171075005405e-05 5.120000000000000000e+02 -5.460636363636364621e+01
2.635310366283699982e-02 0.000000000000000000e+00 7.891310237265719563e-01 0.000000000000000000e+00 0.000000000000000000e+00 0.000000000000000000e+00 9.982931546375745091e-01 1.085913886528605127e-01 0.000000000000000000e+00 8.669565405262441571e-01 2.234605602276392156e-01 1.632773733064953915e-03 0.000000000000000000e+00 4.708048068594158919e-01 0.000000000000000000e+00 0.000000000000000000e+00 0.000000000000000000e+00 0.000000000000000000e+00 0.000000000000000000e+00 2.916404552899995797e-02 0.000000000000000000e+00 0.000000000000000000e+00 0.000000000000000000e+00 4.565968791008762628e-01 0.000000000000000000e+00 3.540333527664448754e-01 0.000000000000000000e+00 0.000000000000000000e+00 0.000000000000000000e+00 3.186275148174634864e-01 0.000000000000000000e+00 0.000000000000000000e+00 5.120000000000000000e+02 -9.454545454545454364e-01
0.000000000000000000e+00 0.000000000000000000e+00 5.487766383788686975e-01 0.000000000000000000e+00 6.633416632577144867e-01 0.000000000000000000e+00 0.000000000000000000e+00 0.000000000000000000e+00 0.000000000000000000e+00 4.037175602885963999e-01 4.967575104974549238e-01 0.000000000000000000e+00 2.652477302050115782e-01 5.532863446203241109e-01 3.219732177008254948e-04 4.036702185822134414e-02 0.000000000000000000e+00 0.000000000000000000e+00 5.948419545944949594e-01 9.444452009507781076e-01 0.000000000000000000e+00 4.574580016159992546e-01 2.522766753793912464e-01 2.352254457737741056e-01 1.550726548159362395e-01 2.189425964669316771e-01 0.000000000000000000e+00 2.475927101793025109e-01 2.366488185618263046e-02 4.605660787488452534e-01 4.965319544275696440e-01 4.449858940818512965e-02 5.120000000000000000e+02 -5.484545454545454390e+01
0.000000000000000000e+00 0.000000000000000000e+00 1.000000000000000000e+00 0.000000000000000000e+00 0.000000000000000000e+00 0.000000000000000000e+00 8.412456496005434881e-01 1.876041495541977758e-02 0.000000000000000000e+00 3.231998324519665400e-01 0.000000000000000000e+00 1.173071781201602687e-01 5.190135693809004622e-07 3.592384206687712633e-02 3.432599612084605845e-01 3.866984486441373198e-05 0.000000000000000000e+00 3.398728297838419232e-01 1.000000000000000000e+00 1.324279226633776618e-01 0.000000000000000000e+00 2.497402189179327714e-02 9.841241938146357837e-01 0.000000000000000000e+00 3.647393632549218029e-02 4.028729055362058353e-04 0.000000000000000000e+00 1.421429310766713361e-01 7.496483251064174624e-02 6.099321471648045528e-02 0.000000000000000000e+00 7.431593852064585226e-01 5.120000000000000000e+02 -3.015454545454545965e+01
0.000000000000000000e+00 0.000000000000000000e+00 8.481247643153719262e-02 0.000000000000000000e+00 0.000000000000000000e+00 0.000000000000000000e+00 0.000000000000000000e+00 0.000000000000000000e+00 0.000000000000000000e+00 0.000000000000000000e+00 0.000000000000000000e+00 0.000000000000000000e+00 0.000000000000000000e+00 0.000000000000000000e+00 0.000000000000000000e+00 1.638565261628446013e-01 1.092262860330769220e-02 0.000000000000000000e+00 9.425764129437089744e-01 1.153863626992117086e-01 0.000000000000000000e+00 2.216323018634668851e-01 1.031555215449965306e-02 9.109843392366037129e-01 0.000000000000000000e+00 0.000000000000000000e+00 3.643959672965391139e-01 0.000000000000000000e+00 4.589170486584105528e-03 0.000000000000000000e+00 1.616673325212694412e-01 0.000000000000000000e+00 5.120000000000000000e+02 -4.200272727272727025e+01
5.285223330151243015e-01 1.000000000000000000e+00 0.000000000000000000e+00 0.000000000000000000e+00 4.304508275597141997e-01 0.000000000000000000e+00 0.000000000000000000e+00 0.000000000000000000e+00 0.000000000000000000e+00 0.000000000000000000e+00 0.000000000000000000e+00 1.500594227240099332e-01 1.435739265324742220e-01 0.000000000000000000e+00 0.000000000000000000e+00 0.000000000000000000e+00 0.000000000000000000e+00 0.000000000000000000e+00 4.222766937777516078e-02 5.287357418215166138e-01 5.898360635538874193e-03 0.000000000000000000e+00 0.000000000000000000e+00 0.000000000000000000e+00 4.352546016743210622e-01 6.225885871049977593e-01 2.450090160886303492e-02 0.000000000000000000e+00 0.000000000000000000e+00 2.608303863355965757e-01 5.218663672334571124e-02 0.000000000000000000e+00 5.120000000000000000e+02 -3.683636363636363598e+01
2.071026594675663430e-03 1.369031052570658809e-05 7.732410036027227707e-02 0.000000000000000000e+00 0.000000000000000000e+00 0.000000000000000000e+00 2.705470086442596581e-02 0.000000000000000000e+00 0.000000000000000000e+00 9.515894180832741300e-01 3.104297995098911911e-01 1.001989115608241249e-01 0.000000000000000000e+00 3.027731619432869059e-01 0.000000000000000000e+00 2.981379507651457650e-01 1.445281917202453827e-03 0.000000000000000000e+00 0.000000000000000000e+00 1.000000000000000000e+00 4.722629234183958573e-03 0.000000000000000000e+00 2.569749688379418529e-01 0.000000000000000000e+00 6.255434745596583079e-01 3.579416113735066352e-02 1.299200498708455312e-03 0.000000000000000000e+00 3.955531093667173925e-01 0.000000000000000000e+00 0.000000000000000000e+00 0.000000000000000000e+00 5.120000000000000000e+02 -1.818181818181818121e+00
0.000000000000000000e+00 7.269963180458328782e-04 7.619555067769788748e-01 0.000000000000000000e+00 6.703715759624216952e-01 0.000000000000000000e+00 7.969547256330199447e-01 3.176359517266404975e-01 0.000000000000000000e+00 6.846410861472577991e-03 9.716267645344925374e-02 0.000000000000000000e+00 3.131098429545293160e-01 4.093784005138625948e-01 0.000000000000000000e+00 0.000000000000000000e+00 7.817705578597195643e-03 6.014341787010034635e-01 1.257845983052240380e-01 2.434654177495070015e-02 0.000000000000000000e+00 0.000000000000000000e+00 5.517296501993630004e-02 0.000000000000000000e+00 2.029526424932152906e-02 0.000000000000000000e+00 2.179218396965893270e-02 0.000000000000000000e+00 3.335010012292705661e-01 0.000000000000000000e+00 8.302187726934504575e-01 4.838892668915475981e-01 5.120000000000000000e+02 -4.336999999999999744e+01
0.000000000000000000e+00 0.000000000000000000e+00 9.700578721222515854e-01 0.000000000000000000e+00 0.000000000000000000e+00 0.000000000000000000e+00 0.000000000000000000e+00 9.783239069099459728e-01 0.000000000000000000e+00 4.358750578633809880e-01 0.000000000000000000e+00 0.000000000000000000e+00 0.000000000000000000e+00 0.000000000000000000e+00 0.000000000000000000e+00 0.000000000000000000e+00 0.000000000000000000e+00 3.077495938926516628e-01 9.592342857251270893e-02 0.000000000000000000e+00 0.000000000000000000e+00 0.000000000000000000e+00 3.255680159870736889e-01 0.000000000000000000e+00 0.000000000000000000e+00 5.764321070853234419e-01 0.000000000000000000e+00 0.000000000000000000e+00 1.000000000000000000e+00 0.000000000000000000e+00 0.000000000000000000e+00 0.000000000000000000e+00 5.120000000000000000e+02 -3.019999999999999929e+01
6.653258483467342117e-03 0.000000000000000000e+00 0.000000000000000000e+00 9.631437030348690212e-03 0.000000000000000000e+00 0.000000000000000000e+00 0.000000000000000000e+00 1.255648424230296385e-02 0.000000000000000000e+00 6.532544352917292983e-03 0.000000000000000000e+00 4.160311711259011558e-01 0.000000000000000000e+00 9.457361911668589471e-02 0.000000000000000000e+00 0.000000000000000000e+00 0.000000000000000000e+00 0.000000000000000000e+00 9.855510088813563829e-01 2.437993267918320273e-01 8.151605116820509478e-01 5.697275458643689117e-01 0.000000000000000000e+00 0.000000000000000000e+00 0.000000000000000000e+00 7.918715355953926949e-01 4.303787013926711480e-01 1.115128493960611082e-02 0.000000000000000000e+00 2.455595776186421386e-01 8.730382546133912125e-02 4.488767804794625005e-01 5.120000000000000000e+02 -3.384818181818181415e+01
0.000000000000000000e+00 0.000000000000000000e+00 0.000000000000000000e+00 0.000000000000000000e+00 0.000000000000000000e+00 0.000000000000000000e+00 0.000000000000000000e+00 0.000000000000000000e+00 0.000000000000000000e+00 0.000000000000000000e+00 5.086711578617625351e-01 0.000000000000000000e+00 8.980310076048071688e-02 0.000000000000000000e+00 0.000000000000000000e+00 0.000000000000000000e+00 4.873069038558180792e-03 0.000000000000000000e+00 0.000000000000000000e+00 5.476097549700965905e-02 0.000000000000000000e+00 8.663231341321889559e-03 0.000000000000000000e+00 0.000000000000000000e+00 0.000000000000000000e+00 0.000000000000000000e+00 1.147755488049771871e-01 9.688994251403504343e-02 0.000000000000000000e+00 5.572467374247023209e-01 0.000000000000000000e+00 0.000000000000000000e+00 5.120000000000000000e+02 -2.157272727272726787e+00
0.000000000000000000e+00 0.000000000000000000e+00 9.938568597142761751e-01 0.000000000000000000e+00 6.833723856814472031e-02 3.653915132972131441e-01 0.000000000000000000e+00 6.808008157406363337e-01 0.000000000000000000e+00 0.000000000000000000e+00 0.000000000000000000e+00 6.893039386639348010e-01 9.476752426160920751e-04 1.270817555478894818e-07 0.000000000000000000e+00 0.000000000000000000e+00 0.000000000000000000e+00 0.000000000000000000e+00 1.179270845474993432e-04 0.000000000000000000e+00 6.405720525335910631e-01 0.000000000000000000e+00 1.000000000000000000e+00 0.000000000000000000e+00 0.000000000000000000e+00 8.296131759172313824e-01 7.972083640416135486e-01 9.468437705368636451e-03 0.000000000000000000e+00 1.000000000000000000e+00 0.000000000000000000e+00 7.276100387423151475e-03 5.120000000000000000e+02 -5.188181818181818450e+00
0.000000000000000000e+00 0.000000000000000000e+00 0.000000000000000000e+00 0.000000000000000000e+00 0.000000000000000000e+00 2.016480741719214875e-03 2.500229944634025370e-01 2.668247526287795268e-01 0.000000000000000000e+00 0.000000000000000000e+00 0.000000000000000000e+00 0.000000000000000000e+00 0.000000000000000000e+00 0.000000000000000000e+00 0.000000000000000000e+00 1.058427755053691355e-01 0.000000000000000000e+00 0.000000000000000000e+00 0.000000000000000000e+00 0.000000000000000000e+00 0.000000000000000000e+00 0.000000000000000000e+00 1.235651811716211024e-02 0.000000000000000000e+00 0.000000000000000000e+00 0.000000000000000000e+00 0.000000000000000000e+00 0.000000000000000000e+00 0.000000000000000000e+00 2.845447259594172662e-01 1.144522529461632909e-01 6.404146804616011046e-01 5.120000000000000000e+02 -1.629999999999999893e+00
0.000000000000000000e+00 6.001453666529242836e-01 0.000000000000000000e+00 0.000000000000000000e+00 0.000000000000000000e+00 0.000000000000000000e+00 0.000000000000000000e+00 0.000000000000000000e+00 0.000000000000000000e+00 2.404066483350530692e-01 3.202877626936836419e-01 6.972726905906494188e-02 0.000000000000000000e+00 0.000000000000000000e+00 0.000000000000000000e+00 4.470560857483401457e-02 0.000000000000000000e+00 0.000000000000000000e+00 0.000000000000000000e+00 3.209790997345580293e-02 0.000000000000000000e+00 0.000000000000000000e+00 0.000000000000000000e+00 1.188923791380231895e-03 0.000000000000000000e+00 2.127453892426250937e-01 0.000000000000000000e+00 0.000000000000000000e+00 0.000000000000000000e+00 0.000000000000000000e+00 0.000000000000000000e+00 4.721533921468915040e-02 5.120000000000000000e+02 -2.109090909090908905e+00
0.000000000000000000e+00 3.617212654445955272e-02 3.372824546660905254e-01 7.041864516266911345e-01 0.000000000000000000e+00 0.000000000000000000e+00 3.103287910790151344e-02 2.107165411974378788e-01 0.000000000000000000e+00 8.235070667607755635e-01 9.497738479074617740e-05 3.153935032924570477e-04 7.482348335461982414e-01 1.037028430748430420e-04 3.387785595975041364e-01 0.000000000000000000e+00 2.293454827048291636e-02 8.768373200075417484e-03 3.929331859725725962e-01 9.995338033907005260e-01 0.000000000000000000e+00 6.491820378119056434e-01 2.806061278748364987e-02 2.213666310996613429e-01 0.000000000000000000e+00 9.685889248251179362e-01 1.363938952455772714e-02 0.000000000000000000e+00 5.260729437207110892e-02 4.212990651108766138e-01 7.251342993016053340e-01 4.101615729142020772e-01 5.120000000000000000e+02 -5.283909090909089912e+01
0.000000000000000000e+00 0.000000000000000000e+00 2.513472692422088410e-05 0.000000000000000000e+00 0.000000000000000000e+00 1.515806865472637231e-02 0.000000000000000000e+00 1.379732985121841504e-01 2.444453920248395359e-03 4.560092836089813667e-03 0.000000000000000000e+00 0.000000000000000000e+00 2.367365670565219418e-02 7.871656038334979844e-01 0.000000000000000000e+00 0.000000000000000000e+00 0.000000000000000000e+00 0.000000000000000000e+00 1.074419373403857902e-01 0.000000000000000000e+00 0.000000000000000000e+00 0.000000000000000000e+00 5.663900082057358176e-01 0.000000000000000000e+00 0.000000000000000000e+00 2.684297026338190034e-02 9.479203282905305228e-01 0.000000000000000000e+00 0.000000000000000000e+00 0.000000000000000000e+00 9.673181954588543074e-02 0.000000000000000000e+00 5.120000000000000000e+02 -3.592454545454545922e+01
0.000000000000000000e+00 3.448648141634875607e-05 9.220322140983263637e-01 8.480289994069608542e-04 6.323929434889576442e-03 6.265806137023479869e-03 1.304036343849121760e-01 5.405514632875321746e-03 0.000000000000000000e+00 9.881484804553948287e-01 2.700324496359488569e-01 0.000000000000000000e+00 5.349417579921358357e-01 0.000000000000000000e+00 0.000000000000000000e+00 0.000000000000000000e+00 4.595636681983221797e-03 5.873167218740696881e-03 1.084019605786222743e-05 0.000000000000000000e+00 4.170112063272282121e-01 3.362564589129853343e-01 0.000000000000000000e+00 0.000000000000000000e+00 9.555850120754098009e-01 0.000000000000000000e+00 5.011403218534342743e-03 0.000000000000000000e+00 8.336200212191129111e-02 9.215532383795080884e-01 8.983756830086934986e-02 0.000000000000000000e+00 5.120000000000000000e+02 -1.867272727272727195e+01
7.611458263292568069e-03 9.942125461360907801e-01 8.932181865556929612e-01 0.000000000000000000e+00 1.971973563595519618e-01 0.000000000000000000e+00 4.557890079895680069e-01 0.000000000000000000e+00 0.000000000000000000e+00 9.944606552299625202e-01 6.195202861628364838e-02 5.816638177815329769e-01 7.843756251683202674e-01 9.999994639837040955e-01 0.000000000000000000e+00 0.000000000000000000e+00 1.000000000000000000e+00 6.114014722165331955e-03 8.135106616859857920e-02 0.000000000000000000e+00 8.242001382935388865e-01 9.796089752373843274e-01 6.473684628936646202e-02 8.407745028133532068e-04 4.309484215176160316e-01 8.478113497213163319e-01 0.000000000000000000e+00 0.000000000000000000e+00 0.000000000000000000e+00 8.956027370945481847e-01 2.928022854347664058e-02 6.454791440163505367e-01 5.120000000000000000e+02 -4.508818181818182325e+01
0.000000000000000000e+00 0.000000000000000000e+00 0.000000000000000000e+00 0.000000000000000000e+00 0.000000000000000000e+00 1.389145809748955655e-03 0.000000000000000000e+00 1.285284724782910781e-01 0.000000000000000000e+00 0.000000000000000000e+00 4.288351237360610302e-02 3.214493017591707469e-01 1.312430919044719948e-03 0.000000000000000000e+00 0.000000000000000000e+00 6.309606649688304092e-02 1.803261612105882747e-02 4.890247706309788778e-01 0.000000000000000000e+00 0.000000000000000000e+00 0.000000000000000000e+00 0.000000000000000000e+00 1.505645198573918667e-02 0.000000000000000000e+00 0.000000000000000000e+00 9.476049987611208092e-01 0.000000000000000000e+00 0.000000000000000000e+00 0.000000000000000000e+00 0.000000000000000000e+00 0.000000000000000000e+00 2.037373543391347852e-01 5.120000000000000000e+02 -5.090909090909090384e-01
4.041642403645445865e-03 0.000000000000000000e+00 6.860580210920531607e-01 0.000000000000000000e+00 1.061548534981019420e-01 0.000000000000000000e+00 3.010427381438134931e-01 0.000000000000000000e+00 1.600980271302860844e-02 0.000000000000000000e+00 0.000000000000000000e+00 9.858627456497908934e-03 0.000000000000000000e+00 0.000000000000000000e+00 0.000000000000000000e+00 2.927567136315749607e-01 0.000000000000000000e+00 0.000000000000000000e+00 0.000000000000000000e+00 3.493412549849568838e-01 0.000000000000000000e+00 0.000000000000000000e+00 0.000000000000000000e+00 6.193220595338610156e-03 0.000000000000000000e+00 0.000000000000000000e+00 0.000000000000000000e+00 3.297369785214480757e-03 5.586864161445079290e-04 0.000000000000000000e+00 0.000000000000000000e+00 0.000000000000000000e+00 5.120000000000000000e+02 -5.545454545454545636e-01
0.000000000000000000e+00 0.000000000000000000e+00 1.213916248606258623e-02 0.000000000000000000e+00 0.000000000000000000e+00 7.445770050577397159e-01 9.382262620480843474e-01 0.000000000000000000e+00 0.000000000000000000e+00 0.000000000000000000e+00 0.000000000000000000e+00 2.289546549320288504e-01 1.563224907226784359e-03 3.461349697819865456e-01 0.000000000000000000e+00 0.000000000000000000e+00 0.000000000000000000e+00 0.000000000000000000e+00 3.805968034983052695e-01 2.312186840269065125e-01 0.000000000000000000e+00 0.000000000000000000e+00 0.000000000000000000e+00 0.000000000000000000e+00 0.000000000000000000e+00 0.000000000000000000e+00 0.000000000000000000e+00 0.000000000000000000e+00 0.000000000000000000e+00 0.000000000000000000e+00 9.541712447743776471e-01 2.500399775383690404e-01 5.120000000000000000e+02 -2.391545454545454419e+01
3.400648883089457120e-01 3.653408699858904374e-01 0.000000000000000000e+00 0.000000000000000000e+00 2.091436695774313292e-01 0.000000000000000000e+00 0.000000000000000000e+00 0.000000000000000000e+00 0.000000000000000000e+00 0.000000000000000000e+00 0.000000000000000000e+00 9.890079783882724795e-01 4.669669323993373422e-01 4.071393020468645485e-01 0.000000000000000000e+00 1.840763351191681760e-02 0.000000000000000000e+00 0.000000000000000000e+00 9.757716813064541972e-01 3.850362673652275025e-01 0.000000000000000000e+00 0.000000000000000000e+00 0.000000000000000000e+00 0.000000000000000000e+00 0.000000000000000000e+00 6.770832279202324555e-01 0.000000000000000000e+00 0.000000000000000000e+00 0.000000000000000000e+00 1.771106289618632201e-01 6.751074826873900703e-01 0.000000000000000000e+00 5.120000000000000000e+02 -5.029090909090909634e+01
2.717835217760450339e-03 9.532692421149158157e-01 0.000000000000000000e+00 0.000000000000000000e+00 0.000000000000000000e+00 2.430274509123541427e-01 1.148212164984025764e-02 7.007663687526269891e-01 3.669123293750429782e-01 9.967774519303412850e-01 0.000000000000000000e+00 7.839047380359551176e-03 7.715284172807763685e-01 1.577164371703141110e-01 0.000000000000000000e+00 5.138612350112523597e-01 2.985963794850173825e-01 0.000000000000000000e+00 2.245128026123432707e-01 6.026779324793918313e-01 0.000000000000000000e+00 3.818340674862745754e-01 0.000000000000000000e+00 0.000000000000000000e+00 0.000000000000000000e+00 9.373268659388483970e-01 9.928098520806649674e-01 0.000000000000000000e+00 3.514881254880131080e-04 0.000000000000000000e+00 1.000000000000000000e+00 0.000000000000000000e+00 5.120000000000000000e+02 -6.389090909090908355e+01
1.730215886190902535e-07 3.445148577133327894e-01 0.000000000000000000e+00 0.000000000000000000e+00 7.066404089833871333e-03 0.000000000000000000e+00 1.191974246160249218e-01 0.000000000000000000e+00 0.000000000000000000e+00 7.575564093969443524e-01 0.000000000000000000e+00 0.000000000000000000e+00 0.000000000000000000e+00 3.656263215885876550e-01 0.000000000000000000e+00 0.000000000000000000e+00 5.889270813149612843e-02 8.237082253889610461e-03 9.441698948982573114e-01 5.829054065208902902e-01 0.000000000000000000e+00 1.333973999806271071e-01 0.000000000000000000e+00 0.000000000000000000e+00 0.000000000000000000e+00 7.667454774559574471e-01 0.000000000000000000e+00 2.676141359702876033e-01 0.000000000000000000e+00 0.000000000000000000e+00 1.622667504768358360e-01 0.000000000000000000e+00 5.120000000000000000e+02 -2.592727272727272592e+01
0.000000000000000000e+00 5.918201481361053118e-02 0.000000000000000000e+00 0.000000000000000000e+00 0.000000000000000000e+00 0.000000000000000000e+00 0.000000000000000000e+00 0.000000000000000000e+00 0.000000000000000000e+00 4.641693195104112935e-02 6.515084491615282317e-03 5.177391471559978069e-04 5.633933868463050221e-01 0.000000000000000000e+00 0.000000000000000000e+00 4.160204266723108169e-01 0.000000000000000000e+00 0.000000000000000000e+00 2.314474722593832801e-01 0.000000000000000000e+00 0.000000000000000000e+00 0.000000000000000000e+00 0.000000000000000000e+00 0.000000000000000000e+00 0.000000000000000000e+00 0.000000000000000000e+00 0.000000000000000000e+00 0.000000000000000000e+00 0.000000000000000000e+00 1.948828670620212505e-02 4.489996587609071388e-01 0.000000000000000000e+00 5.120000000000000000e+02 -6.024818181818181273e+01
0.000000000000000000e+00 0.000000000000000000e+00 4.272839044101199579e-02 1.167099848164192821e-01 5.252680158805855815e-01 0.000000000000000000e+00 0.000000000000000000e+00 0.000000000000000000e+00 2.028546305318776610e-01 0.000000000000000000e+00 0.000000000000000000e+00 1.000000000000000000e+00 4.734135611648634251e-02 0.000000000000000000e+00 0.000000000000000000e+00 9.730644272655296634e-01 0.000000000000000000e+00 0.000000000000000000e+00 0.000000000000000000e+00 0.000000000000000000e+00 2.177892191550428180e-01 0.000000000000000000e+00 0.000000000000000000e+00 0.000000000000000000e+00 0.000000000000000000e+00 0.000000000000000000e+00 0.000000000000000000e+00 0.000000000000000000e+00 3.650462180376501942e-01 0.000000000000000000e+00 0.000000000000000000e+00 0.000000000000000000e+00 5.120000000000000000e+02 -1.158818181818181792e+01
0.000000000000000000e+00 0.000000000000000000e+00 6.099034625358581985e-02 0.000000000000000000e+00 0.000000000000000000e+00 0.000000000000000000e+00 5.471058919145413979e-01 0.000000000000000000e+00 0.000000000000000000e+00 8.638249301731096286e-02 0.000000000000000000e+00 0.000000000000000000e+00 0.000000000000000000e+00 0.000000000000000000e+00 2.182365632036114278e-01 2.656444189709691872e-01 0.000000000000000000e+00 0.000000000000000000e+00 0.000000000000000000e+00 0.000000000000000000e+00 0.000000000000000000e+00 4.350555991806257516e-01 0.000000000000000000e+00 0.000000000000000000e+00 0.000000000000000000e+00 5.552053981004648198e-02 0.000000000000000000e+00 0.000000000000000000e+00 0.000000000000000000e+00 7.480622538825447421e-02 8.656925345856467668e-01 0.000000000000000000e+00 5.120000000000000000e+02 -2.575454545454545219e+00
0.000000000000000000e+00 2.492987024155788878e-01 9.761767130688950855e-01 0.000000000000000000e+00 5.920059398959531816e-02 2.338504233358721374e-01 0.000000000000000000e+00 2.290489451881181360e-01 5.960540305974267039e-02 3.359719142796515658e-04 0.000000000000000000e+00 0.000000000000000000e+00 0.000000000000000000e+00 1.000000000000000000e+00 0.000000000000000000e+00 1.028909218564631745e-01 0.000000000000000000e+00 2.355474298963423918e-02 8.934991521890787991e-02 0.000000000000000000e+00 9.477753240228897758e-02 1.171512714597359867e-01 2.898183753394335468e-02 3.525830217813206713e-01 0.000000000000000000e+00 0.000000000000000000e+00 0.000000000000000000e+00 0.000000000000000000e+00 0.000000000000000000e+00 1.347308312028086263e-01 6.833556572618937341e-01 0.000000000000000000e+00 5.120000000000000000e+02 -4.871818181818181870e+01
0.000000000000000000e+00 4.542671915442517139e-01 2.787759133106832432e-01 5.681860481954111551e-03 0.000000000000000000e+00 0.000000000000000000e+00 0.000000000000000000e+00 3.833729144230451635e-01 0.000000000000000000e+00 7.956535729333076568e-02 0.000000000000000000e+00 4.229874246217587008e-01 0.000000000000000000e+00 8.575883536334844015e-02 0.000000000000000000e+00 7.263891615527812498e-03 1.682074041480967341e-02 0.000000000000000000e+00 0.000000000000000000e+00 3.390568984145819753e-01 0.000000000000000000e+00 0.000000000000000000e+00 0.000000000000000000e+00 0.000000000000000000e+00 0.000000000000000000e+00 0.000000000000000000e+00 0.000000000000000000e+00 5.705510520900242133e-01 0.000000000000000000e+00 3.273824472019061793e-01 2.544721036572441530e-01 7.713920427731523199e-01 5.120000000000000000e+02 -4.799999999999999822e+00
0.000000000000000000e+00 3.640762504591093379e-02 1.000000000000000000e+00 5.241881540327585076e-02 0.000000000000000000e+00 0.000000000000000000e+00 0.000000000000000000e+00 1.040589004719272119e-02 0.000000000000000000e+00 1.456994744691005594e-01 0.000000000000000000e+00 9.781288036741260239e-01 6.820738803023934649e-01 3.431780689925942873e-01 0.000000000000000000e+00 1.000000000000000000e+00 0.000000000000000000e+00 0.000000000000000000e+00 4.973166119792041817e-01 5.473325238652390068e-01 0.000000000000000000e+00 2.223040855628784507e-01 9.028999153102760244e-01 0.000000000000000000e+00 1.893042935087342338e-01 0.000000000000000000e+00 5.113456046251830811e-01 0.000000000000000000e+00 0.000000000000000000e+00 4.778107700909696443e-02 0.000000000000000000e+00 7.158393875131238704e-02 5.120000000000000000e+02 -6.813636363636364024e+01
0.000000000000000000e+00 5.288159911711485250e-01 3.645872405440291897e-01 0.000000000000000000e+00 3.898006060826987845e-03 0.000000000000000000e+00 4.059765461639752062e-07 7.218863431198752068e-01 0.000000000000000000e+00 0.000000000000000000e+00 0.000000000000000000e+00 0.000000000000000000e+00 3.750879384247472425e-08 4.964180715131558813e-02 4.160728082376808357e-01 1.000000000000000000e+00 3.573743396988616206e-01 0.000000000000000000e+00 8.669892730732395858e-01 3.133525316190882704e-01 0.000000000000000000e+00 1.948769193536548650e-01 0.000000000000000000e+00 1.424076364331527342e-07 0.000000000000000000e+00 0.000000000000000000e+00 3.006715248469515878e-02 0.000000000000000000e+00 6.546375623897143781e-01 0.000000000000000000e+00 6.022870840201703397e-04 9.950790653552458176e-01 5.120000000000000000e+02 -6.626999999999999602e+01
3.102500447989241517e-01 0.000000000000000000e+00 1.974194696716510128e-02 0.000000000000000000e+00 3.083746142444745986e-01 0.000000000000000000e+00 3.959784836942111669e-02 6.504470005273584876e-01 0.000000000000000000e+00 1.896929714548681659e-02 2.947803775220734779e-01 0.000000000000000000e+00 0.000000000000000000e+00 0.000000000000000000e+00 0.000000000000000000e+00 0.000000000000000000e+00 3.914021368992826044e-01 6.967083978134868023e-03 0.000000000000000000e+00 0.000000000000000000e+00 0.000000000000000000e+00 0.000000000000000000e+00 0.000000000000000000e+00 0.000000000000000000e+00 0.000000000000000000e+00 3.548421632160473349e-01 3.124319788158773092e-01 0.000000000000000000e+00 0.000000000000000000e+00 0.000000000000000000e+00 0.000000000000000000e+00 0.000000000000000000e+00 5.120000000000000000e+02 -1.454545454545454752e-01
0.000000000000000000e+00 0.000000000000000000e+00 4.384370226791387548e-01 1.710921037108809051e-01 0.000000000000000000e+00 0.000000000000000000e+00 0.000000000000000000e+00 4.132386092406453715e-01 0.000000000000000000e+00 0.000000000000000000e+00 0.000000000000000000e+00 0.000000000000000000e+00 0.000000000000000000e+00 0.000000000000000000e+00 0.000000000000000000e+00 0.000000000000000000e+00 0.000000000000000000e+00 8.250920729800932385e-01 1.524085983276459279e-04 1.462811112041609019e-01 0.000000000000000000e+00 8.574028905267920830e-01 0.000000000000000000e+00 0.000000000000000000e+00 0.000000000000000000e+00 6.903206276924379881e-02 0.000000000000000000e+00 0.000000000000000000e+00 0.000000000000000000e+00 1.242969687114491295e-01 4.712672628709682621e-02 0.000000000000000000e+00 5.120000000000000000e+02 -2.581818181818181568e+00
0.000000000000000000e+00 0.000000000000000000e+00 2.423488765759206631e-01 0.000000000000000000e+00 0.000000000000000000e+00 0.000000000000000000e+00 0.000000000000000000e+00 0.000000000000000000e+00 0.000000000000000000e+00 0.000000000000000000e+00 0.000000000000000000e+00 3.134430023194369475e-01 0.000000000000000000e+00 9.878000148201868114e-02 0.000000000000000000e+00 0.000000000000000000e+00 0.000000000000000000e+00 0.000000000000000000e+00 0.000000000000000000e+00 0.000000000000000000e+00 0.000000000000000000e+00 1.777466981704224069e-01 0.000000000000000000e+00 0.000000000000000000e+00 0.000000000000000000e+00 0.000000000000000000e+00 0.000000000000000000e+00 0.000000000000000000e+00 1.225164850687809545e-02 0.000000000000000000e+00 0.000000000000000000e+00 0.000000000000000000e+00 5.120000000000000000e+02 -4.000000000000000222e-01
0.000000000000000000e+00 3.491800177363457020e-02 2.143290598822631884e-02 0.000000000000000000e+00 0.000000000000000000e+00 3.478362226126611723e-01 0.000000000000000000e+00 0.000000000000000000e+00 0.000000000000000000e+00 9.792928912179956757e-01 0.000000000000000000e+00 3.733456722160904961e-02 1.000000000000000000e+00 0.000000000000000000e+00 0.000000000000000000e+00 0.000000000000000000e+00 9.991271567407432608e-01 0.000000000000000000e+00 9.299111649396675505e-02 0.000000000000000000e+00 0.000000000000000000e+00 0.000000000000000000e+00 0.000000000000000000e+00 0.000000000000000000e+00 0.000000000000000000e+00 0.000000000000000000e+00 0.000000000000000000e+00 0.000000000000000000e+00 5.403267757315058928e-01 0.000000000000000000e+00 5.273989578900187096e-03 0.000000000000000000e+00 5.120000000000000000e+02 -3.223363636363637141e+01
5.068199238421756524e-04 0.000000000000000000e+00 0.000000000000000000e+00 0.000000000000000000e+00 0.000000000000000000e+00 0.000000000000000000e+00 0.000000000000000000e+00 9.995634264804668101e-01 0.000000000000000000e+00 0.000000000000000000e+00 8.573256520141976367e-01 0.000000000000000000e+00 0.000000000000000000e+00 3.724609630875361788e-01 0.000000000000000000e+00 0.000000000000000000e+00 0.000000000000000000e+00 0.000000000000000000e+00 9.332051656180353483e-01 0.000000000000000000e+00 0.000000000000000000e+00 0.000000000000000000e+00 0.000000000000000000e+00 0.000000000000000000e+00 0.000000000000000000e+00 3.502971562298451969e-01 0.000000000000000000e+00 4.246644109611468765e-01 0.000000000000000000e+00 0.000000000000000000e+00 0.000000000000000000e+00 0.000000000000000000e+00 5.120000000000000000e+02 -1.885454545454545539e+01
0.000000000000000000e+00 3.633001205589681537e-01 3.432262721094054121e-05 0.000000000000000000e+00 0.000000000000000000e+00 0.000000000000000000e+00 0.000000000000000000e+00 0.000000000000000000e+00 0.000000000000000000e+00 6.874703162227218875e-03 1.342573981469777356e-01 6.629443586872695304e-01 8.514204963866879305e-01 5.584901464916193214e-01 3.878280578014617341e-02 0.000000000000000000e+00 5.487768192305787496e-01 9.990831758831660858e-01 0.000000000000000000e+00 8.517439196533532764e-01 4.471402571322802277e-02 1.696308509561423872e-01 4.391257518623396111e-02 0.000000000000000000e+00 0.000000000000000000e+00 8.907495148382085781e-03 0.000000000000000000e+00 0.000000000000000000e+00 0.000000000000000000e+00 1.271940908327758857e-01 0.000000000000000000e+00 1.092358849744522707e-02 5.120000000000000000e+02 -2.741545454545455129e+01
0.000000000000000000e+00 0.000000000000000000e+00 0.000000000000000000e+00 0.000000000000000000e+00 6.960270034603205369e-02 2.412625504298620549e-01 1.124600137074226736e-01 0.000000000000000000e+00 0.000000000000000000e+00 0.000000000000000000e+00 0.000000000000000000e+00 2.166891713423789445e-01 7.884471453844389410e-01 0.000000000000000000e+00 0.000000000000000000e+00 3.952417164477075584e-01 0.000000000000000000e+00 0.000000000000000000e+00 0.000000000000000000e+00 0.000000000000000000e+00 0.000000000000000000e+00 0.000000000000000000e+00 0.000000000000000000e+00 0.000000000000000000e+00 0.000000000000000000e+00 0.000000000000000000e+00 0.000000000000000000e+00 0.000000000000000000e+00 0.000000000000000000e+00 4.908356443655034207e-01 0.000000000000000000e+00 0.000000000000000000e+00 5.120000000000000000e+02 -5.090909090909090384e-01
3.461740315805539314e-03 2.834978976203772483e-03 5.145366588607980241e-03 2.381026075737535663e-03 3.020733147581000644e-03 5.722600753263251683e-03 1.517187133101116636e-03 4.304141911730008374e-02 8.780321539507141004e-04 5.529543543976556119e-03 1.804315971934089546e-03 4.907203825297135058e-03 5.849529504110217992e-03 3.493679819772332884e-03 5.116232962087934322e-01 3.698736825014647955e-03 5.488609987854609074e-03 3.930930782872321672e-03 1.793288202645793028e-03 9.991782243865302560e-01 1.528574325133463807e-01 2.673623209206554829e-03 2.930002145572707661e-03 1.781662083963742038e-03 3.523868681321529195e-02 3.253833060537604238e-01 1.964478108893386032e-03 3.416050989959118489e-03 1.004186666076545276e-03 7.255845766775391725e-01 3.676393792789389714e-03 8.819622757184841788e-03 5.120000000000000000e+02 -7.263636363636362780e+00
0.000000000000000000e+00 3.928616829023478529e-01 4.959303613977735226e-01 2.207748307087613882e-01 0.000000000000000000e+00 0.000000000000000000e+00 5.976655921220358492e-01 4.417806390092455793e-01 5.172813363090116414e-04 1.857564508915205196e-04 0.000000000000000000e+00 0.000000000000000000e+00 1.986087239065825183e-01 3.664583788749189996e-01 1.441468250529963011e-02 2.534836404485409922e-01 2.174008845672384740e-02 3.818516006782812083e-02 0.000000000000000000e+00 9.808742895680848672e-01 2.128599799297994366e-01 0.000000000000000000e+00 6.605455169308435126e-01 0.000000000000000000e+00 0.000000000000000000e+00 3.363482559312763187e-01 7.999993532398029517e-02 0.000000000000000000e+00 0.000000000000000000e+00 9.678368763376645756e-01 1.840804059219209865e-01 5.482375408163535357e-03 5.120000000000000000e+02 -3.703909090909090196e+01
3.793041643413479908e-02 0.000000000000000000e+00 0.000000000000000000e+00 0.000000000000000000e+00 0.000000000000000000e+00 0.000000000000000000e+00 9.656993416308689016e-01 1.670864425961432129e-02 0.000000000000000000e+00 0.000000000000000000e+00 0.000000000000000000e+00 0.000000000000000000e+00 3.312949120111544077e-01 8.551240164353031067e-03 9.042808516509733658e-07 7.144916364528258734e-01 3.953753163717057227e-03 0.000000000000000000e+00 0.000000000000000000e+00 0.000000000000000000e+00 0.000000000000000000e+00 0.000000000000000000e+00 0.000000000000000000e+00 0.000000000000000000e+00 0.000000000000000000e+00 8.378721890627647273e-01 0.000000000000000000e+00 0.000000000000000000e+00 0.000000000000000000e+00 0.000000000000000000e+00 0.000000000000000000e+00 4.527426027929492003e-01 5.120000000000000000e+02 -3.818181818181818343e-01
0.000000000000000000e+00 7.828453814949273282e-01 9.798960003235765992e-01 0.000000000000000000e+00 6.762640051592195833e-01 0.000000000000000000e+00 0.000000000000000000e+00 6.644133243211216566e-01 0.000000000000000000e+00 1.331964972146826819e-02 4.507279754346721313e-05 8.062402786054040371e-01 3.289984584471826734e-01 1.510152854954046886e-01 1.330777146137633316e-01 1.065743268097492369e-01 4.557111344237569361e-01 0.000000000000000000e+00 1.591572682819219695e-02 9.351427823415504603e-01 6.802681408964988963e-01 8.795427043892301011e-01 3.472762346142929668e-01 0.000000000000000000e+00 0.000000000000000000e+00 6.217354801267110627e-05 0.000000000000000000e+00 0.000000000000000000e+00 0.000000000000000000e+00 1.596885843346650818e-02 7.386482500737299173e-01 8.402765730259182941e-01 5.120000000000000000e+02 -4.391818181818182154e+01
0.000000000000000000e+00 4.018597985793563763e-09 2.626730024971932198e-01 0.000000000000000000e+00 1.828765449924004416e-01 0.000000000000000000e+00 3.493913176512854490e-01 0.000000000000000000e+00 0.000000000000000000e+00 1.627138936334495412e-01 0.000000000000000000e+00 0.000000000000000000e+00 9.945863327657537001e-01 4.878638973328434103e-01 0.000000000000000000e+00 3.931429158313193284e-01 0.000000000000000000e+00 0.000000000000000000e+00 7.905648609618945444e-02 0.000000000000000000e+00 9.762904093841794778e-03 4.969557632789987633e-01 6.283392761578510122e-01 1.121809464265911071e-08 0.000000000000000000e+00 9.539555770005943292e-02 8.429118403527575687e-01 1.665430797578105730e-05 5.325927973622672784e-01 9.765632911560606297e-03 0.000000000000000000e+00 7.482803652876064086e-04 5.120000000000000000e+02 -4.660636363636363200e+01
5.226338414208164806e-01 6.598330653352260100e-01 1.486834728512854628e-02 0.000000000000000000e+00 2.375161211030544367e-02 0.000000000000000000e+00 3.125649706061094796e-02 0.000000000000000000e+00 0.000000000000000000e+00 4.147357199692803809e-01 0.000000000000000000e+00 0.000000000000000000e+00 3.406849179595520193e-04 8.554110484686109350e-01 1.000000000000000000e+00 0.000000000000000000e+00 1.686821353305263393e-01 0.000000000000000000e+00 0.000000000000000000e+00 5.694162185691481470e-01 8.995365132100299199e-01 6.437865000527369652e-01 9.405298841969755852e-01 9.750290085846152754e-02 3.652730363405844866e-02 0.000000000000000000e+00 9.624442809572832935e-01 0.000000000000000000e+00 0.000000000000000000e+00 0.000000000000000000e+00 0.000000000000000000e+00 1.000000000000000000e+00 5.120000000000000000e+02 -1.229727272727272869e+01
4.780259716921752555e-01 0.000000000000000000e+00 1.056040709241314827e-03 0.000000000000000000e+00 3.516083635294101617e-01 0.000000000000000000e+00 3.360146093440138167e-04 9.797844273420890371e-01 0.000000000000000000e+00 0.000000000000000000e+00 0.000000000000000000e+00 0.000000000000000000e+00 1.780211095300256174e-01 5.939869160642617940e-01 0.000000000000000000e+00 9.596116615759870960e-01 0.000000000000000000e+00 0.000000000000000000e+00 0.000000000000000000e+00 8.046875102800310953e-05 5.184376684096717591e-01 1.488028236898064904e-01 7.947230549944350048e-03 9.999951077104263231e-01 2.134396781913143470e-01 0.000000000000000000e+00 4.390557856375726375e-02 9.410620423524680422e-01 7.487237978304081510e-05 5.573351121583070000e-02 0.000000000000000000e+00 0.000000000000000000e+00 5.120000000000000000e+02 -2.216363636363636402e+01
0.000000000000000000e+00 7.764735145765185864e-01 4.500615913379257260e-01 0.000000000000000000e+00 8.215505159685051462e-01 8.773187098919022278e-03 7.893992332921101474e-01 7.648691273548767766e-01 0.000000000000000000e+00 4.812060791340696912e-03 1.010010102700082124e-01 0.000000000000000000e+00 3.794986378109464070e-02 0.000000000000000000e+00 0.000000000000000000e+00 5.918474199952288295e-01 1.000000000000000000e+00 0.000000000000000000e+00 0.000000000000000000e+00 4.655978036308884849e-01 5.740231449385006096e-02 1.811747651398200668e-02 9.433198614535872606e-01 9.396828743949954266e-01 8.974492419192088288e-01 9.989696185724817878e-01 8.567667596504319194e-01 0.000000000000000000e+00 2.429683080010063001e-01 1.585367255422953925e-01 1.000000000000000000e+00 8.349577579704898778e-01 5.120000000000000000e+02 -2.403636363636363527e+01
7.422552508419154593e-01 0.000000000000000000e+00 0.000000000000000000e+00 1.355430604462459776e-01 3.705870990575581558e-01 0.000000000000000000e+00 0.000000000000000000e+00 2.217479679088003863e-01 0.000000000000000000e+00 0.000000000000000000e+00 5.848110308677284541e-01 0.000000000000000000e+00 8.038203555428160563e-01 1.747777398478603955e-04 2.285373346610875336e-02 0.000000000000000000e+00 0.000000000000000000e+00 1.793771931529534458e-01 3.504808951930106220e-01 9.808301502879273048e-01 0.000000000000000000e+00 0.000000000000000000e+00 1.519449830219638019e-03 0.000000000000000000e+00 0.000000000000000000e+00 7.193972974817458566e-01 0.000000000000000000e+00 0.000000000000000000e+00 1.749919855495771573e-02 7.258079830125069298e-01 9.128470382588202078e-04 8.268960340440679735e-01 5.120000000000000000e+02 -4.295181818181818301e+01
2.944832782291271784e-03 9.995680192541575582e-02 0.000000000000000000e+00 0.000000000000000000e+00 9.244632263254098925e-01 0.000000000000000000e+00 0.000000000000000000e+00 0.000000000000000000e+00 0.000000000000000000e+00 5.812881680002863760e-01 0.000000000000000000e+00 3.808659249865520985e-02 0.000000000000000000e+00 1.843809888803253916e-01 0.000000000000000000e+00 1.000000000000000000e+00 1.612685895412292787e-05 0.000000000000000000e+00 0.000000000000000000e+00 5.784183983680920432e-02 1.000000000000000000e+00 4.128672510314325694e-01 1.812971122363909310e-02 6.288068196730866033e-01 0.000000000000000000e+00 4.835682194145641296e-04 5.835601017542999536e-01 8.544111949841627293e-06 0.000000000000000000e+00 0.000000000000000000e+00 0.000000000000000000e+00 6.099353528960803628e-01 5.120000000000000000e+02 -2.085454545454545539e+01
9.100477256718725316e-03 0.000000000000000000e+00 0.000000000000000000e+00 2.861615323193657523e-01 1.881405416847068551e-02 0.000000000000000000e+00 0.000000000000000000e+00 0.000000000000000000e+00 0.000000000000000000e+00 0.000000000000000000e+00 1.141295413366382044e-01 0.000000000000000000e+00 0.000000000000000000e+00 0.000000000000000000e+00 0.000000000000000000e+00 0.000000000000000000e+00 0.000000000000000000e+00 0.000000000000000000e+00 0.000000000000000000e+00 4.599734356297721094e-01 0.000000000000000000e+00 0.000000000000000000e+00 0.000000000000000000e+00 0.000000000000000000e+00 0.000000000000000000e+00 0.000000000000000000e+00 0.000000000000000000e+00 0.000000000000000000e+00 0.000000000000000000e+00 0.000000000000000000e+00 3.448267524482296342e-01 0.000000000000000000e+00 5.120000000000000000e+02 -4.545454545454545303e-01
2.503939654320958552e-01 1.000000000000000000e+00 2.257993459829344199e-02 0.000000000000000000e+00 0.000000000000000000e+00 2.381099038352845191e-06 0.000000000000000000e+00 0.000000000000000000e+00 0.000000000000000000e+00 9.999174826283525608e-01 0.000000000000000000e+00 2.999480693172655310e-01 3.297288544872435390e-01 1.196850175114565033e-02 2.050056298668715435e-04 5.085225427995655467e-01 8.067747222869833812e-05 0.000000000000000000e+00 3.963534096714597110e-01 0.000000000000000000e+00 0.000000000000000000e+00 0.000000000000000000e+00 1.000000000000000000e+00 0.000000000000000000e+00 0.000000000000000000e+00 4.612354202120258484e-01 6.936227093516210418e-02 0.000000000000000000e+00 4.177600237449068804e-02 1.258235372536011532e-01 6.546749984589491644e-01 0.000000000000000000e+00 5.120000000000000000e+02 -4.925454545454545041e+01
9.859255413400408452e-01 0.000000000000000000e+00 1.000000000000000000e+00 0.000000000000000000e+00 6.342834330156540412e-01 0.000000000000000000e+00 0.000000000000000000e+00 0.000000000000000000e+00 0.000000000000000000e+00 6.255880455931493722e-02 0.000000000000000000e+00 0.000000000000000000e+00 1.860582696988898332e-01 1.567959892477261974e-01 0.000000000000000000e+00 0.000000000000000000e+00 1.000000000000000000e+00 0.000000000000000000e+00 0.000000000000000000e+00 7.332267416273960947e-01 0.000000000000000000e+00 5.274290791438396298e-01 0.000000000000000000e+00 0.000000000000000000e+00 0.000000000000000000e+00 2.286365741496559911e-01 0.000000000000000000e+00 0.000000000000000000e+00 0.000000000000000000e+00 9.711341007180332996e-01 0.000000000000000000e+00 0.000000000000000000e+00 5.120000000000000000e+02 -2.602727272727272556e+00
0.000000000000000000e+00 4.790224747111483938e-01 1.779153644634167905e-02 0.000000000000000000e+00 1.828737238738262910e-02 0.000000000000000000e+00 0.000000000000000000e+00 2.762910584174417816e-01 0.000000000000000000e+00 0.000000000000000000e+00 3.415261701960273927e-04 2.530815354159851593e-01 0.000000000000000000e+00 7.512176658506272142e-01 0.000000000000000000e+00 0.000000000000000000e+00 1.420932098392763965e-01 0.000000000000000000e+00 0.000000000000000000e+00 1.542583107139704202e-02 2.218868029211208126e-01 4.407526050295270115e-01 0.000000000000000000e+00 0.000000000000000000e+00 1.000000000000000000e+00 0.000000000000000000e+00 1.076141459912097753e-01 0.000000000000000000e+00 0.000000000000000000e+00 5.012008183897798119e-02 1.109594010466606780e-02 3.940941875058588950e-01 5.120000000000000000e+02 -1.073000000000000043e+01
0.000000000000000000e+00 6.581060228906224219e-02 1.000000000000000000e+00 0.000000000000000000e+00 0.000000000000000000e+00 0.000000000000000000e+00 0.000000000000000000e+00 3.547891153858859781e-01 3.105321011043085844e-06 8.103448182022747748e-01 0.000000000000000000e+00 2.275832775309596379e-01 3.837048793529223445e-05 0.000000000000000000e+00 0.000000000000000000e+00 5.306852496899297673e-03 0.000000000000000000e+00 0.000000000000000000e+00 0.000000000000000000e+00 4.539269971720601426e-01 3.512634234347690732e-01 1.000000000000000000e+00 2.230975029875191806e-01 0.000000000000000000e+00 0.000000000000000000e+00 5.373983049825873382e-01 3.770529860275239065e-01 0.000000000000000000e+00 3.141600978527871457e-01 0.000000000000000000e+00 0.000000000000000000e+00 1.000000000000000000e+00 5.120000000000000000e+02 -1.569999999999999929e+01
0.000000000000000000e+00 1.000000000000000000e+00 0.000000000000000000e+00 0.000000000000000000e+00 9.163475745921345617e-01 0.000000000000000000e+00 0.000000000000000000e+00 8.119517747418897313e-01 0.000000000000000000e+00 0.000000000000000000e+00 0.000000000000000000e+00 0.000000000000000000e+00 0.000000000000000000e+00 0.000000000000000000e+00 0.000000000000000000e+00 0.000000000000000000e+00 0.000000000000000000e+00 0.000000000000000000e+00 0.000000000000000000e+00 0.000000000000000000e+00 0.000000000000000000e+00 0.000000000000000000e+00 7.486897036633735625e-02 0.000000000000000000e+00 0.000000000000000000e+00 3.529662634681370870e-01 0.000000000000000000e+00 0.000000000000000000e+00 0.000000000000000000e+00 0.000000000000000000e+00 8.162884414375756181e-01 0.000000000000000000e+00 5.120000000000000000e+02 -6.545454545454544304e-01
0.000000000000000000e+00 0.000000000000000000e+00 4.127612183329300577e-01 0.000000000000000000e+00 3.644083863759265286e-03 2.642483449834059896e-06 3.365107118811013209e-01 7.577832590188150474e-01 0.000000000000000000e+00 2.938210444310471736e-01 0.000000000000000000e+00 1.000000000000000000e+00 6.053896481148171027e-01 2.617406167904036129e-01 0.000000000000000000e+00 8.894830386011101098e-01 3.408291093184485088e-01 0.000000000000000000e+00 0.000000000000000000e+00 9.892467596420357889e-01 0.000000000000000000e+00 9.263070040303474917e-01 3.805216003155624527e-02 0.000000000000000000e+00 0.000000000000000000e+00 1.000000000000000000e+00 0.000000000000000000e+00 0.000000000000000000e+00 6.133349999172182931e-01 7.917319705515635415e-04 3.396867862848855779e-01 3.942334189126560640e-01 5.120000000000000000e+02 -2.143636363636363384e+01
0.000000000000000000e+00 0.000000000000000000e+00 7.012234665179400972e-01 0.000000000000000000e+00 2.897431596329076015e-02 0.000000000000000000e+00 3.062181143111407725e-02 8.038182327509018066e-01 0.000000000000000000e+00 0.000000000000000000e+00 0.000000000000000000e+00 0.000000000000000000e+00 8.443219244944132756e-03 5.489765003016514600e-01 5.917348832961489309e-06 4.749002267114972309e-01 7.750896164137124345e-01 2.710288002755962267e-01 4.951023559064445800e-01 0.000000000000000000e+00 0.000000000000000000e+00 0.000000000000000000e+00 0.000000000000000000e+00 0.000000000000000000e+00 0.000000000000000000e+00 4.308401301054618493e-01 3.170557645276790570e-02 0.000000000000000000e+00 0.000000000000000000e+00 3.773742904623304112e-02 4.492266078518888234e-02 9.841530845712191944e-01 5.120000000000000000e+02 -4.426090909090908809e+01
0.000000000000000000e+00 1.704783586283650934e-06 1.000000000000000000e+00 1.680165181856198934e-05 2.720168605937265949e-01 0.000000000000000000e+00 6.157930781983902424e-01 2.155521254263742959e-03 0.000000000000000000e+00 0.000000000000000000e+00 1.659128427062520408e-02 8.035881631723430785e-02 9.405775591880458641e-01 3.325753512768882258e-02 0.000000000000000000e+00 9.555955027872631291e-01 0.000000000000000000e+00 0.000000000000000000e+00 1.364054900882698540e-01 1.000000000000000000e+00 0.000000000000000000e+00 7.389188002059852156e-01 0.000000000000000000e+00 0.000000000000000000e+00 0.000000000000000000e+00 6.907087228586328287e-01 2.071273872521723625e-01 0.000000000000000000e+00 1.103579460802215327e-02 1.000000000000000000e+00 9.830766810138764633e-01 6.568525565478454675e-01 5.120000000000000000e+02 -5.797545454545453936e+01
0.000000000000000000e+00 3.532119386756887303e-01 8.614417554094628837e-01 0.000000000000000000e+00 3.758409893294706872e-01 0.000000000000000000e+00 8.730743992277333332e-01 3.283148041150754648e-01 0.000000000000000000e+00 1.346501942631538051e-01 0.000000000000000000e+00 1.275978130660556931e-01 6.089855293340955544e-01 8.825058998540968869e-01 0.000000000000000000e+00 2.966732197735713061e-01 1.482771998648095002e-01 0.000000000000000000e+00 9.202212916210885663e-01 8.555215910543636504e-01 6.781538640654424887e-08 3.105536704139557624e-01 0.000000000000000000e+00 1.824882535456580704e-02 1.874307334028386118e-01 8.523228261091825297e-01 2.010318218329006871e-03 1.496766438990793646e-01 3.365249918656978566e-04 1.000000000000000000e+00 7.429895091393822204e-01 3.224442509932717305e-01 5.120000000000000000e+02 -6.890272727272726172e+01
6.609302921123691443e-02 4.797146951955395984e-03 8.632312104004117304e-01 0.000000000000000000e+00 3.697802342131392694e-02 0.000000000000000000e+00 4.801850185050303942e-03 9.932132686089317763e-01 7.433426250157879636e-13 1.086542983615897268e-01 0.000000000000000000e+00 8.063977223130803784e-01 9.999990813472039441e-01 0.000000000000000000e+00 9.214648653855038289e-06 0.000000000000000000e+00 0.000000000000000000e+00 0.000000000000000000e+00 4.483839905510316193e-01 9.985681720516299542e-01 0.000000000000000000e+00 0.000000000000000000e+00 0.000000000000000000e+00 8.197300669105157076e-07 6.395591014741267566e-01 2.884044324701297013e-01 3.927980427826642806e-01 0.000000000000000000e+00 0.000000000000000000e+00 1.598872943601603811e-05 0.000000000000000000e+00 0.000000000000000000e+00 5.120000000000000000e+02 -5.104272727272727650e+01
0.000000000000000000e+00 1.537110205965976917e-01 7.036187742713910787e-01 0.000000000000000000e+00 7.861383608703249870e-02 0.000000000000000000e+00 2.406383554620135645e-01 1.163351664670422489e-02 0.000000000000000000e+00 1.000000000000000000e+00 0.000000000000000000e+00 7.942801184860476260e-01 3.644464221428144191e-01 9.389404678290613759e-01 0.000000000000000000e+00 1.789929872657582480e-02 7.433913840008734564e-01 0.000000000000000000e+00 8.805488383668488295e-01 9.927083631155848575e-01 0.000000000000000000e+00 7.195736658996326751e-01 1.976142266665670832e-01 0.000000000000000000e+00 2.623886782894958858e-02 7.228167016723313631e-01 0.000000000000000000e+00 1.335512986957629045e-01 1.345290909509541943e-01 1.000000000000000000e+00 3.207196514343773619e-01 5.660692571512344617e-01 5.120000000000000000e+02 -5.503363636363637568e+01
0.000000000000000000e+00 0.000000000000000000e+00 6.840512191723221447e-01 0.000000000000000000e+00 8.215861112481978590e-02 6.500769468514268721e-07 1.564515568058514050e-01 2.885488739947982828e-01 0.000000000000000000e+00 0.000000000000000000e+00 0.000000000000000000e+00 1.245627318975690290e-01 5.443213735732341796e-01 2.202380652688961174e-02 0.000000000000000000e+00 3.669973614083313906e-01 0.000000000000000000e+00 1.649395667903227794e-05 5.105799479908869065e-01 0.000000000000000000e+00 1.800776793154946209e-01 9.785942136384734313e-01 4.269851085946280850e-02 3.339252513043077252e-05 0.000000000000000000e+00 4.978208938804312145e-01 0.000000000000000000e+00 3.327193336243325916e-01 5.471567089115164650e-01 6.416940881019363996e-01 6.933171354631507688e-01 1.965749502035748775e-01 5.120000000000000000e+02 -6.589090909090909065e+01
0.000000000000000000e+00 9.367147164860166464e-02 1.597873976528989964e-02 0.000000000000000000e+00 8.460064968024127996e-01 0.000000000000000000e+00 9.267203103802656994e-01 1.316244553806631724e-02 2.400652891361599467e-04 1.752010425433451288e-09 0.000000000000000000e+00 1.000000000000000000e+00 3.373215641484130223e-01 1.688326100264324683e-02 6.967920208762692358e-01 5.766905501420946378e-02 6.480025925157237483e-05 0.000000000000000000e+00 5.361076055347729907e-01 5.933052865668567710e-01 1.135005382698220193e-04 2.323140045987845959e-01 0.000000000000000000e+00 4.709725138304106107e-01 0.000000000000000000e+00 0.000000000000000000e+00 5.670937506568208830e-01 0.000000000000000000e+00 1.985517371818259214e-01 5.493745180474511880e-01 9.999646989285579934e-01 2.464471003507476840e-04 5.120000000000000000e+02 -5.052727272727272378e+01
0.000000000000000000e+00 0.000000000000000000e+00 4.686105899303124600e-01 0.000000000000000000e+00 1.000000000000000000e+00 0.000000000000000000e+00 3.332492172434666222e-01 9.935868228604640695e-01 0.000000000000000000e+00 8.748330024951249673e-01 3.173961484881163142e-02 1.000000000000000000e+00 3.516507373161000816e-01 6.691505711059615447e-01 1.191784416025516019e-02 9.869849722192632901e-01 4.072706119578443640e-01 6.760147197292022403e-01 0.000000000000000000e+00 1.000000000000000000e+00 1.093381286924268754e-04 3.817280197320755963e-01 9.437580576401641830e-01 0.000000000000000000e+00 0.000000000000000000e+00 4.231274433089942111e-01 1.000000000000000000e+00 1.517666698909188967e-04 4.010123717254975018e-02 1.000000000000000000e+00 5.949089115729395694e-01 1.000000000000000000e+00 5.120000000000000000e+02 -2.615181818181818230e+01
6.691266710052647948e-01 0.000000000000000000e+00 4.972278182806802449e-01 0.000000000000000000e+00 1.365958392352078499e-01 0.000000000000000000e+00 6.351754091672336955e-01 0.000000000000000000e+00 0.000000000000000000e+00 0.000000000000000000e+00 0.000000000000000000e+00 0.000000000000000000e+00 0.000000000000000000e+00 1.227799764997051513e-01 0.000000000000000000e+00 7.536281528662466811e-02 1.223932483966240076e-01 0.000000000000000000e+00 0.000000000000000000e+00 2.563844259477348047e-03 7.034569441175231308e-01 7.578058511022601751e-01 2.539787353584541801e-02 0.000000000000000000e+00 0.000000000000000000e+00 9.497383908522857299e-01 0.000000000000000000e+00 4.099509972759139975e-01 2.669591152006635659e-01 7.896843722087615314e-02 9.794974694764183587e-01 7.418130530728839211e-01 5.120000000000000000e+02 -1.614545454545454817e+01
8.335880881439527990e-02 9.604812240641922294e-01 0.000000000000000000e+00 0.000000000000000000e+00 6.834869881597851471e-01 1.486159439835908411e-02 2.576888739679446608e-02 0.000000000000000000e+00 0.000000000000000000e+00 6.305269656704962089e-02 0.000000000000000000e+00 0.000000000000000000e+00 1.000000000000000000e+00 1.632483242616768748e-01 0.000000000000000000e+00 9.962509812646509477e-01 6.447218301905714988e-01 0.000000000000000000e+00 8.296705146611973447e-01 2.458453909282849736e-03 0.000000000000000000e+00 0.000000000000000000e+00 2.485734688828031558e-01 1.224588018842490134e-02 6.037666301131054958e-01 9.056220954281417601e-01 8.032598016676930630e-01 0.000000000000000000e+00 1.013154784565348798e-01 9.181366503461000361e-01 7.038315617757936460e-01 0.000000000000000000e+00 5.120000000000000000e+02 -6.000636363636363768e+01
7.429184268420645221e-02 7.035361745414793200e-01 8.834700794771731536e-01 0.000000000000000000e+00 0.000000000000000000e+00 0.000000000000000000e+00 5.222675778114182652e-04 2.720695114188768637e-01 0.000000000000000000e+00 8.013965895277278539e-01 0.000000000000000000e+00 1.138500859042025082e-01 2.435983649098472092e-02 9.998279854346466822e-01 1.463550046887695047e-05 9.669542354507016935e-01 7.735822545785242532e-01 3.444834307568527150e-05 2.690888133262656634e-01 9.998457087578619396e-01 0.000000000000000000e+00 1.825699664311404569e-01 5.193121639501064868e-01 0.000000000000000000e+00 0.000000000000000000e+00 5.172479415555174959e-02 8.625050204873916382e-01 5.003727438368699848e-02 0.000000000000000000e+00 8.577698749785801491e-01 8.446866156038707052e-01 3.911521467531450247e-01 5.120000000000000000e+02 -5.990909090909090651e+01
0.000000000000000000e+00 3.243233011568541491e-01 6.540941199717469345e-01 0.000000000000000000e+00 1.000000000000000000e+00 0.000000000000000000e+00 9.658133847296055396e-01 9.527250249691309181e-01 0.000000000000000000e+00 7.134980165640870675e-01 0.000000000000000000e+00 5.782498824116870384e-02 4.723212039727602840e-01 0.000000000000000000e+00 0.000000000000000000e+00 3.045397110818846105e-04 1.973735449048375293e-02 2.338737685845411192e-04 4.667760363781100486e-01 2.481518476538174534e-01 7.680371865885123051e-02 0.000000000000000000e+00 3.380518314911819533e-01 0.000000000000000000e+00 2.349661085127829202e-02 7.953420452036737975e-01 3.295454922177400992e-01 0.000000000000000000e+00 4.059842810398995305e-01 8.421799323086065492e-01 1.676871851433301211e-02 2.286719662686151622e-01 5.120000000000000000e+02 -5.521818181818181870e+01
0.000000000000000000e+00 0.000000000000000000e+00 7.480370332775180264e-01 2.850511600082252135e-03 0.000000000000000000e+00 0.000000000000000000e+00 7.804096562141218940e-02 9.857875312068570262e-01 0.000000000000000000e+00 4.122945610788722264e-04 1.564753547409170563e-04 3.360985379954368243e-03 6.886084266733981663e-01 1.000000000000000000e+00 3.063896562948387192e-02 4.023881539322263778e-01 7.437789301377386586e-01 0.000000000000000000e+00 0.000000000000000000e+00 1.000000000000000000e+00 1.312574877239336690e-01 5.857717545641247803e-01 9.044885177938086773e-01 0.000000000000000000e+00 2.807339955452955852e-04 2.372742659146187538e-01 6.363047590673110987e-01 0.000000000000000000e+00 0.000000000000000000e+00 2.404571768363223186e-03 1.000000000000000000e+00 7.095796425239301805e-03 5.120000000000000000e+02 -4.692727272727272947e+01
0.000000000000000000e+00 4.380478648782835105e-01 6.014680451630883828e-01 1.171094336852367482e-02 4.593514317000122610e-02 0.000000000000000000e+00 9.999999962635155448e-01 2.525476017856873284e-06 0.000000000000000000e+00 4.666509768608266273e-01 0.000000000000000000e+00 1.740296665998430081e-01 8.256704016306424254e-01 9.111143834620480941e-01 2.594373147872261129e-02 6.474470809570086471e-01 0.000000000000000000e+00 0.000000000000000000e+00 4.789406329018920938e-01 5.411900661708950455e-01 0.000000000000000000e+00 8.490880372704899814e-01 3.526838792536927947e-02 0.000000000000000000e+00 0.000000000000000000e+00 4.660632678337430224e-01 6.759580962529041503e-01 0.000000000000000000e+00 1.038020856653242563e-01 7.392735686871790834e-01 1.000000000000000000e+00 6.716595636542258552e-01 5.120000000000000000e+02 -6.625727272727272066e+01
0.000000000000000000e+00 4.489595240363211115e-01 7.898606389556367402e-01 2.982203101968400674e-02 0.000000000000000000e+00 0.000000000000000000e+00 2.627863234165150330e-01 4.244507671642051561e-01 0.000000000000000000e+00 0.000000000000000000e+00 0.000000000000000000e+00 4.962851066394453614e-01 7.322035517866186671e-01 1.676660586941099707e-01 0.000000000000000000e+00 2.894149601848407943e-02 9.868876133744689527e-01 8.242963005703543566e-02 8.366221567410812021e-01 3.802898200409864926e-01 2.613031498680009057e-01 0.000000000000000000e+00 2.048266364309269116e-01 3.882858601209578930e-01 0.000000000000000000e+00 5.353635614066372117e-01 1.000000000000000000e+00 5.894057360842970272e-01 6.357226261008596113e-01 1.000000000000000000e+00 1.000000000000000000e+00 8.280257759427193942e-03 5.120000000000000000e+02 -5.875454545454545041e+01
0.000000000000000000e+00 2.353980087836701762e-01 2.484976774308682301e-02 0.000000000000000000e+00 8.558418483914347757e-03 0.000000000000000000e+00 6.186178294415141110e-01 9.931149824470074661e-01 0.000000000000000000e+00 8.779843132849933507e-02 0.000000000000000000e+00 2.030712629025176741e-01 3.303135820849175969e-03 1.237784648707423319e-06 0.000000000000000000e+00 8.037451155492312260e-01 6.331078953822754684e-07 3.057433602028222092e-02 1.000000000000000000e+00 1.000000000000000000e+00 0.000000000000000000e+00 0.000000000000000000e+00 5.219366673078471575e-01 0.000000000000000000e+00 0.000000000000000000e+00 0.000000000000000000e+00 9.272065131520367448e-06 0.000000000000000000e+00 5.373409271593076233e-05 2.736312268476415177e-01 9.940993845786897376e-01 0.000000000000000000e+00 5.120000000000000000e+02 -5.525727272727272066e+01
0.000000000000000000e+00 0.000000000000000000e+00 7.519859666174072551e-04 0.000000000000000000e+00 1.638232821820075416e-02 0.000000000000000000e+00 1.411673815046305125e-01 3.643257139416009038e-02 0.000000000000000000e+00 6.311086149827839220e-01 0.000000000000000000e+00 8.443582552133069852e-01 5.635628047673908458e-01 0.000000000000000000e+00 0.000000000000000000e+00 0.000000000000000000e+00 4.713120946240714204e-01 0.000000000000000000e+00 4.340543328951959601e-02 3.445026654893215134e-01 0.000000000000000000e+00 4.070100199736360058e-01 0.000000000000000000e+00 6.391226794155635905e-09 0.000000000000000000e+00 0.000000000000000000e+00 1.000000000000000000e+00 0.000000000000000000e+00 0.000000000000000000e+00 2.274663459124503725e-02 3.882758816346592035e-01 5.901154849097126620e-01 5.120000000000000000e+02 -4.384818181818181415e+01
0.000000000000000000e+00 0.000000000000000000e+00 9.204019172906543478e-01 4.664103348938852811e-01 4.518001624765075608e-01 0.000000000000000000e+00 3.074756705970667081e-01 8.770161292131557068e-03 0.000000000000000000e+00 2.091792724125220437e-01 3.518590760660494707e-07 8.512680524887482614e-01 9.684576981379522387e-01 1.532043755089239345e-01 1.360276068157347806e-01 2.014799594433402952e-01 0.000000000000000000e+00 0.000000000000000000e+00 9.782242467423189758e-02 9.999997406266766253e-01 0.000000000000000000e+00 3.705315743121956329e-01 4.867704609264419946e-01 6.402880375146578762e-02 2.665346370124656913e-03 9.999974346288771354e-01 0.000000000000000000e+00 0.000000000000000000e+00 1.406182555279396895e-01 8.336554121526175143e-01 8.078010639774864110e-01 9.217163755699872008e-01 5.120000000000000000e+02 -5.281545454545454987e+01
2.053704111485035559e-03 5.502157193141586911e-01 2.120993785355684280e-01 0.000000000000000000e+00 5.406376231796626575e-02 0.000000000000000000e+00 2.751602188640561719e-01 9.997515792758783215e-01 0.000000000000000000e+00 1.000000000000000000e+00 5.434981111217079787e-04 5.082129618645035984e-01 0.000000000000000000e+00 0.000000000000000000e+00 1.966714177933734931e-01 2.641999303664802623e-01 1.338878360289426916e-01 0.000000000000000000e+00 1.000000000000000000e+00 8.991538050367740009e-01 0.000000000000000000e+00 8.319779454434992338e-01 1.113935705724187070e-01 2.114868304382935826e-01 1.558704121467483942e-05 4.149190939977503434e-01 1.010346311016593543e-02 5.036169104837429772e-02 9.576580649414045965e-02 9.947166587091987866e-01 0.000000000000000000e+00 8.335184792424504829e-01 5.120000000000000000e+02 -6.458181818181817846e+01
2.259782652211391601e-02 7.756202875588216195e-01 6.943445212175489711e-01 2.959177691351873220e-04 0.000000000000000000e+00 5.208317187228124809e-05 0.000000000000000000e+00 1.331346414816517686e-02 0.000000000000000000e+00 1.938521823813011552e-02 0.000000000000000000e+00 5.580724585363111556e-01 3.632660427407255217e-03 5.331823583304730052e-01 1.525052244914620603e-01 7.069806465244851124e-01 7.297433705301297202e-01 0.000000000000000000e+00 7.569927345121787998e-02 8.265079299368728316e-01 5.680718428220422195e-03 8.414298885098978609e-01 5.382389123386158158e-02 6.237791525515772317e-01 1.404919720060495737e-02 9.967214963959071250e-01 0.000000000000000000e+00 4.439066095169691972e-01 0.000000000000000000e+00 7.516838368073062160e-01 1.955130365794304215e-01 5.542098396538602811e-01 5.120000000000000000e+02 -4.888454545454545297e+01
1.408961183869094844e-02 1.191020670607209203e-01 4.915102248940535212e-02 0.000000000000000000e+00 6.929240379710388531e-01 0.000000000000000000e+00 6.612659609846336384e-01 6.683307561905763583e-01 0.000000000000000000e+00 1.780327234066825526e-01 0.000000000000000000e+00 1.329267476100844982e-02 9.433903135545441687e-01 6.153478724497806196e-01 2.425235657532698839e-03 2.814117479343463679e-01 1.000000000000000000e+00 0.000000000000000000e+00 5.395217544057313575e-01 9.928025050306891197e-01 3.202151890093365288e-02 5.281543170401988840e-01 2.182500679871721139e-02 2.179878631177774306e-02 0.000000000000000000e+00 1.118151941335531890e-01 4.800599358310801978e-01 0.000000000000000000e+00 8.530183513365673376e-01 4.369117440515372097e-01 4.300396471917786734e-01 1.000000000000000000e+00 5.120000000000000000e+02 -6.516636363636362717e+01
0.000000000000000000e+00 0.000000000000000000e+00 6.800627161498415951e-01 0.000000000000000000e+00 0.000000000000000000e+00 0.000000000000000000e+00 2.136811346421867430e-01 0.000000000000000000e+00 0.000000000000000000e+00 4.875944954888564720e-01 5.684330418351789954e-02 0.000000000000000000e+00 1.000000000000000000e+00 8.733434761002546454e-01 0.000000000000000000e+00 5.048403888870542922e-01 4.539398686633843577e-02 2.985914331444491573e-02 6.318669379540590991e-02 3.230309114775608004e-01 0.000000000000000000e+00 0.000000000000000000e+00 9.087391430091005251e-01 2.843899557204977714e-06 0.000000000000000000e+00 6.720826625175480018e-01 2.433960576615381774e-02 2.657204426315022894e-06 0.000000000000000000e+00 8.867845466839833213e-01 0.000000000000000000e+00 1.000000000000000000e+00 5.120000000000000000e+02 -4.758181818181817846e+01
0.000000000000000000e+00 7.018339802939475500e-03 0.000000000000000000e+00 0.000000000000000000e+00 0.000000000000000000e+00 0.000000000000000000e+00 5.408559864169826953e-02 8.779255405820347510e-03 0.000000000000000000e+00 5.402015067700453345e-03 0.000000000000000000e+00 0.000000000000000000e+00 6.572146782603476289e-01 1.984637556932244695e-01 0.000000000000000000e+00 0.000000000000000000e+00 0.000000000000000000e+00 0.000000000000000000e+00 9.681813368012462950e-01 5.440438183704682240e-01 0.000000000000000000e+00 8.509532601011726705e-03 1.258945723969459862e-01 4.012650691057377214e-04 2.780333290893173825e-01 3.719764814019304588e-01 0.000000000000000000e+00 6.718466608652916283e-02 6.410977018764080215e-01 1.000000000000000000e+00 0.000000000000000000e+00 5.761410376822423212e-05 5.120000000000000000e+02 -4.347545454545453936e+01
0.000000000000000000e+00 3.756441171512468480e-01 9.898182529592431944e-01 0.000000000000000000e+00 1.714885494977605174e-01 0.000000000000000000e+00 4.468433184495412269e-01 8.022806849089061387e-01 0.000000000000000000e+00 8.946510852813246428e-01 0.000000000000000000e+00 0.000000000000000000e+00 1.980125592520815270e-01 9.999995122107343537e-01 0.000000000000000000e+00 1.206278016709719236e-01 0.000000000000000000e+00 3.011894630673138482e-03 4.503821355081498723e-01 0.000000000000000000e+00 0.000000000000000000e+00 8.029420891425910201e-01 0.000000000000000000e+00 3.616638751144654607e-01 4.974625070761112822e-02 3.238978373210750772e-01 8.937537930524376284e-01 0.000000000000000000e+00 1.043636520002049416e-04 0.000000000000000000e+00 8.518268089689999822e-01 2.437172683317940855e-06 5.120000000000000000e+02 -5.293363636363637426e+01
0.000000000000000000e+00 0.000000000000000000e+00 0.000000000000000000e+00 0.000000000000000000e+00 6.283379045278457697e-01 0.000000000000000000e+00 0.000000000000000000e+00 0.000000000000000000e+00 0.000000000000000000e+00 0.000000000000000000e+00 0.000000000000000000e+00 3.035096738115479129e-02 0.000000000000000000e+00 0.000000000000000000e+00 2.453354228727527564e-01 1.876996124048922743e-02 0.000000000000000000e+00 0.000000000000000000e+00 0.000000000000000000e+00 0.000000000000000000e+00 1.000000000000000000e+00 1.466417506782125846e-01 5.059333516262343178e-01 3.381319930302674748e-01 0.000000000000000000e+00 0.000000000000000000e+00 7.116906287421957428e-04 0.000000000000000000e+00 0.000000000000000000e+00 3.018052082681355053e-01 0.000000000000000000e+00 8.566258947227382015e-01 5.120000000000000000e+02 -7.060909090909091468e+00
6.097591371877512934e-02 0.000000000000000000e+00 6.328979025587974094e-01 0.000000000000000000e+00 2.362072517775822000e-02 0.000000000000000000e+00 0.000000000000000000e+00 0.000000000000000000e+00 0.000000000000000000e+00 6.112288781535125670e-01 5.674167254790615234e-01 1.123131398589618662e-01 0.000000000000000000e+00 9.968933757525973993e-01 2.663939095691572113e-04 4.871172548352792342e-01 0.000000000000000000e+00 0.000000000000000000e+00 0.000000000000000000e+00 1.563323579190482315e-01 5.064022792035816067e-02 9.354092146250568840e-01 0.000000000000000000e+00 0.000000000000000000e+00 0.000000000000000000e+00 7.161171093014983002e-01 3.138392638892480990e-01 6.756083017066603080e-01 4.355087014193536055e-01 1.000000000000000000e+00 9.624777033947905514e-01 1.070198454875791877e-01 5.120000000000000000e+02 -2.802454545454545354e+01
1.772181897903473413e-01 1.424716045318964730e-01 2.304469032733469647e-01 0.000000000000000000e+00 1.532067142645902186e-02 0.000000000000000000e+00 3.874427205329980181e-03 4.393405623725843978e-01 0.000000000000000000e+00 5.117410468626051173e-02 7.693988919191368549e-03 3.297624553570570327e-03 3.706267366246244199e-01 0.000000000000000000e+00 9.643647760513072986e-02 2.494416432641153453e-02 7.474161374063109263e-05 1.421354916296019462e-02 3.340187206032233513e-01 0.000000000000000000e+00 0.000000000000000000e+00 1.005531712201068739e-01 9.688601978960333927e-01 1.955191810688043930e-01 6.208245033654021805e-01 5.074601733147732219e-02 0.000000000000000000e+00 0.000000000000000000e+00 1.308263205113488134e-02 3.231158249536765781e-01 6.422380011756363347e-03 3.836897057441055470e-01 5.120000000000000000e+02 -4.614818181818181841e+01
0.000000000000000000e+00 0.000000000000000000e+00 0.000000000000000000e+00 0.000000000000000000e+00 0.000000000000000000e+00 0.000000000000000000e+00 2.004118357750329232e-02 6.771930019114664745e-01 0.000000000000000000e+00 0.000000000000000000e+00 0.000000000000000000e+00 2.202285491204647727e-01 6.160255431485269773e-01 6.412260703002632808e-04 9.485507920998021215e-09 0.000000000000000000e+00 0.000000000000000000e+00 0.000000000000000000e+00 1.704079180344877098e-01 3.566233078394581701e-01 0.000000000000000000e+00 0.000000000000000000e+00 3.857362496024729359e-01 0.000000000000000000e+00 0.000000000000000000e+00 0.000000000000000000e+00 9.569494912884364268e-01 0.000000000000000000e+00 0.000000000000000000e+00 1.000000000000000000e+00 0.000000000000000000e+00 1.582371530097567980e-01 5.120000000000000000e+02 -4.669363636363636516e+01
0.000000000000000000e+00 4.299107698235219432e-01 7.249331364184927740e-01 0.000000000000000000e+00 0.000000000000000000e+00 0.000000000000000000e+00 3.627634307069160791e-01 6.183825929768583466e-05 2.158931562409939259e-05 0.000000000000000000e+00 0.000000000000000000e+00 3.208458490631039828e-01 2.912156968663046630e-01 2.050614742301664906e-01 0.000000000000000000e+00 4.728398831172554440e-01 1.053609220612638023e-02 0.000000000000000000e+00 8.167538478243663302e-01 9.724379082847162126e-01 2.311980591021217946e-01 1.020499465219013302e-01 5.890719615681341281e-01 0.000000000000000000e+00 1.774079832180167733e-04 4.560313809917894701e-01 7.237005235107493717e-02 0.000000000000000000e+00 1.466143942537580791e-01 6.840907556421388369e-01 5.911832193459500890e-05 9.508317500100413877e-01 5.120000000000000000e+02 -7.029999999999999716e+01
0.000000000000000000e+00 6.289831547506323506e-02 1.000000000000000000e+00 0.000000000000000000e+00 6.202868294679761418e-02 0.000000000000000000e+00 2.648016077179443282e-04 1.161966327074868965e-01 0.000000000000000000e+00 3.667050474553830708e-01 0.000000000000000000e+00 0.000000000000000000e+00 0.000000000000000000e+00 1.117383296828032904e-02 4.820383224499546482e-01 3.516165745448968094e-01 3.240174021629561862e-02 0.000000000000000000e+00 7.095121662993000844e-02 3.812519586416813931e-06 0.000000000000000000e+00 3.344360790016119855e-01 1.502564069605939467e-01 0.000000000000000000e+00 2.272665663325795435e-02 7.989514785719969980e-01 7.419050513495258903e-01 3.200520412186660252e-02 0.000000000000000000e+00 3.718684764766259920e-02 3.778740375881510793e-01 3.290734115909262243e-03 5.120000000000000000e+02 -5.039363636363636800e+01
0.000000000000000000e+00 0.000000000000000000e+00 9.354105716091732914e-01 0.000000000000000000e+00 2.187399901450879161e-02 0.000000000000000000e+00 1.538120150423993859e-01 6.500105327409286260e-03 0.000000000000000000e+00 6.893424096621491616e-03 0.000000000000000000e+00 4.636161614759390925e-01 1.000000000000000000e+00 8.961862296037481634e-01 0.000000000000000000e+00 6.772562256683672954e-02 3.544100528918476406e-02 0.000000000000000000e+00 4.710940457254892411e-01 0.000000000000000000e+00 0.000000000000000000e+00 4.386102078198643728e-01 3.767040290416810103e-03 2.889064223196973966e-02 0.000000000000000000e+00 4.311529938959184904e-01 0.000000000000000000e+00 3.830311479111022516e-02 1.442464438038804642e-01 7.604078075510316559e-01 9.802796015858616929e-01 4.861386773585755217e-01 5.120000000000000000e+02 -5.683636363636362887e+01
5.905366302082047936e-01 5.329318660329529500e-01 3.368576648219427649e-03 1.124819404783965367e-02 2.616757912487812352e-04 0.000000000000000000e+00 2.112332472569104639e-04 3.189712871463681876e-02 0.000000000000000000e+00 9.852764819081730741e-01 0.000000000000000000e+00 8.264389155645006022e-03 4.018003995915458981e-01 3.018484735097249905e-01 2.045236356009004839e-07 6.100656245252731313e-01 0.000000000000000000e+00 4.634909406401695880e-02 1.000000000000000000e+00 9.046670182463072418e-01 4.430714718435069342e-04 8.591744856269953878e-01 6.023599943177705418e-01 0.000000000000000000e+00 0.000000000000000000e+00 8.666039957248429237e-01 7.178925449295664452e-01 0.000000000000000000e+00 8.547190960307285978e-01 2.436121526669052240e-02 1.482858629124015892e-01 1.000000000000000000e+00 5.120000000000000000e+02 -6.026090909090910230e+01
0.000000000000000000e+00 2.948970173304443776e-01 7.013286781766510103e-01 0.000000000000000000e+00 1.000000000000000000e+00 0.000000000000000000e+00 9.943538629118553462e-01 8.689658677614748861e-01 0.000000000000000000e+00 4.489710420449100070e-01 0.000000000000000000e+00 7.675614998791060462e-01 3.799782454556717426e-02 1.402573897176905282e-01 1.677837860421172445e-01 1.311224998858207024e-03 4.231742188048719100e-02 0.000000000000000000e+00 0.000000000000000000e+00 7.192032312483058742e-01 0.000000000000000000e+00 6.577802291188625944e-03 2.888254438461345108e-01 0.000000000000000000e+00 0.000000000000000000e+00 5.620910145726017992e-01 0.000000000000000000e+00 2.315266858830301311e-01 1.705165628450660831e-01 0.000000000000000000e+00 0.000000000000000000e+00 2.071940228124607725e-03 5.120000000000000000e+02 -2.942727272727273302e+00
0.000000000000000000e+00 7.471107456431328453e-01 2.022785561428543377e-01 0.000000000000000000e+00 4.389827096440493404e-01 0.000000000000000000e+00 0.000000000000000000e+00 0.000000000000000000e+00 0.000000000000000000e+00 0.000000000000000000e+00 3.236716303980029214e-05 0.000000000000000000e+00 3.457807458956617119e-01 5.983120470141510550e-02 0.000000000000000000e+00 9.752119729459542974e-01 4.501855843947037417e-01 0.000000000000000000e+00 1.839070733885619924e-02 0.000000000000000000e+00 1.566895964180907083e-02 0.000000000000000000e+00 5.087610025171844796e-01 6.668658469862713822e-01 0.000000000000000000e+00 6.806847921990307748e-01 3.399218043530264494e-02 0.000000000000000000e+00 8.921598900842510060e-01 3.904171896248956886e-01 6.978855838434969705e-01 1.000000000000000000e+00 5.120000000000000000e+02 -1.323000000000000043e+01
0.000000000000000000e+00 4.487427799384956506e-01 7.499912796465378617e-02 0.000000000000000000e+00 1.000000000000000000e+00 8.102617840415295147e-02 4.538379229361641379e-04 0.000000000000000000e+00 0.000000000000000000e+00 9.915991056161983508e-01 0.000000000000000000e+00 0.000000000000000000e+00 6.306509325114140196e-02 8.533971663117814188e-01 1.326704983821863117e-02 0.000000000000000000e+00 4.163257103378967261e-01 1.275780385637357434e-02 4.613273785650300329e-01 9.664977542969517277e-01 0.000000000000000000e+00 0.000000000000000000e+00 2.644554751933019928e-05 3.554902244274661394e-01 0.000000000000000000e+00 3.739118319363832210e-01 0.000000000000000000e+00 1.024741395973320784e-01 0.000000000000000000e+00 0.000000000000000000e+00 0.000000000000000000e+00 0.000000000000000000e+00 5.120000000000000000e+02 -2.875454545454545396e+01
0.000000000000000000e+00 2.092993871791914984e-01 2.154190867362301420e-01 0.000000000000000000e+00 3.328334480805326678e-01 2.958196834490710650e-02 3.611497619662279446e-01 2.624611173300545053e-01 0.000000000000000000e+00 3.360459470956137507e-01 0.000000000000000000e+00 4.380343334558507995e-01 9.604117314797254723e-01 2.737861510798341169e-01 0.000000000000000000e+00 6.097940028966395420e-01 0.000000000000000000e+00 3.377276283206107066e-01 2.987298801137147630e-01 1.000000000000000000e+00 8.258610220270416746e-02 9.206883302308230821e-01 4.919586042154082128e-01 0.000000000000000000e+00 0.000000000000000000e+00 9.262323899604758548e-01 4.279141372857113435e-02 1.139850325252239754e-01 0.000000000000000000e+00 5.314739084465811558e-01 5.567959517133340697e-01 3.589845333670163008e-01 5.120000000000000000e+02 -6.516363636363635692e+01
0.000000000000000000e+00 6.556645715926850970e-01 6.897843535996497355e-01 1.006540428755412359e-01 2.169160953934102243e-01 0.000000000000000000e+00 3.456244485760361917e-01 7.933843407990160204e-03 0.000000000000000000e+00 3.996179287599472829e-01 0.000000000000000000e+00 2.525429492220512828e-01 6.668016109921779400e-01 1.000000000000000000e+00 4.739941833714860220e-01 8.889431424394703130e-02 0.000000000000000000e+00 0.000000000000000000e+00 7.534003135923622585e-01 8.908706632773633061e-01 0.000000000000000000e+00 4.322756291194061462e-01 5.103427020505922895e-01 1.287006410597303641e-01 0.000000000000000000e+00 8.900312047780419844e-01 6.737413051035390232e-01 2.461155760617363408e-01 1.606751624606510623e-02 8.496733847226778380e-01 6.703468400083824053e-01 1.114552212862862240e-01 5.120000000000000000e+02 -6.076363636363637255e+01
9.687670019592679697e-04 5.034776027327988457e-01 5.037314264330936542e-01 0.000000000000000000e+00 6.277616314607084025e-01 0.000000000000000000e+00 9.836319308831656949e-01 4.490696882629730338e-03 0.000000000000000000e+00 0.000000000000000000e+00 0.000000000000000000e+00 4.240033935082363034e-04 8.559403789443061905e-01 1.260111503786788834e-05 0.000000000000000000e+00 3.728626739640657495e-01 9.786874879050631026e-01 0.000000000000000000e+00 0.000000000000000000e+00 9.418102347874036662e-01 8.330086144652628644e-01 1.735419482010720164e-03 8.587135194186028553e-01 0.000000000000000000e+00 0.000000000000000000e+00 1.000000000000000000e+00 1.775939062355731679e-01 0.000000000000000000e+00 4.076667700689485807e-01 1.219464069823367330e-01 4.352356742943548906e-01 9.782770415332798786e-01 5.120000000000000000e+02 -3.924545454545454248e+01
0.000000000000000000e+00 9.293780109651588184e-01 5.322328260539929135e-01 0.000000000000000000e+00 4.546717069618935736e-01 0.000000000000000000e+00 8.687925802564306910e-01 4.322493311868715882e-01 7.035900398412198728e-04 7.211559951868696805e-01 0.000000000000000000e+00 4.325388472041136190e-01 9.644973272927883645e-01 3.342304662629554945e-01 2.414490117250532239e-03 6.876089004865474363e-01 1.000000000000000000e+00 0.000000000000000000e+00 1.000000000000000000e+00 1.000000000000000000e+00 0.000000000000000000e+00 1.000000000000000000e+00 3.051457733584869714e-01 0.000000000000000000e+00 0.000000000000000000e+00 8.224182518479241644e-01 1.000000000000000000e+00 0.000000000000000000e+00 4.528673109489233517e-01 9.656898460374281346e-01 6.264796977135835832e-01 9.641979463066092659e-01 5.120000000000000000e+02 -6.882727272727272805e+01
3.468716746783161858e-02 0.000000000000000000e+00 4.867976898667972230e-01 0.000000000000000000e+00 6.771018882539161510e-01 0.000000000000000000e+00 9.749277280262625967e-01 0.000000000000000000e+00 0.000000000000000000e+00 1.000000000000000000e+00 5.353212767698094580e-07 6.497683631299704388e-01 2.366711189126980861e-04 5.685402242174264487e-01 7.664098923951738473e-02 0.000000000000000000e+00 0.000000000000000000e+00 3.870018173539603069e-03 7.241893819899350992e-01 4.172606859946975666e-01 0.000000000000000000e+00 0.000000000000000000e+00 1.598648953191719457e-01 5.970540821320486913e-01 0.000000000000000000e+00 3.817584988084009590e-01 0.000000000000000000e+00 2.279440057102795694e-02 9.999525436810735579e-01 9.169011598223845982e-02 9.861878732626024879e-01 1.000000000000000000e+00 5.120000000000000000e+02 -4.147545454545454646e+01
0.000000000000000000e+00 3.494832347335123379e-01 8.999405916394086517e-08 0.000000000000000000e+00 0.000000000000000000e+00 0.000000000000000000e+00 0.000000000000000000e+00 6.412453015626650155e-01 0.000000000000000000e+00 8.590025004435085654e-01 0.000000000000000000e+00 0.000000000000000000e+00 0.000000000000000000e+00 0.000000000000000000e+00 3.127856650822041784e-01 3.511969536505863965e-01 9.969971784315527774e-01 0.000000000000000000e+00 9.691711712519801569e-01 4.018880812159487080e-03 2.274141578077268350e-05 4.634128410338294590e-01 0.000000000000000000e+00 0.000000000000000000e+00 5.092367442905280095e-01 2.214414389275167969e-02 0.000000000000000000e+00 0.000000000000000000e+00 7.569656994581723808e-01 0.000000000000000000e+00 9.195329438938660838e-01 0.000000000000000000e+00 5.120000000000000000e+02 -5.786090909090909662e+01
0.000000000000000000e+00 0.000000000000000000e+00 3.676458826794520851e-01 0.000000000000000000e+00 4.292486595197267385e-02 0.000000000000000000e+00 2.489960843070931906e-02 0.000000000000000000e+00 1.726997227032698312e-01 0.000000000000000000e+00 0.000000000000000000e+00 0.000000000000000000e+00 5.155174805717860353e-01 2.412384196238814837e-01 0.000000000000000000e+00 6.710703792512654475e-01 3.287176879434001164e-01 1.822412079701189042e-02 2.383644207961469197e-01 9.090119017484964425e-01 0.000000000000000000e+00 0.000000000000000000e+00 9.483774419572099657e-01 8.530838983676427567e-01 0.000000000000000000e+00 6.622792421932439141e-06 8.749735926476190362e-02 4.666190191905881801e-01 0.000000000000000000e+00 8.651390123794830966e-01 0.000000000000000000e+00 0.000000000000000000e+00 5.120000000000000000e+02 -5.576090909090908809e+01
2.076292094899112317e-01 4.046779388495198165e-02 9.239210606099876877e-01 0.000000000000000000e+00 3.001761846025378655e-01 0.000000000000000000e+00 1.000000000000000000e+00 1.063270812222979339e-01 0.000000000000000000e+00 4.319421198028494668e-01 1.111756300395871637e-08 1.000000000000000000e+00 3.162243673707813008e-01 1.815375001492369744e-01 0.000000000000000000e+00 0.000000000000000000e+00 0.000000000000000000e+00 0.000000000000000000e+00 9.197002406048384593e-01 5.236544151051893969e-01 3.148891240119541574e-07 3.423193109152817271e-01 3.319760774509831203e-01 0.000000000000000000e+00 0.000000000000000000e+00 9.833839965843135245e-01 1.859682959613215558e-01 6.539572747755462157e-02 7.827707493464718391e-01 9.722142474736275020e-01 6.580855691854545775e-01 6.386981739645543055e-01 5.120000000000000000e+02 -4.998454545454544728e+01
3.089068984718074812e-02 6.831591034838747634e-01 4.262702361851065103e-01 2.763946765932666361e-02 2.972588446697544406e-01 0.000000000000000000e+00 4.884820034896311669e-01 8.475506471419385068e-01 0.000000000000000000e+00 1.103692745853476938e-03 0.000000000000000000e+00 4.773758497698728925e-04 8.386816599093253055e-01 2.001371201945945921e-01 0.000000000000000000e+00 7.000675046877832264e-01 0.000000000000000000e+00 6.195683981838200646e-05 8.561860316268192772e-01 9.634941745997712692e-01 3.534354514605824935e-05 5.621531333444903522e-01 1.597364983580576089e-02 0.000000000000000000e+00 1.643180501824101705e-02 3.690940702857830602e-01 4.827911117930046014e-01 0.000000000000000000e+00 6.268118693143352738e-02 9.991657524463238849e-01 6.460859937630296645e-01 9.558795482385492592e-01 5.120000000000000000e+02 -6.644818181818180847e+01
0.000000000000000000e+00 8.537940393350216262e-01 4.055686039171685908e-01 3.008611131620987991e-02 9.423420483022734162e-01 0.000000000000000000e+00 2.091973124999422506e-01 0.000000000000000000e+00 0.000000000000000000e+00 7.239640552268213902e-01 3.243161895646608228e-02 9.869399703296941606e-01 8.469735579280771587e-01 2.995951535289081979e-01 3.488924400247200158e-02 9.745186805251609963e-01 0.000000000000000000e+00 9.498914687007883884e-02 0.000000000000000000e+00 8.600542916488786993e-01 2.149632826846606115e-01 7.814379480589872529e-01 3.556880668464895145e-01 0.000000000000000000e+00 3.282387513257848527e-02 9.428425184001102410e-01 8.655044419645300247e-01 1.185156533358935754e-01 0.000000000000000000e+00 6.089596298905698424e-01 1.000000000000000000e+00 9.354829496262205835e-01 5.120000000000000000e+02 -4.697909090909090679e+01
0.000000000000000000e+00 3.446246811727043686e-04 4.444763004190241951e-01 4.601528328189289363e-01 4.032456778977603351e-01 0.000000000000000000e+00 0.000000000000000000e+00 7.009551719505193734e-01 0.000000000000000000e+00 2.126670403905544793e-01 0.000000000000000000e+00 6.337758815960414793e-01 1.000000000000000000e+00 4.560681565743709420e-01 0.000000000000000000e+00 2.050519538016431775e-01 1.322047461430123354e-04 0.000000000000000000e+00 2.078636654573170484e-01 4.844920920297950406e-01 1.435175986533341608e-01 4.910873380121024701e-01 0.000000000000000000e+00 4.978420921086123378e-06 3.430542486223072535e-02 9.981767166216375387e-01 6.937792752382336836e-01 8.648674528297293973e-07 0.000000000000000000e+00 0.000000000000000000e+00 1.000000000000000000e+00 9.081986777809344935e-02 5.120000000000000000e+02 -6.516636363636362717e+01
3.771887258540090621e-03 0.000000000000000000e+00 1.256142256568130167e-01 9.959840976228019616e-02 0.000000000000000000e+00 0.000000000000000000e+00 0.000000000000000000e+00 0.000000000000000000e+00 0.000000000000000000e+00 8.312844895929701744e-04 0.000000000000000000e+00 9.499184597271781438e-03 2.012582767189038599e-03 5.580200335985290305e-01 0.000000000000000000e+00 0.000000000000000000e+00 0.000000000000000000e+00 2.526782628078656084e-02 3.790727250815038168e-02 1.512160831002189523e-02 0.000000000000000000e+00 0.000000000000000000e+00 7.721017248345004580e-01 5.484311782646971584e-02 5.219267799313618283e-01 9.857074046456411054e-01 2.931197820683045796e-01 0.000000000000000000e+00 1.609117756058639492e-02 3.656665078583797371e-03 0.000000000000000000e+00 2.017540456859517606e-01 5.120000000000000000e+02 -1.312454545454545496e+01
0.000000000000000000e+00 0.000000000000000000e+00 2.327199583515667802e-01 0.000000000000000000e+00 0.000000000000000000e+00 0.000000000000000000e+00 0.000000000000000000e+00 2.924213625320388754e-01 0.000000000000000000e+00 2.490550964423645774e-03 5.195447334424664332e-01 0.000000000000000000e+00 5.445796668521705186e-01 0.000000000000000000e+00 0.000000000000000000e+00 0.000000000000000000e+00 3.847376189042329975e-03 0.000000000000000000e+00 0.000000000000000000e+00 4.041247100305533357e-01 1.633638477419614154e-01 0.000000000000000000e+00 5.162115241714432257e-01 4.740295647126851475e-01 0.000000000000000000e+00 4.116616507188478047e-01 0.000000000000000000e+00 0.000000000000000000e+00 9.033467262490357808e-01 6.734748754256230209e-04 1.360812981072226889e-02 9.010626490896426199e-01 5.120000000000000000e+02 -1.866090909090909022e+01
5.310209687858782335e-01 1.822490487300815754e-01 6.602832824198268113e-02 0.000000000000000000e+00 0.000000000000000000e+00 0.000000000000000000e+00 1.000000000000000000e+00 0.000000000000000000e+00 2.867158391443462017e-05 4.058849194067086497e-02 0.000000000000000000e+00 2.698305785552624347e-01 1.000000000000000000e+00 1.699698935263236066e-01 0.000000000000000000e+00 0.000000000000000000e+00 8.421118341231919047e-01 0.000000000000000000e+00 9.874014916485439608e-01 1.000000000000000000e+00 2.043228940875897737e-02 1.396892996387938124e-01 8.782837250412790508e-01 0.000000000000000000e+00 7.036470136685053500e-01 0.000000000000000000e+00 6.200000798692010262e-01 8.914560165864635621e-01 8.770540943627767871e-02 0.000000000000000000e+00 0.000000000000000000e+00 0.000000000000000000e+00 5.120000000000000000e+02 -5.576090909090908809e+01
0.000000000000000000e+00 5.405567673467580325e-02 1.062241199774528050e-01 0.000000000000000000e+00 0.000000000000000000e+00 0.000000000000000000e+00 7.787390402168470772e-04 1.340436273731211226e-04 0.000000000000000000e+00 0.000000000000000000e+00 0.000000000000000000e+00 6.153719346181731886e-01 1.684790556256463012e-01 7.244598523476404317e-01 4.990551388808045234e-09 5.537917246916842506e-01 0.000000000000000000e+00 0.000000000000000000e+00 2.329784669501273053e-01 6.983470816622162625e-01 0.000000000000000000e+00 9.445289257235841562e-01 2.245549394337875981e-01 0.000000000000000000e+00 0.000000000000000000e+00 2.268745245313837783e-02 9.580404595981050209e-01 0.000000000000000000e+00 4.994799863178172039e-01 3.660141058096031408e-01 9.996915743522678532e-01 1.331616578320621649e-02 5.120000000000000000e+02 -5.369090909090909491e+01
0.000000000000000000e+00 3.336466747419932540e-03 6.583093649884236287e-01 0.000000000000000000e+00 0.000000000000000000e+00 0.000000000000000000e+00 7.490311419309294031e-04 0.000000000000000000e+00 0.000000000000000000e+00 1.601273892905115360e-04 1.339839131138832462e-01 0.000000000000000000e+00 9.770231577718406779e-01 8.119269742053031313e-01 0.000000000000000000e+00 5.541065721336930761e-01 0.000000000000000000e+00 3.221878505589730879e-01 8.396635183811620440e-01 5.407330854191375602e-01 3.649227813507276985e-01 8.166701142568566496e-02 1.946628782723592854e-01 1.683887042107157506e-01 4.970042068464360779e-02 6.871968545407826090e-01 2.769913486385379153e-01 0.000000000000000000e+00 0.000000000000000000e+00 5.295882337046361465e-01 2.223763146462683429e-02 5.814272249479245369e-01 5.120000000000000000e+02 -6.996636363636362432e+01
0.000000000000000000e+00 1.338678137209806107e-01 2.329441235707596369e-01 6.219338434823966366e-04 1.632601455606143281e-01 7.542476894521528029e-04 5.789627686147500590e-02 8.321206361224268641e-04 0.000000000000000000e+00 1.000000000000000000e+00 2.388068781806577511e-03 3.155119293997343255e-01 9.631525242072049853e-01 1.115226519518315446e-01 0.000000000000000000e+00 3.387959774406793523e-01 3.155951495850166100e-01 2.424238720607880537e-01 3.691723738606908500e-01 6.191866772142458064e-01 0.000000000000000000e+00 7.353008553003287373e-01 2.759293462883709025e-01 6.659210759944648172e-01 1.614341776195089839e-01 1.000000000000000000e+00 3.876870287191014897e-01 0.000000000000000000e+00 9.998384963562432226e-01 7.086648460797563276e-01 2.311663480633709411e-01 9.156550203005234811e-01 5.120000000000000000e+02 -6.544272727272728218e+01
3.069651073773215790e-04 2.642548667157065823e-01 9.509298574800552722e-06 0.000000000000000000e+00 8.553635426554810628e-02 0.000000000000000000e+00 0.000000000000000000e+00 3.647454357794673724e-02 0.000000000000000000e+00 0.000000000000000000e+00 0.000000000000000000e+00 2.152712233585216128e-01 5.768533200648282566e-01 9.805603578488929911e-03 1.813894641602520896e-01 6.691260706734142305e-01 0.000000000000000000e+00 0.000000000000000000e+00 9.729281632065188701e-01 6.589799346819465997e-01 0.000000000000000000e+00 5.723833994999973990e-05 8.381348215736453278e-02 0.000000000000000000e+00 0.000000000000000000e+00 5.748288028538506289e-02 1.743802328175328431e-01 1.311839775508930571e-02 9.743949825987772151e-01 9.858591634103274215e-01 1.355873115630337744e-01 1.000000000000000000e+00 5.120000000000000000e+02 -6.612727272727272521e+01
5.041832917601044572e-01 4.960402730487834533e-01 7.462319539897530607e-01 0.000000000000000000e+00 0.000000000000000000e+00 0.000000000000000000e+00 9.599874566329391623e-01 1.719675168788135367e-01 7.858079722780198992e-03 3.004617743431628463e-01 0.000000000000000000e+00 9.646153448934159380e-01 1.861707693179688594e-02 9.933446046515901351e-01 1.774359518872787209e-07 9.999998720028652199e-01 1.678447834303457564e-01 5.521534828410166185e-01 7.046564212134651672e-01 9.541026946809498810e-01 7.146914487969565854e-07 5.327969120688744870e-02 3.085723053873393740e-01 1.143776499785894305e-05 0.000000000000000000e+00 7.498613490272023618e-01 9.113430083121831782e-01 1.454177395585223853e-01 8.537363020401829150e-01 9.900376280731560952e-01 9.583405324324847374e-01 9.074709324612922900e-01 5.120000000000000000e+02 -5.621545454545454845e+01
0.000000000000000000e+00 9.993187525592004405e-01 0.000000000000000000e+00 0.000000000000000000e+00 0.000000000000000000e+00 0.000000000000000000e+00 9.830521134350104009e-03 7.664773042283658938e-03 0.000000000000000000e+00 5.759751900406879788e-01 0.000000000000000000e+00 3.505108590083198528e-01 0.000000000000000000e+00 6.900393965614903813e-01 3.244301995502759522e-02 2.844558501411693086e-01 0.000000000000000000e+00 0.000000000000000000e+00 0.000000000000000000e+00 7.486422379953227013e-01 0.000000000000000000e+00 0.000000000000000000e+00 0.000000000000000000e+00 0.000000000000000000e+00 0.000000000000000000e+00 1.214768440532398575e-01 0.000000000000000000e+00 5.691900277790504920e-02 1.860899087445944955e-01 8.960460104497008915e-02 0.000000000000000000e+00 4.180817743110544771e-01 5.120000000000000000e+02 -4.811818181818181550e+00
3.036037553950089035e-02 3.860587895326439423e-01 4.223332736275945964e-01 0.000000000000000000e+00 2.887943601436147589e-01 0.000000000000000000e+00 6.569640891954362516e-01 1.736746294823655057e-01 0.000000000000000000e+00 6.211419959350239495e-01 4.266121871828012558e-04 5.005941984738936368e-01 3.517331607778519387e-01 4.211164005356950457e-01 0.000000000000000000e+00 6.385052197167186971e-01 1.823427959957807654e-01 0.000000000000000000e+00 8.482072126805444423e-01 3.214120710180120577e-01 0.000000000000000000e+00 4.274256174730015623e-01 0.000000000000000000e+00 2.010056937345180289e-02 0.000000000000000000e+00 9.881321767140528456e-01 9.908931139310557246e-01 0.000000000000000000e+00 2.120508389564199780e-05 5.804471407406969208e-01 1.788747846509576023e-01 9.105951956273650172e-01 5.120000000000000000e+02 -6.788454545454544586e+01
0.000000000000000000e+00 4.521151950759575433e-01 2.199311875025682927e-01 0.000000000000000000e+00 5.823983099634343075e-02 0.000000000000000000e+00 0.000000000000000000e+00 8.023254110315098941e-01 0.000000000000000000e+00 7.620066891276292553e-01 0.000000000000000000e+00 5.065468803203517778e-01 4.325344836670763637e-01 2.506252909236714177e-01 8.083726156941472007e-01 0.000000000000000000e+00 0.000000000000000000e+00 0.000000000000000000e+00 1.908343083875677360e-01 5.965755276923200290e-01 0.000000000000000000e+00 3.630196876337912215e-01 2.605837589903530450e-06 1.168667372706343297e-04 0.000000000000000000e+00 3.360239375606394185e-01 4.309243122071921422e-02 0.000000000000000000e+00 0.000000000000000000e+00 0.000000000000000000e+00 8.802280776887884753e-03 1.732173183033597699e-02 5.120000000000000000e+02 -5.299727272727273686e+01
3.695651793946719017e-03 2.396453514524259920e-01 9.670708576913458199e-01 3.607578609534588532e-01 5.293055418169154147e-02 0.000000000000000000e+00 4.319231378496355966e-01 1.105828343401702857e-01 0.000000000000000000e+00 9.897281463755368547e-01 1.780622861450363939e-04 5.447437109446004455e-02 6.356481156560166434e-01 8.595525389969857488e-02 0.000000000000000000e+00 5.022521694145607452e-01 2.367893873050338494e-01 1.595638510740768623e-01 1.055939657514585496e-02 5.834657656661443870e-01 2.632553174804289683e-03 0.000000000000000000e+00 0.000000000000000000e+00 4.516684558479772127e-02 0.000000000000000000e+00 9.383919594137585599e-03 6.495101555276889815e-01 1.497914519512586959e-02 3.353782929385615286e-02 0.000000000000000000e+00 7.018899040169698615e-03 9.979518536786994298e-01 5.120000000000000000e+02 -2.087000000000000099e+01
2.709155465125363815e-02 1.733793398141427744e-01 1.429850632980254610e-01 2.820447119889837317e-01 0.000000000000000000e+00 0.000000000000000000e+00 1.000000000000000000e+00 0.000000000000000000e+00 0.000000000000000000e+00 0.000000000000000000e+00 0.000000000000000000e+00 1.453394795025388098e-01 6.913921397674936964e-01 6.067019243309842436e-01 3.039081381066625898e-02 3.435763004616572136e-01 2.310426229367730822e-05 0.000000000000000000e+00 9.999808579395862429e-01 1.000000000000000000e+00 2.948172468484694941e-01 8.823739877404135346e-01 2.904021377587337471e-01 0.000000000000000000e+00 2.959577280726040649e-01 1.712497746812327581e-01 1.196744311497885405e-01 1.329642264062236012e-01 3.864934612572938355e-01 1.931413208930172765e-01 2.198194943682691901e-02 2.858559568860560840e-01 5.120000000000000000e+02 -7.164545454545454106e+01
0.000000000000000000e+00 0.000000000000000000e+00 0.000000000000000000e+00 1.000000000000000000e+00 0.000000000000000000e+00 0.000000000000000000e+00 1.000000000000000000e+00 0.000000000000000000e+00 0.000000000000000000e+00 0.000000000000000000e+00 0.000000000000000000e+00 2.415325866684425449e-01 6.792803433333255425e-01 7.055736298021780817e-01 0.000000000000000000e+00 2.562592110644600907e-01 0.000000000000000000e+00 0.000000000000000000e+00 1.000000000000000000e+00 1.000000000000000000e+00 9.163334772357766000e-02 1.000000000000000000e+00 5.510910967194070365e-01 0.000000000000000000e+00 0.000000000000000000e+00 0.000000000000000000e+00 0.000000000000000000e+00 4.555045924814919711e-02 3.038331234580037288e-01 0.000000000000000000e+00 0.000000000000000000e+00 0.000000000000000000e+00 5.120000000000000000e+02 -6.231818181818182012e+01
3.784387681697352901e-02 1.128628680900544377e-02 0.000000000000000000e+00 3.097740731432913427e-05 0.000000000000000000e+00 0.000000000000000000e+00 1.000000000000000000e+00 2.662757275688558689e-01 0.000000000000000000e+00 0.000000000000000000e+00 5.433773804182855756e-04 4.548662008372123533e-01 2.020698931689371425e-01 2.122526403206731749e-01 0.000000000000000000e+00 2.628519514584156669e-01 0.000000000000000000e+00 1.433064178277998826e-02 7.633330876879330651e-01 8.285452785538115483e-01 9.350781260680240958e-01 8.811288386496674008e-01 1.108557880489985936e-01 0.000000000000000000e+00 5.588889527673983615e-01 1.377101812851512527e-05 0.000000000000000000e+00 6.411369703704187240e-01 2.905601976728000024e-01 7.822236736202988589e-05 0.000000000000000000e+00 0.000000000000000000e+00 5.120000000000000000e+02 -6.252999999999999403e+01
0.000000000000000000e+00 0.000000000000000000e+00 2.205264859726315928e-03 3.104721956848829345e-01 0.000000000000000000e+00 0.000000000000000000e+00 1.000000000000000000e+00 0.000000000000000000e+00 0.000000000000000000e+00 0.000000000000000000e+00 0.000000000000000000e+00 0.000000000000000000e+00 4.457154387108950427e-02 3.818124944981579061e-01 0.000000000000000000e+00 0.000000000000000000e+00 0.000000000000000000e+00 0.000000000000000000e+00 9.513962616719969789e-01 4.629023495405452104e-01 3.025920268851046702e-01 9.728054414274094341e-01 2.117316167580574093e-05 0.000000000000000000e+00 0.000000000000000000e+00 0.000000000000000000e+00 4.037763323419429895e-02 0.000000000000000000e+00 0.000000000000000000e+00 0.000000000000000000e+00 0.000000000000000000e+00 0.000000000000000000e+00 5.120000000000000000e+02 -3.586636363636363711e+01
1.142680662618980741e-01 1.082713507522307592e-02 0.000000000000000000e+00 3.159149076426420732e-01 0.000000000000000000e+00 0.000000000000000000e+00 1.000000000000000000e+00 0.000000000000000000e+00 0.000000000000000000e+00 0.000000000000000000e+00 0.000000000000000000e+00 0.000000000000000000e+00 0.000000000000000000e+00 4.394915907947419820e-01 1.412419553394973770e-01 7.544265329349137961e-01 0.000000000000000000e+00 0.000000000000000000e+00 7.381699097394044395e-01 9.934456578761218237e-01 8.274819837514864329e-02 8.845373910853152610e-01 0.000000000000000000e+00 0.000000000000000000e+00 0.000000000000000000e+00 1.694628925783007002e-03 0.000000000000000000e+00 9.383917876336215214e-01 2.261427716631089491e-01 0.000000000000000000e+00 0.000000000000000000e+00 0.000000000000000000e+00 5.120000000000000000e+02 -5.547272727272727622e+01
0.000000000000000000e+00 0.000000000000000000e+00 0.000000000000000000e+00 6.147386311770647316e-02 3.663249205765252703e-01 6.657158681860612828e-05 9.968660662892652180e-01 0.000000000000000000e+00 0.000000000000000000e+00 0.000000000000000000e+00 0.000000000000000000e+00 0.000000000000000000e+00 3.857946586557590291e-02 2.860078459648382476e-01 0.000000000000000000e+00 1.542212942015887822e-01 0.000000000000000000e+00 8.748185267160982215e-02 9.997613435144647731e-01 8.413818209054148012e-01 2.277097732853908263e-01 8.903196236920914164e-02 6.027721050729971386e-02 0.000000000000000000e+00 4.573650184234851618e-02 1.202012051837258278e-04 0.000000000000000000e+00 4.121479849531142770e-01 5.677087783809701138e-01 0.000000000000000000e+00 0.000000000000000000e+00 0.000000000000000000e+00 5.120000000000000000e+02 -5.166090909090908667e+01
0.000000000000000000e+00 2.543397492530430903e-01 0.000000000000000000e+00 4.099015400384141139e-01 0.000000000000000000e+00 0.000000000000000000e+00 1.000000000000000000e+00 0.000000000000000000e+00 0.000000000000000000e+00 0.000000000000000000e+00 0.000000000000000000e+00 0.000000000000000000e+00 9.476581183872894165e-01 6.238212527429400911e-01 0.000000000000000000e+00 7.648725018205382829e-03 0.000000000000000000e+00 0.000000000000000000e+00 4.656174499894712993e-01 1.000000000000000000e+00 9.444648059948554386e-02 6.703586376383918743e-01 0.000000000000000000e+00 0.000000000000000000e+00 0.000000000000000000e+00 0.000000000000000000e+00 0.000000000000000000e+00 0.000000000000000000e+00 3.042325724542235266e-01 0.000000000000000000e+00 0.000000000000000000e+00 1.124861956257195705e-01 5.120000000000000000e+02 -5.124272727272727934e+01
0.000000000000000000e+00 0.000000000000000000e+00 0.000000000000000000e+00 5.308628613869594837e-01 0.000000000000000000e+00 0.000000000000000000e+00 8.930312603258410142e-01 0.000000000000000000e+00 0.000000000000000000e+00 0.000000000000000000e+00 0.000000000000000000e+00 0.000000000000000000e+00 6.362668796199937304e-01 3.298905375780863221e-04 0.000000000000000000e+00 7.652020693690487763e-01 0.000000000000000000e+00 0.000000000000000000e+00 6.359570687829294577e-01 4.752797393838611439e-01 0.000000000000000000e+00 0.000000000000000000e+00 4.943751966846455237e-01 0.000000000000000000e+00 6.958219369281634092e-01 0.000000000000000000e+00 3.665936365052106989e-04 0.000000000000000000e+00 1.000000000000000000e+00 9.709300585377264592e-03 0.000000000000000000e+00 0.000000000000000000e+00 5.120000000000000000e+02 -5.419090909090909491e+01
0.000000000000000000e+00 1.338107218627455075e-01 0.000000000000000000e+00 5.664022986993075270e-02 0.000000000000000000e+00 0.000000000000000000e+00 9.133414676344209226e-01 0.000000000000000000e+00 0.000000000000000000e+00 0.000000000000000000e+00 0.000000000000000000e+00 0.000000000000000000e+00 9.115716489639434927e-01 4.862491644161340831e-01 0.000000000000000000e+00 2.176970944949161157e-01 0.000000000000000000e+00 0.000000000000000000e+00 5.947329052339060951e-01 9.130595134853023431e-01 4.876635982510068579e-01 4.883687622334552669e-01 1.278838146656630925e-01 0.000000000000000000e+00 1.015826689682336817e-02 0.000000000000000000e+00 0.000000000000000000e+00 5.155129805922142872e-01 4.112163661102388734e-01 0.000000000000000000e+00 0.000000000000000000e+00 6.925660450002411872e-02 5.120000000000000000e+02 -6.320272727272726598e+01
0.000000000000000000e+00 0.000000000000000000e+00 0.000000000000000000e+00 5.388900978070765291e-01 0.000000000000000000e+00 0.000000000000000000e+00 1.000000000000000000e+00 0.000000000000000000e+00 0.000000000000000000e+00 0.000000000000000000e+00 0.000000000000000000e+00 0.000000000000000000e+00 8.228297778641702198e-01 6.515611915901081685e-01 0.000000000000000000e+00 0.000000000000000000e+00 0.000000000000000000e+00 0.000000000000000000e+00 6.049741913608464028e-01 4.018104427117952793e-01 0.000000000000000000e+00 6.435528406643702404e-01 0.000000000000000000e+00 0.000000000000000000e+00 1.000000000000000000e+00 0.000000000000000000e+00 2.287315320704620333e-02 0.000000000000000000e+00 0.000000000000000000e+00 0.000000000000000000e+00 0.000000000000000000e+00 2.380420667492502695e-01 5.120000000000000000e+02 -4.684818181818182126e+01
0.000000000000000000e+00 7.424234824336189975e-02 0.000000000000000000e+00 2.678150363073504847e-01 0.000000000000000000e+00 0.000000000000000000e+00 2.198856056544662152e-01 0.000000000000000000e+00 0.000000000000000000e+00 0.000000000000000000e+00 0.000000000000000000e+00 0.000000000000000000e+00 0.000000000000000000e+00 0.000000000000000000e+00 0.000000000000000000e+00 0.000000000000000000e+00 0.000000000000000000e+00 0.000000000000000000e+00 9.931355912433885436e-02 0.000000000000000000e+00 0.000000000000000000e+00 8.240266020923319168e-01 0.000000000000000000e+00 0.000000000000000000e+00 4.965824520253038352e-05 0.000000000000000000e+00 0.000000000000000000e+00 9.078045273292045651e-05 0.000000000000000000e+00 0.000000000000000000e+00 0.000000000000000000e+00 0.000000000000000000e+00 5.120000000000000000e+02 -1.027272727272727337e+01
0.000000000000000000e+00 1.599323468400690618e-04 1.879306749177677913e-02 3.780288051153547491e-01 1.166611257355530847e-02 3.916377162813176535e-03 8.920963551473848341e-01 0.000000000000000000e+00 0.000000000000000000e+00 0.000000000000000000e+00 0.000000000000000000e+00 0.000000000000000000e+00 8.859771745979668767e-01 0.000000000000000000e+00 0.000000000000000000e+00 4.689591857654348828e-01 6.165996521287288312e-02 0.000000000000000000e+00 9.790713338517524900e-01 7.724457088688010398e-01 1.477335871602936668e-01 9.832193049324651213e-01 9.637538188819827489e-01 0.000000000000000000e+00 4.809630670965910348e-01 1.120289473373937229e-06 0.000000000000000000e+00 3.440266806379908560e-01 7.918973245646846459e-01 0.000000000000000000e+00 2.402619087840288450e-02 6.009542150520589578e-03 5.120000000000000000e+02 -6.662999999999998124e+01
0.000000000000000000e+00 0.000000000000000000e+00 0.000000000000000000e+00 5.807895388983055213e-02 0.000000000000000000e+00 0.000000000000000000e+00 1.000000000000000000e+00 0.000000000000000000e+00 0.000000000000000000e+00 0.000000000000000000e+00 0.000000000000000000e+00 0.000000000000000000e+00 0.000000000000000000e+00 5.675532517659102050e-01 2.834800303320161863e-02 6.944630317491892746e-02 0.000000000000000000e+00 0.000000000000000000e+00 1.000000000000000000e+00 9.990761007658931492e-01 0.000000000000000000e+00 1.000000000000000000e+00 7.532838564977003548e-01 0.000000000000000000e+00 8.836036709139677425e-01 2.348969507681577806e-01 0.000000000000000000e+00 0.000000000000000000e+00 9.857478375808248483e-01 0.000000000000000000e+00 0.000000000000000000e+00 0.000000000000000000e+00 5.120000000000000000e+02 -3.504818181818181699e+01
0.000000000000000000e+00 0.000000000000000000e+00 0.000000000000000000e+00 5.714587895412777119e-01 0.000000000000000000e+00 0.000000000000000000e+00 2.214176733640647043e-01 0.000000000000000000e+00 0.000000000000000000e+00 0.000000000000000000e+00 0.000000000000000000e+00 0.000000000000000000e+00 0.000000000000000000e+00 4.490572618169026805e-12 0.000000000000000000e+00 3.141651303000485007e-01 0.000000000000000000e+00 0.000000000000000000e+00 4.621713493016248453e-01 4.169275671539169337e-01 0.000000000000000000e+00 0.000000000000000000e+00 0.000000000000000000e+00 0.000000000000000000e+00 5.855784536102526250e-03 0.000000000000000000e+00 0.000000000000000000e+00 3.787354209788907911e-01 0.000000000000000000e+00 0.000000000000000000e+00 0.000000000000000000e+00 0.000000000000000000e+00 5.120000000000000000e+02 -3.552727272727273089e+01
0.000000000000000000e+00 0.000000000000000000e+00 0.000000000000000000e+00 2.534251497940471221e-01 0.000000000000000000e+00 0.000000000000000000e+00 5.630532069946700968e-01 0.000000000000000000e+00 0.000000000000000000e+00 0.000000000000000000e+00 0.000000000000000000e+00 0.000000000000000000e+00 7.816209922643420072e-01 1.592803672163514705e-01 0.000000000000000000e+00 0.000000000000000000e+00 0.000000000000000000e+00 0.000000000000000000e+00 8.098775579017163107e-03 0.000000000000000000e+00 2.432882551217926126e-01 0.000000000000000000e+00 3.174692540578791158e-03 0.000000000000000000e+00 0.000000000000000000e+00 0.000000000000000000e+00 0.000000000000000000e+00 0.000000000000000000e+00 0.000000000000000000e+00 0.000000000000000000e+00 0.000000000000000000e+00 0.000000000000000000e+00 5.120000000000000000e+02 -3.179727272727272691e+01
0.000000000000000000e+00 0.000000000000000000e+00 0.000000000000000000e+00 0.000000000000000000e+00 0.000000000000000000e+00 0.000000000000000000e+00 0.000000000000000000e+00 0.000000000000000000e+00 0.000000000000000000e+00 0.000000000000000000e+00 0.000000000000000000e+00 0.000000000000000000e+00 8.734689091733239819e-01 1.000000000000000000e+00 0.000000000000000000e+00 0.000000000000000000e+00 0.000000000000000000e+00 0.000000000000000000e+00 0.000000000000000000e+00 0.000000000000000000e+00 0.000000000000000000e+00 7.532862084418615600e-01 0.000000000000000000e+00 0.000000000000000000e+00 0.000000000000000000e+00 0.000000000000000000e+00 0.000000000000000000e+00 3.545648390457144528e-01 4.167115657337993467e-02 0.000000000000000000e+00 0.000000000000000000e+00 4.075557253376141387e-02 5.120000000000000000e+02 -1.115454545454545476e+00
0.000000000000000000e+00 3.279794246028479021e-01 2.361484929964892109e-06 0.000000000000000000e+00 0.000000000000000000e+00 0.000000000000000000e+00 4.531561342878173138e-01 0.000000000000000000e+00 3.637851215709088717e-03 0.000000000000000000e+00 0.000000000000000000e+00 0.000000000000000000e+00 1.625539291918096652e-01 4.136366503548689622e-01 0.000000000000000000e+00 0.000000000000000000e+00 0.000000000000000000e+00 0.000000000000000000e+00 7.055350978282333152e-01 1.000000000000000000e+00 1.183376075346212614e-01 1.000000000000000000e+00 0.000000000000000000e+00 0.000000000000000000e+00 5.314093505379372528e-01 0.000000000000000000e+00 0.000000000000000000e+00 0.000000000000000000e+00 7.919532003449847313e-02 0.000000000000000000e+00 0.000000000000000000e+00 0.000000000000000000e+00 5.120000000000000000e+02 -4.236090909090909662e+01
0.000000000000000000e+00 0.000000000000000000e+00 0.000000000000000000e+00 6.083378767784431984e-01 0.000000000000000000e+00 0.000000000000000000e+00 3.570672822629892273e-01 0.000000000000000000e+00 0.000000000000000000e+00 0.000000000000000000e+00 0.000000000000000000e+00 0.000000000000000000e+00 0.000000000000000000e+00 7.455850331347767534e-01 0.000000000000000000e+00 6.031534742593294141e-01 0.000000000000000000e+00 0.000000000000000000e+00 1.000000000000000000e+00 6.705202229170394157e-02 4.045439622679912195e-01 9.444649856399139898e-01 5.212126516304500523e-01 0.000000000000000000e+00 5.935241459940143044e-02 0.000000000000000000e+00 0.000000000000000000e+00 0.000000000000000000e+00 6.612124278627744267e-02 3.957587058621228615e-01 0.000000000000000000e+00 4.597037486591749184e-02 5.120000000000000000e+02 -5.572090909090908895e+01
1.177668541804669233e-01 0.000000000000000000e+00 0.000000000000000000e+00 1.892028454634244461e-01 0.000000000000000000e+00 0.000000000000000000e+00 9.176043513108702587e-01 0.000000000000000000e+00 0.000000000000000000e+00 0.000000000000000000e+00 0.000000000000000000e+00 0.000000000000000000e+00 1.331101034362429658e-01 2.393436709768838599e-01 0.000000000000000000e+00 1.940926813715983246e-01 0.000000000000000000e+00 0.000000000000000000e+00 9.986135828310789275e-01 6.988333810474574026e-01 0.000000000000000000e+00 5.364295059411491318e-01 0.000000000000000000e+00 0.000000000000000000e+00 4.994505601639798176e-01 0.000000000000000000e+00 0.000000000000000000e+00 0.000000000000000000e+00 9.475966844770387920e-02 0.000000000000000000e+00 0.000000000000000000e+00 6.439038592451799825e-02 5.120000000000000000e+02 -5.487545454545454504e+01
0.000000000000000000e+00 0.000000000000000000e+00 2.315310397555411515e-01 1.064736143042897647e-02 0.000000000000000000e+00 0.000000000000000000e+00 0.000000000000000000e+00 0.000000000000000000e+00 0.000000000000000000e+00 0.000000000000000000e+00 0.000000000000000000e+00 0.000000000000000000e+00 1.986291158025025871e-01 7.474759095408181064e-01 0.000000000000000000e+00 0.000000000000000000e+00 0.000000000000000000e+00 0.000000000000000000e+00 5.316389174138010931e-01 9.168557857425877478e-01 1.000000000000000000e+00 1.433700529767635845e-01 0.000000000000000000e+00 0.000000000000000000e+00 0.000000000000000000e+00 0.000000000000000000e+00 0.000000000000000000e+00 0.000000000000000000e+00 2.445041593137929348e-01 0.000000000000000000e+00 0.000000000000000000e+00 1.242501757993498893e-02 5.120000000000000000e+02 -4.342454545454545922e+01
0.000000000000000000e+00 0.000000000000000000e+00 0.000000000000000000e+00 2.025806883509564116e-01 0.000000000000000000e+00 0.000000000000000000e+00 3.404364051592715379e-01 0.000000000000000000e+00 0.000000000000000000e+00 0.000000000000000000e+00 0.000000000000000000e+00 0.000000000000000000e+00 0.000000000000000000e+00 0.000000000000000000e+00 0.000000000000000000e+00 0.000000000000000000e+00 0.000000000000000000e+00 0.000000000000000000e+00 5.384817268127961576e-01 9.651104114343873608e-01 3.568681322625748553e-01 3.025921528533506155e-01 0.000000000000000000e+00 0.000000000000000000e+00 0.000000000000000000e+00 0.000000000000000000e+00 0.000000000000000000e+00 0.000000000000000000e+00 9.969646862999779202e-01 0.000000000000000000e+00 0.000000000000000000e+00 0.000000000000000000e+00 5.120000000000000000e+02 -2.487000000000000099e+01
0.000000000000000000e+00 0.000000000000000000e+00 0.000000000000000000e+00 0.000000000000000000e+00 0.000000000000000000e+00 0.000000000000000000e+00 3.721700948932108455e-01 0.000000000000000000e+00 0.000000000000000000e+00 0.000000000000000000e+00 0.000000000000000000e+00 0.000000000000000000e+00 5.468032711775714372e-01 0.000000000000000000e+00 0.000000000000000000e+00 2.999724144352344151e-04 0.000000000000000000e+00 0.000000000000000000e+00 0.000000000000000000e+00 9.882005694810034324e-01 1.521849808230856249e-01 9.490110637108177816e-01 0.000000000000000000e+00 0.000000000000000000e+00 0.000000000000000000e+00 0.000000000000000000e+00 0.000000000000000000e+00 0.000000000000000000e+00 0.000000000000000000e+00 0.000000000000000000e+00 0.000000000000000000e+00 0.000000000000000000e+00 5.120000000000000000e+02 -1.394818181818181557e+01
5.637321644586343883e-01 1.359828559623079136e-01 0.000000000000000000e+00 0.000000000000000000e+00 0.000000000000000000e+00 0.000000000000000000e+00 8.991184510517974404e-01 0.000000000000000000e+00 0.000000000000000000e+00 0.000000000000000000e+00 0.000000000000000000e+00 1.537470148740180224e-02 8.483916759192713375e-01 1.083673108928429572e-02 0.000000000000000000e+00 0.000000000000000000e+00 0.000000000000000000e+00 0.000000000000000000e+00 2.241851388590829497e-01 5.153442041100471105e-01 5.097783942678994805e-04 0.000000000000000000e+00 0.000000000000000000e+00 0.000000000000000000e+00 3.943482299309562095e-02 0.000000000000000000e+00 0.000000000000000000e+00 1.579417997566527898e-01 2.747301014108373129e-01 0.000000000000000000e+00 0.000000000000000000e+00 2.710591070231560540e-01 5.120000000000000000e+02 -4.577272727272727337e+01
0.000000000000000000e+00 0.000000000000000000e+00 0.000000000000000000e+00 3.812496887204224194e-01 0.000000000000000000e+00 0.000000000000000000e+00 4.499889660816394632e-01 0.000000000000000000e+00 0.000000000000000000e+00 0.000000000000000000e+00 0.000000000000000000e+00 0.000000000000000000e+00 1.110512244191950437e-01 7.605823934705518985e-01 0.000000000000000000e+00 0.000000000000000000e+00 0.000000000000000000e+00 0.000000000000000000e+00 6.530442647042092874e-01 2.225819184714707827e-02 0.000000000000000000e+00 4.851063392827161392e-04 0.000000000000000000e+00 0.000000000000000000e+00 2.798824967152259147e-01 0.000000000000000000e+00 0.000000000000000000e+00 0.000000000000000000e+00 2.166217533727165523e-01 0.000000000000000000e+00 0.000000000000000000e+00 0.000000000000000000e+00 5.120000000000000000e+02 -3.148181818181818414e+01
0.000000000000000000e+00 5.869333393681793742e-01 0.000000000000000000e+00 2.173517804802068409e-01 0.000000000000000000e+00 0.000000000000000000e+00 2.725842911307070904e-01 0.000000000000000000e+00 0.000000000000000000e+00 0.000000000000000000e+00 0.000000000000000000e+00 5.802304473179631908e-06 3.258172991607777812e-03 4.948481838199828009e-01 0.000000000000000000e+00 3.658739499310210974e-02 0.000000000000000000e+00 0.000000000000000000e+00 9.854590213044517322e-01 9.106406842271259627e-01 0.000000000000000000e+00 4.067458110337846185e-06 2.906334078932233944e-01 0.000000000000000000e+00 0.000000000000000000e+00 0.000000000000000000e+00 0.000000000000000000e+00 3.430918363916822273e-03 6.961526605966787684e-02 0.000000000000000000e+00 0.000000000000000000e+00 3.759910829253834859e-03 5.120000000000000000e+02 -2.815727272727272279e+01
0.000000000000000000e+00 3.595898353333339326e-05 0.000000000000000000e+00 2.283962968104132907e-01 0.000000000000000000e+00 0.000000000000000000e+00 1.449174068470943655e-01 0.000000000000000000e+00 0.000000000000000000e+00 0.000000000000000000e+00 0.000000000000000000e+00 9.758043239539824706e-03 7.059650838309073917e-01 1.224758820189584055e-02 0.000000000000000000e+00 1.610824551237347024e-02 0.000000000000000000e+00 0.000000000000000000e+00 7.844170076820737858e-01 5.937654135005525635e-01 9.601221712597652891e-01 4.280451580264737488e-01 1.384975793920836251e-01 2.192938384733974916e-06 7.161853203612665066e-03 0.000000000000000000e+00 0.000000000000000000e+00 0.000000000000000000e+00 5.371565729603614558e-01 2.904475391454075864e-02 0.000000000000000000e+00 0.000000000000000000e+00 5.120000000000000000e+02 -5.801181818181817818e+01
0.000000000000000000e+00 0.000000000000000000e+00 0.000000000000000000e+00 9.773257814757198014e-01 1.096664875785516302e-02 0.000000000000000000e+00 6.159533883633819817e-01 0.000000000000000000e+00 0.000000000000000000e+00 0.000000000000000000e+00 0.000000000000000000e+00 0.000000000000000000e+00 1.733798573813129240e-02 7.149087154816095857e-02 0.000000000000000000e+00 0.000000000000000000e+00 0.000000000000000000e+00 0.000000000000000000e+00 3.322147296480684742e-02 0.000000000000000000e+00 0.000000000000000000e+00 0.000000000000000000e+00 0.000000000000000000e+00 0.000000000000000000e+00 9.882252802389029922e-01 0.000000000000000000e+00 0.000000000000000000e+00 4.470807529971280725e-01 1.016764378093949622e-01 0.000000000000000000e+00 0.000000000000000000e+00 0.000000000000000000e+00 5.120000000000000000e+02 -1.834545454545454746e+01
1.596775882342362229e-01 0.000000000000000000e+00 0.000000000000000000e+00 0.000000000000000000e+00 0.000000000000000000e+00 0.000000000000000000e+00 4.608831073411865931e-01 0.000000000000000000e+00 0.000000000000000000e+00 5.777219913504181041e-04 0.000000000000000000e+00 0.000000000000000000e+00 1.790925275296258515e-03 1.266619851376666606e-01 0.000000000000000000e+00 1.126913510533907557e-02 0.000000000000000000e+00 0.000000000000000000e+00 3.375624700841874937e-01 9.939701643901064365e-01 7.423673574106530101e-03 5.460865791272849767e-01 1.772501505947589057e-03 0.000000000000000000e+00 7.339988322709619650e-01 0.000000000000000000e+00 8.070851866735641528e-11 2.583909840186047191e-01 5.657351403708474891e-01 8.850258411662781290e-04 0.000000000000000000e+00 3.880566663666368266e-02 5.120000000000000000e+02 -2.419363636363636161e+01
0.000000000000000000e+00 0.000000000000000000e+00 0.000000000000000000e+00 0.000000000000000000e+00 0.000000000000000000e+00 0.000000000000000000e+00 1.000000000000000000e+00 0.000000000000000000e+00 0.000000000000000000e+00 0.000000000000000000e+00 0.000000000000000000e+00 0.000000000000000000e+00 0.000000000000000000e+00 4.016637258825975221e-01 0.000000000000000000e+00 0.000000000000000000e+00 0.000000000000000000e+00 0.000000000000000000e+00 7.014316167465943774e-01 3.979380641343053804e-01 0.000000000000000000e+00 0.000000000000000000e+00 0.000000000000000000e+00 0.000000000000000000e+00 5.850287599230097335e-01 0.000000000000000000e+00 0.000000000000000000e+00 3.637478127044824899e-02 0.000000000000000000e+00 0.000000000000000000e+00 0.000000000000000000e+00 0.000000000000000000e+00 5.120000000000000000e+02 -1.245181818181818123e+01
0.000000000000000000e+00 9.364823137709064049e-01 0.000000000000000000e+00 6.139006665274687746e-01 1.148302514174579653e-01 0.000000000000000000e+00 5.392083714918209925e-01 0.000000000000000000e+00 0.000000000000000000e+00 0.000000000000000000e+00 0.000000000000000000e+00 6.404312737224222840e-02 9.154913111923120850e-01 0.000000000000000000e+00 0.000000000000000000e+00 0.000000000000000000e+00 0.000000000000000000e+00 0.000000000000000000e+00 9.437177173120850915e-01 9.325014535698126217e-01 6.039151731018418401e-01 6.327262568424430085e-03 1.435178487231829059e-01 0.000000000000000000e+00 1.764056422880591057e-01 0.000000000000000000e+00 6.618952433131740538e-03 0.000000000000000000e+00 0.000000000000000000e+00 2.540464098184814223e-01 0.000000000000000000e+00 1.629390807694286458e-01 5.120000000000000000e+02 -5.335181818181819580e+01
0.000000000000000000e+00 1.840838286382005806e-03 0.000000000000000000e+00 0.000000000000000000e+00 0.000000000000000000e+00 0.000000000000000000e+00 9.501529639088207579e-01 0.000000000000000000e+00 0.000000000000000000e+00 0.000000000000000000e+00 0.000000000000000000e+00 0.000000000000000000e+00 0.000000000000000000e+00 4.911284415408712634e-01 0.000000000000000000e+00 0.000000000000000000e+00 0.000000000000000000e+00 0.000000000000000000e+00 7.909181871269717057e-01 5.274882960278810540e-01 5.399351744853019275e-01 1.000000000000000000e+00 0.000000000000000000e+00 0.000000000000000000e+00 0.000000000000000000e+00 0.000000000000000000e+00 0.000000000000000000e+00 0.000000000000000000e+00 3.703559376858632235e-01 0.000000000000000000e+00 0.000000000000000000e+00 0.000000000000000000e+00 5.120000000000000000e+02 -2.417909090909091319e+01
0.000000000000000000e+00 0.000000000000000000e+00 0.000000000000000000e+00 0.000000000000000000e+00 0.000000000000000000e+00 0.000000000000000000e+00 6.672304730080788060e-01 0.000000000000000000e+00 0.000000000000000000e+00 0.000000000000000000e+00 0.000000000000000000e+00 0.000000000000000000e+00 0.000000000000000000e+00 6.675912788781049878e-01 1.711667818708896213e-02 4.927105946845611317e-01 0.000000000000000000e+00 0.000000000000000000e+00 4.303507900652579488e-01 1.364300101862829951e-03 8.537343318481460663e-01 3.112222107180561137e-01 1.574308919849553567e-01 0.000000000000000000e+00 1.649997860948504425e-02 0.000000000000000000e+00 0.000000000000000000e+00 2.138607631278960017e-02 8.740532015008884992e-01 4.600331558548915178e-01 0.000000000000000000e+00 9.753413791584763723e-03 5.120000000000000000e+02 -5.196636363636363853e+01
0.000000000000000000e+00 0.000000000000000000e+00 0.000000000000000000e+00 0.000000000000000000e+00 0.000000000000000000e+00 0.000000000000000000e+00 6.776313335589709830e-01 0.000000000000000000e+00 0.000000000000000000e+00 0.000000000000000000e+00 0.000000000000000000e+00 0.000000000000000000e+00 1.091305826448926430e-01 4.416609625261000427e-02 0.000000000000000000e+00 1.157266348875703316e-01 0.000000000000000000e+00 0.000000000000000000e+00 9.560795850908374582e-01 4.412215317426612660e-01 5.708064248976807420e-01 4.808920915938818541e-01 3.466396974254781771e-02 0.000000000000000000e+00 1.194832664825726531e-01 3.307524031133969589e-02 0.000000000000000000e+00 0.000000000000000000e+00 3.407698779481069251e-02 0.000000000000000000e+00 0.000000000000000000e+00 0.000000000000000000e+00 5.120000000000000000e+02 -6.030272727272726740e+01
0.000000000000000000e+00 0.000000000000000000e+00 0.000000000000000000e+00 0.000000000000000000e+00 0.000000000000000000e+00 0.000000000000000000e+00 4.959951973212570198e-01 0.000000000000000000e+00 0.000000000000000000e+00 0.000000000000000000e+00 0.000000000000000000e+00 0.000000000000000000e+00 4.913024784496029113e-02 3.002914822881721829e-04 0.000000000000000000e+00 0.000000000000000000e+00 0.000000000000000000e+00 0.000000000000000000e+00 1.000000000000000000e+00 7.643691851544863747e-01 3.590387824352493373e-01 4.352293837191048564e-02 8.208995948254674824e-01 0.000000000000000000e+00 2.414879814006774730e-03 0.000000000000000000e+00 0.000000000000000000e+00 0.000000000000000000e+00 4.442459032487901423e-03 0.000000000000000000e+00 0.000000000000000000e+00 0.000000000000000000e+00 5.120000000000000000e+02 -3.444818181818181557e+01
0.000000000000000000e+00 0.000000000000000000e+00 0.000000000000000000e+00 5.603842805156062923e-01 0.000000000000000000e+00 0.000000000000000000e+00 9.650793723144778236e-01 0.000000000000000000e+00 0.000000000000000000e+00 0.000000000000000000e+00 0.000000000000000000e+00 0.000000000000000000e+00 4.716960167802530801e-01 4.572243349308801608e-01 0.000000000000000000e+00 0.000000000000000000e+00 0.000000000000000000e+00 0.000000000000000000e+00 8.726590811079583121e-01 8.537019617386022441e-01 6.099643814670548982e-03 6.293475053011241549e-01 1.098761938440686176e-01 0.000000000000000000e+00 1.744592832065939014e-01 0.000000000000000000e+00 0.000000000000000000e+00 0.000000000000000000e+00 2.244200172782173652e-02 0.000000000000000000e+00 0.000000000000000000e+00 0.000000000000000000e+00 5.120000000000000000e+02 -4.272999999999999687e+01
0.000000000000000000e+00 0.000000000000000000e+00 0.000000000000000000e+00 5.119329454032165577e-02 0.000000000000000000e+00 2.595904968642410299e-02 6.807557385896885194e-01 0.000000000000000000e+00 0.000000000000000000e+00 1.546636798012383969e-02 0.000000000000000000e+00 0.000000000000000000e+00 8.428348866151960106e-01 5.147668558303741815e-01 7.200036313852144210e-02 1.437634860373784070e-03 0.000000000000000000e+00 0.000000000000000000e+00 5.690944919428394533e-01 1.000000000000000000e+00 0.000000000000000000e+00 7.245225529522568708e-01 0.000000000000000000e+00 0.000000000000000000e+00 4.125035977023281536e-02 0.000000000000000000e+00 0.000000000000000000e+00 0.000000000000000000e+00 1.039677473991027917e-01 0.000000000000000000e+00 0.000000000000000000e+00 3.983598251814371091e-03 5.120000000000000000e+02 -5.172999999999999687e+01
0.000000000000000000e+00 1.192522426240022124e-02 0.000000000000000000e+00 0.000000000000000000e+00 0.000000000000000000e+00 0.000000000000000000e+00 0.000000000000000000e+00 0.000000000000000000e+00 0.000000000000000000e+00 0.000000000000000000e+00 0.000000000000000000e+00 0.000000000000000000e+00 0.000000000000000000e+00 1.000000000000000000e+00 0.000000000000000000e+00 9.750188212977807523e-02 0.000000000000000000e+00 0.000000000000000000e+00 2.868120035905782350e-01 6.033056574592787769e-01 0.000000000000000000e+00 0.000000000000000000e+00 9.955954017516317478e-01 0.000000000000000000e+00 0.000000000000000000e+00 0.000000000000000000e+00 0.000000000000000000e+00 6.916085419451724337e-02 0.000000000000000000e+00 3.520960091603001635e-02 0.000000000000000000e+00 2.762560767897719646e-03 5.120000000000000000e+02 -3.038818181818181685e+01
0.000000000000000000e+00 0.000000000000000000e+00 0.000000000000000000e+00 0.000000000000000000e+00 0.000000000000000000e+00 0.000000000000000000e+00 1.000000000000000000e+00 0.000000000000000000e+00 0.000000000000000000e+00 0.000000000000000000e+00 0.000000000000000000e+00 2.389685963161478077e-01 4.280983822335323041e-01 8.248258677043268650e-01 3.093434037035849293e-01 7.638243024445038332e-01 0.000000000000000000e+00 0.000000000000000000e+00 8.704661921749544673e-01 5.175854741128622649e-01 1.746573333239923032e-01 8.561061964576420769e-01 0.000000000000000000e+00 0.000000000000000000e+00 7.830585269253292902e-01 0.000000000000000000e+00 0.000000000000000000e+00 0.000000000000000000e+00 0.000000000000000000e+00 0.000000000000000000e+00 0.000000000000000000e+00 0.000000000000000000e+00 5.120000000000000000e+02 -6.697545454545453936e+01
0.000000000000000000e+00 3.081817098548085831e-01 3.958971498605984990e-03 3.132709241943038535e-03 0.000000000000000000e+00 5.044288277501101161e-04 9.375940001757361308e-01 0.000000000000000000e+00 0.000000000000000000e+00 0.000000000000000000e+00 0.000000000000000000e+00 0.000000000000000000e+00 5.971829128297546641e-01 4.772345842024129370e-01 0.000000000000000000e+00 5.082919480686063363e-01 7.279723795965121168e-03 7.315151359308309006e-04 1.000000000000000000e+00 1.000000000000000000e+00 0.000000000000000000e+00 9.840748546678750319e-01 2.471376750220571350e-01 0.000000000000000000e+00 3.227246927778195107e-01 6.908324635288026760e-02 4.913789762523296800e-01 1.547234124701599850e-02 0.000000000000000000e+00 0.000000000000000000e+00 0.000000000000000000e+00 0.000000000000000000e+00 5.120000000000000000e+02 -6.170909090909090366e+01
0.000000000000000000e+00 0.000000000000000000e+00 0.000000000000000000e+00 7.685825148080198056e-07 0.000000000000000000e+00 0.000000000000000000e+00 8.509596058245376751e-03 0.000000000000000000e+00 0.000000000000000000e+00 9.967738618902871953e-03 0.000000000000000000e+00 1.915792380359992563e-03 3.051878456104049897e-02 0.000000000000000000e+00 0.000000000000000000e+00 0.000000000000000000e+00 0.000000000000000000e+00 0.000000000000000000e+00 9.689295495974900030e-01 1.933247627905029797e-01 0.000000000000000000e+00 4.244053418056222271e-01 9.951105650495359889e-01 0.000000000000000000e+00 1.544747790607328419e-01 0.000000000000000000e+00 0.000000000000000000e+00 1.270381624907594431e-01 3.222747809111731199e-01 0.000000000000000000e+00 0.000000000000000000e+00 0.000000000000000000e+00 5.120000000000000000e+02 -3.246999999999999886e+01
0.000000000000000000e+00 0.000000000000000000e+00 0.000000000000000000e+00 0.000000000000000000e+00 0.000000000000000000e+00 0.000000000000000000e+00 5.327255155115642182e-01 0.000000000000000000e+00 2.981952027355020546e-02 0.000000000000000000e+00 0.000000000000000000e+00 0.000000000000000000e+00 2.327063721450624376e-03 0.000000000000000000e+00 0.000000000000000000e+00 1.914135415478113167e-02 0.000000000000000000e+00 0.000000000000000000e+00 0.000000000000000000e+00 4.511011374124065249e-02 0.000000000000000000e+00 0.000000000000000000e+00 0.000000000000000000e+00 0.000000000000000000e+00 3.195119075928247176e-01 0.000000000000000000e+00 0.000000000000000000e+00 0.000000000000000000e+00 0.000000000000000000e+00 0.000000000000000000e+00 0.000000000000000000e+00 2.433936320121116235e-04 5.120000000000000000e+02 -7.727272727272727071e-01
0.000000000000000000e+00 0.000000000000000000e+00 3.470549352802461684e-01 0.000000000000000000e+00 0.000000000000000000e+00 7.962547849366024069e-03 4.596864805089715955e-01 0.000000000000000000e+00 0.000000000000000000e+00 0.000000000000000000e+00 0.000000000000000000e+00 0.000000000000000000e+00 1.150355842796608151e-02 4.520524102628072755e-04 0.000000000000000000e+00 5.017069868927630516e-01 0.000000000000000000e+00 0.000000000000000000e+00 3.330144506482096700e-01 9.761897655781317518e-01 8.674941737989403379e-01 3.443882629442795301e-03 0.000000000000000000e+00 0.000000000000000000e+00 2.188601521991408172e-02 0.000000000000000000e+00 0.000000000000000000e+00 0.000000000000000000e+00 0.000000000000000000e+00 0.000000000000000000e+00 0.000000000000000000e+00 0.000000000000000000e+00 5.120000000000000000e+02 -5.018181818181817988e+01
0.000000000000000000e+00 2.455606071947007418e-01 0.000000000000000000e+00 2.125358891460026045e-01 0.000000000000000000e+00 0.000000000000000000e+00 9.004520663527658675e-01 0.000000000000000000e+00 0.000000000000000000e+00 0.000000000000000000e+00 0.000000000000000000e+00 0.000000000000000000e+00 6.349915777759923552e-01 2.738249221807343425e-01 5.570581019922633652e-03 3.482986542066915641e-03 5.548964035537340411e-03 1.006521528385633801e-01 7.967440435429310464e-01 3.184211933821597396e-01 1.788577712394522901e-01 6.765761313816710532e-01 2.174940991540446900e-01 0.000000000000000000e+00 1.347938146775404591e-02 4.138606323109829399e-02 0.000000000000000000e+00 0.000000000000000000e+00 1.326543638788560131e-01 1.945457694489748923e-01 0.000000000000000000e+00 1.943366841040744253e-01 5.120000000000000000e+02 -5.467909090909092384e+01
0.000000000000000000e+00 1.543531141779521006e-02 0.000000000000000000e+00 3.053926962720248106e-01 0.000000000000000000e+00 0.000000000000000000e+00 4.941094435935184936e-01 0.000000000000000000e+00 0.000000000000000000e+00 0.000000000000000000e+00 0.000000000000000000e+00 0.000000000000000000e+00 8.148339067673381758e-03 8.480664272803496440e-01 1.818573376707635289e-02 4.428121261325457803e-01 4.112776605908112226e-01 0.000000000000000000e+00 9.823334563561785249e-01 9.737581007080094997e-01 0.000000000000000000e+00 4.948557437412924309e-01 0.000000000000000000e+00 0.000000000000000000e+00 4.814915009511724908e-01 2.210931333086165167e-03 0.000000000000000000e+00 5.913054465413297017e-02 0.000000000000000000e+00 2.786030350814226297e-03 0.000000000000000000e+00 3.072489752526149764e-03 5.120000000000000000e+02 -5.080636363636364905e+01
0.000000000000000000e+00 2.779835850779860951e-01 0.000000000000000000e+00 5.609332645267512962e-01 0.000000000000000000e+00 0.000000000000000000e+00 3.512517142393506986e-01 0.000000000000000000e+00 0.000000000000000000e+00 0.000000000000000000e+00 0.000000000000000000e+00 0.000000000000000000e+00 0.000000000000000000e+00 6.746483477850315907e-03 3.815992205668443105e-01 0.000000000000000000e+00 0.000000000000000000e+00 4.154107498681988697e-01 9.466178152518580635e-01 8.157338265342199968e-01 0.000000000000000000e+00 4.378567655839171908e-03 0.000000000000000000e+00 0.000000000000000000e+00 1.167122459704428711e-01 0.000000000000000000e+00 0.000000000000000000e+00 0.000000000000000000e+00 2.693776227828119652e-01 0.000000000000000000e+00 0.000000000000000000e+00 2.091001427354367653e-08 5.120000000000000000e+02 -1.799727272727272975e+01
0.000000000000000000e+00 0.000000000000000000e+00 0.000000000000000000e+00 0.000000000000000000e+00 0.000000000000000000e+00 0.000000000000000000e+00 0.000000000000000000e+00 0.000000000000000000e+00 0.000000000000000000e+00 0.000000000000000000e+00 0.000000000000000000e+00 0.000000000000000000e+00 9.812339982563612895e-02 3.020619280610934571e-02 0.000000000000000000e+00 2.178916243254796700e-02 0.000000000000000000e+00 0.000000000000000000e+00 3.629682002604258106e-01 0.000000000000000000e+00 0.000000000000000000e+00 1.538222899679247135e-01 0.000000000000000000e+00 0.000000000000000000e+00 0.000000000000000000e+00 0.000000000000000000e+00 0.000000000000000000e+00 0.000000000000000000e+00 0.000000000000000000e+00 0.000000000000000000e+00 0.000000000000000000e+00 0.000000000000000000e+00 5.120000000000000000e+02 -5.791818181818182154e+01
0.000000000000000000e+00 2.836411345903621095e-01 0.000000000000000000e+00 1.847414969351162672e-01 0.000000000000000000e+00 0.000000000000000000e+00 8.381738908161131540e-01 0.000000000000000000e+00 0.000000000000000000e+00 0.000000000000000000e+00 1.368427345582782888e-02 0.000000000000000000e+00 3.908698723318778101e-01 6.215879877139141030e-01 0.000000000000000000e+00 6.851432508140633537e-01 0.000000000000000000e+00 0.000000000000000000e+00 3.384002352578456274e-01 5.475060201772632973e-02 0.000000000000000000e+00 9.991324406157408022e-01 2.724557498649154974e-02 0.000000000000000000e+00 2.616123974407495376e-02 1.420094575376271429e-01 1.609960497680769029e-02 2.006509002871628353e-02 1.000000000000000000e+00 2.001454452863359393e-03 0.000000000000000000e+00 0.000000000000000000e+00 5.120000000000000000e+02 -5.244818181818181557e+01
5.707341652692328026e-04 1.443708073268216291e-02 0.000000000000000000e+00 8.420309131681318338e-01 0.000000000000000000e+00 2.449688094172904618e-01 3.538802806887895169e-01 0.000000000000000000e+00 0.000000000000000000e+00 0.000000000000000000e+00 0.000000000000000000e+00 2.827425677605970855e-01 3.813437494223542723e-02 8.957318905954313459e-01 0.000000000000000000e+00 0.000000000000000000e+00 0.000000000000000000e+00 4.104985538162763715e-03 5.911004892913339637e-01 3.323472804059343089e-01 0.000000000000000000e+00 4.877571272003209946e-01 2.877545901108082282e-01 0.000000000000000000e+00 0.000000000000000000e+00 1.117394096538521604e-03 0.000000000000000000e+00 0.000000000000000000e+00 9.310526564889939349e-01 0.000000000000000000e+00 0.000000000000000000e+00 1.000000000000000000e+00 5.120000000000000000e+02 -2.924545454545454604e+01
0.000000000000000000e+00 0.000000000000000000e+00 0.000000000000000000e+00 0.000000000000000000e+00 0.000000000000000000e+00 0.000000000000000000e+00 1.195997903798775297e-01 0.000000000000000000e+00 0.000000000000000000e+00 0.000000000000000000e+00 0.000000000000000000e+00 0.000000000000000000e+00 2.474704928335670628e-01 0.000000000000000000e+00 0.000000000000000000e+00 0.000000000000000000e+00 0.000000000000000000e+00 0.000000000000000000e+00 1.000000000000000000e+00 9.586990192530164823e-01 0.000000000000000000e+00 4.858098667343854760e-01 2.002300211122884643e-01 0.000000000000000000e+00 8.486047530559159835e-02 5.171511330068055967e-01 0.000000000000000000e+00 1.637637365568172798e-01 3.039598038509896405e-01 0.000000000000000000e+00 0.000000000000000000e+00 0.000000000000000000e+00 5.120000000000000000e+02 -3.877545454545454362e+01
1.147917286295620232e-02 0.000000000000000000e+00 0.000000000000000000e+00 6.951947112335828960e-01 0.000000000000000000e+00 0.000000000000000000e+00 4.072801396334667645e-01 0.000000000000000000e+00 0.000000000000000000e+00 0.000000000000000000e+00 0.000000000000000000e+00 0.000000000000000000e+00 0.000000000000000000e+00 0.000000000000000000e+00 0.000000000000000000e+00 0.000000000000000000e+00 0.000000000000000000e+00 0.000000000000000000e+00 7.493663401887402653e-01 6.171090973345372266e-01 0.000000000000000000e+00 3.611434024668164211e-01 0.000000000000000000e+00 0.000000000000000000e+00 3.882908369590944986e-01 0.000000000000000000e+00 2.998598017427985714e-05 2.037202641634804317e-04 0.000000000000000000e+00 0.000000000000000000e+00 0.000000000000000000e+00 0.000000000000000000e+00 5.120000000000000000e+02 -1.393909090909090764e+01
0.000000000000000000e+00 0.000000000000000000e+00 0.000000000000000000e+00 0.000000000000000000e+00 0.000000000000000000e+00 0.000000000000000000e+00 0.000000000000000000e+00 0.000000000000000000e+00 0.000000000000000000e+00 0.000000000000000000e+00 0.000000000000000000e+00 0.000000000000000000e+00 1.583157291451726401e-01 0.000000000000000000e+00 0.000000000000000000e+00 0.000000000000000000e+00 0.000000000000000000e+00 0.000000000000000000e+00 0.000000000000000000e+00 3.355811459511989225e-01 0.000000000000000000e+00 1.000000000000000000e+00 0.000000000000000000e+00 0.000000000000000000e+00 0.000000000000000000e+00 0.000000000000000000e+00 0.000000000000000000e+00 0.000000000000000000e+00 0.000000000000000000e+00 0.000000000000000000e+00 0.000000000000000000e+00 0.000000000000000000e+00 5.120000000000000000e+02 -5.222727272727272663e+01
0.000000000000000000e+00 0.000000000000000000e+00 0.000000000000000000e+00 0.000000000000000000e+00 0.000000000000000000e+00 0.000000000000000000e+00 7.843005290392094375e-01 0.000000000000000000e+00 0.000000000000000000e+00 0.000000000000000000e+00 0.000000000000000000e+00 0.000000000000000000e+00 1.125275166455461801e-01 3.051606433020784825e-01 0.000000000000000000e+00 0.000000000000000000e+00 0.000000000000000000e+00 0.000000000000000000e+00 1.000000000000000000e+00 3.577272254144336916e-01 0.000000000000000000e+00 2.155983619807858576e-01 0.000000000000000000e+00 0.000000000000000000e+00 0.000000000000000000e+00 0.000000000000000000e+00 0.000000000000000000e+00 0.000000000000000000e+00 2.781985730928251965e-01 3.359397554817847853e-01 0.000000000000000000e+00 0.000000000000000000e+00 5.120000000000000000e+02 -3.343363636363636004e+01
0.000000000000000000e+00 2.558484634760987420e-01 0.000000000000000000e+00 7.226329825637923809e-01 7.952161616870823625e-08 0.000000000000000000e+00 1.000000000000000000e+00 0.000000000000000000e+00 0.000000000000000000e+00 0.000000000000000000e+00 0.000000000000000000e+00 7.034669505427294800e-02 2.684688144967282142e-01 4.014765949874549711e-01 4.202063767125526761e-01 2.291153393221397605e-01 0.000000000000000000e+00 0.000000000000000000e+00 7.815301433795681652e-01 9.771685166070426254e-01 2.853791519565567758e-01 9.760005860934054533e-01 6.243971218414410274e-01 0.000000000000000000e+00 7.626591442658117725e-02 0.000000000000000000e+00 6.770914218280735808e-01 4.728703185988207824e-01 9.999141549669171569e-01 5.225407774595171029e-01 0.000000000000000000e+00 9.683125202533936493e-01 5.120000000000000000e+02 -6.090636363636363626e+01
0.000000000000000000e+00 0.000000000000000000e+00 0.000000000000000000e+00 0.000000000000000000e+00 0.000000000000000000e+00 0.000000000000000000e+00 0.000000000000000000e+00 0.000000000000000000e+00 1.543778971236312858e-01 0.000000000000000000e+00 3.965830914409893687e-02 0.000000000000000000e+00 6.239966918219937986e-01 0.000000000000000000e+00 0.000000000000000000e+00 0.000000000000000000e+00 0.000000000000000000e+00 0.000000000000000000e+00 5.478093161166094904e-02 2.903028749629430472e-01 0.000000000000000000e+00 8.794644174504091527e-01 0.000000000000000000e+00 0.000000000000000000e+00 1.512810043471934061e-02 0.000000000000000000e+00 0.000000000000000000e+00 0.000000000000000000e+00 0.000000000000000000e+00 2.507094366479936665e-01 0.000000000000000000e+00 0.000000000000000000e+00 5.120000000000000000e+02 -4.461545454545454703e+01
0.000000000000000000e+00 0.000000000000000000e+00 0.000000000000000000e+00 0.000000000000000000e+00 0.000000000000000000e+00 0.000000000000000000e+00 7.435641549800777739e-01 0.000000000000000000e+00 0.000000000000000000e+00 0.000000000000000000e+00 0.000000000000000000e+00 0.000000000000000000e+00 4.410313915851025168e-01 0.000000000000000000e+00 0.000000000000000000e+00 0.000000000000000000e+00 0.000000000000000000e+00 0.000000000000000000e+00 2.755765586292563962e-01 1.723474157725496947e-01 0.000000000000000000e+00 0.000000000000000000e+00 0.000000000000000000e+00 0.000000000000000000e+00 0.000000000000000000e+00 0.000000000000000000e+00 0.000000000000000000e+00 0.000000000000000000e+00 1.226793074602383349e-01 7.569466109411931987e-02 0.000000000000000000e+00 0.000000000000000000e+00 5.120000000000000000e+02 -4.570636363636364052e+01
0.000000000000000000e+00 0.000000000000000000e+00 0.000000000000000000e+00 9.555706708444071384e-02 0.000000000000000000e+00 1.109269846208105481e-01 0.000000000000000000e+00 0.000000000000000000e+00 0.000000000000000000e+00 0.000000000000000000e+00 0.000000000000000000e+00 0.000000000000000000e+00 0.000000000000000000e+00 7.366303770398907602e-01 0.000000000000000000e+00 0.000000000000000000e+00 0.000000000000000000e+00 0.000000000000000000e+00 4.396567532130460018e-03 9.595124257250557953e-01 0.000000000000000000e+00 6.709052844048650766e-01 0.000000000000000000e+00 0.000000000000000000e+00 0.000000000000000000e+00 0.000000000000000000e+00 0.000000000000000000e+00 0.000000000000000000e+00 3.426067070554901228e-01 0.000000000000000000e+00 0.000000000000000000e+00 3.918227178619559936e-01 5.120000000000000000e+02 -5.090909090909091494e-01
0.000000000000000000e+00 0.000000000000000000e+00 0.000000000000000000e+00 0.000000000000000000e+00 0.000000000000000000e+00 0.000000000000000000e+00 0.000000000000000000e+00 0.000000000000000000e+00 0.000000000000000000e+00 0.000000000000000000e+00 0.000000000000000000e+00 0.000000000000000000e+00 7.088350854453796118e-05 0.000000000000000000e+00 0.000000000000000000e+00 0.000000000000000000e+00 0.000000000000000000e+00 0.000000000000000000e+00 5.705024058370991025e-01 0.000000000000000000e+00 0.000000000000000000e+00 0.000000000000000000e+00 0.000000000000000000e+00 0.000000000000000000e+00 0.000000000000000000e+00 0.000000000000000000e+00 0.000000000000000000e+00 2.307006282382802476e-01 1.000000000000000000e+00 0.000000000000000000e+00 0.000000000000000000e+00 0.000000000000000000e+00 5.120000000000000000e+02 -4.546363636363636118e+01
0.000000000000000000e+00 0.000000000000000000e+00 0.000000000000000000e+00 0.000000000000000000e+00 0.000000000000000000e+00 0.000000000000000000e+00 4.223898186697639529e-02 0.000000000000000000e+00 0.000000000000000000e+00 0.000000000000000000e+00 0.000000000000000000e+00 0.000000000000000000e+00 0.000000000000000000e+00 3.025690444364949674e-02 0.000000000000000000e+00 0.000000000000000000e+00 0.000000000000000000e+00 0.000000000000000000e+00 3.446620862727695633e-01 0.000000000000000000e+00 0.000000000000000000e+00 5.386195213728227696e-03 1.316840313637341817e-02 0.000000000000000000e+00 0.000000000000000000e+00 0.000000000000000000e+00 0.000000000000000000e+00 2.541890249172965022e-03 0.000000000000000000e+00 0.000000000000000000e+00 0.000000000000000000e+00 0.000000000000000000e+00 5.120000000000000000e+02 -1.084272727272727366e+01
0.000000000000000000e+00 3.690699864614769080e-03 0.000000000000000000e+00 0.000000000000000000e+00 0.000000000000000000e+00 0.000000000000000000e+00 4.876468443262230723e-01 0.000000000000000000e+00 0.000000000000000000e+00 0.000000000000000000e+00 0.000000000000000000e+00 0.000000000000000000e+00 2.923078560031428519e-01 0.000000000000000000e+00 0.000000000000000000e+00 1.263044749725541205e-01 0.000000000000000000e+00 0.000000000000000000e+00 3.489391684661145160e-03 6.610344218425495688e-02 1.299217161979185353e-01 5.623860207683218926e-01 2.751027297031111369e-04 0.000000000000000000e+00 2.549458648116783577e-01 0.000000000000000000e+00 0.000000000000000000e+00 0.000000000000000000e+00 5.990283638993323390e-01 0.000000000000000000e+00 0.000000000000000000e+00 8.881717148649925786e-02 5.120000000000000000e+02 -3.267545454545454930e+01
0.000000000000000000e+00 2.498484279864915669e-01 0.000000000000000000e+00 2.973106792637836837e-01 0.000000000000000000e+00 0.000000000000000000e+00 1.000000000000000000e+00 0.000000000000000000e+00 0.000000000000000000e+00 0.000000000000000000e+00 2.140251759088838977e-13 1.213209109950760551e-03 0.000000000000000000e+00 7.185256509942651304e-01 0.000000000000000000e+00 1.041446436347493315e-01 0.000000000000000000e+00 0.000000000000000000e+00 4.084691953660181118e-01 3.568171423637518935e-01 3.424236802893225184e-01 2.489438429060864266e-01 2.078242676707411224e-02 0.000000000000000000e+00 2.154438413292028842e-01 0.000000000000000000e+00 1.555429180925321786e-01 0.000000000000000000e+00 0.000000000000000000e+00 0.000000000000000000e+00 0.000000000000000000e+00 0.000000000000000000e+00 5.120000000000000000e+02 -4.766090909090908667e+01
0.000000000000000000e+00 0.000000000000000000e+00 0.000000000000000000e+00 0.000000000000000000e+00 0.000000000000000000e+00 0.000000000000000000e+00 6.167506832087205071e-01 1.000000000000000000e+00 0.000000000000000000e+00 0.000000000000000000e+00 0.000000000000000000e+00 0.000000000000000000e+00 0.000000000000000000e+00 0.000000000000000000e+00 0.000000000000000000e+00 0.000000000000000000e+00 0.000000000000000000e+00 0.000000000000000000e+00 3.170042906875477629e-01 0.000000000000000000e+00 0.000000000000000000e+00 0.000000000000000000e+00 0.000000000000000000e+00 0.000000000000000000e+00 0.000000000000000000e+00 0.000000000000000000e+00 0.000000000000000000e+00 0.000000000000000000e+00 0.000000000000000000e+00 0.000000000000000000e+00 0.000000000000000000e+00 0.000000000000000000e+00 5.120000000000000000e+02 -6.574545454545453538e+01
0.000000000000000000e+00 0.000000000000000000e+00 0.000000000000000000e+00 5.005536576972150486e-01 0.000000000000000000e+00 0.000000000000000000e+00 0.000000000000000000e+00 0.000000000000000000e+00 0.000000000000000000e+00 0.000000000000000000e+00 0.000000000000000000e+00 0.000000000000000000e+00 0.000000000000000000e+00 0.000000000000000000e+00 0.000000000000000000e+00 0.000000000000000000e+00 0.000000000000000000e+00 0.000000000000000000e+00 1.104251004044966705e-01 0.000000000000000000e+00 0.000000000000000000e+00 3.708821134199080660e-02 0.000000000000000000e+00 0.000000000000000000e+00 2.896082411533843493e-01 0.000000000000000000e+00 0.000000000000000000e+00 0.000000000000000000e+00 0.000000000000000000e+00 9.869729990637150785e-02 0.000000000000000000e+00 0.000000000000000000e+00 5.120000000000000000e+02 -1.257272727272727053e+01
0.000000000000000000e+00 0.000000000000000000e+00 0.000000000000000000e+00 5.900049645862165404e-01 0.000000000000000000e+00 0.000000000000000000e+00 0.000000000000000000e+00 0.000000000000000000e+00 0.000000000000000000e+00 8.314556866714385014e-03 0.000000000000000000e+00 0.000000000000000000e+00 0.000000000000000000e+00 1.000000000000000000e+00 0.000000000000000000e+00 0.000000000000000000e+00 0.000000000000000000e+00 0.000000000000000000e+00 1.000000000000000000e+00 8.744139282627489962e-01 0.000000000000000000e+00 9.859489837248424093e-01 0.000000000000000000e+00 0.000000000000000000e+00 0.000000000000000000e+00 0.000000000000000000e+00 0.000000000000000000e+00 0.000000000000000000e+00 3.540314193285532679e-02 0.000000000000000000e+00 0.000000000000000000e+00 8.656459423679980780e-01 5.120000000000000000e+02 -1.974272727272727579e+01
0.000000000000000000e+00 9.241297539414851103e-01 6.525163878736456453e-06 9.502930956681603092e-02 0.000000000000000000e+00 0.000000000000000000e+00 1.000000000000000000e+00 0.000000000000000000e+00 0.000000000000000000e+00 3.977057906557492339e-05 0.000000000000000000e+00 4.191764683617899001e-01 3.034265416238614010e-01 0.000000000000000000e+00 7.550712755334483550e-02 6.330020046718899673e-02 0.000000000000000000e+00 9.791918753660976416e-01 6.084351926950796186e-01 4.756250600508052928e-01 2.550531310683838981e-01 1.000000000000000000e+00 0.000000000000000000e+00 0.000000000000000000e+00 2.941018817528626150e-01 0.000000000000000000e+00 9.091029726930005550e-02 4.327924649293264474e-03 1.128395362475344554e-01 0.000000000000000000e+00 0.000000000000000000e+00 0.000000000000000000e+00 5.120000000000000000e+02 -5.407272727272727764e+01
0.000000000000000000e+00 0.000000000000000000e+00 0.000000000000000000e+00 0.000000000000000000e+00 0.000000000000000000e+00 0.000000000000000000e+00 6.718020090280372170e-01 0.000000000000000000e+00 0.000000000000000000e+00 0.000000000000000000e+00 0.000000000000000000e+00 0.000000000000000000e+00 1.509301232172449159e-01 0.000000000000000000e+00 0.000000000000000000e+00 0.000000000000000000e+00 0.000000000000000000e+00 0.000000000000000000e+00 6.507149161697382000e-01 0.000000000000000000e+00 0.000000000000000000e+00 2.548803754628158058e-02 0.000000000000000000e+00 0.000000000000000000e+00 0.000000000000000000e+00 0.000000000000000000e+00 0.000000000000000000e+00 0.000000000000000000e+00 0.000000000000000000e+00 0.000000000000000000e+00 0.000000000000000000e+00 1.684311691143354217e-01 5.120000000000000000e+02 -4.250909090909090793e+01
0.000000000000000000e+00 0.000000000000000000e+00 0.000000000000000000e+00 2.935094147918584136e-03 0.000000000000000000e+00 0.000000000000000000e+00 9.994319046299856568e-01 0.000000000000000000e+00 4.272592542406745790e-03 0.000000000000000000e+00 0.000000000000000000e+00 0.000000000000000000e+00 0.000000000000000000e+00 5.245465353315280632e-01 0.000000000000000000e+00 1.809807857346336585e-03 0.000000000000000000e+00 0.000000000000000000e+00 1.169727694088179420e-01 7.978935066641091450e-03 1.337864755640864045e-01 3.226166318510783615e-01 0.000000000000000000e+00 0.000000000000000000e+00 5.518782906448439600e-03 0.000000000000000000e+00 1.153489603513257111e-03 0.000000000000000000e+00 7.555857784902965391e-02 1.182760198082442871e-02 0.000000000000000000e+00 0.000000000000000000e+00 5.120000000000000000e+02 -2.881818181818181657e+01
1.321140799293123169e-01 0.000000000000000000e+00 2.978387320210915123e-01 0.000000000000000000e+00 2.892147891508104265e-02 0.000000000000000000e+00 1.000000000000000000e+00 0.000000000000000000e+00 0.000000000000000000e+00 7.102791773562497596e-08 0.000000000000000000e+00 2.460413068445116772e-02 6.299386760387567508e-01 5.591096586288079040e-01 3.670463091890039942e-01 0.000000000000000000e+00 0.000000000000000000e+00 0.000000000000000000e+00 5.395341459462540401e-01 8.466872912386328442e-01 1.056543038581153442e-02 9.422387990336632546e-01 3.925528384566740470e-01 0.000000000000000000e+00 6.787934192923561483e-02 0.000000000000000000e+00 0.000000000000000000e+00 6.126836913314834820e-01 1.139996951787804191e-02 2.186581292084532543e-02 0.000000000000000000e+00 7.108205027411359511e-01 5.120000000000000000e+02 -5.120909090909091788e+01
0.000000000000000000e+00 0.000000000000000000e+00 1.796504513897874411e-01 3.313653869855649470e-01 0.000000000000000000e+00 0.000000000000000000e+00 4.209071288994356563e-02 0.000000000000000000e+00 0.000000000000000000e+00 0.000000000000000000e+00 0.000000000000000000e+00 0.000000000000000000e+00 2.947951154062672385e-01 0.000000000000000000e+00 0.000000000000000000e+00 0.000000000000000000e+00 0.000000000000000000e+00 0.000000000000000000e+00 3.978909828205131061e-01 9.999142240157484762e-01 4.321497346099472114e-01 5.058926835048499493e-01 0.000000000000000000e+00 0.000000000000000000e+00 3.909503603337445288e-01 0.000000000000000000e+00 0.000000000000000000e+00 0.000000000000000000e+00 9.047764071806491115e-03 2.598671450958384989e-04 0.000000000000000000e+00 0.000000000000000000e+00 5.120000000000000000e+02 -4.488454545454545297e+01
0.000000000000000000e+00 0.000000000000000000e+00 0.000000000000000000e+00 0.000000000000000000e+00 0.000000000000000000e+00 0.000000000000000000e+00 1.191204193505611408e-02 0.000000000000000000e+00 0.000000000000000000e+00 0.000000000000000000e+00 0.000000000000000000e+00 0.000000000000000000e+00 2.357813885617827676e-01 1.095092257136665859e-01 0.000000000000000000e+00 0.000000000000000000e+00 0.000000000000000000e+00 0.000000000000000000e+00 0.000000000000000000e+00 2.617500737348553777e-02 0.000000000000000000e+00 0.000000000000000000e+00 2.289530585108542349e-01 0.000000000000000000e+00 0.000000000000000000e+00 0.000000000000000000e+00 0.000000000000000000e+00 0.000000000000000000e+00 0.000000000000000000e+00 0.000000000000000000e+00 0.000000000000000000e+00 0.000000000000000000e+00 5.120000000000000000e+02 -1.472727272727272663e+00
0.000000000000000000e+00 0.000000000000000000e+00 0.000000000000000000e+00 0.000000000000000000e+00 0.000000000000000000e+00 1.191688492479675704e-01 7.776882662748108022e-01 1.946659643566280851e-01 0.000000000000000000e+00 0.000000000000000000e+00 0.000000000000000000e+00 0.000000000000000000e+00 0.000000000000000000e+00 0.000000000000000000e+00 0.000000000000000000e+00 0.000000000000000000e+00 0.000000000000000000e+00 0.000000000000000000e+00 0.000000000000000000e+00 9.118520569089058059e-01 0.000000000000000000e+00 0.000000000000000000e+00 0.000000000000000000e+00 0.000000000000000000e+00 3.904429863937671462e-03 0.000000000000000000e+00 0.000000000000000000e+00 1.000000000000000000e+00 0.000000000000000000e+00 0.000000000000000000e+00 3.061868304355225973e-02 0.000000000000000000e+00 5.120000000000000000e+02 -1.218181818181818032e+00
0.000000000000000000e+00 0.000000000000000000e+00 0.000000000000000000e+00 0.000000000000000000e+00 0.000000000000000000e+00 0.000000000000000000e+00 0.000000000000000000e+00 0.000000000000000000e+00 0.000000000000000000e+00 0.000000000000000000e+00 0.000000000000000000e+00 0.000000000000000000e+00 3.560406175649259430e-01 0.000000000000000000e+00 0.000000000000000000e+00 0.000000000000000000e+00 0.000000000000000000e+00 0.000000000000000000e+00 0.000000000000000000e+00 0.000000000000000000e+00 1.613989820442998657e-01 0.000000000000000000e+00 0.000000000000000000e+00 0.000000000000000000e+00 0.000000000000000000e+00 0.000000000000000000e+00 0.000000000000000000e+00 5.604061236687835068e-02 0.000000000000000000e+00 0.000000000000000000e+00 0.000000000000000000e+00 0.000000000000000000e+00 5.120000000000000000e+02 -5.031181818181817533e+01
0.000000000000000000e+00 0.000000000000000000e+00 0.000000000000000000e+00 0.000000000000000000e+00 0.000000000000000000e+00 0.000000000000000000e+00 1.053641575578609935e-01 0.000000000000000000e+00 0.000000000000000000e+00 0.000000000000000000e+00 0.000000000000000000e+00 0.000000000000000000e+00 0.000000000000000000e+00 5.451454018387019707e-01 0.000000000000000000e+00 1.580999256419749269e-02 0.000000000000000000e+00 0.000000000000000000e+00 0.000000000000000000e+00 0.000000000000000000e+00 0.000000000000000000e+00 2.101895426696137881e-01 0.000000000000000000e+00 9.300413768843662776e-02 0.000000000000000000e+00 0.000000000000000000e+00 0.000000000000000000e+00 0.000000000000000000e+00 0.000000000000000000e+00 0.000000000000000000e+00 0.000000000000000000e+00 0.000000000000000000e+00 5.120000000000000000e+02 -4.181818181818181546e-01
0.000000000000000000e+00 3.380875851286660721e-03 0.000000000000000000e+00 0.000000000000000000e+00 0.000000000000000000e+00 0.000000000000000000e+00 0.000000000000000000e+00 0.000000000000000000e+00 0.000000000000000000e+00 0.000000000000000000e+00 0.000000000000000000e+00 0.000000000000000000e+00 0.000000000000000000e+00 0.000000000000000000e+00 0.000000000000000000e+00 4.407611967340192005e-01 0.000000000000000000e+00 0.000000000000000000e+00 0.000000000000000000e+00 5.405709710437135440e-01 0.000000000000000000e+00 2.619761001254561697e-02 0.000000000000000000e+00 0.000000000000000000e+00 0.000000000000000000e+00 0.000000000000000000e+00 0.000000000000000000e+00 8.452266642914822992e-01 0.000000000000000000e+00 0.000000000000000000e+00 0.000000000000000000e+00 0.000000000000000000e+00 5.120000000000000000e+02 -7.700000000000000178e-01
0.000000000000000000e+00 0.000000000000000000e+00 0.000000000000000000e+00 1.282296145478625284e-02 0.000000000000000000e+00 0.000000000000000000e+00 1.938851079707837044e-01 0.000000000000000000e+00 0.000000000000000000e+00 0.000000000000000000e+00 0.000000000000000000e+00 0.000000000000000000e+00 4.370593191841928848e-01 2.242240188714206550e-01 0.000000000000000000e+00 9.318028628914425404e-01 0.000000000000000000e+00 0.000000000000000000e+00 1.574020005184007531e-01 4.575553160975056599e-01 5.246245237441434783e-01 0.000000000000000000e+00 0.000000000000000000e+00 0.000000000000000000e+00 1.026091081679310346e-01 0.000000000000000000e+00 0.000000000000000000e+00 0.000000000000000000e+00 6.173067314227310698e-01 0.000000000000000000e+00 0.000000000000000000e+00 0.000000000000000000e+00 5.120000000000000000e+02 -6.335454545454545183e+01
0.000000000000000000e+00 5.293740747555244486e-01 0.000000000000000000e+00 0.000000000000000000e+00 0.000000000000000000e+00 0.000000000000000000e+00 2.900019668026687092e-01 0.000000000000000000e+00 0.000000000000000000e+00 0.000000000000000000e+00 0.000000000000000000e+00 0.000000000000000000e+00 1.340404518491534747e-01 0.000000000000000000e+00 0.000000000000000000e+00 1.000000000000000000e+00 0.000000000000000000e+00 4.493241577971959083e-02 0.000000000000000000e+00 9.405024521982776609e-01 0.000000000000000000e+00 9.990388619971649620e-01 2.195452698394056751e-04 0.000000000000000000e+00 5.629933410942968841e-01 0.000000000000000000e+00 0.000000000000000000e+00 0.000000000000000000e+00 3.004720247859556381e-01 0.000000000000000000e+00 0.000000000000000000e+00 0.000000000000000000e+00 5.120000000000000000e+02 -3.520909090909090544e+00
0.000000000000000000e+00 0.000000000000000000e+00 0.000000000000000000e+00 0.000000000000000000e+00 0.000000000000000000e+00 0.000000000000000000e+00 7.995839134235697143e-01 0.000000000000000000e+00 0.000000000000000000e+00 0.000000000000000000e+00 0.000000000000000000e+00 4.608198927116981536e-01 2.601400156301428290e-01 5.853358331729635600e-01 0.000000000000000000e+00 0.000000000000000000e+00 0.000000000000000000e+00 0.000000000000000000e+00 9.937853610183728925e-01 2.777498956819791226e-02 3.025289469869066883e-01 3.919772293599417257e-01 0.000000000000000000e+00 0.000000000000000000e+00 3.652743289861674625e-01 0.000000000000000000e+00 0.000000000000000000e+00 0.000000000000000000e+00 0.000000000000000000e+00 0.000000000000000000e+00 0.000000000000000000e+00 0.000000000000000000e+00 5.120000000000000000e+02 -4.734818181818181415e+01
0.000000000000000000e+00 0.000000000000000000e+00 0.000000000000000000e+00 3.808538158290428188e-02 0.000000000000000000e+00 0.000000000000000000e+00 5.031438222593966891e-01 0.000000000000000000e+00 0.000000000000000000e+00 0.000000000000000000e+00 0.000000000000000000e+00 0.000000000000000000e+00 1.973986526084392631e-04 1.201353825782282142e-01 0.000000000000000000e+00 2.414713145872340039e-01 0.000000000000000000e+00 0.000000000000000000e+00 0.000000000000000000e+00 0.000000000000000000e+00 0.000000000000000000e+00 1.206862879637383285e-02 0.000000000000000000e+00 0.000000000000000000e+00 0.000000000000000000e+00 0.000000000000000000e+00 0.000000000000000000e+00 0.000000000000000000e+00 0.000000000000000000e+00 0.000000000000000000e+00 0.000000000000000000e+00 0.000000000000000000e+00 5.120000000000000000e+02 -3.818181818181818343e-01
0.000000000000000000e+00 0.000000000000000000e+00 0.000000000000000000e+00 0.000000000000000000e+00 0.000000000000000000e+00 0.000000000000000000e+00 0.000000000000000000e+00 0.000000000000000000e+00 0.000000000000000000e+00 0.000000000000000000e+00 0.000000000000000000e+00 2.886416840975702253e-02 8.959051946237356345e-02 5.990179705255257504e-05 0.000000000000000000e+00 0.000000000000000000e+00 0.000000000000000000e+00 0.000000000000000000e+00 2.749563428030305651e-03 1.239887942632207779e-01 3.201318260041903139e-05 2.855835618004123888e-01 0.000000000000000000e+00 0.000000000000000000e+00 0.000000000000000000e+00 5.103596704137379481e-02 0.000000000000000000e+00 0.000000000000000000e+00 7.148879575944715459e-01 0.000000000000000000e+00 0.000000000000000000e+00 0.000000000000000000e+00 5.120000000000000000e+02 -1.952454545454545709e+01
0.000000000000000000e+00 0.000000000000000000e+00 0.000000000000000000e+00 1.329531729630941198e-02 0.000000000000000000e+00 0.000000000000000000e+00 7.626130643304034340e-01 0.000000000000000000e+00 0.000000000000000000e+00 0.000000000000000000e+00 0.000000000000000000e+00 1.695395047113679690e-06 9.877406930216708902e-01 3.294107468998616062e-01 0.000000000000000000e+00 3.456604787517923993e-01 0.000000000000000000e+00 0.000000000000000000e+00 0.000000000000000000e+00 9.743192290822830781e-01 6.436101294716710663e-01 5.368177715945069428e-01 4.591130021180903076e-01 0.000000000000000000e+00 0.000000000000000000e+00 0.000000000000000000e+00 0.000000000000000000e+00 0.000000000000000000e+00 2.264335737661600512e-01 0.000000000000000000e+00 0.000000000000000000e+00 4.822957366153283743e-01 5.120000000000000000e+02 -2.971818181818181515e+01
0.000000000000000000e+00 0.000000000000000000e+00 0.000000000000000000e+00 1.028178140699557847e-01 0.000000000000000000e+00 0.000000000000000000e+00 0.000000000000000000e+00 0.000000000000000000e+00 0.000000000000000000e+00 0.000000000000000000e+00 0.000000000000000000e+00 0.000000000000000000e+00 0.000000000000000000e+00 0.000000000000000000e+00 0.000000000000000000e+00 0.000000000000000000e+00 0.000000000000000000e+00 0.000000000000000000e+00 0.000000000000000000e+00 0.000000000000000000e+00 0.000000000000000000e+00 0.000000000000000000e+00 0.000000000000000000e+00 0.000000000000000000e+00 0.000000000000000000e+00 2.248050310895186588e-01 1.635764271789025281e-02 1.803505033726258977e-01 0.000000000000000000e+00 0.000000000000000000e+00 0.000000000000000000e+00 0.000000000000000000e+00 5.120000000000000000e+02 -2.363636363636363591e-01
0.000000000000000000e+00 0.000000000000000000e+00 5.104806691358528686e-02 1.655439566415345398e-01 0.000000000000000000e+00 0.000000000000000000e+00 8.092954254872096742e-01 0.000000000000000000e+00 0.000000000000000000e+00 0.000000000000000000e+00 0.000000000000000000e+00 4.400836403960434878e-02 3.032524589368750245e-01 0.000000000000000000e+00 0.000000000000000000e+00 9.503415074758847503e-01 0.000000000000000000e+00 0.000000000000000000e+00 7.108090281144514577e-01 9.530318919102105379e-01 1.369320354912485251e-02 5.687646342825719570e-01 7.838507085347541301e-03 0.000000000000000000e+00 1.200748305648434294e-01 9.405805557206740053e-01 0.000000000000000000e+00 0.000000000000000000e+00 6.779825157087295828e-01 1.481870801853139019e-01 0.000000000000000000e+00 1.181232213597325316e-03 5.120000000000000000e+02 -6.078181818181818130e+01
0.000000000000000000e+00 0.000000000000000000e+00 0.000000000000000000e+00 0.000000000000000000e+00 0.000000000000000000e+00 0.000000000000000000e+00 0.000000000000000000e+00 6.482554553227391769e-02 0.000000000000000000e+00 0.000000000000000000e+00 0.000000000000000000e+00 0.000000000000000000e+00 0.000000000000000000e+00 0.000000000000000000e+00 0.000000000000000000e+00 0.000000000000000000e+00 0.000000000000000000e+00 0.000000000000000000e+00 0.000000000000000000e+00 0.000000000000000000e+00 0.000000000000000000e+00 0.000000000000000000e+00 0.000000000000000000e+00 0.000000000000000000e+00 0.000000000000000000e+00 0.000000000000000000e+00 0.000000000000000000e+00 0.000000000000000000e+00 1.359578730979935646e-01 0.000000000000000000e+00 0.000000000000000000e+00 0.000000000000000000e+00 5.120000000000000000e+02 -6.466636363636362717e+01
0.000000000000000000e+00 0.000000000000000000e+00 0.000000000000000000e+00 0.000000000000000000e+00 0.000000000000000000e+00 0.000000000000000000e+00 9.069136777078184997e-01 0.000000000000000000e+00 0.000000000000000000e+00 0.000000000000000000e+00 0.000000000000000000e+00 0.000000000000000000e+00 0.000000000000000000e+00 0.000000000000000000e+00 0.000000000000000000e+00 1.983704306141698126e-02 0.000000000000000000e+00 0.000000000000000000e+00 5.929040412429407159e-01 5.619867734285103472e-02 2.559620980629092463e-02 1.462265352859065948e-01 0.000000000000000000e+00 0.000000000000000000e+00 1.278042831526358849e-04 0.000000000000000000e+00 0.000000000000000000e+00 0.000000000000000000e+00 6.861524320698503699e-04 0.000000000000000000e+00 0.000000000000000000e+00 0.000000000000000000e+00 5.120000000000000000e+02 -4.300000000000000000e+01
0.000000000000000000e+00 6.792534300015635844e-03 0.000000000000000000e+00 0.000000000000000000e+00 0.000000000000000000e+00 0.000000000000000000e+00 2.350335878730544850e-02 0.000000000000000000e+00 0.000000000000000000e+00 0.000000000000000000e+00 0.000000000000000000e+00 0.000000000000000000e+00 0.000000000000000000e+00 0.000000000000000000e+00 0.000000000000000000e+00 1.631886418958185259e-02 0.000000000000000000e+00 0.000000000000000000e+00 0.000000000000000000e+00 1.000000000000000000e+00 2.327078730066469703e-01 0.000000000000000000e+00 4.353617189362570250e-01 0.000000000000000000e+00 2.973041291108023954e-01 0.000000000000000000e+00 2.632667750374797361e-02 0.000000000000000000e+00 7.040345376945478240e-01 0.000000000000000000e+00 0.000000000000000000e+00 0.000000000000000000e+00 5.120000000000000000e+02 -7.848181818181817704e+00
0.000000000000000000e+00 0.000000000000000000e+00 0.000000000000000000e+00 0.000000000000000000e+00 0.000000000000000000e+00 1.868899191021643202e-02 0.000000000000000000e+00 0.000000000000000000e+00 0.000000000000000000e+00 0.000000000000000000e+00 0.000000000000000000e+00 0.000000000000000000e+00 1.698074291770937730e-02 6.557764309452901452e-02 0.000000000000000000e+00 0.000000000000000000e+00 0.000000000000000000e+00 0.000000000000000000e+00 0.000000000000000000e+00 9.000624379128768782e-01 6.258654553367613005e-01 2.206145026867400993e-01 0.000000000000000000e+00 0.000000000000000000e+00 0.000000000000000000e+00 0.000000000000000000e+00 3.704990958207488635e-03 0.000000000000000000e+00 0.000000000000000000e+00 0.000000000000000000e+00 0.000000000000000000e+00 0.000000000000000000e+00 5.120000000000000000e+02 -1.064272727272727259e+01
0.000000000000000000e+00 0.000000000000000000e+00 0.000000000000000000e+00 0.000000000000000000e+00 0.000000000000000000e+00 0.000000000000000000e+00 4.328127549050391210e-01 0.000000000000000000e+00 0.000000000000000000e+00 0.000000000000000000e+00 0.000000000000000000e+00 1.650580501129397457e-02 3.194770998268998685e-01 5.197556289200362389e-01 0.000000000000000000e+00 0.000000000000000000e+00 0.000000000000000000e+00 0.000000000000000000e+00 2.036426335620336592e-01 8.815604840837933942e-01 0.000000000000000000e+00 2.570577245261215782e-01 0.000000000000000000e+00 0.000000000000000000e+00 1.251254191019199411e-03 0.000000000000000000e+00 0.000000000000000000e+00 0.000000000000000000e+00 1.176895910459735753e-02 0.000000000000000000e+00 0.000000000000000000e+00 0.000000000000000000e+00 5.120000000000000000e+02 -4.431545454545454987e+01
0.000000000000000000e+00 1.590193428449240137e-02 0.000000000000000000e+00 2.803223644138779225e-01 7.916097711863637892e-03 0.000000000000000000e+00 8.221078978028607542e-01 0.000000000000000000e+00 0.000000000000000000e+00 0.000000000000000000e+00 0.000000000000000000e+00 6.709645740850519145e-03 1.000000000000000000e+00 0.000000000000000000e+00 0.000000000000000000e+00 4.137627457612883530e-01 0.000000000000000000e+00 0.000000000000000000e+00 5.881712369909378735e-01 2.660236961353954280e-02 1.091353777182578061e-01 1.000000000000000000e+00 0.000000000000000000e+00 0.000000000000000000e+00 1.000000000000000000e+00 0.000000000000000000e+00 0.000000000000000000e+00 9.701081980238730916e-08 3.821871388676828518e-01 0.000000000000000000e+00 0.000000000000000000e+00 0.000000000000000000e+00 5.120000000000000000e+02 -5.869727272727273260e+01
0.000000000000000000e+00 0.000000000000000000e+00 1.035955290211385688e-01 2.645786705215115719e-01 0.000000000000000000e+00 0.000000000000000000e+00 0.000000000000000000e+00 0.000000000000000000e+00 0.000000000000000000e+00 0.000000000000000000e+00 0.000000000000000000e+00 0.000000000000000000e+00 1.020426606366920258e-01 6.030658852122084967e-01 0.000000000000000000e+00 9.047510192557027542e-03 0.000000000000000000e+00 0.000000000000000000e+00 2.800138606919595069e-03 2.654310404332848039e-01 7.893753711411584106e-01 0.000000000000000000e+00 4.897164535815633213e-02 0.000000000000000000e+00 0.000000000000000000e+00 0.000000000000000000e+00 0.000000000000000000e+00 9.818358923380886630e-03 0.000000000000000000e+00 1.157862386962656004e-01 0.000000000000000000e+00 0.000000000000000000e+00 5.120000000000000000e+02 -1.772090909090908895e+01
0.000000000000000000e+00 1.000000000000000000e+00 0.000000000000000000e+00 8.193569892090745155e-01 0.000000000000000000e+00 0.000000000000000000e+00 9.984729472413113038e-01 0.000000000000000000e+00 0.000000000000000000e+00 0.000000000000000000e+00 0.000000000000000000e+00 2.861871020957380551e-01 5.384557825474644011e-01 1.750426548065653343e-01 0.000000000000000000e+00 4.835670353583629288e-01 0.000000000000000000e+00 0.000000000000000000e+00 8.611001319965210232e-01 5.070105165074116904e-01 4.807303535938840522e-01 1.000000000000000000e+00 2.717042399241344497e-01 0.000000000000000000e+00 2.548791944887620065e-01 4.882538835344603454e-04 1.698119599883119724e-01 6.334128672229653867e-02 2.129995351138739557e-01 4.471078362744931091e-05 0.000000000000000000e+00 5.880151039818287684e-02 5.120000000000000000e+02 -6.622090909090908895e+01
0.000000000000000000e+00 4.519010370893106199e-02 0.000000000000000000e+00 9.999767645144872485e-01 0.000000000000000000e+00 0.000000000000000000e+00 8.811556431689594460e-01 0.000000000000000000e+00 0.000000000000000000e+00 0.000000000000000000e+00 0.000000000000000000e+00 2.044366786780756062e-02 2.823469300130065224e-02 4.133316620679968519e-04 0.000000000000000000e+00 0.000000000000000000e+00 0.000000000000000000e+00 0.000000000000000000e+00 2.081423054391154936e-01 6.244419195917898513e-01 0.000000000000000000e+00 9.001395580796318630e-01 7.087616541186997354e-01 0.000000000000000000e+00 2.106832900392081598e-01 2.860915123727130263e-02 0.000000000000000000e+00 9.326228684302852873e-03 4.717688242978615443e-02 0.000000000000000000e+00 0.000000000000000000e+00 2.786857602666793499e-01 5.120000000000000000e+02 -2.997909090909091390e+01
0.000000000000000000e+00 0.000000000000000000e+00 0.000000000000000000e+00 0.000000000000000000e+00 0.000000000000000000e+00 0.000000000000000000e+00 0.000000000000000000e+00 0.000000000000000000e+00 0.000000000000000000e+00 0.000000000000000000e+00 0.000000000000000000e+00 0.000000000000000000e+00 0.000000000000000000e+00 0.000000000000000000e+00 0.000000000000000000e+00 0.000000000000000000e+00 0.000000000000000000e+00 0.000000000000000000e+00 0.000000000000000000e+00 0.000000000000000000e+00 0.000000000000000000e+00 1.887339014481398680e-01 0.000000000000000000e+00 0.000000000000000000e+00 0.000000000000000000e+00 0.000000000000000000e+00 0.000000000000000000e+00 0.000000000000000000e+00 0.000000000000000000e+00 0.000000000000000000e+00 0.000000000000000000e+00 0.000000000000000000e+00 5.120000000000000000e+02 -6.101818181818182296e+01
0.000000000000000000e+00 0.000000000000000000e+00 0.000000000000000000e+00 0.000000000000000000e+00 0.000000000000000000e+00 0.000000000000000000e+00 2.933977434689843955e-01 0.000000000000000000e+00 0.000000000000000000e+00 0.000000000000000000e+00 0.000000000000000000e+00 0.000000000000000000e+00 3.274778954683244675e-02 1.415748886166878773e-01 0.000000000000000000e+00 0.000000000000000000e+00 0.000000000000000000e+00 0.000000000000000000e+00 0.000000000000000000e+00 4.695263128735658320e-01 0.000000000000000000e+00 0.000000000000000000e+00 0.000000000000000000e+00 0.000000000000000000e+00 0.000000000000000000e+00 0.000000000000000000e+00 0.000000000000000000e+00 0.000000000000000000e+00 3.817265865928592961e-01 0.000000000000000000e+00 0.000000000000000000e+00 2.486566100505297958e-02 5.120000000000000000e+02 -1.109090909090909127e+00
0.000000000000000000e+00 0.000000000000000000e+00 0.000000000000000000e+00 7.663499059217625531e-01 0.000000000000000000e+00 0.000000000000000000e+00 7.699350637845072676e-01 0.000000000000000000e+00 0.000000000000000000e+00 0.000000000000000000e+00 0.000000000000000000e+00 0.000000000000000000e+00 0.000000000000000000e+00 7.295322304881367570e-01 0.000000000000000000e+00 0.000000000000000000e+00 0.000000000000000000e+00 0.000000000000000000e+00 1.688683931071260913e-02 0.000000000000000000e+00 0.000000000000000000e+00 1.450499562795052322e-01 1.657850281264468739e-03 0.000000000000000000e+00 0.000000000000000000e+00 9.702372940047554462e-02 0.000000000000000000e+00 0.000000000000000000e+00 0.000000000000000000e+00 0.000000000000000000e+00 0.000000000000000000e+00 0.000000000000000000e+00 5.120000000000000000e+02 -1.403909090909090729e+01
0.000000000000000000e+00 3.694010977185645185e-04 0.000000000000000000e+00 1.930344780077617806e-03 0.000000000000000000e+00 0.000000000000000000e+00 6.770245876577626332e-01 0.000000000000000000e+00 0.000000000000000000e+00 0.000000000000000000e+00 0.000000000000000000e+00 0.000000000000000000e+00 6.606026845156613182e-03 9.997536353442995072e-01 0.000000000000000000e+00 0.000000000000000000e+00 0.000000000000000000e+00 0.000000000000000000e+00 9.456680737185878607e-03 3.560015353650855530e-01 2.954842752502854467e-05 2.512597658414085847e-02 5.856412380263036413e-03 0.000000000000000000e+00 2.162039911054128294e-01 0.000000000000000000e+00 5.248073924236604793e-01 1.904665807979228059e-03 3.137825551750893227e-02 0.000000000000000000e+00 0.000000000000000000e+00 1.812918010780952341e-02 5.120000000000000000e+02 -1.061545454545454525e+01
0.000000000000000000e+00 0.000000000000000000e+00 1.017531431614488724e-01 0.000000000000000000e+00 0.000000000000000000e+00 0.000000000000000000e+00 7.634298198503822741e-01 0.000000000000000000e+00 0.000000000000000000e+00 0.000000000000000000e+00 0.000000000000000000e+00 1.423419886457242545e-01 6.149621494225866458e-01 3.747567522251940009e-01 0.000000000000000000e+00 3.783999920857071819e-01 0.000000000000000000e+00 0.000000000000000000e+00 1.000000000000000000e+00 9.815097633937839294e-01 1.355358810014027637e-02 9.192682621376845331e-01 6.171910388443034856e-01 0.000000000000000000e+00 1.549882400766473822e-02 2.658616812429117062e-05 0.000000000000000000e+00 2.399615697773883893e-01 2.760039238035917664e-06 1.886160306499332917e-01 0.000000000000000000e+00 0.000000000000000000e+00 5.120000000000000000e+02 -6.467545454545454220e+01
0.000000000000000000e+00 0.000000000000000000e+00 0.000000000000000000e+00 0.000000000000000000e+00 0.000000000000000000e+00 0.000000000000000000e+00 7.371619738956705081e-01 0.000000000000000000e+00 0.000000000000000000e+00 0.000000000000000000e+00 0.000000000000000000e+00 0.000000000000000000e+00 0.000000000000000000e+00 0.000000000000000000e+00 0.000000000000000000e+00 0.000000000000000000e+00 0.000000000000000000e+00 0.000000000000000000e+00 0.000000000000000000e+00 8.240049274127068113e-01 0.000000000000000000e+00 7.668927239619007796e-01 0.000000000000000000e+00 0.000000000000000000e+00 0.000000000000000000e+00 0.000000000000000000e+00 0.000000000000000000e+00 0.000000000000000000e+00 0.000000000000000000e+00 0.000000000000000000e+00 0.000000000000000000e+00 0.000000000000000000e+00 5.120000000000000000e+02 -4.583909090909091333e+01
0.000000000000000000e+00 0.000000000000000000e+00 0.000000000000000000e+00 0.000000000000000000e+00 0.000000000000000000e+00 0.000000000000000000e+00 1.093586110908617397e-02 0.000000000000000000e+00 0.000000000000000000e+00 0.000000000000000000e+00 0.000000000000000000e+00 0.000000000000000000e+00 0.000000000000000000e+00 0.000000000000000000e+00 0.000000000000000000e+00 0.000000000000000000e+00 0.000000000000000000e+00 0.000000000000000000e+00 0.000000000000000000e+00 1.719880120695611858e-01 0.000000000000000000e+00 0.000000000000000000e+00 0.000000000000000000e+00 0.000000000000000000e+00 0.000000000000000000e+00 0.000000000000000000e+00 0.000000000000000000e+00 0.000000000000000000e+00 0.000000000000000000e+00 0.000000000000000000e+00 0.000000000000000000e+00 0.000000000000000000e+00 5.120000000000000000e+02 -5.677272727272727337e+01
0.000000000000000000e+00 6.642341815886332324e-02 0.000000000000000000e+00 1.767617793771993906e-01 0.000000000000000000e+00 0.000000000000000000e+00 3.629930442705648908e-01 0.000000000000000000e+00 0.000000000000000000e+00 0.000000000000000000e+00 0.000000000000000000e+00 0.000000000000000000e+00 5.723143242571247791e-02 1.412186893703695637e-03 0.000000000000000000e+00 2.365066817041225691e-02 0.000000000000000000e+00 0.000000000000000000e+00 8.418383340243830171e-01 0.000000000000000000e+00 3.253013159645399832e-01 9.861769255849774929e-01 0.000000000000000000e+00 0.000000000000000000e+00 0.000000000000000000e+00 0.000000000000000000e+00 0.000000000000000000e+00 0.000000000000000000e+00 1.808688855346382851e-01 0.000000000000000000e+00 0.000000000000000000e+00 4.317099039871957755e-02 5.120000000000000000e+02 -4.333909090909090622e+01
0.000000000000000000e+00 0.000000000000000000e+00 0.000000000000000000e+00 1.428424927074916639e-01 0.000000000000000000e+00 0.000000000000000000e+00 0.000000000000000000e+00 0.000000000000000000e+00 0.000000000000000000e+00 0.000000000000000000e+00 0.000000000000000000e+00 0.000000000000000000e+00 3.678636045813536426e-01 0.000000000000000000e+00 0.000000000000000000e+00 3.201101775599730637e-01 0.000000000000000000e+00 0.000000000000000000e+00 8.933794978127980180e-01 3.255000783279120985e-02 0.000000000000000000e+00 0.000000000000000000e+00 0.000000000000000000e+00 0.000000000000000000e+00 0.000000000000000000e+00 0.000000000000000000e+00 1.395683019272146164e-01 0.000000000000000000e+00 0.000000000000000000e+00 0.000000000000000000e+00 0.000000000000000000e+00 0.000000000000000000e+00 5.120000000000000000e+02 -6.242999999999999261e+01
0.000000000000000000e+00 5.556230943145371581e-01 0.000000000000000000e+00 1.000000000000000000e+00 0.000000000000000000e+00 4.736616205241107098e-09 5.031926857120602170e-01 0.000000000000000000e+00 0.000000000000000000e+00 0.000000000000000000e+00 0.000000000000000000e+00 0.000000000000000000e+00 9.787725740858778112e-01 2.374889373621983935e-01 0.000000000000000000e+00 0.000000000000000000e+00 0.000000000000000000e+00 0.000000000000000000e+00 1.000000000000000000e+00 6.725689808389161417e-01 0.000000000000000000e+00 9.945130792997566305e-01 2.632988903390822170e-04 0.000000000000000000e+00 4.520646395718639354e-01 0.000000000000000000e+00 0.000000000000000000e+00 0.000000000000000000e+00 0.000000000000000000e+00 9.971962516954783196e-01 0.000000000000000000e+00 0.000000000000000000e+00 5.120000000000000000e+02 -4.599363636363636232e+01
0.000000000000000000e+00 1.868665295555367034e-01 0.000000000000000000e+00 2.407145303642692932e-05 0.000000000000000000e+00 0.000000000000000000e+00 9.530676870224282782e-01 0.000000000000000000e+00 0.000000000000000000e+00 0.000000000000000000e+00 0.000000000000000000e+00 0.000000000000000000e+00 7.311528754410033804e-01 0.000000000000000000e+00 0.000000000000000000e+00 4.571237667421243489e-01 0.000000000000000000e+00 0.000000000000000000e+00 3.202221744513183421e-01 0.000000000000000000e+00 0.000000000000000000e+00 6.257990029151200284e-01 0.000000000000000000e+00 0.000000000000000000e+00 0.000000000000000000e+00 0.000000000000000000e+00 0.000000000000000000e+00 0.000000000000000000e+00 7.308552018687285434e-01 0.000000000000000000e+00 0.000000000000000000e+00 0.000000000000000000e+00 5.120000000000000000e+02 -4.752090909090909321e+01
0.000000000000000000e+00 0.000000000000000000e+00 0.000000000000000000e+00 1.687466934214565673e-01 0.000000000000000000e+00 0.000000000000000000e+00 3.989304033402593652e-01 0.000000000000000000e+00 0.000000000000000000e+00 0.000000000000000000e+00 0.000000000000000000e+00 0.000000000000000000e+00 0.000000000000000000e+00 1.097539646090084364e-01 0.000000000000000000e+00 2.338601392883792041e-02 0.000000000000000000e+00 4.377732400703962697e-03 4.110117073013302424e-01 0.000000000000000000e+00 0.000000000000000000e+00 9.374780571447812738e-01 0.000000000000000000e+00 2.181090496233602390e-04 0.000000000000000000e+00 0.000000000000000000e+00 0.000000000000000000e+00 0.000000000000000000e+00 1.797405204787892914e-07 2.396300855209056169e-01 0.000000000000000000e+00 0.000000000000000000e+00 5.120000000000000000e+02 -2.417272727272727195e+01
0.000000000000000000e+00 3.407788020765777082e-02 0.000000000000000000e+00 4.454689142474760888e-01 3.329592689948788700e-05 0.000000000000000000e+00 7.335966237331291717e-01 0.000000000000000000e+00 0.000000000000000000e+00 0.000000000000000000e+00 0.000000000000000000e+00 4.908020156659594901e-01 4.022511761098359062e-01 8.984338903550252997e-01 2.846610131156345966e-02 4.031271279354699652e-06 0.000000000000000000e+00 2.789305445401902075e-02 4.537200767314543692e-01 8.482401028501109774e-01 4.266996430756950787e-01 7.732264881732610062e-01 2.185137819002147819e-01 0.000000000000000000e+00 9.673173560740596644e-01 8.782067129941604211e-01 0.000000000000000000e+00 2.741267680153851999e-02 0.000000000000000000e+00 0.000000000000000000e+00 0.000000000000000000e+00 0.000000000000000000e+00 5.120000000000000000e+02 -4.869727272727273260e+01
0.000000000000000000e+00 4.158551680314358512e-01 6.509620073795887585e-01 0.000000000000000000e+00 0.000000000000000000e+00 0.000000000000000000e+00 4.278805690521144678e-01 0.000000000000000000e+00 0.000000000000000000e+00 0.000000000000000000e+00 0.000000000000000000e+00 2.111719640635271733e-01 0.000000000000000000e+00 5.769214930085454496e-01 1.427088838950852645e-01 0.000000000000000000e+00 0.000000000000000000e+00 0.000000000000000000e+00 1.000000000000000000e+00 2.802534297234745009e-01 0.000000000000000000e+00 6.948540567338304941e-01 0.000000000000000000e+00 0.000000000000000000e+00 0.000000000000000000e+00 0.000000000000000000e+00 0.000000000000000000e+00 0.000000000000000000e+00 9.771042505786574350e-02 0.000000000000000000e+00 0.000000000000000000e+00 0.000000000000000000e+00 5.120000000000000000e+02 -3.438454545454545297e+01
0.000000000000000000e+00 2.827939263597823438e-01 0.000000000000000000e+00 1.168684002086026874e-04 0.000000000000000000e+00 1.260443796812396968e-04 7.726478448621448836e-01 0.000000000000000000e+00 0.000000000000000000e+00 0.000000000000000000e+00 0.000000000000000000e+00 0.000000000000000000e+00 7.553885805159397115e-01 6.022550583688122128e-01 0.000000000000000000e+00 7.501206654710044219e-01 0.000000000000000000e+00 0.000000000000000000e+00 9.996826080425519345e-01 9.830320965783285736e-01 2.524380978459112024e-01 4.992962387425284310e-01 6.829034022610421806e-01 0.000000000000000000e+00 4.923301006685364412e-01 0.000000000000000000e+00 8.071574064475672827e-03 1.374326136038585833e-01 5.777923391263664610e-03 0.000000000000000000e+00 0.000000000000000000e+00 5.361961404803172737e-01 5.120000000000000000e+02 -6.943636363636363740e+01
0.000000000000000000e+00 0.000000000000000000e+00 0.000000000000000000e+00 0.000000000000000000e+00 0.000000000000000000e+00 0.000000000000000000e+00 7.776967525566691464e-01 0.000000000000000000e+00 0.000000000000000000e+00 0.000000000000000000e+00 0.000000000000000000e+00 9.377541726412834053e-03 2.958308262021719925e-01 5.140954974391050980e-01 4.050788352457392050e-02 1.203233603129883270e-02 0.000000000000000000e+00 0.000000000000000000e+00 7.514820500205667830e-01 8.562329841552767107e-01 4.581473069711215484e-01 7.515147516859047583e-01 3.595055846015156042e-01 0.000000000000000000e+00 4.758685563025759069e-01 0.000000000000000000e+00 4.751985948926256385e-03 0.000000000000000000e+00 1.469036743307515769e-01 1.376128705641653082e-04 0.000000000000000000e+00 2.410903169662944462e-02 5.120000000000000000e+02 -5.332727272727272805e+01
0.000000000000000000e+00 0.000000000000000000e+00 0.000000000000000000e+00 7.613979129965396941e-01 0.000000000000000000e+00 0.000000000000000000e+00 8.453002676157840289e-01 0.000000000000000000e+00 0.000000000000000000e+00 0.000000000000000000e+00 0.000000000000000000e+00 4.115587956580578355e-02 0.000000000000000000e+00 2.959724279075225464e-02 2.114527604379635647e-02 5.230960788386678217e-01 0.000000000000000000e+00 0.000000000000000000e+00 5.297548248353373124e-01 9.884480259303032312e-01 7.973066267221663728e-02 4.976276992650006670e-01 5.862538855648145256e-04 0.000000000000000000e+00 1.370912118448370243e-01 3.094750731061742324e-02 0.000000000000000000e+00 0.000000000000000000e+00 6.169962572753742713e-02 3.224156379204382028e-01 0.000000000000000000e+00 1.000000000000000000e+00 5.120000000000000000e+02 -5.935727272727272208e+01
0.000000000000000000e+00 0.000000000000000000e+00 0.000000000000000000e+00 5.540921593367557213e-02 0.000000000000000000e+00 0.000000000000000000e+00 7.526727537929744916e-01 0.000000000000000000e+00 0.000000000000000000e+00 0.000000000000000000e+00 0.000000000000000000e+00 0.000000000000000000e+00 3.575219298033451842e-01 2.251985192364714672e-01 0.000000000000000000e+00 9.949329334452927665e-02 0.000000000000000000e+00 0.000000000000000000e+00 8.541768592685548001e-01 0.000000000000000000e+00 0.000000000000000000e+00 0.000000000000000000e+00 3.589945774026538361e-01 0.000000000000000000e+00 0.000000000000000000e+00 9.708328672543914406e-01 0.000000000000000000e+00 0.000000000000000000e+00 0.000000000000000000e+00 0.000000000000000000e+00 0.000000000000000000e+00 0.000000000000000000e+00 5.120000000000000000e+02 -4.421818181818181870e+01
0.000000000000000000e+00 2.044890599843879608e-01 0.000000000000000000e+00 0.000000000000000000e+00 1.116070302386266283e-02 0.000000000000000000e+00 5.018911385530838709e-01 0.000000000000000000e+00 0.000000000000000000e+00 0.000000000000000000e+00 0.000000000000000000e+00 1.639354664094427039e-01 9.956031023189397811e-01 1.345003070542845651e-03 0.000000000000000000e+00 0.000000000000000000e+00 0.000000000000000000e+00 2.152229051756898975e-03 7.072825871824961474e-01 2.451643586502272598e-01 1.698743202554951065e-03 0.000000000000000000e+00 1.064726109014172417e-01 0.000000000000000000e+00 3.558530767361263170e-01 0.000000000000000000e+00 2.369400541576176591e-02 0.000000000000000000e+00 0.000000000000000000e+00 0.000000000000000000e+00 0.000000000000000000e+00 1.849117606229264479e-02 5.120000000000000000e+02 -5.425727272727272066e+01
0.000000000000000000e+00 0.000000000000000000e+00 7.044462149010368096e-04 0.000000000000000000e+00 0.000000000000000000e+00 0.000000000000000000e+00 9.258398581840749930e-01 0.000000000000000000e+00 3.904191054500595007e-03 0.000000000000000000e+00 0.000000000000000000e+00 4.364259162502182043e-01 4.822019976319623646e-01 4.810745488811020709e-01 7.793056604574206264e-04 0.000000000000000000e+00 0.000000000000000000e+00 0.000000000000000000e+00 1.000000000000000000e+00 1.000000000000000000e+00 4.800880427593971073e-02 3.813518751581261301e-01 2.401601694829726685e-01 0.000000000000000000e+00 1.605102031577136934e-01 0.000000000000000000e+00 3.816392378760528614e-01 2.812745887145998158e-02 3.917828892168035426e-01 0.000000000000000000e+00 7.221150907958187593e-02 7.717787829572878566e-01 5.120000000000000000e+02 -5.366363636363635692e+01
0.000000000000000000e+00 0.000000000000000000e+00 1.715526811209259761e-01 0.000000000000000000e+00 0.000000000000000000e+00 0.000000000000000000e+00 0.000000000000000000e+00 0.000000000000000000e+00 0.000000000000000000e+00 0.000000000000000000e+00 0.000000000000000000e+00 1.866543063786584300e-01 1.771590544922640920e-06 0.000000000000000000e+00 7.827754842356778042e-02 1.199489953770028691e-02 0.000000000000000000e+00 0.000000000000000000e+00 1.000000000000000000e+00 1.960763421009231178e-01 2.171059784709395979e-01 9.034119562227519440e-01 0.000000000000000000e+00 0.000000000000000000e+00 0.000000000000000000e+00 0.000000000000000000e+00 0.000000000000000000e+00 1.374828874513177313e-01 0.000000000000000000e+00 0.000000000000000000e+00 0.000000000000000000e+00 0.000000000000000000e+00 5.120000000000000000e+02 -4.214818181818181841e+01
7.105610327670528782e-03 0.000000000000000000e+00 1.302561136870008379e-02 5.346244420323414091e-03 0.000000000000000000e+00 0.000000000000000000e+00 1.060503083018659032e-01 0.000000000000000000e+00 0.000000000000000000e+00 0.000000000000000000e+00 0.000000000000000000e+00 1.463694645673250389e-02 9.922456600821724648e-02 3.515405477668863323e-03 3.725315209779820474e-02 8.246270143060813185e-01 3.058419167397685712e-02 0.000000000000000000e+00 1.000000000000000000e+00 2.925974689551051888e-01 0.000000000000000000e+00 9.367548338474734893e-01 0.000000000000000000e+00 0.000000000000000000e+00 3.536847314274471632e-01 1.653273872226120392e-02 0.000000000000000000e+00 4.103904813751856062e-02 1.288102349509603894e-01 1.594411595891400690e-01 0.000000000000000000e+00 6.316103359780991244e-01 5.120000000000000000e+02 -6.553363636363637568e+01
0.000000000000000000e+00 0.000000000000000000e+00 0.000000000000000000e+00 5.018843756554119961e-02 0.000000000000000000e+00 0.000000000000000000e+00 7.009383016128929444e-01 0.000000000000000000e+00 0.000000000000000000e+00 0.000000000000000000e+00 0.000000000000000000e+00 0.000000000000000000e+00 8.057634181765271908e-01 9.932464467527751806e-01 0.000000000000000000e+00 2.929221436242796517e-01 0.000000000000000000e+00 0.000000000000000000e+00 6.653074624638579682e-01 9.988577067102551998e-01 0.000000000000000000e+00 5.984815924778624785e-01 0.000000000000000000e+00 0.000000000000000000e+00 2.170112733886676581e-01 0.000000000000000000e+00 1.052437387067978701e-02 0.000000000000000000e+00 4.544322846469563137e-02 0.000000000000000000e+00 0.000000000000000000e+00 0.000000000000000000e+00 5.120000000000000000e+02 -5.963363636363637710e+01
0.000000000000000000e+00 4.011589265446519614e-01 0.000000000000000000e+00 0.000000000000000000e+00 0.000000000000000000e+00 0.000000000000000000e+00 0.000000000000000000e+00 0.000000000000000000e+00 0.000000000000000000e+00 0.000000000000000000e+00 0.000000000000000000e+00 0.000000000000000000e+00 0.000000000000000000e+00 0.000000000000000000e+00 0.000000000000000000e+00 0.000000000000000000e+00 0.000000000000000000e+00 0.000000000000000000e+00 2.958388275780644561e-01 0.000000000000000000e+00 1.806807412334036356e-01 0.000000000000000000e+00 0.000000000000000000e+00 0.000000000000000000e+00 1.098470487106918414e-01 0.000000000000000000e+00 0.000000000000000000e+00 0.000000000000000000e+00 2.049722676045519221e-01 0.000000000000000000e+00 0.000000000000000000e+00 0.000000000000000000e+00 5.120000000000000000e+02 -1.764272727272727437e+01
1.848493913710405612e-01 0.000000000000000000e+00 0.000000000000000000e+00 3.284009099735891105e-07 0.000000000000000000e+00 0.000000000000000000e+00 8.532655438729314090e-02 0.000000000000000000e+00 0.000000000000000000e+00 0.000000000000000000e+00 0.000000000000000000e+00 0.000000000000000000e+00 6.520180105189219422e-01 2.096766146816022355e-03 0.000000000000000000e+00 0.000000000000000000e+00 0.000000000000000000e+00 0.000000000000000000e+00 1.056602790853844020e-03 7.915189953719975469e-01 0.000000000000000000e+00 0.000000000000000000e+00 4.222000641475208080e-04 0.000000000000000000e+00 4.017968803101699682e-01 0.000000000000000000e+00 1.942594346690549928e-03 1.193900279005079001e-01 2.303526423775309195e-01 0.000000000000000000e+00 0.000000000000000000e+00 0.000000000000000000e+00 5.120000000000000000e+02 -1.090909090909090828e+00
0.000000000000000000e+00 0.000000000000000000e+00 0.000000000000000000e+00 0.000000000000000000e+00 0.000000000000000000e+00 0.000000000000000000e+00 0.000000000000000000e+00 0.000000000000000000e+00 0.000000000000000000e+00 0.000000000000000000e+00 0.000000000000000000e+00 0.000000000000000000e+00 8.496557465645265816e-01 1.643008644234775564e-02 0.000000000000000000e+00 0.000000000000000000e+00 0.000000000000000000e+00 0.000000000000000000e+00 3.116144715850325264e-01 8.580541796005423938e-02 5.534480566180137451e-02 3.231810328015665701e-01 3.597191739682174538e-01 0.000000000000000000e+00 3.610034809965085301e-01 0.000000000000000000e+00 0.000000000000000000e+00 0.000000000000000000e+00 0.000000000000000000e+00 0.000000000000000000e+00 0.000000000000000000e+00 4.357329669425146629e-02 5.120000000000000000e+02 -5.641818181818182154e+01
0.000000000000000000e+00 4.273650778761876046e-01 0.000000000000000000e+00 0.000000000000000000e+00 0.000000000000000000e+00 0.000000000000000000e+00 9.732464363534182317e-01 0.000000000000000000e+00 2.652850615721966034e-03 0.000000000000000000e+00 0.000000000000000000e+00 0.000000000000000000e+00 3.408437060542631181e-01 0.000000000000000000e+00 2.334680325802395914e-03 0.000000000000000000e+00 0.000000000000000000e+00 0.000000000000000000e+00 4.473218238881005449e-01 6.051681104103675546e-01 1.282451495520995841e-02 2.021180287702225575e-01 9.999661521942968534e-01 0.000000000000000000e+00 0.000000000000000000e+00 0.000000000000000000e+00 0.000000000000000000e+00 9.650251013467325834e-01 0.000000000000000000e+00 0.000000000000000000e+00 0.000000000000000000e+00 9.912645669704915896e-01 5.120000000000000000e+02 -3.776999999999999602e+01
0.000000000000000000e+00 0.000000000000000000e+00 0.000000000000000000e+00 0.000000000000000000e+00 0.000000000000000000e+00 0.000000000000000000e+00 0.000000000000000000e+00 0.000000000000000000e+00 0.000000000000000000e+00 1.197508396626270621e-01 0.000000000000000000e+00 0.000000000000000000e+00 0.000000000000000000e+00 0.000000000000000000e+00 0.000000000000000000e+00 4.353138221181292455e-01 0.000000000000000000e+00 0.000000000000000000e+00 3.695786569917138692e-02 1.259285467916979040e-01 0.000000000000000000e+00 0.000000000000000000e+00 0.000000000000000000e+00 0.000000000000000000e+00 0.000000000000000000e+00 1.598827593868031374e-02 0.000000000000000000e+00 0.000000000000000000e+00 3.067138452696162310e-02 0.000000000000000000e+00 0.000000000000000000e+00 0.000000000000000000e+00 5.120000000000000000e+02 -3.831545454545454987e+01
0.000000000000000000e+00 1.288970784370704059e-01 0.000000000000000000e+00 1.681740827168078378e-01 0.000000000000000000e+00 0.000000000000000000e+00 0.000000000000000000e+00 0.000000000000000000e+00 0.000000000000000000e+00 0.000000000000000000e+00 0.000000000000000000e+00 0.000000000000000000e+00 0.000000000000000000e+00 4.280600913331944479e-01 1.000000000000000000e+00 0.000000000000000000e+00 0.000000000000000000e+00 0.000000000000000000e+00 0.000000000000000000e+00 1.017252476809820116e-01 1.634476347424151889e-03 0.000000000000000000e+00 0.000000000000000000e+00 0.000000000000000000e+00 0.000000000000000000e+00 0.000000000000000000e+00 0.000000000000000000e+00 0.000000000000000000e+00 0.000000000000000000e+00 0.000000000000000000e+00 0.000000000000000000e+00 1.000000000000000000e+00 5.120000000000000000e+02 -4.727272727272727182e-01
0.000000000000000000e+00 0.000000000000000000e+00 7.715672162174589538e-03 7.436308095758056291e-01 2.096502805123713880e-03 0.000000000000000000e+00 5.663718401301390815e-01 0.000000000000000000e+00 0.000000000000000000e+00 0.000000000000000000e+00 0.000000000000000000e+00 0.000000000000000000e+00 2.579040360685240230e-01 4.061601951057152576e-02 1.515000381209654842e-03 0.000000000000000000e+00 0.000000000000000000e+00 0.000000000000000000e+00 1.237648796162898746e-01 6.691662673653429039e-01 0.000000000000000000e+00 7.722321560748223179e-01 3.492635052435407457e-06 0.000000000000000000e+00 0.000000000000000000e+00 0.000000000000000000e+00 6.577478908917808176e-02 0.000000000000000000e+00 1.000000000000000000e+00 1.921941476176007926e-02 0.000000000000000000e+00 1.195697110373168545e-04 5.120000000000000000e+02 -3.772999999999999687e+01
0.000000000000000000e+00 0.000000000000000000e+00 0.000000000000000000e+00 1.479060588197170852e-04 0.000000000000000000e+00 0.000000000000000000e+00 8.308841164434185300e-01 0.000000000000000000e+00 0.000000000000000000e+00 0.000000000000000000e+00 0.000000000000000000e+00 0.000000000000000000e+00 4.467391657178587105e-01 2.663639636293913537e-01 0.000000000000000000e+00 0.000000000000000000e+00 0.000000000000000000e+00 0.000000000000000000e+00 9.993042120559834096e-01 2.254605982743805304e-01 0.000000000000000000e+00 3.146447688893707628e-01 0.000000000000000000e+00 0.000000000000000000e+00 7.236646239269436953e-03 4.726995479402598677e-02 0.000000000000000000e+00 0.000000000000000000e+00 4.679866536611677064e-01 0.000000000000000000e+00 0.000000000000000000e+00 5.097447573360317508e-01 5.120000000000000000e+02 -4.514272727272727082e+01
0.000000000000000000e+00 0.000000000000000000e+00 0.000000000000000000e+00 4.131370175733420358e-02 0.000000000000000000e+00 0.000000000000000000e+00 2.518413541777315690e-01 0.000000000000000000e+00 0.000000000000000000e+00 0.000000000000000000e+00 0.000000000000000000e+00 0.000000000000000000e+00 2.695088717145573392e-03 0.000000000000000000e+00 6.847797895563235981e-02 0.000000000000000000e+00 0.000000000000000000e+00 0.000000000000000000e+00 0.000000000000000000e+00 2.230152843301766441e-02 0.000000000000000000e+00 0.000000000000000000e+00 4.395044621951156860e-01 0.000000000000000000e+00 3.790497263718601434e-02 0.000000000000000000e+00 0.000000000000000000e+00 2.989641860441082932e-01 0.000000000000000000e+00 0.000000000000000000e+00 2.478169735176020960e-02 0.000000000000000000e+00 5.120000000000000000e+02 -2.620909090909090633e+00
0.000000000000000000e+00 6.501160205348916659e-04 0.000000000000000000e+00 0.000000000000000000e+00 0.000000000000000000e+00 2.073885676183339060e-03 2.644271543622994103e-01 0.000000000000000000e+00 0.000000000000000000e+00 0.000000000000000000e+00 0.000000000000000000e+00 2.016048208334991418e-02 1.000000000000000000e+00 4.346974256144112148e-01 0.000000000000000000e+00 4.686232607280089169e-01 0.000000000000000000e+00 0.000000000000000000e+00 3.819358900197981632e-01 0.000000000000000000e+00 1.000000000000000000e+00 6.106587062138230104e-01 3.898434331227861871e-01 0.000000000000000000e+00 0.000000000000000000e+00 2.342101112951228414e-01 0.000000000000000000e+00 0.000000000000000000e+00 2.316483692249749621e-02 0.000000000000000000e+00 0.000000000000000000e+00 6.549538933251756179e-01 5.120000000000000000e+02 -6.217272727272727195e+01
1.686242021285492276e-01 1.178828698734147723e-01 0.000000000000000000e+00 6.046977411014454497e-03 0.000000000000000000e+00 7.580120541891639807e-02 0.000000000000000000e+00 0.000000000000000000e+00 0.000000000000000000e+00 0.000000000000000000e+00 0.000000000000000000e+00 0.000000000000000000e+00 2.778940959357852902e-01 0.000000000000000000e+00 0.000000000000000000e+00 0.000000000000000000e+00 0.000000000000000000e+00 0.000000000000000000e+00 0.000000000000000000e+00 0.000000000000000000e+00 0.000000000000000000e+00 0.000000000000000000e+00 0.000000000000000000e+00 0.000000000000000000e+00 0.000000000000000000e+00 0.000000000000000000e+00 0.000000000000000000e+00 0.000000000000000000e+00 0.000000000000000000e+00 0.000000000000000000e+00 0.000000000000000000e+00 2.763983502044838336e-01 5.120000000000000000e+02 -2.000000000000000111e-01
0.000000000000000000e+00 0.000000000000000000e+00 0.000000000000000000e+00 0.000000000000000000e+00 0.000000000000000000e+00 1.060026101431631035e-01 0.000000000000000000e+00 0.000000000000000000e+00 0.000000000000000000e+00 0.000000000000000000e+00 0.000000000000000000e+00 0.000000000000000000e+00 0.000000000000000000e+00 0.000000000000000000e+00 0.000000000000000000e+00 0.000000000000000000e+00 0.000000000000000000e+00 0.000000000000000000e+00 0.000000000000000000e+00 0.000000000000000000e+00 0.000000000000000000e+00 0.000000000000000000e+00 0.000000000000000000e+00 0.000000000000000000e+00 0.000000000000000000e+00 0.000000000000000000e+00 0.000000000000000000e+00 3.549954876199203357e-01 0.000000000000000000e+00 0.000000000000000000e+00 0.000000000000000000e+00 0.000000000000000000e+00 5.120000000000000000e+02 -5.427545454545454362e+01
2.093867562514937497e-01 0.000000000000000000e+00 0.000000000000000000e+00 3.061161297310853180e-01 0.000000000000000000e+00 1.550911463485024441e-08 0.000000000000000000e+00 0.000000000000000000e+00 2.684523127585261570e-02 0.000000000000000000e+00 0.000000000000000000e+00 1.550256821373943994e-01 2.885374006672514202e-01 0.000000000000000000e+00 4.538688411952170752e-06 2.648833572906734712e-01 0.000000000000000000e+00 0.000000000000000000e+00 2.691704311167062436e-01 9.111855208336726575e-01 4.297260366271490328e-01 1.976686427084148878e-01 0.000000000000000000e+00 2.724255158822299667e-08 5.278667212673317233e-03 0.000000000000000000e+00 0.000000000000000000e+00 1.028087296008511767e-03 0.000000000000000000e+00 0.000000000000000000e+00 0.000000000000000000e+00 8.461309314672202930e-01 5.120000000000000000e+02 -6.261181818181818670e+01
0.000000000000000000e+00 0.000000000000000000e+00 0.000000000000000000e+00 0.000000000000000000e+00 0.000000000000000000e+00 0.000000000000000000e+00 0.000000000000000000e+00 0.000000000000000000e+00 0.000000000000000000e+00 0.000000000000000000e+00 0.000000000000000000e+00 0.000000000000000000e+00 0.000000000000000000e+00 0.000000000000000000e+00 0.000000000000000000e+00 0.000000000000000000e+00 0.000000000000000000e+00 0.000000000000000000e+00 3.811228689243016943e-01 7.664418020901288264e-02 0.000000000000000000e+00 0.000000000000000000e+00 0.000000000000000000e+00 0.000000000000000000e+00 0.000000000000000000e+00 0.000000000000000000e+00 0.000000000000000000e+00 0.000000000000000000e+00 0.000000000000000000e+00 0.000000000000000000e+00 0.000000000000000000e+00 0.000000000000000000e+00 5.120000000000000000e+02 -6.151818181818182296e+01
4.643748763274747199e-02 0.000000000000000000e+00 0.000000000000000000e+00 6.008487474835509934e-01 0.000000000000000000e+00 0.000000000000000000e+00 0.000000000000000000e+00 0.000000000000000000e+00 0.000000000000000000e+00 0.000000000000000000e+00 0.000000000000000000e+00 0.000000000000000000e+00 0.000000000000000000e+00 0.000000000000000000e+00 0.000000000000000000e+00 0.000000000000000000e+00 0.000000000000000000e+00 0.000000000000000000e+00 0.000000000000000000e+00 0.000000000000000000e+00 0.000000000000000000e+00 0.000000000000000000e+00 0.000000000000000000e+00 0.000000000000000000e+00 0.000000000000000000e+00 0.000000000000000000e+00 0.000000000000000000e+00 0.000000000000000000e+00 0.000000000000000000e+00 0.000000000000000000e+00 3.204203292527244007e-01 0.000000000000000000e+00 5.120000000000000000e+02 -4.413636363636363313e+01
1.630848817894435254e-01 0.000000000000000000e+00 0.000000000000000000e+00 0.000000000000000000e+00 0.000000000000000000e+00 0.000000000000000000e+00 0.000000000000000000e+00 0.000000000000000000e+00 1.000000000000000000e+00 0.000000000000000000e+00 0.000000000000000000e+00 0.000000000000000000e+00 0.000000000000000000e+00 6.277371443405395102e-01 0.000000000000000000e+00 0.000000000000000000e+00 0.000000000000000000e+00 6.708158179531985288e-03 3.093672042824633511e-02 5.430245426620102789e-01 0.000000000000000000e+00 0.000000000000000000e+00 0.000000000000000000e+00 0.000000000000000000e+00 0.000000000000000000e+00 0.000000000000000000e+00 0.000000000000000000e+00 0.000000000000000000e+00 0.000000000000000000e+00 0.000000000000000000e+00 0.000000000000000000e+00 0.000000000000000000e+00 5.120000000000000000e+02 -1.174272727272727401e+01
0.000000000000000000e+00 1.000000000000000000e+00 0.000000000000000000e+00 0.000000000000000000e+00 0.000000000000000000e+00 0.000000000000000000e+00 0.000000000000000000e+00 0.000000000000000000e+00 0.000000000000000000e+00 0.000000000000000000e+00 1.144123618782232621e-01 0.000000000000000000e+00 0.000000000000000000e+00 0.000000000000000000e+00 0.000000000000000000e+00 0.000000000000000000e+00 0.000000000000000000e+00 0.000000000000000000e+00 0.000000000000000000e+00 2.198860718478242438e-01 3.948078685400285837e-02 0.000000000000000000e+00 0.000000000000000000e+00 0.000000000000000000e+00 0.000000000000000000e+00 0.000000000000000000e+00 0.000000000000000000e+00 0.000000000000000000e+00 0.000000000000000000e+00 0.000000000000000000e+00 0.000000000000000000e+00 0.000000000000000000e+00 5.120000000000000000e+02 -1.000000000000000000e+00
0.000000000000000000e+00 0.000000000000000000e+00 0.000000000000000000e+00 6.831150237280404891e-06 0.000000000000000000e+00 0.000000000000000000e+00 1.433804448786480112e-01 0.000000000000000000e+00 0.000000000000000000e+00 0.000000000000000000e+00 8.952842105932744265e-03 0.000000000000000000e+00 0.000000000000000000e+00 0.000000000000000000e+00 6.673914363291634814e-04 0.000000000000000000e+00 0.000000000000000000e+00 0.000000000000000000e+00 6.338953656437968783e-06 3.599668436198072419e-01 0.000000000000000000e+00 1.496473165264784744e-01 9.351173888807303713e-01 0.000000000000000000e+00 9.763182832149172943e-03 9.910631056885931267e-01 0.000000000000000000e+00 3.175034270296108740e-01 7.181745517933343925e-02 0.000000000000000000e+00 0.000000000000000000e+00 0.000000000000000000e+00 5.120000000000000000e+02 -1.072727272727272529e+00
0.000000000000000000e+00 0.000000000000000000e+00 0.000000000000000000e+00 0.000000000000000000e+00 0.000000000000000000e+00 0.000000000000000000e+00 7.209349945711162055e-01 0.000000000000000000e+00 0.000000000000000000e+00 0.000000000000000000e+00 0.000000000000000000e+00 6.499915784701233018e-03 0.000000000000000000e+00 0.000000000000000000e+00 0.000000000000000000e+00 0.000000000000000000e+00 0.000000000000000000e+00 0.000000000000000000e+00 0.000000000000000000e+00 1.863928039009661239e-02 2.463842448105595384e-01 3.041081572479614192e-01 0.000000000000000000e+00 0.000000000000000000e+00 0.000000000000000000e+00 2.180798939766583344e-01 3.027419799558767055e-02 7.065704160044769880e-03 0.000000000000000000e+00 0.000000000000000000e+00 0.000000000000000000e+00 0.000000000000000000e+00 5.120000000000000000e+02 -3.429999999999999716e+00
0.000000000000000000e+00 0.000000000000000000e+00 0.000000000000000000e+00 0.000000000000000000e+00 0.000000000000000000e+00 0.000000000000000000e+00 5.798862591971665377e-03 0.000000000000000000e+00 0.000000000000000000e+00 0.000000000000000000e+00 0.000000000000000000e+00 0.000000000000000000e+00 0.000000000000000000e+00 0.000000000000000000e+00 0.000000000000000000e+00 0.000000000000000000e+00 0.000000000000000000e+00 0.000000000000000000e+00 0.000000000000000000e+00 0.000000000000000000e+00 0.000000000000000000e+00 0.000000000000000000e+00 0.000000000000000000e+00 0.000000000000000000e+00 0.000000000000000000e+00 0.000000000000000000e+00 0.000000000000000000e+00 0.000000000000000000e+00 1.628022156445325941e-01 0.000000000000000000e+00 0.000000000000000000e+00 0.000000000000000000e+00 5.120000000000000000e+02 -5.652999999999999403e+01
0.000000000000000000e+00 0.000000000000000000e+00 0.000000000000000000e+00 0.000000000000000000e+00 0.000000000000000000e+00 0.000000000000000000e+00 8.718137467860698209e-01 0.000000000000000000e+00 0.000000000000000000e+00 0.000000000000000000e+00 0.000000000000000000e+00 0.000000000000000000e+00 0.000000000000000000e+00 0.000000000000000000e+00 0.000000000000000000e+00 1.000000000000000000e+00 0.000000000000000000e+00 0.000000000000000000e+00 7.275688874009166307e-01 1.688525615868198271e-01 0.000000000000000000e+00 0.000000000000000000e+00 0.000000000000000000e+00 2.021498624128465482e-01 2.704955042762330897e-01 0.000000000000000000e+00 0.000000000000000000e+00 0.000000000000000000e+00 0.000000000000000000e+00 0.000000000000000000e+00 0.000000000000000000e+00 0.000000000000000000e+00 5.120000000000000000e+02 -3.319727272727272549e+01
0.000000000000000000e+00 3.460462061330913525e-02 0.000000000000000000e+00 3.948446460101224034e-03 0.000000000000000000e+00 0.000000000000000000e+00 6.397655144705134689e-02 0.000000000000000000e+00 0.000000000000000000e+00 0.000000000000000000e+00 0.000000000000000000e+00 0.000000000000000000e+00 1.740296561324664038e-01 2.176820050859644695e-01 2.219546203926236749e-01 2.581196431431965685e-03 0.000000000000000000e+00 0.000000000000000000e+00 9.948469871837908318e-01 2.538117677115334439e-02 2.898461451533344002e-01 3.582479861736000658e-03 3.919769183080251684e-01 0.000000000000000000e+00 1.400189311562559935e-01 0.000000000000000000e+00 0.000000000000000000e+00 0.000000000000000000e+00 2.968780141537917527e-02 0.000000000000000000e+00 0.000000000000000000e+00 1.889294505806394520e-01 5.120000000000000000e+02 -5.395181818181818301e+01
0.000000000000000000e+00 1.337959602122117293e-02 0.000000000000000000e+00 0.000000000000000000e+00 0.000000000000000000e+00 0.000000000000000000e+00 1.000000000000000000e+00 0.000000000000000000e+00 0.000000000000000000e+00 0.000000000000000000e+00 0.000000000000000000e+00 3.726174379783479389e-05 3.807904682650330441e-01 8.889825789598494454e-01 3.943324001983470328e-01 9.994721395061558766e-01 0.000000000000000000e+00 0.000000000000000000e+00 4.457760265780983944e-01 5.529107426180691620e-01 1.652724460854429755e-01 1.000000000000000000e+00 0.000000000000000000e+00 0.000000000000000000e+00 0.000000000000000000e+00 1.619110546403860484e-01 0.000000000000000000e+00 0.000000000000000000e+00 0.000000000000000000e+00 0.000000000000000000e+00 0.000000000000000000e+00 5.280952136827545603e-04 5.120000000000000000e+02 -6.200000000000000000e+01
0.000000000000000000e+00 0.000000000000000000e+00 0.000000000000000000e+00 0.000000000000000000e+00 0.000000000000000000e+00 0.000000000000000000e+00 0.000000000000000000e+00 0.000000000000000000e+00 0.000000000000000000e+00 0.000000000000000000e+00 5.793612582391453047e-01 0.000000000000000000e+00 0.000000000000000000e+00 0.000000000000000000e+00 0.000000000000000000e+00 0.000000000000000000e+00 0.000000000000000000e+00 0.000000000000000000e+00 0.000000000000000000e+00 0.000000000000000000e+00 0.000000000000000000e+00 0.000000000000000000e+00 0.000000000000000000e+00 0.000000000000000000e+00 0.000000000000000000e+00 0.000000000000000000e+00 0.000000000000000000e+00 0.000000000000000000e+00 0.000000000000000000e+00 0.000000000000000000e+00 0.000000000000000000e+00 1.087531658195824424e-01 5.120000000000000000e+02 -5.433636363636362887e+01
0.000000000000000000e+00 0.000000000000000000e+00 0.000000000000000000e+00 1.930891357562599872e-02 0.000000000000000000e+00 0.000000000000000000e+00 0.000000000000000000e+00 0.000000000000000000e+00 0.000000000000000000e+00 0.000000000000000000e+00 0.000000000000000000e+00 0.000000000000000000e+00 5.728816701249909160e-01 5.359102065774337675e-02 0.000000000000000000e+00 8.274590111479794216e-03 0.000000000000000000e+00 0.000000000000000000e+00 0.000000000000000000e+00 3.441508549900679781e-01 0.000000000000000000e+00 0.000000000000000000e+00 0.000000000000000000e+00 0.000000000000000000e+00 0.000000000000000000e+00 5.307518346321384861e-01 0.000000000000000000e+00 1.608973688417507375e-01 0.000000000000000000e+00 0.000000000000000000e+00 0.000000000000000000e+00 0.000000000000000000e+00 5.120000000000000000e+02 -5.272727272727273373e-01
1.225079019771302402e-01 0.000000000000000000e+00 0.000000000000000000e+00 8.038008249924358806e-01 0.000000000000000000e+00 0.000000000000000000e+00 4.610145005522778838e-01 0.000000000000000000e+00 0.000000000000000000e+00 0.000000000000000000e+00 0.000000000000000000e+00 3.099557032868223705e-01 1.383002505471860599e-01 3.910525005310844238e-01 0.000000000000000000e+00 0.000000000000000000e+00 0.000000000000000000e+00 0.000000000000000000e+00 0.000000000000000000e+00 8.430792404607784229e-01 4.381491860395188009e-01 1.000000000000000000e+00 0.000000000000000000e+00 0.000000000000000000e+00 3.162746159781430755e-02 0.000000000000000000e+00 8.603334179119821457e-01 1.267403752095355024e-02 8.541506940984157081e-01 0.000000000000000000e+00 0.000000000000000000e+00 2.902582689086508072e-02 5.120000000000000000e+02 -1.824818181818181628e+01
0.000000000000000000e+00 2.650436582300812888e-02 0.000000000000000000e+00 2.725369973704182547e-01 0.000000000000000000e+00 0.000000000000000000e+00 2.853335815356332628e-01 0.000000000000000000e+00 0.000000000000000000e+00 0.000000000000000000e+00 0.000000000000000000e+00 3.976455959577802207e-02 1.122055200480389509e-01 0.000000000000000000e+00 0.000000000000000000e+00 0.000000000000000000e+00 0.000000000000000000e+00 0.000000000000000000e+00 9.198657274854162846e-01 4.165733890853041133e-01 4.286241743712582153e-02 1.000000000000000000e+00 1.992248292884002403e-01 0.000000000000000000e+00 0.000000000000000000e+00 0.000000000000000000e+00 1.060185913777216167e-02 0.000000000000000000e+00 0.000000000000000000e+00 0.000000000000000000e+00 0.000000000000000000e+00 1.058758656360888478e-01 5.120000000000000000e+02 -4.569999999999999574e+01
0.000000000000000000e+00 0.000000000000000000e+00 0.000000000000000000e+00 0.000000000000000000e+00 0.000000000000000000e+00 0.000000000000000000e+00 1.755261034816934240e-01 9.394084580122409557e-04 0.000000000000000000e+00 0.000000000000000000e+00 0.000000000000000000e+00 0.000000000000000000e+00 0.000000000000000000e+00 0.000000000000000000e+00 0.000000000000000000e+00 0.000000000000000000e+00 0.000000000000000000e+00 0.000000000000000000e+00 0.000000000000000000e+00 0.000000000000000000e+00 0.000000000000000000e+00 0.000000000000000000e+00 0.000000000000000000e+00 0.000000000000000000e+00 0.000000000000000000e+00 0.000000000000000000e+00 0.000000000000000000e+00 0.000000000000000000e+00 2.917877426858802789e-02 0.000000000000000000e+00 0.000000000000000000e+00 0.000000000000000000e+00 5.120000000000000000e+02 -5.335181818181818159e+01
0.000000000000000000e+00 0.000000000000000000e+00 3.628861965617352081e-01 5.488682400508180237e-01 0.000000000000000000e+00 0.000000000000000000e+00 8.363930611369646551e-01 0.000000000000000000e+00 0.000000000000000000e+00 0.000000000000000000e+00 0.000000000000000000e+00 9.799780791372620925e-01 9.948572859054943818e-01 9.999097372243990201e-01 0.000000000000000000e+00 1.038143488462573826e-03 0.000000000000000000e+00 0.000000000000000000e+00 9.742303775973963909e-01 5.827748405990903491e-01 1.561794877588079319e-02 8.794991014988041700e-01 3.539568276262473612e-01 0.000000000000000000e+00 3.018078687642599678e-01 0.000000000000000000e+00 0.000000000000000000e+00 7.913571628558188631e-02 1.996623625342425767e-01 0.000000000000000000e+00 5.800020331571795751e-01 4.639447363778310685e-01 5.120000000000000000e+02 -5.148454545454544728e+01
0.000000000000000000e+00 0.000000000000000000e+00 0.000000000000000000e+00 4.358036285489105127e-02 0.000000000000000000e+00 0.000000000000000000e+00 0.000000000000000000e+00 0.000000000000000000e+00 0.000000000000000000e+00 0.000000000000000000e+00 0.000000000000000000e+00 0.000000000000000000e+00 0.000000000000000000e+00 0.000000000000000000e+00 0.000000000000000000e+00 0.000000000000000000e+00 0.000000000000000000e+00 1.667539155260966193e-04 1.128768922156432640e-03 7.496607737802586380e-01 3.374562174528979597e-03 0.000000000000000000e+00 0.000000000000000000e+00 0.000000000000000000e+00 2.787987755838310933e-01 0.000000000000000000e+00 0.000000000000000000e+00 0.000000000000000000e+00 0.000000000000000000e+00 0.000000000000000000e+00 3.851707422868620116e-03 0.000000000000000000e+00 5.120000000000000000e+02 -2.481545454545454632e+01
