5.000000000000000000e-01 5.000000000000000000e-01 5.000000000000000000e-01 5.000000000000000000e-01 5.000000000000000000e-01 5.000000000000000000e-01 5.000000000000000000e-01 5.000000000000000000e-01 5.000000000000000000e-01 5.000000000000000000e-01 5.000000000000000000e-01 5.000000000000000000e-01 5.000000000000000000e-01 5.000000000000000000e-01 5.000000000000000000e-01 5.000000000000000000e-01 5.000000000000000000e-01 5.000000000000000000e-01 5.000000000000000000e-01 5.000000000000000000e-01 5.000000000000000000e-01 5.000000000000000000e-01 5.000000000000000000e-01 5.000000000000000000e-01 5.000000000000000000e-01 5.000000000000000000e-01 5.000000000000000000e-01 5.000000000000000000e-01 5.000000000000000000e-01 5.000000000000000000e-01 5.000000000000000000e-01 5.000000000000000000e-01 1.280000000000000000e+02 -2.472666666666666302e+01
5.000000000000000278e-02 7.903225806451613655e-02 1.080645161290322565e-01 1.370967741935483764e-01 1.661290322580645240e-01 1.951612903225806162e-01 2.241935483870967638e-01 2.532258064516129115e-01 2.822580645161290036e-01 3.112903225806451513e-01 3.403225806451612434e-01 3.693548387096773911e-01 3.983870967741935387e-01 4.274193548387096309e-01 4.564516129032257785e-01 4.854838709677418707e-01 5.145161290322580738e-01 5.435483870967742215e-01 5.725806451612903691e-01 6.016129032258064058e-01 6.306451612903225534e-01 6.596774193548387011e-01 6.887096774193548487e-01 7.177419354838709964e-01 7.467741935483871440e-01 7.758064516129031807e-01 8.048387096774193283e-01 8.338709677419354760e-01 8.629032258064516236e-01 8.919354838709677713e-01 9.209677419354838079e-01 9.499999999999999556e-01 1.280000000000000000e+02 -2.423333333333333428e+01
9.499999999999999556e-01 9.209677419354838079e-01 8.919354838709677713e-01 8.629032258064516236e-01 8.338709677419354760e-01 8.048387096774193283e-01 7.758064516129031807e-01 7.467741935483871440e-01 7.177419354838709964e-01 6.887096774193548487e-01 6.596774193548387011e-01 6.306451612903225534e-01 6.016129032258064058e-01 5.725806451612903691e-01 5.435483870967742215e-01 5.145161290322580738e-01 4.854838709677418707e-01 4.564516129032257785e-01 4.274193548387096309e-01 3.983870967741935387e-01 3.693548387096773911e-01 3.403225806451612434e-01 3.112903225806451513e-01 2.822580645161290036e-01 2.532258064516129115e-01 2.241935483870967638e-01 1.951612903225806162e-01 1.661290322580645240e-01 1.370967741935483764e-01 1.080645161290322565e-01 7.903225806451613655e-02 5.000000000000000278e-02 1.280000000000000000e+02 -2.522333333333333272e+01
5.000000000000000278e-02 1.099999999999999867e-01 1.699999999999999845e-01 2.299999999999999822e-01 2.899999999999999800e-01 3.499999999999999223e-01 4.099999999999999201e-01 4.699999999999999178e-01 5.299999999999999156e-01 5.899999999999999689e-01 6.499999999999999112e-01 7.099999999999999645e-01 7.699999999999999067e-01 8.299999999999999600e-01 8.899999999999999023e-01 9.499999999999999556e-01 9.499999999999999556e-01 8.900000000000000133e-01 8.299999999999999600e-01 7.700000000000000178e-01 7.099999999999999645e-01 6.500000000000000222e-01 5.900000000000000799e-01 5.300000000000000266e-01 4.700000000000000289e-01 4.100000000000000311e-01 3.500000000000000888e-01 2.900000000000000355e-01 2.300000000000000933e-01 1.700000000000000400e-01 1.100000000000000977e-01 5.000000000000000278e-02 1.280000000000000000e+02 -2.462666666666666870e+01
9.499999999999999556e-01 8.900000000000000133e-01 8.300000000000000711e-01 7.700000000000000178e-01 7.099999999999999645e-01 6.500000000000001332e-01 5.900000000000000799e-01 5.300000000000000266e-01 4.700000000000000844e-01 4.100000000000000311e-01 3.500000000000000888e-01 2.900000000000000355e-01 2.300000000000000933e-01 1.700000000000000400e-01 1.100000000000000977e-01 5.000000000000004441e-02 5.000000000000004441e-02 1.099999999999999867e-01 1.700000000000000400e-01 2.299999999999999822e-01 2.900000000000000355e-01 3.499999999999999778e-01 4.099999999999999201e-01 4.699999999999999734e-01 5.300000000000000266e-01 5.899999999999999689e-01 6.499999999999999112e-01 7.099999999999999645e-01 7.699999999999999067e-01 8.299999999999999600e-01 8.899999999999999023e-01 9.499999999999999556e-01 1.280000000000000000e+02 -2.448999999999999844e+01
1.499999999999999944e-01 8.499999999999999778e-01 1.499999999999999944e-01 8.499999999999999778e-01 1.499999999999999944e-01 8.499999999999999778e-01 1.499999999999999944e-01 8.499999999999999778e-01 1.499999999999999944e-01 8.499999999999999778e-01 1.499999999999999944e-01 8.499999999999999778e-01 1.499999999999999944e-01 8.499999999999999778e-01 1.499999999999999944e-01 8.499999999999999778e-01 1.499999999999999944e-01 8.499999999999999778e-01 1.499999999999999944e-01 8.499999999999999778e-01 1.499999999999999944e-01 8.499999999999999778e-01 1.499999999999999944e-01 8.499999999999999778e-01 1.499999999999999944e-01 8.499999999999999778e-01 1.499999999999999944e-01 8.499999999999999778e-01 1.499999999999999944e-01 8.499999999999999778e-01 1.499999999999999944e-01 8.499999999999999778e-01 1.280000000000000000e+02 -2.335666666666666558e+01
1.062500000000000111e-01 1.062500000000000111e-01 1.062500000000000111e-01 1.062500000000000111e-01 1.062500000000000111e-01 1.062500000000000111e-01 9.500000000000000666e-01 5.000000000000000000e-01 1.062500000000000111e-01 9.500000000000000666e-01 1.625000000000000056e-01 1.625000000000000056e-01 9.500000000000000666e-01 2.750000000000000222e-01 1.062500000000000111e-01 9.500000000000000666e-01 1.625000000000000056e-01 1.625000000000000056e-01 1.062500000000000111e-01 1.062500000000000111e-01 1.625000000000000056e-01 5.000000000000000000e-01 5.000000000000000000e-01 1.062500000000000111e-01 1.062500000000000111e-01 9.500000000000000666e-01 5.000000000000000000e-01 1.062500000000000111e-01 5.000000000000000000e-01 1.062500000000000111e-01 1.625000000000000056e-01 1.062500000000000111e-01 1.280000000000000000e+02 -2.544666666666666899e+01
5.499596620578787176e-01 6.483548188835264181e-01 4.031573756688733856e-01 1.958032880261222908e-01 2.704009991651217804e-01 5.574613117508135929e-01 2.675124162838839470e-01 9.076545228512565844e-01 9.750881068470830249e-01 5.885783967192788069e-01 8.955207968557677978e-01 2.299666373827536359e-01 1.705502977979132806e-01 4.687976438986074523e-01 6.241754460553111672e-01 6.665951276318247132e-01 2.051066005658749858e-01 5.973376488339716683e-01 9.677507933637109483e-01 7.800854691737262314e-01 6.406054641060090482e-01 2.641205845587580869e-01 5.860846633778217241e-01 2.466163523058121088e-01 5.789845308022084636e-01 3.502848306260404332e-01 5.768673578580290062e-01 8.462947572284763575e-01 6.796250054397709461e-02 6.417819552423570384e-02 8.017540475474302930e-01 9.201571036738644960e-01 1.280000000000000000e+02 -2.472333333333333272e+01
2.622698287316063692e-01 9.632098608288813812e-03 5.165716392603276752e-01 5.768566574680376036e-01 6.782206125259221396e-01 5.876394429973132993e-01 7.841409629724142016e-01 2.733712923657345972e-01 5.365866490939278366e-01 6.474857220674236080e-01 2.002105894633453009e-01 5.133235330574751482e-02 4.634996590896091062e-01 3.494233067375930313e-01 8.326469505674507499e-01 7.920917722293130403e-01 9.072141006962872734e-01 2.441623709352906679e-01 9.592898229432198498e-01 4.486929966054843399e-01 5.155760419871965317e-01 1.376924240280757994e-01 4.736147129171294767e-01 2.752941869705160822e-03 9.218405382814913729e-01 5.337959542312068484e-01 8.455907339814657808e-01 2.146798765276285714e-01 3.532994023657911598e-01 3.627727888303389214e-01 9.088807973080816893e-01 2.804788845225503202e-01 1.280000000000000000e+02 -2.299333333333332874e+01
4.568320962797169787e-02 3.051490326569460398e-01 5.339207433116736068e-01 4.231786628204712297e-01 3.714424855602773690e-01 9.655201246498605616e-02 4.539878766960424583e-01 2.543758490909631687e-01 6.154476124719353569e-01 1.424411261214202085e-01 6.197530597665543706e-01 7.428262150917537276e-01 4.766836470389648750e-01 6.195256419179864249e-01 4.627334587545043343e-01 5.718989194723496094e-01 3.964998813585250415e-01 5.528711660013653217e-01 5.634784228254976490e-01 4.273416344066880979e-01 7.323745718622118317e-02 4.824091070515960089e-01 4.993602555629323425e-01 2.859860885000230502e-01 4.088670828404711299e-01 9.259741498757690925e-01 7.381239520014564182e-01 6.623379503475317065e-02 7.603829072103838183e-01 2.873061297674525325e-02 2.757631347469570726e-01 1.188422140819004528e-04 1.280000000000000000e+02 -2.518666666666666742e+01
1.108854236274403327e-01 8.020463280741055856e-01 3.987387679831667919e-02 5.306552448452588333e-01 1.690724823389042342e-01 1.941550058918840027e-01 6.672020152448396857e-01 5.216592544487079763e-01 7.591107242447833192e-01 4.701420981503642293e-01 8.558172067278746464e-01 3.988685335673073165e-03 8.255225304816352638e-01 7.105970043087763699e-01 7.313327842842698434e-01 3.810121596785737697e-01 1.323896065783160547e-01 6.729775322224155198e-01 5.405281456289311171e-02 1.623242265092037506e-01 7.214112177737848075e-01 4.077397317211129413e-01 7.292913618565513012e-01 5.797639820810640554e-01 2.700521845119230879e-01 1.148560871945959599e-01 9.880947779061752811e-01 7.587113989583544882e-01 7.769569427951709961e-02 9.678333997555792212e-02 8.260722142603905693e-01 6.752998455245114995e-01 1.280000000000000000e+02 -2.331333333333333258e+01
8.151219187652072318e-01 5.274273354498268951e-01 8.840089696714226175e-02 8.657577437215348004e-01 8.170489235953045659e-01 1.728997785095600093e-01 8.597376763527200816e-02 2.227300921166591452e-01 8.770181975038766620e-01 5.465238987703550100e-01 5.750227085209668187e-01 9.094837738667342908e-01 1.317190519742365007e-01 5.852766026733757787e-01 2.273624426507550311e-01 8.574141533763554035e-01 3.579277984943725344e-02 1.121044504710683731e-01 1.415271499575850023e-01 1.892827670307735410e-01 5.473626484477503995e-01 5.062048559307512630e-01 4.101598708152049411e-01 7.753632141739409400e-01 6.988066588893979691e-01 9.457684285631901000e-01 1.290091396514009836e-01 7.810694209659609921e-01 3.940694282110827062e-01 7.597551167281091367e-01 5.816296164502789967e-01 3.923331183724804161e-01 1.280000000000000000e+02 -2.579666666666666686e+01
4.591050636143128583e-01 5.092325236331918248e-01 2.282640202322910594e-01 3.966194208457708981e-01 2.589161625682150358e-01 7.217058786508895318e-01 3.099935391692509312e-01 7.753290855763482758e-01 8.911990174349365690e-01 9.267562749265941813e-01 2.555462952511708408e-01 2.562844118703131446e-01 5.775162499642306768e-01 1.235339311124037526e-01 5.381723576332992920e-01 4.190223334924312315e-01 6.097029087312884066e-01 5.776646672445280295e-01 6.041922216319318695e-01 9.509836399139581786e-01 9.180689862103373899e-01 2.561528899969537365e-01 9.149555899959692373e-02 7.996492890330827441e-01 8.595276342541346981e-01 4.840785281536730822e-01 8.927046735326263915e-01 4.184644965511836179e-01 6.290910135439186091e-01 9.596623114712965474e-01 6.257867655703974741e-01 2.529713565020850208e-01 1.280000000000000000e+02 -2.421333333333333471e+01
5.274725378998119663e-01 7.616191857332329507e-01 2.028930162805723039e-02 2.986216385642636029e-01 7.802308647389010199e-01 2.613616069631805594e-01 3.851069579679903820e-01 5.290700983746573494e-01 1.994192987413544449e-01 7.632663812098308131e-01 8.117577287078682202e-01 8.245061376707836232e-01 6.165929718821653305e-01 3.908627545894065580e-01 1.659677523103299801e-01 3.038322632877170082e-01 9.485023691514835043e-02 2.027045215056932914e-01 8.158104423667598137e-01 5.788345350510143428e-01 9.007850183584172887e-01 3.862613233700117887e-01 8.695581238052343398e-01 5.040644540904849064e-02 4.449657619143447262e-01 1.501247579319612557e-01 3.479795007906889004e-01 7.461404974431096182e-01 8.220068722558889762e-01 2.312390010547759056e-01 7.283603697319512849e-01 4.429342594563137614e-01 1.280000000000000000e+02 -2.355666666666666842e+01
4.189622429399909587e-01 5.950156963764934304e-01 1.956232302657928135e-01 1.853508726728327061e-01 9.162194628558604226e-01 2.263358456959838894e-01 8.204072675851288299e-01 8.261320159691749598e-01 6.821706395524205213e-01 7.828700774298109899e-02 9.600408382523322182e-01 6.489578564513183434e-02 2.798285906948690394e-01 8.652596931720982765e-01 3.675755883992327666e-01 5.204239890893941345e-01 2.537738530991504038e-01 3.513587865211981742e-01 7.218897498517069522e-01 4.409262662328875676e-02 9.330890670613490867e-01 2.219636035033515642e-01 7.713446902778234859e-01 1.367199463379012159e-01 6.481300749357711277e-01 2.575097959158744176e-01 2.011896183999300480e-01 8.886939677521368264e-01 2.583794238057737780e-02 2.016263838163233624e-01 1.883998382452828080e-01 9.324144558164088048e-01 1.280000000000000000e+02 -2.358333333333333215e+01
2.033493168497021164e-01 1.367772968492924901e-01 9.902300033160561510e-01 6.738876016602842745e-01 7.087632017192855294e-01 8.820884372451068822e-01 6.242389430282072604e-01 6.635305267853646161e-01 7.380303866130255575e-01 9.009088951725299221e-01 4.187495933504810641e-01 6.806371369888423173e-01 2.560283819722687926e-01 8.841305054449712930e-01 1.230247788887201960e-01 8.379043239914788499e-01 8.296593187569387684e-01 1.240397769920554144e-01 2.914893502972550898e-01 8.297078784287866826e-01 4.708988843131450830e-01 7.996655863084349836e-01 1.176228535993644603e-01 3.091734393095438294e-01 8.019850339046413756e-01 5.649196821878920555e-02 5.339703560304148722e-01 8.105742130606993223e-01 6.601958738374823499e-01 1.871738025522666216e-01 9.592122367777622394e-01 3.641368397159855386e-01 1.280000000000000000e+02 -2.570333333333333314e+01
4.437627262071762724e-01 1.774492498955551334e-01 6.459583429651035713e-01 6.309325319217399253e-01 4.375849279407079684e-01 4.378458333550104831e-01 9.387857175666242115e-01 1.093355197674352186e-01 8.536561434506964030e-01 5.367740063725827682e-01 6.334623706049895553e-01 8.611030000512015503e-01 8.230705444912143065e-01 4.820058703547920598e-02 6.844843189058332777e-01 3.575942349237061068e-03 8.612525724174530106e-01 2.841471215750552282e-01 6.768812800021503095e-01 3.942892585971513042e-01 9.701184254551863395e-01 3.561080283285736336e-01 4.279282931725567063e-02 1.226759771329126725e-01 1.759817769119534081e-01 9.939394156483850606e-01 4.902954384922211251e-01 7.256460920961930183e-01 6.920537742827067573e-01 5.683037754334501201e-01 6.352892578596985862e-01 4.368146075533703709e-01 1.280000000000000000e+02 -2.334333333333333016e+01
2.647319200621682245e-01 6.185398228603294912e-01 2.764628181481790237e-01 9.547906123593250527e-01 4.927554507243903648e-01 7.819693264566618396e-01 5.491820819040201807e-01 7.481353560480412390e-02 9.328702333780570788e-01 5.002658019989347782e-01 3.398625334119712571e-01 4.289634510804754552e-01 5.884857703758888947e-01 6.455670880648022303e-01 6.063019733275017975e-01 9.753243251113445922e-01 2.945245106637151555e-01 5.257567791022991210e-01 9.034835383028569922e-01 9.720860438609830734e-01 1.241691750899000107e-01 5.866164268400831938e-01 2.914473677770725302e-01 4.385575351392258514e-01 1.739005472919854245e-01 8.331456457407028504e-02 2.731258144668745058e-01 9.970005501951479943e-01 8.795403549215820016e-01 4.206310447895825755e-01 1.299919703613315325e-01 5.843073471038912059e-01 1.280000000000000000e+02 -2.429666666666666686e+01
6.787634745238242395e-01 3.234259555056481772e-01 4.085139107148107879e-03 3.787128463808961138e-03 9.442298795054534510e-01 3.205609801659321523e-01 3.348712946042977645e-01 6.299352210309131506e-01 3.623596279068643788e-01 8.793182874708233010e-01 8.732252419850938807e-01 6.457914958855939247e-01 1.945123391905969057e-01 2.333790000019746735e-01 8.706667030031640664e-01 4.922472339020687038e-01 5.818183464855872788e-01 4.637706339447522086e-01 4.418323939684516977e-01 6.036538245257567770e-01 3.583152603648198653e-01 2.404226183586348764e-01 4.279567606169879523e-01 8.242597660536568061e-01 3.379184323630031184e-01 5.648309529363804149e-01 6.810044694839416657e-01 9.069772147783835559e-01 4.171804937470733332e-01 7.187724014706049491e-01 3.273568776219242804e-01 5.188046620285310384e-01 1.280000000000000000e+02 -2.482666666666666444e+01
1.264336078774823402e-01 4.771470828356803584e-01 8.846643645840808201e-01 6.610541140999019738e-02 3.904075622563727976e-01 1.627702681745387195e-02 6.006311782398275900e-01 5.033860875402702550e-01 2.800096184941274500e-04 7.143679900271692196e-01 9.992536689226688695e-02 5.811497851014915117e-01 9.076716538263897016e-01 6.509288796237969743e-01 1.048911241285429841e-01 7.372525635569072699e-01 3.010199153331373223e-01 8.054414850335102349e-02 7.398753363291792340e-01 9.315200952535667156e-01 2.129394084907438034e-01 7.334001316944228632e-01 4.906745770617608748e-01 2.026954607600787439e-01 1.407141795013921726e-01 9.566070180993804239e-01 6.593775516880578946e-01 9.863769892476476064e-02 3.226726339601919125e-01 8.618134244780509823e-01 6.694592960664800252e-01 8.243144920233949069e-01 1.280000000000000000e+02 -2.605000000000000071e+01
7.299929245612041262e-01 8.589274683513994368e-01 7.131475235226892861e-01 7.872909723193435294e-01 4.538258909775414462e-01 7.420616327307834048e-01 1.176283766714723983e-01 7.666608554665192976e-01 7.963804484690204522e-01 5.182793470380585577e-01 1.716294154997294319e-01 1.904264239544951054e-01 5.078441854007085254e-01 3.164448190039126363e-01 4.299321385810017104e-01 2.623271914598369545e-02 1.137290134549213821e-01 7.416955806179367228e-01 8.426680491703343323e-01 7.500141176909516094e-01 8.244373062666401353e-01 5.695934182792948830e-01 5.126691389332018942e-03 5.538315199865220251e-01 3.990320977278534742e-01 7.626843017135810365e-01 1.623852509330939720e-01 4.482081314345378042e-01 4.216199503857900877e-01 3.754611869163148596e-01 6.576131149185083791e-01 5.110274096484745954e-02 1.280000000000000000e+02 -2.362999999999999901e+01
7.974036861647653129e-01 2.088943351341312760e-01 3.672157936894929753e-01 3.836291951941803863e-02 1.991187096741315471e-02 2.719852843016020705e-01 9.252374668904957966e-01 8.203134321550162866e-01 3.999693773897597393e-02 7.366878468475536179e-01 9.363259498184026697e-01 3.254680946219351001e-01 2.820030025341288549e-01 9.165912160998095359e-01 5.547582588204521548e-01 4.118633484972956255e-02 5.767843192721168188e-01 8.058967910859330397e-01 3.933269471763822106e-02 4.103468205285062398e-01 6.783616687458818850e-01 9.527799059218785560e-01 3.880545001249601222e-01 4.175409305491766809e-01 3.597425712892839966e-01 5.595502463285514372e-01 9.597359354782267760e-01 1.706606034036823871e-01 4.640126910889033618e-01 6.522266451141995880e-01 5.427103819643114280e-01 1.874692952120950995e-01 1.280000000000000000e+02 -2.444000000000000128e+01
9.631600605217974786e-01 5.775245184194551795e-01 5.542202998801660785e-01 3.288752146376044405e-01 8.269858628019233215e-01 7.108104566023538684e-01 4.741490552555317761e-02 2.016064943269225695e-01 4.507296422056150109e-01 3.719172239656190482e-01 8.941098881043634261e-01 4.979397244398152678e-01 9.996268829186405469e-01 5.365357993096251388e-01 9.207189083974459676e-01 6.120338637524895820e-01 6.878154892080495797e-01 9.745881899606989585e-02 7.404384454238603641e-02 5.389426122281187892e-01 6.933714399753838631e-01 3.258562511715824839e-02 9.707809027690599279e-01 8.393959662740377858e-01 6.040572968590225411e-01 5.850281062468187798e-01 6.242023380668951793e-01 2.057310425514385574e-02 7.370018373790987454e-01 4.251940481798132110e-01 5.235106407158460762e-01 2.079328121444190547e-01 1.280000000000000000e+02 -2.650333333333333385e+01
3.087034056579238822e-02 2.872877560090278740e-02 8.653284191029075867e-01 5.101779257322749395e-01 9.714207587089285223e-01 7.544634620786730972e-01 1.618899683982257809e-01 9.782091504985472585e-02 5.083786472892806163e-01 8.614113313099289737e-01 2.679388875091015532e-01 2.072390011326689097e-01 9.265875924206051772e-01 7.823679907658038779e-01 3.982009472825043250e-01 1.673217999264210998e-01 9.867401361317509334e-01 6.952082185244291557e-01 1.880341626258696663e-01 5.942563621059696599e-01 5.696286996053845364e-01 6.617476681906518943e-01 5.240573447526793993e-01 3.039831808173886277e-02 6.283174260201278560e-01 8.651321221814183282e-01 8.163472485540137491e-01 7.153570007378906581e-01 9.303968070945785040e-01 7.310350721521610695e-02 4.641959863672019959e-01 7.757245831001920999e-01 1.280000000000000000e+02 -2.549666666666666615e+01
4.764503527984788600e-01 9.434625684076954899e-01 9.510567757770663766e-01 8.844578570197746403e-01 6.126021285304638075e-01 1.916381728693959952e-01 2.499167786318880480e-01 4.156577309560869904e-01 2.831685774052919435e-01 4.440165501352817401e-01 1.405470425991337934e-03 3.412915467332881536e-01 1.412184016351026583e-01 1.927290415515472977e-01 5.142436297848173021e-01 1.340750370422004178e-01 3.599476987385586968e-01 5.342156652031638808e-01 4.798248956649088237e-01 8.497281605670334304e-02 3.421430159577896202e-01 4.026114737921336617e-02 5.408771832531377166e-01 1.568282877060238889e-01 7.223675896523726880e-01 1.873145900980404677e-01 9.431522033800144866e-01 5.039273549098505223e-01 7.204968374209314019e-01 3.923281327188873346e-01 7.731374731434627057e-01 2.842585016229235984e-01 1.280000000000000000e+02 -2.536333333333333329e+01
1.426222035981760672e-01 9.107293232955424589e-01 8.575162235967076496e-02 1.420913427527480122e-01 4.084803527691068803e-01 2.146784028498989472e-02 5.872077383095184455e-01 2.407953273527357607e-01 3.957333458492031664e-01 7.375699114425514624e-01 4.588824055956782222e-01 9.761929492998767666e-01 1.840380727689879814e-01 5.919749100153690741e-02 7.869390922084354423e-02 8.706526442451748560e-01 8.496897922317011576e-01 9.371174017201279183e-01 5.012703536480948019e-01 6.648703629328114317e-01 4.445124258623669444e-01 8.272181602681668577e-01 2.425817592395371203e-01 6.731297749681988130e-01 4.577664489410222803e-02 2.369853330121043655e-01 2.519708584930979711e-01 6.452530787344635810e-01 6.432971911549746347e-01 8.849664156338398202e-01 3.553868716777011660e-01 5.740023974028722886e-01 1.280000000000000000e+02 -2.361333333333333329e+01
7.117445925068711654e-01 7.149799319906910977e-01 6.260389977439805298e-01 9.058725571253682940e-01 5.707586153596052592e-01 6.484032665740800949e-01 4.147940200372667863e-01 6.003708090118342611e-01 6.612586554982764486e-01 4.062959552844211952e-01 1.171564640087661147e-01 6.188608050814712325e-01 3.538111109283441635e-01 4.775801416112860354e-01 2.988370410780637476e-01 2.155483107435836043e-01 6.686816511856124023e-01 9.965090809786660841e-01 6.491606659503577070e-01 8.090583029287906625e-01 5.019131553246904132e-02 9.912688572000777354e-01 9.183224254166925116e-01 9.702240401605439768e-01 2.269755248598592789e-01 8.497518616628524368e-01 9.225486635475894648e-01 2.973816788069763573e-01 5.891145832907237478e-01 6.353312823807475418e-01 5.643203467248755212e-01 2.984884254241708668e-01 1.280000000000000000e+02 -2.360333333333333528e+01
9.770489158995802059e-01 8.940976327494291054e-01 8.302307100645134330e-01 6.033580370372655377e-01 1.552839872778448982e-01 5.323796114399413915e-01 2.885496731632908873e-01 1.676254457099307649e-01 1.523954496584773999e-01 6.732805487773806385e-01 8.361741393347881246e-01 8.595457367141427774e-02 8.628097404122830882e-01 8.655729450573447503e-02 5.436530958484501325e-02 5.392329768179170424e-01 9.693684029101568012e-01 6.555320560837513133e-01 6.480774469431971330e-01 2.816466113710127880e-02 3.750015739436312057e-01 6.871889250059226573e-01 7.859821388458447800e-01 5.103240164121516376e-01 2.392560901474725388e-01 7.235406693152115487e-01 3.324457829373105022e-02 1.060052670255479286e-02 1.079364957860068502e-01 1.311635402501095393e-01 1.620340839570994507e-01 4.908909884112294675e-01 1.280000000000000000e+02 -2.459999999999999787e+01
3.837932107409603999e-01 6.119278119345711309e-01 7.239702591572738655e-01 9.146525176009558944e-01 3.219124712878402295e-01 4.806717823642708137e-02 5.715194209005685089e-01 6.452221310819968858e-01 9.158383587021239336e-01 1.144077582024434769e-01 3.512818897725495382e-01 8.348588263943360621e-01 9.579236282644157940e-01 4.394150637589990804e-01 4.783566160685974178e-01 2.590493746612161918e-01 6.216841439222273724e-01 3.828297171423311052e-01 2.215915744585487401e-01 8.717210232599112985e-01 1.037794630038823690e-01 6.286117407733864404e-01 6.729947799184347046e-01 6.903107287334628861e-01 5.680794590065744165e-01 3.232757149664905461e-02 5.488430509012334202e-01 2.778401755211324931e-01 8.055966039001574153e-01 7.765122365678134297e-01 2.855164506907566513e-01 3.461441302545235077e-01 1.280000000000000000e+02 -2.449333333333332874e+01
5.142135713917879158e-01 9.770104640388650452e-01 1.670243871289153192e-01 5.952987943667192861e-01 7.964628142909122577e-01 1.531906825031855990e-01 7.460529775068489577e-01 9.481684913392105507e-01 1.870201404365442466e-01 2.991864031091354126e-01 9.123961670985805128e-01 3.797803998196378483e-01 2.995677632054147832e-01 5.700135025472022887e-01 5.724688850986507302e-03 1.452444319175493770e-01 7.882317441982142903e-01 1.794464054228040450e-01 9.241493495226799082e-01 9.994490463771545929e-01 4.148217225649831197e-01 6.484331536489440495e-01 9.390271921779380637e-01 8.530397482573065515e-01 9.657504682113330352e-01 6.543399555486469898e-01 2.131410762511257717e-01 9.476316292083297732e-01 8.453633327891511007e-01 9.124815977977784875e-01 2.095268241078662719e-01 9.136710016916439747e-02 1.280000000000000000e+02 -2.463666666666666671e+01
3.649443698758988996e-01 6.742043151886965013e-01 3.404224477438220209e-01 2.477492572910472424e-01 2.049104399421507461e-01 3.069885145215719424e-01 8.466076651821133892e-01 5.672200276021431842e-01 6.377452508144583476e-02 5.731763578380419943e-01 6.218743773052571450e-02 6.557175082269351973e-01 9.774302336709114192e-01 9.753513975154975979e-01 4.567288424712964007e-02 8.130992092749524114e-02 7.493089750192242215e-01 2.810087146382263257e-03 7.996612184136369095e-01 2.380631507163388783e-01 2.930978853182891752e-01 4.570834110861907162e-01 5.639897147865080562e-01 5.411751724952723608e-01 1.074801477029335289e-01 4.479574492341997088e-02 7.865998854174426347e-01 3.173674127395060829e-01 9.690907182598853531e-01 2.541980178032742788e-01 2.358378505953686588e-01 7.702038282574875661e-01 1.280000000000000000e+02 -2.479000000000000270e+01
8.571298068153134775e-01 8.180239372560502709e-01 3.026510040765870158e-01 2.847456015807514618e-01 7.632322080600985048e-01 1.106262682221928195e-01 4.284616429193034426e-01 9.289509409446305988e-01 8.288980075593638253e-01 3.207367226951490236e-01 7.655425375603560623e-01 7.151647518321699870e-01 1.792654339817563447e-02 7.307559132735514940e-01 9.006930459704124425e-01 5.918194297773385903e-01 4.448956950970360813e-01 8.768977138034098617e-01 6.302778774947175311e-01 6.345170804497333172e-01 9.482162281705919238e-01 9.588641541002333735e-02 3.822391529938151677e-01 2.199219436136300998e-01 5.417861041405879208e-01 7.189857065948934700e-01 1.420649524870394309e-01 2.055534216579595341e-01 8.651475387009047724e-01 8.279461073056290088e-01 4.094335501313317582e-01 4.679153694355684401e-01 1.280000000000000000e+02 -2.496999999999999886e+01
6.963538405222606809e-01 5.117881812978071487e-02 3.730969464825299453e-01 7.396338046720719595e-01 7.207610170492794177e-01 6.768541738812886566e-01 9.846819739197474330e-01 4.407886414489996518e-01 7.732333892713098011e-01 2.821697361030753859e-01 2.893132823570122580e-01 4.812862663995464141e-01 6.568783825658701669e-01 9.582797285768708262e-01 9.831301082128168778e-01 3.499689373222513722e-01 6.506026181803753472e-02 4.213292579820231420e-01 1.222474330011736887e-01 1.369255564988660356e-01 1.800653636061397556e-01 5.563225597982903725e-01 7.157271668639443307e-01 7.605623618508902672e-02 8.201745871123128362e-02 8.393210116277776134e-01 6.032027328536609251e-02 1.069005559088493096e-01 4.746914772657855330e-01 6.721319182769343037e-01 5.580442839746075911e-01 6.220823340639876076e-01 1.280000000000000000e+02 -2.421333333333333471e+01
3.255562885427667474e-01 4.154615020174291518e-01 5.957076520969161182e-01 4.674654221402828602e-01 5.238913940186945561e-01 6.662671997724483042e-01 1.408044393770706559e-01 8.421569842386836813e-01 4.711590027408616987e-01 1.666701158186531251e-01 7.065561927880514848e-01 7.313323801513430533e-01 9.403011103883729405e-01 7.411117999791735356e-01 8.441327705303247608e-01 2.697034556951178330e-01 4.092371080498345970e-01 3.262235778753037191e-02 7.100989585813719529e-01 1.518245908925990872e-01 4.303321258295966234e-01 7.853371275069168655e-01 2.680141958163050411e-02 2.766724818941277975e-01 9.602918822858904635e-01 4.086509894079771721e-01 1.911319731661690335e-01 2.578966430275638211e-01 8.359466213542094959e-01 8.570842347580684972e-01 2.251114282908140141e-01 1.143004675059749592e-01 1.280000000000000000e+02 -2.411666666666666359e+01
2.898169631252180412e-01 4.557299707576763503e-01 1.877094245903198622e-01 6.564236891717676325e-01 2.127824380849057673e-01 8.674712166928008061e-01 3.516020656518508702e-01 1.574576248882203489e-01 9.565478408325470694e-01 9.757131382873546199e-01 1.254485035278584126e-01 8.789468338299470940e-01 9.703641767638704341e-02 9.052744471140181659e-01 4.100811441571897698e-01 4.719766887188499016e-01 8.061740471702908417e-01 1.598780476097463321e-01 7.769206407844293505e-01 6.798688981950661292e-01 2.001083663616723685e-01 9.114287617059931845e-01 9.053559167874420943e-01 6.385383812205540632e-01 7.772790491510008781e-01 2.177024058544693164e-01 3.132157216926413912e-01 6.678927106531776792e-01 9.120932972046870424e-02 7.513477618625128418e-01 7.501939079077114547e-01 4.927720367351126063e-01 1.280000000000000000e+02 -2.334666666666666757e+01
2.433128654822614700e-01 1.613572959859432276e-01 7.385003418018025734e-01 3.757697318122791841e-01 2.813799751443606390e-01 4.186762791465121758e-01 2.443775298843667981e-02 3.122466845906058941e-01 5.157554920191022019e-01 2.658431714223401521e-01 9.995851130677085861e-01 4.418222714678428642e-01 4.466435517965173241e-01 6.760108410132015244e-01 1.570655775813974420e-01 1.872295043900369105e-01 5.302494792408581903e-01 7.699424837543551448e-01 9.993369430425915745e-01 3.668919420497809836e-01 2.372527699417436298e-01 5.329509538474809238e-01 6.480376006911093834e-01 9.867559081502325080e-01 8.287583468722762303e-01 3.310557269355941523e-01 3.882239914223497568e-01 5.523495750000572135e-01 7.189648413458219478e-01 8.174730243735159885e-01 9.366330592468573302e-02 5.346839207404562311e-01 1.280000000000000000e+02 -2.425333333333333385e+01
8.831449564362949811e-01 3.499899260358423914e-01 2.832159168948946704e-01 9.345159981836469454e-01 5.693625210524327906e-02 4.411694126899896595e-01 5.196027193407375400e-01 4.652622554495141061e-01 3.507599425483762801e-01 8.390450688605952667e-01 3.747653830389699459e-01 6.916943067838383641e-01 5.202471674109403477e-01 6.064952714159822511e-01 2.672132078377382203e-01 5.483970834290244900e-01 6.573851904572214355e-01 7.262660157683291651e-01 3.350703008479593015e-01 5.083311158775560834e-01 5.726820428074429203e-02 3.188781629054713851e-01 6.854903583359930330e-01 9.895586621195470722e-02 2.907602274202523152e-01 6.733157110590466399e-01 7.989008863621765988e-01 3.597138748507809625e-02 2.585914724858157654e-01 3.154587174877666045e-01 3.392333683790855203e-01 8.432089246874369115e-01 1.280000000000000000e+02 -2.494333333333333158e+01
8.793892795290891851e-02 6.660692807521562120e-01 1.401642583449635437e-01 2.390041117522518077e-01 6.572252248919113748e-01 1.338165372513434037e-01 2.274701337743870733e-01 4.794280197319517600e-01 9.800568229436204537e-02 1.286151810707845400e-01 5.183502124052510179e-02 5.675265506986935105e-01 7.422270561835965230e-01 1.982990352446671600e-02 2.827847125126898842e-01 2.074762961517231108e-01 2.749155668272916242e-01 3.879502587720543572e-01 1.295404812495946079e-01 8.577686050223096714e-01 7.994201299946059880e-01 6.719852342825071156e-01 1.672977511021868369e-01 9.331088666752345162e-01 2.550042852721407516e-01 4.964231455797962766e-01 1.094519677632152937e-01 3.440235219016247181e-01 5.218200890967273908e-01 4.501509775314359585e-01 7.116230049637336519e-01 9.824912874597524493e-01 1.280000000000000000e+02 -2.467000000000000171e+01
4.860923737723970087e-03 3.711873059278132381e-01 1.560699652274759874e-01 5.443488429947286322e-01 3.484424973443274176e-01 9.450115103360626767e-01 4.822517784556946685e-01 9.381946430434502382e-01 1.735364431222491122e-01 2.152442226594092622e-01 6.043929004755010936e-01 2.221356708224664356e-01 3.707371095280264650e-01 3.548509894680801358e-01 3.170932298222906009e-01 6.684412791084336225e-02 3.699531894627944850e-01 8.521155980605739089e-01 8.725883768529506535e-01 8.044082060734314421e-01 7.710864027989234870e-01 3.367316858016956016e-01 8.440200518569174193e-01 1.858182863473492596e-01 3.703920684406904473e-01 5.151608503314911713e-01 6.373848040491786326e-01 6.591411418060552085e-01 9.865030669237601080e-01 3.293455129886693755e-01 9.188532535015514480e-01 3.498149142599676215e-02 1.280000000000000000e+02 -2.327666666666666728e+01
1.866131312660327390e-01 1.022746525159715647e-01 8.963167492831899397e-01 4.936533570851387442e-01 9.908765875371191578e-01 4.992772895540517619e-01 8.246064861170663285e-01 8.946380128494464401e-01 6.941074119135320908e-01 6.509910461311870788e-01 2.122929041369267800e-01 1.355976561626370258e-01 2.330682584036159188e-01 2.869820777680843205e-01 3.404233566168281544e-01 6.413461399691304798e-01 3.112919061296924930e-02 4.084835295569987923e-01 6.923451720566475842e-01 1.721540252863323905e-02 6.023119857726739745e-01 6.109104015303429280e-01 6.248496422884830537e-01 5.059284602741381809e-01 9.120273983720098010e-02 2.934916834509036510e-01 4.160756245747820881e-01 2.428873237667177887e-01 9.564982005641764484e-01 5.052594219825211619e-01 5.885316614504444710e-02 9.743342477373380106e-01 1.280000000000000000e+02 -2.548999999999999844e+01
4.986548659511319537e-01 4.216461830256109100e-01 4.088538398802553653e-01 9.727167791802768804e-01 2.310870681925284442e-01 6.875863251920905084e-02 3.283128587575515622e-01 5.795016361814631090e-01 6.444243279576368222e-01 9.945472823030792053e-01 1.553824788319124461e-01 5.585556967426154040e-01 7.349066726253024040e-01 9.846706548755956856e-01 7.611064053323471912e-01 8.777732159247764177e-01 2.387483436651942348e-01 2.470978721097575326e-01 9.534555174963803975e-03 5.223528974384910040e-01 7.059062362661756573e-01 1.482773013697995246e-01 8.253265304252366263e-01 4.478521032970622096e-01 9.976949421034055909e-01 9.108601041812185439e-01 3.839383211839048626e-01 9.187791214124977346e-01 6.015854450088624628e-01 3.690972469991455479e-02 1.111148067478391205e-01 4.116329735590699146e-01 1.280000000000000000e+02 -2.749666666666666970e+01
9.328207206798069251e-01 3.983632143999884523e-01 7.598337586253975928e-01 4.548424504188546269e-01 1.328908035371182961e-01 3.895820694680035556e-01 8.064923593948807312e-01 6.879615323344836497e-01 2.325102614186061734e-01 8.431435720779033582e-01 7.209390272246655185e-01 1.039982488455781090e-01 4.374869510855326077e-02 8.561499874315098291e-01 6.342289059635138893e-01 3.513410659292451332e-01 5.029857863438711441e-01 7.834827704711265772e-01 5.834813881078568798e-01 6.425982367115046223e-02 2.799609224801076213e-01 6.794439825605698424e-02 1.481525593593761847e-01 7.658987738626810149e-01 1.008091318033584906e-02 7.739285674091903600e-01 3.323101729339706933e-01 5.753945391763897188e-01 1.798859481807259797e-01 4.605622186297387288e-01 2.515924069115623718e-01 5.496115840834083777e-01 1.280000000000000000e+02 -2.362333333333333485e+01
7.516064527458933275e-01 1.411763174098311924e-01 7.945187456630409262e-01 4.202880617089155835e-01 8.775013085342950880e-01 4.658361333209062316e-01 8.843473181128210792e-01 9.941961615479447678e-01 9.103904605921778748e-01 3.475800787208325193e-01 9.726069705110229613e-01 2.315847139941597244e-02 6.004707157735700296e-01 7.994970179794962384e-01 2.166072552878190241e-02 4.492691013475905160e-01 7.338598123592557920e-01 9.046654864132189777e-01 3.185786383847898917e-01 7.320358013281724752e-01 1.572761997792111455e-01 4.265513707995666204e-01 1.932466409448490297e-01 2.285552135135726637e-01 7.030969257609448464e-01 3.855947377961302380e-01 7.171942513673800201e-01 4.787629735213410620e-01 3.586893950787486962e-02 8.014427459639166251e-01 3.108366316556621101e-02 6.936910426007067976e-01 1.280000000000000000e+02 -2.364333333333333087e+01
8.961220308683212066e-01 2.302044814003543494e-01 7.808580961081638128e-01 3.452658675278143519e-01 5.340354991190082723e-01 8.159658425040658969e-01 1.976802800408440364e-01 4.531879003368753656e-02 2.163485724634383045e-01 1.627950606945870182e-02 4.372177807660037607e-01 3.917441423346899043e-01 7.003282401577265448e-01 3.813830214567753285e-01 6.681492841406392325e-01 9.218565758725216774e-02 3.200481827097864107e-01 8.922219307515777409e-01 4.624052310205601923e-01 2.712840521471709954e-01 9.982514824479792326e-01 3.031757514111845797e-01 2.473168577249583722e-01 9.613435743355365215e-01 6.124147282660637875e-02 1.587896386621512057e-01 4.531838119960899802e-01 3.922546243906592789e-01 2.817950378964546587e-01 1.154971058863612510e-01 8.421474737590822768e-01 5.397245467347077524e-02 1.280000000000000000e+02 -2.578666666666666529e+01
6.078625759861870648e-02 7.525096239911059914e-01 4.710874095423872587e-01 7.570220938308950265e-01 6.955947414423530040e-01 9.811214834302308674e-01 7.579505525594691928e-01 2.975873109820783013e-01 4.365819871494521776e-01 2.005462776167296901e-01 6.918115045636455962e-01 3.553189565219497803e-01 5.315024174860715211e-01 9.408839212156788756e-01 5.763535709672236163e-01 9.337941410122859720e-01 7.029854590836819295e-01 5.801488079550197741e-01 8.412076391938052566e-01 3.382745895594168606e-01 8.356603795532866474e-01 6.116062873872866665e-03 2.994966049694606780e-01 7.276712963176517057e-01 8.964834511484387480e-01 6.890929266856967716e-01 4.262445338495414737e-01 6.025229760086594499e-01 2.646316293661457597e-01 5.437583147952340656e-01 3.777026200441148118e-01 6.548104011532988045e-01 1.280000000000000000e+02 -2.612333333333333485e+01
6.635033417392857125e-01 9.638367405288954526e-01 4.418349306435170321e-01 2.647759689802522409e-01 5.929768067801586273e-01 6.875596648435533531e-01 1.780952614957660440e-01 8.689225833502585150e-01 3.234826217056174236e-01 6.302733303634114881e-01 3.989493537942201962e-01 2.984278239319030357e-01 6.472198513668105113e-02 1.201745486392082896e-01 1.197586846189480220e-01 7.882837231714321380e-01 1.453688492578810443e-01 6.916045618257669891e-02 5.344497158953691596e-01 7.618598749186834551e-01 1.116414913009862453e-01 9.686923642450271377e-01 2.242888866497967648e-01 7.486684013412454597e-01 8.651975984312857415e-01 3.930668508301938813e-01 4.719590170061112311e-02 3.840214684195071837e-01 5.440664453584046489e-01 1.552796391867468651e-01 8.912360898334583670e-01 2.176251622625682836e-01 1.280000000000000000e+02 -2.568666666666666742e+01
8.063208885134721948e-02 4.971502973814208026e-01 4.215728032098448042e-01 1.386310303890944395e-01 8.670503246085368154e-01 3.734754833795856377e-01 3.913515708748063759e-01 9.766797557663559060e-01 1.392570146995458502e-01 3.218142810038481655e-02 3.206465831697592472e-01 1.460800165668361683e-01 1.083837275990751081e-01 3.127886501755662296e-01 1.826720786003950270e-01 3.898226499710341075e-01 5.155384270936835822e-01 6.191985525843087812e-01 4.032196434214127545e-01 5.583387942119072411e-01 1.605010790662416420e-01 7.572346263130251831e-01 6.044295300682361177e-02 6.618745129942774641e-01 6.678479437755630022e-01 6.094510145435484867e-03 2.929482434297310811e-01 4.588923173672698197e-01 1.702602143496800557e-01 5.242273377946412571e-01 8.655717350928855414e-01 2.341245546421346913e-01 1.280000000000000000e+02 -2.408333333333333215e+01
4.251633582136700173e-01 5.471223195990178034e-01 5.964071435261403958e-02 9.978816681563322799e-01 8.431126422597166048e-01 6.071379659250832894e-01 8.599416196232185783e-01 7.120925902062232860e-01 7.153025866341174988e-01 3.683431541153699973e-01 5.091122149361664295e-01 5.386573217225846255e-01 6.316779904088828390e-01 1.749924282503850514e-01 8.013119992312076612e-01 3.215646470664447198e-01 5.518296281929691016e-01 4.990494778030216821e-02 2.758265959086782584e-02 3.792281827531998606e-01 3.325784435805860251e-01 8.154674788106470729e-01 8.065101439125029748e-01 6.294761495262527484e-01 3.267193848962834934e-01 2.065869916309487631e-01 9.680288692278150586e-01 4.341470587616515497e-01 5.616048316569866028e-01 9.847909782406653045e-01 4.848648908173932015e-01 7.897388730935053225e-01 1.280000000000000000e+02 -2.304000000000000270e+01
7.596499674414962655e-01 2.805344037415220537e-01 4.943260695950239536e-01 7.925761208773076660e-01 4.758776273572034032e-01 4.747770633085953706e-01 9.780268444679425244e-01 3.654520721828033447e-01 1.170197845392171726e-01 9.627520254048221870e-02 6.690660411572462163e-01 8.051548701475279568e-01 6.677278712863640164e-01 2.248732618211103929e-01 4.957690101910557368e-01 2.807433552267606380e-01 1.883716056206889309e-03 9.476435325708889579e-01 1.659196973842835543e-01 4.829540568517798338e-01 5.272631038496843336e-01 8.808085963830973864e-01 1.350746608836233820e-01 8.711068600380428295e-01 4.245314718979091295e-01 4.609874193646236740e-01 7.713037202028946160e-01 3.010919278652083309e-01 1.310738539059986829e-01 9.804324893087488224e-01 7.676297167267954746e-01 9.075683847663520432e-01 1.280000000000000000e+02 -2.492333333333333201e+01
9.183229704906008539e-01 7.727186595364037291e-01 8.179792738972126998e-01 8.545304724706368482e-01 5.597576013884146828e-01 9.529929176611913189e-01 6.058829377173595432e-02 8.042472632140685862e-01 8.690199334372787632e-02 8.208962205907373022e-01 7.408792754915602963e-01 2.857439904754530691e-01 7.959128474803813802e-01 9.994241121590451138e-02 8.157691148620368482e-01 8.141990358839279462e-01 4.628403437263973741e-01 1.508187988013335867e-01 5.251558543647680821e-01 4.640064976496234839e-01 6.270062786546801714e-01 3.688930115020512268e-01 7.374581210174155355e-02 9.278451294506890878e-01 1.944842395788733969e-01 4.349665325065959487e-01 7.706733343757454779e-02 5.147408614841522123e-01 5.026469662378942882e-01 9.104947093952305837e-01 9.750530572823769004e-01 3.309530925948303004e-01 1.280000000000000000e+02 -2.558000000000000185e+01
3.144650162694963558e-01 8.418219335075720344e-02 2.606406219227276888e-01 3.645659846487200317e-01 3.536439956789932948e-01 8.391076892428716016e-01 5.045387879412417398e-01 4.213407522346939160e-01 4.761885573276997130e-01 6.105781610769737133e-01 1.867817405336510417e-01 6.060727190711906465e-01 4.110832304929319947e-01 5.470270954327235424e-01 7.834061091657259501e-01 7.610525542944810429e-01 1.605604854386858682e-01 9.233884731440219484e-01 8.870091613516152274e-01 3.121338142729187526e-01 8.748306940127319464e-01 8.730214087950955992e-01 9.533644235137108680e-01 9.078749030852608648e-01 5.146085893920703258e-01 3.647263495397309319e-01 8.280757748194433887e-01 7.599075277471283030e-02 4.408032669660422176e-01 5.840238134650489465e-01 3.869691349031748606e-01 1.435303427110387053e-01 1.280000000000000000e+02 -2.479333333333333300e+01
5.909836149829276186e-01 3.618177060220495456e-01 3.198291847607871441e-01 4.822509905285146670e-01 4.566450321675464830e-01 9.226418013348922642e-01 9.073418300015427818e-01 3.379557872451071643e-01 5.992389778499368491e-01 7.876310029565646298e-01 5.056080335367977296e-01 8.560607020833607139e-01 8.261758047964515295e-02 7.596990452504585045e-01 7.073082336913797397e-01 9.608630575330222579e-01 8.118481415966382064e-01 4.738626388231341746e-01 9.433514719803121062e-01 1.951469102429681246e-01 7.863996500856570426e-01 1.075427592607564597e-01 8.797377044749834507e-01 4.756383108817752725e-01 4.670876193959904166e-01 9.812130155055717173e-01 8.301832066625299336e-03 9.318560245868279246e-01 3.092898456762034898e-01 3.497724979566645964e-01 4.965455208103157492e-02 3.707413933805610018e-01 1.280000000000000000e+02 -2.743333333333333712e+01
3.910851199314018811e-01 9.936428898178026881e-01 1.170370898056991293e-01 7.001969954744824420e-01 8.156463078232940866e-02 8.321974005742702185e-02 6.910646259381834078e-01 6.820413259166936415e-01 3.776346852080128547e-01 6.949286831253879138e-01 2.621905186458337034e-02 2.799992064491237387e-01 7.599103663265459607e-01 1.992782779973097662e-01 2.602410516684935948e-01 7.309905422133948782e-01 8.812687072917722020e-01 2.704704984548635394e-01 2.461483652851317039e-01 6.251683495580889760e-01 5.904155054203580333e-01 9.187695911121003256e-01 6.518794441371543735e-01 4.663946374583100574e-01 7.476502542740357526e-01 6.400229721075951783e-01 2.294180973279871527e-01 5.957977024610289218e-01 8.988549137392313204e-01 1.126800205594691816e-02 8.645789529844306875e-02 1.738497013200680508e-01 1.280000000000000000e+02 -2.623999999999999844e+01
6.444606114147723996e-01 8.252276231479276358e-01 9.317562006927690987e-01 8.165031048724490370e-01 1.922405642856993557e-01 5.660866119709030420e-01 4.662733299308450263e-01 5.948801731302798962e-02 3.015187036541535082e-01 4.019314253876717369e-01 2.441967302956957742e-01 4.677431112921191514e-01 7.749897018790491421e-01 4.946037295215932605e-01 9.655389738014822365e-01 9.084229969086196066e-01 6.329948479684626150e-01 8.118869735238135599e-01 3.767587741130327128e-01 6.851253297567183598e-01 4.961704109771364890e-01 2.004570868721098353e-01 3.543056523783481571e-01 3.639298092036022947e-01 9.349536396061511878e-01 8.780692237159583302e-02 6.041980558260755529e-01 5.386563677680620277e-01 2.342800518404263566e-01 7.216307051158203922e-01 9.845926005047220819e-01 9.491724382393209591e-01 1.280000000000000000e+02 -2.512999999999999901e+01
7.814303187906860293e-01 9.123134707315884162e-01 4.801399798270795105e-01 8.304488520320372213e-01 4.899496899165673575e-02 6.299674330952210743e-01 9.557396939177412731e-01 5.584329297899416344e-01 4.076835843296526818e-01 1.905312909503282803e-01 8.203703588430702465e-02 1.186903781047832923e-01 4.264259073883564510e-01 4.102232172175616642e-01 9.566805446445343364e-01 6.792367572873215797e-01 3.455481885242452922e-01 6.352719073327501853e-01 3.052724073635417756e-01 9.245928775784175713e-01 6.605636747324783453e-01 8.563395670543201277e-01 8.194162339392280225e-01 3.984461284721172447e-01 6.574753186914359393e-01 2.666015276687643265e-01 5.095811861990767744e-01 7.935020784388442383e-01 3.780604902388839950e-01 2.255750236547296728e-01 4.947395223794814889e-01 6.134378294744075033e-01 1.280000000000000000e+02 -2.499333333333333584e+01
9.996316778723961516e-01 2.220135170441421002e-01 9.185855743450327404e-01 1.118182405015782643e-01 9.545066100126888831e-01 9.957684054169134713e-01 5.310761929535841031e-01 3.298176369188105528e-01 5.871864727009384888e-01 4.237255803849134250e-01 3.102502060238651049e-01 1.683455569586083944e-01 3.434974320608892295e-01 2.478635234272044408e-01 2.430949037909375665e-01 1.208063185036090115e-01 9.591833817723676159e-01 7.081436645382716000e-01 7.555951328071331963e-01 2.925766907196110100e-01 2.662966279305159500e-02 5.183666535503653749e-01 6.051885282734184024e-01 5.751313088049839761e-01 3.133657085460457292e-01 7.483908196233328702e-01 5.061372031373921887e-01 8.707504805980058604e-01 5.357084230539607139e-01 6.262581103503344071e-01 6.136566513682538693e-01 1.375186306607627806e-01 1.280000000000000000e+02 -2.495999999999999730e+01
1.684790698198213033e-01 2.951779322290873364e-01 6.779006441363465418e-01 6.468619392854433325e-01 1.123383422165388501e-01 9.011937468961636055e-01 8.792768767035419319e-02 7.295725585579553307e-01 5.489717635077120406e-01 2.453347491654359058e-01 7.759381131292240052e-01 5.215485406010523795e-01 5.462522713686184250e-01 8.412782623647587776e-01 9.467259739470926805e-01 4.299973102264427194e-01 9.462176861065321187e-01 2.120211188045501016e-01 4.252368869106189497e-01 1.217702458450081737e-01 2.529338371240369421e-01 1.595293297014397371e-01 4.392972723302308036e-01 8.777452382728317959e-01 7.620974514171690029e-01 1.388011068668683345e-01 8.701743066367004786e-01 7.016402742541506532e-01 1.503343149595549877e-01 2.661762476849339754e-01 4.418004804802738161e-01 7.365949306845879230e-01 1.280000000000000000e+02 -2.448333333333333428e+01
5.677625972885947947e-01 7.353832164176413722e-01 5.988990433904094468e-01 1.582714267986808920e-01 3.131376524664316596e-01 2.833475363001349279e-01 4.344354559348295036e-03 7.526456138222545889e-01 2.694304925173847676e-01 4.886613911692826440e-01 4.867787862713617297e-01 9.836237515479444582e-01 7.037005799512002779e-01 5.109940149228301420e-01 3.717872853682275269e-01 4.830318996813230403e-01 7.571313604739302594e-01 5.010540522055532131e-01 5.486996051983915601e-01 2.464980063547696221e-01 8.524613144381729679e-01 4.443153125267043091e-01 5.469906070611763038e-01 6.081644329543355321e-01 5.474790876861740374e-01 6.178423097483787263e-01 9.178262355488657487e-02 1.870405172709423969e-01 9.237465332262767559e-01 6.886848190786296620e-01 6.887630203109217364e-01 7.499638171900662176e-01 1.280000000000000000e+02 -2.433000000000000185e+01
8.319846719651768918e-01 4.680017184523905249e-01 8.492600890457553398e-01 7.582752932829818493e-02 6.390215621299832893e-01 5.222803194440188701e-01 7.155147075476459007e-01 3.977983832151080756e-01 2.582193795244991930e-01 4.523485314831587195e-02 7.961593478615153208e-01 7.567786017015241118e-01 7.413629876896662627e-03 1.624100701629655266e-02 1.954613042902570430e-01 6.956294588012926772e-01 4.745237933628618232e-01 3.224526822343527499e-01 2.447908235422775469e-01 2.267236740502622805e-01 3.048201221931697291e-01 2.948409861449903802e-01 2.659376673546333114e-01 3.408644362775855585e-01 4.870538756795760871e-01 8.150774489132014411e-01 4.667860431355833062e-01 1.522930164647868234e-01 1.941850757592041843e-01 9.436389109777787443e-01 8.187311601441391584e-01 7.160963453148753155e-01 1.280000000000000000e+02 -2.453666666666666529e+01
3.339058420951572792e-01 8.692259903238231944e-01 5.705836757233948564e-01 7.246628179634858613e-01 8.850234258027610268e-02 3.420283160110568765e-01 6.376748342800485636e-01 1.230566942280022086e-01 7.238437915783949572e-01 9.479539328893965555e-01 5.584629054454868236e-01 4.128764899976202218e-01 4.032367873035138106e-01 2.667361669364349819e-01 4.472668949536806049e-01 6.314668871152125940e-01 9.130760233883454813e-01 4.482933524929355595e-01 9.406386862146833006e-02 8.950623908620548574e-01 7.676610516236494035e-03 7.036990984962069318e-01 9.837594848641051382e-01 3.258803431726211008e-01 8.851731420109862913e-01 8.014142537266276678e-01 7.341081617688298699e-01 3.547227537607257619e-01 2.122256970984313373e-01 4.765223673692907114e-01 1.410288506285675425e-01 8.837516503470774776e-01 1.280000000000000000e+02 -2.556333333333333258e+01
2.165645970845366530e-01 1.088432088665702568e-01 9.730902280033423279e-01 7.189641187041968529e-01 7.383324488723175261e-01 7.962324768027670974e-01 7.275396016446851188e-01 2.379008430727371989e-02 3.350015970045858854e-02 2.576705220224622117e-01 6.636209861914666996e-01 9.218150156505464654e-01 3.203499431005289999e-01 8.239086863117415227e-01 6.554180975243213414e-01 9.283011088691842660e-01 4.219520716445648856e-01 8.366042626727696607e-01 4.110168305246485465e-01 7.163766456329998533e-01 7.499291275313110239e-01 1.841045228316454674e-01 7.423771037628501546e-01 7.184178341687290636e-01 2.359664674881425950e-02 3.150101748001680191e-01 6.850166296952100442e-01 6.244197799178947683e-01 6.821285808355085356e-01 2.914479426887882085e-01 2.989876424504064323e-01 8.670289350650293159e-01 1.280000000000000000e+02 -2.467333333333333556e+01
6.204141686062184524e-01 6.382007416148541279e-02 6.656218353560152678e-01 1.012313196670965032e-01 9.076207591804618113e-01 8.583192223328499626e-01 6.562838398476265045e-01 1.039411286360363007e-02 9.923090234915661334e-01 7.985354186625954753e-01 5.935884247216365317e-01 9.505632413136571035e-01 2.136895296517271337e-01 6.967535570460402505e-01 7.477150337517078915e-01 2.380646887986067328e-01 7.556996667308109317e-02 3.001273924942105542e-01 3.602871209756898785e-01 3.241664926444013384e-01 8.839390180022119736e-01 7.485573275007744165e-01 1.903287548699323928e-01 3.697516212360945631e-01 4.955085685233222015e-01 6.084128238861535865e-01 5.796486891942328468e-01 9.655048353977258024e-01 3.353713419639069437e-01 1.605819759231549848e-01 4.267145113199674600e-01 8.035924569687452612e-02 1.280000000000000000e+02 -2.431000000000000227e+01
6.067486068336142013e-01 2.459695192785833207e-01 2.194953138025858008e-01 2.193224310759793183e-01 6.267228311571892974e-01 3.664350489272648614e-01 1.243296167884743592e-01 1.841607870836682592e-01 5.670351017581913844e-01 6.997020623250817251e-02 5.325502819344305472e-01 9.346499288600171873e-01 8.924976703824477609e-01 1.498854182650385669e-01 8.865087731831892137e-01 7.162537262295282092e-01 1.809849448511639536e-01 3.386554886304384282e-01 2.668171266588583168e-01 1.014882553734476889e-01 4.750350943283873084e-01 7.662701745010071230e-02 3.354661874227030660e-01 6.813156221691502035e-02 8.214017998136846632e-01 4.461921868943182212e-01 3.679200588725864418e-01 1.268144328675609167e-01 1.389956381022823366e-02 5.464449017069644698e-01 1.159826890235171604e-02 8.280022088475852415e-01 1.280000000000000000e+02 -2.550333333333333385e+01
8.733372113310479135e-01 6.894517518780330922e-01 7.009510801783871425e-01 2.928254520332750077e-02 1.055055853697513604e-02 2.305507922165258572e-01 2.347281885602474916e-01 3.852966972627305808e-01 8.155134741790490693e-01 9.397304752053300403e-01 4.540778130675264812e-01 7.845857663895493550e-01 8.534001779329453141e-01 4.322452694603474144e-01 5.929568075991108467e-01 9.878176581424703562e-01 2.270113433828012672e-01 9.801433529925206445e-01 1.944118599132164948e-01 8.893403123037485480e-01 3.914056699775736448e-01 9.328573728437115076e-01 3.208910006161367900e-01 1.709198507599249128e-01 1.293069551040319509e-01 8.847071714111387486e-01 8.957988122493047989e-01 8.416398426082259965e-01 7.821466399792628144e-01 5.975085514851269375e-01 9.392741751810492756e-01 6.317884302205222236e-01 1.280000000000000000e+02 -2.645999999999999730e+01
4.594836208470784444e-01 8.035059481032599260e-01 7.381165400791463160e-02 1.000000000000000000e+00 0.000000000000000000e+00 0.000000000000000000e+00 0.000000000000000000e+00 4.523430829509946134e-03 4.455827981514339786e-01 1.699032352688754216e-02 2.850440213193877748e-02 0.000000000000000000e+00 1.609165977734318131e-01 1.000000000000000000e+00 4.688116532948832099e-02 1.009674714723921840e-01 0.000000000000000000e+00 1.787284097874330610e-02 1.067632425396856629e-04 1.000000000000000000e+00 8.370801837192748396e-02 8.784993998367854329e-02 1.245012052699406152e-02 0.000000000000000000e+00 9.514732025958899664e-01 2.349542639750770712e-02 2.973157269874882047e-02 7.845485283518792707e-01 5.931562334602933362e-01 6.124085074402374484e-04 1.281034972640119063e-01 3.087491451439114964e-01 1.280000000000000000e+02 -2.301000000000000156e+01
9.433755599355665433e-01 2.200413316284569303e-04 0.000000000000000000e+00 1.000000000000000000e+00 0.000000000000000000e+00 2.971159507429754616e-09 7.103017034689705633e-02 7.433746296838182859e-05 1.000000000000000000e+00 5.222741125944072582e-01 0.000000000000000000e+00 9.107854084767687264e-02 4.198103241736950847e-02 1.000000000000000000e+00 8.975754122641691479e-01 1.000000000000000000e+00 4.147578585529239636e-01 2.638437909125521674e-01 0.000000000000000000e+00 1.914552960300147932e-01 1.109351848808804164e-01 4.890636318239677816e-01 9.993810141679212444e-01 1.332479320261405753e-01 9.511770737228844030e-01 2.746120775517972915e-02 5.197398807463006198e-01 0.000000000000000000e+00 0.000000000000000000e+00 0.000000000000000000e+00 5.782703950483753658e-02 2.303685549471070904e-01 1.280000000000000000e+02 -2.285666666666666558e+01
0.000000000000000000e+00 1.632987686677458408e-03 8.699783547408617146e-01 1.000000000000000000e+00 0.000000000000000000e+00 0.000000000000000000e+00 0.000000000000000000e+00 4.264903715428794428e-01 0.000000000000000000e+00 1.000000000000000000e+00 1.268152239490111799e-01 3.945095997022744772e-02 1.000000000000000000e+00 9.744746113911488816e-01 1.000000000000000000e+00 8.905582263543223576e-01 0.000000000000000000e+00 6.909247768911865872e-01 0.000000000000000000e+00 1.000000000000000000e+00 1.000000000000000000e+00 0.000000000000000000e+00 1.000000000000000000e+00 8.438507115309232809e-01 1.000000000000000000e+00 1.000000000000000000e+00 0.000000000000000000e+00 0.000000000000000000e+00 1.781497482854548231e-01 0.000000000000000000e+00 1.376306720461791810e-01 0.000000000000000000e+00 1.280000000000000000e+02 -2.688999999999999702e+01
7.915907038710522370e-01 5.195642529930623310e-02 0.000000000000000000e+00 2.768598042434040549e-02 5.397509028413526033e-02 0.000000000000000000e+00 1.576287677238067120e-01 0.000000000000000000e+00 0.000000000000000000e+00 0.000000000000000000e+00 0.000000000000000000e+00 0.000000000000000000e+00 9.677696982949864912e-01 0.000000000000000000e+00 2.757408377625507612e-01 0.000000000000000000e+00 4.927765814590485960e-02 7.012714025362035697e-01 0.000000000000000000e+00 6.834580094013514850e-01 9.999913807880086436e-01 3.935382282258131359e-01 1.436804857460456941e-01 2.511146908102078468e-02 0.000000000000000000e+00 0.000000000000000000e+00 0.000000000000000000e+00 8.903478861111263631e-01 0.000000000000000000e+00 0.000000000000000000e+00 0.000000000000000000e+00 1.902756176162810620e-01 1.280000000000000000e+02 -2.323000000000000043e+01
2.959714048769932632e-02 8.937746133496167200e-01 0.000000000000000000e+00 1.000000000000000000e+00 1.000000000000000000e+00 0.000000000000000000e+00 0.000000000000000000e+00 0.000000000000000000e+00 1.539216929077666732e-02 3.477026473511455468e-02 0.000000000000000000e+00 7.355328995561417615e-01 0.000000000000000000e+00 7.375145112876657638e-01 1.404045179479238292e-01 1.000000000000000000e+00 0.000000000000000000e+00 0.000000000000000000e+00 0.000000000000000000e+00 0.000000000000000000e+00 9.351140852880946985e-01 0.000000000000000000e+00 1.115206814483250819e-01 2.074588203219116661e-02 1.000000000000000000e+00 1.000000000000000000e+00 1.000000000000000000e+00 2.309432357199303343e-01 8.253973838898963633e-01 0.000000000000000000e+00 0.000000000000000000e+00 0.000000000000000000e+00 1.280000000000000000e+02 -2.531666666666666643e+01
6.131765568187876880e-01 0.000000000000000000e+00 0.000000000000000000e+00 1.000000000000000000e+00 0.000000000000000000e+00 0.000000000000000000e+00 2.553370632006206065e-01 9.904424832253907462e-01 7.703123437565017051e-01 1.000000000000000000e+00 5.972952064306171760e-01 6.010863734937037517e-01 9.449140664269094492e-01 0.000000000000000000e+00 1.000000000000000000e+00 1.000000000000000000e+00 0.000000000000000000e+00 0.000000000000000000e+00 0.000000000000000000e+00 6.106913414540243723e-01 9.963140814133272238e-01 0.000000000000000000e+00 1.000000000000000000e+00 1.000000000000000000e+00 1.000000000000000000e+00 5.643857576139571508e-01 1.000000000000000000e+00 1.000000000000000000e+00 1.000000000000000000e+00 0.000000000000000000e+00 0.000000000000000000e+00 6.871226978079040260e-01 1.280000000000000000e+02 -2.391666666666666785e+01
0.000000000000000000e+00 1.363117309602776273e-01 0.000000000000000000e+00 1.879839632446322628e-01 6.253368243079839017e-02 0.000000000000000000e+00 0.000000000000000000e+00 3.733109552162689609e-02 1.000000000000000000e+00 2.924143546013599493e-02 0.000000000000000000e+00 0.000000000000000000e+00 0.000000000000000000e+00 9.079426607812633998e-01 7.121115735524704560e-01 7.508370276590980996e-01 1.345729536329919318e-01 0.000000000000000000e+00 0.000000000000000000e+00 1.042245529026698536e-01 0.000000000000000000e+00 0.000000000000000000e+00 9.810996313194209062e-01 6.297073305965393590e-07 1.067229079624609639e-01 7.265031958030147008e-01 0.000000000000000000e+00 7.429733088867530588e-01 3.602860742863858712e-01 0.000000000000000000e+00 0.000000000000000000e+00 3.420421149735479172e-01 1.280000000000000000e+02 -2.203666666666666529e+01
8.770496658733602235e-02 0.000000000000000000e+00 1.919823747205773312e-01 1.000000000000000000e+00 2.229960475780664864e-01 0.000000000000000000e+00 4.497842166410862541e-01 0.000000000000000000e+00 8.840808589125249972e-02 6.581009457327376133e-02 0.000000000000000000e+00 7.205751328714182780e-01 6.048959963211118958e-03 8.830374631643701094e-03 9.711840605388579739e-01 4.006273114550506498e-01 5.785044484336019366e-01 0.000000000000000000e+00 6.713944768289155108e-08 2.447887904887648906e-03 9.478887803233333742e-02 0.000000000000000000e+00 1.000000000000000000e+00 0.000000000000000000e+00 5.093721466539574694e-02 1.758079998050596227e-03 4.409159980245160870e-01 1.000000000000000000e+00 0.000000000000000000e+00 4.121738317011205271e-03 0.000000000000000000e+00 0.000000000000000000e+00 1.280000000000000000e+02 -2.181333333333333258e+01
0.000000000000000000e+00 0.000000000000000000e+00 5.633855908354333704e-03 5.534235633925702613e-01 9.947161967020812234e-02 0.000000000000000000e+00 1.429611332804573975e-01 1.712390063208812097e-01 0.000000000000000000e+00 1.000000000000000000e+00 0.000000000000000000e+00 1.524962336310484723e-01 0.000000000000000000e+00 1.000000000000000000e+00 5.987171938655160702e-02 8.306424204373313858e-02 0.000000000000000000e+00 2.847904851289659311e-02 0.000000000000000000e+00 0.000000000000000000e+00 1.359762673224143847e-01 1.670153656945874698e-01 0.000000000000000000e+00 9.403052843466371824e-01 8.312647496887920484e-01 2.706612608093098560e-01 4.878443831357975879e-01 4.158566804717223758e-02 2.839187735681677482e-01 0.000000000000000000e+00 0.000000000000000000e+00 4.129415466900223514e-02 1.280000000000000000e+02 -2.396666666666666501e+01
0.000000000000000000e+00 0.000000000000000000e+00 0.000000000000000000e+00 1.000000000000000000e+00 0.000000000000000000e+00 0.000000000000000000e+00 0.000000000000000000e+00 6.550798924919316590e-01 4.986140463030712677e-01 9.913564182184274320e-03 0.000000000000000000e+00 2.861743006858078961e-02 7.968964241192764975e-02 0.000000000000000000e+00 0.000000000000000000e+00 7.672578356975628955e-01 1.199891290678706074e-09 0.000000000000000000e+00 0.000000000000000000e+00 0.000000000000000000e+00 0.000000000000000000e+00 0.000000000000000000e+00 1.000000000000000000e+00 9.469360499306770373e-01 0.000000000000000000e+00 2.762751173649368730e-01 0.000000000000000000e+00 0.000000000000000000e+00 1.733012055185358113e-02 0.000000000000000000e+00 0.000000000000000000e+00 3.476360259580310585e-01 1.280000000000000000e+02 -2.233999999999999986e+01
4.687574423495813880e-01 0.000000000000000000e+00 5.122190677816270687e-01 0.000000000000000000e+00 0.000000000000000000e+00 0.000000000000000000e+00 5.562150752609843624e-02 1.189089060748786119e-06 8.892564811179360929e-01 9.244760604536398363e-01 0.000000000000000000e+00 5.273675132066145688e-01 5.831990020817683362e-01 4.578207252724338927e-01 0.000000000000000000e+00 1.694078973399380239e-01 1.475473576519979908e-02 0.000000000000000000e+00 1.220872423812496971e-01 9.656985487446796412e-01 7.888006646864267335e-01 0.000000000000000000e+00 8.041438916244546542e-01 0.000000000000000000e+00 0.000000000000000000e+00 7.002568535704600805e-01 4.386765685310958784e-01 0.000000000000000000e+00 6.417977292140553125e-01 0.000000000000000000e+00 3.738813458378614837e-06 3.649309230279150773e-01 1.280000000000000000e+02 -2.491000000000000014e+01
3.639211248816862782e-02 3.389293464254695687e-01 3.240942080208717435e-01 0.000000000000000000e+00 6.405593697997481739e-02 1.549484544808185649e-01 0.000000000000000000e+00 1.989634633899017291e-01 0.000000000000000000e+00 9.999999877569335505e-01 0.000000000000000000e+00 0.000000000000000000e+00 9.168383469889984649e-02 0.000000000000000000e+00 3.742437879696328129e-01 0.000000000000000000e+00 0.000000000000000000e+00 0.000000000000000000e+00 0.000000000000000000e+00 1.061214508405179113e-01 5.795538950492182956e-02 3.994609420900077038e-04 1.000000000000000000e+00 0.000000000000000000e+00 7.096087173478023979e-01 3.033388181428409713e-01 0.000000000000000000e+00 0.000000000000000000e+00 1.925299003070246942e-02 0.000000000000000000e+00 2.456623237679145750e-06 0.000000000000000000e+00 1.280000000000000000e+02 -2.161333333333333329e+01
9.237998531024654847e-01 2.024182572867438967e-02 1.351919320131747104e-03 3.350301069532846071e-16 0.000000000000000000e+00 0.000000000000000000e+00 0.000000000000000000e+00 3.740898772674248751e-01 1.087015259725003929e-01 8.991107557885807955e-01 0.000000000000000000e+00 7.801259619976065318e-01 9.979085237885796378e-01 1.000000000000000000e+00 2.667028296581452906e-01 9.682656796359859763e-01 5.691015357484073556e-02 1.363864532503036928e-15 8.000171774024831262e-01 8.055998017516786680e-01 6.516930348315738142e-01 0.000000000000000000e+00 0.000000000000000000e+00 0.000000000000000000e+00 7.733852501961736570e-01 1.000000000000000000e+00 3.141459538599305490e-01 9.995290579276533416e-01 4.320875785547170778e-01 0.000000000000000000e+00 3.233288473203284052e-01 0.000000000000000000e+00 1.280000000000000000e+02 -2.715333333333333243e+01
0.000000000000000000e+00 8.095145436032294972e-01 6.064222982184998001e-01 1.000000000000000000e+00 1.057200096488487145e-02 0.000000000000000000e+00 2.433101707773922540e-01 2.687122137208904082e-02 7.838334035657088528e-01 1.000000000000000000e+00 0.000000000000000000e+00 1.029254348508754080e-01 9.997992050640054362e-01 6.577769866750100558e-01 1.000000000000000000e+00 9.259134980184267061e-01 1.000000000000000000e+00 0.000000000000000000e+00 0.000000000000000000e+00 0.000000000000000000e+00 1.000000000000000000e+00 0.000000000000000000e+00 0.000000000000000000e+00 1.000000000000000000e+00 8.188487164220471515e-01 1.000000000000000000e+00 0.000000000000000000e+00 1.000000000000000000e+00 1.000000000000000000e+00 0.000000000000000000e+00 0.000000000000000000e+00 9.318177095356618977e-01 1.280000000000000000e+02 -2.568999999999999773e+01
6.496978472060576104e-01 0.000000000000000000e+00 1.001805261154586728e-02 5.349299279917376637e-01 2.874242338049803891e-01 1.386776338433287348e-01 0.000000000000000000e+00 0.000000000000000000e+00 9.872119523822043829e-01 1.000000000000000000e+00 1.799142136195979944e-02 7.813932749001464839e-02 1.664553555970764431e-01 7.506005748517916576e-01 9.290621110565555618e-01 7.174576228919111731e-01 2.313589346890210309e-06 7.581597643007276233e-01 0.000000000000000000e+00 0.000000000000000000e+00 5.147836029145793635e-01 1.835558284272734708e-01 0.000000000000000000e+00 1.253179363334827601e-03 0.000000000000000000e+00 1.000000000000000000e+00 1.045302179128759909e-03 1.000000000000000000e+00 4.192645716434946768e-01 6.737343410210918423e-04 0.000000000000000000e+00 5.335760293100531154e-02 1.280000000000000000e+02 -2.432000000000000384e+01
0.000000000000000000e+00 0.000000000000000000e+00 8.139061135725721430e-01 1.398310639727731453e-01 0.000000000000000000e+00 0.000000000000000000e+00 0.000000000000000000e+00 1.000000000000000000e+00 3.148895625347494093e-02 0.000000000000000000e+00 0.000000000000000000e+00 2.540439120308845000e-01 4.863118122047717651e-01 5.137513064055704293e-01 4.663810029922900169e-01 4.156174771261211820e-01 0.000000000000000000e+00 0.000000000000000000e+00 0.000000000000000000e+00 0.000000000000000000e+00 0.000000000000000000e+00 1.779179414953072358e-01 8.802828213253315326e-01 1.416629513878424895e-01 8.891809259877065941e-01 1.000000000000000000e+00 0.000000000000000000e+00 8.439885725003787309e-02 5.804942927144839393e-01 2.836041176386574006e-02 0.000000000000000000e+00 9.557246485949290049e-01 1.280000000000000000e+02 -2.454666666666666686e+01
0.000000000000000000e+00 0.000000000000000000e+00 1.296670539000764621e-01 0.000000000000000000e+00 0.000000000000000000e+00 0.000000000000000000e+00 0.000000000000000000e+00 1.000000000000000000e+00 0.000000000000000000e+00 0.000000000000000000e+00 0.000000000000000000e+00 1.193089343864105756e-01 0.000000000000000000e+00 5.068617881645619272e-02 0.000000000000000000e+00 3.709968859572490008e-01 0.000000000000000000e+00 0.000000000000000000e+00 0.000000000000000000e+00 3.152229708700621802e-01 6.012892691550770358e-02 0.000000000000000000e+00 0.000000000000000000e+00 0.000000000000000000e+00 0.000000000000000000e+00 0.000000000000000000e+00 3.526214332329857121e-02 7.716568093289298547e-02 0.000000000000000000e+00 0.000000000000000000e+00 7.561571820537688060e-02 0.000000000000000000e+00 1.280000000000000000e+02 -2.568666666666666742e+01
2.867428468039252484e-02 6.577635220753226264e-01 5.149638702462900480e-02 4.632352821222623374e-01 9.598601296676415040e-02 6.918934031860821121e-02 4.633361071448460766e-03 3.745056541660398142e-01 6.588528406157922145e-03 4.227759855366760577e-01 0.000000000000000000e+00 3.816448734251877140e-01 3.092855854552998413e-02 7.631369563730791257e-04 6.985966330612315422e-01 2.915976205906107427e-02 4.810887585311819925e-01 0.000000000000000000e+00 0.000000000000000000e+00 0.000000000000000000e+00 0.000000000000000000e+00 2.869500630450576018e-01 4.203419239490893578e-07 0.000000000000000000e+00 9.985226503154589484e-01 7.561587239853108100e-01 1.896472683744688803e-01 8.130546941426446406e-01 4.569996644592954802e-05 0.000000000000000000e+00 0.000000000000000000e+00 3.490104507430807912e-01 1.280000000000000000e+02 -2.161333333333333329e+01
1.557912597544264532e-01 5.857791623734741604e-01 4.382966156622800785e-02 1.000000000000000000e+00 0.000000000000000000e+00 9.326725764665881257e-06 5.489392551133103204e-01 9.422141397035625754e-02 0.000000000000000000e+00 8.065106299157206449e-01 3.060885284013666850e-07 0.000000000000000000e+00 9.212928617519492436e-01 9.639848351214519440e-01 9.350302399367579897e-02 6.096336654777281261e-01 0.000000000000000000e+00 0.000000000000000000e+00 0.000000000000000000e+00 6.125139815287804490e-01 9.995610349887088519e-01 0.000000000000000000e+00 3.806810659155735466e-01 3.962969950438548911e-02 1.649354976840830544e-01 7.051409405125235244e-03 0.000000000000000000e+00 6.831867990931371759e-01 3.291185502363659263e-05 0.000000000000000000e+00 0.000000000000000000e+00 8.584413706902821461e-02 1.280000000000000000e+02 -2.471333333333333471e+01
7.714793873418909764e-02 9.471012579168290023e-08 9.697172477946292002e-02 0.000000000000000000e+00 1.346067471415681241e-02 0.000000000000000000e+00 2.384681622044231286e-01 0.000000000000000000e+00 0.000000000000000000e+00 1.000000000000000000e+00 0.000000000000000000e+00 5.960149510255181582e-01 0.000000000000000000e+00 2.258575457458488756e-01 6.366558002593113441e-01 6.275067820519903972e-01 0.000000000000000000e+00 2.804415989917861071e-06 0.000000000000000000e+00 6.455513150238170739e-02 4.987680803324060497e-01 0.000000000000000000e+00 6.215963652130852557e-01 2.669968246706285950e-02 6.918879457601955218e-01 2.571596492615285215e-07 4.949759383156244752e-01 9.751740092301917073e-01 4.175429182791379201e-01 0.000000000000000000e+00 0.000000000000000000e+00 1.878956002087836711e-05 1.280000000000000000e+02 -2.556000000000000227e+01
0.000000000000000000e+00 1.696478616024741926e-01 0.000000000000000000e+00 8.876903526343882245e-01 8.392058588986127665e-01 0.000000000000000000e+00 0.000000000000000000e+00 2.128888313150500977e-01 1.000000000000000000e+00 0.000000000000000000e+00 0.000000000000000000e+00 0.000000000000000000e+00 8.656818613985949318e-01 8.891517988110755888e-02 0.000000000000000000e+00 0.000000000000000000e+00 0.000000000000000000e+00 2.554124376422450826e-01 5.127138596524201397e-04 0.000000000000000000e+00 0.000000000000000000e+00 0.000000000000000000e+00 9.163816171126887289e-01 0.000000000000000000e+00 6.615471794505897174e-01 0.000000000000000000e+00 2.634591015024312366e-01 1.030973869618725730e-06 0.000000000000000000e+00 0.000000000000000000e+00 0.000000000000000000e+00 8.842553011183443834e-01 1.280000000000000000e+02 -2.405333333333333812e+01
3.049051642156890840e-01 6.868930047496836500e-02 1.169555906997708433e-07 2.333374639314203525e-01 7.035377448363864250e-01 9.282484306319775669e-02 0.000000000000000000e+00 0.000000000000000000e+00 0.000000000000000000e+00 5.025547689142528807e-01 0.000000000000000000e+00 1.267297160359458774e-01 5.793067257982554841e-01 1.881191724403124882e-03 0.000000000000000000e+00 0.000000000000000000e+00 0.000000000000000000e+00 0.000000000000000000e+00 4.317003197760608456e-06 3.720964047735671318e-05 0.000000000000000000e+00 1.600170434051842417e-04 2.600813951595567749e-04 0.000000000000000000e+00 3.592946794860684724e-03 4.563035016925588438e-01 0.000000000000000000e+00 0.000000000000000000e+00 0.000000000000000000e+00 0.000000000000000000e+00 3.168159906711587141e-03 0.000000000000000000e+00 1.280000000000000000e+02 -2.044333333333333158e+01
5.394144224251061770e-01 0.000000000000000000e+00 4.798509624626630388e-02 5.427738471512103535e-01 2.042825715254321939e-01 0.000000000000000000e+00 0.000000000000000000e+00 1.041531431766468535e-01 9.533357303008318517e-01 2.992995689514367230e-01 0.000000000000000000e+00 9.476120141443000744e-01 6.204123886986694369e-01 9.995821568386578093e-01 0.000000000000000000e+00 0.000000000000000000e+00 7.614079910688844599e-01 6.897740256108604237e-04 0.000000000000000000e+00 0.000000000000000000e+00 9.349663624317228194e-01 1.435825096409935593e-04 3.516840855403063903e-02 3.280331792245384792e-02 9.327647993097539780e-01 2.802777190929273687e-01 0.000000000000000000e+00 4.429873669868023001e-01 3.797896622398597155e-01 0.000000000000000000e+00 5.465982367228067185e-02 4.044257142182768050e-02 1.280000000000000000e+02 -2.319333333333333158e+01
0.000000000000000000e+00 8.872773738677234290e-01 8.397563709405893306e-02 0.000000000000000000e+00 0.000000000000000000e+00 0.000000000000000000e+00 2.381680222754889997e-01 8.979224706745952253e-06 1.000000000000000000e+00 0.000000000000000000e+00 0.000000000000000000e+00 0.000000000000000000e+00 4.824655934622913006e-02 6.845159860763637694e-01 0.000000000000000000e+00 3.631919335584969377e-01 4.964124500624749192e-01 0.000000000000000000e+00 1.393274673150620026e-05 4.764490940319598966e-01 0.000000000000000000e+00 0.000000000000000000e+00 2.392708603016402077e-02 1.639851246680994468e-01 1.000000000000000000e+00 4.065611545173759001e-01 0.000000000000000000e+00 6.208305573519714571e-01 0.000000000000000000e+00 1.522126885992461446e-05 0.000000000000000000e+00 0.000000000000000000e+00 1.280000000000000000e+02 -2.088333333333333641e+01
5.123947414519398613e-01 0.000000000000000000e+00 0.000000000000000000e+00 1.151503521814920966e-01 0.000000000000000000e+00 0.000000000000000000e+00 3.820486987714964071e-04 0.000000000000000000e+00 0.000000000000000000e+00 0.000000000000000000e+00 1.578502982919177955e-01 1.210335080196456530e-05 3.159915927654850798e-02 0.000000000000000000e+00 0.000000000000000000e+00 0.000000000000000000e+00 4.243133022211292849e-02 0.000000000000000000e+00 0.000000000000000000e+00 7.890632233667771445e-02 1.430523132660996635e-02 0.000000000000000000e+00 4.246683408852551978e-04 5.813606770856622613e-02 4.305743434906632028e-01 9.075929626781635649e-04 0.000000000000000000e+00 8.064904744206767839e-01 5.984747659322895059e-05 0.000000000000000000e+00 0.000000000000000000e+00 0.000000000000000000e+00 1.280000000000000000e+02 -1.921666666666666501e+01
1.886390235971675267e-01 0.000000000000000000e+00 1.000000000000000000e+00 5.200477494605302287e-01 0.000000000000000000e+00 0.000000000000000000e+00 0.000000000000000000e+00 0.000000000000000000e+00 6.568044819930730638e-01 9.016485637330551306e-01 0.000000000000000000e+00 1.629954589853029548e-07 7.463351717028814392e-01 9.749386466545302277e-01 4.631370104411741239e-05 0.000000000000000000e+00 1.001683031222626655e-03 3.363405329283598172e-02 0.000000000000000000e+00 1.611572971088787751e-04 6.434724993602665144e-01 0.000000000000000000e+00 3.195752176648229415e-01 5.985721961553535087e-01 3.366316134238433455e-01 4.537635396941872012e-02 3.508410908873616646e-02 3.911947695066771424e-01 0.000000000000000000e+00 4.359026568854676431e-02 0.000000000000000000e+00 8.586903257252187505e-01 1.280000000000000000e+02 -2.691333333333333755e+01
0.000000000000000000e+00 5.153856337697802724e-08 1.784370629500672129e-02 0.000000000000000000e+00 0.000000000000000000e+00 4.516056037287247138e-02 0.000000000000000000e+00 9.382497466944615949e-01 0.000000000000000000e+00 0.000000000000000000e+00 2.411115104863019998e-01 5.632606931905228542e-01 2.830282236910794946e-01 9.996565714991808571e-01 0.000000000000000000e+00 7.088955495534233764e-01 0.000000000000000000e+00 0.000000000000000000e+00 0.000000000000000000e+00 1.409540316781001390e-01 3.463856185347226613e-01 0.000000000000000000e+00 1.000000000000000000e+00 0.000000000000000000e+00 0.000000000000000000e+00 2.236675295043679679e-01 0.000000000000000000e+00 5.292203540263430428e-01 1.000000000000000000e+00 2.444492831393214882e-02 1.571592957002834398e-02 0.000000000000000000e+00 1.280000000000000000e+02 -2.683666666666666956e+01
0.000000000000000000e+00 5.483144004271728322e-02 0.000000000000000000e+00 8.437310137499030339e-04 0.000000000000000000e+00 0.000000000000000000e+00 9.779434803126564324e-01 9.948217938224577228e-01 2.876505722356963515e-02 0.000000000000000000e+00 0.000000000000000000e+00 3.031023225353012170e-03 9.732206036378366898e-01 6.917942579144647879e-03 7.787043735300001046e-01 1.140727345671756562e-04 0.000000000000000000e+00 0.000000000000000000e+00 0.000000000000000000e+00 2.560868869498291508e-03 0.000000000000000000e+00 3.395308842938878080e-02 0.000000000000000000e+00 6.023408604411304434e-01 9.510652865036476333e-01 0.000000000000000000e+00 7.634214308299918858e-03 0.000000000000000000e+00 6.077186186300108650e-01 0.000000000000000000e+00 1.054498679639392922e-01 0.000000000000000000e+00 1.280000000000000000e+02 -2.245999999999999730e+01
0.000000000000000000e+00 0.000000000000000000e+00 0.000000000000000000e+00 0.000000000000000000e+00 0.000000000000000000e+00 1.013973758999211529e-02 5.093492884715064908e-03 0.000000000000000000e+00 0.000000000000000000e+00 4.246939837410289992e-02 0.000000000000000000e+00 7.022551238624928638e-02 5.941579184734738228e-02 0.000000000000000000e+00 6.660858263754121378e-01 2.557281508108090740e-01 0.000000000000000000e+00 8.481922088514795566e-02 0.000000000000000000e+00 2.206685167004741877e-01 2.265766474336397204e-02 0.000000000000000000e+00 4.375634050554983584e-03 0.000000000000000000e+00 1.000000000000000000e+00 0.000000000000000000e+00 0.000000000000000000e+00 0.000000000000000000e+00 2.076228638664632739e-03 0.000000000000000000e+00 0.000000000000000000e+00 0.000000000000000000e+00 1.280000000000000000e+02 -2.500666666666666416e+01
1.230514860020615053e-02 2.224584823548863555e-01 2.642667529146396355e-01 7.092038273386287450e-01 0.000000000000000000e+00 0.000000000000000000e+00 4.189386767394789879e-01 0.000000000000000000e+00 2.602037282694959902e-02 9.396385613611716314e-01 2.612853264062808996e-03 8.815369517535883714e-01 9.952755833434998034e-02 7.644176110252575151e-01 9.832651464318213630e-03 4.871040629947160361e-01 0.000000000000000000e+00 1.871725620090049225e-01 3.505566697833381595e-01 0.000000000000000000e+00 7.334934990159006074e-02 0.000000000000000000e+00 0.000000000000000000e+00 6.310428516832226054e-01 5.525908299571780091e-03 0.000000000000000000e+00 3.517778210221361168e-01 1.700705217860824921e-07 5.546241247746620529e-01 0.000000000000000000e+00 0.000000000000000000e+00 3.509028619480812350e-01 1.280000000000000000e+02 -2.624333333333333584e+01
0.000000000000000000e+00 0.000000000000000000e+00 0.000000000000000000e+00 1.000000000000000000e+00 0.000000000000000000e+00 4.576289131304996094e-02 0.000000000000000000e+00 3.006729551459887476e-02 0.000000000000000000e+00 0.000000000000000000e+00 0.000000000000000000e+00 0.000000000000000000e+00 0.000000000000000000e+00 0.000000000000000000e+00 7.389104067142929222e-02 0.000000000000000000e+00 0.000000000000000000e+00 0.000000000000000000e+00 0.000000000000000000e+00 2.088925474498269999e-02 0.000000000000000000e+00 0.000000000000000000e+00 0.000000000000000000e+00 1.000000000000000000e+00 0.000000000000000000e+00 8.120426998730564394e-01 1.000000000000000000e+00 1.707249659500942909e-18 0.000000000000000000e+00 0.000000000000000000e+00 2.210009531838315333e-03 0.000000000000000000e+00 1.280000000000000000e+02 -1.860999999999999943e+01
0.000000000000000000e+00 0.000000000000000000e+00 3.585416398622448542e-02 9.998512659028302441e-01 0.000000000000000000e+00 0.000000000000000000e+00 2.285995110209344261e-01 1.624273371371116187e-02 3.470550047170188890e-01 4.437509160558990653e-03 0.000000000000000000e+00 3.082711194664363536e-04 0.000000000000000000e+00 5.694127734344917036e-01 4.010074426323549379e-01 1.000000000000000000e+00 0.000000000000000000e+00 0.000000000000000000e+00 0.000000000000000000e+00 1.000000000000000000e+00 0.000000000000000000e+00 1.317600383207969128e-01 7.189746788900150953e-01 0.000000000000000000e+00 1.000000000000000000e+00 9.999831138362704763e-01 1.411475529615788538e-01 9.920583776395890396e-01 1.160077931645705773e-01 0.000000000000000000e+00 1.000000000000000000e+00 0.000000000000000000e+00 1.280000000000000000e+02 -2.404999999999999716e+01
0.000000000000000000e+00 2.589684120498155218e-01 3.578070289008448701e-01 0.000000000000000000e+00 0.000000000000000000e+00 0.000000000000000000e+00 0.000000000000000000e+00 0.000000000000000000e+00 6.249861774755366417e-01 0.000000000000000000e+00 6.078792774706736485e-02 1.919969423215322768e-01 2.086598767326217730e-05 0.000000000000000000e+00 0.000000000000000000e+00 9.085441743828368555e-01 0.000000000000000000e+00 2.944757276030611493e-02 0.000000000000000000e+00 0.000000000000000000e+00 0.000000000000000000e+00 4.066717705527470397e-04 9.362239290888125717e-03 5.004651778717036370e-01 0.000000000000000000e+00 3.443417033683822404e-02 0.000000000000000000e+00 4.698179230194892697e-01 0.000000000000000000e+00 0.000000000000000000e+00 0.000000000000000000e+00 2.369350792893663293e-01 1.280000000000000000e+02 -2.172000000000000242e+01
8.310721328188767909e-02 0.000000000000000000e+00 2.128259914618164106e-01 0.000000000000000000e+00 0.000000000000000000e+00 0.000000000000000000e+00 9.885781295077370467e-01 2.131299696087542994e-01 4.937392620585977221e-03 9.526680329617993881e-02 6.150280033935170282e-02 3.483272843129264218e-01 1.130132046363382797e-01 1.000000000000000000e+00 0.000000000000000000e+00 4.864238795227274212e-14 0.000000000000000000e+00 0.000000000000000000e+00 0.000000000000000000e+00 0.000000000000000000e+00 8.592048267142569085e-01 2.005386570113321110e-02 8.378956247520684686e-01 0.000000000000000000e+00 0.000000000000000000e+00 9.853390194526140400e-01 0.000000000000000000e+00 0.000000000000000000e+00 0.000000000000000000e+00 0.000000000000000000e+00 0.000000000000000000e+00 1.211111441927200840e-05 1.280000000000000000e+02 -2.366999999999999815e+01
1.222556526218026018e-01 1.919052857028406833e-02 6.274177535621042745e-01 0.000000000000000000e+00 0.000000000000000000e+00 0.000000000000000000e+00 0.000000000000000000e+00 0.000000000000000000e+00 0.000000000000000000e+00 0.000000000000000000e+00 0.000000000000000000e+00 7.893485031739846391e-01 0.000000000000000000e+00 1.092856887393411636e-01 2.444330035724265882e-01 0.000000000000000000e+00 0.000000000000000000e+00 0.000000000000000000e+00 0.000000000000000000e+00 0.000000000000000000e+00 0.000000000000000000e+00 0.000000000000000000e+00 0.000000000000000000e+00 0.000000000000000000e+00 4.943605892085702336e-01 0.000000000000000000e+00 1.000000000000000000e+00 3.236965255081435400e-01 9.896251743558035496e-01 0.000000000000000000e+00 0.000000000000000000e+00 0.000000000000000000e+00 1.280000000000000000e+02 -2.038666666666666671e+01
4.531566351451796204e-01 0.000000000000000000e+00 0.000000000000000000e+00 8.537293788896663793e-01 8.555472923530983709e-02 0.000000000000000000e+00 1.500881906013964810e-02 1.703314261329636620e-02 0.000000000000000000e+00 2.789098363433218930e-01 0.000000000000000000e+00 0.000000000000000000e+00 0.000000000000000000e+00 5.118688996699028576e-03 7.290539439108380260e-02 6.766615041070040662e-11 0.000000000000000000e+00 0.000000000000000000e+00 0.000000000000000000e+00 6.799745825878532601e-01 3.068947972655714507e-01 0.000000000000000000e+00 0.000000000000000000e+00 0.000000000000000000e+00 0.000000000000000000e+00 0.000000000000000000e+00 0.000000000000000000e+00 6.289906450778374181e-01 1.000000000000000000e+00 0.000000000000000000e+00 8.128019350937060183e-01 0.000000000000000000e+00 1.280000000000000000e+02 -2.228333333333333144e+01
1.700453540500172778e-01 3.034017604486586690e-10 9.035905823818010012e-06 4.781398426897427175e-05 2.665766876350250669e-01 9.998519392307072661e-04 0.000000000000000000e+00 1.118720270093650632e-01 3.749195817409484155e-01 6.503771866119676393e-01 4.109443915382046120e-01 0.000000000000000000e+00 8.029226305082614035e-01 1.531251614584310250e-01 2.202655819403766813e-01 7.959367091148847631e-10 0.000000000000000000e+00 4.735496215717423241e-02 0.000000000000000000e+00 0.000000000000000000e+00 0.000000000000000000e+00 0.000000000000000000e+00 0.000000000000000000e+00 1.580246754954884106e-02 5.294416172458032283e-02 4.649629823558709685e-01 4.357243784197450259e-02 9.899263814387099236e-01 7.852042796195977253e-03 0.000000000000000000e+00 0.000000000000000000e+00 8.036895066700504575e-01 1.280000000000000000e+02 -2.066666666666666785e+01
0.000000000000000000e+00 3.445126271824880959e-01 1.824244365766038210e-04 5.335366491726548643e-01 0.000000000000000000e+00 3.138153062961864426e-05 0.000000000000000000e+00 1.079885971893042723e-01 9.695665141266138765e-01 9.999772706517993104e-01 9.592227657753352047e-04 5.684603688459388682e-01 6.587197309140340326e-06 3.680790072709043126e-01 8.369830166885003364e-02 3.790663648733084366e-08 0.000000000000000000e+00 7.342636704236422951e-02 6.638919337343562226e-05 5.100512854130546669e-01 2.594460976804182847e-02 2.372073862541651647e-07 5.431811986786936330e-01 0.000000000000000000e+00 4.274342263832460742e-01 3.115415468041410341e-01 1.705725356962180250e-02 0.000000000000000000e+00 6.692247183814722389e-01 0.000000000000000000e+00 0.000000000000000000e+00 0.000000000000000000e+00 1.280000000000000000e+02 -2.033333333333333215e+01
8.187555745160639553e-01 6.609905770982921203e-02 2.359125192184810260e-01 5.070245841961394939e-01 0.000000000000000000e+00 3.033352767851062518e-02 5.035157370949568806e-02 5.324601072294332660e-02 0.000000000000000000e+00 4.282909304402220396e-01 0.000000000000000000e+00 1.045323572126163197e-05 0.000000000000000000e+00 6.941149850051279158e-01 4.942385332502980538e-02 0.000000000000000000e+00 3.364156640732161585e-01 4.077993147699943664e-03 0.000000000000000000e+00 5.403976487957201646e-01 0.000000000000000000e+00 1.662987061169761212e-05 3.625394047401360731e-01 0.000000000000000000e+00 4.970307200511935863e-01 9.420357611150681487e-01 1.124258445987566697e-03 4.218874384301131153e-01 0.000000000000000000e+00 0.000000000000000000e+00 0.000000000000000000e+00 4.869304107464926812e-01 1.280000000000000000e+02 -2.166333333333333044e+01
8.960525421785603406e-02 2.916657977890536046e-01 0.000000000000000000e+00 4.543999577301530146e-01 0.000000000000000000e+00 0.000000000000000000e+00 4.124140432656204225e-01 0.000000000000000000e+00 0.000000000000000000e+00 9.294750950296258862e-01 0.000000000000000000e+00 1.972497722496470984e-01 4.516837194193373262e-01 1.000000000000000000e+00 4.749117708910321478e-01 6.288454240109586646e-01 6.312344973258813274e-01 4.448024187109109878e-02 0.000000000000000000e+00 3.350902614382336164e-01 4.143821383550934656e-01 0.000000000000000000e+00 8.534890854535205351e-01 4.902218719700268679e-01 6.631141534013875738e-01 1.000000000000000000e+00 0.000000000000000000e+00 4.597562937640574665e-01 8.988313833244736539e-01 0.000000000000000000e+00 0.000000000000000000e+00 0.000000000000000000e+00 1.280000000000000000e+02 -2.652666666666667084e+01
0.000000000000000000e+00 3.481504948798573970e-06 7.747596598624890973e-02 1.423616776829018937e-01 0.000000000000000000e+00 3.854054663562663137e-03 0.000000000000000000e+00 1.760942204092484087e-01 4.214470304555897329e-01 2.966296559040720870e-01 0.000000000000000000e+00 5.610080286306186048e-01 9.974733027287270293e-01 1.538397197120926208e-01 9.759738236237146536e-01 8.332011369755659702e-01 8.201814318827845840e-01 5.651093486651448394e-01 0.000000000000000000e+00 1.000000000000000000e+00 0.000000000000000000e+00 8.626658219565375152e-01 9.992477939407576892e-01 0.000000000000000000e+00 2.724219251209517578e-01 9.647476858611055972e-01 0.000000000000000000e+00 3.264821608720070989e-01 1.646817075398060437e-02 0.000000000000000000e+00 9.399142126584020263e-01 1.041856251074771943e-02 1.280000000000000000e+02 -2.612000000000000099e+01
4.095288485329005024e-01 0.000000000000000000e+00 3.210200946834203539e-01 3.282135180586001925e-04 3.770396681317422227e-01 0.000000000000000000e+00 0.000000000000000000e+00 1.848581898648686550e-01 2.051750876888558950e-01 4.695661018912653528e-01 0.000000000000000000e+00 1.667671734148775189e-02 4.016234495155920348e-01 1.473755579420892303e-01 1.000000000000000000e+00 2.409189822948171744e-01 0.000000000000000000e+00 2.116198371813617640e-01 0.000000000000000000e+00 0.000000000000000000e+00 2.094586897603371856e-01 0.000000000000000000e+00 0.000000000000000000e+00 4.229562855761458907e-13 7.909448826883540562e-01 9.999918870671942184e-01 1.336032993969608895e-01 5.147887171605214363e-01 6.078997051817959241e-01 0.000000000000000000e+00 0.000000000000000000e+00 4.764307288831082926e-02 1.280000000000000000e+02 -2.598333333333333073e+01
0.000000000000000000e+00 1.000000000000000000e+00 9.676457528850990197e-03 8.938253813835164707e-02 0.000000000000000000e+00 0.000000000000000000e+00 0.000000000000000000e+00 3.629767696889005801e-01 5.370298316058490506e-01 1.000000000000000000e+00 0.000000000000000000e+00 1.272884363576628783e-05 0.000000000000000000e+00 0.000000000000000000e+00 0.000000000000000000e+00 8.124710753144789299e-01 8.632774982284709964e-01 8.627812751809993408e-02 0.000000000000000000e+00 0.000000000000000000e+00 1.805718793620501583e-01 1.870634064578740392e-04 5.221913222084630934e-01 3.027997907310365777e-01 0.000000000000000000e+00 0.000000000000000000e+00 1.174781918927877327e-03 5.787843188557876273e-01 4.843210115230551782e-01 2.080057221223392209e-03 0.000000000000000000e+00 0.000000000000000000e+00 1.280000000000000000e+02 -2.512999999999999901e+01
4.158177077756398943e-02 0.000000000000000000e+00 0.000000000000000000e+00 2.598577462986421116e-01 6.391948831447542556e-01 0.000000000000000000e+00 0.000000000000000000e+00 0.000000000000000000e+00 1.490070248303051320e-03 4.489902508702615647e-01 0.000000000000000000e+00 0.000000000000000000e+00 0.000000000000000000e+00 0.000000000000000000e+00 0.000000000000000000e+00 0.000000000000000000e+00 0.000000000000000000e+00 3.357212014793169996e-01 0.000000000000000000e+00 4.346194892516033748e-01 6.698355606195849354e-01 3.228187533798524550e-02 1.521586041348906189e-02 0.000000000000000000e+00 1.234562425897839932e-01 0.000000000000000000e+00 4.391130071614714886e-02 0.000000000000000000e+00 0.000000000000000000e+00 0.000000000000000000e+00 0.000000000000000000e+00 0.000000000000000000e+00 1.280000000000000000e+02 -2.271000000000000441e+01
0.000000000000000000e+00 3.615763409312006127e-01 3.217073880409101472e-01 2.727997495982295573e-01 1.879266555457451138e-02 0.000000000000000000e+00 3.263581670535089380e-02 0.000000000000000000e+00 8.714388144802672764e-01 1.408736224602636922e-01 0.000000000000000000e+00 0.000000000000000000e+00 2.932185786967769214e-01 0.000000000000000000e+00 1.000000000000000000e+00 4.197328322069135975e-01 0.000000000000000000e+00 8.654482863791371564e-03 0.000000000000000000e+00 0.000000000000000000e+00 1.299528407739161950e-01 8.351063802121122537e-02 3.493426507364724709e-01 0.000000000000000000e+00 0.000000000000000000e+00 4.901736779985459980e-01 2.026644888770626294e-03 0.000000000000000000e+00 1.000000000000000000e+00 0.000000000000000000e+00 0.000000000000000000e+00 7.797768115368794994e-01 1.280000000000000000e+02 -2.612333333333333485e+01
0.000000000000000000e+00 1.000000000000000000e+00 0.000000000000000000e+00 2.176166916526726947e-02 0.000000000000000000e+00 0.000000000000000000e+00 0.000000000000000000e+00 0.000000000000000000e+00 0.000000000000000000e+00 5.689538888068962352e-01 0.000000000000000000e+00 0.000000000000000000e+00 2.010695114061971656e-01 1.270624817395285544e-01 0.000000000000000000e+00 3.984533745347031419e-01 0.000000000000000000e+00 0.000000000000000000e+00 0.000000000000000000e+00 7.917617530330620657e-01 0.000000000000000000e+00 0.000000000000000000e+00 0.000000000000000000e+00 0.000000000000000000e+00 0.000000000000000000e+00 6.611363537158014558e-02 0.000000000000000000e+00 0.000000000000000000e+00 7.050827409319250505e-02 0.000000000000000000e+00 0.000000000000000000e+00 0.000000000000000000e+00 1.280000000000000000e+02 -2.342000000000000171e+01
8.325481657093338761e-01 1.000000000000000000e+00 1.073990330297362183e-01 4.184040394001651286e-01 0.000000000000000000e+00 4.617302363606838318e-04 0.000000000000000000e+00 6.692125386241720708e-01 2.175745925151810478e-01 0.000000000000000000e+00 1.147949270435287550e-03 7.374292223253151590e-01 9.589531243847216890e-01 6.125688061179280774e-01 3.011171042138471865e-01 8.506935643770129341e-01 0.000000000000000000e+00 7.239271753832406953e-01 0.000000000000000000e+00 0.000000000000000000e+00 8.604450378535163368e-01 0.000000000000000000e+00 0.000000000000000000e+00 4.622744969190857312e-01 8.756932620033056613e-01 1.575136806899402400e-02 0.000000000000000000e+00 7.826391372468459728e-01 2.184341721549471482e-01 0.000000000000000000e+00 0.000000000000000000e+00 4.094468641464782399e-02 1.280000000000000000e+02 -2.631000000000000227e+01
0.000000000000000000e+00 1.679396284220817728e-02 0.000000000000000000e+00 3.679767918215234163e-02 0.000000000000000000e+00 1.872187043632325687e-02 1.853779621915760704e-03 1.577220470064689267e-02 0.000000000000000000e+00 8.816365889673083434e-02 2.198910536589940845e-01 4.111813395076264316e-04 1.073028588166533882e-03 1.000000000000000000e+00 0.000000000000000000e+00 6.350192772934629692e-01 0.000000000000000000e+00 0.000000000000000000e+00 0.000000000000000000e+00 0.000000000000000000e+00 3.277570094114042876e-01 0.000000000000000000e+00 1.833157899117514034e-01 0.000000000000000000e+00 1.827156514351689523e-04 1.280686555865359622e-01 0.000000000000000000e+00 1.000000000000000000e+00 0.000000000000000000e+00 0.000000000000000000e+00 0.000000000000000000e+00 0.000000000000000000e+00 1.280000000000000000e+02 -2.323333333333333073e+01
0.000000000000000000e+00 0.000000000000000000e+00 3.506595515291873744e-01 1.113624990695286261e-02 0.000000000000000000e+00 0.000000000000000000e+00 0.000000000000000000e+00 1.326751957736158061e-01 0.000000000000000000e+00 1.358345528706054496e-02 0.000000000000000000e+00 0.000000000000000000e+00 4.774287481889894630e-03 7.517964928214335707e-01 0.000000000000000000e+00 0.000000000000000000e+00 0.000000000000000000e+00 0.000000000000000000e+00 0.000000000000000000e+00 0.000000000000000000e+00 0.000000000000000000e+00 0.000000000000000000e+00 1.224614902955274559e-01 0.000000000000000000e+00 0.000000000000000000e+00 2.863983545543479226e-01 0.000000000000000000e+00 0.000000000000000000e+00 0.000000000000000000e+00 7.339428282971658390e-01 0.000000000000000000e+00 1.408724192882975087e-03 1.280000000000000000e+02 -2.077666666666666728e+01
6.580697711424828844e-01 5.357844898655876875e-01 1.526987414287807147e-02 5.455014744464989906e-01 0.000000000000000000e+00 0.000000000000000000e+00 5.245182701925379387e-01 5.423435004974641593e-01 1.935291616226017183e-02 5.948119385169718942e-01 0.000000000000000000e+00 1.990466786654382023e-02 4.666853348225008524e-01 1.193728002013399233e-03 2.631203448467170913e-01 0.000000000000000000e+00 9.629418532085417225e-05 0.000000000000000000e+00 0.000000000000000000e+00 0.000000000000000000e+00 0.000000000000000000e+00 0.000000000000000000e+00 5.872130868361952194e-01 7.074556917929278876e-01 3.015462197834910540e-01 8.213232320149278509e-01 2.684728967720229534e-05 2.481472722053290961e-02 9.460166806206840029e-01 0.000000000000000000e+00 0.000000000000000000e+00 6.367281524346241582e-03 1.280000000000000000e+02 -2.210999999999999943e+01
0.000000000000000000e+00 0.000000000000000000e+00 0.000000000000000000e+00 6.946077396340410735e-13 0.000000000000000000e+00 6.600126703705999631e-01 9.678399028890701805e-01 0.000000000000000000e+00 1.732016207994505064e-01 6.101671008014605269e-01 0.000000000000000000e+00 1.445277884783751818e-04 0.000000000000000000e+00 6.500446666826977040e-06 2.840670597111764617e-01 2.505460204389214907e-02 8.492078319941424812e-06 0.000000000000000000e+00 0.000000000000000000e+00 0.000000000000000000e+00 0.000000000000000000e+00 2.915351550731802284e-05 1.886074822751533098e-01 0.000000000000000000e+00 2.628294859760900715e-01 0.000000000000000000e+00 0.000000000000000000e+00 8.839043534493929988e-01 0.000000000000000000e+00 0.000000000000000000e+00 1.946358163812830777e-02 0.000000000000000000e+00 1.280000000000000000e+02 -1.939333333333333442e+01
0.000000000000000000e+00 0.000000000000000000e+00 5.036855467660426011e-06 2.978845421392226633e-01 0.000000000000000000e+00 0.000000000000000000e+00 3.715774351894469973e-03 1.604293138113720985e-01 1.572996832685903418e-03 1.000000000000000000e+00 0.000000000000000000e+00 5.598162250757804381e-01 7.020419154694652608e-01 7.750329483018895127e-01 5.571709826620421802e-02 3.640013051982969317e-01 2.004714670163080248e-01 0.000000000000000000e+00 0.000000000000000000e+00 0.000000000000000000e+00 0.000000000000000000e+00 6.525171909679007814e-05 0.000000000000000000e+00 0.000000000000000000e+00 0.000000000000000000e+00 9.999820142573793147e-01 1.191291614065396187e-01 2.908706607423289792e-01 0.000000000000000000e+00 0.000000000000000000e+00 6.174613287568022635e-01 3.045851138890674076e-02 1.280000000000000000e+02 -2.264666666666666472e+01
1.000000000000000000e+00 4.190878235948074515e-01 0.000000000000000000e+00 7.620483898817388413e-01 5.534836118927058402e-02 6.454911702710604271e-02 0.000000000000000000e+00 1.917577948516231978e-01 6.666289496064921050e-01 1.348843197573408766e-03 0.000000000000000000e+00 3.060461354980258467e-02 7.012591039211184540e-01 5.726504743427494049e-01 0.000000000000000000e+00 3.396890496546094984e-01 4.096049994206208411e-01 1.123923731353215216e-01 0.000000000000000000e+00 7.962654303010785473e-01 2.950188845685573491e-01 0.000000000000000000e+00 1.000000000000000000e+00 9.205451401707916981e-01 8.696387677528205282e-03 9.602268733150004509e-01 0.000000000000000000e+00 1.199275736085020881e-02 1.714762878607363761e-01 5.850806330644629794e-02 4.148712467523371275e-07 1.827677189200438209e-07 1.280000000000000000e+02 -2.465000000000000213e+01
0.000000000000000000e+00 0.000000000000000000e+00 0.000000000000000000e+00 0.000000000000000000e+00 0.000000000000000000e+00 0.000000000000000000e+00 1.524716440207965207e-01 1.582254412348533187e-05 8.321527189284910753e-01 8.537404921099298605e-01 0.000000000000000000e+00 9.999999995761256200e-01 0.000000000000000000e+00 0.000000000000000000e+00 0.000000000000000000e+00 0.000000000000000000e+00 4.661638646423897359e-01 8.752473749977942594e-08 0.000000000000000000e+00 0.000000000000000000e+00 1.620762522608967804e-01 0.000000000000000000e+00 0.000000000000000000e+00 0.000000000000000000e+00 9.046218789134816696e-01 5.257465820648614674e-01 0.000000000000000000e+00 1.895934808557390907e-03 0.000000000000000000e+00 0.000000000000000000e+00 2.088091007064217385e-07 0.000000000000000000e+00 1.280000000000000000e+02 -2.226000000000000156e+01
0.000000000000000000e+00 0.000000000000000000e+00 2.309853933644695489e-02 2.721389297447350183e-02 0.000000000000000000e+00 0.000000000000000000e+00 0.000000000000000000e+00 0.000000000000000000e+00 8.437425799826506756e-01 0.000000000000000000e+00 0.000000000000000000e+00 0.000000000000000000e+00 5.415690533723985789e-01 0.000000000000000000e+00 0.000000000000000000e+00 0.000000000000000000e+00 1.000000000000000000e+00 0.000000000000000000e+00 1.187028736980704074e-01 1.938517463505702587e-01 0.000000000000000000e+00 7.018349489630061611e-02 0.000000000000000000e+00 0.000000000000000000e+00 3.030257234680921452e-01 8.297012673904875513e-01 5.360776785114655940e-01 0.000000000000000000e+00 1.000000000000000000e+00 0.000000000000000000e+00 0.000000000000000000e+00 2.276354028866915680e-01 1.280000000000000000e+02 -2.385999999999999943e+01
0.000000000000000000e+00 8.004266218252235054e-01 9.949850650039806510e-01 1.315256659501127245e-01 0.000000000000000000e+00 0.000000000000000000e+00 8.856396608664036940e-02 1.637008904818876634e-02 0.000000000000000000e+00 0.000000000000000000e+00 0.000000000000000000e+00 1.598164750236325676e-02 1.475960334586853551e-01 0.000000000000000000e+00 0.000000000000000000e+00 0.000000000000000000e+00 1.022195694234105494e-02 0.000000000000000000e+00 0.000000000000000000e+00 0.000000000000000000e+00 9.680281620171716783e-01 0.000000000000000000e+00 8.378594311602120814e-02 5.999089822905742664e-02 8.750702751721557704e-02 1.000000000000000000e+00 5.682962798119270964e-01 0.000000000000000000e+00 0.000000000000000000e+00 0.000000000000000000e+00 0.000000000000000000e+00 0.000000000000000000e+00 1.280000000000000000e+02 -2.440666666666666629e+01
0.000000000000000000e+00 0.000000000000000000e+00 0.000000000000000000e+00 0.000000000000000000e+00 1.000000000000000000e+00 0.000000000000000000e+00 0.000000000000000000e+00 4.479727214524376055e-01 0.000000000000000000e+00 0.000000000000000000e+00 0.000000000000000000e+00 0.000000000000000000e+00 0.000000000000000000e+00 3.972287039571362754e-01 9.117742350866042678e-01 0.000000000000000000e+00 2.907113157159774780e-09 0.000000000000000000e+00 0.000000000000000000e+00 2.491620687421931477e-02 6.570251472856678032e-09 0.000000000000000000e+00 1.147213434124697180e-02 2.313766129213152001e-01 0.000000000000000000e+00 4.549098568681563259e-01 9.999999715112600773e-01 1.046485838417047891e-02 1.960162409046954934e-01 0.000000000000000000e+00 0.000000000000000000e+00 6.211720083647854773e-01 1.280000000000000000e+02 -2.258333333333333215e+01
1.313306255498756514e-01 0.000000000000000000e+00 0.000000000000000000e+00 0.000000000000000000e+00 0.000000000000000000e+00 0.000000000000000000e+00 0.000000000000000000e+00 0.000000000000000000e+00 1.000000000000000000e+00 8.587793873811757628e-01 0.000000000000000000e+00 0.000000000000000000e+00 0.000000000000000000e+00 5.235034269275275209e-02 0.000000000000000000e+00 0.000000000000000000e+00 0.000000000000000000e+00 0.000000000000000000e+00 0.000000000000000000e+00 7.830550787936453854e-04 2.072033855410935765e-01 4.259678524034550828e-01 7.992852728168667875e-01 0.000000000000000000e+00 9.091364876748768697e-01 0.000000000000000000e+00 0.000000000000000000e+00 0.000000000000000000e+00 1.174453602661016810e-01 0.000000000000000000e+00 0.000000000000000000e+00 0.000000000000000000e+00 1.280000000000000000e+02 -2.386666666666666359e+01
0.000000000000000000e+00 0.000000000000000000e+00 0.000000000000000000e+00 1.000000000000000000e+00 3.922111748723265956e-01 0.000000000000000000e+00 0.000000000000000000e+00 0.000000000000000000e+00 0.000000000000000000e+00 0.000000000000000000e+00 0.000000000000000000e+00 2.173307679893072067e-02 1.692381896427422707e-03 2.819269319268288571e-03 4.703984134414461171e-01 0.000000000000000000e+00 7.131622097513293790e-01 0.000000000000000000e+00 2.168811965823093380e-02 3.836391146910486682e-04 0.000000000000000000e+00 0.000000000000000000e+00 4.238650781523574662e-01 4.439247826306730316e-01 0.000000000000000000e+00 0.000000000000000000e+00 8.864116691441302764e-01 0.000000000000000000e+00 4.751812310123194709e-03 0.000000000000000000e+00 0.000000000000000000e+00 0.000000000000000000e+00 1.280000000000000000e+02 -1.834333333333333371e+01
1.632029202818947033e-01 0.000000000000000000e+00 0.000000000000000000e+00 8.989226319781423724e-01 0.000000000000000000e+00 0.000000000000000000e+00 0.000000000000000000e+00 6.066597168786613814e-01 0.000000000000000000e+00 2.976630706441700802e-01 1.620004159774935115e-01 0.000000000000000000e+00 6.178034273522930997e-01 6.115895592992498520e-01 5.575860835227011147e-01 4.401367610275001008e-01 7.528199357827478760e-03 0.000000000000000000e+00 0.000000000000000000e+00 9.305770925435303820e-01 0.000000000000000000e+00 0.000000000000000000e+00 6.679873170502542176e-06 0.000000000000000000e+00 8.553339587453137050e-01 7.912587283518968118e-01 4.500511997129021113e-02 9.049944408175374377e-01 2.918387475238862563e-02 4.103739980230610152e-01 0.000000000000000000e+00 0.000000000000000000e+00 1.280000000000000000e+02 -2.312666666666666515e+01
0.000000000000000000e+00 0.000000000000000000e+00 6.987516937824428398e-01 9.996456635217292330e-01 0.000000000000000000e+00 0.000000000000000000e+00 0.000000000000000000e+00 2.004687993170790328e-01 7.612948534194420183e-07 5.989382412718457409e-04 0.000000000000000000e+00 7.631159117835938088e-02 3.274502911142473938e-01 2.701940371853472911e-01 0.000000000000000000e+00 1.644806206243092008e-03 0.000000000000000000e+00 0.000000000000000000e+00 0.000000000000000000e+00 0.000000000000000000e+00 0.000000000000000000e+00 5.074663230903377065e-02 0.000000000000000000e+00 0.000000000000000000e+00 1.000000000000000000e+00 5.948658210989404838e-01 0.000000000000000000e+00 4.808663252949280098e-01 0.000000000000000000e+00 0.000000000000000000e+00 0.000000000000000000e+00 1.859196269476695237e-02 1.280000000000000000e+02 -2.275000000000000000e+01
4.481779073056756935e-01 5.711789489420892041e-01 5.710733460598224065e-01 1.342316884699966129e-01 0.000000000000000000e+00 9.622346002467828674e-01 0.000000000000000000e+00 8.942442551190453726e-01 1.000000000000000000e+00 1.102725954251943669e-03 0.000000000000000000e+00 2.482655313303461231e-02 4.272830845495642307e-05 0.000000000000000000e+00 0.000000000000000000e+00 1.891423214314142398e-01 0.000000000000000000e+00 7.711572745492287217e-02 2.249529489438730975e-02 0.000000000000000000e+00 0.000000000000000000e+00 0.000000000000000000e+00 4.035077222403489761e-01 0.000000000000000000e+00 8.536293456856931111e-03 7.533719345889323682e-01 0.000000000000000000e+00 0.000000000000000000e+00 0.000000000000000000e+00 0.000000000000000000e+00 8.677692412029433533e-02 0.000000000000000000e+00 1.280000000000000000e+02 -2.065333333333333243e+01
0.000000000000000000e+00 0.000000000000000000e+00 0.000000000000000000e+00 1.000000000000000000e+00 0.000000000000000000e+00 0.000000000000000000e+00 0.000000000000000000e+00 0.000000000000000000e+00 0.000000000000000000e+00 9.638399033430118390e-01 0.000000000000000000e+00 0.000000000000000000e+00 0.000000000000000000e+00 0.000000000000000000e+00 3.916446536558038094e-01 0.000000000000000000e+00 0.000000000000000000e+00 4.917336048089997469e-01 0.000000000000000000e+00 0.000000000000000000e+00 0.000000000000000000e+00 0.000000000000000000e+00 3.536901036839069229e-02 0.000000000000000000e+00 1.125280571604480306e-01 0.000000000000000000e+00 0.000000000000000000e+00 3.893623076577967246e-01 0.000000000000000000e+00 0.000000000000000000e+00 0.000000000000000000e+00 0.000000000000000000e+00 1.280000000000000000e+02 -1.964333333333333442e+01
0.000000000000000000e+00 9.292974583451879544e-03 3.980692223440259896e-06 0.000000000000000000e+00 0.000000000000000000e+00 4.672298664144485247e-01 0.000000000000000000e+00 4.183506420735046971e-01 0.000000000000000000e+00 2.807917957304615353e-01 0.000000000000000000e+00 4.952513191910272172e-01 3.145298026239027323e-01 1.000000000000000000e+00 5.405182429941680633e-01 2.792264867276595397e-01 0.000000000000000000e+00 0.000000000000000000e+00 0.000000000000000000e+00 9.565717606850429044e-01 1.426333297095627173e-01 0.000000000000000000e+00 0.000000000000000000e+00 7.113940469487692875e-01 0.000000000000000000e+00 0.000000000000000000e+00 6.372503714783420148e-02 1.000000000000000000e+00 0.000000000000000000e+00 0.000000000000000000e+00 0.000000000000000000e+00 2.835741118149263662e-01 1.280000000000000000e+02 -2.423666666666666814e+01
0.000000000000000000e+00 7.856210373337938716e-06 0.000000000000000000e+00 0.000000000000000000e+00 0.000000000000000000e+00 0.000000000000000000e+00 0.000000000000000000e+00 0.000000000000000000e+00 5.772533349105329892e-01 3.465019360600202756e-04 1.000000000000000000e+00 0.000000000000000000e+00 3.794838512140153997e-01 0.000000000000000000e+00 0.000000000000000000e+00 0.000000000000000000e+00 0.000000000000000000e+00 0.000000000000000000e+00 0.000000000000000000e+00 0.000000000000000000e+00 8.858711713975954138e-01 1.000000000000000000e+00 3.337852625224536074e-01 0.000000000000000000e+00 0.000000000000000000e+00 2.450972616559668601e-04 0.000000000000000000e+00 3.027771883370394774e-05 4.437316072171627601e-01 0.000000000000000000e+00 3.191868825197217152e-01 0.000000000000000000e+00 1.280000000000000000e+02 -2.377333333333332988e+01
8.395162199490360799e-02 0.000000000000000000e+00 9.999999997220171410e-01 0.000000000000000000e+00 0.000000000000000000e+00 2.439385233151629070e-02 0.000000000000000000e+00 1.493177987214018218e-02 0.000000000000000000e+00 0.000000000000000000e+00 0.000000000000000000e+00 3.084176647397054993e-01 0.000000000000000000e+00 8.950755802482379675e-01 6.128093807987954333e-01 3.920062772935258011e-02 5.904574299304549134e-02 1.084208518939842048e-01 0.000000000000000000e+00 0.000000000000000000e+00 3.779751696973872588e-01 2.606017970639964293e-02 1.334094556758641811e-05 9.987950696323256716e-01 3.951509922834563482e-01 0.000000000000000000e+00 1.077330250425919955e-01 1.411199062026252948e-01 1.327959626735495668e-01 4.463852823823205584e-02 3.146135382681505832e-01 7.342330970809632928e-01 1.280000000000000000e+02 -2.358666666666666956e+01
3.415387104044453198e-02 0.000000000000000000e+00 0.000000000000000000e+00 5.180588605928278718e-06 0.000000000000000000e+00 0.000000000000000000e+00 0.000000000000000000e+00 0.000000000000000000e+00 0.000000000000000000e+00 0.000000000000000000e+00 1.674308364562943907e-01 0.000000000000000000e+00 1.332763478291228987e-01 1.048532446573323569e-02 3.173957182470384576e-08 0.000000000000000000e+00 0.000000000000000000e+00 0.000000000000000000e+00 0.000000000000000000e+00 3.947127580210563202e-02 1.326832414069185895e-01 0.000000000000000000e+00 0.000000000000000000e+00 0.000000000000000000e+00 0.000000000000000000e+00 0.000000000000000000e+00 0.000000000000000000e+00 5.917539421564043528e-03 2.238463244175399602e-01 4.477878089417863250e-01 1.522122639688232933e-04 0.000000000000000000e+00 1.280000000000000000e+02 -2.402333333333332988e+01
0.000000000000000000e+00 0.000000000000000000e+00 0.000000000000000000e+00 4.038739511169922580e-01 0.000000000000000000e+00 0.000000000000000000e+00 0.000000000000000000e+00 7.156723779038515199e-01 4.535404916356687299e-01 1.000000000000000000e+00 0.000000000000000000e+00 0.000000000000000000e+00 0.000000000000000000e+00 8.098516388529514165e-01 7.167294001945266890e-01 2.456296093645850831e-01 1.008103635589610927e-02 0.000000000000000000e+00 0.000000000000000000e+00 1.689173504273709381e-01 6.699729400947700576e-04 0.000000000000000000e+00 0.000000000000000000e+00 2.043058692528709752e-01 0.000000000000000000e+00 8.787167943696777561e-01 0.000000000000000000e+00 0.000000000000000000e+00 1.000000000000000000e+00 0.000000000000000000e+00 0.000000000000000000e+00 0.000000000000000000e+00 1.280000000000000000e+02 -2.212666666666666515e+01
0.000000000000000000e+00 0.000000000000000000e+00 5.202922910980245051e-06 2.375906830721677132e-01 0.000000000000000000e+00 0.000000000000000000e+00 0.000000000000000000e+00 1.521663680642280081e-01 0.000000000000000000e+00 0.000000000000000000e+00 0.000000000000000000e+00 5.666314592299525732e-11 2.480044500519841544e-02 0.000000000000000000e+00 1.121106776829616375e-01 2.683192053090746043e-01 0.000000000000000000e+00 4.980354272332082610e-02 0.000000000000000000e+00 0.000000000000000000e+00 0.000000000000000000e+00 0.000000000000000000e+00 8.733171074251525990e-08 3.133022250506011241e-01 2.581386180387687610e-03 8.520686208493809533e-01 0.000000000000000000e+00 0.000000000000000000e+00 0.000000000000000000e+00 0.000000000000000000e+00 0.000000000000000000e+00 9.368833068025540778e-02 1.280000000000000000e+02 -1.981333333333333613e+01
5.765487362229816393e-01 6.033037961863946252e-01 0.000000000000000000e+00 1.071851280972513235e-03 6.077612161816665637e-01 0.000000000000000000e+00 5.958351697230741123e-02 0.000000000000000000e+00 1.085130188904633031e-02 3.699286440076476109e-03 4.570114544438621856e-05 0.000000000000000000e+00 8.903152275305586949e-02 1.000000000000000000e+00 0.000000000000000000e+00 3.161923918885836127e-01 0.000000000000000000e+00 5.833929627412338080e-03 0.000000000000000000e+00 0.000000000000000000e+00 8.857500809596930980e-01 2.648810636370947935e-01 8.992649712527552713e-03 1.388393937621666963e-01 0.000000000000000000e+00 2.377145762336845547e-01 3.307141742393257967e-03 1.252701073211832661e-01 9.283195273829712990e-01 0.000000000000000000e+00 8.566291242852159815e-01 0.000000000000000000e+00 1.280000000000000000e+02 -2.419666666666666899e+01
1.832205804442017067e-03 0.000000000000000000e+00 5.327688852783126761e-01 2.770321893365735623e-03 1.788682095292656593e-01 0.000000000000000000e+00 2.374887824070342785e-03 1.621549109444407333e-01 7.458627698977427758e-05 4.806434873692160270e-01 0.000000000000000000e+00 6.693049427786924577e-01 7.166451090576264268e-03 5.437102037917369152e-02 0.000000000000000000e+00 7.999459886744750836e-01 9.531189896369869196e-04 7.504680023533461539e-04 0.000000000000000000e+00 3.226257760265277552e-03 2.865526881087297473e-01 3.997571737615743248e-02 9.744949689503321633e-01 3.321828350232635535e-02 1.237484866329659067e-01 0.000000000000000000e+00 1.036947014411500074e-03 0.000000000000000000e+00 0.000000000000000000e+00 0.000000000000000000e+00 4.796148021765112013e-01 1.742147752506070790e-01 1.280000000000000000e+02 -2.731666666666666288e+01
2.762635582121410471e-01 4.332541299508465421e-02 0.000000000000000000e+00 0.000000000000000000e+00 0.000000000000000000e+00 0.000000000000000000e+00 0.000000000000000000e+00 0.000000000000000000e+00 0.000000000000000000e+00 0.000000000000000000e+00 0.000000000000000000e+00 0.000000000000000000e+00 0.000000000000000000e+00 0.000000000000000000e+00 0.000000000000000000e+00 0.000000000000000000e+00 0.000000000000000000e+00 0.000000000000000000e+00 5.180824190930884976e-01 0.000000000000000000e+00 9.931136777259079729e-01 0.000000000000000000e+00 0.000000000000000000e+00 0.000000000000000000e+00 0.000000000000000000e+00 7.877939085293730326e-01 0.000000000000000000e+00 0.000000000000000000e+00 0.000000000000000000e+00 0.000000000000000000e+00 5.929398436169478794e-03 0.000000000000000000e+00 1.280000000000000000e+02 -2.178666666666666529e+01
3.829298462701413164e-01 0.000000000000000000e+00 8.693164954073646228e-03 1.000000000000000000e+00 0.000000000000000000e+00 1.526458994373704192e-02 0.000000000000000000e+00 2.149414449093569879e-01 3.116678714297335118e-01 7.963272317413456758e-01 7.702309679886161220e-01 3.491361799500726226e-01 6.488452807245712606e-01 7.968485339574291615e-01 6.613993561403006538e-01 7.844518425244818571e-01 0.000000000000000000e+00 0.000000000000000000e+00 0.000000000000000000e+00 7.032262865876499902e-02 8.849271043644612034e-01 0.000000000000000000e+00 6.411215269268036527e-04 0.000000000000000000e+00 5.333095803944235547e-01 3.323405188750923056e-01 9.504291774988617766e-04 7.230710793839576489e-01 6.013623579753283321e-01 0.000000000000000000e+00 1.086604760626900951e-01 4.041377369575233636e-01 1.280000000000000000e+02 -2.506666666666666643e+01
1.074682720030365468e-01 0.000000000000000000e+00 0.000000000000000000e+00 0.000000000000000000e+00 9.126125885352680267e-02 2.423838484441615676e-02 1.885507702753142778e-01 0.000000000000000000e+00 0.000000000000000000e+00 0.000000000000000000e+00 0.000000000000000000e+00 7.318736860151998924e-02 6.584709681375771062e-01 1.487235329105137116e-01 1.767319024489742707e-01 3.036245419089810271e-01 0.000000000000000000e+00 5.836196025714113222e-03 0.000000000000000000e+00 7.490728731299254109e-03 0.000000000000000000e+00 0.000000000000000000e+00 5.419525674010271521e-01 0.000000000000000000e+00 4.368734444415744989e-02 0.000000000000000000e+00 0.000000000000000000e+00 0.000000000000000000e+00 2.094973528929758855e-01 0.000000000000000000e+00 0.000000000000000000e+00 0.000000000000000000e+00 1.280000000000000000e+02 -2.415666666666666629e+01
8.976041974588845911e-05 0.000000000000000000e+00 0.000000000000000000e+00 1.622572727635755718e-01 0.000000000000000000e+00 0.000000000000000000e+00 0.000000000000000000e+00 6.113822025681350247e-01 0.000000000000000000e+00 9.479412257164993028e-01 0.000000000000000000e+00 1.000000000000000000e+00 0.000000000000000000e+00 3.290515839906242579e-02 0.000000000000000000e+00 2.286191248725101544e-01 0.000000000000000000e+00 5.798234298906262962e-01 0.000000000000000000e+00 0.000000000000000000e+00 9.373917540259075754e-01 0.000000000000000000e+00 0.000000000000000000e+00 0.000000000000000000e+00 9.766925529434343500e-02 0.000000000000000000e+00 2.914371637705666651e-01 0.000000000000000000e+00 0.000000000000000000e+00 0.000000000000000000e+00 0.000000000000000000e+00 1.873114221742782637e-01 1.280000000000000000e+02 -2.425666666666667126e+01
3.023996393782006353e-01 0.000000000000000000e+00 6.850384626261742937e-01 2.223093681693430190e-01 0.000000000000000000e+00 0.000000000000000000e+00 0.000000000000000000e+00 0.000000000000000000e+00 0.000000000000000000e+00 8.878397639940787123e-01 6.222058766628064220e-10 0.000000000000000000e+00 0.000000000000000000e+00 9.197380291909867944e-01 8.655441404151645868e-01 0.000000000000000000e+00 0.000000000000000000e+00 0.000000000000000000e+00 0.000000000000000000e+00 0.000000000000000000e+00 9.900736459811410040e-01 9.544023152013320771e-03 4.324245894240620336e-01 0.000000000000000000e+00 0.000000000000000000e+00 5.397319215971551482e-02 0.000000000000000000e+00 3.709116257594826105e-01 0.000000000000000000e+00 0.000000000000000000e+00 8.901079501840341024e-01 0.000000000000000000e+00 1.280000000000000000e+02 -2.425000000000000000e+01
0.000000000000000000e+00 0.000000000000000000e+00 0.000000000000000000e+00 0.000000000000000000e+00 0.000000000000000000e+00 4.226885488143029557e-01 6.448562936913923016e-01 0.000000000000000000e+00 0.000000000000000000e+00 0.000000000000000000e+00 1.200599367637694877e-02 0.000000000000000000e+00 2.047404808749653249e-02 3.234692574764256867e-01 1.279289710643978853e-02 1.242550111545402507e-02 0.000000000000000000e+00 0.000000000000000000e+00 3.363699818838065680e-01 6.742295822027012386e-01 0.000000000000000000e+00 8.907609150635946715e-01 6.011693328858776810e-08 0.000000000000000000e+00 0.000000000000000000e+00 0.000000000000000000e+00 8.074531876234994909e-01 1.948246410644665361e-01 0.000000000000000000e+00 0.000000000000000000e+00 0.000000000000000000e+00 0.000000000000000000e+00 1.280000000000000000e+02 -2.037333333333333485e+01
0.000000000000000000e+00 0.000000000000000000e+00 3.937647853035037282e-01 0.000000000000000000e+00 0.000000000000000000e+00 0.000000000000000000e+00 1.778839171183330403e-01 5.913311164634288408e-01 0.000000000000000000e+00 4.723389733810542425e-03 0.000000000000000000e+00 0.000000000000000000e+00 0.000000000000000000e+00 2.927287445251401943e-01 6.958808632567524688e-01 2.642310044539883732e-02 0.000000000000000000e+00 0.000000000000000000e+00 0.000000000000000000e+00 0.000000000000000000e+00 4.019202809454657244e-01 1.874826731738170604e-01 3.699670862286092571e-02 0.000000000000000000e+00 1.000000000000000000e+00 0.000000000000000000e+00 0.000000000000000000e+00 0.000000000000000000e+00 0.000000000000000000e+00 0.000000000000000000e+00 7.463631483115046317e-02 5.634193750284538504e-01 1.280000000000000000e+02 -2.362666666666666515e+01
0.000000000000000000e+00 0.000000000000000000e+00 0.000000000000000000e+00 0.000000000000000000e+00 0.000000000000000000e+00 0.000000000000000000e+00 0.000000000000000000e+00 1.049139810378094534e-01 0.000000000000000000e+00 7.363427781255003080e-01 8.503316768645013957e-01 0.000000000000000000e+00 3.713234773928965615e-01 3.361436395787442688e-01 2.005478153797265323e-02 6.893775868862961342e-01 1.205505791121384818e-05 0.000000000000000000e+00 0.000000000000000000e+00 0.000000000000000000e+00 4.491531619075656567e-01 1.916531059075297638e-01 6.740920526979853923e-03 6.781939203156951423e-01 7.466026840894950389e-01 2.601504043938830391e-01 0.000000000000000000e+00 1.384604377234231395e-02 1.093066763816318288e-01 0.000000000000000000e+00 0.000000000000000000e+00 0.000000000000000000e+00 1.280000000000000000e+02 -2.520666666666666700e+01
5.175800389156030024e-01 9.346708238516695434e-06 0.000000000000000000e+00 5.472260175706180618e-01 0.000000000000000000e+00 0.000000000000000000e+00 0.000000000000000000e+00 0.000000000000000000e+00 5.757348086230459350e-01 1.427433316786728042e-06 0.000000000000000000e+00 4.565054076607252820e-01 2.061313491535007869e-01 9.400862583760207780e-01 1.000000000000000000e+00 0.000000000000000000e+00 0.000000000000000000e+00 1.833889025791895222e-01 0.000000000000000000e+00 9.079872166981173276e-02 1.761027142513571786e-01 0.000000000000000000e+00 2.235374625813372519e-03 0.000000000000000000e+00 4.553412044938777263e-03 3.845791362732561836e-01 0.000000000000000000e+00 1.000000000000000000e+00 1.994396186847913279e-06 0.000000000000000000e+00 0.000000000000000000e+00 6.982504956921197067e-04 1.280000000000000000e+02 -2.099333333333333229e+01
8.802337848196006842e-02 0.000000000000000000e+00 4.726166523218368054e-01 0.000000000000000000e+00 0.000000000000000000e+00 0.000000000000000000e+00 1.302977417210987310e-01 3.934916707242550743e-02 7.765485886797024451e-01 0.000000000000000000e+00 0.000000000000000000e+00 2.565050391585855377e-02 0.000000000000000000e+00 6.809205816996639904e-02 2.057021946130706547e-01 9.692595156238119625e-01 0.000000000000000000e+00 3.477283296274788493e-01 0.000000000000000000e+00 0.000000000000000000e+00 5.803349488245650445e-01 0.000000000000000000e+00 2.484001467583998590e-01 3.665415324013733267e-01 0.000000000000000000e+00 0.000000000000000000e+00 0.000000000000000000e+00 2.811778633641344709e-03 9.958058350541453274e-01 0.000000000000000000e+00 0.000000000000000000e+00 1.334272815226767162e-01 1.280000000000000000e+02 -2.468666666666666742e+01
0.000000000000000000e+00 6.283611776417765693e-01 0.000000000000000000e+00 7.021589527129687980e-01 0.000000000000000000e+00 0.000000000000000000e+00 0.000000000000000000e+00 0.000000000000000000e+00 0.000000000000000000e+00 3.540809442317340849e-01 0.000000000000000000e+00 4.779952898680332920e-09 0.000000000000000000e+00 0.000000000000000000e+00 0.000000000000000000e+00 7.673334733212846537e-01 0.000000000000000000e+00 0.000000000000000000e+00 0.000000000000000000e+00 0.000000000000000000e+00 5.338617522351440242e-03 7.938294158860648153e-02 0.000000000000000000e+00 8.244948138067266508e-02 0.000000000000000000e+00 5.193952298161311903e-02 0.000000000000000000e+00 4.716721455498847915e-01 0.000000000000000000e+00 0.000000000000000000e+00 0.000000000000000000e+00 0.000000000000000000e+00 1.280000000000000000e+02 -2.034666666666666757e+01
0.000000000000000000e+00 0.000000000000000000e+00 0.000000000000000000e+00 1.704896035550334255e-01 0.000000000000000000e+00 7.995795122171994729e-01 0.000000000000000000e+00 3.540395800001607668e-02 9.540726536335873698e-02 1.515553181007516480e-03 6.032536993036258927e-02 4.303727474784104223e-01 2.713715952816245572e-02 8.238907749335733222e-02 0.000000000000000000e+00 0.000000000000000000e+00 0.000000000000000000e+00 1.198408283743841451e-01 0.000000000000000000e+00 0.000000000000000000e+00 4.657053132270094209e-01 0.000000000000000000e+00 0.000000000000000000e+00 0.000000000000000000e+00 2.705387721506912618e-02 0.000000000000000000e+00 0.000000000000000000e+00 6.258169951228526040e-01 2.001291965535296757e-01 0.000000000000000000e+00 0.000000000000000000e+00 5.334056256828620945e-01 1.280000000000000000e+02 -2.378000000000000114e+01
4.436597400612171671e-01 1.015743792777952098e-01 0.000000000000000000e+00 1.000000000000000000e+00 6.841675225319488731e-04 1.536523291347768883e-01 6.468003092437202284e-02 0.000000000000000000e+00 0.000000000000000000e+00 0.000000000000000000e+00 0.000000000000000000e+00 6.540894590734013248e-01 1.000000000000000000e+00 9.707863343840281711e-01 0.000000000000000000e+00 9.999999963772645550e-01 0.000000000000000000e+00 0.000000000000000000e+00 0.000000000000000000e+00 1.766183469579784421e-02 0.000000000000000000e+00 0.000000000000000000e+00 9.384271703171521706e-01 3.782804607895630389e-02 9.915510198662771391e-01 9.998277224143011788e-01 0.000000000000000000e+00 1.947924590498838759e-01 9.325448607127434508e-01 0.000000000000000000e+00 6.761394374521999613e-07 0.000000000000000000e+00 1.280000000000000000e+02 -2.556666666666666643e+01
0.000000000000000000e+00 0.000000000000000000e+00 0.000000000000000000e+00 2.711845475186264176e-01 0.000000000000000000e+00 0.000000000000000000e+00 0.000000000000000000e+00 1.925230033199235025e-01 0.000000000000000000e+00 3.275370706567481416e-01 0.000000000000000000e+00 0.000000000000000000e+00 0.000000000000000000e+00 0.000000000000000000e+00 1.348752453980188448e-02 0.000000000000000000e+00 0.000000000000000000e+00 5.892784678017768535e-03 0.000000000000000000e+00 0.000000000000000000e+00 0.000000000000000000e+00 2.986468824970971506e-02 0.000000000000000000e+00 0.000000000000000000e+00 9.045500976893265654e-02 0.000000000000000000e+00 0.000000000000000000e+00 4.945182305789902304e-03 0.000000000000000000e+00 5.516099273259839064e-01 0.000000000000000000e+00 7.228388514193501146e-02 1.280000000000000000e+02 -2.080000000000000071e+01
4.908734322701342664e-05 0.000000000000000000e+00 0.000000000000000000e+00 0.000000000000000000e+00 0.000000000000000000e+00 5.131038037839973365e-01 0.000000000000000000e+00 5.329766897329756281e-01 6.206538203410977457e-03 7.059465709102232811e-01 0.000000000000000000e+00 0.000000000000000000e+00 9.864095975094248070e-01 2.815652188490679886e-01 0.000000000000000000e+00 0.000000000000000000e+00 0.000000000000000000e+00 1.352685236361376442e-01 0.000000000000000000e+00 0.000000000000000000e+00 0.000000000000000000e+00 0.000000000000000000e+00 0.000000000000000000e+00 0.000000000000000000e+00 0.000000000000000000e+00 3.444923109432459496e-01 0.000000000000000000e+00 0.000000000000000000e+00 7.018095248330941116e-02 0.000000000000000000e+00 6.566806698131699704e-01 0.000000000000000000e+00 1.280000000000000000e+02 -2.171999999999999886e+01
