5.000000000000000000e-01 5.000000000000000000e-01 5.000000000000000000e-01 5.000000000000000000e-01 5.000000000000000000e-01 5.000000000000000000e-01 5.000000000000000000e-01 5.000000000000000000e-01 5.000000000000000000e-01 5.000000000000000000e-01 5.000000000000000000e-01 5.000000000000000000e-01 5.000000000000000000e-01 5.000000000000000000e-01 5.000000000000000000e-01 5.000000000000000000e-01 5.000000000000000000e-01 5.000000000000000000e-01 5.000000000000000000e-01 5.000000000000000000e-01 5.000000000000000000e-01 5.000000000000000000e-01 5.000000000000000000e-01 5.000000000000000000e-01 5.000000000000000000e-01 5.000000000000000000e-01 5.000000000000000000e-01 5.000000000000000000e-01 5.000000000000000000e-01 5.000000000000000000e-01 5.000000000000000000e-01 5.000000000000000000e-01 1.280000000000000000e+02 -1.215000000000000036e+01
5.000000000000000278e-02 7.903225806451613655e-02 1.080645161290322565e-01 1.370967741935483764e-01 1.661290322580645240e-01 1.951612903225806162e-01 2.241935483870967638e-01 2.532258064516129115e-01 2.822580645161290036e-01 3.112903225806451513e-01 3.403225806451612434e-01 3.693548387096773911e-01 3.983870967741935387e-01 4.274193548387096309e-01 4.564516129032257785e-01 4.854838709677418707e-01 5.145161290322580738e-01 5.435483870967742215e-01 5.725806451612903691e-01 6.016129032258064058e-01 6.306451612903225534e-01 6.596774193548387011e-01 6.887096774193548487e-01 7.177419354838709964e-01 7.467741935483871440e-01 7.758064516129031807e-01 8.048387096774193283e-01 8.338709677419354760e-01 8.629032258064516236e-01 8.919354838709677713e-01 9.209677419354838079e-01 9.499999999999999556e-01 1.280000000000000000e+02 -1.515000000000000036e+01
9.499999999999999556e-01 9.209677419354838079e-01 8.919354838709677713e-01 8.629032258064516236e-01 8.338709677419354760e-01 8.048387096774193283e-01 7.758064516129031807e-01 7.467741935483871440e-01 7.177419354838709964e-01 6.887096774193548487e-01 6.596774193548387011e-01 6.306451612903225534e-01 6.016129032258064058e-01 5.725806451612903691e-01 5.435483870967742215e-01 5.145161290322580738e-01 4.854838709677418707e-01 4.564516129032257785e-01 4.274193548387096309e-01 3.983870967741935387e-01 3.693548387096773911e-01 3.403225806451612434e-01 3.112903225806451513e-01 2.822580645161290036e-01 2.532258064516129115e-01 2.241935483870967638e-01 1.951612903225806162e-01 1.661290322580645240e-01 1.370967741935483764e-01 1.080645161290322565e-01 7.903225806451613655e-02 5.000000000000000278e-02 1.280000000000000000e+02 -9.823333333333332362e+00
5.000000000000000278e-02 1.099999999999999867e-01 1.699999999999999845e-01 2.299999999999999822e-01 2.899999999999999800e-01 3.499999999999999223e-01 4.099999999999999201e-01 4.699999999999999178e-01 5.299999999999999156e-01 5.899999999999999689e-01 6.499999999999999112e-01 7.099999999999999645e-01 7.699999999999999067e-01 8.299999999999999600e-01 8.899999999999999023e-01 9.499999999999999556e-01 9.499999999999999556e-01 8.900000000000000133e-01 8.299999999999999600e-01 7.700000000000000178e-01 7.099999999999999645e-01 6.500000000000000222e-01 5.900000000000000799e-01 5.300000000000000266e-01 4.700000000000000289e-01 4.100000000000000311e-01 3.500000000000000888e-01 2.900000000000000355e-01 2.300000000000000933e-01 1.700000000000000400e-01 1.100000000000000977e-01 5.000000000000000278e-02 1.280000000000000000e+02 -1.564000000000000057e+01
9.499999999999999556e-01 8.900000000000000133e-01 8.300000000000000711e-01 7.700000000000000178e-01 7.099999999999999645e-01 6.500000000000001332e-01 5.900000000000000799e-01 5.300000000000000266e-01 4.700000000000000844e-01 4.100000000000000311e-01 3.500000000000000888e-01 2.900000000000000355e-01 2.300000000000000933e-01 1.700000000000000400e-01 1.100000000000000977e-01 5.000000000000004441e-02 5.000000000000004441e-02 1.099999999999999867e-01 1.700000000000000400e-01 2.299999999999999822e-01 2.900000000000000355e-01 3.499999999999999778e-01 4.099999999999999201e-01 4.699999999999999734e-01 5.300000000000000266e-01 5.899999999999999689e-01 6.499999999999999112e-01 7.099999999999999645e-01 7.699999999999999067e-01 8.299999999999999600e-01 8.899999999999999023e-01 9.499999999999999556e-01 1.280000000000000000e+02 -1.196333333333333293e+01
1.499999999999999944e-01 8.499999999999999778e-01 1.499999999999999944e-01 8.499999999999999778e-01 1.499999999999999944e-01 8.499999999999999778e-01 1.499999999999999944e-01 8.499999999999999778e-01 1.499999999999999944e-01 8.499999999999999778e-01 1.499999999999999944e-01 8.499999999999999778e-01 1.499999999999999944e-01 8.499999999999999778e-01 1.499999999999999944e-01 8.499999999999999778e-01 1.499999999999999944e-01 8.499999999999999778e-01 1.499999999999999944e-01 8.499999999999999778e-01 1.499999999999999944e-01 8.499999999999999778e-01 1.499999999999999944e-01 8.499999999999999778e-01 1.499999999999999944e-01 8.499999999999999778e-01 1.499999999999999944e-01 8.499999999999999778e-01 1.499999999999999944e-01 8.499999999999999778e-01 1.499999999999999944e-01 8.499999999999999778e-01 1.280000000000000000e+02 -1.146333333333333293e+01
6.406250000000000833e-02 7.812500000000000000e-02 9.500000000000000666e-01 6.406250000000000833e-02 6.406250000000000833e-02 9.500000000000000666e-01 9.500000000000000666e-01 6.406250000000000833e-02 2.750000000000000222e-01 5.000000000000000000e-01 9.500000000000000666e-01 1.062500000000000111e-01 9.500000000000000666e-01 2.750000000000000222e-01 9.500000000000000666e-01 9.500000000000000666e-01 9.500000000000000666e-01 9.500000000000000666e-01 9.500000000000000666e-01 9.500000000000000666e-01 1.625000000000000056e-01 6.406250000000000833e-02 1.625000000000000056e-01 9.500000000000000666e-01 6.406250000000000833e-02 9.500000000000000666e-01 6.406250000000000833e-02 9.500000000000000666e-01 1.062500000000000111e-01 7.812500000000000000e-02 9.500000000000000666e-01 6.406250000000000833e-02 1.280000000000000000e+02 -1.402999999999999936e+01
5.499596620578787176e-01 6.483548188835264181e-01 4.031573756688733856e-01 1.958032880261222908e-01 2.704009991651217804e-01 5.574613117508135929e-01 2.675124162838839470e-01 9.076545228512565844e-01 9.750881068470830249e-01 5.885783967192788069e-01 8.955207968557677978e-01 2.299666373827536359e-01 1.705502977979132806e-01 4.687976438986074523e-01 6.241754460553111672e-01 6.665951276318247132e-01 2.051066005658749858e-01 5.973376488339716683e-01 9.677507933637109483e-01 7.800854691737262314e-01 6.406054641060090482e-01 2.641205845587580869e-01 5.860846633778217241e-01 2.466163523058121088e-01 5.789845308022084636e-01 3.502848306260404332e-01 5.768673578580290062e-01 8.462947572284763575e-01 6.796250054397709461e-02 6.417819552423570384e-02 8.017540475474302930e-01 9.201571036738644960e-01 1.280000000000000000e+02 -1.419666666666666721e+01
2.622698287316063692e-01 9.632098608288813812e-03 5.165716392603276752e-01 5.768566574680376036e-01 6.782206125259221396e-01 5.876394429973132993e-01 7.841409629724142016e-01 2.733712923657345972e-01 5.365866490939278366e-01 6.474857220674236080e-01 2.002105894633453009e-01 5.133235330574751482e-02 4.634996590896091062e-01 3.494233067375930313e-01 8.326469505674507499e-01 7.920917722293130403e-01 9.072141006962872734e-01 2.441623709352906679e-01 9.592898229432198498e-01 4.486929966054843399e-01 5.155760419871965317e-01 1.376924240280757994e-01 4.736147129171294767e-01 2.752941869705160822e-03 9.218405382814913729e-01 5.337959542312068484e-01 8.455907339814657808e-01 2.146798765276285714e-01 3.532994023657911598e-01 3.627727888303389214e-01 9.088807973080816893e-01 2.804788845225503202e-01 1.280000000000000000e+02 -1.220000000000000107e+01
4.568320962797169787e-02 3.051490326569460398e-01 5.339207433116736068e-01 4.231786628204712297e-01 3.714424855602773690e-01 9.655201246498605616e-02 4.539878766960424583e-01 2.543758490909631687e-01 6.154476124719353569e-01 1.424411261214202085e-01 6.197530597665543706e-01 7.428262150917537276e-01 4.766836470389648750e-01 6.195256419179864249e-01 4.627334587545043343e-01 5.718989194723496094e-01 3.964998813585250415e-01 5.528711660013653217e-01 5.634784228254976490e-01 4.273416344066880979e-01 7.323745718622118317e-02 4.824091070515960089e-01 4.993602555629323425e-01 2.859860885000230502e-01 4.088670828404711299e-01 9.259741498757690925e-01 7.381239520014564182e-01 6.623379503475317065e-02 7.603829072103838183e-01 2.873061297674525325e-02 2.757631347469570726e-01 1.188422140819004528e-04 1.280000000000000000e+02 -1.182333333333333236e+01
1.108854236274403327e-01 8.020463280741055856e-01 3.987387679831667919e-02 5.306552448452588333e-01 1.690724823389042342e-01 1.941550058918840027e-01 6.672020152448396857e-01 5.216592544487079763e-01 7.591107242447833192e-01 4.701420981503642293e-01 8.558172067278746464e-01 3.988685335673073165e-03 8.255225304816352638e-01 7.105970043087763699e-01 7.313327842842698434e-01 3.810121596785737697e-01 1.323896065783160547e-01 6.729775322224155198e-01 5.405281456289311171e-02 1.623242265092037506e-01 7.214112177737848075e-01 4.077397317211129413e-01 7.292913618565513012e-01 5.797639820810640554e-01 2.700521845119230879e-01 1.148560871945959599e-01 9.880947779061752811e-01 7.587113989583544882e-01 7.769569427951709961e-02 9.678333997555792212e-02 8.260722142603905693e-01 6.752998455245114995e-01 1.280000000000000000e+02 -1.214333333333333265e+01
8.151219187652072318e-01 5.274273354498268951e-01 8.840089696714226175e-02 8.657577437215348004e-01 8.170489235953045659e-01 1.728997785095600093e-01 8.597376763527200816e-02 2.227300921166591452e-01 8.770181975038766620e-01 5.465238987703550100e-01 5.750227085209668187e-01 9.094837738667342908e-01 1.317190519742365007e-01 5.852766026733757787e-01 2.273624426507550311e-01 8.574141533763554035e-01 3.579277984943725344e-02 1.121044504710683731e-01 1.415271499575850023e-01 1.892827670307735410e-01 5.473626484477503995e-01 5.062048559307512630e-01 4.101598708152049411e-01 7.753632141739409400e-01 6.988066588893979691e-01 9.457684285631901000e-01 1.290091396514009836e-01 7.810694209659609921e-01 3.940694282110827062e-01 7.597551167281091367e-01 5.816296164502789967e-01 3.923331183724804161e-01 1.280000000000000000e+02 -1.301333333333333542e+01
4.591050636143128583e-01 5.092325236331918248e-01 2.282640202322910594e-01 3.966194208457708981e-01 2.589161625682150358e-01 7.217058786508895318e-01 3.099935391692509312e-01 7.753290855763482758e-01 8.911990174349365690e-01 9.267562749265941813e-01 2.555462952511708408e-01 2.562844118703131446e-01 5.775162499642306768e-01 1.235339311124037526e-01 5.381723576332992920e-01 4.190223334924312315e-01 6.097029087312884066e-01 5.776646672445280295e-01 6.041922216319318695e-01 9.509836399139581786e-01 9.180689862103373899e-01 2.561528899969537365e-01 9.149555899959692373e-02 7.996492890330827441e-01 8.595276342541346981e-01 4.840785281536730822e-01 8.927046735326263915e-01 4.184644965511836179e-01 6.290910135439186091e-01 9.596623114712965474e-01 6.257867655703974741e-01 2.529713565020850208e-01 1.280000000000000000e+02 -1.124666666666666792e+01
5.274725378998119663e-01 7.616191857332329507e-01 2.028930162805723039e-02 2.986216385642636029e-01 7.802308647389010199e-01 2.613616069631805594e-01 3.851069579679903820e-01 5.290700983746573494e-01 1.994192987413544449e-01 7.632663812098308131e-01 8.117577287078682202e-01 8.245061376707836232e-01 6.165929718821653305e-01 3.908627545894065580e-01 1.659677523103299801e-01 3.038322632877170082e-01 9.485023691514835043e-02 2.027045215056932914e-01 8.158104423667598137e-01 5.788345350510143428e-01 9.007850183584172887e-01 3.862613233700117887e-01 8.695581238052343398e-01 5.040644540904849064e-02 4.449657619143447262e-01 1.501247579319612557e-01 3.479795007906889004e-01 7.461404974431096182e-01 8.220068722558889762e-01 2.312390010547759056e-01 7.283603697319512849e-01 4.429342594563137614e-01 1.280000000000000000e+02 -1.187333333333333485e+01
4.189622429399909587e-01 5.950156963764934304e-01 1.956232302657928135e-01 1.853508726728327061e-01 9.162194628558604226e-01 2.263358456959838894e-01 8.204072675851288299e-01 8.261320159691749598e-01 6.821706395524205213e-01 7.828700774298109899e-02 9.600408382523322182e-01 6.489578564513183434e-02 2.798285906948690394e-01 8.652596931720982765e-01 3.675755883992327666e-01 5.204239890893941345e-01 2.537738530991504038e-01 3.513587865211981742e-01 7.218897498517069522e-01 4.409262662328875676e-02 9.330890670613490867e-01 2.219636035033515642e-01 7.713446902778234859e-01 1.367199463379012159e-01 6.481300749357711277e-01 2.575097959158744176e-01 2.011896183999300480e-01 8.886939677521368264e-01 2.583794238057737780e-02 2.016263838163233624e-01 1.883998382452828080e-01 9.324144558164088048e-01 1.280000000000000000e+02 -1.084999999999999964e+01
2.033493168497021164e-01 1.367772968492924901e-01 9.902300033160561510e-01 6.738876016602842745e-01 7.087632017192855294e-01 8.820884372451068822e-01 6.242389430282072604e-01 6.635305267853646161e-01 7.380303866130255575e-01 9.009088951725299221e-01 4.187495933504810641e-01 6.806371369888423173e-01 2.560283819722687926e-01 8.841305054449712930e-01 1.230247788887201960e-01 8.379043239914788499e-01 8.296593187569387684e-01 1.240397769920554144e-01 2.914893502972550898e-01 8.297078784287866826e-01 4.708988843131450830e-01 7.996655863084349836e-01 1.176228535993644603e-01 3.091734393095438294e-01 8.019850339046413756e-01 5.649196821878920555e-02 5.339703560304148722e-01 8.105742130606993223e-01 6.601958738374823499e-01 1.871738025522666216e-01 9.592122367777622394e-01 3.641368397159855386e-01 1.280000000000000000e+02 -8.953333333333333144e+00
4.437627262071762724e-01 1.774492498955551334e-01 6.459583429651035713e-01 6.309325319217399253e-01 4.375849279407079684e-01 4.378458333550104831e-01 9.387857175666242115e-01 1.093355197674352186e-01 8.536561434506964030e-01 5.367740063725827682e-01 6.334623706049895553e-01 8.611030000512015503e-01 8.230705444912143065e-01 4.820058703547920598e-02 6.844843189058332777e-01 3.575942349237061068e-03 8.612525724174530106e-01 2.841471215750552282e-01 6.768812800021503095e-01 3.942892585971513042e-01 9.701184254551863395e-01 3.561080283285736336e-01 4.279282931725567063e-02 1.226759771329126725e-01 1.759817769119534081e-01 9.939394156483850606e-01 4.902954384922211251e-01 7.256460920961930183e-01 6.920537742827067573e-01 5.683037754334501201e-01 6.352892578596985862e-01 4.368146075533703709e-01 1.280000000000000000e+02 -1.496333333333333293e+01
2.647319200621682245e-01 6.185398228603294912e-01 2.764628181481790237e-01 9.547906123593250527e-01 4.927554507243903648e-01 7.819693264566618396e-01 5.491820819040201807e-01 7.481353560480412390e-02 9.328702333780570788e-01 5.002658019989347782e-01 3.398625334119712571e-01 4.289634510804754552e-01 5.884857703758888947e-01 6.455670880648022303e-01 6.063019733275017975e-01 9.753243251113445922e-01 2.945245106637151555e-01 5.257567791022991210e-01 9.034835383028569922e-01 9.720860438609830734e-01 1.241691750899000107e-01 5.866164268400831938e-01 2.914473677770725302e-01 4.385575351392258514e-01 1.739005472919854245e-01 8.331456457407028504e-02 2.731258144668745058e-01 9.970005501951479943e-01 8.795403549215820016e-01 4.206310447895825755e-01 1.299919703613315325e-01 5.843073471038912059e-01 1.280000000000000000e+02 -9.806666666666666643e+00
6.787634745238242395e-01 3.234259555056481772e-01 4.085139107148107879e-03 3.787128463808961138e-03 9.442298795054534510e-01 3.205609801659321523e-01 3.348712946042977645e-01 6.299352210309131506e-01 3.623596279068643788e-01 8.793182874708233010e-01 8.732252419850938807e-01 6.457914958855939247e-01 1.945123391905969057e-01 2.333790000019746735e-01 8.706667030031640664e-01 4.922472339020687038e-01 5.818183464855872788e-01 4.637706339447522086e-01 4.418323939684516977e-01 6.036538245257567770e-01 3.583152603648198653e-01 2.404226183586348764e-01 4.279567606169879523e-01 8.242597660536568061e-01 3.379184323630031184e-01 5.648309529363804149e-01 6.810044694839416657e-01 9.069772147783835559e-01 4.171804937470733332e-01 7.187724014706049491e-01 3.273568776219242804e-01 5.188046620285310384e-01 1.280000000000000000e+02 -1.171333333333333293e+01
1.264336078774823402e-01 4.771470828356803584e-01 8.846643645840808201e-01 6.610541140999019738e-02 3.904075622563727976e-01 1.627702681745387195e-02 6.006311782398275900e-01 5.033860875402702550e-01 2.800096184941274500e-04 7.143679900271692196e-01 9.992536689226688695e-02 5.811497851014915117e-01 9.076716538263897016e-01 6.509288796237969743e-01 1.048911241285429841e-01 7.372525635569072699e-01 3.010199153331373223e-01 8.054414850335102349e-02 7.398753363291792340e-01 9.315200952535667156e-01 2.129394084907438034e-01 7.334001316944228632e-01 4.906745770617608748e-01 2.026954607600787439e-01 1.407141795013921726e-01 9.566070180993804239e-01 6.593775516880578946e-01 9.863769892476476064e-02 3.226726339601919125e-01 8.618134244780509823e-01 6.694592960664800252e-01 8.243144920233949069e-01 1.280000000000000000e+02 -1.426333333333333364e+01
7.299929245612041262e-01 8.589274683513994368e-01 7.131475235226892861e-01 7.872909723193435294e-01 4.538258909775414462e-01 7.420616327307834048e-01 1.176283766714723983e-01 7.666608554665192976e-01 7.963804484690204522e-01 5.182793470380585577e-01 1.716294154997294319e-01 1.904264239544951054e-01 5.078441854007085254e-01 3.164448190039126363e-01 4.299321385810017104e-01 2.623271914598369545e-02 1.137290134549213821e-01 7.416955806179367228e-01 8.426680491703343323e-01 7.500141176909516094e-01 8.244373062666401353e-01 5.695934182792948830e-01 5.126691389332018942e-03 5.538315199865220251e-01 3.990320977278534742e-01 7.626843017135810365e-01 1.623852509330939720e-01 4.482081314345378042e-01 4.216199503857900877e-01 3.754611869163148596e-01 6.576131149185083791e-01 5.110274096484745954e-02 1.280000000000000000e+02 -1.116999999999999993e+01
7.974036861647653129e-01 2.088943351341312760e-01 3.672157936894929753e-01 3.836291951941803863e-02 1.991187096741315471e-02 2.719852843016020705e-01 9.252374668904957966e-01 8.203134321550162866e-01 3.999693773897597393e-02 7.366878468475536179e-01 9.363259498184026697e-01 3.254680946219351001e-01 2.820030025341288549e-01 9.165912160998095359e-01 5.547582588204521548e-01 4.118633484972956255e-02 5.767843192721168188e-01 8.058967910859330397e-01 3.933269471763822106e-02 4.103468205285062398e-01 6.783616687458818850e-01 9.527799059218785560e-01 3.880545001249601222e-01 4.175409305491766809e-01 3.597425712892839966e-01 5.595502463285514372e-01 9.597359354782267760e-01 1.706606034036823871e-01 4.640126910889033618e-01 6.522266451141995880e-01 5.427103819643114280e-01 1.874692952120950995e-01 1.280000000000000000e+02 -1.451666666666666572e+01
9.631600605217974786e-01 5.775245184194551795e-01 5.542202998801660785e-01 3.288752146376044405e-01 8.269858628019233215e-01 7.108104566023538684e-01 4.741490552555317761e-02 2.016064943269225695e-01 4.507296422056150109e-01 3.719172239656190482e-01 8.941098881043634261e-01 4.979397244398152678e-01 9.996268829186405469e-01 5.365357993096251388e-01 9.207189083974459676e-01 6.120338637524895820e-01 6.878154892080495797e-01 9.745881899606989585e-02 7.404384454238603641e-02 5.389426122281187892e-01 6.933714399753838631e-01 3.258562511715824839e-02 9.707809027690599279e-01 8.393959662740377858e-01 6.040572968590225411e-01 5.850281062468187798e-01 6.242023380668951793e-01 2.057310425514385574e-02 7.370018373790987454e-01 4.251940481798132110e-01 5.235106407158460762e-01 2.079328121444190547e-01 1.280000000000000000e+02 -9.226666666666666572e+00
3.087034056579238822e-02 2.872877560090278740e-02 8.653284191029075867e-01 5.101779257322749395e-01 9.714207587089285223e-01 7.544634620786730972e-01 1.618899683982257809e-01 9.782091504985472585e-02 5.083786472892806163e-01 8.614113313099289737e-01 2.679388875091015532e-01 2.072390011326689097e-01 9.265875924206051772e-01 7.823679907658038779e-01 3.982009472825043250e-01 1.673217999264210998e-01 9.867401361317509334e-01 6.952082185244291557e-01 1.880341626258696663e-01 5.942563621059696599e-01 5.696286996053845364e-01 6.617476681906518943e-01 5.240573447526793993e-01 3.039831808173886277e-02 6.283174260201278560e-01 8.651321221814183282e-01 8.163472485540137491e-01 7.153570007378906581e-01 9.303968070945785040e-01 7.310350721521610695e-02 4.641959863672019959e-01 7.757245831001920999e-01 1.280000000000000000e+02 -1.036666666666666714e+01
4.764503527984788600e-01 9.434625684076954899e-01 9.510567757770663766e-01 8.844578570197746403e-01 6.126021285304638075e-01 1.916381728693959952e-01 2.499167786318880480e-01 4.156577309560869904e-01 2.831685774052919435e-01 4.440165501352817401e-01 1.405470425991337934e-03 3.412915467332881536e-01 1.412184016351026583e-01 1.927290415515472977e-01 5.142436297848173021e-01 1.340750370422004178e-01 3.599476987385586968e-01 5.342156652031638808e-01 4.798248956649088237e-01 8.497281605670334304e-02 3.421430159577896202e-01 4.026114737921336617e-02 5.408771832531377166e-01 1.568282877060238889e-01 7.223675896523726880e-01 1.873145900980404677e-01 9.431522033800144866e-01 5.039273549098505223e-01 7.204968374209314019e-01 3.923281327188873346e-01 7.731374731434627057e-01 2.842585016229235984e-01 1.280000000000000000e+02 -1.217999999999999972e+01
1.426222035981760672e-01 9.107293232955424589e-01 8.575162235967076496e-02 1.420913427527480122e-01 4.084803527691068803e-01 2.146784028498989472e-02 5.872077383095184455e-01 2.407953273527357607e-01 3.957333458492031664e-01 7.375699114425514624e-01 4.588824055956782222e-01 9.761929492998767666e-01 1.840380727689879814e-01 5.919749100153690741e-02 7.869390922084354423e-02 8.706526442451748560e-01 8.496897922317011576e-01 9.371174017201279183e-01 5.012703536480948019e-01 6.648703629328114317e-01 4.445124258623669444e-01 8.272181602681668577e-01 2.425817592395371203e-01 6.731297749681988130e-01 4.577664489410222803e-02 2.369853330121043655e-01 2.519708584930979711e-01 6.452530787344635810e-01 6.432971911549746347e-01 8.849664156338398202e-01 3.553868716777011660e-01 5.740023974028722886e-01 1.280000000000000000e+02 -1.020666666666666522e+01
7.117445925068711654e-01 7.149799319906910977e-01 6.260389977439805298e-01 9.058725571253682940e-01 5.707586153596052592e-01 6.484032665740800949e-01 4.147940200372667863e-01 6.003708090118342611e-01 6.612586554982764486e-01 4.062959552844211952e-01 1.171564640087661147e-01 6.188608050814712325e-01 3.538111109283441635e-01 4.775801416112860354e-01 2.988370410780637476e-01 2.155483107435836043e-01 6.686816511856124023e-01 9.965090809786660841e-01 6.491606659503577070e-01 8.090583029287906625e-01 5.019131553246904132e-02 9.912688572000777354e-01 9.183224254166925116e-01 9.702240401605439768e-01 2.269755248598592789e-01 8.497518616628524368e-01 9.225486635475894648e-01 2.973816788069763573e-01 5.891145832907237478e-01 6.353312823807475418e-01 5.643203467248755212e-01 2.984884254241708668e-01 1.280000000000000000e+02 -1.410666666666666735e+01
9.770489158995802059e-01 8.940976327494291054e-01 8.302307100645134330e-01 6.033580370372655377e-01 1.552839872778448982e-01 5.323796114399413915e-01 2.885496731632908873e-01 1.676254457099307649e-01 1.523954496584773999e-01 6.732805487773806385e-01 8.361741393347881246e-01 8.595457367141427774e-02 8.628097404122830882e-01 8.655729450573447503e-02 5.436530958484501325e-02 5.392329768179170424e-01 9.693684029101568012e-01 6.555320560837513133e-01 6.480774469431971330e-01 2.816466113710127880e-02 3.750015739436312057e-01 6.871889250059226573e-01 7.859821388458447800e-01 5.103240164121516376e-01 2.392560901474725388e-01 7.235406693152115487e-01 3.324457829373105022e-02 1.060052670255479286e-02 1.079364957860068502e-01 1.311635402501095393e-01 1.620340839570994507e-01 4.908909884112294675e-01 1.280000000000000000e+02 -1.000999999999999979e+01
3.837932107409603999e-01 6.119278119345711309e-01 7.239702591572738655e-01 9.146525176009558944e-01 3.219124712878402295e-01 4.806717823642708137e-02 5.715194209005685089e-01 6.452221310819968858e-01 9.158383587021239336e-01 1.144077582024434769e-01 3.512818897725495382e-01 8.348588263943360621e-01 9.579236282644157940e-01 4.394150637589990804e-01 4.783566160685974178e-01 2.590493746612161918e-01 6.216841439222273724e-01 3.828297171423311052e-01 2.215915744585487401e-01 8.717210232599112985e-01 1.037794630038823690e-01 6.286117407733864404e-01 6.729947799184347046e-01 6.903107287334628861e-01 5.680794590065744165e-01 3.232757149664905461e-02 5.488430509012334202e-01 2.778401755211324931e-01 8.055966039001574153e-01 7.765122365678134297e-01 2.855164506907566513e-01 3.461441302545235077e-01 1.280000000000000000e+02 -1.287333333333333307e+01
5.142135713917879158e-01 9.770104640388650452e-01 1.670243871289153192e-01 5.952987943667192861e-01 7.964628142909122577e-01 1.531906825031855990e-01 7.460529775068489577e-01 9.481684913392105507e-01 1.870201404365442466e-01 2.991864031091354126e-01 9.123961670985805128e-01 3.797803998196378483e-01 2.995677632054147832e-01 5.700135025472022887e-01 5.724688850986507302e-03 1.452444319175493770e-01 7.882317441982142903e-01 1.794464054228040450e-01 9.241493495226799082e-01 9.994490463771545929e-01 4.148217225649831197e-01 6.484331536489440495e-01 9.390271921779380637e-01 8.530397482573065515e-01 9.657504682113330352e-01 6.543399555486469898e-01 2.131410762511257717e-01 9.476316292083297732e-01 8.453633327891511007e-01 9.124815977977784875e-01 2.095268241078662719e-01 9.136710016916439747e-02 1.280000000000000000e+02 -1.509999999999999964e+01
3.649443698758988996e-01 6.742043151886965013e-01 3.404224477438220209e-01 2.477492572910472424e-01 2.049104399421507461e-01 3.069885145215719424e-01 8.466076651821133892e-01 5.672200276021431842e-01 6.377452508144583476e-02 5.731763578380419943e-01 6.218743773052571450e-02 6.557175082269351973e-01 9.774302336709114192e-01 9.753513975154975979e-01 4.567288424712964007e-02 8.130992092749524114e-02 7.493089750192242215e-01 2.810087146382263257e-03 7.996612184136369095e-01 2.380631507163388783e-01 2.930978853182891752e-01 4.570834110861907162e-01 5.639897147865080562e-01 5.411751724952723608e-01 1.074801477029335289e-01 4.479574492341997088e-02 7.865998854174426347e-01 3.173674127395060829e-01 9.690907182598853531e-01 2.541980178032742788e-01 2.358378505953686588e-01 7.702038282574875661e-01 1.280000000000000000e+02 -1.560666666666666380e+01
8.571298068153134775e-01 8.180239372560502709e-01 3.026510040765870158e-01 2.847456015807514618e-01 7.632322080600985048e-01 1.106262682221928195e-01 4.284616429193034426e-01 9.289509409446305988e-01 8.288980075593638253e-01 3.207367226951490236e-01 7.655425375603560623e-01 7.151647518321699870e-01 1.792654339817563447e-02 7.307559132735514940e-01 9.006930459704124425e-01 5.918194297773385903e-01 4.448956950970360813e-01 8.768977138034098617e-01 6.302778774947175311e-01 6.345170804497333172e-01 9.482162281705919238e-01 9.588641541002333735e-02 3.822391529938151677e-01 2.199219436136300998e-01 5.417861041405879208e-01 7.189857065948934700e-01 1.420649524870394309e-01 2.055534216579595341e-01 8.651475387009047724e-01 8.279461073056290088e-01 4.094335501313317582e-01 4.679153694355684401e-01 1.280000000000000000e+02 -1.313333333333333286e+01
6.963538405222606809e-01 5.117881812978071487e-02 3.730969464825299453e-01 7.396338046720719595e-01 7.207610170492794177e-01 6.768541738812886566e-01 9.846819739197474330e-01 4.407886414489996518e-01 7.732333892713098011e-01 2.821697361030753859e-01 2.893132823570122580e-01 4.812862663995464141e-01 6.568783825658701669e-01 9.582797285768708262e-01 9.831301082128168778e-01 3.499689373222513722e-01 6.506026181803753472e-02 4.213292579820231420e-01 1.222474330011736887e-01 1.369255564988660356e-01 1.800653636061397556e-01 5.563225597982903725e-01 7.157271668639443307e-01 7.605623618508902672e-02 8.201745871123128362e-02 8.393210116277776134e-01 6.032027328536609251e-02 1.069005559088493096e-01 4.746914772657855330e-01 6.721319182769343037e-01 5.580442839746075911e-01 6.220823340639876076e-01 1.280000000000000000e+02 -1.189666666666666650e+01
3.255562885427667474e-01 4.154615020174291518e-01 5.957076520969161182e-01 4.674654221402828602e-01 5.238913940186945561e-01 6.662671997724483042e-01 1.408044393770706559e-01 8.421569842386836813e-01 4.711590027408616987e-01 1.666701158186531251e-01 7.065561927880514848e-01 7.313323801513430533e-01 9.403011103883729405e-01 7.411117999791735356e-01 8.441327705303247608e-01 2.697034556951178330e-01 4.092371080498345970e-01 3.262235778753037191e-02 7.100989585813719529e-01 1.518245908925990872e-01 4.303321258295966234e-01 7.853371275069168655e-01 2.680141958163050411e-02 2.766724818941277975e-01 9.602918822858904635e-01 4.086509894079771721e-01 1.911319731661690335e-01 2.578966430275638211e-01 8.359466213542094959e-01 8.570842347580684972e-01 2.251114282908140141e-01 1.143004675059749592e-01 1.280000000000000000e+02 -1.419333333333333336e+01
2.898169631252180412e-01 4.557299707576763503e-01 1.877094245903198622e-01 6.564236891717676325e-01 2.127824380849057673e-01 8.674712166928008061e-01 3.516020656518508702e-01 1.574576248882203489e-01 9.565478408325470694e-01 9.757131382873546199e-01 1.254485035278584126e-01 8.789468338299470940e-01 9.703641767638704341e-02 9.052744471140181659e-01 4.100811441571897698e-01 4.719766887188499016e-01 8.061740471702908417e-01 1.598780476097463321e-01 7.769206407844293505e-01 6.798688981950661292e-01 2.001083663616723685e-01 9.114287617059931845e-01 9.053559167874420943e-01 6.385383812205540632e-01 7.772790491510008781e-01 2.177024058544693164e-01 3.132157216926413912e-01 6.678927106531776792e-01 9.120932972046870424e-02 7.513477618625128418e-01 7.501939079077114547e-01 4.927720367351126063e-01 1.280000000000000000e+02 -1.366999999999999993e+01
2.433128654822614700e-01 1.613572959859432276e-01 7.385003418018025734e-01 3.757697318122791841e-01 2.813799751443606390e-01 4.186762791465121758e-01 2.443775298843667981e-02 3.122466845906058941e-01 5.157554920191022019e-01 2.658431714223401521e-01 9.995851130677085861e-01 4.418222714678428642e-01 4.466435517965173241e-01 6.760108410132015244e-01 1.570655775813974420e-01 1.872295043900369105e-01 5.302494792408581903e-01 7.699424837543551448e-01 9.993369430425915745e-01 3.668919420497809836e-01 2.372527699417436298e-01 5.329509538474809238e-01 6.480376006911093834e-01 9.867559081502325080e-01 8.287583468722762303e-01 3.310557269355941523e-01 3.882239914223497568e-01 5.523495750000572135e-01 7.189648413458219478e-01 8.174730243735159885e-01 9.366330592468573302e-02 5.346839207404562311e-01 1.280000000000000000e+02 -1.664666666666666472e+01
8.831449564362949811e-01 3.499899260358423914e-01 2.832159168948946704e-01 9.345159981836469454e-01 5.693625210524327906e-02 4.411694126899896595e-01 5.196027193407375400e-01 4.652622554495141061e-01 3.507599425483762801e-01 8.390450688605952667e-01 3.747653830389699459e-01 6.916943067838383641e-01 5.202471674109403477e-01 6.064952714159822511e-01 2.672132078377382203e-01 5.483970834290244900e-01 6.573851904572214355e-01 7.262660157683291651e-01 3.350703008479593015e-01 5.083311158775560834e-01 5.726820428074429203e-02 3.188781629054713851e-01 6.854903583359930330e-01 9.895586621195470722e-02 2.907602274202523152e-01 6.733157110590466399e-01 7.989008863621765988e-01 3.597138748507809625e-02 2.585914724858157654e-01 3.154587174877666045e-01 3.392333683790855203e-01 8.432089246874369115e-01 1.280000000000000000e+02 -1.429333333333333123e+01
8.793892795290891851e-02 6.660692807521562120e-01 1.401642583449635437e-01 2.390041117522518077e-01 6.572252248919113748e-01 1.338165372513434037e-01 2.274701337743870733e-01 4.794280197319517600e-01 9.800568229436204537e-02 1.286151810707845400e-01 5.183502124052510179e-02 5.675265506986935105e-01 7.422270561835965230e-01 1.982990352446671600e-02 2.827847125126898842e-01 2.074762961517231108e-01 2.749155668272916242e-01 3.879502587720543572e-01 1.295404812495946079e-01 8.577686050223096714e-01 7.994201299946059880e-01 6.719852342825071156e-01 1.672977511021868369e-01 9.331088666752345162e-01 2.550042852721407516e-01 4.964231455797962766e-01 1.094519677632152937e-01 3.440235219016247181e-01 5.218200890967273908e-01 4.501509775314359585e-01 7.116230049637336519e-01 9.824912874597524493e-01 1.280000000000000000e+02 -1.321333333333333293e+01
4.860923737723970087e-03 3.711873059278132381e-01 1.560699652274759874e-01 5.443488429947286322e-01 3.484424973443274176e-01 9.450115103360626767e-01 4.822517784556946685e-01 9.381946430434502382e-01 1.735364431222491122e-01 2.152442226594092622e-01 6.043929004755010936e-01 2.221356708224664356e-01 3.707371095280264650e-01 3.548509894680801358e-01 3.170932298222906009e-01 6.684412791084336225e-02 3.699531894627944850e-01 8.521155980605739089e-01 8.725883768529506535e-01 8.044082060734314421e-01 7.710864027989234870e-01 3.367316858016956016e-01 8.440200518569174193e-01 1.858182863473492596e-01 3.703920684406904473e-01 5.151608503314911713e-01 6.373848040491786326e-01 6.591411418060552085e-01 9.865030669237601080e-01 3.293455129886693755e-01 9.188532535015514480e-01 3.498149142599676215e-02 1.280000000000000000e+02 -1.156000000000000050e+01
1.866131312660327390e-01 1.022746525159715647e-01 8.963167492831899397e-01 4.936533570851387442e-01 9.908765875371191578e-01 4.992772895540517619e-01 8.246064861170663285e-01 8.946380128494464401e-01 6.941074119135320908e-01 6.509910461311870788e-01 2.122929041369267800e-01 1.355976561626370258e-01 2.330682584036159188e-01 2.869820777680843205e-01 3.404233566168281544e-01 6.413461399691304798e-01 3.112919061296924930e-02 4.084835295569987923e-01 6.923451720566475842e-01 1.721540252863323905e-02 6.023119857726739745e-01 6.109104015303429280e-01 6.248496422884830537e-01 5.059284602741381809e-01 9.120273983720098010e-02 2.934916834509036510e-01 4.160756245747820881e-01 2.428873237667177887e-01 9.564982005641764484e-01 5.052594219825211619e-01 5.885316614504444710e-02 9.743342477373380106e-01 1.280000000000000000e+02 -1.059666666666666757e+01
4.986548659511319537e-01 4.216461830256109100e-01 4.088538398802553653e-01 9.727167791802768804e-01 2.310870681925284442e-01 6.875863251920905084e-02 3.283128587575515622e-01 5.795016361814631090e-01 6.444243279576368222e-01 9.945472823030792053e-01 1.553824788319124461e-01 5.585556967426154040e-01 7.349066726253024040e-01 9.846706548755956856e-01 7.611064053323471912e-01 8.777732159247764177e-01 2.387483436651942348e-01 2.470978721097575326e-01 9.534555174963803975e-03 5.223528974384910040e-01 7.059062362661756573e-01 1.482773013697995246e-01 8.253265304252366263e-01 4.478521032970622096e-01 9.976949421034055909e-01 9.108601041812185439e-01 3.839383211839048626e-01 9.187791214124977346e-01 6.015854450088624628e-01 3.690972469991455479e-02 1.111148067478391205e-01 4.116329735590699146e-01 1.280000000000000000e+02 -1.570333333333333314e+01
9.328207206798069251e-01 3.983632143999884523e-01 7.598337586253975928e-01 4.548424504188546269e-01 1.328908035371182961e-01 3.895820694680035556e-01 8.064923593948807312e-01 6.879615323344836497e-01 2.325102614186061734e-01 8.431435720779033582e-01 7.209390272246655185e-01 1.039982488455781090e-01 4.374869510855326077e-02 8.561499874315098291e-01 6.342289059635138893e-01 3.513410659292451332e-01 5.029857863438711441e-01 7.834827704711265772e-01 5.834813881078568798e-01 6.425982367115046223e-02 2.799609224801076213e-01 6.794439825605698424e-02 1.481525593593761847e-01 7.658987738626810149e-01 1.008091318033584906e-02 7.739285674091903600e-01 3.323101729339706933e-01 5.753945391763897188e-01 1.798859481807259797e-01 4.605622186297387288e-01 2.515924069115623718e-01 5.496115840834083777e-01 1.280000000000000000e+02 -1.350666666666666771e+01
7.516064527458933275e-01 1.411763174098311924e-01 7.945187456630409262e-01 4.202880617089155835e-01 8.775013085342950880e-01 4.658361333209062316e-01 8.843473181128210792e-01 9.941961615479447678e-01 9.103904605921778748e-01 3.475800787208325193e-01 9.726069705110229613e-01 2.315847139941597244e-02 6.004707157735700296e-01 7.994970179794962384e-01 2.166072552878190241e-02 4.492691013475905160e-01 7.338598123592557920e-01 9.046654864132189777e-01 3.185786383847898917e-01 7.320358013281724752e-01 1.572761997792111455e-01 4.265513707995666204e-01 1.932466409448490297e-01 2.285552135135726637e-01 7.030969257609448464e-01 3.855947377961302380e-01 7.171942513673800201e-01 4.787629735213410620e-01 3.586893950787486962e-02 8.014427459639166251e-01 3.108366316556621101e-02 6.936910426007067976e-01 1.280000000000000000e+02 -1.267666666666666764e+01
8.961220308683212066e-01 2.302044814003543494e-01 7.808580961081638128e-01 3.452658675278143519e-01 5.340354991190082723e-01 8.159658425040658969e-01 1.976802800408440364e-01 4.531879003368753656e-02 2.163485724634383045e-01 1.627950606945870182e-02 4.372177807660037607e-01 3.917441423346899043e-01 7.003282401577265448e-01 3.813830214567753285e-01 6.681492841406392325e-01 9.218565758725216774e-02 3.200481827097864107e-01 8.922219307515777409e-01 4.624052310205601923e-01 2.712840521471709954e-01 9.982514824479792326e-01 3.031757514111845797e-01 2.473168577249583722e-01 9.613435743355365215e-01 6.124147282660637875e-02 1.587896386621512057e-01 4.531838119960899802e-01 3.922546243906592789e-01 2.817950378964546587e-01 1.154971058863612510e-01 8.421474737590822768e-01 5.397245467347077524e-02 1.280000000000000000e+02 -9.660000000000001918e+00
6.078625759861870648e-02 7.525096239911059914e-01 4.710874095423872587e-01 7.570220938308950265e-01 6.955947414423530040e-01 9.811214834302308674e-01 7.579505525594691928e-01 2.975873109820783013e-01 4.365819871494521776e-01 2.005462776167296901e-01 6.918115045636455962e-01 3.553189565219497803e-01 5.315024174860715211e-01 9.408839212156788756e-01 5.763535709672236163e-01 9.337941410122859720e-01 7.029854590836819295e-01 5.801488079550197741e-01 8.412076391938052566e-01 3.382745895594168606e-01 8.356603795532866474e-01 6.116062873872866665e-03 2.994966049694606780e-01 7.276712963176517057e-01 8.964834511484387480e-01 6.890929266856967716e-01 4.262445338495414737e-01 6.025229760086594499e-01 2.646316293661457597e-01 5.437583147952340656e-01 3.777026200441148118e-01 6.548104011532988045e-01 1.280000000000000000e+02 -1.348666666666666636e+01
6.635033417392857125e-01 9.638367405288954526e-01 4.418349306435170321e-01 2.647759689802522409e-01 5.929768067801586273e-01 6.875596648435533531e-01 1.780952614957660440e-01 8.689225833502585150e-01 3.234826217056174236e-01 6.302733303634114881e-01 3.989493537942201962e-01 2.984278239319030357e-01 6.472198513668105113e-02 1.201745486392082896e-01 1.197586846189480220e-01 7.882837231714321380e-01 1.453688492578810443e-01 6.916045618257669891e-02 5.344497158953691596e-01 7.618598749186834551e-01 1.116414913009862453e-01 9.686923642450271377e-01 2.242888866497967648e-01 7.486684013412454597e-01 8.651975984312857415e-01 3.930668508301938813e-01 4.719590170061112311e-02 3.840214684195071837e-01 5.440664453584046489e-01 1.552796391867468651e-01 8.912360898334583670e-01 2.176251622625682836e-01 1.280000000000000000e+02 -1.176333333333333364e+01
8.063208885134721948e-02 4.971502973814208026e-01 4.215728032098448042e-01 1.386310303890944395e-01 8.670503246085368154e-01 3.734754833795856377e-01 3.913515708748063759e-01 9.766797557663559060e-01 1.392570146995458502e-01 3.218142810038481655e-02 3.206465831697592472e-01 1.460800165668361683e-01 1.083837275990751081e-01 3.127886501755662296e-01 1.826720786003950270e-01 3.898226499710341075e-01 5.155384270936835822e-01 6.191985525843087812e-01 4.032196434214127545e-01 5.583387942119072411e-01 1.605010790662416420e-01 7.572346263130251831e-01 6.044295300682361177e-02 6.618745129942774641e-01 6.678479437755630022e-01 6.094510145435484867e-03 2.929482434297310811e-01 4.588923173672698197e-01 1.702602143496800557e-01 5.242273377946412571e-01 8.655717350928855414e-01 2.341245546421346913e-01 1.280000000000000000e+02 -1.140000000000000036e+01
4.251633582136700173e-01 5.471223195990178034e-01 5.964071435261403958e-02 9.978816681563322799e-01 8.431126422597166048e-01 6.071379659250832894e-01 8.599416196232185783e-01 7.120925902062232860e-01 7.153025866341174988e-01 3.683431541153699973e-01 5.091122149361664295e-01 5.386573217225846255e-01 6.316779904088828390e-01 1.749924282503850514e-01 8.013119992312076612e-01 3.215646470664447198e-01 5.518296281929691016e-01 4.990494778030216821e-02 2.758265959086782584e-02 3.792281827531998606e-01 3.325784435805860251e-01 8.154674788106470729e-01 8.065101439125029748e-01 6.294761495262527484e-01 3.267193848962834934e-01 2.065869916309487631e-01 9.680288692278150586e-01 4.341470587616515497e-01 5.616048316569866028e-01 9.847909782406653045e-01 4.848648908173932015e-01 7.897388730935053225e-01 1.280000000000000000e+02 -1.459999999999999964e+01
7.596499674414962655e-01 2.805344037415220537e-01 4.943260695950239536e-01 7.925761208773076660e-01 4.758776273572034032e-01 4.747770633085953706e-01 9.780268444679425244e-01 3.654520721828033447e-01 1.170197845392171726e-01 9.627520254048221870e-02 6.690660411572462163e-01 8.051548701475279568e-01 6.677278712863640164e-01 2.248732618211103929e-01 4.957690101910557368e-01 2.807433552267606380e-01 1.883716056206889309e-03 9.476435325708889579e-01 1.659196973842835543e-01 4.829540568517798338e-01 5.272631038496843336e-01 8.808085963830973864e-01 1.350746608836233820e-01 8.711068600380428295e-01 4.245314718979091295e-01 4.609874193646236740e-01 7.713037202028946160e-01 3.010919278652083309e-01 1.310738539059986829e-01 9.804324893087488224e-01 7.676297167267954746e-01 9.075683847663520432e-01 1.280000000000000000e+02 -1.244666666666666721e+01
9.183229704906008539e-01 7.727186595364037291e-01 8.179792738972126998e-01 8.545304724706368482e-01 5.597576013884146828e-01 9.529929176611913189e-01 6.058829377173595432e-02 8.042472632140685862e-01 8.690199334372787632e-02 8.208962205907373022e-01 7.408792754915602963e-01 2.857439904754530691e-01 7.959128474803813802e-01 9.994241121590451138e-02 8.157691148620368482e-01 8.141990358839279462e-01 4.628403437263973741e-01 1.508187988013335867e-01 5.251558543647680821e-01 4.640064976496234839e-01 6.270062786546801714e-01 3.688930115020512268e-01 7.374581210174155355e-02 9.278451294506890878e-01 1.944842395788733969e-01 4.349665325065959487e-01 7.706733343757454779e-02 5.147408614841522123e-01 5.026469662378942882e-01 9.104947093952305837e-01 9.750530572823769004e-01 3.309530925948303004e-01 1.280000000000000000e+02 -1.052999999999999936e+01
3.144650162694963558e-01 8.418219335075720344e-02 2.606406219227276888e-01 3.645659846487200317e-01 3.536439956789932948e-01 8.391076892428716016e-01 5.045387879412417398e-01 4.213407522346939160e-01 4.761885573276997130e-01 6.105781610769737133e-01 1.867817405336510417e-01 6.060727190711906465e-01 4.110832304929319947e-01 5.470270954327235424e-01 7.834061091657259501e-01 7.610525542944810429e-01 1.605604854386858682e-01 9.233884731440219484e-01 8.870091613516152274e-01 3.121338142729187526e-01 8.748306940127319464e-01 8.730214087950955992e-01 9.533644235137108680e-01 9.078749030852608648e-01 5.146085893920703258e-01 3.647263495397309319e-01 8.280757748194433887e-01 7.599075277471283030e-02 4.408032669660422176e-01 5.840238134650489465e-01 3.869691349031748606e-01 1.435303427110387053e-01 1.280000000000000000e+02 -1.336333333333333506e+01
5.909836149829276186e-01 3.618177060220495456e-01 3.198291847607871441e-01 4.822509905285146670e-01 4.566450321675464830e-01 9.226418013348922642e-01 9.073418300015427818e-01 3.379557872451071643e-01 5.992389778499368491e-01 7.876310029565646298e-01 5.056080335367977296e-01 8.560607020833607139e-01 8.261758047964515295e-02 7.596990452504585045e-01 7.073082336913797397e-01 9.608630575330222579e-01 8.118481415966382064e-01 4.738626388231341746e-01 9.433514719803121062e-01 1.951469102429681246e-01 7.863996500856570426e-01 1.075427592607564597e-01 8.797377044749834507e-01 4.756383108817752725e-01 4.670876193959904166e-01 9.812130155055717173e-01 8.301832066625299336e-03 9.318560245868279246e-01 3.092898456762034898e-01 3.497724979566645964e-01 4.965455208103157492e-02 3.707413933805610018e-01 1.280000000000000000e+02 -1.458999999999999808e+01
3.910851199314018811e-01 9.936428898178026881e-01 1.170370898056991293e-01 7.001969954744824420e-01 8.156463078232940866e-02 8.321974005742702185e-02 6.910646259381834078e-01 6.820413259166936415e-01 3.776346852080128547e-01 6.949286831253879138e-01 2.621905186458337034e-02 2.799992064491237387e-01 7.599103663265459607e-01 1.992782779973097662e-01 2.602410516684935948e-01 7.309905422133948782e-01 8.812687072917722020e-01 2.704704984548635394e-01 2.461483652851317039e-01 6.251683495580889760e-01 5.904155054203580333e-01 9.187695911121003256e-01 6.518794441371543735e-01 4.663946374583100574e-01 7.476502542740357526e-01 6.400229721075951783e-01 2.294180973279871527e-01 5.957977024610289218e-01 8.988549137392313204e-01 1.126800205594691816e-02 8.645789529844306875e-02 1.738497013200680508e-01 1.280000000000000000e+02 -1.034333333333333371e+01
6.444606114147723996e-01 8.252276231479276358e-01 9.317562006927690987e-01 8.165031048724490370e-01 1.922405642856993557e-01 5.660866119709030420e-01 4.662733299308450263e-01 5.948801731302798962e-02 3.015187036541535082e-01 4.019314253876717369e-01 2.441967302956957742e-01 4.677431112921191514e-01 7.749897018790491421e-01 4.946037295215932605e-01 9.655389738014822365e-01 9.084229969086196066e-01 6.329948479684626150e-01 8.118869735238135599e-01 3.767587741130327128e-01 6.851253297567183598e-01 4.961704109771364890e-01 2.004570868721098353e-01 3.543056523783481571e-01 3.639298092036022947e-01 9.349536396061511878e-01 8.780692237159583302e-02 6.041980558260755529e-01 5.386563677680620277e-01 2.342800518404263566e-01 7.216307051158203922e-01 9.845926005047220819e-01 9.491724382393209591e-01 1.280000000000000000e+02 -1.498333333333333428e+01
7.814303187906860293e-01 9.123134707315884162e-01 4.801399798270795105e-01 8.304488520320372213e-01 4.899496899165673575e-02 6.299674330952210743e-01 9.557396939177412731e-01 5.584329297899416344e-01 4.076835843296526818e-01 1.905312909503282803e-01 8.203703588430702465e-02 1.186903781047832923e-01 4.264259073883564510e-01 4.102232172175616642e-01 9.566805446445343364e-01 6.792367572873215797e-01 3.455481885242452922e-01 6.352719073327501853e-01 3.052724073635417756e-01 9.245928775784175713e-01 6.605636747324783453e-01 8.563395670543201277e-01 8.194162339392280225e-01 3.984461284721172447e-01 6.574753186914359393e-01 2.666015276687643265e-01 5.095811861990767744e-01 7.935020784388442383e-01 3.780604902388839950e-01 2.255750236547296728e-01 4.947395223794814889e-01 6.134378294744075033e-01 1.280000000000000000e+02 -1.158333333333333393e+01
9.996316778723961516e-01 2.220135170441421002e-01 9.185855743450327404e-01 1.118182405015782643e-01 9.545066100126888831e-01 9.957684054169134713e-01 5.310761929535841031e-01 3.298176369188105528e-01 5.871864727009384888e-01 4.237255803849134250e-01 3.102502060238651049e-01 1.683455569586083944e-01 3.434974320608892295e-01 2.478635234272044408e-01 2.430949037909375665e-01 1.208063185036090115e-01 9.591833817723676159e-01 7.081436645382716000e-01 7.555951328071331963e-01 2.925766907196110100e-01 2.662966279305159500e-02 5.183666535503653749e-01 6.051885282734184024e-01 5.751313088049839761e-01 3.133657085460457292e-01 7.483908196233328702e-01 5.061372031373921887e-01 8.707504805980058604e-01 5.357084230539607139e-01 6.262581103503344071e-01 6.136566513682538693e-01 1.375186306607627806e-01 1.280000000000000000e+02 -1.459666666666666579e+01
1.684790698198213033e-01 2.951779322290873364e-01 6.779006441363465418e-01 6.468619392854433325e-01 1.123383422165388501e-01 9.011937468961636055e-01 8.792768767035419319e-02 7.295725585579553307e-01 5.489717635077120406e-01 2.453347491654359058e-01 7.759381131292240052e-01 5.215485406010523795e-01 5.462522713686184250e-01 8.412782623647587776e-01 9.467259739470926805e-01 4.299973102264427194e-01 9.462176861065321187e-01 2.120211188045501016e-01 4.252368869106189497e-01 1.217702458450081737e-01 2.529338371240369421e-01 1.595293297014397371e-01 4.392972723302308036e-01 8.777452382728317959e-01 7.620974514171690029e-01 1.388011068668683345e-01 8.701743066367004786e-01 7.016402742541506532e-01 1.503343149595549877e-01 2.661762476849339754e-01 4.418004804802738161e-01 7.365949306845879230e-01 1.280000000000000000e+02 -1.105333333333333279e+01
5.677625972885947947e-01 7.353832164176413722e-01 5.988990433904094468e-01 1.582714267986808920e-01 3.131376524664316596e-01 2.833475363001349279e-01 4.344354559348295036e-03 7.526456138222545889e-01 2.694304925173847676e-01 4.886613911692826440e-01 4.867787862713617297e-01 9.836237515479444582e-01 7.037005799512002779e-01 5.109940149228301420e-01 3.717872853682275269e-01 4.830318996813230403e-01 7.571313604739302594e-01 5.010540522055532131e-01 5.486996051983915601e-01 2.464980063547696221e-01 8.524613144381729679e-01 4.443153125267043091e-01 5.469906070611763038e-01 6.081644329543355321e-01 5.474790876861740374e-01 6.178423097483787263e-01 9.178262355488657487e-02 1.870405172709423969e-01 9.237465332262767559e-01 6.886848190786296620e-01 6.887630203109217364e-01 7.499638171900662176e-01 1.280000000000000000e+02 -1.329333333333333123e+01
8.319846719651768918e-01 4.680017184523905249e-01 8.492600890457553398e-01 7.582752932829818493e-02 6.390215621299832893e-01 5.222803194440188701e-01 7.155147075476459007e-01 3.977983832151080756e-01 2.582193795244991930e-01 4.523485314831587195e-02 7.961593478615153208e-01 7.567786017015241118e-01 7.413629876896662627e-03 1.624100701629655266e-02 1.954613042902570430e-01 6.956294588012926772e-01 4.745237933628618232e-01 3.224526822343527499e-01 2.447908235422775469e-01 2.267236740502622805e-01 3.048201221931697291e-01 2.948409861449903802e-01 2.659376673546333114e-01 3.408644362775855585e-01 4.870538756795760871e-01 8.150774489132014411e-01 4.667860431355833062e-01 1.522930164647868234e-01 1.941850757592041843e-01 9.436389109777787443e-01 8.187311601441391584e-01 7.160963453148753155e-01 1.280000000000000000e+02 -1.102000000000000135e+01
3.339058420951572792e-01 8.692259903238231944e-01 5.705836757233948564e-01 7.246628179634858613e-01 8.850234258027610268e-02 3.420283160110568765e-01 6.376748342800485636e-01 1.230566942280022086e-01 7.238437915783949572e-01 9.479539328893965555e-01 5.584629054454868236e-01 4.128764899976202218e-01 4.032367873035138106e-01 2.667361669364349819e-01 4.472668949536806049e-01 6.314668871152125940e-01 9.130760233883454813e-01 4.482933524929355595e-01 9.406386862146833006e-02 8.950623908620548574e-01 7.676610516236494035e-03 7.036990984962069318e-01 9.837594848641051382e-01 3.258803431726211008e-01 8.851731420109862913e-01 8.014142537266276678e-01 7.341081617688298699e-01 3.547227537607257619e-01 2.122256970984313373e-01 4.765223673692907114e-01 1.410288506285675425e-01 8.837516503470774776e-01 1.280000000000000000e+02 -1.251666666666666572e+01
2.165645970845366530e-01 1.088432088665702568e-01 9.730902280033423279e-01 7.189641187041968529e-01 7.383324488723175261e-01 7.962324768027670974e-01 7.275396016446851188e-01 2.379008430727371989e-02 3.350015970045858854e-02 2.576705220224622117e-01 6.636209861914666996e-01 9.218150156505464654e-01 3.203499431005289999e-01 8.239086863117415227e-01 6.554180975243213414e-01 9.283011088691842660e-01 4.219520716445648856e-01 8.366042626727696607e-01 4.110168305246485465e-01 7.163766456329998533e-01 7.499291275313110239e-01 1.841045228316454674e-01 7.423771037628501546e-01 7.184178341687290636e-01 2.359664674881425950e-02 3.150101748001680191e-01 6.850166296952100442e-01 6.244197799178947683e-01 6.821285808355085356e-01 2.914479426887882085e-01 2.989876424504064323e-01 8.670289350650293159e-01 1.280000000000000000e+02 -1.146000000000000085e+01
6.204141686062184524e-01 6.382007416148541279e-02 6.656218353560152678e-01 1.012313196670965032e-01 9.076207591804618113e-01 8.583192223328499626e-01 6.562838398476265045e-01 1.039411286360363007e-02 9.923090234915661334e-01 7.985354186625954753e-01 5.935884247216365317e-01 9.505632413136571035e-01 2.136895296517271337e-01 6.967535570460402505e-01 7.477150337517078915e-01 2.380646887986067328e-01 7.556996667308109317e-02 3.001273924942105542e-01 3.602871209756898785e-01 3.241664926444013384e-01 8.839390180022119736e-01 7.485573275007744165e-01 1.903287548699323928e-01 3.697516212360945631e-01 4.955085685233222015e-01 6.084128238861535865e-01 5.796486891942328468e-01 9.655048353977258024e-01 3.353713419639069437e-01 1.605819759231549848e-01 4.267145113199674600e-01 8.035924569687452612e-02 1.280000000000000000e+02 -1.321666666666666679e+01
6.067486068336142013e-01 2.459695192785833207e-01 2.194953138025858008e-01 2.193224310759793183e-01 6.267228311571892974e-01 3.664350489272648614e-01 1.243296167884743592e-01 1.841607870836682592e-01 5.670351017581913844e-01 6.997020623250817251e-02 5.325502819344305472e-01 9.346499288600171873e-01 8.924976703824477609e-01 1.498854182650385669e-01 8.865087731831892137e-01 7.162537262295282092e-01 1.809849448511639536e-01 3.386554886304384282e-01 2.668171266588583168e-01 1.014882553734476889e-01 4.750350943283873084e-01 7.662701745010071230e-02 3.354661874227030660e-01 6.813156221691502035e-02 8.214017998136846632e-01 4.461921868943182212e-01 3.679200588725864418e-01 1.268144328675609167e-01 1.389956381022823366e-02 5.464449017069644698e-01 1.159826890235171604e-02 8.280022088475852415e-01 1.280000000000000000e+02 -1.140000000000000036e+01
8.733372113310479135e-01 6.894517518780330922e-01 7.009510801783871425e-01 2.928254520332750077e-02 1.055055853697513604e-02 2.305507922165258572e-01 2.347281885602474916e-01 3.852966972627305808e-01 8.155134741790490693e-01 9.397304752053300403e-01 4.540778130675264812e-01 7.845857663895493550e-01 8.534001779329453141e-01 4.322452694603474144e-01 5.929568075991108467e-01 9.878176581424703562e-01 2.270113433828012672e-01 9.801433529925206445e-01 1.944118599132164948e-01 8.893403123037485480e-01 3.914056699775736448e-01 9.328573728437115076e-01 3.208910006161367900e-01 1.709198507599249128e-01 1.293069551040319509e-01 8.847071714111387486e-01 8.957988122493047989e-01 8.416398426082259965e-01 7.821466399792628144e-01 5.975085514851269375e-01 9.392741751810492756e-01 6.317884302205222236e-01 1.280000000000000000e+02 -1.409666666666666579e+01
9.603907147602668282e-01 0.000000000000000000e+00 4.050891645964034837e-01 0.000000000000000000e+00 0.000000000000000000e+00 0.000000000000000000e+00 0.000000000000000000e+00 0.000000000000000000e+00 0.000000000000000000e+00 0.000000000000000000e+00 0.000000000000000000e+00 1.270970638898239746e-01 0.000000000000000000e+00 5.711258517384003135e-03 0.000000000000000000e+00 0.000000000000000000e+00 3.977500665328946305e-01 2.660508198041257044e-01 6.519184398282948933e-01 0.000000000000000000e+00 5.252495198125065601e-01 0.000000000000000000e+00 1.000000000000000000e+00 0.000000000000000000e+00 0.000000000000000000e+00 0.000000000000000000e+00 0.000000000000000000e+00 4.714897490578588424e-01 1.000000000000000000e+00 0.000000000000000000e+00 0.000000000000000000e+00 0.000000000000000000e+00 1.280000000000000000e+02 -1.501666666666666572e+01
0.000000000000000000e+00 0.000000000000000000e+00 0.000000000000000000e+00 0.000000000000000000e+00 0.000000000000000000e+00 2.565079293214801021e-02 0.000000000000000000e+00 0.000000000000000000e+00 0.000000000000000000e+00 0.000000000000000000e+00 0.000000000000000000e+00 0.000000000000000000e+00 0.000000000000000000e+00 0.000000000000000000e+00 0.000000000000000000e+00 0.000000000000000000e+00 1.000000000000000000e+00 0.000000000000000000e+00 1.000000000000000000e+00 0.000000000000000000e+00 0.000000000000000000e+00 0.000000000000000000e+00 0.000000000000000000e+00 7.008571551313941272e-01 4.487363416740282052e-01 0.000000000000000000e+00 0.000000000000000000e+00 0.000000000000000000e+00 6.877621054656111177e-01 4.109849123121512848e-01 0.000000000000000000e+00 0.000000000000000000e+00 1.280000000000000000e+02 -1.224666666666666792e+01
5.458596022851317509e-01 0.000000000000000000e+00 8.385946170500194752e-01 5.909563777606242256e-04 7.700307757159928768e-01 9.903668967170302651e-01 0.000000000000000000e+00 0.000000000000000000e+00 0.000000000000000000e+00 4.669268823647591529e-08 1.000000000000000000e+00 2.398060529855453038e-01 2.455889544084907949e-01 1.000000000000000000e+00 0.000000000000000000e+00 3.668478457148854899e-02 5.463809856650861940e-01 1.000000000000000000e+00 7.061017633189018428e-01 1.261428723848563305e-01 9.169113157299048356e-02 1.000000000000000000e+00 1.000000000000000000e+00 1.000000000000000000e+00 9.993848339634847644e-01 3.225121737468100158e-01 2.994207634612821092e-02 2.149080242111432726e-01 7.501818829523169141e-01 9.554478830217431051e-01 4.215684447326897150e-02 7.794527373924348135e-01 1.280000000000000000e+02 -1.436999999999999922e+01
0.000000000000000000e+00 1.000000000000000000e+00 8.338075763042680499e-01 1.171437397349188586e-01 0.000000000000000000e+00 1.607853398035318480e-03 0.000000000000000000e+00 0.000000000000000000e+00 1.069389515924019358e-07 0.000000000000000000e+00 8.923573425831391459e-01 0.000000000000000000e+00 0.000000000000000000e+00 9.995751885207925236e-01 0.000000000000000000e+00 0.000000000000000000e+00 0.000000000000000000e+00 9.816849926900035328e-01 0.000000000000000000e+00 9.566139019761569218e-01 0.000000000000000000e+00 0.000000000000000000e+00 1.399557188199566093e-01 1.000000000000000000e+00 9.969643325365414865e-01 0.000000000000000000e+00 0.000000000000000000e+00 9.515242087423958495e-01 1.000000000000000000e+00 0.000000000000000000e+00 0.000000000000000000e+00 9.949827891973714866e-01 1.280000000000000000e+02 -1.181666666666666465e+01
0.000000000000000000e+00 0.000000000000000000e+00 9.460951249917128880e-01 2.644637898549206390e-01 2.839540804888277536e-01 0.000000000000000000e+00 4.461190677317846548e-02 0.000000000000000000e+00 0.000000000000000000e+00 8.467546847337396043e-01 9.959485791939470811e-01 1.937347334336452041e-03 2.920683458185080461e-01 1.771705488895584657e-01 0.000000000000000000e+00 1.729314443900742959e-01 6.784402803218356759e-01 0.000000000000000000e+00 6.905764425190720202e-01 0.000000000000000000e+00 0.000000000000000000e+00 0.000000000000000000e+00 9.913585608975459262e-01 8.297437493565354982e-01 0.000000000000000000e+00 1.048676142923104238e-01 0.000000000000000000e+00 0.000000000000000000e+00 0.000000000000000000e+00 0.000000000000000000e+00 0.000000000000000000e+00 3.951285807505051650e-01 1.280000000000000000e+02 -1.063000000000000078e+01
0.000000000000000000e+00 0.000000000000000000e+00 0.000000000000000000e+00 0.000000000000000000e+00 0.000000000000000000e+00 0.000000000000000000e+00 0.000000000000000000e+00 7.133885844857448810e-02 0.000000000000000000e+00 0.000000000000000000e+00 0.000000000000000000e+00 0.000000000000000000e+00 7.943175468840060205e-01 2.422153354683360682e-01 0.000000000000000000e+00 0.000000000000000000e+00 0.000000000000000000e+00 0.000000000000000000e+00 7.751310766793730045e-02 0.000000000000000000e+00 0.000000000000000000e+00 0.000000000000000000e+00 0.000000000000000000e+00 0.000000000000000000e+00 9.326678619978695517e-01 0.000000000000000000e+00 0.000000000000000000e+00 0.000000000000000000e+00 0.000000000000000000e+00 4.432325019896291018e-02 0.000000000000000000e+00 1.099692442805717645e-02 1.280000000000000000e+02 -1.047666666666666480e+01
0.000000000000000000e+00 0.000000000000000000e+00 4.160177560676366904e-01 2.076436577096421043e-01 0.000000000000000000e+00 0.000000000000000000e+00 0.000000000000000000e+00 1.581088615221536708e-01 1.117204218796448907e-06 6.799035308395316723e-02 5.295788271164376670e-01 1.723352387106056802e-02 5.574195660292217749e-07 6.712453983177714134e-01 0.000000000000000000e+00 6.780270148043324729e-01 8.676222022477934892e-02 2.420813277587725021e-01 5.847994624973822386e-01 1.116428782145117158e-03 0.000000000000000000e+00 2.470760565714690271e-01 0.000000000000000000e+00 8.620607428833744201e-01 4.872797070452010437e-02 6.602719790321073812e-02 0.000000000000000000e+00 1.442980540138504020e-01 1.390536623357285506e-01 1.081533263621755302e-02 0.000000000000000000e+00 2.005900677238228388e-02 1.280000000000000000e+02 -1.309333333333333371e+01
0.000000000000000000e+00 0.000000000000000000e+00 0.000000000000000000e+00 0.000000000000000000e+00 0.000000000000000000e+00 0.000000000000000000e+00 6.665651437535319301e-02 0.000000000000000000e+00 1.350565019616678797e-01 1.000000000000000000e+00 0.000000000000000000e+00 0.000000000000000000e+00 3.308875581746491875e-03 0.000000000000000000e+00 0.000000000000000000e+00 0.000000000000000000e+00 2.169074743498964619e-01 7.975800723598830411e-01 0.000000000000000000e+00 0.000000000000000000e+00 0.000000000000000000e+00 0.000000000000000000e+00 9.266630853112859389e-01 5.905772594139475640e-01 0.000000000000000000e+00 0.000000000000000000e+00 4.426409897897754520e-01 9.904802337369109089e-03 9.433156286430696702e-02 8.902314702686137116e-01 7.578067065253269764e-03 1.355795162342033899e-01 1.280000000000000000e+02 -1.338666666666666849e+01
0.000000000000000000e+00 3.048496325632953363e-01 7.741822724108998743e-02 4.753092768640379551e-01 1.008761197610011762e-05 0.000000000000000000e+00 0.000000000000000000e+00 3.473164776008735941e-03 5.831849080699578330e-02 0.000000000000000000e+00 7.136907205670803833e-01 3.378789465174453308e-03 0.000000000000000000e+00 0.000000000000000000e+00 2.189810152381386522e-03 0.000000000000000000e+00 0.000000000000000000e+00 9.414649879798638876e-01 0.000000000000000000e+00 9.835366590781571730e-06 0.000000000000000000e+00 3.499413320722585125e-02 4.773441173088101563e-01 1.000000000000000000e+00 4.778607207283605973e-06 3.323511551359640825e-01 8.616295253851931069e-01 3.593823819750146531e-01 0.000000000000000000e+00 0.000000000000000000e+00 3.420410942550905221e-05 0.000000000000000000e+00 1.280000000000000000e+02 -1.285333333333333350e+01
3.663584137123016005e-01 0.000000000000000000e+00 2.222510941789082595e-02 1.987146388399019525e-01 3.036791346616041372e-04 0.000000000000000000e+00 0.000000000000000000e+00 3.127916509634328518e-02 7.287937383938619673e-01 4.880918715108839567e-02 4.744166099118119484e-01 3.716340208524811506e-01 3.941961956768038483e-02 2.307472349093803513e-02 0.000000000000000000e+00 0.000000000000000000e+00 0.000000000000000000e+00 4.203135893105514609e-01 2.133548168825061264e-02 2.449226037657814548e-02 1.755776934382543564e-01 0.000000000000000000e+00 4.049086647431628938e-01 7.586124191376252268e-01 5.373155375821594415e-01 4.237369038019114797e-02 1.854239427226362646e-01 0.000000000000000000e+00 0.000000000000000000e+00 3.231036963609458523e-02 0.000000000000000000e+00 4.828828446680193988e-03 1.280000000000000000e+02 -1.185333333333333350e+01
9.855679904506015054e-01 2.046982879931468630e-02 4.077943397943732950e-01 8.878762281379860843e-02 0.000000000000000000e+00 6.021524117699229156e-02 0.000000000000000000e+00 0.000000000000000000e+00 0.000000000000000000e+00 1.535966393346230863e-01 9.996503419297527726e-01 0.000000000000000000e+00 0.000000000000000000e+00 0.000000000000000000e+00 0.000000000000000000e+00 0.000000000000000000e+00 0.000000000000000000e+00 1.000000000000000000e+00 0.000000000000000000e+00 0.000000000000000000e+00 0.000000000000000000e+00 0.000000000000000000e+00 0.000000000000000000e+00 2.519916943364405859e-01 0.000000000000000000e+00 1.000000000000000000e+00 0.000000000000000000e+00 0.000000000000000000e+00 9.804580195597211167e-01 4.235253266885579682e-01 4.591296574023289168e-01 2.012240314954646340e-03 1.280000000000000000e+02 -1.439666666666666650e+01
0.000000000000000000e+00 2.548024814115501546e-04 0.000000000000000000e+00 5.643991569854917706e-02 0.000000000000000000e+00 9.937863726722104829e-01 0.000000000000000000e+00 0.000000000000000000e+00 9.748074125006376267e-01 2.451050841494651061e-03 8.765984276341811654e-01 2.792887896141056341e-05 0.000000000000000000e+00 8.856264109041013244e-01 0.000000000000000000e+00 0.000000000000000000e+00 7.601811361262406086e-01 5.894406352628365209e-01 5.036604268399145212e-01 9.972439419941502292e-01 3.586947269798345106e-01 2.510271635606268759e-01 3.749935603686562618e-02 1.000000000000000000e+00 9.105913837803482069e-01 6.861278288067384351e-04 8.699992234082720710e-01 9.928333985944598483e-01 1.000000000000000000e+00 9.491350602041312978e-01 4.833975076572917251e-01 7.412524285387744882e-02 1.280000000000000000e+02 -1.437333333333333485e+01
6.512795806729738957e-02 0.000000000000000000e+00 1.000000000000000000e+00 6.847994779434217749e-01 6.517501427474232945e-02 2.876752602967076657e-03 0.000000000000000000e+00 5.916037725513683121e-01 2.174898857330363200e-01 0.000000000000000000e+00 1.000000000000000000e+00 0.000000000000000000e+00 7.884927945746154077e-01 0.000000000000000000e+00 8.900784488954033291e-02 1.550005451024768222e-01 3.980361944407936337e-01 7.147681350398135125e-01 9.985404043307859467e-01 1.116160510588935229e-01 1.350365245917932640e-08 0.000000000000000000e+00 0.000000000000000000e+00 6.005589131534873060e-01 4.069907022199880682e-05 0.000000000000000000e+00 9.774407700616700220e-04 2.655611756888444641e-01 3.359984236942499813e-01 5.068721024260491870e-01 0.000000000000000000e+00 1.000000000000000000e+00 1.280000000000000000e+02 -1.154333333333333478e+01
0.000000000000000000e+00 2.338243806740376851e-01 3.447456304114415726e-02 0.000000000000000000e+00 0.000000000000000000e+00 1.723235342132144882e-02 0.000000000000000000e+00 0.000000000000000000e+00 8.342844800183752893e-03 5.200029261369493866e-02 0.000000000000000000e+00 8.591329410823610180e-02 0.000000000000000000e+00 9.153441572846648944e-01 1.966449447123383432e-01 0.000000000000000000e+00 1.169102499561236463e-02 9.652262591747846621e-01 5.097844584479924723e-01 3.693666859931645785e-01 0.000000000000000000e+00 4.643497428676176403e-02 2.565871877630243048e-01 0.000000000000000000e+00 9.877594877601234558e-01 2.843007249429231435e-03 0.000000000000000000e+00 3.694636075626582528e-02 0.000000000000000000e+00 9.460521711393976574e-01 0.000000000000000000e+00 0.000000000000000000e+00 1.280000000000000000e+02 -1.411666666666666714e+01
0.000000000000000000e+00 0.000000000000000000e+00 0.000000000000000000e+00 0.000000000000000000e+00 3.852259000132043920e-03 4.788091702919479750e-08 0.000000000000000000e+00 0.000000000000000000e+00 3.918156859120922042e-01 0.000000000000000000e+00 0.000000000000000000e+00 0.000000000000000000e+00 0.000000000000000000e+00 0.000000000000000000e+00 0.000000000000000000e+00 6.911935361761489382e-04 1.432969295723173775e-01 0.000000000000000000e+00 6.239289487214871865e-01 4.035900086213504712e-01 0.000000000000000000e+00 9.968564957483168065e-01 0.000000000000000000e+00 1.950033970876580462e-04 0.000000000000000000e+00 2.063797264553311750e-01 0.000000000000000000e+00 0.000000000000000000e+00 1.000000000000000000e+00 7.925868712142282169e-01 0.000000000000000000e+00 6.687256201016321677e-01 1.280000000000000000e+02 -1.061000000000000121e+01
0.000000000000000000e+00 0.000000000000000000e+00 1.812387141109449429e-01 1.693675632127100983e-01 0.000000000000000000e+00 6.482491544642568493e-02 0.000000000000000000e+00 5.228767048550393703e-02 9.059729805050889540e-02 0.000000000000000000e+00 9.451624609516463549e-01 3.584447011944146277e-01 0.000000000000000000e+00 9.293769178242783369e-01 0.000000000000000000e+00 0.000000000000000000e+00 0.000000000000000000e+00 6.608230378781306327e-03 6.385532343263041755e-01 8.024486975081435158e-01 0.000000000000000000e+00 4.120467039454172031e-01 0.000000000000000000e+00 2.655041455180067178e-01 0.000000000000000000e+00 1.239945674240680878e-06 0.000000000000000000e+00 0.000000000000000000e+00 0.000000000000000000e+00 3.506771734355060288e-01 1.894544678692252487e-02 0.000000000000000000e+00 1.280000000000000000e+02 -1.459666666666666579e+01
0.000000000000000000e+00 0.000000000000000000e+00 0.000000000000000000e+00 0.000000000000000000e+00 0.000000000000000000e+00 1.214635191084994931e-01 1.598390731381886254e-01 0.000000000000000000e+00 1.195745070523123593e-01 6.707447090382565591e-01 3.918246389073191428e-03 1.062043492028803687e-01 9.981194774165013106e-01 4.820544936663892103e-05 0.000000000000000000e+00 1.262076172131112312e-03 5.899243478837057353e-01 0.000000000000000000e+00 0.000000000000000000e+00 0.000000000000000000e+00 0.000000000000000000e+00 5.957550416767806289e-04 0.000000000000000000e+00 0.000000000000000000e+00 0.000000000000000000e+00 0.000000000000000000e+00 0.000000000000000000e+00 5.669066106483078293e-02 0.000000000000000000e+00 0.000000000000000000e+00 0.000000000000000000e+00 0.000000000000000000e+00 1.280000000000000000e+02 -7.629999999999999893e+00
0.000000000000000000e+00 0.000000000000000000e+00 0.000000000000000000e+00 0.000000000000000000e+00 0.000000000000000000e+00 9.964556436103170212e-01 0.000000000000000000e+00 0.000000000000000000e+00 1.035945069188423141e-02 0.000000000000000000e+00 1.000000000000000000e+00 8.138905055075811301e-01 5.868829061112183776e-02 0.000000000000000000e+00 0.000000000000000000e+00 0.000000000000000000e+00 1.524980263754963095e-01 0.000000000000000000e+00 2.897123820004156580e-01 0.000000000000000000e+00 0.000000000000000000e+00 1.000000000000000000e+00 1.000000000000000000e+00 0.000000000000000000e+00 9.080820453611360143e-01 0.000000000000000000e+00 6.941889402741789894e-01 5.421712602270934989e-01 1.000000000000000000e+00 0.000000000000000000e+00 0.000000000000000000e+00 0.000000000000000000e+00 1.280000000000000000e+02 -9.356666666666665577e+00
0.000000000000000000e+00 0.000000000000000000e+00 9.856220213417515863e-01 0.000000000000000000e+00 9.979695248723499112e-01 9.999873217116292956e-01 0.000000000000000000e+00 0.000000000000000000e+00 3.019806783631338865e-02 1.077344568536825190e-13 9.645198548132175587e-01 1.518319156758630439e-01 8.928405909683121462e-08 2.523231429623814526e-01 2.234955107908775940e-02 1.100861288150306766e-05 3.662004937049938569e-01 3.633731989018837926e-04 6.934740551267327691e-01 0.000000000000000000e+00 2.341256730979392187e-02 2.241480652278014385e-07 7.708864363504589479e-01 1.000000000000000000e+00 3.335185064754398465e-01 0.000000000000000000e+00 3.344757953934916067e-02 0.000000000000000000e+00 9.045869438435065746e-01 5.385338844078219056e-01 0.000000000000000000e+00 6.399895307847822123e-02 1.280000000000000000e+02 -1.032000000000000028e+01
0.000000000000000000e+00 0.000000000000000000e+00 9.712678909958226692e-01 0.000000000000000000e+00 0.000000000000000000e+00 0.000000000000000000e+00 0.000000000000000000e+00 0.000000000000000000e+00 0.000000000000000000e+00 0.000000000000000000e+00 0.000000000000000000e+00 1.810260522402234659e-02 7.588121455593407894e-02 3.192499759309428819e-03 0.000000000000000000e+00 0.000000000000000000e+00 0.000000000000000000e+00 2.490688223167504024e-03 3.594853964682558911e-01 1.659186120376929807e-01 0.000000000000000000e+00 0.000000000000000000e+00 1.172961405049921108e-01 4.712537470753069835e-01 0.000000000000000000e+00 5.474426401217862004e-02 0.000000000000000000e+00 0.000000000000000000e+00 3.878828698349264248e-01 8.772931036388227355e-01 0.000000000000000000e+00 3.496791993367737855e-02 1.280000000000000000e+02 -9.320000000000000284e+00
0.000000000000000000e+00 7.972176771070451501e-03 0.000000000000000000e+00 2.081100091175819289e-02 0.000000000000000000e+00 0.000000000000000000e+00 0.000000000000000000e+00 9.428887869759550947e-05 0.000000000000000000e+00 0.000000000000000000e+00 0.000000000000000000e+00 0.000000000000000000e+00 0.000000000000000000e+00 1.019618493884322519e-01 0.000000000000000000e+00 0.000000000000000000e+00 0.000000000000000000e+00 0.000000000000000000e+00 0.000000000000000000e+00 0.000000000000000000e+00 1.828327636534518019e-01 2.209534155708727660e-02 4.880609204375943415e-03 2.743852515007633164e-01 1.000000000000000000e+00 8.158562367972754803e-01 3.017980303762291677e-02 6.581259402871832143e-02 0.000000000000000000e+00 0.000000000000000000e+00 0.000000000000000000e+00 3.663562488420155638e-01 1.280000000000000000e+02 -1.251666666666666572e+01
6.726938327859569022e-02 0.000000000000000000e+00 3.365260142204220254e-09 0.000000000000000000e+00 1.760873722655809104e-02 0.000000000000000000e+00 0.000000000000000000e+00 9.961199041187753789e-01 0.000000000000000000e+00 2.831257748105649175e-02 2.334230728154989415e-02 2.697152773893212729e-01 0.000000000000000000e+00 2.130787392682378557e-08 0.000000000000000000e+00 1.000000000000000000e+00 0.000000000000000000e+00 9.112458823029335742e-01 0.000000000000000000e+00 0.000000000000000000e+00 5.227411779682090698e-01 4.089404860982481793e-01 1.188751915178182154e-08 0.000000000000000000e+00 0.000000000000000000e+00 0.000000000000000000e+00 0.000000000000000000e+00 1.913260546303574561e-02 2.044976064635512306e-02 0.000000000000000000e+00 2.259526147717566893e-02 2.140902975272603037e-01 1.280000000000000000e+02 -1.250666666666666593e+01
0.000000000000000000e+00 0.000000000000000000e+00 5.766979875349155515e-02 9.999899797763490694e-01 0.000000000000000000e+00 2.506731653805499618e-09 0.000000000000000000e+00 0.000000000000000000e+00 1.525342859016753649e-01 5.008060711268484677e-02 1.628444407483664313e-01 1.536386457079864931e-02 7.830133333378245242e-01 6.650126465290683297e-01 0.000000000000000000e+00 3.775449965518118043e-05 4.613764006674223733e-02 3.026593626477071530e-01 1.007302203991105594e-01 5.938298606018836943e-06 8.869773557230387767e-03 4.171585097127716302e-01 4.045016064093267388e-02 5.254570319764224617e-01 0.000000000000000000e+00 1.441423492984951132e-05 9.669035573738214706e-02 3.476284889548692525e-01 9.216765168755131077e-02 4.372782466876358187e-01 3.314729159751618470e-02 1.526013643784765271e-05 1.280000000000000000e+02 -1.025000000000000000e+01
1.074073682049976053e-01 8.571050496732237137e-03 4.444739394108127237e-09 7.508472295340833103e-02 4.456320593435569855e-02 1.536898286309199835e-01 0.000000000000000000e+00 0.000000000000000000e+00 2.872408155745752589e-01 0.000000000000000000e+00 8.097982008645989715e-01 4.827756195216897916e-01 4.631429055929110472e-01 0.000000000000000000e+00 1.918767559377876038e-05 1.814186303315367677e-01 0.000000000000000000e+00 4.619670566020278590e-01 1.000000000000000000e+00 4.101113173869694872e-01 0.000000000000000000e+00 0.000000000000000000e+00 3.149387977034298625e-01 6.088911894944535330e-01 5.309700478789507461e-01 4.056250737624293188e-07 0.000000000000000000e+00 1.384575474077554025e-09 1.245087476903053575e-01 9.996602477463732983e-01 1.099309675265625480e-01 0.000000000000000000e+00 1.280000000000000000e+02 -1.314000000000000057e+01
5.465892612348128426e-02 1.044627860416533771e-01 5.584723171604058511e-02 2.762286192943446544e-02 2.669383637109798511e-03 6.924389040124202333e-04 0.000000000000000000e+00 6.459046956067595723e-04 1.092600296043044761e-01 3.064667174535367078e-01 9.881181437157668945e-01 2.688781160955288074e-01 8.988351106205330066e-01 2.481883282019431772e-02 0.000000000000000000e+00 4.537834117839710524e-02 1.443721896410607550e-04 0.000000000000000000e+00 8.118523205185200764e-01 0.000000000000000000e+00 3.244201153590487580e-02 4.947864507828156899e-01 0.000000000000000000e+00 0.000000000000000000e+00 1.490875723106146744e-01 0.000000000000000000e+00 1.153050826670679874e-01 9.103191782851364211e-01 9.626756306416771602e-01 7.756167055688307777e-01 4.539565747566057796e-01 2.949049634499525951e-01 1.280000000000000000e+02 -1.280666666666666664e+01
0.000000000000000000e+00 0.000000000000000000e+00 6.958394715734259606e-01 1.567777437027025877e-01 1.200527586114367162e-01 8.911796057916763214e-01 0.000000000000000000e+00 0.000000000000000000e+00 4.517351213552989186e-02 0.000000000000000000e+00 4.468694304317368249e-01 3.076644042460548872e-03 0.000000000000000000e+00 6.544172612067633565e-01 0.000000000000000000e+00 3.324156344127368601e-01 9.004289519589868673e-01 4.872489046361094789e-04 9.937413846310790833e-01 9.887721173258394859e-06 1.965974551186733810e-01 2.763452805778904287e-01 8.828046383777979900e-01 5.676732563613094695e-02 7.319680825141338110e-01 0.000000000000000000e+00 0.000000000000000000e+00 9.916886961180988447e-01 2.881506131016425276e-01 0.000000000000000000e+00 0.000000000000000000e+00 7.517823708899374902e-01 1.280000000000000000e+02 -1.069666666666666721e+01
0.000000000000000000e+00 2.737117174001081621e-02 7.527031530307278784e-01 0.000000000000000000e+00 5.201371697240578240e-02 2.117693438563643671e-01 0.000000000000000000e+00 1.297335118054153136e-01 2.054568506449332699e-01 0.000000000000000000e+00 0.000000000000000000e+00 5.793392270939026756e-02 9.198112776970482907e-01 9.094494198959478526e-01 0.000000000000000000e+00 0.000000000000000000e+00 0.000000000000000000e+00 0.000000000000000000e+00 1.964107631689985555e-05 0.000000000000000000e+00 0.000000000000000000e+00 0.000000000000000000e+00 2.408915794855583936e-01 0.000000000000000000e+00 6.313979093695520906e-02 5.514355581031563647e-01 8.779375203707270869e-02 0.000000000000000000e+00 1.155660112373157883e-01 1.738049114886810464e-01 0.000000000000000000e+00 8.585376815044029053e-01 1.280000000000000000e+02 -1.436999999999999922e+01
9.843766589895854707e-04 0.000000000000000000e+00 7.583445142928289806e-02 0.000000000000000000e+00 4.379259709671965979e-04 1.137804832796311148e-07 0.000000000000000000e+00 3.573134529814425784e-03 0.000000000000000000e+00 0.000000000000000000e+00 0.000000000000000000e+00 4.982246560719882922e-01 1.052973897717674329e-01 0.000000000000000000e+00 3.331814726046346542e-01 0.000000000000000000e+00 0.000000000000000000e+00 1.849738661120413630e-01 2.189623345027630341e-01 0.000000000000000000e+00 6.636222902058000472e-02 0.000000000000000000e+00 2.267999750779919760e-08 0.000000000000000000e+00 0.000000000000000000e+00 0.000000000000000000e+00 0.000000000000000000e+00 5.934324291247902172e-01 0.000000000000000000e+00 1.335044276963300025e-01 1.839741947254931384e-02 0.000000000000000000e+00 1.280000000000000000e+02 -1.273333333333333428e+01
0.000000000000000000e+00 9.456691824794120904e-02 7.494539064582458332e-01 7.534174747573493596e-04 9.994502630999678450e-02 8.576711202488981334e-01 0.000000000000000000e+00 1.182506156815259627e-07 0.000000000000000000e+00 1.063693145916598526e-01 9.204948672730996206e-02 0.000000000000000000e+00 1.317367337687563034e-01 1.222005797754804456e-03 0.000000000000000000e+00 0.000000000000000000e+00 2.079196270126712640e-07 1.001280629512149405e-02 2.531190996601857535e-01 6.319270304762794610e-02 2.139353297002600726e-02 4.126648811067305522e-01 9.998730704120633028e-01 7.531030319419220742e-01 5.378292507109271731e-02 0.000000000000000000e+00 2.393840803589308321e-03 2.394249486171316083e-02 0.000000000000000000e+00 0.000000000000000000e+00 0.000000000000000000e+00 9.671371570308538029e-03 1.280000000000000000e+02 -1.009999999999999964e+01
0.000000000000000000e+00 1.993244110346588105e-01 8.795570308310556307e-01 0.000000000000000000e+00 0.000000000000000000e+00 3.399745223542897654e-01 0.000000000000000000e+00 9.775189243884092605e-01 1.000000000000000000e+00 0.000000000000000000e+00 7.344703914188205340e-01 8.816003391329681541e-03 4.383695438480315065e-01 6.766222740239453692e-01 0.000000000000000000e+00 0.000000000000000000e+00 0.000000000000000000e+00 7.296738043901296105e-04 8.372695656007241860e-01 0.000000000000000000e+00 0.000000000000000000e+00 3.598773238434461730e-01 2.858841600329803945e-01 4.989168645419873177e-02 2.325856622041071464e-01 0.000000000000000000e+00 0.000000000000000000e+00 7.587188892298112330e-01 1.000000000000000000e+00 4.465469947869722830e-04 6.429020000298096837e-02 5.020212287146091912e-01 1.280000000000000000e+02 -1.184000000000000163e+01
0.000000000000000000e+00 8.493317446077841939e-06 1.580287482263654786e-01 1.873130721763731441e-03 0.000000000000000000e+00 0.000000000000000000e+00 0.000000000000000000e+00 0.000000000000000000e+00 8.862159569853099716e-01 7.460556848944435110e-08 4.012764676248561924e-02 0.000000000000000000e+00 1.433321684551638539e-02 3.488174324181175789e-01 1.102375021638352104e-01 0.000000000000000000e+00 5.964396418441725300e-01 3.920504089074146048e-01 6.611257072162304294e-01 0.000000000000000000e+00 0.000000000000000000e+00 7.919518305710194772e-01 4.676582633625362417e-01 7.340810645874510376e-01 0.000000000000000000e+00 7.126864021216076928e-02 0.000000000000000000e+00 9.577582528181572963e-01 6.291756539588552188e-01 1.213735946727955289e-01 0.000000000000000000e+00 0.000000000000000000e+00 1.280000000000000000e+02 -1.365333333333333421e+01
4.249630707970948607e-02 9.431232382659385509e-08 1.371059209455389727e-06 1.620405357522008427e-01 0.000000000000000000e+00 3.605034514367849163e-01 0.000000000000000000e+00 1.000000000000000000e+00 3.847904457107676106e-06 1.777110515283828341e-03 7.043044978066990147e-01 0.000000000000000000e+00 1.707868037805317104e-05 4.105932712561035092e-01 9.816481646580043074e-01 0.000000000000000000e+00 1.223192258113070113e-01 4.122173242693420031e-02 2.723946182594573773e-01 8.387601317922417365e-01 0.000000000000000000e+00 0.000000000000000000e+00 8.881032027824978248e-02 2.476272406839575002e-01 8.282826280740177710e-03 4.854553486404305780e-04 5.352945561337994762e-02 0.000000000000000000e+00 4.366825551819533691e-01 1.145402635416518655e-01 0.000000000000000000e+00 3.615055824546519747e-01 1.280000000000000000e+02 -1.041999999999999993e+01
0.000000000000000000e+00 5.399627553873541375e-02 1.978213454861135290e-04 0.000000000000000000e+00 0.000000000000000000e+00 6.286684199467661160e-02 0.000000000000000000e+00 0.000000000000000000e+00 0.000000000000000000e+00 2.475422732545432686e-02 5.450787621606740796e-01 0.000000000000000000e+00 0.000000000000000000e+00 2.254324134543202462e-01 0.000000000000000000e+00 0.000000000000000000e+00 5.609304884747794429e-01 1.000000000000000000e+00 0.000000000000000000e+00 6.718594790667282990e-02 0.000000000000000000e+00 3.242873733479754716e-01 8.446123186296080609e-01 6.630424137541528207e-02 0.000000000000000000e+00 0.000000000000000000e+00 0.000000000000000000e+00 0.000000000000000000e+00 0.000000000000000000e+00 0.000000000000000000e+00 4.752172616036063335e-01 1.569708562534613272e-01 1.280000000000000000e+02 -1.493666666666666742e+01
0.000000000000000000e+00 1.505558023880516157e-05 6.064311564192571558e-01 0.000000000000000000e+00 5.584704110869195270e-01 8.495415706007054535e-01 3.160595068533808712e-04 0.000000000000000000e+00 0.000000000000000000e+00 8.849399151851350398e-02 1.861159947515664270e-02 2.042542145455902292e-01 0.000000000000000000e+00 9.942871643744929152e-04 4.679072145196030985e-02 0.000000000000000000e+00 0.000000000000000000e+00 0.000000000000000000e+00 7.666783792401410391e-01 6.165254208753717657e-01 0.000000000000000000e+00 1.900263277811685674e-03 0.000000000000000000e+00 0.000000000000000000e+00 0.000000000000000000e+00 0.000000000000000000e+00 9.614426553405771569e-01 2.967274350903395877e-02 0.000000000000000000e+00 1.244337905544952556e-05 0.000000000000000000e+00 3.818642839110897302e-01 1.280000000000000000e+02 -7.570000000000000284e+00
0.000000000000000000e+00 1.408264436740056663e-02 7.378867477240083628e-02 0.000000000000000000e+00 0.000000000000000000e+00 1.000000000000000000e+00 0.000000000000000000e+00 1.435140416378774542e-01 6.221926905927739337e-01 9.964715371022277168e-02 8.631243685478452443e-01 0.000000000000000000e+00 0.000000000000000000e+00 0.000000000000000000e+00 2.869741941693598197e-01 0.000000000000000000e+00 0.000000000000000000e+00 0.000000000000000000e+00 3.277673410350615546e-01 0.000000000000000000e+00 0.000000000000000000e+00 0.000000000000000000e+00 0.000000000000000000e+00 1.000000000000000000e+00 1.964962500636956155e-02 1.000000000000000000e+00 0.000000000000000000e+00 1.595297541959333210e-01 0.000000000000000000e+00 0.000000000000000000e+00 0.000000000000000000e+00 0.000000000000000000e+00 1.280000000000000000e+02 -9.859999999999999432e+00
2.309293405215299619e-02 1.883421703653213700e-06 2.188170980570861013e-01 2.733901821715790104e-01 8.700812077553363721e-01 3.378133545056487275e-02 0.000000000000000000e+00 0.000000000000000000e+00 5.490057045804740693e-06 4.780873133959523424e-05 4.931552164979106090e-01 5.072432798220110164e-05 6.395228279652596104e-01 0.000000000000000000e+00 4.767605871971674386e-06 0.000000000000000000e+00 0.000000000000000000e+00 0.000000000000000000e+00 1.000000000000000000e+00 0.000000000000000000e+00 8.565001894973214427e-07 3.354249298585574354e-03 8.757944428194583963e-01 0.000000000000000000e+00 8.239790519240234312e-01 3.615444946998281478e-02 1.537260995791401793e-04 4.945914988916669253e-02 9.369538955177827977e-02 0.000000000000000000e+00 1.733543350659131482e-02 6.366184073320310111e-01 1.280000000000000000e+02 -9.040000000000000924e+00
0.000000000000000000e+00 0.000000000000000000e+00 8.742842092166044354e-01 0.000000000000000000e+00 0.000000000000000000e+00 4.703355006881368428e-02 0.000000000000000000e+00 4.307453787994622862e-01 5.759124628960259756e-02 0.000000000000000000e+00 8.492720733038486847e-01 0.000000000000000000e+00 0.000000000000000000e+00 6.779974950655639487e-01 0.000000000000000000e+00 0.000000000000000000e+00 3.461531418668179483e-01 1.347825124884107495e-01 0.000000000000000000e+00 0.000000000000000000e+00 0.000000000000000000e+00 2.075585754670787597e-01 0.000000000000000000e+00 0.000000000000000000e+00 6.916811808693636987e-01 1.422270755576297147e-02 5.576846526480576660e-01 0.000000000000000000e+00 4.264609801189132021e-01 0.000000000000000000e+00 0.000000000000000000e+00 0.000000000000000000e+00 1.280000000000000000e+02 -1.107000000000000028e+01
0.000000000000000000e+00 2.131812105781432376e-01 0.000000000000000000e+00 0.000000000000000000e+00 0.000000000000000000e+00 2.967992164827884874e-02 0.000000000000000000e+00 0.000000000000000000e+00 6.102125858746512144e-01 0.000000000000000000e+00 1.000000000000000000e+00 0.000000000000000000e+00 0.000000000000000000e+00 0.000000000000000000e+00 0.000000000000000000e+00 0.000000000000000000e+00 0.000000000000000000e+00 4.555920054213613568e-02 0.000000000000000000e+00 0.000000000000000000e+00 0.000000000000000000e+00 0.000000000000000000e+00 0.000000000000000000e+00 2.560645651384843569e-01 0.000000000000000000e+00 0.000000000000000000e+00 0.000000000000000000e+00 8.252382123337996811e-01 2.970984853503211287e-01 1.000000000000000000e+00 0.000000000000000000e+00 0.000000000000000000e+00 1.280000000000000000e+02 -1.418666666666666742e+01
0.000000000000000000e+00 1.232056512827346337e-02 4.752917565656444160e-02 0.000000000000000000e+00 0.000000000000000000e+00 0.000000000000000000e+00 0.000000000000000000e+00 1.141067325865024046e-01 8.553226236769180535e-02 0.000000000000000000e+00 2.062007501212045901e-01 4.570756890122059102e-01 8.110176721505956004e-09 0.000000000000000000e+00 1.964059412770058910e-01 1.165604306443788901e-01 0.000000000000000000e+00 7.814945004651882021e-01 2.879623713522575434e-04 0.000000000000000000e+00 0.000000000000000000e+00 0.000000000000000000e+00 3.478003994957917788e-01 8.195840655227047966e-01 3.670037690803357733e-01 0.000000000000000000e+00 8.200968852768578676e-01 6.010158197426499482e-01 8.227027360096574871e-01 3.558552185727756889e-01 0.000000000000000000e+00 3.948445604604806647e-01 1.280000000000000000e+02 -1.178333333333333144e+01
0.000000000000000000e+00 0.000000000000000000e+00 0.000000000000000000e+00 7.763392584740469449e-02 1.241138009100590939e-01 0.000000000000000000e+00 0.000000000000000000e+00 9.485881010472146414e-04 4.518983692162588661e-01 2.514588003974937633e-02 1.000000000000000000e+00 0.000000000000000000e+00 0.000000000000000000e+00 3.881233963278538646e-01 0.000000000000000000e+00 4.102285663386618388e-08 7.006561552708555352e-02 0.000000000000000000e+00 5.095089813722418759e-01 5.961692001027002691e-05 5.778011744126351247e-03 2.259000283476195747e-01 0.000000000000000000e+00 6.134525989335914975e-01 0.000000000000000000e+00 2.746802566334737850e-01 0.000000000000000000e+00 0.000000000000000000e+00 0.000000000000000000e+00 4.945753979629953778e-01 1.914878932210824572e-02 1.119411602855309856e-01 1.280000000000000000e+02 -1.525333333333333208e+01
0.000000000000000000e+00 7.061470884704377496e-04 5.783207567139386773e-01 1.830602717282060754e-01 0.000000000000000000e+00 0.000000000000000000e+00 5.023589024347748335e-05 0.000000000000000000e+00 1.932619321168301918e-04 0.000000000000000000e+00 3.526851918317668727e-02 3.314869776491587428e-01 0.000000000000000000e+00 0.000000000000000000e+00 0.000000000000000000e+00 9.760095766381104987e-02 5.815148833471520741e-05 5.014580059512248056e-01 5.910819021038642151e-02 2.508663745275542404e-04 0.000000000000000000e+00 2.422675513411584949e-03 2.757561208142244799e-02 4.768927064438802099e-01 0.000000000000000000e+00 3.861465893034439489e-02 3.613661248862191921e-02 8.107409091600731874e-04 2.499773120375218746e-03 1.942289150649622112e-02 0.000000000000000000e+00 5.268328662916711008e-02 1.280000000000000000e+02 -9.326666666666666217e+00
1.424432021699001127e-01 0.000000000000000000e+00 6.315500588366715906e-01 0.000000000000000000e+00 4.369456477173407349e-01 2.829774237630592881e-01 0.000000000000000000e+00 0.000000000000000000e+00 5.106734950638288639e-01 0.000000000000000000e+00 9.326218585898082836e-01 0.000000000000000000e+00 0.000000000000000000e+00 8.674859561115624285e-01 9.868068320544707284e-01 0.000000000000000000e+00 9.998760915381722514e-01 3.565999380582805522e-01 9.938931885654908038e-01 4.090743652587999768e-02 5.013923624610166971e-08 5.379166915413939876e-01 0.000000000000000000e+00 9.999999986073766500e-01 5.786771606320714190e-01 0.000000000000000000e+00 4.140106354502955943e-01 0.000000000000000000e+00 3.704805402729859920e-01 9.542617070157310977e-01 0.000000000000000000e+00 4.615581158872787679e-08 1.280000000000000000e+02 -1.293999999999999950e+01
2.174413984972991230e-03 0.000000000000000000e+00 3.039779603733346325e-01 1.538038119309241003e-01 0.000000000000000000e+00 0.000000000000000000e+00 0.000000000000000000e+00 0.000000000000000000e+00 2.943033911310869444e-01 0.000000000000000000e+00 0.000000000000000000e+00 3.392463236284380956e-01 0.000000000000000000e+00 0.000000000000000000e+00 3.465272604791494460e-01 0.000000000000000000e+00 1.392111268574761640e-01 5.175910905580635157e-01 0.000000000000000000e+00 7.330734386922544976e-01 0.000000000000000000e+00 1.000000000000000000e+00 9.986120901960636731e-01 1.255323046316023372e-01 2.040503988642849154e-01 0.000000000000000000e+00 1.000000000000000000e+00 0.000000000000000000e+00 0.000000000000000000e+00 4.452383063840685273e-01 0.000000000000000000e+00 0.000000000000000000e+00 1.280000000000000000e+02 -1.400666666666666593e+01
1.236144789352128855e-04 1.248430007278128751e-01 0.000000000000000000e+00 7.366301553542337066e-01 1.554844716892047340e-01 0.000000000000000000e+00 0.000000000000000000e+00 1.658538526400124002e-01 3.833083760654770189e-01 0.000000000000000000e+00 1.296942891264995113e-03 0.000000000000000000e+00 0.000000000000000000e+00 0.000000000000000000e+00 0.000000000000000000e+00 0.000000000000000000e+00 2.251155789183240385e-01 0.000000000000000000e+00 0.000000000000000000e+00 0.000000000000000000e+00 0.000000000000000000e+00 1.746475553529549174e-03 0.000000000000000000e+00 3.247447656375954117e-01 0.000000000000000000e+00 0.000000000000000000e+00 0.000000000000000000e+00 1.752379325182734301e-02 0.000000000000000000e+00 5.697938623301368466e-03 0.000000000000000000e+00 1.000000000000000000e+00 1.280000000000000000e+02 -1.087333333333333485e+01
0.000000000000000000e+00 0.000000000000000000e+00 0.000000000000000000e+00 0.000000000000000000e+00 3.418491582168217136e-01 0.000000000000000000e+00 0.000000000000000000e+00 1.471996449148472441e-01 3.413587425525752754e-05 0.000000000000000000e+00 0.000000000000000000e+00 0.000000000000000000e+00 6.480580531188633648e-07 0.000000000000000000e+00 0.000000000000000000e+00 1.508407731775816343e-06 7.022378019026972451e-01 0.000000000000000000e+00 2.138746830094610252e-01 0.000000000000000000e+00 0.000000000000000000e+00 0.000000000000000000e+00 0.000000000000000000e+00 2.253560130377130766e-01 0.000000000000000000e+00 0.000000000000000000e+00 3.178510017724595071e-01 0.000000000000000000e+00 0.000000000000000000e+00 6.088641694754400036e-02 0.000000000000000000e+00 0.000000000000000000e+00 1.280000000000000000e+02 -7.993333333333333179e+00
0.000000000000000000e+00 9.873200198545481476e-02 3.791970706913631584e-01 3.722477675235281308e-02 0.000000000000000000e+00 2.593108655959915354e-01 2.610548610865305874e-01 0.000000000000000000e+00 4.282511465889590752e-02 5.923751927162873576e-01 6.929547655373998749e-01 2.076630667251364026e-01 3.866202299752275473e-01 0.000000000000000000e+00 2.564325701076559105e-01 0.000000000000000000e+00 0.000000000000000000e+00 2.680871558803851196e-01 8.593414506638453743e-01 1.375737321235309760e-03 0.000000000000000000e+00 6.813117414617392113e-03 0.000000000000000000e+00 6.850947403835852545e-02 7.864658690500618554e-02 1.351605920555376816e-01 6.056204527969516471e-01 0.000000000000000000e+00 3.731856958582997486e-01 9.603311257615290697e-02 0.000000000000000000e+00 3.968791996915303939e-03 1.280000000000000000e+02 -9.806666666666666643e+00
1.868190128391178373e-03 0.000000000000000000e+00 1.763005565842590662e-03 2.103016525849769544e-02 0.000000000000000000e+00 2.156113876943409891e-01 0.000000000000000000e+00 0.000000000000000000e+00 1.000000000000000000e+00 8.130560419667732797e-01 0.000000000000000000e+00 3.722394627912032350e-01 0.000000000000000000e+00 4.999045685762631419e-01 0.000000000000000000e+00 0.000000000000000000e+00 0.000000000000000000e+00 3.534334493570810976e-01 1.513853980990916004e-01 0.000000000000000000e+00 0.000000000000000000e+00 7.160807776167691374e-01 0.000000000000000000e+00 4.048585537437907056e-01 9.433729650784217213e-01 0.000000000000000000e+00 0.000000000000000000e+00 0.000000000000000000e+00 7.671180946709464654e-02 3.457372803848583476e-01 0.000000000000000000e+00 0.000000000000000000e+00 1.280000000000000000e+02 -1.216666666666666607e+01
5.874501665368770525e-02 2.357047782861050426e-03 8.780377585672033414e-01 9.262489448747766863e-03 2.497569672495519606e-03 0.000000000000000000e+00 0.000000000000000000e+00 3.329243345454979686e-01 3.304741488245752784e-02 5.257502396566988501e-04 9.118481839060168515e-01 9.115302989014471835e-02 0.000000000000000000e+00 8.436843412231379569e-01 2.030106637310774009e-01 0.000000000000000000e+00 0.000000000000000000e+00 9.891420641116921214e-05 8.884992473031466664e-01 0.000000000000000000e+00 6.922574206488975035e-01 7.230239192737061282e-01 0.000000000000000000e+00 3.168489767353404041e-01 3.858093579335143408e-01 0.000000000000000000e+00 0.000000000000000000e+00 0.000000000000000000e+00 0.000000000000000000e+00 3.944699622055907740e-01 0.000000000000000000e+00 0.000000000000000000e+00 1.280000000000000000e+02 -1.422999999999999865e+01
0.000000000000000000e+00 6.700267582328609694e-12 0.000000000000000000e+00 4.290769090275910191e-02 6.306264272788456582e-01 4.495894007096451483e-01 0.000000000000000000e+00 5.376365585529810094e-07 8.595668202923951728e-01 4.541212059844045856e-01 0.000000000000000000e+00 0.000000000000000000e+00 0.000000000000000000e+00 1.000000000000000000e+00 5.642727808680984142e-02 0.000000000000000000e+00 1.011264561656927748e-11 0.000000000000000000e+00 0.000000000000000000e+00 0.000000000000000000e+00 0.000000000000000000e+00 0.000000000000000000e+00 0.000000000000000000e+00 0.000000000000000000e+00 3.133173348553825455e-01 5.297961431274210496e-08 0.000000000000000000e+00 1.000000000000000000e+00 0.000000000000000000e+00 7.085841843346929458e-01 5.165828739868751074e-02 0.000000000000000000e+00 1.280000000000000000e+02 -1.374333333333333229e+01
9.039649617065556031e-01 1.373783302093476710e-01 5.376968639478994089e-02 0.000000000000000000e+00 0.000000000000000000e+00 5.110992522041366559e-01 1.140896396059165041e-01 4.687685503335450865e-02 0.000000000000000000e+00 0.000000000000000000e+00 9.643407846239321346e-01 0.000000000000000000e+00 1.433961117182735133e-02 1.521105066139550981e-02 0.000000000000000000e+00 1.571442470174411465e-01 2.849542074222169430e-01 0.000000000000000000e+00 0.000000000000000000e+00 6.040955252569184947e-02 1.794801955191337173e-02 0.000000000000000000e+00 1.063246974230925845e-01 0.000000000000000000e+00 0.000000000000000000e+00 6.406309253795927638e-01 0.000000000000000000e+00 1.000000000000000000e+00 0.000000000000000000e+00 8.993304042755983357e-03 0.000000000000000000e+00 0.000000000000000000e+00 1.280000000000000000e+02 -6.926666666666666750e+00
2.614334649156042998e-03 0.000000000000000000e+00 1.160343759194085722e-01 6.432996421305170465e-01 0.000000000000000000e+00 3.631636922087269539e-03 0.000000000000000000e+00 0.000000000000000000e+00 4.494021538582190223e-01 0.000000000000000000e+00 4.640778657119686290e-01 1.575653065373545936e-02 3.002962498512311007e-01 0.000000000000000000e+00 1.719551654292813963e-08 2.460070632366004144e-03 1.162973040896246590e-01 2.118291139708345094e-01 1.410710061514006408e-01 1.744098638706659543e-01 0.000000000000000000e+00 5.108990177946701183e-02 4.706854232178245973e-02 5.346812228128267064e-01 3.359575918922354937e-03 0.000000000000000000e+00 2.434651968471718102e-03 0.000000000000000000e+00 5.014446817667844725e-01 0.000000000000000000e+00 0.000000000000000000e+00 2.689108966658512734e-02 1.280000000000000000e+02 -8.130000000000000782e+00
2.150135832517335085e-03 9.791042992553865565e-01 6.675398526281079992e-01 6.721901113228916091e-02 0.000000000000000000e+00 3.670020680969958149e-01 0.000000000000000000e+00 0.000000000000000000e+00 1.556785468685967788e-01 2.801382211239210676e-02 5.792724475147988938e-01 9.015319261279018948e-01 2.068754272863262966e-02 4.318967671300372735e-01 0.000000000000000000e+00 0.000000000000000000e+00 9.288239869865152487e-01 3.718087977327048099e-01 0.000000000000000000e+00 3.931121752963636640e-01 1.566085756714175048e-01 0.000000000000000000e+00 1.838823086728892109e-01 2.072802507291711394e-01 2.329233874970379758e-01 4.733949887867152512e-02 0.000000000000000000e+00 2.221321946661200530e-01 6.378351229650225385e-01 6.115081024847468516e-01 0.000000000000000000e+00 7.353357061086722712e-01 1.280000000000000000e+02 -1.502000000000000135e+01
8.725260130982941398e-01 9.811867052883980200e-01 0.000000000000000000e+00 4.297247076477662660e-04 4.374683240673500340e-01 0.000000000000000000e+00 5.607344929454000960e-03 0.000000000000000000e+00 0.000000000000000000e+00 0.000000000000000000e+00 0.000000000000000000e+00 0.000000000000000000e+00 4.487411187536761992e-02 6.974566072348410417e-01 0.000000000000000000e+00 0.000000000000000000e+00 9.781401697692029273e-01 0.000000000000000000e+00 0.000000000000000000e+00 0.000000000000000000e+00 5.935681555625859085e-01 2.260532555070241811e-01 0.000000000000000000e+00 0.000000000000000000e+00 7.413703543051629319e-02 0.000000000000000000e+00 9.975919558455401681e-01 0.000000000000000000e+00 3.722892193073564227e-01 0.000000000000000000e+00 0.000000000000000000e+00 0.000000000000000000e+00 1.280000000000000000e+02 -8.126666666666666927e+00
0.000000000000000000e+00 0.000000000000000000e+00 0.000000000000000000e+00 0.000000000000000000e+00 0.000000000000000000e+00 0.000000000000000000e+00 7.298290424325078185e-02 0.000000000000000000e+00 0.000000000000000000e+00 0.000000000000000000e+00 7.904219066760169721e-01 1.000000000000000000e+00 1.676217215233816518e-02 5.040590911252474937e-01 0.000000000000000000e+00 0.000000000000000000e+00 0.000000000000000000e+00 1.746763442610587969e-01 0.000000000000000000e+00 0.000000000000000000e+00 3.983773098328729362e-02 2.214387589881196550e-01 4.528689251380574321e-01 8.448165018012089300e-01 1.102751571931778534e-03 0.000000000000000000e+00 0.000000000000000000e+00 0.000000000000000000e+00 1.323099643268217315e-02 0.000000000000000000e+00 0.000000000000000000e+00 0.000000000000000000e+00 1.280000000000000000e+02 -1.272333333333333449e+01
0.000000000000000000e+00 0.000000000000000000e+00 4.856718301579447672e-02 1.476952403328262442e-01 4.028478459883707563e-01 1.121280103709445530e-01 0.000000000000000000e+00 4.333951168930073039e-01 1.113758823813533194e-01 0.000000000000000000e+00 0.000000000000000000e+00 2.905121459051887914e-02 0.000000000000000000e+00 7.646936148149311441e-01 0.000000000000000000e+00 0.000000000000000000e+00 7.110346405272568449e-01 0.000000000000000000e+00 2.036466416306821468e-05 9.648417683054938410e-01 1.137213052882496585e-02 0.000000000000000000e+00 1.635438401141500026e-04 1.430079799917511260e-08 4.833130967050974780e-01 9.464597623176786807e-05 0.000000000000000000e+00 0.000000000000000000e+00 6.502719253194748639e-01 9.556056218116210088e-01 0.000000000000000000e+00 0.000000000000000000e+00 1.280000000000000000e+02 -8.533333333333333215e+00
3.629188734394912519e-01 1.228848203946104750e-01 1.213199841643331084e-01 8.881275657693877834e-01 8.505235771336646655e-01 9.176762136303115991e-01 7.942275697799393697e-07 1.198543363151089031e-01 3.290688943050017468e-01 8.138186894223825574e-03 8.857912499614407631e-01 0.000000000000000000e+00 3.090736768084508771e-05 7.457539355991621606e-03 0.000000000000000000e+00 0.000000000000000000e+00 0.000000000000000000e+00 1.122670985711075597e-01 9.165578498478740288e-01 0.000000000000000000e+00 0.000000000000000000e+00 6.870783854976006411e-02 0.000000000000000000e+00 1.891099918179810213e-01 1.000000000000000000e+00 7.174066599657881182e-01 1.000000000000000000e+00 1.072967462861087150e-02 9.051181324040377153e-04 9.342596904499489430e-01 3.355134517227389548e-13 0.000000000000000000e+00 1.280000000000000000e+02 -1.306333333333333258e+01
1.963624171515260808e-01 0.000000000000000000e+00 0.000000000000000000e+00 0.000000000000000000e+00 0.000000000000000000e+00 8.800081512733513023e-01 4.752080939017052502e-02 3.451833206461069614e-01 0.000000000000000000e+00 0.000000000000000000e+00 2.922916834485415061e-01 4.568873285701818832e-02 3.433562599822450601e-01 0.000000000000000000e+00 0.000000000000000000e+00 0.000000000000000000e+00 1.756877665323937909e-01 0.000000000000000000e+00 0.000000000000000000e+00 0.000000000000000000e+00 9.365674826229587469e-01 8.366273701755257974e-01 1.528365834883218810e-01 0.000000000000000000e+00 0.000000000000000000e+00 0.000000000000000000e+00 0.000000000000000000e+00 6.778560130947883233e-02 0.000000000000000000e+00 9.466859471957005806e-03 1.802855360278239893e-01 6.026594824151503271e-01 1.280000000000000000e+02 -7.709999999999999964e+00
6.692324671369948019e-02 6.976599331137554039e-01 1.546188679211304984e-01 0.000000000000000000e+00 3.578584172358228644e-13 0.000000000000000000e+00 0.000000000000000000e+00 9.060421113822907380e-01 0.000000000000000000e+00 0.000000000000000000e+00 0.000000000000000000e+00 0.000000000000000000e+00 1.610067637162988230e-01 8.974377433587725772e-01 0.000000000000000000e+00 0.000000000000000000e+00 6.333067316011362644e-04 8.518212603655406256e-06 0.000000000000000000e+00 1.354295185931225502e-08 2.570825086083928790e-01 1.242192834809699997e-01 3.647751995989458040e-02 9.683803583045079710e-01 0.000000000000000000e+00 0.000000000000000000e+00 0.000000000000000000e+00 3.853151220630248730e-01 0.000000000000000000e+00 9.135066814621368742e-05 0.000000000000000000e+00 1.660716156703435087e-01 1.280000000000000000e+02 -1.113000000000000078e+01
5.574523885430714490e-03 0.000000000000000000e+00 5.242817053608888056e-01 5.171711481914369191e-02 1.352729979163300178e-02 0.000000000000000000e+00 0.000000000000000000e+00 2.313859815503781225e-02 2.951185189755268223e-01 0.000000000000000000e+00 2.950588878559820202e-02 0.000000000000000000e+00 0.000000000000000000e+00 1.770344639678008509e-05 0.000000000000000000e+00 1.824465889088719150e-01 6.786367390464805027e-02 2.199644251418108321e-01 8.469886877508517875e-01 2.891362838920306655e-01 2.881717078713882593e-02 1.278786769505518839e-01 0.000000000000000000e+00 0.000000000000000000e+00 0.000000000000000000e+00 0.000000000000000000e+00 7.481042511212363522e-01 2.249038016606897672e-01 0.000000000000000000e+00 3.037039376450862971e-01 9.098235582695730905e-02 8.821126556713666522e-01 1.280000000000000000e+02 -1.175333333333333208e+01
0.000000000000000000e+00 0.000000000000000000e+00 1.370109444585432545e-01 8.899510326733005572e-01 0.000000000000000000e+00 1.821545909358542881e-01 0.000000000000000000e+00 6.565021229687528770e-02 8.005170707158723586e-02 2.613497047212025026e-01 1.584828363369309712e-01 0.000000000000000000e+00 0.000000000000000000e+00 0.000000000000000000e+00 0.000000000000000000e+00 0.000000000000000000e+00 0.000000000000000000e+00 0.000000000000000000e+00 0.000000000000000000e+00 3.419668736514393514e-01 3.232467279854187581e-01 3.055478149171759195e-01 9.661608306800296697e-01 6.426474195908986609e-01 8.958035250421714224e-01 0.000000000000000000e+00 9.858053309254015406e-02 5.820646954053041444e-01 1.000000000000000000e+00 1.451592552593355678e-01 0.000000000000000000e+00 1.714712032782771470e-03 1.280000000000000000e+02 -1.193999999999999950e+01
0.000000000000000000e+00 0.000000000000000000e+00 1.351152628425233704e-01 2.274384561551575090e-01 3.350879700041008435e-01 2.514829125471841793e-03 1.361021948073854737e-01 6.368369686516351172e-03 8.809135348313447134e-01 0.000000000000000000e+00 5.865074487682263582e-01 2.046691494642906839e-01 6.734805994013238761e-01 0.000000000000000000e+00 0.000000000000000000e+00 0.000000000000000000e+00 2.139344655356644476e-01 5.766702405288174349e-01 7.789899656208880696e-01 0.000000000000000000e+00 1.000000000000000000e+00 2.011939036525306826e-02 2.762976259428195913e-01 5.082030157426354888e-01 9.913256586088970979e-01 0.000000000000000000e+00 2.640987382129298400e-01 3.992872819588321742e-01 5.797069891002675224e-01 9.273875187002516007e-01 8.931858694513604702e-01 1.716393040321240737e-01 1.280000000000000000e+02 -1.486333333333333506e+01
0.000000000000000000e+00 1.729295803488861664e-05 0.000000000000000000e+00 0.000000000000000000e+00 0.000000000000000000e+00 2.110630230094823624e-04 0.000000000000000000e+00 3.455658603893332952e-05 0.000000000000000000e+00 2.481967173702200602e-01 0.000000000000000000e+00 8.184269114657186095e-02 0.000000000000000000e+00 0.000000000000000000e+00 7.719637398673964146e-01 0.000000000000000000e+00 0.000000000000000000e+00 0.000000000000000000e+00 0.000000000000000000e+00 0.000000000000000000e+00 0.000000000000000000e+00 5.005251577155518383e-01 8.145231087020497968e-04 0.000000000000000000e+00 7.931430881468310989e-01 4.443136542208807837e-05 0.000000000000000000e+00 2.596620803144499279e-01 0.000000000000000000e+00 1.591751964993527169e-01 0.000000000000000000e+00 2.297539130792411802e-02 1.280000000000000000e+02 -1.207333333333333236e+01
4.891085969417841572e-01 0.000000000000000000e+00 0.000000000000000000e+00 0.000000000000000000e+00 0.000000000000000000e+00 0.000000000000000000e+00 0.000000000000000000e+00 0.000000000000000000e+00 0.000000000000000000e+00 2.371305878488291080e-02 6.575275944392739991e-01 1.535391477626672718e-06 0.000000000000000000e+00 1.027729009496691354e-01 0.000000000000000000e+00 0.000000000000000000e+00 0.000000000000000000e+00 0.000000000000000000e+00 6.003664075952033219e-01 0.000000000000000000e+00 3.317655251082411438e-01 7.340250975431478198e-03 0.000000000000000000e+00 1.478734839538415058e-01 6.548489767992556922e-03 1.856662777849934012e-02 0.000000000000000000e+00 0.000000000000000000e+00 1.000000000000000000e+00 0.000000000000000000e+00 6.381653681820916718e-03 5.663519322589553179e-02 1.280000000000000000e+02 -9.746666666666667922e+00
3.214298612342850886e-02 0.000000000000000000e+00 0.000000000000000000e+00 2.329274749713827752e-02 0.000000000000000000e+00 0.000000000000000000e+00 0.000000000000000000e+00 1.479522296636834945e-08 0.000000000000000000e+00 9.460614915745915177e-01 0.000000000000000000e+00 5.199877118143800969e-06 3.503675303447537637e-01 0.000000000000000000e+00 0.000000000000000000e+00 0.000000000000000000e+00 0.000000000000000000e+00 0.000000000000000000e+00 0.000000000000000000e+00 0.000000000000000000e+00 0.000000000000000000e+00 0.000000000000000000e+00 1.758149006455166086e-02 0.000000000000000000e+00 8.027710611056396856e-03 8.794314149458968329e-04 0.000000000000000000e+00 1.070222575421770489e-02 0.000000000000000000e+00 2.304220087110428472e-02 9.589069289754503789e-01 4.439318073700109224e-01 1.280000000000000000e+02 -1.078333333333333321e+01
3.112838737448479690e-06 0.000000000000000000e+00 0.000000000000000000e+00 4.282068550996921963e-01 0.000000000000000000e+00 0.000000000000000000e+00 2.530221071256423260e-01 0.000000000000000000e+00 0.000000000000000000e+00 0.000000000000000000e+00 0.000000000000000000e+00 2.731198698119304948e-05 0.000000000000000000e+00 0.000000000000000000e+00 0.000000000000000000e+00 0.000000000000000000e+00 0.000000000000000000e+00 0.000000000000000000e+00 5.722971039359373568e-01 3.549755850602965418e-02 0.000000000000000000e+00 0.000000000000000000e+00 0.000000000000000000e+00 0.000000000000000000e+00 2.800304573330903227e-02 1.909072581378744998e-02 0.000000000000000000e+00 0.000000000000000000e+00 0.000000000000000000e+00 0.000000000000000000e+00 0.000000000000000000e+00 0.000000000000000000e+00 1.280000000000000000e+02 -7.083333333333333037e+00
8.195251874243801582e-02 2.231789528106615239e-01 0.000000000000000000e+00 0.000000000000000000e+00 0.000000000000000000e+00 0.000000000000000000e+00 0.000000000000000000e+00 0.000000000000000000e+00 0.000000000000000000e+00 0.000000000000000000e+00 4.251463907004202070e-01 0.000000000000000000e+00 0.000000000000000000e+00 0.000000000000000000e+00 0.000000000000000000e+00 2.852099683354341053e-01 3.885164321445597115e-04 2.086281444679066177e-01 7.001859206291162485e-02 0.000000000000000000e+00 0.000000000000000000e+00 1.669502435088366932e-01 0.000000000000000000e+00 0.000000000000000000e+00 0.000000000000000000e+00 0.000000000000000000e+00 7.735299473198004039e-01 0.000000000000000000e+00 0.000000000000000000e+00 0.000000000000000000e+00 0.000000000000000000e+00 1.532759176488911190e-01 1.280000000000000000e+02 -1.293999999999999950e+01
1.972840631611598537e-03 0.000000000000000000e+00 0.000000000000000000e+00 0.000000000000000000e+00 0.000000000000000000e+00 0.000000000000000000e+00 4.857319847765937948e-01 0.000000000000000000e+00 7.213222940556008878e-01 2.101538701830810499e-02 0.000000000000000000e+00 0.000000000000000000e+00 0.000000000000000000e+00 1.528265107773052744e-01 8.997661868472956695e-05 0.000000000000000000e+00 1.036211444642284700e-02 1.000000000000000000e+00 1.000000000000000000e+00 2.664172761062172156e-05 0.000000000000000000e+00 8.472326330396276819e-03 0.000000000000000000e+00 6.903339647845611049e-01 5.739509431113227755e-01 3.646067589848585033e-01 0.000000000000000000e+00 0.000000000000000000e+00 4.193488661011519208e-02 3.828269058641055045e-01 1.593193740836576847e-02 8.224250462458887467e-01 1.280000000000000000e+02 -1.363000000000000078e+01
1.102580850468876279e-02 2.724431320036054260e-01 0.000000000000000000e+00 0.000000000000000000e+00 3.363376133622331441e-05 0.000000000000000000e+00 2.304837844408718500e-02 2.283449322512852084e-02 1.977322554598297255e-01 0.000000000000000000e+00 2.269141903286023554e-01 7.709210387486560290e-01 5.389661955386067238e-02 0.000000000000000000e+00 0.000000000000000000e+00 0.000000000000000000e+00 2.671784749449134799e-01 0.000000000000000000e+00 2.061252215012435440e-01 9.418153065989514072e-01 0.000000000000000000e+00 2.763906837101319236e-01 0.000000000000000000e+00 3.988289237940916276e-01 3.635430994459801359e-05 0.000000000000000000e+00 0.000000000000000000e+00 7.305964793879360819e-05 1.473206735798017752e-01 1.992145466505471779e-02 0.000000000000000000e+00 5.970109389534789673e-02 1.280000000000000000e+02 -8.273333333333333428e+00
1.003463624356748241e-01 0.000000000000000000e+00 0.000000000000000000e+00 0.000000000000000000e+00 0.000000000000000000e+00 1.044851135331426734e-01 0.000000000000000000e+00 0.000000000000000000e+00 1.616491041446270309e-03 4.321316655417051233e-02 0.000000000000000000e+00 0.000000000000000000e+00 1.430533277893209498e-01 0.000000000000000000e+00 0.000000000000000000e+00 0.000000000000000000e+00 2.472194022365202532e-07 2.038262640890965705e-01 3.487847295076533793e-01 0.000000000000000000e+00 2.746921271276036580e-01 1.130176919546043574e-01 0.000000000000000000e+00 8.019816752949648908e-02 0.000000000000000000e+00 1.078799074582992290e-01 0.000000000000000000e+00 3.482878418914458485e-01 2.292966878873347047e-01 0.000000000000000000e+00 0.000000000000000000e+00 0.000000000000000000e+00 1.280000000000000000e+02 -1.176666666666666750e+01
0.000000000000000000e+00 0.000000000000000000e+00 7.473109298825095781e-01 1.000000000000000000e+00 0.000000000000000000e+00 8.739804556732648499e-02 4.634648276838718856e-02 3.034271453701058441e-01 8.666426349317905354e-05 0.000000000000000000e+00 2.558131588699777970e-01 0.000000000000000000e+00 6.029539105709309094e-02 0.000000000000000000e+00 0.000000000000000000e+00 4.931803608804775918e-04 0.000000000000000000e+00 2.862214870746495610e-01 8.336082760853655294e-02 1.492445155557757606e-04 0.000000000000000000e+00 8.768873914691076299e-02 2.053955589583948346e-02 2.149732312866531846e-03 6.353991059741352920e-01 7.406274749546017944e-01 8.042127387148108042e-01 5.410893989489061751e-01 7.358327227816328919e-02 7.445677211121471961e-01 0.000000000000000000e+00 1.106566900455960482e-08 1.280000000000000000e+02 -1.252000000000000135e+01
0.000000000000000000e+00 0.000000000000000000e+00 0.000000000000000000e+00 0.000000000000000000e+00 0.000000000000000000e+00 8.602227412367054182e-02 0.000000000000000000e+00 0.000000000000000000e+00 6.926316478782364172e-02 0.000000000000000000e+00 5.739981741879188748e-01 0.000000000000000000e+00 0.000000000000000000e+00 0.000000000000000000e+00 0.000000000000000000e+00 0.000000000000000000e+00 0.000000000000000000e+00 0.000000000000000000e+00 9.548825041796431545e-01 6.332847767361905467e-01 3.193508581787221634e-02 0.000000000000000000e+00 0.000000000000000000e+00 4.732363722027672637e-01 0.000000000000000000e+00 0.000000000000000000e+00 0.000000000000000000e+00 0.000000000000000000e+00 0.000000000000000000e+00 0.000000000000000000e+00 0.000000000000000000e+00 0.000000000000000000e+00 1.280000000000000000e+02 -1.060999999999999943e+01
0.000000000000000000e+00 0.000000000000000000e+00 0.000000000000000000e+00 0.000000000000000000e+00 2.623213299251724636e-03 0.000000000000000000e+00 0.000000000000000000e+00 0.000000000000000000e+00 0.000000000000000000e+00 3.623546710172651647e-03 0.000000000000000000e+00 0.000000000000000000e+00 0.000000000000000000e+00 0.000000000000000000e+00 0.000000000000000000e+00 0.000000000000000000e+00 0.000000000000000000e+00 3.933549196799700221e-02 0.000000000000000000e+00 0.000000000000000000e+00 0.000000000000000000e+00 0.000000000000000000e+00 0.000000000000000000e+00 0.000000000000000000e+00 0.000000000000000000e+00 0.000000000000000000e+00 0.000000000000000000e+00 5.627098741482682021e-02 0.000000000000000000e+00 0.000000000000000000e+00 0.000000000000000000e+00 0.000000000000000000e+00 1.280000000000000000e+02 -1.004000000000000092e+01
0.000000000000000000e+00 3.034023888931793866e-01 3.323333508437166794e-01 0.000000000000000000e+00 0.000000000000000000e+00 4.732876884958088226e-01 0.000000000000000000e+00 0.000000000000000000e+00 0.000000000000000000e+00 0.000000000000000000e+00 0.000000000000000000e+00 0.000000000000000000e+00 0.000000000000000000e+00 5.411110764941379214e-01 0.000000000000000000e+00 0.000000000000000000e+00 8.601058577654689674e-02 2.488281750753227120e-02 0.000000000000000000e+00 6.103242089680421640e-19 4.576902198099986468e-02 2.064277507846963289e-01 2.632499737680547014e-01 0.000000000000000000e+00 0.000000000000000000e+00 0.000000000000000000e+00 1.560325226470314457e-02 0.000000000000000000e+00 8.109130952240795790e-08 9.954034776313752664e-01 0.000000000000000000e+00 4.166289610108286218e-02 1.280000000000000000e+02 -1.434666666666666579e+01
0.000000000000000000e+00 0.000000000000000000e+00 0.000000000000000000e+00 0.000000000000000000e+00 1.373419183727978277e-01 3.919355155249030220e-01 0.000000000000000000e+00 1.472879739332359425e-02 0.000000000000000000e+00 0.000000000000000000e+00 6.780700736586749156e-02 0.000000000000000000e+00 0.000000000000000000e+00 5.514880402169750756e-02 4.469300285624114299e-02 0.000000000000000000e+00 0.000000000000000000e+00 0.000000000000000000e+00 3.980767890723015956e-01 9.604258796428162201e-03 6.463526376738733779e-03 0.000000000000000000e+00 3.991067970145998345e-01 7.751458226934579976e-01 0.000000000000000000e+00 3.861762012340741457e-01 0.000000000000000000e+00 1.346994319526505501e-01 1.272543497204570717e-01 3.394559369308289831e-01 0.000000000000000000e+00 0.000000000000000000e+00 1.280000000000000000e+02 -1.233333333333333393e+01
0.000000000000000000e+00 6.541681269600610424e-07 1.370245670620141853e-01 0.000000000000000000e+00 2.232639074957572790e-05 5.474023302352051118e-02 0.000000000000000000e+00 0.000000000000000000e+00 1.766812120817374372e-04 0.000000000000000000e+00 1.890060195619191886e-05 5.018105031978696562e-02 6.313544923451977573e-08 5.722215300657240711e-01 3.787512297621163757e-05 1.625922837173476223e-07 3.394125747736717047e-01 2.469541316223277175e-03 2.208181185986352740e-02 3.132581141410491210e-02 8.744572290462661671e-03 2.438758355102169529e-04 6.053971851957906658e-01 0.000000000000000000e+00 2.309634626985549984e-04 0.000000000000000000e+00 1.846374125639727304e-01 3.904238372191048807e-06 1.236698888004096886e-01 2.145423080247381691e-04 0.000000000000000000e+00 0.000000000000000000e+00 1.280000000000000000e+02 -1.062333333333333307e+01
0.000000000000000000e+00 0.000000000000000000e+00 0.000000000000000000e+00 0.000000000000000000e+00 6.151840905188455944e-01 0.000000000000000000e+00 0.000000000000000000e+00 7.189693611978410503e-01 3.226956134185984121e-02 9.713367484648093020e-03 0.000000000000000000e+00 1.648734651402632423e-01 7.418679157757327447e-01 2.710589203809921632e-01 0.000000000000000000e+00 7.326628060727248259e-01 1.698418668452166283e-09 0.000000000000000000e+00 2.302929724611445814e-06 2.388602022868352437e-02 2.645857128350834545e-02 3.400382312899386666e-02 2.652997208400615162e-02 9.841986942766404178e-01 9.999917910328163240e-01 0.000000000000000000e+00 0.000000000000000000e+00 3.241184698040869283e-01 5.543267018154702797e-01 0.000000000000000000e+00 0.000000000000000000e+00 0.000000000000000000e+00 1.280000000000000000e+02 -7.919999999999999041e+00
0.000000000000000000e+00 0.000000000000000000e+00 9.752185071167571717e-01 0.000000000000000000e+00 0.000000000000000000e+00 1.873604752751273361e-02 0.000000000000000000e+00 6.340480512853703399e-01 5.633830395943598482e-03 1.385567592956464186e-03 4.842595590620858426e-01 0.000000000000000000e+00 0.000000000000000000e+00 0.000000000000000000e+00 0.000000000000000000e+00 1.480865284945740573e-02 0.000000000000000000e+00 4.844622479445765961e-01 0.000000000000000000e+00 0.000000000000000000e+00 0.000000000000000000e+00 0.000000000000000000e+00 0.000000000000000000e+00 0.000000000000000000e+00 1.302837774427155305e-05 1.434485773182315738e-01 0.000000000000000000e+00 0.000000000000000000e+00 9.521104178560342302e-01 0.000000000000000000e+00 1.255577713295835396e-01 6.534660758748774834e-01 1.280000000000000000e+02 -1.082333333333333236e+01
0.000000000000000000e+00 0.000000000000000000e+00 5.962626778006807626e-01 2.463149372189055164e-01 1.426967767013053168e-01 4.783629819199214372e-01 0.000000000000000000e+00 7.092839546329700040e-01 1.520571952891109635e-01 5.110528904919390408e-02 9.548033085904026329e-01 4.413947135580041925e-01 0.000000000000000000e+00 0.000000000000000000e+00 3.448027647198802503e-01 1.926753995375914477e-02 3.806150269929130942e-02 9.991945207055017431e-01 9.998915267288283060e-01 0.000000000000000000e+00 0.000000000000000000e+00 2.369016943559370050e-02 0.000000000000000000e+00 9.812236882577359941e-05 5.312502301972762409e-01 0.000000000000000000e+00 0.000000000000000000e+00 0.000000000000000000e+00 4.953272963874969514e-01 9.708792429095211007e-01 0.000000000000000000e+00 9.289711452284122872e-01 1.280000000000000000e+02 -1.362333333333333307e+01
3.878545108602924341e-01 0.000000000000000000e+00 0.000000000000000000e+00 0.000000000000000000e+00 0.000000000000000000e+00 1.816443880228648389e-01 1.523446184001238032e-02 4.990791748343230416e-02 5.886867765224988724e-02 0.000000000000000000e+00 0.000000000000000000e+00 1.718394672145564517e-01 2.663881046863179688e-05 4.719167528107401366e-01 1.839531200822030338e-02 5.770431794714665774e-02 0.000000000000000000e+00 0.000000000000000000e+00 8.130710981818888017e-02 0.000000000000000000e+00 1.080651465014062368e-01 0.000000000000000000e+00 0.000000000000000000e+00 4.143878921078049116e-01 1.796331080651668022e-01 0.000000000000000000e+00 0.000000000000000000e+00 1.852923734348720930e-01 1.331208832753277838e-01 0.000000000000000000e+00 0.000000000000000000e+00 9.173033133518394833e-02 1.280000000000000000e+02 -1.308666666666666600e+01
0.000000000000000000e+00 0.000000000000000000e+00 2.468232399875951999e-01 0.000000000000000000e+00 0.000000000000000000e+00 0.000000000000000000e+00 0.000000000000000000e+00 0.000000000000000000e+00 7.041439634547361735e-03 2.319929167248520330e-02 1.341127049199250243e-01 2.518240859901348938e-01 3.198580011376745552e-02 2.019207099342554546e-01 0.000000000000000000e+00 0.000000000000000000e+00 0.000000000000000000e+00 6.694572312781189583e-01 3.277720257406335214e-01 0.000000000000000000e+00 9.852357442788454156e-01 0.000000000000000000e+00 3.183628730240133931e-01 0.000000000000000000e+00 1.000000000000000000e+00 3.595481303068396445e-02 0.000000000000000000e+00 5.413456812684146469e-01 4.720818145352638218e-01 0.000000000000000000e+00 2.893954718939591164e-02 0.000000000000000000e+00 1.280000000000000000e+02 -1.151333333333333364e+01
1.421553065569674257e-01 1.939048457163867339e-02 1.039987994560692131e-01 3.883252797536976969e-02 5.050465599060000033e-02 4.587139980392432315e-01 0.000000000000000000e+00 1.240011152544729101e-01 1.182453126634683098e-02 0.000000000000000000e+00 9.537181786817824358e-01 1.380975211636786271e-01 1.486575667036813160e-02 5.106623647648387415e-02 0.000000000000000000e+00 3.163129959180336903e-01 4.350629766915695140e-01 0.000000000000000000e+00 1.446688466034639665e-02 1.009061165469633987e-03 2.901675966966503137e-02 1.270959714346605197e-03 7.242754979481762743e-03 0.000000000000000000e+00 0.000000000000000000e+00 0.000000000000000000e+00 0.000000000000000000e+00 1.116469452477125285e-01 7.969591008731168394e-03 3.255146826465664112e-01 1.324848232185961427e-03 1.589210661250222518e-04 1.280000000000000000e+02 -1.065333333333333421e+01
0.000000000000000000e+00 7.619862411824801507e-02 8.547557305648183501e-01 6.785791931634275187e-01 5.483176767900298509e-01 0.000000000000000000e+00 0.000000000000000000e+00 7.657836185686474062e-01 8.828074468402085095e-01 0.000000000000000000e+00 0.000000000000000000e+00 1.117106958256400499e-05 1.300205597758701814e-01 0.000000000000000000e+00 2.916445078340643149e-01 0.000000000000000000e+00 0.000000000000000000e+00 2.197307217487598219e-01 0.000000000000000000e+00 0.000000000000000000e+00 8.799042554157818219e-02 5.050333819349344111e-01 4.433558637088802490e-03 1.220171834560670673e-02 0.000000000000000000e+00 0.000000000000000000e+00 3.600627464436950004e-02 0.000000000000000000e+00 0.000000000000000000e+00 0.000000000000000000e+00 2.259806814328670643e-01 0.000000000000000000e+00 1.280000000000000000e+02 -8.393333333333332646e+00
0.000000000000000000e+00 0.000000000000000000e+00 1.868401799409475650e-01 1.050591018811729699e-01 1.455897143445750164e-01 0.000000000000000000e+00 1.793613300665860684e-06 0.000000000000000000e+00 2.352018035901463910e-01 5.230086770575670223e-03 5.965439239146911807e-03 0.000000000000000000e+00 3.529090311180128198e-02 0.000000000000000000e+00 0.000000000000000000e+00 0.000000000000000000e+00 1.359938039202641391e-01 8.314632103407439437e-07 9.980633687844908675e-01 0.000000000000000000e+00 0.000000000000000000e+00 1.476692857760865674e-01 4.224657783984558379e-01 0.000000000000000000e+00 4.799445805665377707e-01 0.000000000000000000e+00 0.000000000000000000e+00 7.416808222682218510e-01 0.000000000000000000e+00 0.000000000000000000e+00 0.000000000000000000e+00 1.714251769703827866e-01 1.280000000000000000e+02 -1.275666666666666771e+01
0.000000000000000000e+00 0.000000000000000000e+00 2.976471652882567986e-01 0.000000000000000000e+00 0.000000000000000000e+00 0.000000000000000000e+00 0.000000000000000000e+00 3.452703447162786942e-03 0.000000000000000000e+00 0.000000000000000000e+00 1.375365049948865659e-01 0.000000000000000000e+00 1.529009487056445793e-01 4.788709036365991489e-02 6.292458559193874271e-03 0.000000000000000000e+00 0.000000000000000000e+00 0.000000000000000000e+00 1.697739063949338639e-03 2.068839057858051222e-01 1.892628121080120254e-02 0.000000000000000000e+00 0.000000000000000000e+00 0.000000000000000000e+00 0.000000000000000000e+00 2.589280764110203983e-02 0.000000000000000000e+00 1.206938241993152944e-05 0.000000000000000000e+00 0.000000000000000000e+00 0.000000000000000000e+00 8.281279107477810186e-04 1.280000000000000000e+02 -8.549999999999998934e+00
3.158878863860896791e-06 8.853925179663276746e-01 0.000000000000000000e+00 0.000000000000000000e+00 4.643993764030634464e-01 3.193682030192721249e-04 0.000000000000000000e+00 3.852111423906247611e-01 0.000000000000000000e+00 0.000000000000000000e+00 2.710996866070352257e-05 2.339372498979574517e-06 1.568116656475725817e-02 5.378060258408946526e-01 0.000000000000000000e+00 0.000000000000000000e+00 0.000000000000000000e+00 0.000000000000000000e+00 4.349903126046486589e-08 0.000000000000000000e+00 0.000000000000000000e+00 8.369416812294052654e-01 1.334774040215880586e-01 9.050912584796405302e-07 2.675412069510838542e-01 0.000000000000000000e+00 0.000000000000000000e+00 1.071557684907374491e-01 2.604518578989543087e-01 1.954427270766008751e-01 0.000000000000000000e+00 8.915287362754524547e-02 1.280000000000000000e+02 -1.095666666666666522e+01
2.645883605034617947e-01 5.560759347169879838e-03 1.736530997874509430e-01 0.000000000000000000e+00 0.000000000000000000e+00 0.000000000000000000e+00 0.000000000000000000e+00 1.000000000000000000e+00 0.000000000000000000e+00 0.000000000000000000e+00 2.471110720110801171e-02 2.524707645659984290e-01 0.000000000000000000e+00 0.000000000000000000e+00 0.000000000000000000e+00 6.118496693762409677e-01 1.011896207427435967e-01 0.000000000000000000e+00 0.000000000000000000e+00 0.000000000000000000e+00 0.000000000000000000e+00 0.000000000000000000e+00 0.000000000000000000e+00 1.366270547181409611e-01 1.097628056385161754e-01 4.635615077153762975e-01 0.000000000000000000e+00 2.059873803643523082e-03 0.000000000000000000e+00 0.000000000000000000e+00 2.257142845849832158e-01 2.259617252183079295e-01 1.280000000000000000e+02 -1.070999999999999908e+01
0.000000000000000000e+00 0.000000000000000000e+00 1.547658579795417044e-01 6.814598530359750050e-01 1.822612932621900383e-02 0.000000000000000000e+00 0.000000000000000000e+00 5.796658628490232168e-01 0.000000000000000000e+00 0.000000000000000000e+00 0.000000000000000000e+00 0.000000000000000000e+00 0.000000000000000000e+00 4.713594103469005980e-01 0.000000000000000000e+00 6.585657203991504560e-02 0.000000000000000000e+00 0.000000000000000000e+00 0.000000000000000000e+00 0.000000000000000000e+00 0.000000000000000000e+00 1.790349140745294346e-02 5.491979716503490871e-02 1.568618757578078282e-01 2.079642128996551237e-02 0.000000000000000000e+00 0.000000000000000000e+00 0.000000000000000000e+00 0.000000000000000000e+00 0.000000000000000000e+00 0.000000000000000000e+00 0.000000000000000000e+00 1.280000000000000000e+02 -1.037666666666666693e+01
0.000000000000000000e+00 0.000000000000000000e+00 0.000000000000000000e+00 1.487707835837911823e-02 7.105473564743118586e-02 4.734480647009127185e-01 1.275818279809162888e-04 0.000000000000000000e+00 2.827595696855352836e-01 0.000000000000000000e+00 0.000000000000000000e+00 0.000000000000000000e+00 0.000000000000000000e+00 0.000000000000000000e+00 0.000000000000000000e+00 0.000000000000000000e+00 3.592376075058280049e-01 9.999904304705036218e-01 3.500544658904709006e-01 6.967326446189455735e-01 7.010298771774843346e-04 2.694028842388244971e-02 0.000000000000000000e+00 2.805933793448594504e-01 1.020568495451366908e-01 0.000000000000000000e+00 0.000000000000000000e+00 0.000000000000000000e+00 2.658074354400052353e-01 2.622734946388446398e-01 5.291226604290587554e-01 2.590290977326682453e-01 1.280000000000000000e+02 -1.605999999999999872e+01
0.000000000000000000e+00 0.000000000000000000e+00 8.542909242097317113e-02 4.123710271839939878e-01 5.570523353989543791e-01 0.000000000000000000e+00 6.796917855019130039e-02 4.614166320991488763e-05 3.192555270612028040e-01 0.000000000000000000e+00 1.000000000000000000e+00 5.202031028720348615e-01 5.207411397494567940e-01 1.303696280344384673e-01 0.000000000000000000e+00 0.000000000000000000e+00 1.342174311695880059e-03 9.959600396878532935e-01 6.508246953615897702e-03 1.876828342752764542e-02 0.000000000000000000e+00 7.238373728534631957e-02 3.210585420691406539e-02 0.000000000000000000e+00 8.799497268826282914e-01 0.000000000000000000e+00 7.809235246783157169e-01 6.126178658442290592e-01 0.000000000000000000e+00 2.322243210881289877e-01 6.219782105706069819e-01 4.165282672016068629e-04 1.280000000000000000e+02 -1.274333333333333229e+01
0.000000000000000000e+00 0.000000000000000000e+00 4.856345741019126722e-02 0.000000000000000000e+00 0.000000000000000000e+00 0.000000000000000000e+00 0.000000000000000000e+00 1.915140502509649404e-06 1.618799655533416652e-06 1.245778134890713899e-04 9.915552832724540133e-01 7.933686020497972280e-02 1.908390940818068329e-02 9.102868620984564396e-01 3.882306942758594059e-02 1.000000000000000000e+00 7.178092751863190957e-01 1.000000000000000000e+00 7.878049549105302363e-02 7.950514792122916896e-01 0.000000000000000000e+00 6.113492576447173699e-01 3.950298407643593190e-02 0.000000000000000000e+00 1.970173287124306061e-01 8.071128879846833915e-01 0.000000000000000000e+00 6.384310144351101890e-01 8.959674702435973526e-01 9.568087434490335497e-02 9.311160416716798838e-02 0.000000000000000000e+00 1.280000000000000000e+02 -1.227666666666666551e+01
4.995075648788081907e-10 1.963426057625725918e-01 3.363615794717225715e-01 1.338540381842046045e-01 1.138063465666892268e-10 0.000000000000000000e+00 0.000000000000000000e+00 2.086544364580733766e-08 0.000000000000000000e+00 2.265226646451645454e-01 2.235771134963044637e-01 8.807605434907509467e-01 2.392919486236288196e-01 2.855148077116992367e-01 5.581623336904648625e-01 0.000000000000000000e+00 6.520318492249264075e-01 1.280101454073851591e-02 7.513504393999477227e-01 0.000000000000000000e+00 0.000000000000000000e+00 0.000000000000000000e+00 9.997644095377637985e-01 7.670112038258289910e-01 2.028772453866352788e-03 4.295276535414833258e-02 0.000000000000000000e+00 9.910871925791419068e-01 5.333765548896058917e-01 0.000000000000000000e+00 0.000000000000000000e+00 7.402680381904803986e-02 1.280000000000000000e+02 -1.525333333333333208e+01
2.468803523633463642e-02 0.000000000000000000e+00 9.129848416846085835e-01 0.000000000000000000e+00 0.000000000000000000e+00 5.358854886561061903e-01 0.000000000000000000e+00 0.000000000000000000e+00 5.195077657314770558e-01 8.054799364669232853e-01 0.000000000000000000e+00 5.909300314132637233e-01 6.145981187187310457e-01 0.000000000000000000e+00 0.000000000000000000e+00 3.573111748531714038e-02 0.000000000000000000e+00 8.476412570839167437e-02 2.201309374763948598e-02 2.092335897381521898e-02 3.304286971011651253e-01 4.709554439349217074e-03 0.000000000000000000e+00 2.100859570842886492e-01 6.466441522263963182e-02 8.692976302322555915e-01 1.245273238723019343e-02 3.863514145984200954e-02 1.435526450066472622e-02 2.792627020694103401e-01 1.326390558028705731e-13 1.086191541685181596e-04 1.280000000000000000e+02 -8.173333333333333783e+00
3.998196939157811491e-01 0.000000000000000000e+00 2.170666774315606687e-02 1.089985944327600959e-01 1.848892751019658989e-03 7.108530648832644960e-01 0.000000000000000000e+00 0.000000000000000000e+00 4.147977280683124435e-01 0.000000000000000000e+00 6.014041008165497137e-01 7.442539018969034359e-01 0.000000000000000000e+00 8.570178536387814683e-01 0.000000000000000000e+00 4.205182355555311874e-06 0.000000000000000000e+00 8.859291904459291045e-01 1.531640637466577803e-01 1.984303154537970723e-02 0.000000000000000000e+00 8.171882499638722930e-01 4.871032852927125595e-02 0.000000000000000000e+00 0.000000000000000000e+00 9.845583016596342052e-01 1.856950737791490669e-02 0.000000000000000000e+00 9.954000904007599404e-01 2.183279706210376758e-02 0.000000000000000000e+00 3.379715718442668493e-01 1.280000000000000000e+02 -1.066666666666666607e+01
0.000000000000000000e+00 0.000000000000000000e+00 0.000000000000000000e+00 0.000000000000000000e+00 3.948118646532908782e-01 5.819531503078680432e-05 0.000000000000000000e+00 0.000000000000000000e+00 1.293391794709685960e-01 0.000000000000000000e+00 0.000000000000000000e+00 0.000000000000000000e+00 2.301028634659720712e-03 0.000000000000000000e+00 0.000000000000000000e+00 0.000000000000000000e+00 6.281262992432130876e-02 0.000000000000000000e+00 3.398862932505715140e-01 5.350301330527166277e-01 0.000000000000000000e+00 0.000000000000000000e+00 0.000000000000000000e+00 5.321046053920073238e-01 3.570431480393582713e-01 5.651038898693942075e-02 3.953363133065438286e-07 0.000000000000000000e+00 1.551705585658851028e-01 2.582795705075057249e-02 0.000000000000000000e+00 0.000000000000000000e+00 1.280000000000000000e+02 -7.756666666666666821e+00
0.000000000000000000e+00 0.000000000000000000e+00 0.000000000000000000e+00 0.000000000000000000e+00 1.446885160191877656e-02 0.000000000000000000e+00 0.000000000000000000e+00 0.000000000000000000e+00 1.542477018849003900e-01 0.000000000000000000e+00 2.822128690707950818e-07 0.000000000000000000e+00 0.000000000000000000e+00 0.000000000000000000e+00 0.000000000000000000e+00 0.000000000000000000e+00 4.459473468146518682e-01 1.000000000000000000e+00 2.824042605871445177e-01 0.000000000000000000e+00 0.000000000000000000e+00 1.000000000000000000e+00 2.890649301565808571e-01 2.577644709058736217e-01 0.000000000000000000e+00 2.844671387527285267e-02 0.000000000000000000e+00 2.877476750435822295e-01 0.000000000000000000e+00 0.000000000000000000e+00 0.000000000000000000e+00 0.000000000000000000e+00 1.280000000000000000e+02 -1.603333333333333499e+01
0.000000000000000000e+00 0.000000000000000000e+00 6.007498386183593997e-01 0.000000000000000000e+00 0.000000000000000000e+00 5.526606382044327859e-01 0.000000000000000000e+00 0.000000000000000000e+00 0.000000000000000000e+00 0.000000000000000000e+00 0.000000000000000000e+00 0.000000000000000000e+00 2.482261391146991028e-02 0.000000000000000000e+00 0.000000000000000000e+00 0.000000000000000000e+00 0.000000000000000000e+00 0.000000000000000000e+00 0.000000000000000000e+00 0.000000000000000000e+00 0.000000000000000000e+00 2.634018358498757886e-02 1.826886707292665335e-01 0.000000000000000000e+00 0.000000000000000000e+00 0.000000000000000000e+00 0.000000000000000000e+00 0.000000000000000000e+00 3.681776212316029227e-03 5.566527186699865137e-04 0.000000000000000000e+00 3.235739721699720794e-01 1.280000000000000000e+02 -9.553333333333334565e+00
0.000000000000000000e+00 0.000000000000000000e+00 1.119989047625350315e-01 0.000000000000000000e+00 3.380597394704109027e-01 0.000000000000000000e+00 0.000000000000000000e+00 8.012935053283664066e-01 0.000000000000000000e+00 0.000000000000000000e+00 1.410600123769244485e-01 0.000000000000000000e+00 5.362619833418001691e-02 0.000000000000000000e+00 0.000000000000000000e+00 0.000000000000000000e+00 1.869988860201732550e-01 0.000000000000000000e+00 0.000000000000000000e+00 0.000000000000000000e+00 0.000000000000000000e+00 9.343704730874081293e-04 7.492910187486436779e-01 3.999990068274900668e-01 7.081880549330381580e-01 4.485388370412439207e-01 0.000000000000000000e+00 3.454977350240965306e-01 5.579840194498680850e-01 0.000000000000000000e+00 1.000000000000000000e+00 0.000000000000000000e+00 1.280000000000000000e+02 -1.206333333333333435e+01
0.000000000000000000e+00 0.000000000000000000e+00 0.000000000000000000e+00 0.000000000000000000e+00 0.000000000000000000e+00 0.000000000000000000e+00 0.000000000000000000e+00 0.000000000000000000e+00 2.288363635016501529e-01 1.428030021588441549e-02 4.653618309231911665e-01 5.624444695157092555e-01 1.946140871974373077e-01 7.018327347881468670e-02 0.000000000000000000e+00 0.000000000000000000e+00 0.000000000000000000e+00 0.000000000000000000e+00 0.000000000000000000e+00 0.000000000000000000e+00 5.017195486373789148e-02 0.000000000000000000e+00 0.000000000000000000e+00 0.000000000000000000e+00 0.000000000000000000e+00 0.000000000000000000e+00 3.225586051784411841e-04 0.000000000000000000e+00 9.780320209198006820e-01 8.890952495627571506e-02 0.000000000000000000e+00 0.000000000000000000e+00 1.280000000000000000e+02 -9.730000000000000426e+00
3.945932936913048444e-02 0.000000000000000000e+00 5.623184333631662049e-03 0.000000000000000000e+00 0.000000000000000000e+00 0.000000000000000000e+00 0.000000000000000000e+00 0.000000000000000000e+00 0.000000000000000000e+00 0.000000000000000000e+00 0.000000000000000000e+00 0.000000000000000000e+00 3.767755074017781897e-02 0.000000000000000000e+00 0.000000000000000000e+00 0.000000000000000000e+00 0.000000000000000000e+00 0.000000000000000000e+00 0.000000000000000000e+00 0.000000000000000000e+00 1.789952289270291264e-01 0.000000000000000000e+00 0.000000000000000000e+00 0.000000000000000000e+00 0.000000000000000000e+00 0.000000000000000000e+00 0.000000000000000000e+00 0.000000000000000000e+00 0.000000000000000000e+00 5.199590328724914556e-01 0.000000000000000000e+00 1.243152794706655212e-01 1.280000000000000000e+02 -1.163999999999999879e+01
0.000000000000000000e+00 0.000000000000000000e+00 2.002154183574469948e-02 0.000000000000000000e+00 0.000000000000000000e+00 0.000000000000000000e+00 0.000000000000000000e+00 0.000000000000000000e+00 0.000000000000000000e+00 1.478757719257205346e-02 5.873816853473488031e-01 0.000000000000000000e+00 0.000000000000000000e+00 7.774507553967281437e-01 0.000000000000000000e+00 0.000000000000000000e+00 0.000000000000000000e+00 8.148392413825928937e-01 0.000000000000000000e+00 2.944664387520254945e-01 4.252306559975150418e-02 3.541899765820041845e-01 4.092005717244105029e-02 8.189847049355179764e-04 3.732403706621665318e-01 0.000000000000000000e+00 0.000000000000000000e+00 4.006539919028486163e-01 1.785369458783708785e-01 0.000000000000000000e+00 1.511863342643398646e-02 2.880742311158188129e-01 1.280000000000000000e+02 -1.184999999999999964e+01
0.000000000000000000e+00 0.000000000000000000e+00 5.882168104111865775e-02 1.132019542309718324e-01 9.082724014136581148e-02 0.000000000000000000e+00 0.000000000000000000e+00 8.875752380558903087e-02 0.000000000000000000e+00 2.153892825424424118e-01 3.819047125932063108e-02 0.000000000000000000e+00 0.000000000000000000e+00 0.000000000000000000e+00 0.000000000000000000e+00 0.000000000000000000e+00 0.000000000000000000e+00 0.000000000000000000e+00 6.883495179292998811e-01 0.000000000000000000e+00 0.000000000000000000e+00 9.409369072760878083e-01 0.000000000000000000e+00 4.091630004756398598e-01 0.000000000000000000e+00 0.000000000000000000e+00 0.000000000000000000e+00 0.000000000000000000e+00 0.000000000000000000e+00 0.000000000000000000e+00 0.000000000000000000e+00 0.000000000000000000e+00 1.280000000000000000e+02 -9.630000000000000782e+00
0.000000000000000000e+00 0.000000000000000000e+00 0.000000000000000000e+00 0.000000000000000000e+00 2.323690967663009643e-01 0.000000000000000000e+00 0.000000000000000000e+00 0.000000000000000000e+00 3.145237637718616835e-02 0.000000000000000000e+00 3.114762316768283079e-01 0.000000000000000000e+00 0.000000000000000000e+00 0.000000000000000000e+00 0.000000000000000000e+00 0.000000000000000000e+00 9.108117197127344467e-01 2.238689543072966415e-01 0.000000000000000000e+00 0.000000000000000000e+00 0.000000000000000000e+00 0.000000000000000000e+00 0.000000000000000000e+00 0.000000000000000000e+00 0.000000000000000000e+00 0.000000000000000000e+00 0.000000000000000000e+00 0.000000000000000000e+00 8.847838358129650471e-01 6.719569540485685888e-01 0.000000000000000000e+00 1.000000000000000000e+00 1.280000000000000000e+02 -9.783333333333333215e+00
4.013366685058340072e-02 0.000000000000000000e+00 6.882949589916904920e-02 0.000000000000000000e+00 2.618855410754747717e-02 0.000000000000000000e+00 0.000000000000000000e+00 0.000000000000000000e+00 2.831150900623059519e-01 0.000000000000000000e+00 4.129108015682929345e-02 0.000000000000000000e+00 0.000000000000000000e+00 0.000000000000000000e+00 0.000000000000000000e+00 2.662183129294533046e-01 0.000000000000000000e+00 0.000000000000000000e+00 0.000000000000000000e+00 0.000000000000000000e+00 0.000000000000000000e+00 3.226143577184311662e-01 0.000000000000000000e+00 0.000000000000000000e+00 3.422157460250566663e-01 0.000000000000000000e+00 0.000000000000000000e+00 0.000000000000000000e+00 0.000000000000000000e+00 0.000000000000000000e+00 0.000000000000000000e+00 0.000000000000000000e+00 1.280000000000000000e+02 -9.786666666666667069e+00
4.779811583792945018e-02 0.000000000000000000e+00 0.000000000000000000e+00 0.000000000000000000e+00 0.000000000000000000e+00 1.882575367551739823e-05 3.129586894325319529e-02 1.302760308213982421e-01 0.000000000000000000e+00 0.000000000000000000e+00 2.960371559367019553e-02 0.000000000000000000e+00 2.695369214664616609e-09 5.944335889735510303e-01 0.000000000000000000e+00 6.978229461283095561e-04 1.138352061463352881e-03 0.000000000000000000e+00 0.000000000000000000e+00 0.000000000000000000e+00 4.010377285992910990e-01 1.734937816925292697e-01 4.212184060902832380e-06 0.000000000000000000e+00 0.000000000000000000e+00 5.292375322008102678e-02 0.000000000000000000e+00 0.000000000000000000e+00 0.000000000000000000e+00 6.951803750381994051e-01 0.000000000000000000e+00 2.546778304759331560e-06 1.280000000000000000e+02 -1.365666666666666629e+01
9.026749301055305708e-01 0.000000000000000000e+00 2.226954656757760276e-01 8.444158708575975059e-01 6.638908452229054236e-01 3.177882693945850989e-01 0.000000000000000000e+00 0.000000000000000000e+00 0.000000000000000000e+00 5.680434208997282202e-04 0.000000000000000000e+00 8.614572931432363800e-01 0.000000000000000000e+00 0.000000000000000000e+00 0.000000000000000000e+00 5.625064425478399910e-01 8.672509522842576646e-02 0.000000000000000000e+00 2.927446735778952217e-02 0.000000000000000000e+00 0.000000000000000000e+00 0.000000000000000000e+00 0.000000000000000000e+00 0.000000000000000000e+00 6.135267334174921983e-01 1.000000000000000000e+00 0.000000000000000000e+00 0.000000000000000000e+00 0.000000000000000000e+00 0.000000000000000000e+00 0.000000000000000000e+00 3.677124700024658743e-02 1.280000000000000000e+02 -8.583333333333333925e+00
0.000000000000000000e+00 0.000000000000000000e+00 4.230954947497482521e-02 0.000000000000000000e+00 2.831884048500523665e-01 3.482463921441665469e-03 0.000000000000000000e+00 0.000000000000000000e+00 0.000000000000000000e+00 0.000000000000000000e+00 5.971787585114884944e-02 0.000000000000000000e+00 1.990824260058657036e-01 0.000000000000000000e+00 0.000000000000000000e+00 0.000000000000000000e+00 1.112948134322538363e-01 0.000000000000000000e+00 0.000000000000000000e+00 1.867517677910461669e-03 0.000000000000000000e+00 0.000000000000000000e+00 1.184750203004923813e-01 0.000000000000000000e+00 8.658033850839388923e-02 5.706650726397124451e-01 2.508210490996779993e-03 0.000000000000000000e+00 6.788748567345517237e-01 8.374795354375041967e-02 0.000000000000000000e+00 0.000000000000000000e+00 1.280000000000000000e+02 -9.679999999999999716e+00
4.393587589372640601e-01 2.456683107189791548e-01 4.492950459587100598e-01 8.128590579386809623e-01 0.000000000000000000e+00 0.000000000000000000e+00 1.251529614758264790e-02 0.000000000000000000e+00 0.000000000000000000e+00 0.000000000000000000e+00 4.599516938322459336e-03 3.667503708976219655e-03 1.727080420385478932e-01 0.000000000000000000e+00 1.382702064048146884e-01 0.000000000000000000e+00 0.000000000000000000e+00 0.000000000000000000e+00 2.584368436645788705e-02 3.964449910257379361e-01 0.000000000000000000e+00 0.000000000000000000e+00 9.287946536225072380e-01 1.905431779500930956e-02 7.260759879772243908e-02 5.269264495805595430e-03 1.117627374518392336e-01 2.970434095216521395e-03 7.406220560908165496e-01 9.984377387540298576e-01 0.000000000000000000e+00 3.360894370272508645e-09 1.280000000000000000e+02 -1.094333333333333336e+01
6.900407626335752775e-01 0.000000000000000000e+00 0.000000000000000000e+00 0.000000000000000000e+00 0.000000000000000000e+00 2.656615802242907054e-01 2.970420427160331070e-02 0.000000000000000000e+00 7.723301008063429007e-01 0.000000000000000000e+00 1.124396620396700408e-02 0.000000000000000000e+00 0.000000000000000000e+00 0.000000000000000000e+00 1.419139270179250664e-02 0.000000000000000000e+00 5.834025390858336158e-01 0.000000000000000000e+00 0.000000000000000000e+00 0.000000000000000000e+00 0.000000000000000000e+00 0.000000000000000000e+00 0.000000000000000000e+00 7.210859001647708377e-02 0.000000000000000000e+00 0.000000000000000000e+00 7.431399621923727786e-03 0.000000000000000000e+00 0.000000000000000000e+00 0.000000000000000000e+00 0.000000000000000000e+00 0.000000000000000000e+00 1.280000000000000000e+02 -5.556666666666665755e+00
0.000000000000000000e+00 0.000000000000000000e+00 7.339527360777511888e-02 3.592680546397201691e-01 0.000000000000000000e+00 0.000000000000000000e+00 8.452914721229991919e-04 0.000000000000000000e+00 0.000000000000000000e+00 0.000000000000000000e+00 0.000000000000000000e+00 0.000000000000000000e+00 0.000000000000000000e+00 4.884836738807351586e-01 0.000000000000000000e+00 0.000000000000000000e+00 1.000000000000000000e+00 8.580236814319142091e-01 0.000000000000000000e+00 0.000000000000000000e+00 0.000000000000000000e+00 0.000000000000000000e+00 9.982448340447963586e-01 8.329750058640672744e-04 0.000000000000000000e+00 0.000000000000000000e+00 0.000000000000000000e+00 0.000000000000000000e+00 0.000000000000000000e+00 4.131784357792086387e-02 0.000000000000000000e+00 9.663094521438942985e-01 1.280000000000000000e+02 -1.333666666666666778e+01
0.000000000000000000e+00 1.768905076214990699e-02 6.875260132547095920e-03 0.000000000000000000e+00 0.000000000000000000e+00 0.000000000000000000e+00 0.000000000000000000e+00 0.000000000000000000e+00 0.000000000000000000e+00 5.857235866823937709e-01 1.000000000000000000e+00 1.311235650255369867e-01 6.402290844485116102e-03 5.690848880464948190e-01 0.000000000000000000e+00 0.000000000000000000e+00 0.000000000000000000e+00 5.218617229927668966e-01 0.000000000000000000e+00 0.000000000000000000e+00 9.166786364100090179e-01 0.000000000000000000e+00 0.000000000000000000e+00 0.000000000000000000e+00 1.903711481878352443e-02 0.000000000000000000e+00 0.000000000000000000e+00 5.840428459734314792e-01 0.000000000000000000e+00 0.000000000000000000e+00 0.000000000000000000e+00 3.328246836844318216e-03 1.280000000000000000e+02 -1.100999999999999979e+01
3.717591546781065753e-04 2.783049083334410145e-02 0.000000000000000000e+00 7.350615925313072618e-02 3.360522198240092212e-02 0.000000000000000000e+00 0.000000000000000000e+00 0.000000000000000000e+00 2.035065088556683218e-03 0.000000000000000000e+00 9.791095844984317731e-01 0.000000000000000000e+00 8.673518552103239854e-01 0.000000000000000000e+00 0.000000000000000000e+00 0.000000000000000000e+00 0.000000000000000000e+00 7.014409270503664251e-01 2.021633927406608355e-01 7.380495143950080439e-02 0.000000000000000000e+00 5.772545642011047695e-01 3.493212036460339315e-02 0.000000000000000000e+00 4.838950529341279339e-01 7.993797413712361299e-01 1.633590062393527054e-01 3.884334600717723315e-04 4.381001121450742164e-02 7.555257554083005811e-01 0.000000000000000000e+00 1.145657478041761516e-04 1.280000000000000000e+02 -1.268666666666666742e+01
0.000000000000000000e+00 6.296179988471926059e-01 0.000000000000000000e+00 0.000000000000000000e+00 4.414167698394506900e-02 9.022553420389495726e-05 0.000000000000000000e+00 5.827190189724697211e-02 5.499712649172479040e-01 0.000000000000000000e+00 0.000000000000000000e+00 0.000000000000000000e+00 5.909958446314665936e-01 2.594311025891991584e-01 7.359060590708097482e-01 1.137953083028564738e-01 3.586043832800375232e-03 2.504449352753699426e-02 0.000000000000000000e+00 0.000000000000000000e+00 0.000000000000000000e+00 1.362502939311154276e-03 2.139514363783129314e-01 3.923513946419858733e-01 0.000000000000000000e+00 0.000000000000000000e+00 0.000000000000000000e+00 0.000000000000000000e+00 3.527779344490513530e-02 0.000000000000000000e+00 0.000000000000000000e+00 1.000000000000000000e+00 1.280000000000000000e+02 -1.263000000000000078e+01
3.672604460550263350e-01 0.000000000000000000e+00 7.080703960226892614e-03 0.000000000000000000e+00 1.635039760258753458e-02 6.723857145349403097e-02 4.959092162111525259e-01 0.000000000000000000e+00 7.121709600548312407e-04 1.000000000000000000e+00 1.438979533731928571e-02 2.199484515873424140e-01 9.879228268701578664e-03 9.820924156361022783e-01 6.227042668178213169e-01 0.000000000000000000e+00 0.000000000000000000e+00 1.404865850196369004e-01 5.489554019241591476e-01 0.000000000000000000e+00 0.000000000000000000e+00 6.205825849439853270e-01 1.000000000000000000e+00 1.072375130888054556e-01 6.070170648752267611e-02 0.000000000000000000e+00 9.521523549281309950e-01 0.000000000000000000e+00 9.602429934425383840e-01 7.563069672169572821e-02 0.000000000000000000e+00 0.000000000000000000e+00 1.280000000000000000e+02 -1.273333333333333428e+01
0.000000000000000000e+00 3.109048373673594656e-01 7.154736183413437089e-01 0.000000000000000000e+00 2.055206368301326983e-02 2.981546360378956734e-02 0.000000000000000000e+00 0.000000000000000000e+00 5.396406529338646507e-01 0.000000000000000000e+00 0.000000000000000000e+00 0.000000000000000000e+00 0.000000000000000000e+00 6.188108974363253356e-01 5.012062088303909091e-01 0.000000000000000000e+00 0.000000000000000000e+00 4.255275026880035727e-03 0.000000000000000000e+00 0.000000000000000000e+00 0.000000000000000000e+00 0.000000000000000000e+00 9.671925178250015964e-01 0.000000000000000000e+00 2.242358648511473887e-02 0.000000000000000000e+00 6.075812428711124813e-01 0.000000000000000000e+00 4.663332149223292644e-01 0.000000000000000000e+00 0.000000000000000000e+00 0.000000000000000000e+00 1.280000000000000000e+02 -1.336999999999999922e+01
0.000000000000000000e+00 0.000000000000000000e+00 0.000000000000000000e+00 0.000000000000000000e+00 0.000000000000000000e+00 0.000000000000000000e+00 1.221765405608345612e-03 0.000000000000000000e+00 2.822361813880536752e-01 0.000000000000000000e+00 5.906742820064859734e-01 0.000000000000000000e+00 0.000000000000000000e+00 7.223060629757878011e-07 3.876731419001222534e-02 1.671118014791879158e-01 0.000000000000000000e+00 0.000000000000000000e+00 6.647826463157899823e-01 3.855120562686327745e-01 1.756620155962392849e-01 0.000000000000000000e+00 9.999998351327857860e-01 0.000000000000000000e+00 9.991666808630805807e-01 0.000000000000000000e+00 0.000000000000000000e+00 9.744121925894103087e-02 0.000000000000000000e+00 9.818361305227745195e-01 0.000000000000000000e+00 1.236089659655979084e-02 1.280000000000000000e+02 -1.453000000000000114e+01
0.000000000000000000e+00 9.239057343587434024e-02 0.000000000000000000e+00 0.000000000000000000e+00 0.000000000000000000e+00 9.521135951931353203e-02 0.000000000000000000e+00 0.000000000000000000e+00 6.144476955664943119e-02 0.000000000000000000e+00 9.817508613101091353e-01 0.000000000000000000e+00 0.000000000000000000e+00 2.859734395348812776e-03 0.000000000000000000e+00 0.000000000000000000e+00 3.178178495316784091e-01 0.000000000000000000e+00 0.000000000000000000e+00 2.182910008577984562e-02 5.446831326057000044e-01 5.207342208694110131e-01 0.000000000000000000e+00 6.692355927653492959e-04 4.653277556029281059e-01 0.000000000000000000e+00 0.000000000000000000e+00 2.693008486455489847e-01 0.000000000000000000e+00 0.000000000000000000e+00 7.666992356037079237e-02 0.000000000000000000e+00 1.280000000000000000e+02 -9.443333333333333357e+00
0.000000000000000000e+00 0.000000000000000000e+00 0.000000000000000000e+00 0.000000000000000000e+00 4.491805209963675022e-02 0.000000000000000000e+00 0.000000000000000000e+00 1.315730699955791616e-01 0.000000000000000000e+00 9.026424722062905692e-01 1.178761923945801093e-01 0.000000000000000000e+00 0.000000000000000000e+00 0.000000000000000000e+00 0.000000000000000000e+00 0.000000000000000000e+00 0.000000000000000000e+00 3.346853904269328495e-01 0.000000000000000000e+00 4.372840013435466133e-01 0.000000000000000000e+00 2.425650374397214926e-01 4.858098081003224822e-01 1.000000000000000000e+00 1.000000000000000000e+00 0.000000000000000000e+00 0.000000000000000000e+00 0.000000000000000000e+00 0.000000000000000000e+00 0.000000000000000000e+00 0.000000000000000000e+00 0.000000000000000000e+00 1.280000000000000000e+02 -1.249000000000000021e+01
0.000000000000000000e+00 0.000000000000000000e+00 3.211652901277368966e-02 5.691866403227866661e-02 0.000000000000000000e+00 0.000000000000000000e+00 0.000000000000000000e+00 3.859559646444106207e-01 3.552619453835947905e-01 0.000000000000000000e+00 0.000000000000000000e+00 0.000000000000000000e+00 0.000000000000000000e+00 0.000000000000000000e+00 0.000000000000000000e+00 0.000000000000000000e+00 0.000000000000000000e+00 1.810176587635020928e-01 0.000000000000000000e+00 0.000000000000000000e+00 0.000000000000000000e+00 0.000000000000000000e+00 0.000000000000000000e+00 0.000000000000000000e+00 8.102551289772681464e-01 0.000000000000000000e+00 2.375776744434035803e-01 0.000000000000000000e+00 9.735795788793454031e-02 4.580177107419669547e-01 0.000000000000000000e+00 0.000000000000000000e+00 1.280000000000000000e+02 -1.402666666666666551e+01
0.000000000000000000e+00 0.000000000000000000e+00 0.000000000000000000e+00 0.000000000000000000e+00 5.257969152430772564e-01 0.000000000000000000e+00 0.000000000000000000e+00 0.000000000000000000e+00 0.000000000000000000e+00 0.000000000000000000e+00 0.000000000000000000e+00 0.000000000000000000e+00 0.000000000000000000e+00 0.000000000000000000e+00 0.000000000000000000e+00 9.670849303364127403e-01 0.000000000000000000e+00 8.793235143382603924e-01 1.334635077364478284e-01 1.248872063554743058e-05 0.000000000000000000e+00 0.000000000000000000e+00 0.000000000000000000e+00 1.000000000000000000e+00 0.000000000000000000e+00 2.107093619004455909e-01 4.672338994519422695e-01 0.000000000000000000e+00 1.439963955027513123e-04 9.694203608857589541e-03 8.163587791845887398e-03 7.054519436709566493e-02 1.280000000000000000e+02 -1.041666666666666607e+01
0.000000000000000000e+00 0.000000000000000000e+00 4.277162855734264468e-01 0.000000000000000000e+00 0.000000000000000000e+00 0.000000000000000000e+00 0.000000000000000000e+00 0.000000000000000000e+00 0.000000000000000000e+00 0.000000000000000000e+00 1.396451107183549201e-01 1.642187563081489998e-01 0.000000000000000000e+00 5.211824498628468971e-01 0.000000000000000000e+00 0.000000000000000000e+00 5.509961333910161629e-01 3.298659270800836929e-02 2.377833123583647235e-01 3.112983627881915974e-02 0.000000000000000000e+00 5.222607337763628815e-02 0.000000000000000000e+00 1.814186325427657731e-01 0.000000000000000000e+00 0.000000000000000000e+00 1.302684727839111857e-02 0.000000000000000000e+00 0.000000000000000000e+00 2.028895532412695046e-01 0.000000000000000000e+00 2.969723513989056540e-01 1.280000000000000000e+02 -1.338000000000000078e+01
3.902750012923239569e-08 6.088156234211156148e-02 4.782059705070825847e-08 0.000000000000000000e+00 0.000000000000000000e+00 1.000000000000000000e+00 0.000000000000000000e+00 0.000000000000000000e+00 0.000000000000000000e+00 0.000000000000000000e+00 8.613853489841942768e-01 2.577603248952344342e-02 0.000000000000000000e+00 8.472226525911540351e-01 0.000000000000000000e+00 0.000000000000000000e+00 0.000000000000000000e+00 1.900129510364718943e-01 0.000000000000000000e+00 6.197735617122061003e-01 0.000000000000000000e+00 0.000000000000000000e+00 6.314786939250457420e-01 1.929400762356850343e-03 9.999073477670524790e-01 7.695158761808370551e-01 6.189181361774866996e-01 3.440245723264422906e-01 9.295706105064662772e-01 3.160627851635472441e-01 0.000000000000000000e+00 0.000000000000000000e+00 1.280000000000000000e+02 -1.167000000000000171e+01
0.000000000000000000e+00 0.000000000000000000e+00 6.833564015824881155e-01 0.000000000000000000e+00 0.000000000000000000e+00 6.416186070954185694e-02 0.000000000000000000e+00 6.468484683011104242e-01 9.607386925553932366e-01 3.845408969768703000e-02 0.000000000000000000e+00 0.000000000000000000e+00 0.000000000000000000e+00 1.828093411081169462e-01 2.568305793114787905e-01 0.000000000000000000e+00 1.604983781136366250e-01 0.000000000000000000e+00 9.744595161344666856e-01 5.534575211349905544e-02 0.000000000000000000e+00 0.000000000000000000e+00 0.000000000000000000e+00 0.000000000000000000e+00 5.644817567133838913e-03 0.000000000000000000e+00 0.000000000000000000e+00 0.000000000000000000e+00 9.992584142774495470e-01 2.680691211586603284e-01 6.105257406426410627e-02 0.000000000000000000e+00 1.280000000000000000e+02 -1.089666666666666650e+01
0.000000000000000000e+00 0.000000000000000000e+00 1.000000000000000000e+00 9.143807015161641294e-01 8.038285372507691928e-01 6.274079703487837889e-02 0.000000000000000000e+00 0.000000000000000000e+00 0.000000000000000000e+00 3.490418837257132645e-01 0.000000000000000000e+00 3.307491824572174072e-03 0.000000000000000000e+00 0.000000000000000000e+00 0.000000000000000000e+00 0.000000000000000000e+00 5.137990259344069922e-03 0.000000000000000000e+00 1.000000000000000000e+00 0.000000000000000000e+00 1.258068139187237533e-01 9.621613995276406817e-01 2.445527054117914943e-07 9.998954545056444321e-01 1.000000000000000000e+00 8.359797752814004390e-01 6.991099895242306461e-01 0.000000000000000000e+00 5.880318317612901469e-01 2.478369348537242112e-01 2.266850119924642207e-03 1.314516857856429070e-02 1.280000000000000000e+02 -9.080000000000000071e+00
0.000000000000000000e+00 1.284694405185500266e-01 0.000000000000000000e+00 0.000000000000000000e+00 0.000000000000000000e+00 0.000000000000000000e+00 0.000000000000000000e+00 0.000000000000000000e+00 0.000000000000000000e+00 0.000000000000000000e+00 0.000000000000000000e+00 0.000000000000000000e+00 0.000000000000000000e+00 0.000000000000000000e+00 0.000000000000000000e+00 1.000000000000000000e+00 0.000000000000000000e+00 0.000000000000000000e+00 0.000000000000000000e+00 0.000000000000000000e+00 0.000000000000000000e+00 4.299343193962568699e-01 0.000000000000000000e+00 3.575706116179220295e-01 7.390679122615147201e-02 0.000000000000000000e+00 0.000000000000000000e+00 0.000000000000000000e+00 0.000000000000000000e+00 0.000000000000000000e+00 0.000000000000000000e+00 0.000000000000000000e+00 1.280000000000000000e+02 -9.560000000000000497e+00
0.000000000000000000e+00 0.000000000000000000e+00 8.301947176732596065e-03 7.465967554577116437e-03 0.000000000000000000e+00 1.913405473769666243e-01 0.000000000000000000e+00 0.000000000000000000e+00 0.000000000000000000e+00 4.929216817832113851e-01 2.223140933258699881e-01 2.541496090891268156e-02 0.000000000000000000e+00 0.000000000000000000e+00 0.000000000000000000e+00 0.000000000000000000e+00 1.295913261996302912e-01 0.000000000000000000e+00 4.729237254108484279e-01 0.000000000000000000e+00 0.000000000000000000e+00 0.000000000000000000e+00 0.000000000000000000e+00 8.021702186369504550e-02 8.895789229000685694e-01 0.000000000000000000e+00 0.000000000000000000e+00 0.000000000000000000e+00 0.000000000000000000e+00 0.000000000000000000e+00 0.000000000000000000e+00 2.529641353972336137e-01 1.280000000000000000e+02 -8.283333333333333215e+00
0.000000000000000000e+00 0.000000000000000000e+00 0.000000000000000000e+00 0.000000000000000000e+00 0.000000000000000000e+00 0.000000000000000000e+00 6.172779195687788656e-01 0.000000000000000000e+00 6.385950727681531935e-01 0.000000000000000000e+00 5.162449577440559878e-01 4.815001236525556089e-02 5.887161523146441366e-01 3.686472917062267873e-01 0.000000000000000000e+00 0.000000000000000000e+00 0.000000000000000000e+00 2.617899355238287318e-02 3.989861615671512506e-04 1.451183097658574894e-01 4.678955898233645022e-02 0.000000000000000000e+00 5.390726591154478831e-01 0.000000000000000000e+00 0.000000000000000000e+00 0.000000000000000000e+00 2.854866195394959241e-02 0.000000000000000000e+00 0.000000000000000000e+00 4.240284311795946420e-02 5.212368160704248243e-01 1.249328633197822264e-06 1.280000000000000000e+02 -1.228333333333333321e+01
4.406599523338353697e-01 0.000000000000000000e+00 0.000000000000000000e+00 0.000000000000000000e+00 0.000000000000000000e+00 0.000000000000000000e+00 0.000000000000000000e+00 0.000000000000000000e+00 2.079955450468912170e-01 0.000000000000000000e+00 8.030667765989646378e-01 0.000000000000000000e+00 0.000000000000000000e+00 0.000000000000000000e+00 0.000000000000000000e+00 0.000000000000000000e+00 0.000000000000000000e+00 0.000000000000000000e+00 0.000000000000000000e+00 0.000000000000000000e+00 0.000000000000000000e+00 0.000000000000000000e+00 0.000000000000000000e+00 0.000000000000000000e+00 0.000000000000000000e+00 0.000000000000000000e+00 0.000000000000000000e+00 0.000000000000000000e+00 0.000000000000000000e+00 0.000000000000000000e+00 0.000000000000000000e+00 1.000000000000000000e+00 1.280000000000000000e+02 -1.279333333333333123e+01
0.000000000000000000e+00 0.000000000000000000e+00 5.972926188048026663e-01 3.167988653599054794e-01 0.000000000000000000e+00 1.863335450128753568e-01 0.000000000000000000e+00 1.180454813788013731e-07 0.000000000000000000e+00 4.311157085985349302e-01 1.000000000000000000e+00 8.397721189229842217e-03 3.239034222905863292e-01 4.308170056578339291e-01 1.089915643928320715e-01 0.000000000000000000e+00 5.789361860092225864e-01 7.037605639031573324e-01 6.206637158646002295e-01 0.000000000000000000e+00 0.000000000000000000e+00 3.404060410982702456e-02 2.157539169252328432e-05 5.394635989716066726e-01 7.706642536905613516e-01 0.000000000000000000e+00 7.771261369809624453e-01 2.993748543189195255e-01 4.145996942258870499e-01 5.875370063419760314e-01 0.000000000000000000e+00 7.325071312851001437e-01 1.280000000000000000e+02 -1.393333333333333179e+01
1.000000000000000000e+00 3.197847764406451798e-01 0.000000000000000000e+00 2.658694374008323559e-06 0.000000000000000000e+00 0.000000000000000000e+00 0.000000000000000000e+00 1.000000000000000000e+00 0.000000000000000000e+00 0.000000000000000000e+00 0.000000000000000000e+00 0.000000000000000000e+00 0.000000000000000000e+00 0.000000000000000000e+00 5.182205646407821859e-02 0.000000000000000000e+00 0.000000000000000000e+00 3.608185848982137234e-01 9.584835176381606425e-01 0.000000000000000000e+00 0.000000000000000000e+00 0.000000000000000000e+00 2.517252003954015271e-03 0.000000000000000000e+00 0.000000000000000000e+00 0.000000000000000000e+00 2.443056354069000624e-01 0.000000000000000000e+00 0.000000000000000000e+00 7.835623153830846566e-02 0.000000000000000000e+00 0.000000000000000000e+00 1.280000000000000000e+02 -8.519999999999999574e+00
0.000000000000000000e+00 0.000000000000000000e+00 3.588680067259187312e-01 0.000000000000000000e+00 1.451521525587666376e-03 8.601209091229047310e-01 0.000000000000000000e+00 5.658470823366507085e-01 0.000000000000000000e+00 0.000000000000000000e+00 0.000000000000000000e+00 9.872850486040561924e-01 4.630612562701769686e-01 3.109332288520564019e-03 0.000000000000000000e+00 0.000000000000000000e+00 2.904022691524163873e-05 6.480715351802078805e-01 2.857896906551374294e-01 7.463493873143168811e-01 0.000000000000000000e+00 0.000000000000000000e+00 5.269599672723237344e-02 1.252628538346260700e-01 0.000000000000000000e+00 0.000000000000000000e+00 1.139002447955734902e-02 0.000000000000000000e+00 0.000000000000000000e+00 0.000000000000000000e+00 0.000000000000000000e+00 1.386238841540935081e-02 1.280000000000000000e+02 -8.609999999999999432e+00
9.529726834497584398e-03 0.000000000000000000e+00 3.265245405221153807e-01 0.000000000000000000e+00 0.000000000000000000e+00 0.000000000000000000e+00 0.000000000000000000e+00 0.000000000000000000e+00 0.000000000000000000e+00 0.000000000000000000e+00 1.607519733393652783e-01 3.029841222833619119e-01 0.000000000000000000e+00 0.000000000000000000e+00 0.000000000000000000e+00 0.000000000000000000e+00 5.248045603874452736e-01 0.000000000000000000e+00 6.830389045363397145e-03 0.000000000000000000e+00 0.000000000000000000e+00 0.000000000000000000e+00 0.000000000000000000e+00 0.000000000000000000e+00 0.000000000000000000e+00 4.406925676379950391e-02 0.000000000000000000e+00 4.516156944593769373e-01 0.000000000000000000e+00 3.226239080484050725e-01 0.000000000000000000e+00 0.000000000000000000e+00 1.280000000000000000e+02 -1.234999999999999964e+01
1.503353876947409185e-01 0.000000000000000000e+00 1.665654105337454390e-03 0.000000000000000000e+00 0.000000000000000000e+00 1.666200853932842674e-01 9.183677087815808049e-01 2.809918741560852307e-01 0.000000000000000000e+00 0.000000000000000000e+00 0.000000000000000000e+00 9.094017516340788809e-01 0.000000000000000000e+00 1.724449877202647863e-01 5.352785307967123903e-04 0.000000000000000000e+00 0.000000000000000000e+00 0.000000000000000000e+00 3.906308593546964913e-01 0.000000000000000000e+00 0.000000000000000000e+00 9.138641922516549387e-01 8.180885478069093580e-03 0.000000000000000000e+00 4.035425833837941734e-01 1.692603157233862551e-02 9.576061611974218124e-03 1.458361720027467612e-01 2.811006589421134482e-08 4.135192356287891724e-01 0.000000000000000000e+00 0.000000000000000000e+00 1.280000000000000000e+02 -1.021666666666666679e+01
1.971376525130023039e-01 0.000000000000000000e+00 8.315516193490460894e-01 3.303336276823717887e-02 4.996677174255285125e-01 0.000000000000000000e+00 0.000000000000000000e+00 0.000000000000000000e+00 0.000000000000000000e+00 0.000000000000000000e+00 4.869144843575716197e-01 0.000000000000000000e+00 8.790994536324319916e-03 0.000000000000000000e+00 1.088374256014038553e-02 0.000000000000000000e+00 5.724019872285564942e-02 6.901366172443312852e-02 0.000000000000000000e+00 0.000000000000000000e+00 1.587343052980326463e-03 0.000000000000000000e+00 1.819843809549369640e-01 0.000000000000000000e+00 0.000000000000000000e+00 1.558635289551487009e-02 8.548010308550935132e-02 1.819454092209930310e-03 0.000000000000000000e+00 3.821988332438827629e-02 0.000000000000000000e+00 3.873782657524436623e-01 1.280000000000000000e+02 -9.246666666666666146e+00
0.000000000000000000e+00 0.000000000000000000e+00 0.000000000000000000e+00 1.186775323413795935e-01 0.000000000000000000e+00 3.073155605361430065e-01 0.000000000000000000e+00 0.000000000000000000e+00 0.000000000000000000e+00 0.000000000000000000e+00 0.000000000000000000e+00 9.448445852354868668e-01 0.000000000000000000e+00 0.000000000000000000e+00 0.000000000000000000e+00 0.000000000000000000e+00 0.000000000000000000e+00 0.000000000000000000e+00 0.000000000000000000e+00 5.087901814504481868e-01 0.000000000000000000e+00 1.033608800023807089e-01 0.000000000000000000e+00 0.000000000000000000e+00 0.000000000000000000e+00 0.000000000000000000e+00 0.000000000000000000e+00 0.000000000000000000e+00 0.000000000000000000e+00 8.339372059092309275e-01 0.000000000000000000e+00 0.000000000000000000e+00 1.280000000000000000e+02 -8.446666666666667211e+00
0.000000000000000000e+00 5.159015704969096561e-01 0.000000000000000000e+00 0.000000000000000000e+00 0.000000000000000000e+00 2.888868737634091577e-01 0.000000000000000000e+00 0.000000000000000000e+00 4.358765167979137822e-01 0.000000000000000000e+00 2.687897365796160579e-02 3.085651150883563475e-03 2.509022552579400211e-01 0.000000000000000000e+00 0.000000000000000000e+00 0.000000000000000000e+00 0.000000000000000000e+00 0.000000000000000000e+00 0.000000000000000000e+00 0.000000000000000000e+00 1.892951608127136087e-01 3.932839339394728073e-01 9.352585774183641565e-01 2.487633375790136991e-01 5.175458480730058160e-04 0.000000000000000000e+00 1.456618494223646532e-01 8.504339395771601251e-02 5.062151630569347027e-01 4.298498952191608102e-03 1.206076703228848579e-01 0.000000000000000000e+00 1.280000000000000000e+02 -1.317333333333333201e+01
3.988798053249349440e-01 0.000000000000000000e+00 0.000000000000000000e+00 3.364025141553981298e-03 1.711539422954025391e-01 0.000000000000000000e+00 0.000000000000000000e+00 1.484230099267772052e-02 2.349464916826787472e-02 8.457761141137635219e-01 5.957195305640404781e-01 0.000000000000000000e+00 6.786796409427866064e-03 9.447962841979223826e-04 0.000000000000000000e+00 2.470394990846271066e-01 0.000000000000000000e+00 7.880301945857668411e-01 8.875893489858296403e-01 0.000000000000000000e+00 0.000000000000000000e+00 4.200119789179898588e-01 5.693002698689438867e-01 0.000000000000000000e+00 9.477349859702088875e-01 0.000000000000000000e+00 0.000000000000000000e+00 0.000000000000000000e+00 7.688187509834273512e-04 3.964796545236967673e-01 0.000000000000000000e+00 2.021296166914292888e-04 1.280000000000000000e+02 -1.410999999999999943e+01
0.000000000000000000e+00 0.000000000000000000e+00 6.635177513331260712e-01 0.000000000000000000e+00 2.112272334393084164e-02 0.000000000000000000e+00 0.000000000000000000e+00 5.203715521487071310e-02 8.395264189258768717e-01 0.000000000000000000e+00 0.000000000000000000e+00 2.957918507178453615e-01 3.594073156370430899e-02 0.000000000000000000e+00 0.000000000000000000e+00 0.000000000000000000e+00 1.750346028718942695e-02 2.833215890597288178e-01 2.468141981744585711e-01 0.000000000000000000e+00 0.000000000000000000e+00 0.000000000000000000e+00 0.000000000000000000e+00 1.000000000000000000e+00 5.099995178187687744e-02 0.000000000000000000e+00 0.000000000000000000e+00 1.000000000000000000e+00 1.827324740440148254e-01 8.636595057022710131e-01 0.000000000000000000e+00 0.000000000000000000e+00 1.280000000000000000e+02 -1.212333333333333307e+01
0.000000000000000000e+00 3.957724137381504510e-06 0.000000000000000000e+00 3.039558690236437988e-01 0.000000000000000000e+00 6.507345464793954584e-06 0.000000000000000000e+00 8.778343599018759908e-09 0.000000000000000000e+00 2.955525251728331471e-01 9.999950900106004958e-01 5.710389943247277111e-01 5.229077436598029288e-02 0.000000000000000000e+00 0.000000000000000000e+00 1.000000000000000000e+00 1.224666412874362981e-01 0.000000000000000000e+00 2.250956797871109868e-06 1.160497667014162659e-05 5.877999972367230208e-02 1.501637422710954241e-04 8.371602039740023704e-01 0.000000000000000000e+00 0.000000000000000000e+00 1.433486271041098103e-01 0.000000000000000000e+00 1.466822486391843872e-01 2.763639168740893437e-01 1.145870494277941932e-08 3.101449242037287421e-06 7.529874784873897831e-01 1.280000000000000000e+02 -1.184999999999999964e+01
0.000000000000000000e+00 3.029187963898518077e-01 1.155041595380219277e-01 0.000000000000000000e+00 9.997813815614474686e-01 6.093707595772924757e-01 0.000000000000000000e+00 1.339652585588779711e-03 4.355001703404987601e-01 0.000000000000000000e+00 2.102190424772858168e-01 0.000000000000000000e+00 9.976877479400325655e-01 0.000000000000000000e+00 0.000000000000000000e+00 0.000000000000000000e+00 7.720905072032747674e-01 9.968627810647168186e-01 8.938931358673632976e-01 0.000000000000000000e+00 0.000000000000000000e+00 0.000000000000000000e+00 1.982360896838840023e-02 0.000000000000000000e+00 2.106591587259445952e-01 2.382560627909308115e-01 0.000000000000000000e+00 1.621154901786789424e-03 0.000000000000000000e+00 0.000000000000000000e+00 0.000000000000000000e+00 0.000000000000000000e+00 1.280000000000000000e+02 -7.836666666666666003e+00
0.000000000000000000e+00 5.511134278091109895e-01 0.000000000000000000e+00 0.000000000000000000e+00 4.699915940985791712e-02 2.347106609227632423e-02 0.000000000000000000e+00 0.000000000000000000e+00 0.000000000000000000e+00 0.000000000000000000e+00 1.586535153332936654e-01 0.000000000000000000e+00 0.000000000000000000e+00 1.226155580688691876e-02 0.000000000000000000e+00 0.000000000000000000e+00 0.000000000000000000e+00 0.000000000000000000e+00 0.000000000000000000e+00 0.000000000000000000e+00 0.000000000000000000e+00 4.884542458882185079e-02 0.000000000000000000e+00 0.000000000000000000e+00 9.936136459867371817e-01 0.000000000000000000e+00 0.000000000000000000e+00 0.000000000000000000e+00 0.000000000000000000e+00 0.000000000000000000e+00 0.000000000000000000e+00 0.000000000000000000e+00 1.280000000000000000e+02 -1.197999999999999865e+01
3.611280568880118613e-01 0.000000000000000000e+00 4.361496561022121243e-01 0.000000000000000000e+00 0.000000000000000000e+00 0.000000000000000000e+00 0.000000000000000000e+00 4.461562597902912208e-01 7.047378975846640969e-01 4.346075275200438348e-01 0.000000000000000000e+00 8.244979630579660768e-01 3.553199754072549066e-01 7.166344055839366511e-01 0.000000000000000000e+00 2.194886140833765820e-01 2.058470436081249744e-01 1.169508768024592887e-01 8.139983890948174761e-01 0.000000000000000000e+00 4.394634415164447999e-02 0.000000000000000000e+00 9.203362736767857488e-02 1.416727823285493385e-03 2.396085611057000979e-05 0.000000000000000000e+00 5.476011957854156620e-01 2.410893508862078094e-01 7.466173338214615596e-02 1.753149280236945273e-01 0.000000000000000000e+00 3.948049068272494778e-03 1.280000000000000000e+02 -1.181000000000000050e+01
0.000000000000000000e+00 0.000000000000000000e+00 6.107931092922735256e-02 0.000000000000000000e+00 1.954522311533592183e-01 0.000000000000000000e+00 0.000000000000000000e+00 9.794091921996471717e-01 0.000000000000000000e+00 0.000000000000000000e+00 6.498554249840760022e-01 6.908383357040337458e-01 7.329445319537724046e-01 0.000000000000000000e+00 0.000000000000000000e+00 0.000000000000000000e+00 5.794210989880625995e-01 9.999970580169105228e-01 5.204099889799768119e-01 0.000000000000000000e+00 0.000000000000000000e+00 0.000000000000000000e+00 0.000000000000000000e+00 9.725508357109493573e-01 7.011621721103178384e-01 0.000000000000000000e+00 1.962662269841505824e-01 9.145450967838303358e-02 3.864532932272602417e-01 7.577483365610273580e-01 0.000000000000000000e+00 8.742532286391274665e-01 1.280000000000000000e+02 -1.366000000000000192e+01
0.000000000000000000e+00 0.000000000000000000e+00 0.000000000000000000e+00 5.056840947367629013e-01 9.392410028069765326e-01 0.000000000000000000e+00 0.000000000000000000e+00 0.000000000000000000e+00 0.000000000000000000e+00 0.000000000000000000e+00 3.102541992514823779e-02 0.000000000000000000e+00 4.242628894088371072e-02 0.000000000000000000e+00 8.973191010067644857e-01 0.000000000000000000e+00 6.666412760282958150e-01 0.000000000000000000e+00 0.000000000000000000e+00 4.873513946964064258e-01 0.000000000000000000e+00 0.000000000000000000e+00 0.000000000000000000e+00 0.000000000000000000e+00 0.000000000000000000e+00 0.000000000000000000e+00 0.000000000000000000e+00 0.000000000000000000e+00 0.000000000000000000e+00 5.765613164435641202e-01 6.183933759729240975e-01 0.000000000000000000e+00 1.280000000000000000e+02 -8.789999999999999147e+00
0.000000000000000000e+00 0.000000000000000000e+00 1.000000000000000000e+00 6.947412501271532995e-03 0.000000000000000000e+00 0.000000000000000000e+00 0.000000000000000000e+00 1.113085180554339959e-05 6.799215511752293439e-01 8.097372939027154895e-03 9.999999999015650731e-01 4.610652589566548998e-01 1.945098710221252747e-01 0.000000000000000000e+00 4.440517791636184874e-01 0.000000000000000000e+00 6.699931406892374998e-08 2.761485068718764202e-01 8.488844659816326133e-02 6.401172258522322966e-01 0.000000000000000000e+00 0.000000000000000000e+00 1.231765526196210853e-01 9.786490990164382620e-01 3.854618109618149213e-02 0.000000000000000000e+00 3.356698208174702103e-01 6.803005303869211762e-01 1.804735995679099259e-02 3.123639849141802705e-01 0.000000000000000000e+00 3.250003130281455266e-01 1.280000000000000000e+02 -1.135666666666666735e+01
0.000000000000000000e+00 0.000000000000000000e+00 0.000000000000000000e+00 0.000000000000000000e+00 0.000000000000000000e+00 0.000000000000000000e+00 0.000000000000000000e+00 0.000000000000000000e+00 0.000000000000000000e+00 4.844114675412626303e-01 0.000000000000000000e+00 0.000000000000000000e+00 0.000000000000000000e+00 0.000000000000000000e+00 0.000000000000000000e+00 0.000000000000000000e+00 0.000000000000000000e+00 0.000000000000000000e+00 0.000000000000000000e+00 0.000000000000000000e+00 0.000000000000000000e+00 0.000000000000000000e+00 0.000000000000000000e+00 0.000000000000000000e+00 0.000000000000000000e+00 0.000000000000000000e+00 4.162420876695954036e-02 4.419627709104229640e-01 0.000000000000000000e+00 0.000000000000000000e+00 0.000000000000000000e+00 0.000000000000000000e+00 1.280000000000000000e+02 -7.953333333333334032e+00
0.000000000000000000e+00 1.580347153239848867e-01 6.276435394739679485e-02 0.000000000000000000e+00 9.220413088385053246e-01 1.000000000000000000e+00 0.000000000000000000e+00 0.000000000000000000e+00 6.148363151610596739e-02 0.000000000000000000e+00 1.000000000000000000e+00 0.000000000000000000e+00 0.000000000000000000e+00 7.139824024269011415e-01 1.163535156949556046e-02 4.006482356115075028e-02 0.000000000000000000e+00 4.971454956085289423e-01 6.375058349595804641e-01 0.000000000000000000e+00 2.730125038055351535e-04 0.000000000000000000e+00 3.817205735765566987e-01 3.433088823486045715e-01 7.445752599544654959e-01 0.000000000000000000e+00 0.000000000000000000e+00 1.830084641750023486e-02 0.000000000000000000e+00 0.000000000000000000e+00 0.000000000000000000e+00 0.000000000000000000e+00 1.280000000000000000e+02 -1.153000000000000114e+01
0.000000000000000000e+00 0.000000000000000000e+00 0.000000000000000000e+00 1.000000000000000000e+00 5.347637136789314821e-02 2.616116567072914942e-02 0.000000000000000000e+00 0.000000000000000000e+00 0.000000000000000000e+00 0.000000000000000000e+00 4.717217907729256976e-01 8.280562026492521710e-01 0.000000000000000000e+00 7.930276645331448826e-01 0.000000000000000000e+00 5.082646974427863611e-03 3.308216713942145337e-01 2.916731247343668757e-04 9.995809362935490494e-01 4.982014696945015197e-01 0.000000000000000000e+00 0.000000000000000000e+00 1.000000000000000000e+00 6.813900326484691183e-02 3.610068428431343346e-01 0.000000000000000000e+00 0.000000000000000000e+00 9.999479457118731762e-01 5.058062803152546527e-01 0.000000000000000000e+00 0.000000000000000000e+00 0.000000000000000000e+00 1.280000000000000000e+02 -1.436999999999999922e+01
0.000000000000000000e+00 1.835282908496152221e-01 2.078040789025453663e-03 0.000000000000000000e+00 6.409824706972336306e-02 0.000000000000000000e+00 0.000000000000000000e+00 6.650504663094712887e-01 1.000000000000000000e+00 0.000000000000000000e+00 0.000000000000000000e+00 2.100678856768784797e-01 3.033759375843840533e-02 0.000000000000000000e+00 9.562418374025367528e-05 3.778226094419874781e-01 9.149853613834690869e-01 0.000000000000000000e+00 7.924574954460994469e-01 1.000000000000000000e+00 0.000000000000000000e+00 5.374780364128892846e-04 5.041643503472705012e-02 1.476615580852716318e-02 0.000000000000000000e+00 3.639810459596614940e-03 3.546817119681991426e-01 0.000000000000000000e+00 5.144318875549641623e-01 1.000000000000000000e+00 0.000000000000000000e+00 9.999730629620985356e-01 1.280000000000000000e+02 -1.382999999999999829e+01
3.764200814712800880e-02 0.000000000000000000e+00 9.999026068124692301e-01 3.597103464473599868e-05 0.000000000000000000e+00 3.256727122009918651e-01 0.000000000000000000e+00 0.000000000000000000e+00 1.831729543867695598e-01 9.009645355081423723e-01 6.623018395293910066e-02 0.000000000000000000e+00 7.158096748683482335e-01 1.755004312214339113e-01 0.000000000000000000e+00 1.441850181468457004e-01 3.260414670675722856e-04 9.999995500461041908e-01 0.000000000000000000e+00 9.746876624468761019e-01 1.849835206422859097e-07 8.989565170245348291e-01 9.998514407272326432e-01 6.535212678710191625e-01 4.984948941739066330e-01 9.343859733939958723e-01 0.000000000000000000e+00 0.000000000000000000e+00 9.999996048555265249e-01 5.357316735210227998e-01 3.265531681815519036e-08 9.472594271574958924e-01 1.280000000000000000e+02 -1.468999999999999950e+01
6.904320289409697775e-01 0.000000000000000000e+00 2.512252010010355367e-03 1.517686748178206646e-01 0.000000000000000000e+00 0.000000000000000000e+00 0.000000000000000000e+00 2.506509537867672791e-04 0.000000000000000000e+00 3.410551958732094095e-04 9.986456717265312921e-01 6.774968576406671227e-05 1.000000000000000000e+00 9.550927316827572122e-01 0.000000000000000000e+00 1.335619661279171810e-01 0.000000000000000000e+00 4.900580394725611022e-01 5.699967086679784412e-02 4.082981517815783001e-01 4.376703293117459870e-01 5.468081842918240919e-03 2.852082205245798363e-01 1.000000000000000000e+00 8.682456776633883377e-01 5.702564686166620156e-01 2.816721335252532227e-03 2.884014884112155452e-01 3.019441881325099497e-01 9.690322329607244933e-01 0.000000000000000000e+00 9.110767442836457120e-01 1.280000000000000000e+02 -1.284999999999999964e+01
1.671207057203098201e-01 3.823869426933478310e-01 7.453376521842965952e-01 0.000000000000000000e+00 1.414961778338156996e-06 1.973139742275583156e-02 0.000000000000000000e+00 5.459094373712729542e-01 8.505329727660095873e-01 0.000000000000000000e+00 1.000000000000000000e+00 0.000000000000000000e+00 2.756796833134706470e-01 5.201648641530768336e-01 0.000000000000000000e+00 1.899700946431883419e-01 9.139295678845958948e-01 9.115862424096456973e-01 3.858929728479053578e-01 0.000000000000000000e+00 6.908357752563742959e-01 7.083327975232162066e-02 2.867222156128459987e-01 7.944977303158647919e-01 5.460033596562173797e-01 3.887613737359328335e-06 0.000000000000000000e+00 7.321939761052712603e-01 3.064897533596439572e-01 8.427937418440314410e-01 0.000000000000000000e+00 9.158258624833639505e-01 1.280000000000000000e+02 -1.429666666666666686e+01
0.000000000000000000e+00 0.000000000000000000e+00 0.000000000000000000e+00 0.000000000000000000e+00 0.000000000000000000e+00 0.000000000000000000e+00 0.000000000000000000e+00 0.000000000000000000e+00 0.000000000000000000e+00 0.000000000000000000e+00 0.000000000000000000e+00 0.000000000000000000e+00 0.000000000000000000e+00 0.000000000000000000e+00 1.441471055451143679e-01 0.000000000000000000e+00 0.000000000000000000e+00 0.000000000000000000e+00 9.779629314330364753e-01 0.000000000000000000e+00 0.000000000000000000e+00 9.981534858590638876e-05 9.338375425646271155e-02 3.487293357148371076e-01 6.508226069926575930e-01 0.000000000000000000e+00 0.000000000000000000e+00 0.000000000000000000e+00 5.525736695272571719e-01 1.309140814652674234e-01 0.000000000000000000e+00 0.000000000000000000e+00 1.280000000000000000e+02 -1.343333333333333179e+01
4.611603301766654950e-02 0.000000000000000000e+00 2.739638062856797340e-01 0.000000000000000000e+00 0.000000000000000000e+00 0.000000000000000000e+00 0.000000000000000000e+00 0.000000000000000000e+00 2.111497912223913587e-01 0.000000000000000000e+00 6.130875128247299521e-01 0.000000000000000000e+00 4.117354516056282998e-01 2.814725805368948897e-01 5.266525689580334735e-01 0.000000000000000000e+00 0.000000000000000000e+00 4.639363343163749875e-01 9.998395617247554101e-01 6.147737805325518279e-01 0.000000000000000000e+00 1.987926426840797706e-02 1.836912400082162389e-01 9.970023272948815851e-01 1.647511839745969403e-02 1.931969404023817227e-01 2.615175797554672443e-01 1.000000000000000000e+00 8.236804506269294057e-01 4.512960966702538879e-01 2.358468085087218891e-01 0.000000000000000000e+00 1.280000000000000000e+02 -1.190666666666666629e+01
0.000000000000000000e+00 0.000000000000000000e+00 0.000000000000000000e+00 0.000000000000000000e+00 0.000000000000000000e+00 0.000000000000000000e+00 0.000000000000000000e+00 0.000000000000000000e+00 0.000000000000000000e+00 0.000000000000000000e+00 0.000000000000000000e+00 3.558317922840521785e-02 0.000000000000000000e+00 0.000000000000000000e+00 0.000000000000000000e+00 0.000000000000000000e+00 0.000000000000000000e+00 0.000000000000000000e+00 0.000000000000000000e+00 0.000000000000000000e+00 0.000000000000000000e+00 0.000000000000000000e+00 0.000000000000000000e+00 0.000000000000000000e+00 0.000000000000000000e+00 6.053446053198607846e-01 0.000000000000000000e+00 0.000000000000000000e+00 0.000000000000000000e+00 0.000000000000000000e+00 0.000000000000000000e+00 0.000000000000000000e+00 1.280000000000000000e+02 -1.077000000000000135e+01
0.000000000000000000e+00 0.000000000000000000e+00 3.470423630442081575e-01 6.129872651384202231e-02 0.000000000000000000e+00 0.000000000000000000e+00 0.000000000000000000e+00 0.000000000000000000e+00 6.348913510453306763e-01 0.000000000000000000e+00 1.000000000000000000e+00 1.000000000000000000e+00 2.172605498224612630e-01 0.000000000000000000e+00 5.710074436392038703e-03 0.000000000000000000e+00 0.000000000000000000e+00 9.998556150157866806e-01 0.000000000000000000e+00 5.205133836535346115e-01 9.544262637156454288e-01 0.000000000000000000e+00 0.000000000000000000e+00 0.000000000000000000e+00 0.000000000000000000e+00 3.451964778073129958e-02 2.941250057471417878e-01 6.429491679662358364e-04 1.000000000000000000e+00 1.000000000000000000e+00 0.000000000000000000e+00 4.204312786014054171e-03 1.280000000000000000e+02 -1.371333333333333293e+01
1.998539894518019666e-01 6.821665124951735437e-02 1.399756967055228044e-03 1.190853482451137977e-08 1.767970420639880524e-01 0.000000000000000000e+00 0.000000000000000000e+00 0.000000000000000000e+00 4.197765656182077753e-04 4.656891368975718710e-03 3.672430266097730100e-02 1.360097064367413178e-01 9.608994707629422982e-03 9.910575183078860206e-01 0.000000000000000000e+00 1.869111672034793337e-01 0.000000000000000000e+00 1.000000000000000000e+00 1.216947296188601452e-01 3.802941172750982091e-01 0.000000000000000000e+00 9.907572762673824140e-01 9.999820662627174617e-01 0.000000000000000000e+00 8.128803533324358011e-01 5.274597921788689581e-01 5.489650885658985124e-02 9.324051080364240685e-01 0.000000000000000000e+00 0.000000000000000000e+00 0.000000000000000000e+00 0.000000000000000000e+00 1.280000000000000000e+02 -1.500000000000000000e+01
0.000000000000000000e+00 0.000000000000000000e+00 0.000000000000000000e+00 0.000000000000000000e+00 0.000000000000000000e+00 0.000000000000000000e+00 0.000000000000000000e+00 0.000000000000000000e+00 0.000000000000000000e+00 0.000000000000000000e+00 0.000000000000000000e+00 0.000000000000000000e+00 0.000000000000000000e+00 0.000000000000000000e+00 0.000000000000000000e+00 0.000000000000000000e+00 0.000000000000000000e+00 0.000000000000000000e+00 0.000000000000000000e+00 0.000000000000000000e+00 0.000000000000000000e+00 0.000000000000000000e+00 0.000000000000000000e+00 0.000000000000000000e+00 0.000000000000000000e+00 0.000000000000000000e+00 0.000000000000000000e+00 0.000000000000000000e+00 0.000000000000000000e+00 0.000000000000000000e+00 1.000000000000000000e+00 0.000000000000000000e+00 1.280000000000000000e+02 -1.109333333333333371e+01
2.377607831646178182e-06 0.000000000000000000e+00 9.989506564378661801e-01 3.339255024879186212e-02 0.000000000000000000e+00 9.927063008496928020e-01 1.862659349211693866e-03 1.990580725810381924e-01 9.997080455941457222e-01 7.593435962050497645e-01 6.105799666386970692e-01 5.085100988654385201e-01 4.373198903569062712e-01 4.102153714862322165e-01 0.000000000000000000e+00 2.054414876434263300e-07 3.892042471175452545e-02 7.319160166685189095e-01 9.431880234859769674e-01 4.654606493901658482e-02 0.000000000000000000e+00 7.993245533485652254e-01 4.805303878813043106e-01 9.986391547285662362e-01 8.859819399872760348e-01 4.725808748239481716e-01 0.000000000000000000e+00 1.944492967883102719e-01 2.777307887157869359e-01 7.698828765628801252e-01 2.454636783981285486e-01 0.000000000000000000e+00 1.280000000000000000e+02 -1.223333333333333428e+01
8.271378476615879327e-01 0.000000000000000000e+00 3.966575654300922293e-01 2.499962162350716742e-04 4.339586604673129622e-01 3.969407370363913778e-01 0.000000000000000000e+00 3.650512927863542867e-01 1.000000000000000000e+00 0.000000000000000000e+00 0.000000000000000000e+00 5.053540697172812651e-02 3.976708922607281038e-01 1.000000000000000000e+00 0.000000000000000000e+00 1.003323151188835471e-01 8.562458296766216337e-02 8.872781940160295866e-01 1.000000000000000000e+00 1.347279459637731451e-06 0.000000000000000000e+00 5.647715937821659038e-01 3.650004147315835668e-01 2.259769179201572276e-01 6.875905363351208360e-03 4.871460003054356230e-04 3.439614076714948010e-01 0.000000000000000000e+00 4.947118133442480331e-02 2.664604397882490150e-01 0.000000000000000000e+00 8.865187207677435732e-02 1.280000000000000000e+02 -1.212333333333333307e+01
5.620386067266608388e-01 2.229105395881504914e-01 0.000000000000000000e+00 1.000000000000000000e+00 1.578770180337538409e-01 7.651109670316204314e-02 0.000000000000000000e+00 0.000000000000000000e+00 5.082968922485249230e-01 0.000000000000000000e+00 9.790974946757435848e-01 7.101785175940094064e-01 7.377403588123084832e-01 1.116079423472271376e-01 0.000000000000000000e+00 5.736029510738804849e-02 0.000000000000000000e+00 9.998911872341493812e-01 7.486737564717048654e-01 3.851674923455469346e-04 2.561932081634343979e-04 1.244794357974969784e-03 6.954139946881567058e-02 7.651838248221963790e-01 6.137996339083127140e-01 0.000000000000000000e+00 9.610657802223504520e-02 2.149942735766997570e-01 0.000000000000000000e+00 8.427610466290215152e-01 0.000000000000000000e+00 4.486813942982834091e-02 1.280000000000000000e+02 -1.127666666666666551e+01
1.608957201418392824e-01 4.428295689892160492e-01 5.794441190350121396e-01 5.041752965958115063e-01 6.981236148786128526e-01 9.871518655652585794e-01 4.705401452385626904e-03 6.314706765839006586e-01 7.668235934396178122e-01 7.655921507225937894e-01 9.915281391741783690e-01 6.691125912628059780e-02 2.757365690991520069e-01 8.829504965701359120e-01 2.617708895333192842e-03 4.866880229060066565e-03 6.403419377703627458e-01 9.897421101072475524e-01 9.944614790310756236e-01 9.451560448146589799e-02 5.727578336155247918e-02 9.827224796044278232e-01 3.327865409259250784e-02 9.812633193563006229e-01 7.698501169213008977e-01 1.905750134131611873e-02 2.071086186810597862e-01 5.329198135114825430e-01 5.782379316614884024e-01 6.226598586395587498e-01 3.609660450248297625e-03 3.831927408687053060e-01 1.280000000000000000e+02 -1.104666666666666686e+01
4.026036422341686127e-01 8.532509300135125707e-03 9.651443898743251593e-01 1.845683504516033024e-01 0.000000000000000000e+00 1.401964424556488287e-01 8.721366064854234323e-03 4.819948487625779210e-01 7.292097233680358039e-04 0.000000000000000000e+00 6.285670180258631223e-01 0.000000000000000000e+00 1.000000000000000000e+00 0.000000000000000000e+00 2.892026142226958955e-07 0.000000000000000000e+00 5.475153987619854057e-01 9.542660044087983851e-01 2.523517466184267977e-01 7.603192681852566359e-01 0.000000000000000000e+00 4.118891199466648834e-01 0.000000000000000000e+00 7.581487585818675878e-01 7.704470678823299723e-01 7.158772521305434289e-01 3.785856629371784909e-01 3.719145124450954909e-01 1.213797518590366102e-02 2.232855687226074914e-01 0.000000000000000000e+00 5.676346699758451075e-01 1.280000000000000000e+02 -9.486666666666666359e+00
2.447440558087208423e-02 0.000000000000000000e+00 5.192415877502083443e-01 0.000000000000000000e+00 3.287046767801118374e-01 6.476617134916761165e-01 0.000000000000000000e+00 0.000000000000000000e+00 5.317224907029302061e-01 4.268511543355573146e-01 2.256606463786124117e-01 8.723853526206121201e-02 4.935040806890295118e-01 8.718064085410236475e-01 0.000000000000000000e+00 0.000000000000000000e+00 9.732376659014526643e-01 3.978194479098637326e-01 1.606939033772567249e-01 4.611314460699501155e-02 7.368815454584670688e-01 5.141850294183348824e-01 2.137242109760007780e-01 9.859141905744418510e-01 2.027818108906823402e-01 1.000000000000000000e+00 8.508256416977983960e-01 0.000000000000000000e+00 0.000000000000000000e+00 7.491252352603651188e-01 1.000000000000000000e+00 2.752013923022835707e-05 1.280000000000000000e+02 -1.436333333333333506e+01
0.000000000000000000e+00 0.000000000000000000e+00 1.468609828553687699e-02 0.000000000000000000e+00 3.919077110613988224e-01 2.502489544631462115e-01 0.000000000000000000e+00 2.889439495271508007e-01 1.618470236604068191e-01 1.626702686671069042e-01 7.539807012549822884e-01 8.558496924991754184e-01 1.564119964113678263e-01 6.933497777395506434e-01 6.546403008024352932e-01 0.000000000000000000e+00 3.029160662916392521e-01 7.939210320915797148e-01 2.921621794818731743e-01 0.000000000000000000e+00 1.226122737605239048e-04 0.000000000000000000e+00 2.692640587973667010e-01 2.824710769614467432e-01 6.810108516592945360e-01 3.034947863987489877e-02 2.243611731623897099e-02 1.031837083249739426e-04 7.117474625719520942e-01 2.502035258595364797e-01 9.779340806340700021e-03 0.000000000000000000e+00 1.280000000000000000e+02 -1.089000000000000057e+01
2.408838670552736205e-02 0.000000000000000000e+00 3.628432362699962055e-01 4.666050597260085176e-04 4.524348212724665919e-01 2.607159592424248065e-02 1.661256096508559321e-02 8.055705486467444609e-02 0.000000000000000000e+00 3.894646264821883808e-01 1.107558412200460030e-02 5.440810781831355580e-01 9.061142934887398415e-01 1.107180740426536442e-01 3.458248105558625347e-03 1.084867664318053537e-01 2.237215578467323818e-03 4.455392338223163051e-01 9.736829680365259865e-01 6.672519251646442662e-01 6.382655744573502155e-01 8.722432837154261431e-01 4.075111625352519362e-01 6.816666695143068777e-01 1.917810268879123758e-01 1.175526950149212882e-05 0.000000000000000000e+00 3.001597529617854310e-01 4.887691901111253512e-01 9.152054041426561648e-01 2.360661325876256111e-03 1.827583923918126851e-01 1.280000000000000000e+02 -1.479333333333333478e+01
0.000000000000000000e+00 0.000000000000000000e+00 1.000000000000000000e+00 0.000000000000000000e+00 2.097616601978719852e-01 3.040093053171248894e-01 0.000000000000000000e+00 0.000000000000000000e+00 0.000000000000000000e+00 2.802591696477449781e-02 4.138748387099491222e-01 1.955418199335876850e-01 0.000000000000000000e+00 2.473513328154697544e-01 0.000000000000000000e+00 0.000000000000000000e+00 9.881363107542140423e-01 0.000000000000000000e+00 0.000000000000000000e+00 9.779229405580949774e-02 0.000000000000000000e+00 3.644758882049884546e-02 5.617959040437859874e-01 9.307462705297129268e-01 0.000000000000000000e+00 0.000000000000000000e+00 2.092827051340451217e-02 9.824004951777313976e-02 0.000000000000000000e+00 3.760143310501254943e-01 0.000000000000000000e+00 0.000000000000000000e+00 1.280000000000000000e+02 -1.056333333333333435e+01
0.000000000000000000e+00 3.406926682578489962e-02 2.153938303133127730e-01 4.187780373074788121e-01 0.000000000000000000e+00 2.738963961173516721e-03 0.000000000000000000e+00 2.403329688603759173e-01 4.422994082512838140e-05 0.000000000000000000e+00 7.029982134137185892e-04 0.000000000000000000e+00 4.851710911521930347e-01 5.708313090014960345e-01 9.381399263044540304e-02 0.000000000000000000e+00 0.000000000000000000e+00 2.948995118084644096e-01 8.258137238308952410e-01 0.000000000000000000e+00 1.000000000000000000e+00 7.851020169310836405e-03 1.876900007699778272e-01 9.916212787164925269e-01 0.000000000000000000e+00 0.000000000000000000e+00 0.000000000000000000e+00 2.872877005254260707e-01 1.869409399453701368e-02 4.679408055735018723e-01 0.000000000000000000e+00 9.959496227198831875e-01 1.280000000000000000e+02 -1.248666666666666636e+01
0.000000000000000000e+00 0.000000000000000000e+00 0.000000000000000000e+00 1.985626545008774280e-01 1.373344128703472555e-01 0.000000000000000000e+00 0.000000000000000000e+00 1.846650515109764246e-01 7.159668426733316604e-01 8.824333234258070757e-02 1.723956368053434218e-01 0.000000000000000000e+00 9.778976868367104114e-01 4.739910502924543634e-01 0.000000000000000000e+00 0.000000000000000000e+00 9.969092821729619023e-06 1.000000000000000000e+00 0.000000000000000000e+00 1.008211524674292037e-02 3.573669236123561133e-01 0.000000000000000000e+00 1.000000000000000000e+00 8.820261793441217524e-01 9.547748685304714433e-01 0.000000000000000000e+00 1.221009557793587344e-02 1.523167200478037497e-01 4.234797938250700056e-01 1.932646316838103895e-01 0.000000000000000000e+00 8.158313830325749638e-01 1.280000000000000000e+02 -1.032333333333333236e+01
0.000000000000000000e+00 0.000000000000000000e+00 1.655213984475344402e-01 0.000000000000000000e+00 7.757731051663590005e-01 0.000000000000000000e+00 0.000000000000000000e+00 0.000000000000000000e+00 0.000000000000000000e+00 0.000000000000000000e+00 4.115263512027673987e-02 0.000000000000000000e+00 0.000000000000000000e+00 3.585481139519819914e-03 0.000000000000000000e+00 0.000000000000000000e+00 0.000000000000000000e+00 9.773888165128187255e-01 9.246616448112867648e-01 8.581613497537454727e-01 0.000000000000000000e+00 0.000000000000000000e+00 1.442035253842229546e-02 0.000000000000000000e+00 0.000000000000000000e+00 2.263751080398431620e-02 1.513967433135821883e-01 5.754010733766892205e-01 0.000000000000000000e+00 8.999574378028444288e-01 0.000000000000000000e+00 3.220443579174147031e-01 1.280000000000000000e+02 -1.442333333333333378e+01
0.000000000000000000e+00 2.091027420380412848e-03 9.973862060769798088e-01 0.000000000000000000e+00 0.000000000000000000e+00 4.177093108089228179e-01 0.000000000000000000e+00 5.382353392627193395e-02 0.000000000000000000e+00 0.000000000000000000e+00 0.000000000000000000e+00 0.000000000000000000e+00 0.000000000000000000e+00 0.000000000000000000e+00 2.150551591170558052e-01 0.000000000000000000e+00 3.451459751835828007e-03 2.058891335657874744e-01 0.000000000000000000e+00 1.106678942682901012e-01 4.726588286490338575e-01 0.000000000000000000e+00 3.730886620747213556e-01 0.000000000000000000e+00 2.611079541214018640e-01 8.332387222474403610e-02 0.000000000000000000e+00 0.000000000000000000e+00 0.000000000000000000e+00 1.737507970026790638e-01 0.000000000000000000e+00 9.970517981589374079e-01 1.280000000000000000e+02 -6.666666666666666963e+00
0.000000000000000000e+00 0.000000000000000000e+00 0.000000000000000000e+00 0.000000000000000000e+00 2.922179248405575303e-01 0.000000000000000000e+00 0.000000000000000000e+00 1.476685416163041158e-02 1.000000000000000000e+00 0.000000000000000000e+00 6.303675472835587046e-01 1.277494066657892946e-01 0.000000000000000000e+00 7.126420803568520035e-02 0.000000000000000000e+00 0.000000000000000000e+00 3.514210766463661262e-01 7.895735075896110899e-01 0.000000000000000000e+00 0.000000000000000000e+00 5.775360023187396941e-01 9.169099583541920340e-02 1.000000000000000000e+00 1.000000000000000000e+00 2.995649869693953193e-01 7.743910158933342558e-01 5.802397555010205960e-02 0.000000000000000000e+00 0.000000000000000000e+00 7.641823290119691414e-01 0.000000000000000000e+00 4.740958606645680196e-02 1.280000000000000000e+02 -1.271999999999999886e+01
3.892703893214354005e-03 0.000000000000000000e+00 8.131822222706167613e-01 5.034621480489503976e-07 3.421690359943295734e-01 7.229379311526081819e-01 1.811141766552013810e-01 2.826781606432160476e-02 5.925878209131371088e-01 1.771847619390148898e-02 9.004951037374724354e-01 7.031573599693127230e-01 0.000000000000000000e+00 9.375418948294588217e-01 0.000000000000000000e+00 2.097017182818215753e-01 9.999996120351618556e-01 4.342487145536583215e-01 1.000000000000000000e+00 1.585679504417985553e-01 0.000000000000000000e+00 5.239532510800216647e-01 0.000000000000000000e+00 6.942348002052484146e-01 1.000000000000000000e+00 1.140809200741554202e-01 3.295421843039936793e-01 3.915142630284960124e-01 9.748493330629754983e-01 0.000000000000000000e+00 2.846643024214608013e-03 1.785445587157067637e-01 1.280000000000000000e+02 -1.366000000000000192e+01
3.104687981123952639e-02 2.094867778896468847e-03 9.946831224232053348e-01 7.517163882758127746e-01 0.000000000000000000e+00 0.000000000000000000e+00 0.000000000000000000e+00 0.000000000000000000e+00 8.780400896929540025e-03 3.389237502360828991e-01 1.091823642472287137e-01 7.713650095632511305e-02 3.706613212361342669e-01 3.167603484559796123e-01 1.886608962297363660e-04 0.000000000000000000e+00 2.555104746672690400e-02 1.805449329625171198e-02 1.999260886889381861e-01 0.000000000000000000e+00 0.000000000000000000e+00 1.528140912925619876e-02 0.000000000000000000e+00 1.990628591769330949e-02 9.756712994673958361e-01 0.000000000000000000e+00 8.506901399943889511e-03 9.426806899366989567e-01 8.808540180875551462e-01 9.888609103935976918e-01 4.330813799277906807e-05 1.596318809261649402e-02 1.280000000000000000e+02 -1.381333333333333258e+01
3.553100174937205979e-01 3.927551987422006619e-03 5.913809192460646180e-01 3.096618216323589468e-01 2.087329150983828323e-04 3.152819891128704199e-01 0.000000000000000000e+00 2.067364485183070810e-01 1.925496931417477742e-01 0.000000000000000000e+00 9.546079234934435886e-01 4.868847363364443015e-01 0.000000000000000000e+00 9.026416257056562031e-01 5.250795330731788929e-05 4.903439715137808451e-04 1.735104621342005091e-02 5.273663773679476696e-01 8.830032413727856300e-01 3.636583332406500557e-01 2.773602571072242377e-05 3.719514696623675287e-01 5.729981019781456020e-01 9.797974024519180425e-01 0.000000000000000000e+00 1.330919744790914341e-03 3.183259417998793861e-01 0.000000000000000000e+00 1.972922219965055901e-01 5.894379315654997287e-01 0.000000000000000000e+00 9.772614150613957440e-01 1.280000000000000000e+02 -1.474666666666666437e+01
0.000000000000000000e+00 0.000000000000000000e+00 4.251301022539880625e-01 0.000000000000000000e+00 0.000000000000000000e+00 2.058515015421229777e-01 1.504695858808867692e-01 0.000000000000000000e+00 8.386360006866502292e-01 0.000000000000000000e+00 0.000000000000000000e+00 1.986123246676327059e-01 1.261741687476844176e-01 0.000000000000000000e+00 0.000000000000000000e+00 6.345492531971539396e-01 2.336660392975167255e-01 1.000000000000000000e+00 0.000000000000000000e+00 1.206206366184364133e-10 0.000000000000000000e+00 0.000000000000000000e+00 0.000000000000000000e+00 2.500755719009888911e-01 9.362197252352135735e-01 2.743103306060953317e-01 0.000000000000000000e+00 6.107311936621082626e-01 2.442111332316683481e-02 3.211897845578310928e-01 0.000000000000000000e+00 4.986856262064015555e-01 1.280000000000000000e+02 -1.053666666666666707e+01
3.484755109316374933e-04 1.240310786022424810e-01 4.807315805285405919e-01 0.000000000000000000e+00 0.000000000000000000e+00 0.000000000000000000e+00 0.000000000000000000e+00 4.565573457140797431e-01 4.537965322958407710e-01 0.000000000000000000e+00 5.302617786254657517e-01 0.000000000000000000e+00 8.712913077129439410e-01 9.023999291388749011e-01 6.728422393506500176e-01 3.315242204177799162e-02 1.891042258766196735e-02 5.739944013727528759e-09 0.000000000000000000e+00 1.152056860901427664e-03 1.776122075579825432e-01 1.218632631182538922e-02 5.107975631016955509e-01 1.031700587394823176e-01 9.899220369719166079e-01 0.000000000000000000e+00 3.049789627153278934e-02 9.715968880056442547e-01 9.367649929581574053e-01 5.491715737965158217e-01 1.037912861194901504e-01 6.599683493650906896e-03 1.280000000000000000e+02 -1.445333333333333314e+01
0.000000000000000000e+00 0.000000000000000000e+00 0.000000000000000000e+00 9.512278547618078228e-01 9.408098359437558900e-01 5.666241735189302409e-01 0.000000000000000000e+00 0.000000000000000000e+00 3.914825210440847636e-01 6.466776221370890143e-02 9.647332858599786398e-01 1.000000000000000000e+00 3.646703531423438616e-01 8.652578344710322167e-01 0.000000000000000000e+00 0.000000000000000000e+00 1.180793764278685945e-02 9.669260227818080589e-01 0.000000000000000000e+00 0.000000000000000000e+00 0.000000000000000000e+00 7.120297239939807898e-01 6.835758233663740135e-01 1.000000000000000000e+00 6.296784373420094560e-01 9.181486782162473492e-02 7.269165001989664754e-01 6.631494501701471478e-01 5.748647958753820841e-01 9.771046493346177142e-01 0.000000000000000000e+00 1.009331708288093987e-01 1.280000000000000000e+02 -1.221333333333333293e+01
2.603929558351067985e-01 0.000000000000000000e+00 8.689805863696318244e-01 0.000000000000000000e+00 1.061883181128107229e-01 2.762739475471091000e-01 0.000000000000000000e+00 3.281293672482513135e-02 4.989552572714909262e-01 0.000000000000000000e+00 2.375538642061503225e-01 1.000000000000000000e+00 8.694497035245993821e-01 7.212506977893926585e-01 3.730037822139890824e-02 6.046880295095162783e-01 0.000000000000000000e+00 1.000000000000000000e+00 7.648287505061577285e-01 1.435815214537542184e-01 0.000000000000000000e+00 1.739467535993680770e-07 9.934535675239269947e-02 6.334000008735277687e-01 3.583903202011745615e-01 4.014291388205590838e-01 1.388336233831112543e-01 3.566137925184358903e-01 8.962253073816863758e-01 1.000000000000000000e+00 3.361171734451589010e-01 1.152805119585225552e-01 1.280000000000000000e+02 -1.356000000000000050e+01
0.000000000000000000e+00 1.918439626792513508e-05 7.316829784424408629e-03 0.000000000000000000e+00 0.000000000000000000e+00 0.000000000000000000e+00 0.000000000000000000e+00 0.000000000000000000e+00 0.000000000000000000e+00 0.000000000000000000e+00 4.996821273454959966e-01 0.000000000000000000e+00 0.000000000000000000e+00 0.000000000000000000e+00 0.000000000000000000e+00 0.000000000000000000e+00 0.000000000000000000e+00 1.000000000000000000e+00 4.354221776343473738e-01 0.000000000000000000e+00 0.000000000000000000e+00 0.000000000000000000e+00 0.000000000000000000e+00 5.338892436895456006e-01 0.000000000000000000e+00 0.000000000000000000e+00 3.573205379335898657e-01 0.000000000000000000e+00 7.984711286614657455e-01 7.429029775164944782e-01 0.000000000000000000e+00 0.000000000000000000e+00 1.280000000000000000e+02 -1.228666666666666707e+01
0.000000000000000000e+00 0.000000000000000000e+00 9.705081172433956960e-01 0.000000000000000000e+00 1.988658482836618280e-01 7.592945162069270146e-04 0.000000000000000000e+00 4.114358250223855429e-02 1.847142968102408189e-01 1.441725184373643213e-02 8.969718423846206878e-01 0.000000000000000000e+00 8.450443378937617586e-03 1.706158891883509474e-03 2.386357708380808414e-03 0.000000000000000000e+00 7.936965097101927880e-02 2.306956683277504583e-01 1.000000000000000000e+00 3.692826231271709864e-02 0.000000000000000000e+00 0.000000000000000000e+00 2.916137045150684615e-01 1.514634627066872297e-01 5.863661160153923468e-01 2.989704271812120354e-02 7.748438113762581292e-01 2.625514661564679053e-01 4.401911819901984102e-01 7.363702434232726191e-01 5.571658049081447406e-03 2.060984363029065916e-02 1.280000000000000000e+02 -1.440999999999999837e+01
2.939258618148783975e-01 0.000000000000000000e+00 8.967059875159381077e-01 8.246905472698853323e-01 8.259022804515551153e-01 4.368773563123100057e-01 0.000000000000000000e+00 5.053633991450819929e-01 2.138822849610693485e-10 0.000000000000000000e+00 8.847369471313284439e-01 0.000000000000000000e+00 3.462614632015595384e-01 1.729613514524705898e-03 0.000000000000000000e+00 0.000000000000000000e+00 9.999999691295017312e-01 0.000000000000000000e+00 2.495492919216950600e-01 2.351428360161136877e-01 5.024199876366136630e-01 9.033956940118700318e-01 4.996454694396614826e-01 5.472509272284735715e-01 9.999759668992693751e-01 0.000000000000000000e+00 6.082023733014940009e-02 1.284870474729109130e-10 3.316067616318925104e-01 3.477127174921346153e-01 0.000000000000000000e+00 4.188958896233049845e-01 1.280000000000000000e+02 -1.012666666666666693e+01
0.000000000000000000e+00 3.822792373605798932e-01 7.355512996829342010e-01 0.000000000000000000e+00 0.000000000000000000e+00 1.898598109174893991e-03 3.277236834908899277e-01 0.000000000000000000e+00 9.157549160199248695e-01 2.028659693342706027e-12 0.000000000000000000e+00 0.000000000000000000e+00 2.088021742325997174e-02 1.524283121042306899e-01 7.030462014364770029e-01 0.000000000000000000e+00 4.487130295561573244e-03 6.766020410330443602e-02 2.110487522556547257e-01 0.000000000000000000e+00 5.420317194566085656e-02 0.000000000000000000e+00 0.000000000000000000e+00 9.621088897134404405e-01 9.054750963594255797e-01 0.000000000000000000e+00 3.813818014764834841e-01 0.000000000000000000e+00 1.192632090220634850e-01 1.084614848479548949e-11 0.000000000000000000e+00 9.855917953738898563e-01 1.280000000000000000e+02 -9.236666666666666359e+00
0.000000000000000000e+00 3.565079719199461539e-01 5.027266429076052701e-01 0.000000000000000000e+00 9.800021329409338688e-04 0.000000000000000000e+00 0.000000000000000000e+00 9.378623619027232072e-01 0.000000000000000000e+00 9.569645850817840582e-01 0.000000000000000000e+00 0.000000000000000000e+00 0.000000000000000000e+00 0.000000000000000000e+00 7.426486075337461251e-04 1.238678870399148764e-02 0.000000000000000000e+00 9.993279120150055927e-01 2.014115204460039665e-01 3.825713911092425611e-08 0.000000000000000000e+00 1.550262167058601148e-01 6.403288470504642227e-01 6.529308724623363210e-03 0.000000000000000000e+00 0.000000000000000000e+00 2.771558203504475779e-02 0.000000000000000000e+00 7.702120465193128540e-01 0.000000000000000000e+00 0.000000000000000000e+00 1.660757241119740005e-02 1.280000000000000000e+02 -1.295666666666666877e+01
2.106789751865098814e-01 0.000000000000000000e+00 1.196792358821138630e-01 2.885532506173811638e-04 0.000000000000000000e+00 5.538672561354106572e-01 0.000000000000000000e+00 9.672414378247608246e-02 5.988411835851127352e-01 0.000000000000000000e+00 6.956811978175432287e-01 2.235056268886049038e-02 0.000000000000000000e+00 9.730669967654481667e-01 0.000000000000000000e+00 5.731133332157380692e-05 2.210714080888707619e-02 3.136224722910281315e-01 3.745440758090508027e-01 0.000000000000000000e+00 2.947422395023656470e-03 4.488185563975418679e-01 9.543912338396169925e-01 6.912622831767020193e-01 5.369233215147880579e-03 1.000000000000000000e+00 1.000000000000000000e+00 3.728521988905517809e-02 6.528787551033988377e-06 9.685190570065023152e-01 0.000000000000000000e+00 8.530266294804222157e-04 1.280000000000000000e+02 -1.486999999999999922e+01
0.000000000000000000e+00 0.000000000000000000e+00 1.564174489832984363e-02 9.969776766804501911e-04 0.000000000000000000e+00 0.000000000000000000e+00 0.000000000000000000e+00 2.907604094858522864e-02 5.555678704034585635e-01 9.744810082247709615e-02 3.163531988990486016e-02 0.000000000000000000e+00 3.597992564322607389e-01 0.000000000000000000e+00 0.000000000000000000e+00 3.744997971421505922e-01 2.429602664616318519e-01 0.000000000000000000e+00 5.727975209899150988e-01 3.974837536144735783e-01 0.000000000000000000e+00 9.530332182670632202e-01 6.710607045171189666e-01 0.000000000000000000e+00 0.000000000000000000e+00 0.000000000000000000e+00 0.000000000000000000e+00 4.533509502492339416e-01 3.699658088464660710e-01 9.999483258543533370e-01 0.000000000000000000e+00 2.517292356999712988e-01 1.280000000000000000e+02 -1.492333333333333201e+01
0.000000000000000000e+00 0.000000000000000000e+00 9.827077981750927949e-01 1.269189285829380037e-02 2.057342774158695264e-01 6.042555564455304173e-02 0.000000000000000000e+00 2.338256005101107746e-02 2.431491287954850797e-02 0.000000000000000000e+00 0.000000000000000000e+00 6.548717331392964747e-01 9.523452941484144008e-01 1.571296388851155523e-01 0.000000000000000000e+00 0.000000000000000000e+00 3.383526707704508918e-01 3.286672137211966160e-01 0.000000000000000000e+00 5.691743021069327613e-01 0.000000000000000000e+00 1.000000000000000000e+00 0.000000000000000000e+00 1.257928476036523392e-02 1.073538358101790019e-01 8.507445411666211266e-01 0.000000000000000000e+00 3.486426816449943178e-02 7.636189950072893584e-01 3.278379223735033987e-02 0.000000000000000000e+00 2.738965244623094500e-02 1.280000000000000000e+02 -7.759999999999998899e+00
0.000000000000000000e+00 0.000000000000000000e+00 1.753983424222493037e-01 1.401780782699700487e-06 0.000000000000000000e+00 0.000000000000000000e+00 0.000000000000000000e+00 0.000000000000000000e+00 5.303273941542885150e-07 6.742786650503816703e-02 5.322318077840686446e-01 4.135323236814180126e-01 8.531254909693187782e-01 9.819282695150990392e-01 0.000000000000000000e+00 0.000000000000000000e+00 3.969592484581809799e-01 2.070089909647110718e-02 1.000000000000000000e+00 0.000000000000000000e+00 1.445324522270262091e-01 8.804888531596639645e-01 1.000000000000000000e+00 3.658211710753923596e-01 8.388836426459281848e-01 3.027684915138168040e-03 1.000000000000000000e+00 0.000000000000000000e+00 3.801477258519914137e-01 7.182697358090252004e-01 0.000000000000000000e+00 6.693165619240664548e-05 1.280000000000000000e+02 -1.566000000000000192e+01
0.000000000000000000e+00 9.140131507514832556e-06 9.952400000461136820e-01 5.618555671637879279e-01 0.000000000000000000e+00 0.000000000000000000e+00 0.000000000000000000e+00 3.989138203092712498e-02 2.934633379564753384e-07 1.167109424890128838e-02 6.460472940870169989e-01 1.684575756587286255e-01 0.000000000000000000e+00 6.791687357160262062e-01 0.000000000000000000e+00 0.000000000000000000e+00 9.963755525308810590e-01 2.435721054880927716e-01 2.035622330152735138e-01 0.000000000000000000e+00 0.000000000000000000e+00 3.301713541907816962e-01 0.000000000000000000e+00 1.000000000000000000e+00 6.085600057777350580e-01 0.000000000000000000e+00 3.104954777459611602e-06 0.000000000000000000e+00 8.733950157404477554e-01 0.000000000000000000e+00 0.000000000000000000e+00 0.000000000000000000e+00 1.280000000000000000e+02 -1.079666666666666686e+01
0.000000000000000000e+00 4.596365669834798218e-01 6.788489179259081796e-01 0.000000000000000000e+00 0.000000000000000000e+00 0.000000000000000000e+00 0.000000000000000000e+00 1.610895345842573156e-01 0.000000000000000000e+00 0.000000000000000000e+00 3.075701240099431577e-01 0.000000000000000000e+00 1.591559759008042966e-05 8.761059483168482000e-06 3.975377805341667910e-03 0.000000000000000000e+00 4.613979453603377807e-08 0.000000000000000000e+00 1.000000000000000000e+00 1.122944688730711164e-06 0.000000000000000000e+00 7.891384885308399600e-05 0.000000000000000000e+00 9.999257299306089086e-01 0.000000000000000000e+00 6.823812133449795592e-02 7.233596628164311593e-01 3.644093862518941031e-05 4.769510962377725982e-01 3.595944034306416404e-01 0.000000000000000000e+00 4.033292157065987427e-01 1.280000000000000000e+02 -1.184999999999999964e+01
6.293925232883550436e-01 0.000000000000000000e+00 9.999999593898181161e-01 7.417113075004627687e-01 4.146026617594730378e-05 0.000000000000000000e+00 0.000000000000000000e+00 0.000000000000000000e+00 4.895488764380069857e-01 1.032950054909671650e-01 4.595078680962397244e-02 3.424791927844189621e-01 1.605258358213157432e-01 0.000000000000000000e+00 0.000000000000000000e+00 0.000000000000000000e+00 2.948171192287302178e-02 0.000000000000000000e+00 5.558121390979182674e-01 7.330718159931142071e-03 6.739774664832798301e-02 1.333488002958954088e-01 0.000000000000000000e+00 0.000000000000000000e+00 8.364604845561718349e-01 5.471225399308444343e-02 6.273000764718668076e-01 0.000000000000000000e+00 0.000000000000000000e+00 0.000000000000000000e+00 0.000000000000000000e+00 0.000000000000000000e+00 1.280000000000000000e+02 -1.104333333333333478e+01
1.496520871203452230e-01 0.000000000000000000e+00 9.976133653509418053e-01 0.000000000000000000e+00 1.071475132153040105e-01 0.000000000000000000e+00 4.665186957833434515e-05 6.373560144737069333e-01 5.124853086900315047e-01 9.890834935138696771e-03 4.991920886074512342e-01 9.989460006085580934e-01 2.822515743448981707e-01 4.977461763409589124e-01 4.019255386307845853e-04 4.008200584204510419e-02 5.277930257493503863e-01 3.624806061707861859e-03 1.060523936633231586e-02 7.172464821601509666e-01 4.982974892749685025e-02 7.247428390362611328e-01 9.396409872240873984e-01 2.786282987193767213e-01 1.000000000000000000e+00 5.214111509548168266e-01 8.251379574101642966e-02 3.408842150621447797e-01 1.626044330638188803e-02 2.637221745006342998e-04 0.000000000000000000e+00 0.000000000000000000e+00 1.280000000000000000e+02 -1.356333333333333258e+01
5.385167203934210917e-02 1.452971138740347112e-01 0.000000000000000000e+00 1.695176580672559385e-01 0.000000000000000000e+00 5.047273483017427065e-01 0.000000000000000000e+00 4.780134289655086355e-01 8.555728017046893008e-02 0.000000000000000000e+00 9.998136109869423249e-01 3.800930328209644049e-01 4.780255142440471006e-01 2.406235467027775243e-01 0.000000000000000000e+00 0.000000000000000000e+00 4.473264750543282653e-01 9.073246168868017714e-01 9.968958422742940639e-01 0.000000000000000000e+00 0.000000000000000000e+00 9.327229834102611639e-01 6.029447753520716935e-01 9.998832503445341802e-01 2.740278660669518973e-01 1.487647196903138791e-01 3.396632940618851126e-01 8.324473308414445105e-01 4.516352331724968749e-01 8.812624113739635501e-01 0.000000000000000000e+00 5.084835442947310824e-01 1.280000000000000000e+02 -1.296333333333333293e+01
0.000000000000000000e+00 0.000000000000000000e+00 3.266024395632436961e-01 0.000000000000000000e+00 1.867045963938273462e-02 0.000000000000000000e+00 0.000000000000000000e+00 1.497063913596213547e-01 0.000000000000000000e+00 0.000000000000000000e+00 9.826863027128984740e-01 0.000000000000000000e+00 0.000000000000000000e+00 0.000000000000000000e+00 0.000000000000000000e+00 0.000000000000000000e+00 0.000000000000000000e+00 8.783670687127555221e-02 7.786630071970370714e-01 0.000000000000000000e+00 8.042612499587351504e-04 0.000000000000000000e+00 0.000000000000000000e+00 0.000000000000000000e+00 0.000000000000000000e+00 2.433074734352880936e-03 0.000000000000000000e+00 3.368855504653249788e-01 2.904589811249536635e-01 4.188258205206856974e-03 0.000000000000000000e+00 0.000000000000000000e+00 1.280000000000000000e+02 -1.061666666666666714e+01
0.000000000000000000e+00 0.000000000000000000e+00 0.000000000000000000e+00 0.000000000000000000e+00 6.107295814064547107e-02 7.686246921588248959e-01 4.632203417718828292e-02 0.000000000000000000e+00 4.833145594867880868e-01 0.000000000000000000e+00 0.000000000000000000e+00 2.203465742309948516e-01 0.000000000000000000e+00 6.266803336633240883e-07 0.000000000000000000e+00 0.000000000000000000e+00 1.134461231000808423e-01 6.599670670854698371e-03 3.811318724072564335e-01 0.000000000000000000e+00 3.914146364128449213e-02 5.254268213525682407e-01 0.000000000000000000e+00 3.034889395067398854e-01 4.663890172860979400e-01 5.856202537232844257e-02 0.000000000000000000e+00 1.000000000000000000e+00 0.000000000000000000e+00 0.000000000000000000e+00 0.000000000000000000e+00 0.000000000000000000e+00 1.280000000000000000e+02 -9.673333333333333783e+00
0.000000000000000000e+00 0.000000000000000000e+00 0.000000000000000000e+00 1.841274930270232410e-02 0.000000000000000000e+00 6.499171399635922386e-01 0.000000000000000000e+00 0.000000000000000000e+00 5.228042763677951399e-01 0.000000000000000000e+00 9.475423567270625513e-01 0.000000000000000000e+00 0.000000000000000000e+00 1.748873000238936881e-01 3.382831485850561481e-01 0.000000000000000000e+00 2.609718146874307476e-01 4.834757786744077190e-01 7.371830261482696933e-01 9.910459379903429067e-01 0.000000000000000000e+00 9.779568059617631537e-01 8.413211305456884670e-01 0.000000000000000000e+00 4.713518732854143911e-01 1.722064911747199153e-03 0.000000000000000000e+00 0.000000000000000000e+00 0.000000000000000000e+00 0.000000000000000000e+00 8.380660974243263339e-02 7.152396692798798084e-01 1.280000000000000000e+02 -1.225666666666666593e+01
7.502249465844984533e-01 9.965329413471060160e-01 1.000000000000000000e+00 3.198940153419198018e-01 4.096305714012161703e-01 8.315191374626701437e-01 0.000000000000000000e+00 5.829318220481365387e-01 4.398834381812071759e-01 8.810955332146316321e-01 1.000000000000000000e+00 1.087831358089889899e-02 2.000343763109944592e-02 0.000000000000000000e+00 4.517667745290452896e-01 1.687695631795960161e-01 0.000000000000000000e+00 9.318467528631181329e-01 8.144729676536106855e-02 0.000000000000000000e+00 0.000000000000000000e+00 1.298284297929028497e-01 0.000000000000000000e+00 6.477528202111819677e-01 2.969861328233431089e-02 2.994664796965160192e-02 0.000000000000000000e+00 4.403865373458862309e-02 3.517972183526900665e-01 5.876385527205902903e-01 0.000000000000000000e+00 7.044652629530475640e-07 1.280000000000000000e+02 -8.589999999999999858e+00
4.715448298196071586e-01 3.336268412034710043e-03 6.632507770784358270e-01 9.817118849461308194e-01 1.635389049110174201e-02 9.901727863376454941e-01 4.508669274944829275e-01 0.000000000000000000e+00 1.563016176840862359e-01 1.580957483023070001e-02 6.267141913148009946e-01 0.000000000000000000e+00 3.356694144033779970e-01 3.685228948348976963e-01 8.290968754735100754e-01 0.000000000000000000e+00 5.955518083235061821e-01 9.347731983123670485e-01 6.594625397102923392e-01 0.000000000000000000e+00 0.000000000000000000e+00 8.440937367177522299e-01 9.999317439778135919e-01 9.989550689039007336e-01 9.814696726392075909e-01 9.338551893982551810e-01 3.530544852884980878e-01 0.000000000000000000e+00 4.622880828004628101e-02 6.408936517675623001e-01 0.000000000000000000e+00 4.064663330118759715e-02 1.280000000000000000e+02 -1.418333333333333179e+01
3.027086677995765793e-02 0.000000000000000000e+00 2.651377251564490112e-01 3.933619324929665817e-02 2.734055854840661270e-01 4.546997302281805542e-01 0.000000000000000000e+00 3.385926064573344108e-01 0.000000000000000000e+00 3.894393949783285791e-01 0.000000000000000000e+00 1.531716592483602091e-02 4.080068691539587844e-01 3.503235952293180236e-04 3.510695866750755401e-01 7.326726274649345005e-02 9.832418577243511315e-01 6.482697296968629175e-01 1.569546265114350747e-02 1.323965428215409285e-04 1.658209068452247414e-02 1.176507875224643007e-01 9.785685862830715287e-01 9.981048482629178986e-01 5.347931690755621803e-01 2.100696400083680094e-04 7.357593755721869577e-04 4.206375287399369278e-01 5.117154220731214842e-01 5.513085912951284362e-01 0.000000000000000000e+00 1.979423929137279492e-01 1.280000000000000000e+02 -1.288666666666666494e+01
1.645546746073910938e-01 0.000000000000000000e+00 1.202734141377830718e-02 5.279906646027996420e-01 6.432443720119246366e-01 7.619850902058685760e-01 0.000000000000000000e+00 5.116669372812461536e-02 0.000000000000000000e+00 0.000000000000000000e+00 9.364482365937965014e-01 2.119576045909956075e-01 2.248746193710093530e-02 3.150137456450763374e-03 0.000000000000000000e+00 0.000000000000000000e+00 0.000000000000000000e+00 2.379027876380796977e-02 9.214286293441157349e-01 2.542210511786910931e-01 1.548550358687738986e-02 0.000000000000000000e+00 2.406045330830646478e-01 9.370128191251243521e-01 0.000000000000000000e+00 0.000000000000000000e+00 0.000000000000000000e+00 6.002088829295288974e-01 9.740706737618098909e-01 3.250302491288603466e-06 0.000000000000000000e+00 1.000000000000000000e+00 1.280000000000000000e+02 -6.303333333333333677e+00
2.681171448921054745e-01 8.990494165837472116e-06 9.980210071255569693e-01 7.328262240662297971e-05 3.116362581288422798e-06 7.262402909352104752e-01 0.000000000000000000e+00 2.931460085717387063e-03 3.799897663264860115e-01 0.000000000000000000e+00 9.227951526801141391e-01 3.454056275568360146e-01 7.011077948398383164e-01 6.068693420238637642e-02 0.000000000000000000e+00 3.947479406601670515e-01 1.825090437651835928e-01 8.525463567597576509e-01 5.741100902405059658e-01 4.623398628298588942e-01 3.607149365241388850e-01 2.445857921272542312e-01 7.162643835445603457e-01 7.302111803901134698e-04 9.873471655279203452e-01 0.000000000000000000e+00 1.220057018405497767e-01 2.551134775131299031e-03 8.625454731193522573e-01 7.049031240570027279e-01 6.079470122348744864e-03 1.467846643758614900e-01 1.280000000000000000e+02 -1.091666666666666607e+01
0.000000000000000000e+00 0.000000000000000000e+00 0.000000000000000000e+00 0.000000000000000000e+00 3.678039697124517428e-07 1.165592812659905497e-01 0.000000000000000000e+00 1.226406166099258538e-01 3.883752235952810106e-02 0.000000000000000000e+00 6.411160248108278559e-01 6.030157648849240326e-01 0.000000000000000000e+00 0.000000000000000000e+00 0.000000000000000000e+00 5.016515332192892362e-01 4.241511868184469902e-01 0.000000000000000000e+00 3.633748605298554035e-01 3.115333363651789367e-01 1.000000000000000000e+00 8.228732339759479153e-01 2.690182368815765557e-01 8.943496693733022918e-01 2.562378131276242255e-01 4.261341212292767133e-02 7.561140430160850912e-01 0.000000000000000000e+00 9.613563228198924726e-01 5.065854766046912205e-01 0.000000000000000000e+00 3.547919262696431209e-01 1.280000000000000000e+02 -1.110333333333333350e+01
6.981984918753043612e-01 4.926852526924849901e-02 5.676614398723868193e-01 0.000000000000000000e+00 2.971488689755393681e-02 0.000000000000000000e+00 0.000000000000000000e+00 7.663434010287692791e-03 2.970298598017581670e-01 2.671089141505380016e-01 8.857628800498803523e-01 5.290156089310690257e-01 8.335241107233519742e-01 9.260322800419132916e-01 0.000000000000000000e+00 9.352774554180315336e-02 0.000000000000000000e+00 5.305493748561731504e-01 7.240639570835532002e-01 9.295296426767686582e-02 5.736876590843442211e-08 3.955419060109365836e-01 2.935035089853281697e-07 5.587412984341831867e-01 0.000000000000000000e+00 0.000000000000000000e+00 4.975040878882046602e-01 2.207953112332921523e-03 0.000000000000000000e+00 4.535008416197666703e-01 2.791951309239433243e-01 3.573531187247908081e-01 1.280000000000000000e+02 -1.359666666666666579e+01
6.936598699421435699e-01 0.000000000000000000e+00 0.000000000000000000e+00 0.000000000000000000e+00 0.000000000000000000e+00 1.040108518036980591e-03 0.000000000000000000e+00 0.000000000000000000e+00 0.000000000000000000e+00 0.000000000000000000e+00 2.086120140258039546e-01 0.000000000000000000e+00 0.000000000000000000e+00 9.114782371550304019e-01 7.238726022167955854e-02 0.000000000000000000e+00 4.418049743488334236e-01 1.675202196511927089e-01 0.000000000000000000e+00 0.000000000000000000e+00 0.000000000000000000e+00 1.201642464684652550e-01 1.708189839912032174e-02 8.602767192402364094e-01 3.449121826524208928e-02 0.000000000000000000e+00 4.072166679633020259e-01 0.000000000000000000e+00 0.000000000000000000e+00 0.000000000000000000e+00 0.000000000000000000e+00 0.000000000000000000e+00 1.280000000000000000e+02 -7.376666666666667815e+00
0.000000000000000000e+00 5.958787402930592059e-01 6.491997441144585768e-01 0.000000000000000000e+00 3.229020075198613116e-01 8.693795408639787281e-02 0.000000000000000000e+00 0.000000000000000000e+00 7.056858880433158898e-01 0.000000000000000000e+00 5.505593251959715190e-02 8.638539339430780784e-01 8.502513570342673521e-01 2.479306515227299237e-02 0.000000000000000000e+00 1.984047926465167810e-01 1.685248122104260615e-01 8.908743657228217483e-01 1.000000000000000000e+00 3.211828365089778518e-04 0.000000000000000000e+00 0.000000000000000000e+00 1.316925026607038314e-02 8.783954396806572529e-01 1.822150385645105505e-03 0.000000000000000000e+00 3.832171689032290440e-02 5.502670035203189869e-01 3.768292701829185076e-01 0.000000000000000000e+00 5.242879048839278744e-02 8.470896304044810421e-01 1.280000000000000000e+02 -7.913333333333333997e+00
0.000000000000000000e+00 0.000000000000000000e+00 1.078237879860622674e-02 3.727974479778353115e-03 7.303020874065880852e-01 3.643631629538779393e-01 0.000000000000000000e+00 0.000000000000000000e+00 1.622505936658532322e-01 2.749033676514357483e-01 9.605200270298838161e-01 2.428802381652295683e-04 1.434578084261751985e-01 1.166681059469488476e-04 1.310377834364045459e-02 1.091624253916841905e-11 2.648796319085907625e-01 2.032996281821626561e-01 3.039520056651254525e-04 0.000000000000000000e+00 0.000000000000000000e+00 3.095553124845034829e-04 4.818537268583215627e-01 8.027842387325109241e-01 8.688423828127028736e-01 1.689073633119885675e-05 0.000000000000000000e+00 5.464957995607518408e-04 5.804882445659995671e-01 3.825419710219640224e-01 0.000000000000000000e+00 7.702884165836019516e-03 1.280000000000000000e+02 -1.103000000000000114e+01
9.844747828278993529e-01 0.000000000000000000e+00 1.000000000000000000e+00 1.439937968875222053e-02 0.000000000000000000e+00 0.000000000000000000e+00 0.000000000000000000e+00 0.000000000000000000e+00 3.019680638616357160e-01 1.960358509278069816e-01 3.255654515020540984e-02 0.000000000000000000e+00 7.534218479911676258e-01 9.096254241117773809e-01 0.000000000000000000e+00 7.551477054468250794e-01 2.262947390472032638e-01 1.000000000000000000e+00 6.347892692268455872e-02 3.312212700421754419e-01 0.000000000000000000e+00 0.000000000000000000e+00 6.760919446788302319e-03 6.246552775281984937e-01 0.000000000000000000e+00 0.000000000000000000e+00 5.740273852654017434e-03 9.388073910539784794e-01 0.000000000000000000e+00 0.000000000000000000e+00 0.000000000000000000e+00 8.587186213564572223e-07 1.280000000000000000e+02 -7.959999999999999964e+00
0.000000000000000000e+00 0.000000000000000000e+00 8.565613861348880809e-01 0.000000000000000000e+00 0.000000000000000000e+00 3.666169230112059640e-01 0.000000000000000000e+00 0.000000000000000000e+00 8.616867918858182041e-01 8.325438843993410751e-05 3.800116307818344574e-04 0.000000000000000000e+00 1.216145600011380015e-07 0.000000000000000000e+00 7.447134783831603792e-04 0.000000000000000000e+00 0.000000000000000000e+00 9.999014449516556713e-01 2.534524227313186273e-01 1.189106304101187078e-05 9.694641662305115704e-01 3.457950294814884917e-01 8.104769844835157944e-01 9.777099945693661365e-01 1.843824796813105793e-01 5.063748626212556392e-01 0.000000000000000000e+00 0.000000000000000000e+00 7.065895194684148617e-01 0.000000000000000000e+00 0.000000000000000000e+00 0.000000000000000000e+00 1.280000000000000000e+02 -1.101666666666666572e+01
2.217608568613082393e-02 0.000000000000000000e+00 0.000000000000000000e+00 5.244471714957842368e-01 9.365608342357566833e-10 5.899518470949985938e-01 0.000000000000000000e+00 3.022285642830779828e-01 9.398792190262632296e-02 6.078300062413340976e-01 2.562155508133343584e-01 9.752323723735344396e-01 6.054549641660876835e-01 8.802778591958417831e-01 3.770363010258010293e-08 1.840881399704415861e-02 6.982388612154282193e-01 3.166001767632175556e-01 2.214876614198958704e-02 4.517444199045184683e-01 1.220247618602579576e-01 0.000000000000000000e+00 9.894634443930857559e-01 9.505251094023275948e-01 9.999999190842513430e-01 5.284421848217579850e-10 1.088051435766377940e-09 5.990875952734665832e-02 1.467484102532609809e-02 9.063217875450968464e-01 0.000000000000000000e+00 1.000000000000000000e+00 1.280000000000000000e+02 -1.509666666666666579e+01
5.235055980879411291e-02 0.000000000000000000e+00 1.781889678454474125e-06 0.000000000000000000e+00 1.623604951748853359e-02 6.786093652888180137e-03 0.000000000000000000e+00 1.032475316296136009e-01 0.000000000000000000e+00 7.730204058487433064e-04 6.357758402663417352e-02 1.140257256763441002e-01 3.199971709789424801e-01 5.991156233236583084e-01 6.131253240608516286e-01 0.000000000000000000e+00 2.355011664291000173e-01 7.590436598105121391e-01 2.001463862140007433e-01 8.660813544424235122e-01 0.000000000000000000e+00 6.405610662541654232e-01 4.968099518591779229e-01 8.598088849566377645e-01 0.000000000000000000e+00 4.974889817214142411e-03 5.561426360240780964e-01 9.846083496427830983e-01 0.000000000000000000e+00 9.836180710134826422e-01 0.000000000000000000e+00 3.564462302865113318e-04 1.280000000000000000e+02 -1.441333333333333222e+01
7.517864618616285066e-05 0.000000000000000000e+00 6.108804699336947142e-01 8.225066930976404969e-03 0.000000000000000000e+00 1.459216932093903261e-02 0.000000000000000000e+00 2.479415120288510910e-01 3.972537344738006904e-01 0.000000000000000000e+00 2.891621587813706373e-01 2.978045604734714247e-01 1.749264029161620715e-02 3.920383419753243337e-01 0.000000000000000000e+00 1.214283350449346377e-01 2.992983332173114741e-01 1.000000000000000000e+00 9.769523265678391466e-01 0.000000000000000000e+00 0.000000000000000000e+00 1.718698693163288327e-01 1.675071303032782009e-03 9.754422159824628347e-01 4.579662686000182030e-05 2.771115810028800756e-03 2.690056435975766713e-01 0.000000000000000000e+00 8.841877870909892190e-01 0.000000000000000000e+00 0.000000000000000000e+00 0.000000000000000000e+00 1.280000000000000000e+02 -1.240000000000000036e+01
2.570674754220357294e-01 0.000000000000000000e+00 7.657979021604766068e-01 2.329290557300252654e-02 0.000000000000000000e+00 8.088691062063069204e-01 7.192438082388758359e-04 5.134232434456481586e-01 7.347786557675914931e-01 5.468802740008124053e-01 4.420092043399101624e-10 9.733648060305227778e-01 0.000000000000000000e+00 1.063646129622037584e-01 2.092688757265948832e-03 2.486901257905666032e-08 4.268564019768494866e-02 0.000000000000000000e+00 5.766348804573866449e-01 0.000000000000000000e+00 0.000000000000000000e+00 0.000000000000000000e+00 7.965426077622591583e-01 9.999394982384594011e-01 0.000000000000000000e+00 0.000000000000000000e+00 9.956138312226849312e-06 5.923934299217420429e-02 1.871514755628660986e-01 8.043524321709925040e-01 0.000000000000000000e+00 0.000000000000000000e+00 1.280000000000000000e+02 -1.266333333333333222e+01
1.976346370825061061e-04 0.000000000000000000e+00 4.315321610332832902e-01 2.292324843559923886e-01 0.000000000000000000e+00 1.105928401248176263e-01 0.000000000000000000e+00 1.904012680645434108e-01 0.000000000000000000e+00 0.000000000000000000e+00 0.000000000000000000e+00 8.339708580141272557e-06 1.000000000000000000e+00 9.678457310599865283e-05 5.433855963333089482e-05 1.502183758924054147e-01 6.770922676631749848e-01 0.000000000000000000e+00 0.000000000000000000e+00 0.000000000000000000e+00 1.525562095173892685e-01 8.492847087357961733e-02 3.595746860954904811e-01 2.278015995084967937e-01 3.825695079165750689e-01 0.000000000000000000e+00 1.395590467652888488e-02 1.580706087892176093e-01 2.453275810944727520e-01 4.864128196967931195e-01 0.000000000000000000e+00 7.397243486398156521e-03 1.280000000000000000e+02 -1.369999999999999751e+01
5.067537036197927725e-01 9.999935977013042487e-01 0.000000000000000000e+00 8.047780297286975804e-02 2.433780725189507721e-02 0.000000000000000000e+00 0.000000000000000000e+00 1.062433382851471070e-01 1.000000000000000000e+00 6.573416465747303761e-01 7.918233939683914091e-01 3.964080796603225406e-07 0.000000000000000000e+00 9.999869149113929101e-01 4.248275894649104489e-01 0.000000000000000000e+00 7.807746131462646708e-08 9.370408169696696765e-01 7.815059187412722874e-01 5.455322236753056275e-01 0.000000000000000000e+00 1.557057583825289804e-01 0.000000000000000000e+00 4.157512043057836615e-01 9.999997593706274612e-01 8.131593853927848725e-01 6.031509567882434864e-01 8.525693667127502706e-02 2.486882966347654655e-01 3.539876419650800909e-01 0.000000000000000000e+00 1.000000000000000000e+00 1.280000000000000000e+02 -1.173333333333333250e+01
0.000000000000000000e+00 0.000000000000000000e+00 0.000000000000000000e+00 2.021661949588452190e-01 0.000000000000000000e+00 0.000000000000000000e+00 0.000000000000000000e+00 0.000000000000000000e+00 0.000000000000000000e+00 3.129326790028176819e-01 0.000000000000000000e+00 0.000000000000000000e+00 6.612592403580779266e-01 8.677980146113100091e-01 0.000000000000000000e+00 0.000000000000000000e+00 0.000000000000000000e+00 1.042302157377669319e-01 3.821853055325109827e-02 1.505351103902801378e-02 2.500801631968086955e-02 6.907995026869097055e-01 1.119438794470376149e-02 5.188451665874498353e-01 1.147753399240254157e-01 0.000000000000000000e+00 0.000000000000000000e+00 2.220458397022935515e-01 0.000000000000000000e+00 0.000000000000000000e+00 0.000000000000000000e+00 1.341070221247448943e-02 1.280000000000000000e+02 -1.247666666666666657e+01
5.011271489135425972e-01 0.000000000000000000e+00 4.984182029754949395e-01 0.000000000000000000e+00 6.926977663166349330e-01 0.000000000000000000e+00 0.000000000000000000e+00 0.000000000000000000e+00 1.272111626464688672e-01 1.359560363063999910e-01 4.704806014972842676e-01 0.000000000000000000e+00 0.000000000000000000e+00 2.106777460561654568e-03 0.000000000000000000e+00 0.000000000000000000e+00 1.611020853266914286e-05 0.000000000000000000e+00 1.797149759584868167e-01 2.321810903453151026e-02 7.622801366463641815e-01 4.012178766903171656e-01 2.688746645838068785e-04 6.318451940055569427e-01 4.682330075217032150e-01 0.000000000000000000e+00 0.000000000000000000e+00 1.251859924348578497e-03 9.345275796331162232e-02 0.000000000000000000e+00 1.296748285987549308e-08 2.251807490005904022e-02 1.280000000000000000e+02 -8.736666666666666359e+00
0.000000000000000000e+00 0.000000000000000000e+00 9.970384380143327840e-01 9.186138611067178328e-01 8.123970800462922970e-01 5.590190066433629520e-03 2.991080006712363865e-03 3.902330483187825827e-01 6.424024749303262893e-02 8.920282128549472667e-01 7.772810897487520965e-01 1.823858492177787144e-02 8.970556311794126714e-01 5.256528677211866896e-01 0.000000000000000000e+00 2.136558090227428930e-01 4.633951989894038448e-01 7.999125342776748360e-01 1.000000000000000000e+00 4.781189238669286690e-01 5.816364633269749396e-01 0.000000000000000000e+00 9.097158685183057703e-01 3.477844677998943035e-01 7.890154194109540997e-01 7.410814169198299828e-01 8.536186824142674157e-01 9.835957918841063963e-01 3.924560478415309306e-01 5.674467629594838469e-02 0.000000000000000000e+00 9.554689605955181131e-01 1.280000000000000000e+02 -1.101333333333333364e+01
1.183745745243062752e-01 8.826929411892170396e-02 1.000000000000000000e+00 7.511318950878534961e-01 5.208870089220688504e-01 9.666385077149779459e-01 0.000000000000000000e+00 5.805504345628912377e-01 2.020381371547065041e-01 5.125673253107222438e-01 1.000000000000000000e+00 1.000000000000000000e+00 4.867682211988196700e-02 1.000000000000000000e+00 1.291130661011081774e-05 8.233536178521909388e-02 9.548060574722289084e-01 9.898079333542800784e-01 1.000000000000000000e+00 4.713218344800139681e-01 7.598767927646064013e-01 4.106680621923153862e-01 8.503128902071752648e-01 9.981640627437644575e-01 9.141589829297460668e-01 6.180043338591473256e-01 6.983709371678609168e-01 9.794977280292560540e-01 1.000000000000000000e+00 6.812329425912174719e-01 1.473012231039597664e-01 8.614390068760460206e-01 1.280000000000000000e+02 -1.346666666666666679e+01
2.235280350026591090e-01 0.000000000000000000e+00 8.413938415969710594e-01 2.680996008938626440e-01 0.000000000000000000e+00 4.825939799056691570e-01 2.543699736947212849e-03 5.076465485396940147e-02 9.991774865329124955e-01 8.334128223724038536e-04 0.000000000000000000e+00 0.000000000000000000e+00 2.344827979187436018e-01 5.577800428572220470e-01 1.363290968484327237e-01 0.000000000000000000e+00 0.000000000000000000e+00 5.302199506068662194e-01 5.451042543747881552e-01 9.700993017673464891e-03 2.331656733271132275e-03 4.703784755056171774e-01 6.652255220544328607e-01 2.378172178016272144e-08 1.500700474394320305e-01 3.219972233208987650e-02 9.135972639866265510e-01 4.063511864825735120e-01 5.129256134484875412e-02 1.000000000000000000e+00 0.000000000000000000e+00 0.000000000000000000e+00 1.280000000000000000e+02 -1.410666666666666735e+01
3.048695252688242074e-06 3.745883587897408384e-02 2.867868946556151322e-01 3.698532240409890814e-01 1.463493794787596169e-01 4.331551330032041951e-03 0.000000000000000000e+00 9.425877174320299035e-02 0.000000000000000000e+00 6.294923878210123558e-02 5.295645255881614721e-01 5.281532516142568578e-01 0.000000000000000000e+00 8.856471250680867380e-01 0.000000000000000000e+00 0.000000000000000000e+00 4.344880997229758068e-01 3.984992711548460131e-01 8.655460164562412961e-01 8.085832910071891373e-04 1.455375897449548706e-01 1.712962795690562423e-01 1.463752074902095190e-01 6.278741471131352170e-02 6.010573513450555572e-01 1.188166207402175127e-03 9.026918828357725910e-02 7.091120838148075034e-01 6.925469852072283494e-01 2.757960544058506991e-01 0.000000000000000000e+00 0.000000000000000000e+00 1.280000000000000000e+02 -1.206666666666666821e+01
1.947265208366088240e-01 0.000000000000000000e+00 2.584214386066007174e-01 0.000000000000000000e+00 0.000000000000000000e+00 0.000000000000000000e+00 0.000000000000000000e+00 2.492213557259776151e-03 0.000000000000000000e+00 0.000000000000000000e+00 9.485292710094725965e-01 1.758990625650358117e-02 2.738334996093923918e-02 3.668026821410046330e-03 0.000000000000000000e+00 0.000000000000000000e+00 0.000000000000000000e+00 1.172728469875713650e-02 0.000000000000000000e+00 9.011368564656782446e-05 0.000000000000000000e+00 0.000000000000000000e+00 5.341094693860853199e-02 0.000000000000000000e+00 0.000000000000000000e+00 2.013356716065559278e-03 7.670305619740175329e-02 0.000000000000000000e+00 0.000000000000000000e+00 0.000000000000000000e+00 0.000000000000000000e+00 0.000000000000000000e+00 1.280000000000000000e+02 -1.055333333333333279e+01
2.306165810221888490e-02 5.921245226307081388e-01 6.839018046518462179e-02 4.738120268283188552e-01 0.000000000000000000e+00 6.414525121906345939e-01 0.000000000000000000e+00 1.485702101876174297e-01 1.748980512741342766e-02 0.000000000000000000e+00 8.986294612579615038e-01 1.000000000000000000e+00 1.333824496054264730e-01 0.000000000000000000e+00 0.000000000000000000e+00 0.000000000000000000e+00 3.429188545132818011e-01 6.676878788228454153e-01 8.958946419640582137e-01 2.914739990976738526e-01 2.600105258141406812e-03 4.150551129274838713e-01 0.000000000000000000e+00 1.000000000000000000e+00 7.593929653487123677e-01 0.000000000000000000e+00 5.342331927875684228e-01 3.473754299683810831e-02 0.000000000000000000e+00 1.000000000000000000e+00 0.000000000000000000e+00 0.000000000000000000e+00 1.280000000000000000e+02 -1.104666666666666686e+01
0.000000000000000000e+00 6.216056914361816482e-03 0.000000000000000000e+00 7.798825779019005200e-01 0.000000000000000000e+00 3.105610483516546561e-01 0.000000000000000000e+00 1.127459137209108932e-02 4.113968175312800180e-02 2.470661711150474843e-10 7.891379178853090703e-01 0.000000000000000000e+00 0.000000000000000000e+00 0.000000000000000000e+00 3.208673474837797114e-03 4.673511318725000474e-01 0.000000000000000000e+00 2.363851925083065506e-02 1.871765544026613992e-01 9.960277746294898815e-01 1.480166508470018016e-01 1.686486025731636772e-04 5.839369364587652100e-01 9.614817761714888888e-01 3.889308813463336900e-01 0.000000000000000000e+00 0.000000000000000000e+00 2.810742884653407159e-01 2.686098665139847186e-01 1.431469131968345632e-01 0.000000000000000000e+00 1.453861794699188052e-03 1.280000000000000000e+02 -8.529999999999999361e+00
9.506637022034532258e-03 0.000000000000000000e+00 5.708583385883556627e-01 0.000000000000000000e+00 2.749951734897070066e-02 0.000000000000000000e+00 0.000000000000000000e+00 9.427180209213988915e-01 2.171166893807851758e-02 0.000000000000000000e+00 1.995463271688635229e-02 9.053429424745127949e-03 7.227455035372807313e-01 0.000000000000000000e+00 0.000000000000000000e+00 0.000000000000000000e+00 6.357494955569132371e-07 0.000000000000000000e+00 0.000000000000000000e+00 0.000000000000000000e+00 4.444555066318147674e-01 0.000000000000000000e+00 8.734993909979237303e-01 9.749286635025055103e-01 2.284580765763732924e-01 0.000000000000000000e+00 5.090816503026323048e-01 4.645297218947544438e-01 0.000000000000000000e+00 3.868033331308203091e-04 0.000000000000000000e+00 1.434902355798141349e-01 1.280000000000000000e+02 -1.263666666666666849e+01
9.351990644679927245e-01 0.000000000000000000e+00 6.179198499400571087e-01 6.409921749466601648e-01 4.327008449272118362e-01 0.000000000000000000e+00 1.736661640498647977e-02 9.948821217677120132e-02 9.702361443648409578e-01 1.363159963120537110e-01 6.706280777322938258e-01 0.000000000000000000e+00 3.983589524591042430e-01 6.554533811082275951e-01 1.290329117944160643e-02 6.528075056262035991e-01 8.953921854111187573e-01 9.447682635892475922e-01 6.990747294588653959e-01 5.146425798809138455e-04 1.463209598794885512e-04 1.101501844324841023e-01 7.877344720595519378e-01 8.038638983722259379e-01 9.798336856422927843e-01 0.000000000000000000e+00 1.806855701344032838e-01 7.852760162053615822e-01 5.964814914007404711e-01 9.734320204553532641e-01 0.000000000000000000e+00 2.379754899274802438e-01 1.280000000000000000e+02 -1.199666666666666792e+01
0.000000000000000000e+00 0.000000000000000000e+00 1.000000000000000000e+00 0.000000000000000000e+00 0.000000000000000000e+00 0.000000000000000000e+00 0.000000000000000000e+00 0.000000000000000000e+00 8.667015189922362417e-01 0.000000000000000000e+00 0.000000000000000000e+00 2.145531649836769916e-01 6.834296732525874107e-01 0.000000000000000000e+00 6.050212954108737939e-01 0.000000000000000000e+00 8.949450444696338547e-02 1.000000000000000000e+00 2.138277324663991896e-01 0.000000000000000000e+00 1.930513575007540561e-01 0.000000000000000000e+00 0.000000000000000000e+00 0.000000000000000000e+00 2.388019695416012111e-01 1.026730682010808665e-01 0.000000000000000000e+00 6.427446552489178393e-03 1.000000000000000000e+00 0.000000000000000000e+00 0.000000000000000000e+00 2.627138640575841788e-01 1.280000000000000000e+02 -7.326666666666665328e+00
0.000000000000000000e+00 0.000000000000000000e+00 6.731305319723984715e-01 9.105005690164010845e-01 0.000000000000000000e+00 8.945819808929789119e-01 0.000000000000000000e+00 0.000000000000000000e+00 0.000000000000000000e+00 3.931631140913710576e-01 4.141626685316760481e-01 3.959335591390407139e-01 4.192350175340447187e-06 9.368855199336126871e-01 4.782978627167198127e-01 4.622481894038631967e-01 4.659594510460887684e-01 9.215103292253770673e-02 9.917708068261302801e-01 5.099206728117160192e-02 5.371818516185716342e-04 3.490361015377295151e-01 1.474574503751756305e-01 9.722603341871813853e-01 9.613453618718466043e-01 4.632666181407734118e-01 5.238097023240700228e-02 9.995167077152117274e-01 2.074115080703499078e-03 0.000000000000000000e+00 0.000000000000000000e+00 9.999965811980119357e-01 1.280000000000000000e+02 -1.045333333333333314e+01
0.000000000000000000e+00 0.000000000000000000e+00 1.000000000000000000e+00 8.440600884766961132e-01 1.000000000000000000e+00 8.451413582993219098e-01 0.000000000000000000e+00 9.716809450870029785e-01 0.000000000000000000e+00 0.000000000000000000e+00 8.773163498016626205e-01 0.000000000000000000e+00 9.701908138384121028e-01 2.492943622249751967e-01 1.362076319608520880e-01 0.000000000000000000e+00 9.875097040634331913e-01 5.807241687284441234e-01 8.606646487186837557e-01 6.080089937680364931e-02 1.666410684655285704e-02 0.000000000000000000e+00 9.972901930889737088e-01 0.000000000000000000e+00 9.786966519016048194e-01 0.000000000000000000e+00 0.000000000000000000e+00 1.338104750821432209e-01 6.734142228676970321e-01 9.999928915540357011e-01 2.403310761144776195e-02 0.000000000000000000e+00 1.280000000000000000e+02 -1.129000000000000092e+01
0.000000000000000000e+00 0.000000000000000000e+00 3.989686964103383910e-09 0.000000000000000000e+00 2.952405530301657199e-01 0.000000000000000000e+00 0.000000000000000000e+00 0.000000000000000000e+00 4.531533376619122089e-02 0.000000000000000000e+00 4.160261662972124241e-02 5.396299899693939306e-01 0.000000000000000000e+00 4.907510413553907158e-01 0.000000000000000000e+00 0.000000000000000000e+00 0.000000000000000000e+00 3.301958996485308828e-02 3.180721997218757258e-01 0.000000000000000000e+00 0.000000000000000000e+00 5.258218995836776433e-01 5.898826957226425277e-02 1.042351438709192696e-01 1.135661301561277786e-01 5.865151124844156794e-01 2.068185802801140172e-01 1.272957746413875234e-02 6.476268638159798918e-01 8.377728852336092658e-01 0.000000000000000000e+00 4.477870077801189563e-02 1.280000000000000000e+02 -1.052666666666666551e+01
0.000000000000000000e+00 0.000000000000000000e+00 0.000000000000000000e+00 7.914486347262901511e-02 0.000000000000000000e+00 0.000000000000000000e+00 0.000000000000000000e+00 1.026536784391662328e-02 5.843415683252917159e-01 4.171383503116302127e-01 2.298472357735877325e-01 1.527086584957446092e-01 2.551369918736126063e-01 1.615184728967377914e-01 5.134608295860414451e-01 6.362459600665781867e-03 0.000000000000000000e+00 0.000000000000000000e+00 9.953637715660287322e-01 3.569916235594334797e-01 6.134202674018242041e-01 1.389383764931458043e-01 7.212276989674962779e-01 4.920930480582996584e-03 1.080903852903865175e-01 0.000000000000000000e+00 6.573606110574338468e-02 0.000000000000000000e+00 1.000000000000000000e+00 1.093294514718963321e-02 0.000000000000000000e+00 0.000000000000000000e+00 1.280000000000000000e+02 -1.222666666666666657e+01
3.305519109134084527e-09 5.349198596617217305e-01 1.000000000000000000e+00 6.333773980550273519e-01 0.000000000000000000e+00 7.107660793646640440e-02 0.000000000000000000e+00 5.214467690910331577e-01 1.069324283801174587e-03 0.000000000000000000e+00 4.543424294374963091e-01 5.856934335364705896e-04 4.057248890994274299e-04 4.342356867189608449e-01 3.761508701975749963e-02 9.093152257651387904e-02 4.997985230193622286e-01 3.354996094533269774e-02 1.000000000000000000e+00 8.271791565672953483e-01 0.000000000000000000e+00 5.729716986211451646e-01 7.880582034667471536e-01 1.585708516137396620e-03 9.529388789591003439e-01 7.884900127046206020e-01 1.004940917449548277e-01 0.000000000000000000e+00 1.748655127732487088e-02 5.449997111705850994e-01 0.000000000000000000e+00 5.996610429580295776e-01 1.280000000000000000e+02 -1.269666666666666721e+01
2.015402673312549353e-01 2.515383389258707240e-03 9.999996073119586937e-01 1.014454484091646541e-01 1.168168805508800964e-03 1.253292538674216916e-01 0.000000000000000000e+00 0.000000000000000000e+00 0.000000000000000000e+00 2.838518689670281928e-05 9.700703849975120807e-01 4.353070892901224342e-02 5.520525477351404531e-01 9.999434632372414811e-01 0.000000000000000000e+00 0.000000000000000000e+00 8.273062552243245138e-05 1.000000000000000000e+00 1.352414110705591199e-01 0.000000000000000000e+00 4.506841982674098109e-05 9.862126804091723153e-01 1.000000000000000000e+00 9.189976902971623840e-01 6.111112563681496690e-01 0.000000000000000000e+00 0.000000000000000000e+00 2.918607068011445649e-01 2.376354182423283112e-01 1.762092015476789467e-02 0.000000000000000000e+00 2.608335322003854095e-01 1.280000000000000000e+02 -1.125000000000000000e+01
0.000000000000000000e+00 9.322037640614559695e-02 0.000000000000000000e+00 0.000000000000000000e+00 3.063645453363978977e-01 0.000000000000000000e+00 0.000000000000000000e+00 2.172067309006892475e-09 0.000000000000000000e+00 0.000000000000000000e+00 8.746812416720327610e-01 1.060375830257319005e-02 0.000000000000000000e+00 0.000000000000000000e+00 0.000000000000000000e+00 0.000000000000000000e+00 1.454628689521334298e-02 4.347269879399328074e-01 8.560480443718337940e-01 8.490049836470036082e-01 0.000000000000000000e+00 0.000000000000000000e+00 1.887958709190675627e-02 1.956304972807082210e-01 2.438096884242207086e-06 9.654194079554992980e-01 5.806369332039660325e-01 0.000000000000000000e+00 0.000000000000000000e+00 9.238170252735973531e-02 0.000000000000000000e+00 5.637269726134794823e-01 1.280000000000000000e+02 -9.453333333333333144e+00
0.000000000000000000e+00 0.000000000000000000e+00 7.871788055170723108e-01 0.000000000000000000e+00 0.000000000000000000e+00 1.965319255668381559e-01 0.000000000000000000e+00 3.288585232456698315e-01 0.000000000000000000e+00 0.000000000000000000e+00 9.742632682222274187e-01 7.143098726898701178e-01 1.857361961468093348e-01 0.000000000000000000e+00 0.000000000000000000e+00 0.000000000000000000e+00 0.000000000000000000e+00 5.740843675068756369e-01 6.896483477204129464e-01 1.314356897524796841e-01 0.000000000000000000e+00 0.000000000000000000e+00 8.574535899563404673e-01 5.623634889057043118e-01 6.162253688237439436e-02 0.000000000000000000e+00 0.000000000000000000e+00 7.850192131555754071e-02 1.243535382207107687e-01 2.425881090751725588e-01 0.000000000000000000e+00 0.000000000000000000e+00 1.280000000000000000e+02 -1.308666666666666778e+01
0.000000000000000000e+00 0.000000000000000000e+00 5.233581231898657565e-03 9.996194503411726107e-01 0.000000000000000000e+00 0.000000000000000000e+00 0.000000000000000000e+00 0.000000000000000000e+00 7.442302046666939841e-01 0.000000000000000000e+00 0.000000000000000000e+00 0.000000000000000000e+00 3.938677972226792279e-01 6.636448454474427328e-01 0.000000000000000000e+00 4.033437024990765146e-02 6.435300663187394675e-04 3.378992690029514745e-01 3.118878384093376477e-01 9.765093119341249350e-01 4.230890326786221900e-01 6.817158104115391901e-03 0.000000000000000000e+00 9.900400134232077987e-01 6.261989781734818017e-01 3.428098738594593242e-01 3.450577986596045990e-03 9.726255037102868872e-01 7.398450057656978662e-02 0.000000000000000000e+00 6.120676551071569695e-03 9.047593957181401803e-02 1.280000000000000000e+02 -1.325333333333333208e+01
5.290440602494284050e-02 3.775564502005845369e-01 9.814888580201047328e-05 8.162189499323362352e-01 0.000000000000000000e+00 8.538978886542463176e-01 0.000000000000000000e+00 9.215383847034719356e-01 9.999875824333582797e-01 1.786286814684842350e-01 1.000000000000000000e+00 1.642702511653353348e-01 0.000000000000000000e+00 8.734018036635611548e-02 9.068984326003980273e-08 0.000000000000000000e+00 6.152536462960214335e-04 5.558284187812897459e-01 4.835392430848017842e-01 0.000000000000000000e+00 8.622184037336072526e-01 7.995526816739733089e-01 5.125686379838522155e-01 9.768368162768205076e-01 1.435055961509171252e-01 6.071315510858370512e-01 2.402777464306384394e-04 5.751691636669404861e-01 1.000000000000000000e+00 9.972914773844170355e-01 4.098567813055731951e-02 5.925218296109483473e-01 1.280000000000000000e+02 -1.289333333333333265e+01
0.000000000000000000e+00 9.042123403333677256e-01 6.494843812767893666e-09 1.947861772516423784e-01 2.271645127301564759e-01 0.000000000000000000e+00 6.669085981173806651e-08 0.000000000000000000e+00 2.008946588333677119e-01 1.765668662452447954e-04 0.000000000000000000e+00 9.942471356721991338e-01 0.000000000000000000e+00 7.613449663686908675e-01 0.000000000000000000e+00 1.591733642228365941e-01 5.699168891985214591e-01 0.000000000000000000e+00 6.065461392195768964e-01 0.000000000000000000e+00 0.000000000000000000e+00 1.921265318589618354e-03 1.051405659039421764e-01 0.000000000000000000e+00 0.000000000000000000e+00 5.435246200464193267e-01 0.000000000000000000e+00 7.411365317379893236e-01 0.000000000000000000e+00 7.645789898260660356e-02 0.000000000000000000e+00 0.000000000000000000e+00 1.280000000000000000e+02 -1.057333333333333236e+01
7.099975935126435767e-01 4.957635110561585123e-01 9.696350601748343623e-01 7.102485716464999044e-01 7.197396727199585620e-02 0.000000000000000000e+00 0.000000000000000000e+00 5.428459004097997177e-03 3.815015343561797834e-01 0.000000000000000000e+00 1.000000000000000000e+00 2.391854155234655055e-01 4.523335744827831628e-01 2.346336851729274972e-04 0.000000000000000000e+00 0.000000000000000000e+00 1.625819973727939127e-01 1.000000000000000000e+00 3.978881912520145225e-01 1.649310651683673079e-01 0.000000000000000000e+00 9.857189813935639533e-01 2.602768018250652959e-01 0.000000000000000000e+00 7.699553561469189011e-01 5.664116651196046378e-04 0.000000000000000000e+00 7.547233402060762320e-01 8.266288045028722387e-01 9.882901475321066442e-01 0.000000000000000000e+00 4.640700682953339000e-07 1.280000000000000000e+02 -1.395000000000000107e+01
0.000000000000000000e+00 4.377236808944793833e-01 1.259779033487145039e-01 2.017165176078954958e-01 5.190966061577793889e-02 9.204699314165974977e-01 0.000000000000000000e+00 0.000000000000000000e+00 9.430340400559737019e-03 0.000000000000000000e+00 5.011041950548424939e-01 8.469449537648553786e-09 3.399515625218955117e-01 6.201522793145211043e-01 1.854816203442273244e-03 4.273168833029940550e-01 9.839903263628186902e-01 7.048572018303727038e-01 9.170642816132124064e-01 0.000000000000000000e+00 4.911449259975974591e-01 7.157364134754782281e-01 9.394932642038777981e-01 9.586131821873422609e-01 4.526783990964002302e-01 7.006493493484841628e-02 0.000000000000000000e+00 0.000000000000000000e+00 4.362859101892588298e-01 1.000000000000000000e+00 0.000000000000000000e+00 3.751004128640714752e-01 1.280000000000000000e+02 -1.241999999999999993e+01
3.401489934113000602e-01 3.312732621726043047e-02 7.827453096410526001e-01 0.000000000000000000e+00 0.000000000000000000e+00 0.000000000000000000e+00 8.435300762324863255e-01 0.000000000000000000e+00 8.390324382048666152e-01 2.521839606756771102e-01 9.398702435926400423e-01 1.970565623156605994e-01 1.000000000000000000e+00 7.055740534585011603e-02 0.000000000000000000e+00 0.000000000000000000e+00 2.253021462956751510e-03 1.000000000000000000e+00 0.000000000000000000e+00 5.122351718248919772e-01 0.000000000000000000e+00 0.000000000000000000e+00 7.278222663286830763e-01 7.031045031086858854e-01 1.000000000000000000e+00 5.028738695136639736e-01 5.156846350909425003e-05 2.728595824924470170e-01 9.412996850323255282e-01 0.000000000000000000e+00 7.222572491495060816e-03 2.815838820633865744e-02 1.280000000000000000e+02 -7.943333333333332469e+00
7.614099966507074102e-01 5.650924427681646052e-03 7.601104639405047436e-01 0.000000000000000000e+00 0.000000000000000000e+00 6.002456677594240897e-02 0.000000000000000000e+00 2.737655435935527071e-01 2.287570326352447170e-01 7.101802867245358974e-02 0.000000000000000000e+00 4.595686554029260185e-02 0.000000000000000000e+00 1.694816932485671279e-01 0.000000000000000000e+00 0.000000000000000000e+00 0.000000000000000000e+00 2.020301960804911645e-01 0.000000000000000000e+00 5.520383235775873886e-04 0.000000000000000000e+00 4.215538631814393922e-01 2.559710067224869878e-02 4.149515730348614651e-01 9.439870277924832243e-01 1.875007756837053785e-01 4.674218176542186409e-01 0.000000000000000000e+00 9.759005939728783163e-01 2.056718616152415358e-01 0.000000000000000000e+00 1.000000000000000000e+00 1.280000000000000000e+02 -8.466666666666666785e+00
0.000000000000000000e+00 3.791994656919960190e-04 6.323753831469057785e-01 5.145958592104274976e-01 5.706152440923266678e-01 9.901497909545220466e-01 0.000000000000000000e+00 0.000000000000000000e+00 3.138477250264473106e-01 2.033610889644923980e-02 5.549991259852128378e-01 7.123929986639056244e-02 5.644781651546775490e-03 4.259823849538338369e-01 2.686117766425967327e-07 0.000000000000000000e+00 5.489825208964415060e-01 1.000000000000000000e+00 1.000000000000000000e+00 2.391515074061686119e-01 0.000000000000000000e+00 1.318861149100243255e-02 6.843257043212277457e-01 7.472636823878554824e-02 2.463676961572972002e-01 2.017232152878290219e-01 7.386119780966853010e-02 1.236780697939768323e-05 8.706133080337866703e-01 1.271797733452074419e-01 0.000000000000000000e+00 8.074785425750716783e-01 1.280000000000000000e+02 -1.228999999999999915e+01
0.000000000000000000e+00 0.000000000000000000e+00 9.708229190850731216e-01 8.767568209584615246e-01 5.318033484363632324e-01 8.306763178624003430e-02 5.726623950414159829e-03 3.670565676714503817e-02 6.286977431540651251e-01 4.815216939306533883e-02 9.963251761783334937e-01 3.503851192128309999e-04 6.582375809035643935e-04 8.399641902926882064e-01 1.121218354362333962e-03 0.000000000000000000e+00 5.337196878782135556e-01 6.036926029930252818e-02 2.898255370337159964e-01 6.021912312086725727e-01 5.013065208670643841e-03 9.903269467927868774e-01 7.650710571085510558e-01 7.320273725240569185e-01 9.029233867518297041e-01 1.319400806248948073e-02 6.132436496403739223e-01 7.626039052452879830e-01 9.724751111821680061e-01 4.130956049769253235e-01 0.000000000000000000e+00 4.598938367026471075e-01 1.280000000000000000e+02 -1.135999999999999943e+01
4.496624453476617128e-02 0.000000000000000000e+00 6.201415795866461744e-01 0.000000000000000000e+00 9.292422230795537308e-01 1.544141469923008564e-06 0.000000000000000000e+00 3.403999249042892195e-01 0.000000000000000000e+00 2.188624085052881807e-01 8.800132410932638427e-01 3.853916532387106075e-01 0.000000000000000000e+00 9.968883677199809057e-01 1.441164895336561891e-01 3.159060624983484750e-02 4.673535832326434917e-04 1.000000000000000000e+00 9.634016060250389923e-01 1.323096691823726634e-01 2.575053118135740560e-01 0.000000000000000000e+00 6.771248547587543909e-01 9.999996114847620188e-01 8.956537516799392140e-01 0.000000000000000000e+00 5.117135021262184807e-02 1.000000000000000000e+00 3.174060841359231717e-06 9.130943846473162928e-01 0.000000000000000000e+00 9.093414643729682556e-01 1.280000000000000000e+02 -1.163666666666666494e+01
3.428394045164459558e-02 0.000000000000000000e+00 3.597808454252461319e-01 7.620244703304379641e-01 6.084629589318914233e-02 5.523646673692657050e-01 0.000000000000000000e+00 3.457949452888551840e-04 5.549031713047680725e-01 5.317682136871028087e-01 5.905013927671415308e-01 1.000000000000000000e+00 2.065315841029299049e-01 7.378579611483458180e-03 0.000000000000000000e+00 0.000000000000000000e+00 9.737828280562008665e-01 6.388758410082587824e-01 6.791090659503108418e-01 0.000000000000000000e+00 0.000000000000000000e+00 4.737931597964141761e-01 3.585158745262488900e-01 7.713679070086807421e-01 5.439620453276643453e-01 0.000000000000000000e+00 8.096911358775751855e-02 1.000000000000000000e+00 8.743515824243267565e-01 6.305703704467539028e-01 4.159326702963075384e-01 2.203063421150307927e-02 1.280000000000000000e+02 -1.164666666666666828e+01
5.208623399572460677e-01 1.281662074400223006e-01 0.000000000000000000e+00 3.541115322767063311e-02 0.000000000000000000e+00 2.329776114979324988e-09 1.082786502789444272e-03 7.063140395232302415e-01 0.000000000000000000e+00 5.549224875502528631e-01 1.000000000000000000e+00 2.888633706331482899e-07 0.000000000000000000e+00 5.897581073114401828e-01 0.000000000000000000e+00 0.000000000000000000e+00 1.000000000000000000e+00 2.719742351073631825e-01 3.169064743527224004e-01 0.000000000000000000e+00 8.415336045843807850e-09 8.819656553692792889e-01 4.276458580666165910e-01 4.620643555984443396e-04 0.000000000000000000e+00 6.648411118896641048e-02 0.000000000000000000e+00 3.372031783886987322e-01 0.000000000000000000e+00 9.720450964574551822e-01 0.000000000000000000e+00 0.000000000000000000e+00 1.280000000000000000e+02 -1.383000000000000007e+01
0.000000000000000000e+00 0.000000000000000000e+00 5.736533402362300853e-03 9.903322038769856173e-01 1.791576003502041645e-02 8.931700560096522690e-01 0.000000000000000000e+00 1.255822957963585815e-03 9.994186724128044375e-02 0.000000000000000000e+00 2.407939569690326354e-01 0.000000000000000000e+00 4.879241677966808521e-01 5.974963041736744973e-01 3.060093676468002566e-01 4.141316607435232243e-03 0.000000000000000000e+00 1.000000000000000000e+00 2.310841269625356353e-01 0.000000000000000000e+00 0.000000000000000000e+00 0.000000000000000000e+00 4.985528923802615697e-01 8.662844180229364865e-02 5.597432114165492439e-02 0.000000000000000000e+00 0.000000000000000000e+00 6.361648029803645965e-01 8.616051367310874065e-01 2.266387787733317727e-01 0.000000000000000000e+00 0.000000000000000000e+00 1.280000000000000000e+02 -1.145000000000000107e+01
7.766308998675435296e-03 0.000000000000000000e+00 2.162554734559123948e-01 0.000000000000000000e+00 6.458880115093796892e-01 0.000000000000000000e+00 0.000000000000000000e+00 1.555850919068051952e-01 0.000000000000000000e+00 0.000000000000000000e+00 2.897868082236653153e-01 0.000000000000000000e+00 1.292595115448449961e-02 5.788108140817668223e-01 4.240896994743589116e-05 1.985736600356696746e-01 2.708947639543379457e-02 1.371956681279469514e-01 9.866175102728101942e-01 2.583129680754934210e-01 1.233035725013855236e-02 1.061341924734316849e-01 0.000000000000000000e+00 9.967930831164439898e-01 3.452462806058158584e-01 1.999570336677655935e-05 0.000000000000000000e+00 9.850285376914179603e-01 0.000000000000000000e+00 1.525952697828627802e-01 0.000000000000000000e+00 7.123526762396537038e-01 1.280000000000000000e+02 -7.959999999999999964e+00
7.713885753296177983e-01 0.000000000000000000e+00 2.928785923703727812e-01 4.251605228408035313e-04 3.873425612923030448e-01 3.316041386177863703e-01 0.000000000000000000e+00 0.000000000000000000e+00 0.000000000000000000e+00 0.000000000000000000e+00 1.000000000000000000e+00 0.000000000000000000e+00 3.219408508919170409e-01 9.974485396554814143e-01 7.619467428703522449e-01 0.000000000000000000e+00 0.000000000000000000e+00 0.000000000000000000e+00 7.754695355873122420e-01 0.000000000000000000e+00 0.000000000000000000e+00 6.563547382309811162e-01 4.379685148581520700e-03 4.997180045144974936e-01 4.607893490902185141e-01 0.000000000000000000e+00 0.000000000000000000e+00 3.374229510078381082e-04 5.783830846688051436e-08 2.498035684066364033e-08 9.995962221425028216e-02 6.719488897060431699e-09 1.280000000000000000e+02 -1.125333333333333208e+01
4.883889553333023992e-01 3.445672235876218181e-02 8.988017654002893320e-01 9.622021226631735646e-02 1.520341074342796035e-02 3.435151347726510540e-01 0.000000000000000000e+00 9.000650418352869938e-04 7.535255290612703494e-01 5.543795875210625335e-01 1.843718076240220827e-01 9.661822117366176688e-01 5.269317074069321816e-01 3.930560339477623399e-01 4.994596569326915092e-01 5.216090756770561630e-03 2.487304856776408057e-01 9.814086246256037427e-01 9.233226608618428921e-01 6.765093673378592271e-03 4.125023253329921508e-02 7.225862384249396309e-01 8.139129326305598322e-02 9.393674349374748767e-01 9.827167522672571875e-01 3.530064277718570898e-01 2.478900738231183676e-01 3.291647524390813873e-01 4.686465877296976806e-02 9.986071234081218551e-01 5.268609305981593327e-02 8.623262323318422462e-01 1.280000000000000000e+02 -1.501666666666666572e+01
0.000000000000000000e+00 0.000000000000000000e+00 1.898906912919559023e-04 3.311553078982740761e-01 2.620860135086588646e-03 2.773279929410634413e-03 0.000000000000000000e+00 3.290276795351317340e-01 0.000000000000000000e+00 2.931087426242912075e-01 1.000000000000000000e+00 6.913736093102397229e-01 6.577891875814187439e-02 0.000000000000000000e+00 0.000000000000000000e+00 0.000000000000000000e+00 7.241275565218030508e-01 1.000000000000000000e+00 2.456816829982245154e-01 8.872298636580526754e-01 0.000000000000000000e+00 3.221495276781909389e-01 0.000000000000000000e+00 0.000000000000000000e+00 5.093730010676997821e-01 0.000000000000000000e+00 4.448300446799670627e-01 0.000000000000000000e+00 0.000000000000000000e+00 5.218023440113271584e-04 3.115143011763556458e-01 3.197830837707419938e-01 1.280000000000000000e+02 -1.479333333333333123e+01
1.320543081968819643e-01 0.000000000000000000e+00 6.283021254330001248e-02 0.000000000000000000e+00 6.066107202078520853e-03 5.115629911501742288e-01 0.000000000000000000e+00 9.689968567930704602e-01 0.000000000000000000e+00 1.469958759415274314e-09 9.100453351474381281e-01 0.000000000000000000e+00 0.000000000000000000e+00 9.320531487645674629e-01 0.000000000000000000e+00 6.866022513336842713e-10 1.885031730033426001e-01 0.000000000000000000e+00 1.468060777680975197e-02 5.638199288733785946e-06 0.000000000000000000e+00 0.000000000000000000e+00 0.000000000000000000e+00 0.000000000000000000e+00 2.187574961710763433e-01 0.000000000000000000e+00 3.929148412904918675e-01 9.589013747676623511e-01 9.984908925144070357e-01 9.714445410408411030e-01 0.000000000000000000e+00 1.526974770016570337e-01 1.280000000000000000e+02 -1.142000000000000171e+01
0.000000000000000000e+00 0.000000000000000000e+00 0.000000000000000000e+00 5.332636122973267723e-01 2.902620487270029526e-01 1.768427312608168711e-01 0.000000000000000000e+00 1.549982998087585384e-01 0.000000000000000000e+00 0.000000000000000000e+00 6.791914465323525829e-03 0.000000000000000000e+00 1.856704483902144598e-01 0.000000000000000000e+00 0.000000000000000000e+00 2.298697355015494048e-01 5.267909146071263905e-08 0.000000000000000000e+00 9.543454928377945179e-02 0.000000000000000000e+00 2.059784041941061239e-01 0.000000000000000000e+00 0.000000000000000000e+00 9.644613287966041781e-01 1.998919904783605179e-08 0.000000000000000000e+00 1.495266779022103865e-01 0.000000000000000000e+00 0.000000000000000000e+00 5.810670779907021188e-01 0.000000000000000000e+00 2.567022616743174987e-02 1.280000000000000000e+02 -8.986666666666666359e+00
0.000000000000000000e+00 0.000000000000000000e+00 2.987144898184916479e-04 0.000000000000000000e+00 0.000000000000000000e+00 0.000000000000000000e+00 0.000000000000000000e+00 8.249526264653886942e-01 6.227658844369611717e-08 0.000000000000000000e+00 1.177986028944435076e-01 1.000000000000000000e+00 0.000000000000000000e+00 3.521028156716168867e-01 4.992425503257354180e-02 0.000000000000000000e+00 6.864978473864196129e-01 0.000000000000000000e+00 5.388242943955680042e-01 0.000000000000000000e+00 0.000000000000000000e+00 4.943046466466419209e-01 2.099789552271712559e-02 9.288714867552182453e-01 1.650719031274625048e-01 9.762974210150754395e-01 6.806317853363200721e-01 5.902710725537988479e-01 7.185239197332383698e-01 3.390021296087706304e-01 0.000000000000000000e+00 0.000000000000000000e+00 1.280000000000000000e+02 -1.196666666666666679e+01
6.211179138456189575e-02 0.000000000000000000e+00 2.538250864274164686e-01 7.716317801710445741e-03 0.000000000000000000e+00 1.934452117385734304e-01 0.000000000000000000e+00 2.561139393117314866e-01 0.000000000000000000e+00 0.000000000000000000e+00 5.210346584535007208e-01 0.000000000000000000e+00 2.837439842137050583e-01 6.318565952125690943e-01 0.000000000000000000e+00 0.000000000000000000e+00 1.078065463496563191e-03 1.000000000000000000e+00 1.000000000000000000e+00 0.000000000000000000e+00 0.000000000000000000e+00 5.912790718057767125e-03 4.173921492048824899e-01 0.000000000000000000e+00 5.429916145677479156e-01 1.508709124113378867e-03 1.818003531982425236e-03 7.266711159531845654e-01 9.173727859645812721e-01 3.472487703056749697e-01 0.000000000000000000e+00 4.051248611875211125e-01 1.280000000000000000e+02 -1.213666666666666494e+01
0.000000000000000000e+00 0.000000000000000000e+00 0.000000000000000000e+00 0.000000000000000000e+00 0.000000000000000000e+00 0.000000000000000000e+00 0.000000000000000000e+00 0.000000000000000000e+00 0.000000000000000000e+00 0.000000000000000000e+00 0.000000000000000000e+00 0.000000000000000000e+00 0.000000000000000000e+00 0.000000000000000000e+00 0.000000000000000000e+00 0.000000000000000000e+00 0.000000000000000000e+00 0.000000000000000000e+00 0.000000000000000000e+00 2.623809413778181443e-01 0.000000000000000000e+00 0.000000000000000000e+00 0.000000000000000000e+00 0.000000000000000000e+00 0.000000000000000000e+00 0.000000000000000000e+00 2.051213821570420370e-01 3.573605738491723027e-01 1.000000000000000000e+00 0.000000000000000000e+00 0.000000000000000000e+00 0.000000000000000000e+00 1.280000000000000000e+02 -5.633333333333332860e+00
0.000000000000000000e+00 0.000000000000000000e+00 0.000000000000000000e+00 7.736619554936082777e-01 5.685947516931197931e-01 6.507255225308234969e-01 0.000000000000000000e+00 0.000000000000000000e+00 8.908078406306034758e-01 0.000000000000000000e+00 0.000000000000000000e+00 0.000000000000000000e+00 5.199404851378707643e-02 0.000000000000000000e+00 0.000000000000000000e+00 0.000000000000000000e+00 1.699983018050187367e-01 1.000000000000000000e+00 0.000000000000000000e+00 5.238198641307056924e-01 0.000000000000000000e+00 0.000000000000000000e+00 0.000000000000000000e+00 0.000000000000000000e+00 0.000000000000000000e+00 5.320792901827933186e-01 2.738718770361864840e-01 0.000000000000000000e+00 0.000000000000000000e+00 0.000000000000000000e+00 0.000000000000000000e+00 5.826146050517022786e-03 1.280000000000000000e+02 -8.243333333333332291e+00
0.000000000000000000e+00 0.000000000000000000e+00 5.318426196157820529e-01 1.063977134031802996e-02 4.447941440341031394e-02 3.046952778190540334e-01 0.000000000000000000e+00 0.000000000000000000e+00 1.654868791339437830e-10 1.027256503786495162e-02 9.779950509567844064e-01 5.085387582681797358e-01 4.148651350397961242e-03 3.445792821374359383e-01 0.000000000000000000e+00 0.000000000000000000e+00 3.353360930750185487e-01 7.026802103263314336e-01 7.601181875383841158e-01 0.000000000000000000e+00 0.000000000000000000e+00 1.000000000000000000e+00 3.997434757191851151e-01 1.832552605619904018e-01 9.993616696837898106e-02 7.179350552566637900e-02 0.000000000000000000e+00 0.000000000000000000e+00 0.000000000000000000e+00 1.000000000000000000e+00 0.000000000000000000e+00 3.163411154993019114e-02 1.280000000000000000e+02 -1.454666666666666686e+01
1.909658626456303410e-01 3.221675597946257463e-01 0.000000000000000000e+00 0.000000000000000000e+00 0.000000000000000000e+00 2.167069279617565569e-01 0.000000000000000000e+00 1.208151173608667667e-01 2.992564213994919672e-08 0.000000000000000000e+00 0.000000000000000000e+00 3.172067415593244899e-01 9.479317920681018528e-02 1.000000000000000000e+00 0.000000000000000000e+00 7.743335412618328672e-04 0.000000000000000000e+00 3.033536403138566984e-01 0.000000000000000000e+00 2.962008007881005711e-01 0.000000000000000000e+00 5.161793481224707936e-01 8.829766267458077564e-05 2.080948285125451824e-01 3.189820550227390384e-06 0.000000000000000000e+00 0.000000000000000000e+00 1.000000000000000000e+00 1.201452910953411000e-03 2.981134363914121344e-01 0.000000000000000000e+00 0.000000000000000000e+00 1.280000000000000000e+02 -1.221999999999999886e+01
3.891726768315520446e-01 0.000000000000000000e+00 3.653526192307291476e-01 4.811799712965153265e-05 0.000000000000000000e+00 0.000000000000000000e+00 0.000000000000000000e+00 1.125133512380246809e-01 8.438479374539031852e-01 1.801061330157665733e-05 0.000000000000000000e+00 1.000000000000000000e+00 0.000000000000000000e+00 0.000000000000000000e+00 0.000000000000000000e+00 0.000000000000000000e+00 7.991764128299636560e-01 4.404988608844233045e-01 6.880498630295857065e-01 0.000000000000000000e+00 0.000000000000000000e+00 8.511893219079073869e-03 2.531328592142229605e-01 0.000000000000000000e+00 5.955149651000904432e-02 3.702159795388331592e-03 7.465976488721448590e-02 0.000000000000000000e+00 6.310635649737867947e-01 9.999766897055308856e-01 0.000000000000000000e+00 5.426794225258508853e-01 1.280000000000000000e+02 -1.438333333333333464e+01
3.073872809364838199e-01 0.000000000000000000e+00 1.166765573798855121e-01 0.000000000000000000e+00 4.194507233750297548e-01 6.660167018442343378e-01 0.000000000000000000e+00 0.000000000000000000e+00 5.031000897710397046e-02 2.447597827948205240e-01 2.398614990303498673e-01 0.000000000000000000e+00 0.000000000000000000e+00 0.000000000000000000e+00 4.623335675817955752e-04 9.274665812362859467e-08 4.798746647506977464e-02 9.999930009567506994e-01 0.000000000000000000e+00 9.917087824892783181e-08 0.000000000000000000e+00 2.409581872793314372e-01 4.142466636996915419e-01 9.999847780620645388e-01 8.931540083288504531e-03 6.278051139554838318e-08 1.715900040210811550e-01 2.620155576163148425e-01 1.000000000000000000e+00 7.941734024604566455e-01 0.000000000000000000e+00 5.420504554843266634e-04 1.280000000000000000e+02 -1.313666666666666494e+01
0.000000000000000000e+00 0.000000000000000000e+00 0.000000000000000000e+00 8.386086038811566001e-02 0.000000000000000000e+00 0.000000000000000000e+00 0.000000000000000000e+00 0.000000000000000000e+00 0.000000000000000000e+00 5.175201190758090819e-01 2.458679206155586494e-01 6.896708887488336874e-10 0.000000000000000000e+00 0.000000000000000000e+00 0.000000000000000000e+00 0.000000000000000000e+00 0.000000000000000000e+00 0.000000000000000000e+00 3.235110774827616720e-02 3.664223051013485444e-01 0.000000000000000000e+00 0.000000000000000000e+00 8.886251341232793283e-03 1.744279109477801099e-02 0.000000000000000000e+00 2.545440639670062399e-01 0.000000000000000000e+00 0.000000000000000000e+00 1.414273217401513238e-01 0.000000000000000000e+00 0.000000000000000000e+00 0.000000000000000000e+00 1.280000000000000000e+02 -1.199666666666666437e+01
0.000000000000000000e+00 0.000000000000000000e+00 9.514294513111032359e-01 0.000000000000000000e+00 0.000000000000000000e+00 0.000000000000000000e+00 0.000000000000000000e+00 0.000000000000000000e+00 2.538255110610301291e-01 0.000000000000000000e+00 1.000000000000000000e+00 0.000000000000000000e+00 8.513763793879313146e-01 0.000000000000000000e+00 0.000000000000000000e+00 4.681043355727463884e-01 0.000000000000000000e+00 9.431284966842563484e-08 3.784724802678377520e-01 5.739126239493822987e-03 8.014816618291914496e-01 2.481210591783094832e-01 0.000000000000000000e+00 2.432588482672733837e-02 1.000000000000000000e+00 8.126388260088098781e-01 0.000000000000000000e+00 0.000000000000000000e+00 1.196949685467166014e-01 0.000000000000000000e+00 0.000000000000000000e+00 3.958262295208350018e-02 1.280000000000000000e+02 -8.270000000000001350e+00
9.022604758932284419e-02 0.000000000000000000e+00 6.089820765412380377e-01 2.654387807798659349e-01 0.000000000000000000e+00 5.116941681914335266e-02 0.000000000000000000e+00 0.000000000000000000e+00 0.000000000000000000e+00 0.000000000000000000e+00 0.000000000000000000e+00 1.480923405719032811e-02 0.000000000000000000e+00 4.550860544602918778e-01 0.000000000000000000e+00 0.000000000000000000e+00 1.000000000000000000e+00 1.018668896582288763e-01 1.062273741433019669e-01 0.000000000000000000e+00 0.000000000000000000e+00 0.000000000000000000e+00 1.000000000000000000e+00 3.794739614179277187e-01 5.502618982792961688e-01 0.000000000000000000e+00 9.471600815230075965e-02 0.000000000000000000e+00 0.000000000000000000e+00 0.000000000000000000e+00 0.000000000000000000e+00 2.586568013204320129e-02 1.280000000000000000e+02 -1.270333333333333314e+01
6.603009534436554868e-03 0.000000000000000000e+00 8.660210564029763303e-01 1.036781897460066909e-01 1.886900070136277065e-05 0.000000000000000000e+00 0.000000000000000000e+00 0.000000000000000000e+00 0.000000000000000000e+00 0.000000000000000000e+00 9.533479677912243266e-01 9.880847080487850098e-01 1.000000000000000000e+00 1.000000000000000000e+00 1.753289731807864196e-02 0.000000000000000000e+00 9.558554473825848774e-01 0.000000000000000000e+00 9.923260382772209898e-01 0.000000000000000000e+00 1.630508544488939726e-01 1.157436531828736764e-01 2.672668532402234787e-01 7.255284626952086535e-01 5.008839629869373811e-01 0.000000000000000000e+00 8.549994959180944043e-02 1.069069797891190748e-01 8.785646188719442584e-02 9.576747081393244265e-01 7.897175643257063615e-02 0.000000000000000000e+00 1.280000000000000000e+02 -1.489000000000000057e+01
0.000000000000000000e+00 1.406294406532562324e-04 0.000000000000000000e+00 0.000000000000000000e+00 3.084173823087019151e-02 0.000000000000000000e+00 7.098857299204209235e-03 0.000000000000000000e+00 0.000000000000000000e+00 0.000000000000000000e+00 4.475659063765897172e-01 0.000000000000000000e+00 0.000000000000000000e+00 9.030414678076687310e-03 0.000000000000000000e+00 0.000000000000000000e+00 0.000000000000000000e+00 5.391493311277395506e-01 1.320566008131365821e-01 0.000000000000000000e+00 0.000000000000000000e+00 0.000000000000000000e+00 2.075551539682638502e-01 8.198359528390327666e-01 0.000000000000000000e+00 1.983961506712134393e-01 0.000000000000000000e+00 9.111162578572602477e-01 1.678553220159817727e-01 0.000000000000000000e+00 0.000000000000000000e+00 4.964573393035083826e-01 1.280000000000000000e+02 -1.083333333333333393e+01
6.818813996325329705e-04 0.000000000000000000e+00 8.761683693994944955e-01 2.044155758833772485e-01 0.000000000000000000e+00 6.529160821687978178e-01 0.000000000000000000e+00 0.000000000000000000e+00 0.000000000000000000e+00 9.607831183233663808e-01 3.174630331816324369e-01 1.146011434225491649e-01 6.738629347518810819e-01 8.072218693563093517e-01 0.000000000000000000e+00 4.262361375927960910e-02 9.999999683364424463e-01 9.403792515660862605e-01 3.596510851581476986e-01 1.000000000000000000e+00 4.239320493108662130e-02 1.561706319676740284e-01 4.783001039349494277e-01 2.657813073858690187e-02 6.377600437143550183e-01 0.000000000000000000e+00 3.636807434351232993e-02 9.859734036019780490e-01 0.000000000000000000e+00 9.816227310064568789e-06 0.000000000000000000e+00 5.281416380725770798e-01 1.280000000000000000e+02 -9.589999999999999858e+00
2.788714359994637262e-04 1.550005459750564418e-01 1.034686356800485103e-02 1.309670283616031460e-02 0.000000000000000000e+00 6.253688034390989525e-01 0.000000000000000000e+00 2.193815382208206266e-01 2.862406159069925682e-01 7.920528561634991582e-03 6.816942184561006549e-03 9.029566427344684065e-01 2.738034789793755003e-03 0.000000000000000000e+00 0.000000000000000000e+00 0.000000000000000000e+00 0.000000000000000000e+00 1.265872278369311599e-01 3.073118703354729003e-02 0.000000000000000000e+00 0.000000000000000000e+00 0.000000000000000000e+00 2.895300870900716639e-01 6.936038336103748925e-02 5.883814380021085144e-01 0.000000000000000000e+00 1.243466291111072625e-01 5.563587411295847218e-01 9.648888945780950133e-01 2.352486198463714026e-02 8.077003735175858692e-03 1.244029937094980401e-03 1.280000000000000000e+02 -1.044666666666666721e+01
0.000000000000000000e+00 6.328812847896310434e-02 9.035504213870661216e-02 4.473451722069962111e-01 0.000000000000000000e+00 9.477286971231915214e-01 0.000000000000000000e+00 0.000000000000000000e+00 0.000000000000000000e+00 0.000000000000000000e+00 1.837873039097844274e-01 0.000000000000000000e+00 8.663735474283069671e-01 9.893845963815374178e-01 0.000000000000000000e+00 0.000000000000000000e+00 0.000000000000000000e+00 6.880810286147582833e-01 4.761915172768578230e-01 3.714231058154836007e-01 1.954502941606871824e-01 7.171632617047113759e-09 0.000000000000000000e+00 0.000000000000000000e+00 1.073917836290951694e-01 0.000000000000000000e+00 4.727333040016372390e-03 0.000000000000000000e+00 1.762130385021173570e-03 0.000000000000000000e+00 0.000000000000000000e+00 0.000000000000000000e+00 1.280000000000000000e+02 -9.719999999999998863e+00
3.965270119822468666e-06 0.000000000000000000e+00 1.598192672816838023e-02 2.253082326166052085e-01 0.000000000000000000e+00 5.840557228622325070e-01 0.000000000000000000e+00 0.000000000000000000e+00 3.559201982163544969e-02 0.000000000000000000e+00 0.000000000000000000e+00 0.000000000000000000e+00 3.548812533840770591e-05 7.918636401109272471e-01 0.000000000000000000e+00 0.000000000000000000e+00 4.865687082301131117e-01 1.000000000000000000e+00 8.177888802011847869e-01 0.000000000000000000e+00 1.077819416408171623e-06 5.616124501147252701e-01 6.370378023608680440e-01 0.000000000000000000e+00 9.515533871261495635e-01 4.325685393837424425e-02 3.585268689918954532e-01 2.167604131886736400e-03 9.945206897204235119e-01 0.000000000000000000e+00 0.000000000000000000e+00 1.878304561480845236e-01 1.280000000000000000e+02 -1.308333333333333393e+01
0.000000000000000000e+00 0.000000000000000000e+00 9.213187938177755942e-01 4.406783150213700595e-01 0.000000000000000000e+00 0.000000000000000000e+00 0.000000000000000000e+00 0.000000000000000000e+00 3.755814661730700332e-01 0.000000000000000000e+00 0.000000000000000000e+00 0.000000000000000000e+00 0.000000000000000000e+00 0.000000000000000000e+00 0.000000000000000000e+00 0.000000000000000000e+00 0.000000000000000000e+00 0.000000000000000000e+00 2.864903119612703664e-02 0.000000000000000000e+00 0.000000000000000000e+00 2.265096654433158829e-02 0.000000000000000000e+00 9.838637308858183550e-01 0.000000000000000000e+00 2.430106293262949690e-01 2.903962455651695057e-02 2.570455402796581468e-02 0.000000000000000000e+00 0.000000000000000000e+00 0.000000000000000000e+00 0.000000000000000000e+00 1.280000000000000000e+02 -9.156666666666666288e+00
0.000000000000000000e+00 0.000000000000000000e+00 2.777105456341726866e-04 8.123240604907930318e-02 0.000000000000000000e+00 6.875646485594777944e-03 2.474441479213978796e-04 2.820099151871715004e-01 8.468316882358376541e-01 1.429547708444555698e-01 9.902795378827405903e-01 7.995301585627592189e-01 9.286677854827301015e-01 2.824082710245453542e-01 0.000000000000000000e+00 0.000000000000000000e+00 3.447469814872077248e-03 7.385487826505798825e-01 7.856603384179722260e-01 9.860154543342882286e-03 0.000000000000000000e+00 5.626980866195408632e-02 2.763565033881748567e-02 6.499911760301109176e-01 3.140886784089963468e-01 1.925725228359605732e-04 3.239468712246509341e-01 0.000000000000000000e+00 1.110628372324094955e-02 3.712340369408367868e-01 0.000000000000000000e+00 1.000000000000000000e+00 1.280000000000000000e+02 -8.849999999999999645e+00
0.000000000000000000e+00 3.354555860119803889e-03 6.535502722473384152e-01 2.866489225143424580e-02 5.097326083639925898e-01 0.000000000000000000e+00 2.492714004310292789e-02 9.999801282647654554e-01 6.108769417559707371e-01 0.000000000000000000e+00 1.795211280861092329e-01 7.466788232531507141e-02 1.000000000000000000e+00 3.004961847450013934e-01 0.000000000000000000e+00 0.000000000000000000e+00 6.720711995325387988e-01 5.459774841612329288e-01 5.520631655034218266e-01 3.919704510013055643e-02 0.000000000000000000e+00 0.000000000000000000e+00 1.927807241497965784e-01 1.000000000000000000e+00 7.424891398252231843e-03 1.421744404635004178e-01 6.186112439393417484e-01 8.831607770371180388e-01 3.165845119220819987e-04 4.779877007984281168e-01 3.948807041998720940e-05 0.000000000000000000e+00 1.280000000000000000e+02 -1.355333333333333279e+01
1.000000000000000000e+00 5.944458245124938344e-05 1.395984371672070179e-01 5.848504406853224230e-02 0.000000000000000000e+00 0.000000000000000000e+00 6.987115202893680495e-03 8.968232462491764201e-01 0.000000000000000000e+00 2.152129196656145816e-03 1.000000000000000000e+00 2.890895180121876387e-04 9.676460753323653519e-01 1.573383389183347796e-04 0.000000000000000000e+00 0.000000000000000000e+00 1.465494679878517545e-03 3.428320351344891770e-01 3.466220432948561303e-01 1.128786560041089015e-01 3.620136206095830866e-01 0.000000000000000000e+00 3.467811334761634057e-01 9.638132889689456917e-01 0.000000000000000000e+00 4.581019414785106880e-01 0.000000000000000000e+00 0.000000000000000000e+00 8.002163405671758323e-01 5.746416678405460443e-01 0.000000000000000000e+00 9.310228599693468098e-04 1.280000000000000000e+02 -1.311333333333333506e+01
0.000000000000000000e+00 1.966766181172956846e-02 0.000000000000000000e+00 0.000000000000000000e+00 0.000000000000000000e+00 0.000000000000000000e+00 0.000000000000000000e+00 0.000000000000000000e+00 7.176721737538297452e-01 0.000000000000000000e+00 1.545683492238674739e-01 0.000000000000000000e+00 0.000000000000000000e+00 6.067997498820475455e-01 1.860026714180148047e-02 5.665502728413804867e-01 1.000000000000000000e+00 7.343556498021604206e-02 2.909458072702208464e-01 2.987084269650944895e-03 7.192303482829790484e-01 4.395110247872256043e-02 3.170642869663200386e-02 0.000000000000000000e+00 0.000000000000000000e+00 9.610737103776944776e-03 0.000000000000000000e+00 4.081738886531717514e-02 0.000000000000000000e+00 0.000000000000000000e+00 1.382987232655625079e-02 0.000000000000000000e+00 1.280000000000000000e+02 -1.345000000000000107e+01
0.000000000000000000e+00 0.000000000000000000e+00 0.000000000000000000e+00 0.000000000000000000e+00 0.000000000000000000e+00 2.275422176158574672e-01 0.000000000000000000e+00 7.270152012666932784e-01 4.475205675394144933e-02 0.000000000000000000e+00 1.738035361798506923e-03 0.000000000000000000e+00 0.000000000000000000e+00 0.000000000000000000e+00 7.174452785472289484e-01 1.640212715061834803e-01 0.000000000000000000e+00 0.000000000000000000e+00 4.062832853565059854e-01 0.000000000000000000e+00 0.000000000000000000e+00 0.000000000000000000e+00 1.750853413882084986e-01 8.789562360903256655e-02 0.000000000000000000e+00 0.000000000000000000e+00 7.163125923508144588e-01 4.137979922471551331e-01 0.000000000000000000e+00 4.323144480419763847e-01 0.000000000000000000e+00 0.000000000000000000e+00 1.280000000000000000e+02 -9.906666666666666288e+00
5.114131027173834942e-01 0.000000000000000000e+00 0.000000000000000000e+00 2.483541437113769013e-02 0.000000000000000000e+00 0.000000000000000000e+00 0.000000000000000000e+00 2.255605362346557730e-02 0.000000000000000000e+00 0.000000000000000000e+00 1.393586488955323444e-01 0.000000000000000000e+00 0.000000000000000000e+00 0.000000000000000000e+00 8.960378948572127189e-02 0.000000000000000000e+00 1.090553398394596141e-02 1.765525674714238380e-01 4.409126050680085840e-02 2.513261554967706757e-01 6.469900114172834060e-01 0.000000000000000000e+00 0.000000000000000000e+00 1.000000000000000000e+00 4.983728639866062959e-01 0.000000000000000000e+00 0.000000000000000000e+00 0.000000000000000000e+00 2.658022687474324020e-01 9.284110435718917476e-01 0.000000000000000000e+00 0.000000000000000000e+00 1.280000000000000000e+02 -1.340333333333333066e+01
0.000000000000000000e+00 0.000000000000000000e+00 3.479489505260241478e-01 1.000000000000000000e+00 2.090807466628424871e-01 1.023754909563574372e-01 0.000000000000000000e+00 0.000000000000000000e+00 9.590722778997196052e-02 0.000000000000000000e+00 9.583470526560012859e-01 0.000000000000000000e+00 4.238091228593433846e-02 5.162866273152485475e-01 3.493160994849195400e-02 1.098538767297133623e-01 2.834847490392561342e-01 3.234487659691437922e-01 7.272412178034038943e-01 0.000000000000000000e+00 7.827951656035320836e-09 9.562191594388796262e-03 9.730794295846821873e-01 6.374416636954710613e-01 3.072969817848740237e-01 5.691138965851224301e-06 4.694776900304831885e-02 0.000000000000000000e+00 0.000000000000000000e+00 6.595230809948143813e-01 1.252063268546684872e-04 0.000000000000000000e+00 1.280000000000000000e+02 -1.448333333333333428e+01
0.000000000000000000e+00 0.000000000000000000e+00 4.553575589655722844e-02 0.000000000000000000e+00 0.000000000000000000e+00 4.554728154439113275e-01 0.000000000000000000e+00 1.360945982177159674e-01 1.016877394000087198e-01 0.000000000000000000e+00 9.670481931535979125e-01 1.000000000000000000e+00 6.263289044579374298e-01 4.340609885304530513e-01 0.000000000000000000e+00 2.047905791563353339e-01 9.883976602998828520e-01 9.943912897485055469e-01 9.355611813068615001e-01 0.000000000000000000e+00 0.000000000000000000e+00 1.536448828322858028e-02 1.000000000000000000e+00 4.426330537510178020e-01 6.083853052153083141e-01 6.952082376726565144e-04 1.998868613699395641e-02 0.000000000000000000e+00 3.172633690042706012e-01 1.479279522384346346e-01 4.433840580387846814e-03 3.084361864040140091e-03 1.280000000000000000e+02 -1.202333333333333343e+01
0.000000000000000000e+00 0.000000000000000000e+00 0.000000000000000000e+00 6.923383714121358369e-03 0.000000000000000000e+00 0.000000000000000000e+00 0.000000000000000000e+00 2.713432474356903754e-02 7.327608776358000009e-01 0.000000000000000000e+00 0.000000000000000000e+00 0.000000000000000000e+00 0.000000000000000000e+00 0.000000000000000000e+00 3.638410831769884890e-01 9.653418254010802391e-02 9.990600216155057223e-02 3.517793261547419448e-01 8.624850799140685309e-01 0.000000000000000000e+00 6.586188619256943047e-07 0.000000000000000000e+00 1.000000000000000000e+00 1.879706413935492955e-03 2.673744601551207925e-02 0.000000000000000000e+00 0.000000000000000000e+00 0.000000000000000000e+00 0.000000000000000000e+00 5.480331306145832526e-01 0.000000000000000000e+00 5.017428244106314494e-02 1.280000000000000000e+02 -1.470000000000000107e+01
0.000000000000000000e+00 0.000000000000000000e+00 1.548879552001780624e-02 7.834536984956677608e-02 3.076812101990473655e-02 8.060185691748832371e-01 0.000000000000000000e+00 1.314720211933209995e-02 0.000000000000000000e+00 0.000000000000000000e+00 0.000000000000000000e+00 5.730911388870800760e-01 6.498794177747090339e-01 3.561331890875646944e-01 2.145376481236515309e-01 1.680385732264389484e-03 0.000000000000000000e+00 5.589222129419519902e-01 9.725857538624118614e-01 0.000000000000000000e+00 1.066517688461540367e-02 0.000000000000000000e+00 0.000000000000000000e+00 2.737683848103378836e-01 0.000000000000000000e+00 0.000000000000000000e+00 4.972268471784595939e-03 0.000000000000000000e+00 3.001456766378872154e-01 5.333878935944120769e-01 0.000000000000000000e+00 0.000000000000000000e+00 1.280000000000000000e+02 -1.029666666666666686e+01
1.504455369336200757e-03 0.000000000000000000e+00 1.000000000000000000e+00 4.711377890272963609e-01 8.652938106249530379e-05 6.038519506262544079e-01 0.000000000000000000e+00 2.815100420642779183e-02 7.554794074026674466e-02 0.000000000000000000e+00 6.322525984491407514e-02 2.081005645794953285e-01 4.137390953724177090e-01 3.528908664865404998e-01 2.250632620263732231e-01 0.000000000000000000e+00 2.925083814135581162e-01 1.760389698762244298e-02 5.771495553406289503e-01 2.225312379921347977e-02 0.000000000000000000e+00 6.717078299003057529e-01 3.478052702695448306e-01 0.000000000000000000e+00 1.569643198513411553e-01 3.037608330114873745e-01 0.000000000000000000e+00 2.003428572058278331e-02 1.084478587960890361e-01 0.000000000000000000e+00 2.201462904198613755e-09 2.927771414716755921e-02 1.280000000000000000e+02 -1.193333333333333179e+01
7.608440269415210899e-01 1.904381286429818786e-07 2.822215571300764614e-01 8.723069542424397027e-03 1.677258098110763831e-02 5.492219209524570323e-01 0.000000000000000000e+00 0.000000000000000000e+00 0.000000000000000000e+00 1.265623553823902979e-02 1.499432479686802974e-02 1.224965592484020260e-02 4.736414178838601052e-01 2.111145997865696566e-01 1.482456326723492479e-01 0.000000000000000000e+00 2.630322622796732457e-01 1.077584018722757553e-02 9.940740998039730991e-01 0.000000000000000000e+00 9.409165485656236297e-03 3.755858891465779994e-07 0.000000000000000000e+00 1.957938288292199736e-01 3.175088088360852878e-01 1.927320716090683006e-01 6.362180545988872504e-01 4.435117609469116373e-01 4.922215764525230131e-01 4.236640578946225255e-01 0.000000000000000000e+00 7.812555761860769943e-01 1.280000000000000000e+02 -1.323333333333333428e+01
0.000000000000000000e+00 0.000000000000000000e+00 9.986542866702182719e-01 0.000000000000000000e+00 0.000000000000000000e+00 0.000000000000000000e+00 0.000000000000000000e+00 0.000000000000000000e+00 6.807606116138474883e-01 0.000000000000000000e+00 7.325622506219782171e-01 0.000000000000000000e+00 5.281394902411138889e-03 1.320445872296590294e-02 5.710154371409449370e-01 2.057428565215366212e-01 6.614319476017248567e-01 9.999999582497397510e-01 0.000000000000000000e+00 2.539551655782243400e-01 0.000000000000000000e+00 0.000000000000000000e+00 7.927224048897406339e-02 2.625602935600681882e-03 1.529236684442456529e-01 0.000000000000000000e+00 2.578765768362004107e-01 1.601885954211413055e-01 3.652183133560109405e-03 7.576488577986420503e-02 0.000000000000000000e+00 2.356580014582730920e-01 1.280000000000000000e+02 -1.091666666666666607e+01
7.413848807333368596e-01 0.000000000000000000e+00 1.618786371634022558e-01 5.126620845069523175e-02 3.834468000758685102e-01 1.976952036094117293e-01 0.000000000000000000e+00 1.350368593976726365e-02 1.424145491036107325e-01 6.361861464834046576e-01 1.000000000000000000e+00 9.459355184367940206e-01 9.999965366963863289e-01 2.191772382722415968e-04 7.432916784979274639e-03 0.000000000000000000e+00 5.950808701561738356e-01 0.000000000000000000e+00 1.920701808227400775e-01 7.140687073212172997e-01 8.338567177198973057e-02 5.494988427742444337e-01 3.461239132201796020e-01 9.879905568941298455e-01 0.000000000000000000e+00 1.016369332937295672e-01 1.000000000000000000e+00 9.352330870715840350e-01 0.000000000000000000e+00 2.260264432333095597e-01 3.804774973448323331e-05 9.333603113670317919e-01 1.280000000000000000e+02 -9.020000000000001350e+00
0.000000000000000000e+00 0.000000000000000000e+00 0.000000000000000000e+00 2.492067785663465984e-01 3.705154200801046710e-02 7.238377582794438354e-06 0.000000000000000000e+00 1.248586155825576749e-01 6.203244129927312223e-01 0.000000000000000000e+00 1.849695690110618185e-01 6.542630995396113702e-01 0.000000000000000000e+00 7.106824024469218237e-01 1.229989657582906439e-02 0.000000000000000000e+00 0.000000000000000000e+00 5.189216390093547293e-01 5.629118457963121491e-01 0.000000000000000000e+00 0.000000000000000000e+00 3.202625570703664841e-05 4.628138034544162505e-01 3.382037257916069573e-01 9.216271911958335838e-01 2.649559348699585284e-08 3.381311000259852317e-01 6.212752831272880805e-01 0.000000000000000000e+00 0.000000000000000000e+00 0.000000000000000000e+00 1.105408658379470055e-01 1.280000000000000000e+02 -1.357999999999999829e+01
0.000000000000000000e+00 0.000000000000000000e+00 1.092626537375740864e-01 0.000000000000000000e+00 1.176419816999635696e-04 4.844942999648648232e-03 0.000000000000000000e+00 5.183279517965829752e-01 9.845203687192659592e-01 1.908890717023946082e-01 8.940783159720688768e-05 0.000000000000000000e+00 0.000000000000000000e+00 0.000000000000000000e+00 0.000000000000000000e+00 0.000000000000000000e+00 4.824341366688267851e-01 0.000000000000000000e+00 0.000000000000000000e+00 0.000000000000000000e+00 0.000000000000000000e+00 0.000000000000000000e+00 0.000000000000000000e+00 0.000000000000000000e+00 1.000000000000000000e+00 2.050871826721448632e-04 1.126712899319570228e-02 0.000000000000000000e+00 7.552210681508438883e-01 1.978176314591925944e-01 1.480524517607530177e-02 8.114166499676243871e-03 1.280000000000000000e+02 -1.196333333333333293e+01
1.002345157915878089e-02 0.000000000000000000e+00 7.390323886047084345e-01 2.396580481431350995e-01 0.000000000000000000e+00 1.437964053457070623e-01 0.000000000000000000e+00 5.213000205021535959e-03 0.000000000000000000e+00 0.000000000000000000e+00 9.256937232379323088e-01 1.508572477739013318e-01 5.337145635020483780e-01 0.000000000000000000e+00 0.000000000000000000e+00 0.000000000000000000e+00 1.979175260244676604e-01 5.423514326511545388e-04 5.424271413438070955e-01 0.000000000000000000e+00 0.000000000000000000e+00 7.067507699321836645e-01 0.000000000000000000e+00 7.646182624489656909e-01 1.000000000000000000e+00 0.000000000000000000e+00 0.000000000000000000e+00 3.638511973287881784e-01 2.041054799754952465e-01 1.000000000000000000e+00 7.687946681350599177e-04 4.940181261035871962e-01 1.280000000000000000e+02 -1.497999999999999865e+01
5.853007490533972401e-01 0.000000000000000000e+00 9.860095401679692673e-01 1.604357182239666002e-01 2.036426916175437529e-01 3.033031031997565075e-01 0.000000000000000000e+00 3.526265566877226202e-05 3.696912271427239549e-01 2.349634739196115596e-01 6.034038385670175142e-01 7.295135329738485774e-01 4.890552712259726292e-02 3.719567661808104072e-05 0.000000000000000000e+00 0.000000000000000000e+00 2.213025439633082951e-03 5.997396996887107701e-01 9.991922802096191436e-01 5.441458887483593410e-01 1.816062825074659104e-01 5.479794992311410873e-01 7.075875912829356906e-01 8.731137413191749630e-01 9.983000230259682084e-01 4.798764527282325387e-01 3.634739411027380074e-01 4.898288982583052786e-01 2.593665766704255637e-01 7.190415261974595351e-01 0.000000000000000000e+00 4.433201388255793574e-01 1.280000000000000000e+02 -1.587666666666666515e+01
1.496667547621979566e-01 1.876975306053702552e-01 1.887268629600408754e-01 6.548095428766520911e-05 0.000000000000000000e+00 3.289223826410698215e-01 4.246423465492480632e-06 0.000000000000000000e+00 0.000000000000000000e+00 1.680794438664587331e-01 7.473497642744084679e-01 0.000000000000000000e+00 3.878001548557973299e-01 0.000000000000000000e+00 0.000000000000000000e+00 7.103510981790943646e-01 1.981964501112953164e-02 1.468103091605361399e-01 4.299723919344476952e-01 0.000000000000000000e+00 0.000000000000000000e+00 9.907939288697450442e-01 2.800787241773716740e-01 0.000000000000000000e+00 0.000000000000000000e+00 0.000000000000000000e+00 0.000000000000000000e+00 3.319328023170188824e-01 9.990720731709404889e-01 2.285324974320115110e-01 0.000000000000000000e+00 5.879296477480959737e-01 1.280000000000000000e+02 -1.196666666666666679e+01
6.950861682493704452e-02 3.916957434502825464e-02 0.000000000000000000e+00 4.745912667865696127e-02 0.000000000000000000e+00 0.000000000000000000e+00 0.000000000000000000e+00 0.000000000000000000e+00 4.613321993520251574e-02 1.324110560534731418e-01 1.189906920784902268e-02 8.250449056183112306e-01 4.056162130237870866e-01 3.740963679660190902e-03 0.000000000000000000e+00 0.000000000000000000e+00 0.000000000000000000e+00 2.975525893569473668e-02 0.000000000000000000e+00 7.381670080053653882e-01 5.723526838930596480e-03 0.000000000000000000e+00 1.000000000000000000e+00 1.012232317991370971e-02 3.603681264192359346e-01 6.719845849848538229e-03 2.755353387152820427e-04 0.000000000000000000e+00 2.118061109510152584e-02 0.000000000000000000e+00 0.000000000000000000e+00 0.000000000000000000e+00 1.280000000000000000e+02 -8.740000000000000213e+00
0.000000000000000000e+00 0.000000000000000000e+00 1.015091237294140638e-04 0.000000000000000000e+00 0.000000000000000000e+00 0.000000000000000000e+00 0.000000000000000000e+00 0.000000000000000000e+00 0.000000000000000000e+00 0.000000000000000000e+00 1.088265799728661831e-01 3.614737574303879871e-03 0.000000000000000000e+00 0.000000000000000000e+00 0.000000000000000000e+00 0.000000000000000000e+00 0.000000000000000000e+00 2.025156296019800517e-01 9.997239256231500448e-01 0.000000000000000000e+00 1.563155072086201691e-02 6.398733143665964462e-01 6.007826714365847171e-02 9.996053173157307681e-01 6.788449924293411541e-01 0.000000000000000000e+00 0.000000000000000000e+00 4.159619624904932478e-02 2.986046665247025222e-01 7.459695821319989317e-01 9.999997535655487102e-01 4.451543947175193305e-02 1.280000000000000000e+02 -1.432000000000000028e+01
0.000000000000000000e+00 0.000000000000000000e+00 0.000000000000000000e+00 5.024329697803806560e-01 2.737578374860819355e-02 1.120281199455721959e-02 0.000000000000000000e+00 1.233272784966559094e-01 0.000000000000000000e+00 7.112580393909059273e-01 2.510446503617817515e-01 0.000000000000000000e+00 0.000000000000000000e+00 0.000000000000000000e+00 0.000000000000000000e+00 0.000000000000000000e+00 5.175606544875847037e-01 1.000000000000000000e+00 5.183641850170583876e-01 4.620273952247369760e-03 0.000000000000000000e+00 0.000000000000000000e+00 4.313374674581519144e-03 0.000000000000000000e+00 0.000000000000000000e+00 3.365156267782172250e-01 0.000000000000000000e+00 9.206961768839490023e-01 2.470083786862576347e-01 1.052711750737373320e-03 0.000000000000000000e+00 2.109212957172233449e-01 1.280000000000000000e+02 -1.441333333333333400e+01
9.733188709969711749e-02 0.000000000000000000e+00 0.000000000000000000e+00 0.000000000000000000e+00 6.734410873174594885e-05 1.472037136664390350e-04 0.000000000000000000e+00 0.000000000000000000e+00 0.000000000000000000e+00 0.000000000000000000e+00 1.811368684184194592e-03 0.000000000000000000e+00 1.078163079429651922e-01 0.000000000000000000e+00 0.000000000000000000e+00 0.000000000000000000e+00 0.000000000000000000e+00 8.313713722846650667e-01 0.000000000000000000e+00 0.000000000000000000e+00 2.049062494433852299e-01 0.000000000000000000e+00 0.000000000000000000e+00 4.662399972530280046e-01 9.610324223243659203e-01 0.000000000000000000e+00 3.297036917206994100e-03 6.301452934058082711e-02 3.785720743721893156e-01 1.529609124697875640e-03 0.000000000000000000e+00 4.491870768113905704e-02 1.280000000000000000e+02 -1.338999999999999879e+01
0.000000000000000000e+00 0.000000000000000000e+00 2.820122704630666864e-05 0.000000000000000000e+00 0.000000000000000000e+00 1.499292760409975112e-01 0.000000000000000000e+00 3.348240864071958672e-02 3.949625903040075436e-01 0.000000000000000000e+00 8.726293061891828851e-01 1.668276965710835669e-01 0.000000000000000000e+00 2.615494494252196822e-01 0.000000000000000000e+00 0.000000000000000000e+00 0.000000000000000000e+00 1.000000000000000000e+00 0.000000000000000000e+00 0.000000000000000000e+00 1.995782414573492036e-01 0.000000000000000000e+00 7.337653924588779519e-01 6.212637977453924071e-02 0.000000000000000000e+00 0.000000000000000000e+00 1.195852838948199132e-01 0.000000000000000000e+00 0.000000000000000000e+00 0.000000000000000000e+00 0.000000000000000000e+00 3.369468797143724270e-01 1.280000000000000000e+02 -1.331333333333333258e+01
0.000000000000000000e+00 0.000000000000000000e+00 6.987001506918182336e-01 3.253068758001184408e-03 3.698444836959330906e-01 2.715854198719062917e-02 0.000000000000000000e+00 0.000000000000000000e+00 0.000000000000000000e+00 0.000000000000000000e+00 0.000000000000000000e+00 1.653183777581838237e-02 0.000000000000000000e+00 3.955610467259311203e-01 0.000000000000000000e+00 0.000000000000000000e+00 0.000000000000000000e+00 5.177888787460218634e-01 0.000000000000000000e+00 8.665529502877146184e-01 0.000000000000000000e+00 1.838610097558599638e-02 0.000000000000000000e+00 1.785285520156208172e-01 9.661688200941637161e-01 0.000000000000000000e+00 5.668935095211688306e-03 0.000000000000000000e+00 0.000000000000000000e+00 7.170750884928615843e-02 0.000000000000000000e+00 0.000000000000000000e+00 1.280000000000000000e+02 -1.171999999999999886e+01
0.000000000000000000e+00 0.000000000000000000e+00 2.495144951870038180e-02 1.992609791383652060e-02 0.000000000000000000e+00 0.000000000000000000e+00 0.000000000000000000e+00 0.000000000000000000e+00 6.099737498501046629e-01 0.000000000000000000e+00 3.699681358209646427e-07 7.234148872796899131e-03 3.260596012184170944e-01 3.116958793918793713e-01 0.000000000000000000e+00 0.000000000000000000e+00 4.490808573381273663e-03 0.000000000000000000e+00 0.000000000000000000e+00 1.115012745309269283e-02 0.000000000000000000e+00 9.671064835567662636e-04 0.000000000000000000e+00 9.037177909520956176e-02 1.802276218807563266e-02 0.000000000000000000e+00 6.317662361825998781e-03 0.000000000000000000e+00 0.000000000000000000e+00 0.000000000000000000e+00 0.000000000000000000e+00 0.000000000000000000e+00 1.280000000000000000e+02 -1.253666666666666707e+01
0.000000000000000000e+00 0.000000000000000000e+00 2.924251614698274437e-01 0.000000000000000000e+00 0.000000000000000000e+00 8.715728609933216797e-02 0.000000000000000000e+00 0.000000000000000000e+00 0.000000000000000000e+00 0.000000000000000000e+00 1.397287839059257741e-01 9.973091979821573361e-01 0.000000000000000000e+00 0.000000000000000000e+00 0.000000000000000000e+00 2.939846400616647482e-01 8.438809755074542229e-01 1.404690007224930481e-02 4.280732574183040984e-01 0.000000000000000000e+00 0.000000000000000000e+00 1.066724877050199277e-02 0.000000000000000000e+00 6.022525010565984438e-01 3.087965563561923324e-02 0.000000000000000000e+00 0.000000000000000000e+00 0.000000000000000000e+00 0.000000000000000000e+00 0.000000000000000000e+00 0.000000000000000000e+00 1.878757937008297407e-01 1.280000000000000000e+02 -7.066666666666667318e+00
3.460530234451019652e-03 0.000000000000000000e+00 0.000000000000000000e+00 0.000000000000000000e+00 5.757402670978132297e-01 0.000000000000000000e+00 0.000000000000000000e+00 0.000000000000000000e+00 0.000000000000000000e+00 0.000000000000000000e+00 0.000000000000000000e+00 0.000000000000000000e+00 0.000000000000000000e+00 0.000000000000000000e+00 0.000000000000000000e+00 0.000000000000000000e+00 0.000000000000000000e+00 3.324151894332062485e-01 0.000000000000000000e+00 0.000000000000000000e+00 0.000000000000000000e+00 0.000000000000000000e+00 0.000000000000000000e+00 0.000000000000000000e+00 1.012628484395602414e-02 0.000000000000000000e+00 0.000000000000000000e+00 0.000000000000000000e+00 0.000000000000000000e+00 7.959535611075373440e-01 0.000000000000000000e+00 1.459740338804101922e-01 1.280000000000000000e+02 -1.004999999999999893e+01
2.485959679531712374e-01 3.748456299507847977e-01 6.587731076495707550e-01 4.376210140689355821e-02 3.506887585058358625e-01 1.023540318932336310e-02 0.000000000000000000e+00 1.087895585258991625e-02 4.935167128675676529e-01 6.845977371017578639e-01 1.000000000000000000e+00 6.547336609001532803e-01 1.731662040576429917e-01 4.647018128546702952e-03 3.550589509328623827e-01 0.000000000000000000e+00 3.476613685076005988e-01 2.082944541377902692e-02 9.883378726836846706e-01 0.000000000000000000e+00 5.349544847870184305e-02 7.816312239222014124e-01 3.208216304428743726e-01 5.797193400117253148e-01 6.065539857454717021e-01 4.898517663690706847e-01 2.293668306266256939e-05 1.310539351507424843e-01 9.851851050363890083e-01 0.000000000000000000e+00 0.000000000000000000e+00 1.112203286380587125e-06 1.280000000000000000e+02 -1.156333333333333258e+01
3.651174757884229072e-02 0.000000000000000000e+00 0.000000000000000000e+00 7.424743456972672240e-01 2.501284443043432781e-01 2.997718732165665506e-02 0.000000000000000000e+00 7.775803849468212320e-03 4.170653506981358661e-07 0.000000000000000000e+00 8.795956185877600308e-01 3.153796924072190255e-01 9.605446747879441416e-01 1.587760653329051974e-01 8.428642024353696915e-02 4.664546508750733178e-02 3.685661345874349237e-01 6.925259681928167543e-01 1.172427805495719795e-02 2.816933662357092158e-07 0.000000000000000000e+00 1.000000000000000000e+00 5.879936136019709991e-01 9.635751192025296397e-02 1.809672857253225367e-02 0.000000000000000000e+00 8.157323387742407839e-01 0.000000000000000000e+00 7.683805293851958540e-01 4.972033486152854216e-07 0.000000000000000000e+00 9.034994029978454799e-01 1.280000000000000000e+02 -1.004000000000000092e+01
0.000000000000000000e+00 0.000000000000000000e+00 0.000000000000000000e+00 0.000000000000000000e+00 0.000000000000000000e+00 0.000000000000000000e+00 0.000000000000000000e+00 0.000000000000000000e+00 0.000000000000000000e+00 0.000000000000000000e+00 3.873622873824209001e-02 0.000000000000000000e+00 0.000000000000000000e+00 1.972777396804318573e-01 0.000000000000000000e+00 0.000000000000000000e+00 0.000000000000000000e+00 0.000000000000000000e+00 0.000000000000000000e+00 0.000000000000000000e+00 0.000000000000000000e+00 0.000000000000000000e+00 0.000000000000000000e+00 0.000000000000000000e+00 0.000000000000000000e+00 0.000000000000000000e+00 0.000000000000000000e+00 0.000000000000000000e+00 0.000000000000000000e+00 0.000000000000000000e+00 0.000000000000000000e+00 0.000000000000000000e+00 1.280000000000000000e+02 -1.274000000000000021e+01
9.521063371989904045e-01 4.929107906939790562e-02 9.959766183352196656e-01 0.000000000000000000e+00 2.922758267581312612e-09 0.000000000000000000e+00 0.000000000000000000e+00 0.000000000000000000e+00 3.251196142467201455e-01 3.243754732136672203e-01 2.576122090028897318e-02 0.000000000000000000e+00 1.415115090817661847e-01 7.085835396484819332e-03 0.000000000000000000e+00 0.000000000000000000e+00 2.473350092454401905e-01 1.000000000000000000e+00 5.122817743874118895e-02 0.000000000000000000e+00 0.000000000000000000e+00 8.272003364285348548e-01 1.000000000000000000e+00 9.243572644864920251e-01 1.209062443164841127e-01 0.000000000000000000e+00 0.000000000000000000e+00 3.108793800863438712e-04 0.000000000000000000e+00 5.127377766297130587e-03 0.000000000000000000e+00 2.828241632246136462e-06 1.280000000000000000e+02 -1.233333333333333393e+01
0.000000000000000000e+00 0.000000000000000000e+00 8.965232565356137107e-01 5.589405440587204010e-01 0.000000000000000000e+00 1.146184059357607810e-02 0.000000000000000000e+00 2.723421302853087228e-02 8.747102853785553023e-02 0.000000000000000000e+00 9.987773358197167273e-01 4.478160456307847537e-03 4.506885984791936806e-01 4.406131115800479559e-01 4.865160002435194309e-01 8.350364848820762687e-03 1.643249705808229599e-01 5.447224436708666406e-01 0.000000000000000000e+00 9.864233690257887543e-01 0.000000000000000000e+00 6.358712186190931259e-01 3.302941519584638025e-02 9.909094611019106935e-01 7.336651948594371531e-01 9.534477745198095544e-01 8.526789767519911134e-01 2.043486487767547377e-01 0.000000000000000000e+00 5.049514993035998656e-02 7.681814093821459632e-04 7.340971159098480525e-01 1.280000000000000000e+02 -1.296666666666666679e+01
0.000000000000000000e+00 9.905645601517296672e-01 6.116909178282735615e-01 3.864904607427487315e-01 7.606449848052118656e-02 0.000000000000000000e+00 0.000000000000000000e+00 0.000000000000000000e+00 8.844914559855656571e-04 8.286204032610315628e-03 9.976112408057993264e-01 0.000000000000000000e+00 0.000000000000000000e+00 0.000000000000000000e+00 6.553959077434295954e-01 1.745162163359827850e-02 9.918109196330239241e-01 2.218117325306685206e-01 0.000000000000000000e+00 0.000000000000000000e+00 9.240146382226505084e-02 5.934177200405857944e-01 7.574574580778551391e-01 0.000000000000000000e+00 9.909844221974345446e-01 3.312852664185861884e-01 3.525899199393691674e-01 0.000000000000000000e+00 9.168474233532546425e-01 1.000000000000000000e+00 0.000000000000000000e+00 3.505166207044686094e-02 1.280000000000000000e+02 -1.169333333333333336e+01
1.080144136400474630e-01 0.000000000000000000e+00 9.979241845745410178e-01 1.181082148566987150e-02 0.000000000000000000e+00 5.189712826408137136e-01 0.000000000000000000e+00 4.524454079583576371e-01 5.472773873296401560e-03 1.201524889993767636e-01 5.533333686861111734e-07 0.000000000000000000e+00 2.117566967128174105e-01 1.216988948334230859e-02 0.000000000000000000e+00 0.000000000000000000e+00 2.458068424805952557e-01 0.000000000000000000e+00 3.536408966495003248e-01 5.260601203264287928e-01 0.000000000000000000e+00 8.196138552066922073e-03 7.690689545673531358e-01 4.209083101790723203e-01 0.000000000000000000e+00 0.000000000000000000e+00 0.000000000000000000e+00 1.031508323478304246e-03 1.345041356166110924e-01 2.827839420107178259e-01 0.000000000000000000e+00 8.466250623819179255e-01 1.280000000000000000e+02 -8.580000000000000071e+00
3.370259027774069605e-01 0.000000000000000000e+00 0.000000000000000000e+00 7.384486318706088293e-01 4.509387366343892145e-02 5.675788013567510948e-01 0.000000000000000000e+00 0.000000000000000000e+00 2.886673280654184111e-04 1.597815150718483873e-02 0.000000000000000000e+00 2.849399652058078325e-01 0.000000000000000000e+00 0.000000000000000000e+00 0.000000000000000000e+00 1.322371761933394396e-01 3.207549002208993083e-01 0.000000000000000000e+00 6.291925018109432166e-01 9.569643537799992648e-07 1.656130237359003388e-02 0.000000000000000000e+00 8.528101657906544952e-02 6.117644518549184562e-01 6.603590181227282363e-01 0.000000000000000000e+00 0.000000000000000000e+00 0.000000000000000000e+00 2.940192329734979682e-01 9.931746577214796146e-01 2.060144338835997752e-03 1.000000000000000000e+00 1.280000000000000000e+02 -1.147666666666666657e+01
0.000000000000000000e+00 5.727411063281323544e-02 0.000000000000000000e+00 6.905925709808410362e-01 2.424724032799432105e-01 7.135320162271002742e-01 0.000000000000000000e+00 2.317765295222684319e-01 3.311678965143800557e-01 5.405571757571517866e-01 9.430940957636930744e-01 0.000000000000000000e+00 8.679575826963599472e-02 2.463569826922703008e-05 0.000000000000000000e+00 0.000000000000000000e+00 1.000000000000000000e+00 4.974219203753676684e-04 4.318846787595779224e-01 4.395510516933568503e-06 4.925599489663205072e-04 3.988735691333943900e-01 7.865672519453132949e-01 5.479722020152777429e-01 6.522425048290904082e-01 6.640465836543971712e-01 5.190008506829486556e-01 5.476690408854024694e-01 0.000000000000000000e+00 2.944171320262362057e-01 0.000000000000000000e+00 1.871315157780703130e-03 1.280000000000000000e+02 -1.300000000000000000e+01
2.517031848730258980e-01 0.000000000000000000e+00 4.805200787474021157e-02 6.164911678292420705e-01 4.320345443433447688e-03 5.094196270724054010e-01 0.000000000000000000e+00 4.693874308255359829e-04 5.832328112250867447e-01 0.000000000000000000e+00 1.028921897547221409e-01 5.129286792564113906e-01 2.165768566962603808e-03 9.932289391441170845e-02 9.999906637738849025e-01 0.000000000000000000e+00 4.563396203294285969e-01 1.350542526918050226e-02 9.991792223518088933e-01 2.993698009420552730e-05 3.095080581923164570e-02 1.000000000000000000e+00 3.066473908076348688e-07 0.000000000000000000e+00 3.155480889623438895e-02 7.681805501377896306e-01 4.282109001650515334e-01 0.000000000000000000e+00 0.000000000000000000e+00 1.833995302484231760e-01 0.000000000000000000e+00 8.790044924592225195e-01 1.280000000000000000e+02 -1.360666666666666735e+01
0.000000000000000000e+00 0.000000000000000000e+00 0.000000000000000000e+00 0.000000000000000000e+00 0.000000000000000000e+00 3.834934871237833942e-01 1.723742871071796690e-01 0.000000000000000000e+00 0.000000000000000000e+00 0.000000000000000000e+00 9.092874726156190412e-01 0.000000000000000000e+00 0.000000000000000000e+00 5.294914075908737153e-03 2.217924998029450340e-02 0.000000000000000000e+00 7.774439898642102609e-01 0.000000000000000000e+00 1.004291381756034808e-03 3.497954922784595189e-01 0.000000000000000000e+00 0.000000000000000000e+00 0.000000000000000000e+00 1.165923549873195270e-01 7.012501087727099347e-02 0.000000000000000000e+00 1.360691345072117045e-02 0.000000000000000000e+00 7.819746022439606481e-01 4.166796059399963115e-02 3.021308860218354449e-04 0.000000000000000000e+00 1.280000000000000000e+02 -9.570000000000000284e+00
1.083984286942908312e-02 1.338616725849183300e-02 7.110601474621850750e-03 0.000000000000000000e+00 7.463844095651860078e-02 1.479641247140080565e-02 0.000000000000000000e+00 4.173432288632787923e-01 0.000000000000000000e+00 0.000000000000000000e+00 9.920221236284726407e-01 0.000000000000000000e+00 7.753321787508291041e-02 4.972421981893634380e-01 0.000000000000000000e+00 1.611142932538082162e-01 0.000000000000000000e+00 1.893812809145325737e-01 1.298264135073018996e-04 3.573354224862426015e-02 3.516915476148079964e-04 0.000000000000000000e+00 5.216118041936362859e-03 9.978720559521427891e-01 6.627824128379667945e-01 6.397407689141103582e-01 1.493660374192772207e-02 5.564000368207752678e-02 9.938604180609486027e-01 5.764352464436023338e-01 0.000000000000000000e+00 0.000000000000000000e+00 1.280000000000000000e+02 -1.427000000000000135e+01
0.000000000000000000e+00 8.416353269715772800e-01 9.624625754141158396e-01 0.000000000000000000e+00 0.000000000000000000e+00 8.524708266801558354e-01 0.000000000000000000e+00 4.653765639428414369e-01 2.486946248533275783e-01 4.569891979335236054e-01 7.786304729837247862e-01 0.000000000000000000e+00 1.228926612459481926e-01 0.000000000000000000e+00 0.000000000000000000e+00 6.591813042163213732e-02 8.855562753324673908e-01 9.837222866060811866e-01 3.187829558499221672e-01 1.822375019778411541e-03 1.224002273614878877e-03 1.348366612567677113e-02 3.902897401396695498e-01 9.766213745738970831e-01 1.000000000000000000e+00 0.000000000000000000e+00 5.624596171842918269e-01 6.942590687547078952e-04 9.971827655044116501e-01 9.906504427133030477e-01 1.400535937382785893e-08 0.000000000000000000e+00 1.280000000000000000e+02 -1.315999999999999837e+01
0.000000000000000000e+00 5.566201841256861460e-01 0.000000000000000000e+00 0.000000000000000000e+00 4.646829295794986381e-01 1.086942253208150605e-01 0.000000000000000000e+00 0.000000000000000000e+00 8.639285665198240260e-02 6.310305998353811230e-01 3.217894338459928449e-01 0.000000000000000000e+00 0.000000000000000000e+00 9.077392289467165476e-01 1.000000000000000000e+00 0.000000000000000000e+00 0.000000000000000000e+00 0.000000000000000000e+00 6.310799080185455212e-01 0.000000000000000000e+00 2.977143553204851800e-01 2.733962837526249245e-01 0.000000000000000000e+00 0.000000000000000000e+00 6.331651851571097334e-01 2.636710652175404679e-01 0.000000000000000000e+00 3.072960737280540020e-02 7.291741622104829235e-01 0.000000000000000000e+00 0.000000000000000000e+00 8.792231275587969463e-01 1.280000000000000000e+02 -1.245333333333333314e+01
3.311510885945462539e-03 0.000000000000000000e+00 8.752376894118771289e-02 5.426251606624483276e-02 0.000000000000000000e+00 3.210582781316394241e-02 0.000000000000000000e+00 1.891787129872942244e-02 4.172689608834915381e-02 0.000000000000000000e+00 4.743091274806577884e-01 0.000000000000000000e+00 3.577792448555725327e-03 6.939461503834584155e-01 0.000000000000000000e+00 0.000000000000000000e+00 0.000000000000000000e+00 0.000000000000000000e+00 1.000000000000000000e+00 0.000000000000000000e+00 0.000000000000000000e+00 1.716188216233830539e-04 0.000000000000000000e+00 0.000000000000000000e+00 0.000000000000000000e+00 7.067001892176756339e-01 0.000000000000000000e+00 0.000000000000000000e+00 0.000000000000000000e+00 2.140982375087247536e-01 0.000000000000000000e+00 2.985774092320229306e-02 1.280000000000000000e+02 -1.364000000000000057e+01
0.000000000000000000e+00 3.009451405437580176e-02 0.000000000000000000e+00 0.000000000000000000e+00 0.000000000000000000e+00 0.000000000000000000e+00 0.000000000000000000e+00 5.831893644943135779e-01 4.793412641922335515e-01 0.000000000000000000e+00 1.000000000000000000e+00 0.000000000000000000e+00 5.471597747873846451e-01 3.694144599026900067e-01 0.000000000000000000e+00 0.000000000000000000e+00 7.400809304156356072e-01 0.000000000000000000e+00 1.000000000000000000e+00 0.000000000000000000e+00 0.000000000000000000e+00 0.000000000000000000e+00 1.737315289155988126e-04 4.517682452360970435e-01 2.246422370902776411e-01 0.000000000000000000e+00 1.074000391506734486e-01 1.765098970159993024e-03 0.000000000000000000e+00 0.000000000000000000e+00 9.880084313629602932e-02 1.376988624028597230e-01 1.280000000000000000e+02 -1.131333333333333258e+01
0.000000000000000000e+00 0.000000000000000000e+00 0.000000000000000000e+00 0.000000000000000000e+00 0.000000000000000000e+00 4.081475328086787147e-01 0.000000000000000000e+00 0.000000000000000000e+00 1.189157295357732604e-02 3.740107984076035830e-03 0.000000000000000000e+00 0.000000000000000000e+00 1.538155755003845339e-04 5.096916583752055807e-01 1.537297791834765781e-02 0.000000000000000000e+00 0.000000000000000000e+00 5.445415992673645622e-01 1.794248613697306538e-03 0.000000000000000000e+00 0.000000000000000000e+00 4.269923659821370787e-01 5.164412740213847330e-01 2.259139814241549749e-01 1.470250881297556489e-01 0.000000000000000000e+00 0.000000000000000000e+00 7.385048147774865568e-02 0.000000000000000000e+00 1.000000000000000000e+00 0.000000000000000000e+00 0.000000000000000000e+00 1.280000000000000000e+02 -1.347333333333333449e+01
0.000000000000000000e+00 0.000000000000000000e+00 9.902383645666841538e-02 0.000000000000000000e+00 5.198817759182374765e-01 0.000000000000000000e+00 0.000000000000000000e+00 0.000000000000000000e+00 0.000000000000000000e+00 0.000000000000000000e+00 0.000000000000000000e+00 0.000000000000000000e+00 0.000000000000000000e+00 0.000000000000000000e+00 0.000000000000000000e+00 4.362348638992872840e-01 0.000000000000000000e+00 4.034018036869850277e-01 0.000000000000000000e+00 0.000000000000000000e+00 2.659570761866986155e-02 0.000000000000000000e+00 0.000000000000000000e+00 0.000000000000000000e+00 0.000000000000000000e+00 0.000000000000000000e+00 3.665246579186732384e-02 0.000000000000000000e+00 0.000000000000000000e+00 0.000000000000000000e+00 0.000000000000000000e+00 0.000000000000000000e+00 1.280000000000000000e+02 -8.793333333333333002e+00
3.407698135229520475e-01 0.000000000000000000e+00 0.000000000000000000e+00 5.259374913660169910e-03 0.000000000000000000e+00 8.140007247430026960e-02 0.000000000000000000e+00 0.000000000000000000e+00 0.000000000000000000e+00 0.000000000000000000e+00 8.218230777204624192e-06 0.000000000000000000e+00 9.999953406160559943e-01 8.260333703776455427e-04 3.548211238246710975e-02 0.000000000000000000e+00 1.000000000000000000e+00 9.899743792236905815e-01 0.000000000000000000e+00 0.000000000000000000e+00 0.000000000000000000e+00 5.647284519595181101e-02 0.000000000000000000e+00 5.858040676579436834e-01 0.000000000000000000e+00 1.920128911598227017e-01 7.936321954161856818e-03 0.000000000000000000e+00 5.454173044990510144e-01 2.332680920976772654e-01 0.000000000000000000e+00 0.000000000000000000e+00 1.280000000000000000e+02 -1.106666666666666465e+01
0.000000000000000000e+00 0.000000000000000000e+00 4.061935131881880823e-01 0.000000000000000000e+00 0.000000000000000000e+00 0.000000000000000000e+00 0.000000000000000000e+00 5.094481386734885930e-01 8.264888988002878634e-01 8.856069183048362325e-02 2.111359339776494592e-01 8.054209152605218414e-01 5.703341962088289696e-01 0.000000000000000000e+00 0.000000000000000000e+00 0.000000000000000000e+00 2.699891800803837505e-01 2.195365668349857913e-01 5.703299163172402819e-01 6.839868267730309093e-01 0.000000000000000000e+00 1.128483166389788878e-01 9.951880508991710617e-01 3.204763314601249413e-01 3.010976508365723601e-04 0.000000000000000000e+00 1.358602424940021959e-02 8.097715259761283368e-01 0.000000000000000000e+00 0.000000000000000000e+00 0.000000000000000000e+00 2.524584032952580191e-03 1.280000000000000000e+02 -1.031000000000000050e+01
7.807891257173994459e-01 1.529115005199176980e-01 7.830493098111107608e-01 0.000000000000000000e+00 0.000000000000000000e+00 9.999961091335696217e-01 0.000000000000000000e+00 0.000000000000000000e+00 0.000000000000000000e+00 9.117102313369225419e-07 3.544774317526392382e-01 5.200644403189912807e-03 0.000000000000000000e+00 4.290567452252430397e-04 2.990807307531218823e-05 5.356559605868156382e-01 4.023283634054088814e-02 9.296758875981071119e-03 0.000000000000000000e+00 0.000000000000000000e+00 1.549505869197302768e-05 0.000000000000000000e+00 5.447508338174801290e-01 3.538573050568301760e-05 6.414086138801827763e-01 2.427605957374192117e-02 8.436591586395502300e-08 6.343221190385369690e-01 5.461650291341503462e-05 4.026602942870428636e-01 0.000000000000000000e+00 5.060110608334212889e-01 1.280000000000000000e+02 -1.104333333333333123e+01
9.349852344656711124e-08 0.000000000000000000e+00 0.000000000000000000e+00 0.000000000000000000e+00 0.000000000000000000e+00 1.000000000000000000e+00 0.000000000000000000e+00 0.000000000000000000e+00 3.920087962336039067e-01 0.000000000000000000e+00 4.732058139813858366e-01 0.000000000000000000e+00 0.000000000000000000e+00 0.000000000000000000e+00 0.000000000000000000e+00 0.000000000000000000e+00 4.106190632613535563e-01 8.295432498459345272e-01 1.387283909686682845e-02 0.000000000000000000e+00 0.000000000000000000e+00 0.000000000000000000e+00 3.293687035865923707e-01 0.000000000000000000e+00 3.203498775120086108e-03 0.000000000000000000e+00 0.000000000000000000e+00 0.000000000000000000e+00 4.681071631927650155e-03 0.000000000000000000e+00 0.000000000000000000e+00 0.000000000000000000e+00 1.280000000000000000e+02 -1.099666666666666437e+01
2.908906403765246784e-01 0.000000000000000000e+00 7.781154035648147893e-01 0.000000000000000000e+00 0.000000000000000000e+00 0.000000000000000000e+00 0.000000000000000000e+00 0.000000000000000000e+00 8.295954745886946480e-01 0.000000000000000000e+00 3.987784278570498664e-01 0.000000000000000000e+00 2.773263893814090220e-01 0.000000000000000000e+00 8.201220745622150865e-01 2.303006315776530977e-01 1.122639141552145368e-03 0.000000000000000000e+00 7.701854275962877194e-01 0.000000000000000000e+00 0.000000000000000000e+00 0.000000000000000000e+00 4.857072640514978334e-02 2.226069169344089757e-02 0.000000000000000000e+00 0.000000000000000000e+00 1.762085023929685634e-01 2.280812691686312944e-03 2.585275047128338111e-01 6.604316840958470713e-01 1.354239095892796098e-02 0.000000000000000000e+00 1.280000000000000000e+02 -1.011000000000000121e+01
0.000000000000000000e+00 8.761468304398892792e-01 5.361909255319492473e-01 3.026141957945996941e-01 4.881594460821754404e-03 2.137923902152388464e-02 0.000000000000000000e+00 8.637170105100749895e-02 0.000000000000000000e+00 0.000000000000000000e+00 2.250386283935216017e-02 3.019600007848320666e-02 0.000000000000000000e+00 3.361769402438567061e-02 1.264749224419825730e-03 8.118462592572668710e-08 6.435587895627862833e-06 0.000000000000000000e+00 3.685217486507951778e-01 0.000000000000000000e+00 0.000000000000000000e+00 8.213726142349037085e-02 4.182948710350952171e-01 9.810911293161655999e-01 0.000000000000000000e+00 4.327248934868302248e-03 1.784550388491413717e-02 2.760054198544644177e-01 0.000000000000000000e+00 2.681144200009226430e-02 9.247167380090076313e-03 0.000000000000000000e+00 1.280000000000000000e+02 -1.132000000000000028e+01
0.000000000000000000e+00 0.000000000000000000e+00 0.000000000000000000e+00 1.202473431028329605e-02 4.104835999750747200e-02 1.892278256895938003e-11 0.000000000000000000e+00 0.000000000000000000e+00 0.000000000000000000e+00 8.581005267749577392e-01 1.487572344256042449e-03 5.813725326391381287e-01 5.995166391887855051e-01 5.811324424405720501e-01 0.000000000000000000e+00 4.480712738087418434e-01 4.105499108310235734e-02 0.000000000000000000e+00 3.374100692274552976e-02 3.158332614822284595e-11 0.000000000000000000e+00 4.003805718539257263e-01 0.000000000000000000e+00 1.869548694094728958e-01 7.372144901398166583e-01 0.000000000000000000e+00 9.824365021276598720e-01 0.000000000000000000e+00 0.000000000000000000e+00 0.000000000000000000e+00 0.000000000000000000e+00 0.000000000000000000e+00 1.280000000000000000e+02 -7.796666666666666856e+00
3.884275824645624757e-04 1.699037176892634893e-01 3.769240880410188455e-01 1.140918369242390207e-01 2.874600127553379736e-02 1.586129676482852247e-01 0.000000000000000000e+00 1.034408414541425764e-01 8.269639453784133061e-05 0.000000000000000000e+00 4.684541350504305424e-01 6.105293838945489160e-01 7.420672681030622553e-02 5.065859881804715137e-01 0.000000000000000000e+00 3.632620428696907433e-02 1.643471876584949587e-02 4.234308138449880410e-01 7.883678237170030911e-01 0.000000000000000000e+00 4.407399523875848990e-01 5.042380993030747272e-01 3.029781975274304078e-03 6.908376931560411549e-01 2.478809122432628909e-01 9.746993016619856336e-04 2.486794655303876597e-02 0.000000000000000000e+00 9.077899924991152947e-01 1.084436865513565273e-01 0.000000000000000000e+00 3.956778401699452830e-01 1.280000000000000000e+02 -1.286333333333333506e+01
4.486938344988164928e-05 4.443653416339930079e-03 9.876062509806037282e-01 1.203417082944712585e-02 4.352531835702114216e-01 0.000000000000000000e+00 0.000000000000000000e+00 4.213112424557817759e-01 9.746819101733208424e-01 3.077657955406059576e-01 6.441328143597456479e-03 5.191862485243117220e-01 1.099579388504402649e-01 5.749453563321820226e-01 0.000000000000000000e+00 0.000000000000000000e+00 1.672714272593238405e-01 7.856082816230525179e-01 2.973874079583089247e-01 5.160425615223444146e-02 0.000000000000000000e+00 1.268075720081146274e-01 4.264225955221541131e-01 7.855168074282901092e-01 1.630135408416809317e-01 2.043903280832398694e-02 2.480708715165725886e-01 4.344668705141888770e-02 5.808105764365872892e-01 5.861397278902142904e-01 0.000000000000000000e+00 6.298398742164311448e-02 1.280000000000000000e+02 -1.319666666666666721e+01
1.779598984108639858e-07 7.057178646005986267e-02 2.736039709967831857e-01 2.822136826543572008e-01 0.000000000000000000e+00 5.565623441251015685e-02 9.249070688353101106e-08 0.000000000000000000e+00 0.000000000000000000e+00 8.262279911946306121e-02 1.896870623172801709e-02 0.000000000000000000e+00 6.531338977254718126e-01 0.000000000000000000e+00 0.000000000000000000e+00 9.985519854289647002e-02 7.367446998002503689e-01 1.615811258771158302e-06 8.393479846741543904e-01 0.000000000000000000e+00 6.957538635354436340e-02 1.805122045610515757e-01 1.536439170127900933e-01 8.951497544034692222e-01 2.049389645248067895e-02 4.831291890021141566e-01 0.000000000000000000e+00 1.927946182687173271e-01 6.508203858589319823e-01 8.329650261292086411e-01 0.000000000000000000e+00 1.997184244031504144e-02 1.280000000000000000e+02 -1.385000000000000142e+01
0.000000000000000000e+00 0.000000000000000000e+00 0.000000000000000000e+00 0.000000000000000000e+00 6.764702707732983544e-01 0.000000000000000000e+00 0.000000000000000000e+00 2.337406465755665075e-01 4.686774028761417354e-02 0.000000000000000000e+00 0.000000000000000000e+00 2.906957143206778116e-01 2.108075278696307578e-02 2.832535086577733785e-01 3.872257600808824973e-01 2.262542131751189459e-06 0.000000000000000000e+00 0.000000000000000000e+00 4.519412351342254608e-01 0.000000000000000000e+00 0.000000000000000000e+00 6.831753424530117025e-01 3.558044623023023934e-01 7.222237572336589473e-01 0.000000000000000000e+00 0.000000000000000000e+00 6.653833096905354960e-01 9.999999974092046440e-01 6.734771064822654418e-01 1.814968772717626133e-02 0.000000000000000000e+00 4.329089551522325441e-01 1.280000000000000000e+02 -1.131000000000000050e+01
0.000000000000000000e+00 0.000000000000000000e+00 1.207387688961794464e-01 0.000000000000000000e+00 0.000000000000000000e+00 6.251597941233928701e-02 2.323602883363446239e-02 0.000000000000000000e+00 6.180748348686596616e-01 1.437537066866999280e-01 1.000000000000000000e+00 0.000000000000000000e+00 0.000000000000000000e+00 1.150230326179443457e-01 0.000000000000000000e+00 0.000000000000000000e+00 0.000000000000000000e+00 2.103908091841323880e-01 1.339808968886797846e-01 0.000000000000000000e+00 1.480717437865062451e-03 0.000000000000000000e+00 6.816149356677387791e-03 6.950426976850186955e-01 1.649386507321996820e-01 7.321022539249311123e-01 7.663845338281340958e-01 0.000000000000000000e+00 7.248228252189988785e-01 7.810184812609258787e-01 0.000000000000000000e+00 9.918025625024248226e-01 1.280000000000000000e+02 -1.407666666666666622e+01
0.000000000000000000e+00 1.801576456023313071e-06 0.000000000000000000e+00 8.759639286363597455e-01 1.536602671947281951e-01 0.000000000000000000e+00 0.000000000000000000e+00 1.438293742197068181e-01 2.369940914280828648e-01 0.000000000000000000e+00 4.648506043393548226e-01 0.000000000000000000e+00 0.000000000000000000e+00 1.394053096946866986e-02 0.000000000000000000e+00 1.740929019369378078e-05 0.000000000000000000e+00 9.961364794449639737e-01 8.561619234804908052e-01 0.000000000000000000e+00 0.000000000000000000e+00 0.000000000000000000e+00 2.607604745795314427e-01 2.294701330606160883e-02 1.000000000000000000e+00 2.432477602529362765e-02 1.683188443010017465e-01 4.085960964990633520e-02 0.000000000000000000e+00 0.000000000000000000e+00 0.000000000000000000e+00 0.000000000000000000e+00 1.280000000000000000e+02 -1.249000000000000021e+01
6.085050350405017960e-01 4.449910922014936876e-01 9.999949817106721373e-01 1.011303438249516913e-02 1.000000000000000000e+00 4.127077866059974398e-01 0.000000000000000000e+00 0.000000000000000000e+00 5.405575000405498098e-01 6.617263301896823824e-02 2.036049307879082282e-01 1.000000000000000000e+00 0.000000000000000000e+00 5.963708170999062856e-03 0.000000000000000000e+00 3.637791342441542463e-05 5.379693588965465435e-03 6.421305615124841548e-01 9.717746383651003628e-01 4.042135831179078376e-01 5.363066415333671566e-01 1.345896943935692784e-05 5.207462539272813551e-01 1.000000000000000000e+00 6.037617679751763333e-01 6.197769928543043205e-01 2.024025186589644421e-01 4.052644556023240335e-02 1.035243531299916975e-01 7.902593396107860935e-01 1.932789972592537076e-04 7.141040720617214399e-01 1.280000000000000000e+02 -1.493666666666666742e+01
0.000000000000000000e+00 0.000000000000000000e+00 0.000000000000000000e+00 4.818619916064360007e-04 2.318744786115374892e-02 1.158118408717666477e-02 0.000000000000000000e+00 1.806532104115851911e-01 1.394808676286691390e-02 0.000000000000000000e+00 4.709448440154122006e-01 6.578855726016344385e-02 3.601172545886274223e-01 1.999372724920714419e-05 4.094583408096634514e-02 0.000000000000000000e+00 0.000000000000000000e+00 1.173293859749859336e-01 3.493047895797563832e-04 4.861682315468539295e-03 1.334420261065438155e-03 9.701484433272012931e-01 1.000000000000000000e+00 5.093427029243859268e-03 0.000000000000000000e+00 0.000000000000000000e+00 0.000000000000000000e+00 9.999702063090351034e-01 4.477743627003683002e-01 9.030262521303219492e-01 0.000000000000000000e+00 0.000000000000000000e+00 1.280000000000000000e+02 -1.295000000000000107e+01
6.017647778653243407e-01 0.000000000000000000e+00 2.725108744344468259e-01 6.657349399494849433e-03 0.000000000000000000e+00 0.000000000000000000e+00 0.000000000000000000e+00 0.000000000000000000e+00 1.000000000000000000e+00 2.759657605062302288e-01 1.187183363447940222e-03 0.000000000000000000e+00 5.632561623766493275e-01 1.854624992276800721e-01 0.000000000000000000e+00 0.000000000000000000e+00 0.000000000000000000e+00 5.874222571837213635e-08 9.202153116546962774e-01 0.000000000000000000e+00 0.000000000000000000e+00 7.931547084650214519e-02 8.845133502574421547e-01 1.325465221846354180e-01 0.000000000000000000e+00 0.000000000000000000e+00 6.088475952116678561e-04 1.000000000000000000e+00 0.000000000000000000e+00 0.000000000000000000e+00 0.000000000000000000e+00 2.252147059991579242e-02 1.280000000000000000e+02 -8.233333333333334281e+00
1.237789000165066405e-01 0.000000000000000000e+00 6.575415727947765410e-01 0.000000000000000000e+00 0.000000000000000000e+00 4.716864101330028175e-02 0.000000000000000000e+00 7.693718559548180791e-02 8.356843569346190659e-01 0.000000000000000000e+00 3.449275379925545448e-01 1.358819757788191918e-01 3.176010535686259462e-01 5.937881150153942120e-03 1.328368394058488354e-02 0.000000000000000000e+00 7.492117747470997680e-01 0.000000000000000000e+00 6.442169722746894367e-01 1.214904826225990386e-01 3.003017454735618097e-01 8.802145648607879735e-01 4.604463282974722849e-01 4.294462625038275583e-02 0.000000000000000000e+00 6.007878998663359615e-01 8.949704222279581955e-01 2.863753391533730916e-02 1.000000000000000000e+00 1.199622077621435995e-01 0.000000000000000000e+00 3.701254648313123119e-01 1.280000000000000000e+02 -8.593333333333331936e+00
0.000000000000000000e+00 0.000000000000000000e+00 0.000000000000000000e+00 0.000000000000000000e+00 0.000000000000000000e+00 4.108624224962793559e-01 0.000000000000000000e+00 0.000000000000000000e+00 0.000000000000000000e+00 0.000000000000000000e+00 0.000000000000000000e+00 3.304549653935548448e-01 0.000000000000000000e+00 0.000000000000000000e+00 0.000000000000000000e+00 0.000000000000000000e+00 0.000000000000000000e+00 4.524605774447337803e-01 4.210804869103502712e-01 0.000000000000000000e+00 2.018318591689595778e-02 0.000000000000000000e+00 1.000000000000000000e+00 2.005326996197861478e-01 9.266040207913531779e-01 5.568702779950246429e-02 5.767001005445119288e-01 0.000000000000000000e+00 0.000000000000000000e+00 0.000000000000000000e+00 0.000000000000000000e+00 2.812105411597328186e-01 1.280000000000000000e+02 -9.166666666666666075e+00
4.099681975116045707e-02 0.000000000000000000e+00 0.000000000000000000e+00 0.000000000000000000e+00 0.000000000000000000e+00 6.926732222288133345e-01 0.000000000000000000e+00 0.000000000000000000e+00 3.686219792698027242e-01 1.226475863785987742e-07 8.318717011604360723e-01 1.346770660187536772e-01 6.009834813270081844e-01 5.400831767855824861e-01 0.000000000000000000e+00 0.000000000000000000e+00 0.000000000000000000e+00 3.308308280921517505e-05 5.181618328175967569e-01 0.000000000000000000e+00 2.095374123717965165e-01 4.660594780040371865e-01 6.102268098949814590e-01 7.677414648153954024e-01 1.000000000000000000e+00 0.000000000000000000e+00 3.600398652786104825e-02 1.528148509297911073e-01 2.429568860715747847e-01 7.072843858408491002e-02 0.000000000000000000e+00 2.641190452401471767e-01 1.280000000000000000e+02 -1.167333333333333201e+01
1.280882655303876641e-02 1.513303256984295797e-01 9.855048476778345279e-01 0.000000000000000000e+00 7.468316368052256571e-02 0.000000000000000000e+00 0.000000000000000000e+00 2.961313786936980441e-01 0.000000000000000000e+00 3.227324531031570687e-01 1.000000000000000000e+00 0.000000000000000000e+00 0.000000000000000000e+00 4.871098191039858749e-01 5.753103554871785014e-02 0.000000000000000000e+00 2.438771816800099912e-01 5.882588584052405450e-02 1.000000000000000000e+00 0.000000000000000000e+00 0.000000000000000000e+00 0.000000000000000000e+00 5.286536254267842905e-01 1.000000000000000000e+00 9.918960815247276352e-01 8.418532912001933655e-01 0.000000000000000000e+00 0.000000000000000000e+00 1.000000000000000000e+00 0.000000000000000000e+00 0.000000000000000000e+00 5.604707241284964114e-01 1.280000000000000000e+02 -1.240333333333333421e+01
2.356660570062841034e-02 0.000000000000000000e+00 0.000000000000000000e+00 0.000000000000000000e+00 9.706558962945077695e-01 5.560639131180166799e-06 0.000000000000000000e+00 1.559970819174158752e-01 9.079739592063386100e-01 0.000000000000000000e+00 2.746228816965330943e-01 9.919491856365382221e-01 2.583219935275431894e-02 6.369243542545087733e-01 0.000000000000000000e+00 2.175612710445366527e-01 0.000000000000000000e+00 7.274308148910615772e-05 9.883414560713537078e-01 3.308431298858024072e-04 3.062527985235432432e-02 4.839741989857384019e-01 3.725421677620551278e-04 9.797615649881613598e-01 8.798276187659855030e-02 9.362005009852046866e-01 0.000000000000000000e+00 3.973633442930994408e-01 7.648856438205585695e-01 0.000000000000000000e+00 9.532634192880159931e-05 3.289625890100993794e-03 1.280000000000000000e+02 -1.179666666666666686e+01
0.000000000000000000e+00 0.000000000000000000e+00 0.000000000000000000e+00 0.000000000000000000e+00 5.908451552716504906e-01 0.000000000000000000e+00 0.000000000000000000e+00 0.000000000000000000e+00 0.000000000000000000e+00 0.000000000000000000e+00 1.834857988308050691e-01 6.528641280569575933e-01 0.000000000000000000e+00 0.000000000000000000e+00 0.000000000000000000e+00 0.000000000000000000e+00 0.000000000000000000e+00 4.575150675069432045e-04 0.000000000000000000e+00 4.813027881929613505e-01 0.000000000000000000e+00 3.270347566285499719e-01 0.000000000000000000e+00 0.000000000000000000e+00 0.000000000000000000e+00 0.000000000000000000e+00 0.000000000000000000e+00 2.168547028255077558e-01 2.045342758128657623e-01 2.487148280149762136e-01 0.000000000000000000e+00 0.000000000000000000e+00 1.280000000000000000e+02 -6.823333333333333250e+00
0.000000000000000000e+00 0.000000000000000000e+00 5.550910108761344247e-02 3.285135946934860662e-01 1.029015824107331056e-01 0.000000000000000000e+00 0.000000000000000000e+00 1.702263457124631729e-01 0.000000000000000000e+00 0.000000000000000000e+00 8.287403756696612098e-03 0.000000000000000000e+00 0.000000000000000000e+00 0.000000000000000000e+00 0.000000000000000000e+00 0.000000000000000000e+00 0.000000000000000000e+00 0.000000000000000000e+00 0.000000000000000000e+00 0.000000000000000000e+00 4.595004996049481538e-02 5.226228416312295915e-04 6.354678347208368716e-02 0.000000000000000000e+00 0.000000000000000000e+00 0.000000000000000000e+00 8.593515215318414668e-01 0.000000000000000000e+00 9.600205759758615454e-01 6.444905597515975249e-01 0.000000000000000000e+00 1.927329914074626602e-02 1.280000000000000000e+02 -1.164333333333333265e+01
0.000000000000000000e+00 3.548229170404712529e-01 9.698675889710031139e-01 0.000000000000000000e+00 2.124007106410470691e-02 2.734020516491757896e-02 0.000000000000000000e+00 4.264977823379745847e-01 0.000000000000000000e+00 4.803007094057678422e-02 4.088274489782040000e-01 3.495891290042541376e-11 1.336113627920926424e-02 1.100239195784534371e-04 0.000000000000000000e+00 2.015798695749675498e-04 3.238948646048238067e-01 0.000000000000000000e+00 1.000000000000000000e+00 5.069056776886878835e-01 2.131128533506400358e-01 1.532391714075912736e-01 4.628163723163449261e-01 0.000000000000000000e+00 1.049462369689934949e-01 2.908450407635583823e-01 3.196919940038706054e-01 0.000000000000000000e+00 0.000000000000000000e+00 0.000000000000000000e+00 2.491208260995379092e-02 1.000000000000000000e+00 1.280000000000000000e+02 -1.029333333333333478e+01
0.000000000000000000e+00 0.000000000000000000e+00 2.331955237643061896e-01 1.238770170199485730e-02 0.000000000000000000e+00 0.000000000000000000e+00 0.000000000000000000e+00 0.000000000000000000e+00 0.000000000000000000e+00 8.915572441452249836e-03 0.000000000000000000e+00 0.000000000000000000e+00 5.844700195696127532e-01 0.000000000000000000e+00 0.000000000000000000e+00 0.000000000000000000e+00 0.000000000000000000e+00 0.000000000000000000e+00 4.461570041267030606e-01 0.000000000000000000e+00 0.000000000000000000e+00 0.000000000000000000e+00 0.000000000000000000e+00 0.000000000000000000e+00 5.205306670984620743e-01 0.000000000000000000e+00 0.000000000000000000e+00 0.000000000000000000e+00 2.406560141633540262e-02 2.163533983797264748e-01 1.684545425765082427e-01 0.000000000000000000e+00 1.280000000000000000e+02 -1.250666666666666771e+01
0.000000000000000000e+00 0.000000000000000000e+00 2.340346553526307660e-01 0.000000000000000000e+00 3.444057333671199927e-01 2.090989357286287403e-02 0.000000000000000000e+00 0.000000000000000000e+00 6.220925443014724276e-01 0.000000000000000000e+00 7.941006094257442305e-01 0.000000000000000000e+00 6.885340074369053487e-02 0.000000000000000000e+00 2.115974810795735045e-02 0.000000000000000000e+00 0.000000000000000000e+00 7.488470728114049457e-01 0.000000000000000000e+00 2.126082402787717596e-01 0.000000000000000000e+00 7.945147434240353024e-02 1.000000000000000000e+00 0.000000000000000000e+00 6.927655545344425514e-01 8.918539125477386795e-03 0.000000000000000000e+00 4.801679830934352244e-01 3.440191858473400366e-01 1.640555693417153071e-01 0.000000000000000000e+00 0.000000000000000000e+00 1.280000000000000000e+02 -1.227333333333333343e+01
0.000000000000000000e+00 9.405127241873216803e-01 0.000000000000000000e+00 0.000000000000000000e+00 0.000000000000000000e+00 0.000000000000000000e+00 0.000000000000000000e+00 1.287872248345771700e-02 0.000000000000000000e+00 0.000000000000000000e+00 0.000000000000000000e+00 0.000000000000000000e+00 0.000000000000000000e+00 0.000000000000000000e+00 0.000000000000000000e+00 0.000000000000000000e+00 0.000000000000000000e+00 0.000000000000000000e+00 0.000000000000000000e+00 0.000000000000000000e+00 3.559297266034603530e-02 0.000000000000000000e+00 0.000000000000000000e+00 5.256432736964115060e-01 0.000000000000000000e+00 0.000000000000000000e+00 0.000000000000000000e+00 0.000000000000000000e+00 0.000000000000000000e+00 0.000000000000000000e+00 0.000000000000000000e+00 0.000000000000000000e+00 1.280000000000000000e+02 -9.566666666666666430e+00
0.000000000000000000e+00 0.000000000000000000e+00 0.000000000000000000e+00 2.509992960796060824e-01 0.000000000000000000e+00 9.299350101239595157e-01 0.000000000000000000e+00 0.000000000000000000e+00 7.091001378558913215e-01 6.954755103320092724e-02 0.000000000000000000e+00 0.000000000000000000e+00 0.000000000000000000e+00 0.000000000000000000e+00 2.641544886282346516e-01 0.000000000000000000e+00 0.000000000000000000e+00 0.000000000000000000e+00 0.000000000000000000e+00 1.150442062139181293e-01 0.000000000000000000e+00 8.836979551718794346e-01 0.000000000000000000e+00 3.651488079328797931e-01 0.000000000000000000e+00 9.714723567459154774e-01 0.000000000000000000e+00 0.000000000000000000e+00 1.635059476377957177e-01 7.845516913229857447e-01 0.000000000000000000e+00 4.564032760715215631e-02 1.280000000000000000e+02 -1.539000000000000057e+01
0.000000000000000000e+00 0.000000000000000000e+00 1.189395123281345064e-02 0.000000000000000000e+00 0.000000000000000000e+00 0.000000000000000000e+00 0.000000000000000000e+00 0.000000000000000000e+00 0.000000000000000000e+00 0.000000000000000000e+00 0.000000000000000000e+00 0.000000000000000000e+00 0.000000000000000000e+00 0.000000000000000000e+00 1.862387255788266749e-01 0.000000000000000000e+00 0.000000000000000000e+00 7.878182456144493528e-01 0.000000000000000000e+00 0.000000000000000000e+00 0.000000000000000000e+00 0.000000000000000000e+00 0.000000000000000000e+00 0.000000000000000000e+00 0.000000000000000000e+00 0.000000000000000000e+00 0.000000000000000000e+00 3.630281378940573567e-01 0.000000000000000000e+00 6.480990965723786301e-01 0.000000000000000000e+00 0.000000000000000000e+00 1.280000000000000000e+02 -1.367666666666666764e+01
6.277170948676359385e-01 0.000000000000000000e+00 0.000000000000000000e+00 0.000000000000000000e+00 0.000000000000000000e+00 0.000000000000000000e+00 0.000000000000000000e+00 0.000000000000000000e+00 0.000000000000000000e+00 0.000000000000000000e+00 0.000000000000000000e+00 0.000000000000000000e+00 0.000000000000000000e+00 0.000000000000000000e+00 0.000000000000000000e+00 0.000000000000000000e+00 0.000000000000000000e+00 0.000000000000000000e+00 2.981659804931307001e-01 0.000000000000000000e+00 0.000000000000000000e+00 0.000000000000000000e+00 7.722468015412298735e-03 0.000000000000000000e+00 0.000000000000000000e+00 0.000000000000000000e+00 0.000000000000000000e+00 0.000000000000000000e+00 0.000000000000000000e+00 5.066070416512957753e-02 0.000000000000000000e+00 0.000000000000000000e+00 1.280000000000000000e+02 -9.943333333333333357e+00
1.125109178735288033e-02 0.000000000000000000e+00 1.000000000000000000e+00 5.438018107366097142e-01 8.890741277975394707e-01 2.985527230652832310e-03 0.000000000000000000e+00 0.000000000000000000e+00 0.000000000000000000e+00 1.125801425922531018e-01 0.000000000000000000e+00 0.000000000000000000e+00 1.398473182323961006e-01 4.716943999565027523e-01 0.000000000000000000e+00 0.000000000000000000e+00 0.000000000000000000e+00 1.000000000000000000e+00 5.590905491455939735e-01 0.000000000000000000e+00 2.138032589704939006e-10 6.394714283010628497e-01 1.395894817892200379e-01 0.000000000000000000e+00 0.000000000000000000e+00 2.042075852977169315e-01 3.523961749695506823e-02 3.059834411209380210e-10 0.000000000000000000e+00 0.000000000000000000e+00 0.000000000000000000e+00 8.913142461502495673e-01 1.280000000000000000e+02 -1.100666666666666771e+01
0.000000000000000000e+00 0.000000000000000000e+00 8.965155241076205872e-01 9.140310408689835686e-01 0.000000000000000000e+00 0.000000000000000000e+00 9.999902152029066515e-01 1.343717579578217250e-05 4.636419716884344205e-02 0.000000000000000000e+00 4.501096889732434381e-01 3.259052061332498584e-02 9.999005011846915369e-01 5.107244399432045722e-05 0.000000000000000000e+00 0.000000000000000000e+00 0.000000000000000000e+00 9.141809976291429551e-01 0.000000000000000000e+00 2.240988605258685262e-01 0.000000000000000000e+00 8.289508154389430006e-02 0.000000000000000000e+00 9.999869791735919167e-01 4.915652265374075292e-01 2.480873332322548752e-01 1.462016783333441317e-01 0.000000000000000000e+00 2.035889881412670382e-02 2.345327908442422227e-01 0.000000000000000000e+00 7.760073795225679028e-02 1.280000000000000000e+02 -9.646666666666666501e+00
0.000000000000000000e+00 0.000000000000000000e+00 9.505311314473842421e-02 2.276451456225536962e-01 9.498243299071372769e-01 0.000000000000000000e+00 0.000000000000000000e+00 5.225395438781465368e-02 1.830617850506945714e-05 0.000000000000000000e+00 6.272720633333267459e-01 1.526399358125121383e-02 1.359534502417821533e-01 0.000000000000000000e+00 1.000000000000000000e+00 0.000000000000000000e+00 7.468871315633193175e-01 1.515202504387881954e-01 9.430272327169340191e-03 0.000000000000000000e+00 4.855493587435562655e-03 0.000000000000000000e+00 2.278488758446927942e-01 1.000000000000000000e+00 3.757901544777049740e-01 5.965812160413191956e-02 4.487805125914975241e-02 5.878770647904731778e-03 2.521677438604074672e-01 0.000000000000000000e+00 0.000000000000000000e+00 1.031020761136196007e-01 1.280000000000000000e+02 -8.113333333333335062e+00
0.000000000000000000e+00 0.000000000000000000e+00 0.000000000000000000e+00 0.000000000000000000e+00 0.000000000000000000e+00 0.000000000000000000e+00 0.000000000000000000e+00 0.000000000000000000e+00 0.000000000000000000e+00 0.000000000000000000e+00 0.000000000000000000e+00 0.000000000000000000e+00 0.000000000000000000e+00 0.000000000000000000e+00 8.278456580176239091e-04 0.000000000000000000e+00 0.000000000000000000e+00 0.000000000000000000e+00 0.000000000000000000e+00 0.000000000000000000e+00 0.000000000000000000e+00 0.000000000000000000e+00 0.000000000000000000e+00 0.000000000000000000e+00 0.000000000000000000e+00 0.000000000000000000e+00 0.000000000000000000e+00 0.000000000000000000e+00 0.000000000000000000e+00 0.000000000000000000e+00 8.421133466074839369e-01 0.000000000000000000e+00 1.280000000000000000e+02 -1.109333333333333371e+01
3.529255626711150229e-02 1.064836617647128836e-01 4.262471176002851081e-01 1.525572165817040107e-04 9.943350206929812973e-02 5.786338619194526522e-01 0.000000000000000000e+00 1.876158218055551732e-02 8.709333897455557860e-01 0.000000000000000000e+00 1.416683975421163507e-03 0.000000000000000000e+00 2.665971693722513428e-02 2.110406514887458174e-01 0.000000000000000000e+00 0.000000000000000000e+00 2.518551218916195711e-01 9.992012332571936772e-01 9.893745999435850091e-01 1.076541269963291782e-02 5.535188373266063242e-06 1.184521133920266311e-01 8.289118577282024170e-01 9.260040092186586635e-01 4.502289074378629241e-01 0.000000000000000000e+00 2.441215685084210663e-01 4.216779858528427183e-01 3.591663882905891114e-01 7.503202691708633632e-01 0.000000000000000000e+00 2.906558794699920339e-06 1.280000000000000000e+02 -1.467333333333333201e+01
0.000000000000000000e+00 3.240409165772187849e-01 3.999824893270985671e-01 9.999827556970497522e-01 0.000000000000000000e+00 0.000000000000000000e+00 0.000000000000000000e+00 7.560423514989348909e-06 0.000000000000000000e+00 0.000000000000000000e+00 7.259372451233119250e-01 6.902635344040784771e-02 2.526942978512071807e-06 5.559854997578718427e-02 1.461125588928465779e-01 5.301389329887392643e-01 6.749513271311411433e-01 7.303147139400458787e-01 8.206105329784815217e-01 5.090118077895089410e-01 3.116639950786815327e-01 2.757951733715128806e-01 6.928804943884251388e-01 7.875741499809937318e-01 9.586530418066167847e-02 6.849434437900795217e-03 2.660399628905873448e-01 8.082378262279493741e-01 1.000000000000000000e+00 2.333661153134273525e-01 0.000000000000000000e+00 3.742348532962515018e-01 1.280000000000000000e+02 -1.217333333333333201e+01
0.000000000000000000e+00 0.000000000000000000e+00 3.190492419879419339e-01 2.181782474227964563e-01 4.677277373468179816e-02 0.000000000000000000e+00 0.000000000000000000e+00 5.243432993825734023e-01 7.300137504651393883e-01 1.690103327740045958e-01 1.000000000000000000e+00 0.000000000000000000e+00 1.874863763274269846e-01 9.118072264345469247e-01 2.327267741956968172e-01 5.252654704446614309e-01 0.000000000000000000e+00 5.771575720276064250e-05 4.807822391799537742e-01 6.927401546725683312e-01 0.000000000000000000e+00 5.986653322161430424e-01 1.381460192680081522e-01 6.727502163337435379e-03 9.999989840302203614e-01 5.275973070392859718e-03 0.000000000000000000e+00 8.018699858022749760e-01 3.827900220469219184e-01 2.522790993077377864e-01 7.644139854242276990e-06 4.099193230431364100e-06 1.280000000000000000e+02 -1.224333333333333407e+01
1.304216485433623840e-01 2.687791116550522497e-02 8.071382861626865690e-01 2.250891358617690963e-01 3.667830985559920504e-08 0.000000000000000000e+00 2.173200429081249277e-12 0.000000000000000000e+00 2.423313204477026972e-01 6.221881353872352989e-07 9.800576364080112457e-01 5.381966716970849607e-01 6.382774956537221600e-01 1.938911901447353056e-08 4.001985004679753632e-05 1.162437234653583285e-01 4.024576393146941412e-03 9.975604233163988255e-01 1.000000000000000000e+00 0.000000000000000000e+00 9.993874720131968870e-01 1.218853648363720477e-08 1.092702493061466218e-01 1.205580864920344480e-04 9.105040432888750201e-01 0.000000000000000000e+00 9.306064767383781522e-02 7.274292769528795353e-06 1.667272169557635075e-01 1.037002894638018417e-02 4.918703146374946156e-02 0.000000000000000000e+00 1.280000000000000000e+02 -1.133999999999999808e+01
1.636764328792778998e-03 3.552389414544313562e-01 3.732528916148454279e-01 8.691498295957806874e-01 9.870822168965969877e-07 9.993734255371038433e-01 9.240296869633147017e-03 1.000000000000000000e+00 5.728349835984711813e-01 9.967964564500071400e-01 6.028672335539906335e-01 1.188128444687557772e-05 4.357149099247868418e-01 3.838763475030755323e-01 1.622651275073093424e-01 7.049558870262241650e-02 9.590372241111703167e-01 2.070032025873310561e-02 9.973052059256031221e-01 5.527865919798334419e-05 4.151559826628085648e-01 6.859476119788937565e-02 7.226365405867124503e-02 9.585469027255655305e-01 7.289299040402532626e-01 2.565219754450781542e-02 6.894640183684257462e-01 3.567793632826413153e-01 4.437823201391947331e-02 9.697406529475510739e-01 5.958567055312482541e-01 3.165916298029748388e-01 1.280000000000000000e+02 -1.281333333333333258e+01
5.743230932281208068e-01 0.000000000000000000e+00 9.417961313074578733e-01 0.000000000000000000e+00 2.171635369341000810e-03 1.487319889556032448e-02 0.000000000000000000e+00 0.000000000000000000e+00 0.000000000000000000e+00 6.253436702248251758e-04 0.000000000000000000e+00 0.000000000000000000e+00 0.000000000000000000e+00 3.437416647306307804e-01 0.000000000000000000e+00 0.000000000000000000e+00 0.000000000000000000e+00 8.201303206852752492e-01 1.000000000000000000e+00 1.329688233371796618e-05 0.000000000000000000e+00 0.000000000000000000e+00 1.491662761885209076e-01 1.483915692428956490e-01 1.570194544646400236e-01 1.000000000000000000e+00 0.000000000000000000e+00 6.886763926247244649e-01 5.932634233967012394e-01 1.527269235994859224e-03 6.092126730890307096e-01 0.000000000000000000e+00 1.280000000000000000e+02 -1.162333333333333307e+01
0.000000000000000000e+00 0.000000000000000000e+00 2.324760906348843081e-01 3.326001870612824707e-01 3.416114833720145239e-01 3.029901557027469550e-01 1.144625178466995765e-03 9.508753918085918189e-01 1.891583046909491306e-01 4.654253739037132720e-04 9.816027625926493361e-01 9.735107512030056753e-01 0.000000000000000000e+00 9.948735829507566741e-01 2.935799511645942883e-01 0.000000000000000000e+00 7.912546371699411552e-01 1.738548056625438196e-02 2.184408749115799783e-02 0.000000000000000000e+00 1.387582164843985215e-02 2.132129702264977666e-01 1.933931352315414697e-04 3.619402505112192525e-01 9.887888365890284970e-01 0.000000000000000000e+00 0.000000000000000000e+00 1.465092225231355849e-01 5.866788559825442118e-01 3.529958194257736687e-02 9.569409263042108135e-03 6.551660274077382162e-01 1.280000000000000000e+02 -1.050999999999999979e+01
2.090090954340945368e-04 1.686847627574956238e-02 9.998812196178501477e-01 1.308185697158786159e-02 0.000000000000000000e+00 9.858716536696479071e-01 6.614508578384804827e-02 4.768692179366400552e-01 4.388211729933934736e-04 9.872144920102738919e-01 9.856333734751205888e-01 9.976194186507417738e-01 0.000000000000000000e+00 7.844487306797568449e-01 1.884175829310786587e-01 4.824743128555750160e-01 9.380182668471781504e-02 4.419106042685498892e-01 9.999884173175529467e-01 5.546328927079687832e-01 1.218472055218855488e-01 6.643952013410306390e-02 1.081493651993891813e-03 7.696170783249586256e-01 4.230224750020626923e-01 7.211198115983949997e-01 0.000000000000000000e+00 1.302049962491366184e-05 7.902195844286064030e-01 7.097079184900756399e-01 5.432517517688056213e-02 8.588473403227242509e-01 1.280000000000000000e+02 -1.222333333333333449e+01
2.988508076875338523e-03 3.490222885939716301e-04 8.550138836077217919e-01 1.706825670909804110e-02 1.741933920908676769e-02 0.000000000000000000e+00 0.000000000000000000e+00 0.000000000000000000e+00 2.342538136590718023e-01 1.275215580947987142e-02 1.000000000000000000e+00 7.547474612351106060e-01 0.000000000000000000e+00 2.237131906180330476e-01 0.000000000000000000e+00 4.526597328437041712e-03 1.270790022319455946e-02 9.081601307473022647e-03 6.300956814572859777e-02 0.000000000000000000e+00 3.735891437663528269e-01 1.472160906962044491e-01 0.000000000000000000e+00 9.809264931643953966e-01 9.808895186982697911e-01 0.000000000000000000e+00 5.230160852343526123e-01 9.937443191932110453e-01 7.428170712468019632e-01 1.000000000000000000e+00 0.000000000000000000e+00 1.000000000000000000e+00 1.280000000000000000e+02 -1.147999999999999865e+01
0.000000000000000000e+00 0.000000000000000000e+00 4.664659775023363708e-02 7.412622477602588411e-01 5.993251139027755414e-02 6.576112357635675032e-01 0.000000000000000000e+00 3.102934713777449893e-02 0.000000000000000000e+00 0.000000000000000000e+00 7.921176749576031018e-01 0.000000000000000000e+00 2.594981040881702006e-01 0.000000000000000000e+00 2.462344403752551869e-02 0.000000000000000000e+00 0.000000000000000000e+00 8.986622958502864522e-01 4.677331184411488429e-01 0.000000000000000000e+00 4.317200625580092099e-01 9.938197841491742679e-01 4.766716056781316047e-01 9.854086898950790152e-01 7.719941892244737147e-01 0.000000000000000000e+00 0.000000000000000000e+00 7.952596186747507012e-01 1.802776261506570162e-03 1.171519345825601938e-01 0.000000000000000000e+00 9.016256866168907980e-01 1.280000000000000000e+02 -1.285333333333333350e+01
1.299055051504876927e-02 0.000000000000000000e+00 4.054932572967442361e-01 0.000000000000000000e+00 4.072330390105315390e-01 7.039780504749300061e-01 0.000000000000000000e+00 8.439992723083560022e-02 5.402311089415388068e-01 9.991589828940027340e-01 9.296704389376363453e-01 9.597887235945658235e-02 1.004926294758531208e-02 8.083281182274864030e-01 0.000000000000000000e+00 2.129802965293770833e-01 4.470079519817585223e-02 0.000000000000000000e+00 9.993828043759896973e-01 0.000000000000000000e+00 0.000000000000000000e+00 3.493584135322459934e-03 7.758877975208429596e-03 5.041437635546455187e-01 1.898503353550609314e-03 4.031094292510032373e-01 9.999918701320571479e-01 1.393876194976082644e-03 9.346414639595182093e-04 2.953571473205951481e-01 0.000000000000000000e+00 5.664317388692206023e-01 1.280000000000000000e+02 -1.213333333333333286e+01
0.000000000000000000e+00 0.000000000000000000e+00 6.011158417647302077e-01 2.212630953546141366e-01 1.007867247947085432e-01 9.142111505866656884e-01 0.000000000000000000e+00 0.000000000000000000e+00 3.091054888079182439e-02 8.775478434786310178e-02 1.000000000000000000e+00 6.275586868459849532e-02 9.502680535400718220e-01 9.311248170053526563e-01 0.000000000000000000e+00 0.000000000000000000e+00 0.000000000000000000e+00 2.844536486601606518e-08 9.473833476001634057e-01 0.000000000000000000e+00 1.425469125583184171e-02 4.166663257395496478e-01 8.846970577973669592e-01 2.628152964045230022e-01 1.899896299982212905e-02 6.878664388917784533e-01 6.122764382800433003e-01 3.432369614709567807e-01 4.462493320642749173e-01 1.000000000000000000e+00 0.000000000000000000e+00 9.982601830576988133e-01 1.280000000000000000e+02 -1.385333333333333172e+01
0.000000000000000000e+00 0.000000000000000000e+00 0.000000000000000000e+00 0.000000000000000000e+00 0.000000000000000000e+00 0.000000000000000000e+00 0.000000000000000000e+00 0.000000000000000000e+00 0.000000000000000000e+00 0.000000000000000000e+00 0.000000000000000000e+00 0.000000000000000000e+00 0.000000000000000000e+00 0.000000000000000000e+00 0.000000000000000000e+00 0.000000000000000000e+00 0.000000000000000000e+00 0.000000000000000000e+00 2.126854903402643562e-03 0.000000000000000000e+00 0.000000000000000000e+00 0.000000000000000000e+00 0.000000000000000000e+00 1.341569059493503691e-01 0.000000000000000000e+00 0.000000000000000000e+00 0.000000000000000000e+00 3.596756139038648908e-02 0.000000000000000000e+00 0.000000000000000000e+00 0.000000000000000000e+00 0.000000000000000000e+00 1.280000000000000000e+02 -7.473333333333333606e+00
0.000000000000000000e+00 9.959004733860769010e-01 0.000000000000000000e+00 9.242651546454383471e-01 0.000000000000000000e+00 9.752974406802854948e-08 0.000000000000000000e+00 0.000000000000000000e+00 5.131831416142455110e-02 9.468652694748631582e-01 1.536298310322410578e-05 9.920179633098084038e-01 3.703680654160510649e-02 4.826852027006759971e-01 2.331845666377356865e-03 9.751606642500312283e-01 6.137359180571686076e-04 2.742157557790334335e-02 4.777562768506741775e-01 1.467711170915756216e-02 1.565469882051002404e-01 1.059173714426501524e-02 4.914435123561918806e-01 4.503590094298329793e-01 0.000000000000000000e+00 7.438457789991008429e-02 0.000000000000000000e+00 3.969265294742533867e-01 3.533094982316641319e-01 7.346104358937385025e-03 0.000000000000000000e+00 6.069726348934967319e-02 1.280000000000000000e+02 -1.391666666666666607e+01
0.000000000000000000e+00 9.999959488309807520e-01 7.710194678843642624e-01 9.500181706416913801e-04 0.000000000000000000e+00 0.000000000000000000e+00 0.000000000000000000e+00 2.756918147633946950e-02 4.825151250614783671e-01 0.000000000000000000e+00 8.978222663455771579e-01 3.048034800810681677e-01 8.836921356829994245e-01 7.853483212163253624e-01 0.000000000000000000e+00 0.000000000000000000e+00 1.677513269664208106e-01 2.595325859033737470e-01 9.998745163845572659e-01 3.850348790397852827e-01 4.685564622356878095e-01 7.984655986528004235e-01 6.229729113287651998e-01 7.187033156249645893e-01 1.837871492253204120e-01 2.473519195240399260e-01 9.766215023869559975e-01 3.039588937038822380e-01 0.000000000000000000e+00 5.232123837600964888e-01 0.000000000000000000e+00 7.841844558892160366e-01 1.280000000000000000e+02 -1.274000000000000021e+01
2.746124969564811003e-01 0.000000000000000000e+00 1.000000000000000000e+00 9.822661923246336357e-01 0.000000000000000000e+00 8.659073764025859710e-01 0.000000000000000000e+00 0.000000000000000000e+00 0.000000000000000000e+00 0.000000000000000000e+00 0.000000000000000000e+00 0.000000000000000000e+00 0.000000000000000000e+00 0.000000000000000000e+00 0.000000000000000000e+00 1.518538942294880567e-01 1.149616565657177597e-01 9.524958460926106207e-01 4.190969578278326280e-01 0.000000000000000000e+00 8.434663545919460215e-02 0.000000000000000000e+00 6.372003589201333806e-01 1.996069686496080575e-01 1.747851981044496184e-01 0.000000000000000000e+00 5.253225178586378163e-01 6.404048312086243477e-01 1.692670215117618232e-03 4.338384372349141788e-02 0.000000000000000000e+00 7.445202033031211863e-01 1.280000000000000000e+02 -1.018999999999999950e+01
1.966594589179138097e-03 6.743345220073249102e-04 6.266445099742796732e-01 7.140102719357610539e-03 9.672766873977667323e-04 8.092012440204021662e-03 9.510848083808753906e-03 1.575599206113498241e-03 2.033336711167510469e-03 8.088720544249805577e-04 1.682457193810826812e-03 9.009227884693160604e-04 1.578340446739529002e-01 6.264879980533749615e-01 2.906435208031354911e-03 5.327050516032993954e-04 5.473078779892240897e-01 8.541474624421587780e-01 4.626786575848638727e-01 5.850911073240705473e-03 3.869490171492850905e-03 1.378571137099948718e-02 8.632652566623555401e-02 6.773006564748470515e-01 5.581942977899267966e-03 5.010764297596337347e-03 2.197104502450756280e-01 4.667333846366528149e-04 5.913104624307496948e-03 5.198836565204978388e-03 1.267242463876439018e-03 7.197352025969927514e-01 1.280000000000000000e+02 -1.000666666666666593e+01
0.000000000000000000e+00 2.438766166324743689e-01 0.000000000000000000e+00 4.374754593826306048e-01 0.000000000000000000e+00 7.959526047436801810e-02 2.739896811271122742e-05 7.239362158824931281e-01 2.712113462777204220e-01 0.000000000000000000e+00 5.919960798759680287e-01 2.965343264256750758e-07 3.768806637635762069e-01 8.109827067771600007e-01 7.842778405998698243e-01 2.735673076947260987e-02 0.000000000000000000e+00 9.891738907964703342e-01 3.024095650349334918e-01 0.000000000000000000e+00 2.401531376383058119e-03 9.537712417435479928e-01 5.773454241901645467e-01 0.000000000000000000e+00 2.977145725697512291e-02 7.307097270953339871e-03 1.513049719577684755e-02 8.471342977032354504e-01 3.752415128992691584e-01 1.825868163801822597e-01 1.387931793380732873e-03 3.526050393717436449e-01 1.280000000000000000e+02 -1.130333333333333456e+01
1.034018466424464765e-06 0.000000000000000000e+00 7.169937664717209724e-01 2.710837449022519552e-01 1.038472762210062086e-02 0.000000000000000000e+00 9.123084054862328277e-03 4.355903706210234361e-05 1.097387612629553005e-01 4.569797411824458387e-05 7.394244170454782328e-01 4.059279806175696281e-01 1.313904870769999622e-02 5.745004187782729588e-01 2.951149555115946121e-01 5.915027953615178968e-02 0.000000000000000000e+00 4.952857137371436402e-01 5.296163384326793479e-04 0.000000000000000000e+00 6.081585598643240304e-02 1.000000000000000000e+00 8.832867944006554950e-01 6.934583124735211879e-01 8.537291128491173442e-01 1.642600258573250552e-06 0.000000000000000000e+00 7.265667637047370326e-04 9.970398105492758178e-01 7.067151433611175149e-01 0.000000000000000000e+00 4.371693765574358181e-01 1.280000000000000000e+02 -1.466666666666666607e+01
0.000000000000000000e+00 0.000000000000000000e+00 1.000000000000000000e+00 5.084368481842591603e-01 0.000000000000000000e+00 6.861896868325043086e-03 0.000000000000000000e+00 0.000000000000000000e+00 2.384179943037433302e-01 6.812354838313550154e-01 1.000000000000000000e+00 1.000000000000000000e+00 0.000000000000000000e+00 3.875374207304034813e-01 0.000000000000000000e+00 0.000000000000000000e+00 7.799451822704310811e-01 1.812858506179854390e-01 1.384198967167241945e-01 1.000000000000000000e+00 3.783649281520798223e-05 9.872073132747929414e-01 1.000000000000000000e+00 9.610210167599347875e-01 0.000000000000000000e+00 3.954342048274150229e-02 1.000000000000000000e+00 1.218962662447167777e-01 0.000000000000000000e+00 3.436560327586056784e-01 0.000000000000000000e+00 0.000000000000000000e+00 1.280000000000000000e+02 -1.383666666666666778e+01
2.121174773289547233e-01 3.096026344861463331e-01 3.815156400195676700e-01 9.982925400063150656e-01 5.625721940132766274e-01 0.000000000000000000e+00 2.391529831327041944e-01 4.967576529756297932e-01 9.310167787758192315e-01 0.000000000000000000e+00 6.918611024864376180e-01 2.290855713744534403e-04 3.178173420003424510e-01 2.322149384752303022e-02 0.000000000000000000e+00 0.000000000000000000e+00 2.058484967927668927e-02 0.000000000000000000e+00 2.462166156967653813e-02 0.000000000000000000e+00 0.000000000000000000e+00 9.386533355425122904e-01 7.010505993030672345e-01 1.820372341207324995e-01 1.650261016389750410e-02 1.439519032118469384e-02 8.317776177281942518e-01 9.928576784576342417e-04 0.000000000000000000e+00 1.000000000000000000e+00 0.000000000000000000e+00 9.302685771790951685e-01 1.280000000000000000e+02 -1.145000000000000107e+01
0.000000000000000000e+00 1.987994056987661684e-01 2.509636824386347193e-02 4.472636277577080599e-01 2.863232740906117568e-01 1.833030011501005085e-02 0.000000000000000000e+00 3.471515951142599143e-01 8.089267649719114051e-01 0.000000000000000000e+00 9.999936240189301051e-01 1.690062021261387881e-01 3.864487555458402945e-01 9.885830241516911920e-01 0.000000000000000000e+00 1.615333903165167646e-04 9.899515278235715421e-01 4.379946787736517799e-01 1.373116549708429377e-06 2.506639109908766017e-09 3.821800044155730484e-03 8.174206893971840832e-03 6.270155721973186269e-01 9.999299724879155971e-01 9.695476321942627651e-01 0.000000000000000000e+00 1.773908045341646839e-02 1.671999186520496394e-01 8.550624255243730598e-01 7.588029598642407336e-01 0.000000000000000000e+00 6.619151511586657266e-01 1.280000000000000000e+02 -1.251666666666666572e+01
9.999961203421324774e-01 0.000000000000000000e+00 1.802039133453880993e-05 8.407994139120080757e-01 0.000000000000000000e+00 7.393498716407835847e-01 6.751832473091937479e-08 7.347619409298085380e-02 7.702004207449861251e-04 9.868134045516281372e-01 1.000000000000000000e+00 6.233798729011575945e-01 3.020883778501359251e-01 2.890180933477691852e-02 7.475886067643743201e-03 0.000000000000000000e+00 1.923655200913837460e-01 4.615805954411207335e-01 6.954217177980384079e-01 3.689292065374306651e-01 7.766031720314433562e-01 4.050796404544170226e-01 9.287411898471985561e-01 9.353518985124109619e-01 1.000000000000000000e+00 0.000000000000000000e+00 9.075308549619575116e-01 1.020728059420153899e-04 1.448684639829918297e-01 5.112999049132030960e-01 3.253528482811703787e-02 6.208691649066524175e-03 1.280000000000000000e+02 -1.109999999999999964e+01
0.000000000000000000e+00 0.000000000000000000e+00 2.577952765362319029e-02 8.712908919755589510e-03 8.183355789930334481e-03 3.352185813247728075e-02 0.000000000000000000e+00 1.057846622780618564e-06 7.594400517362399905e-02 8.861303523576807839e-02 0.000000000000000000e+00 0.000000000000000000e+00 5.875062411040625765e-01 7.549733192630311285e-01 3.607022892884643173e-01 0.000000000000000000e+00 3.848589589391623639e-04 1.735295371509506038e-02 6.368837666960737165e-01 0.000000000000000000e+00 1.799503381164206661e-01 9.225807664153770071e-01 1.096273696412825016e-01 9.819730030804227905e-01 5.161470669639293130e-01 5.377184642104785271e-03 4.554258763572085478e-01 0.000000000000000000e+00 5.559153276151520551e-01 0.000000000000000000e+00 6.343342542549383969e-03 8.895342722340058295e-01 1.280000000000000000e+02 -7.769999999999999574e+00
0.000000000000000000e+00 0.000000000000000000e+00 6.265133901355205738e-03 0.000000000000000000e+00 0.000000000000000000e+00 0.000000000000000000e+00 0.000000000000000000e+00 0.000000000000000000e+00 9.065928228424686708e-01 0.000000000000000000e+00 0.000000000000000000e+00 0.000000000000000000e+00 0.000000000000000000e+00 0.000000000000000000e+00 0.000000000000000000e+00 0.000000000000000000e+00 0.000000000000000000e+00 5.933222925630398104e-01 0.000000000000000000e+00 0.000000000000000000e+00 6.377725171573705651e-03 6.770345271171719359e-01 9.999999613288481637e-01 0.000000000000000000e+00 0.000000000000000000e+00 0.000000000000000000e+00 0.000000000000000000e+00 3.183716546243863244e-01 0.000000000000000000e+00 0.000000000000000000e+00 0.000000000000000000e+00 3.283639713872944510e-01 1.280000000000000000e+02 -1.289333333333333265e+01
0.000000000000000000e+00 1.988112935975305806e-02 7.216333547338850960e-05 2.602656410965120681e-02 0.000000000000000000e+00 2.453623005640426583e-02 0.000000000000000000e+00 8.087313039808145809e-02 5.638339696240049492e-02 0.000000000000000000e+00 1.339041909291166232e-01 0.000000000000000000e+00 9.770708296658821013e-01 6.123164030970552618e-01 3.883713144681095672e-03 0.000000000000000000e+00 8.633374803014133569e-03 0.000000000000000000e+00 0.000000000000000000e+00 9.910571006855944942e-01 9.999977371930653947e-01 3.211749681516661015e-02 3.069561011362711977e-02 6.565167968165079859e-01 4.799748442570994883e-04 0.000000000000000000e+00 1.000000000000000000e+00 9.439339564167753549e-01 5.213427821165432796e-01 7.935070496093098169e-02 2.360829672620605724e-01 9.999999401787328379e-01 1.280000000000000000e+02 -1.193666666666666742e+01
1.000000000000000000e+00 7.006509033295406086e-01 9.161818211247142740e-02 0.000000000000000000e+00 3.216956133464187600e-03 8.089542804384671770e-01 0.000000000000000000e+00 4.265684225030677568e-02 1.482523624909748428e-03 8.437860961714507835e-02 1.000000000000000000e+00 6.578280917506507119e-01 1.757435466060725394e-04 3.158620826211584742e-02 0.000000000000000000e+00 7.731556459197425104e-06 0.000000000000000000e+00 4.629844742947483716e-01 3.807380388655066672e-01 5.987726742767103261e-01 4.349053122789563880e-02 3.657869202331117120e-01 6.439013727599929293e-01 1.000000000000000000e+00 2.659981326920949773e-07 2.100130895218150773e-01 4.245120938625191880e-05 5.634997811415962676e-01 8.639621242101099691e-03 9.750210955735081342e-01 1.453584083092051837e-01 4.209499540969999787e-01 1.280000000000000000e+02 -1.132000000000000028e+01
0.000000000000000000e+00 0.000000000000000000e+00 0.000000000000000000e+00 9.658565126986163804e-03 0.000000000000000000e+00 8.201314335949395629e-01 0.000000000000000000e+00 3.542003287316999871e-02 6.368145660063333387e-03 0.000000000000000000e+00 6.583056137725544765e-01 0.000000000000000000e+00 9.001037080396156673e-03 0.000000000000000000e+00 0.000000000000000000e+00 1.782951481849242865e-03 4.519985884798743969e-01 0.000000000000000000e+00 0.000000000000000000e+00 7.911740143970193984e-01 0.000000000000000000e+00 4.009854690836102686e-01 2.082912840798670576e-02 9.980144704562843305e-01 7.188416826648675872e-01 7.724696874158443194e-01 2.064624142342429657e-03 9.930931139274384867e-01 9.127382995090216333e-02 7.426079307209385028e-02 0.000000000000000000e+00 8.097562565188437533e-01 1.280000000000000000e+02 -6.789999999999999147e+00
0.000000000000000000e+00 0.000000000000000000e+00 1.820241485789922051e-02 0.000000000000000000e+00 0.000000000000000000e+00 0.000000000000000000e+00 1.489568845677982645e-01 0.000000000000000000e+00 0.000000000000000000e+00 1.232365059455714229e-01 8.436051928139081113e-01 5.405044946971013786e-01 3.387266038949403590e-01 1.688976722715382350e-02 0.000000000000000000e+00 0.000000000000000000e+00 2.675022143891147772e-02 4.886489467034670076e-02 6.464647328309641727e-01 4.663780641333150875e-07 0.000000000000000000e+00 7.504987771864148893e-01 9.293882044136453358e-01 6.915634159532600966e-01 3.453582807400499069e-03 6.117171811939943337e-07 0.000000000000000000e+00 0.000000000000000000e+00 0.000000000000000000e+00 0.000000000000000000e+00 0.000000000000000000e+00 6.404520044986425908e-01 1.280000000000000000e+02 -1.360333333333333350e+01
4.311806322218908298e-03 0.000000000000000000e+00 1.000000000000000000e+00 1.925526868389141894e-04 0.000000000000000000e+00 5.328101454114217983e-01 0.000000000000000000e+00 6.735603698584974319e-01 2.440365525831590943e-01 8.745267719050666688e-01 1.273427521176094257e-01 3.888051145032724309e-01 0.000000000000000000e+00 5.406729464072187463e-01 1.248983096125278781e-02 0.000000000000000000e+00 4.459514862867006157e-01 3.810287508549570212e-01 0.000000000000000000e+00 2.125805679234345769e-01 0.000000000000000000e+00 5.568353143050950305e-01 3.999382986024784814e-01 7.779719089350755068e-01 0.000000000000000000e+00 6.223239933429969284e-02 5.247310503738036348e-03 6.165372687651722305e-01 3.154983819593147887e-01 2.567814859684128975e-04 0.000000000000000000e+00 4.794924224463690404e-02 1.280000000000000000e+02 -1.274333333333333229e+01
0.000000000000000000e+00 0.000000000000000000e+00 8.542764868304990600e-01 0.000000000000000000e+00 0.000000000000000000e+00 1.208143608540661468e-01 0.000000000000000000e+00 5.052423289567112841e-01 2.374047813136692664e-01 3.419468171851241522e-01 4.211832347985989267e-01 1.508870720526453435e-01 8.160281582331534445e-01 1.000000000000000000e+00 0.000000000000000000e+00 1.022088926392720892e-01 4.866122644970232586e-02 7.001613983578915124e-02 7.012233848425286631e-01 5.426019818206658648e-09 2.141857617378976897e-01 6.170588147002716711e-02 2.353694109058831196e-01 8.889279154933801830e-02 0.000000000000000000e+00 0.000000000000000000e+00 0.000000000000000000e+00 1.021647123274475009e-02 2.715593481186386396e-02 2.333050767022667657e-02 0.000000000000000000e+00 5.974181247357964741e-01 1.280000000000000000e+02 -1.174000000000000021e+01
2.522906437402935298e-01 0.000000000000000000e+00 8.022983350429184757e-01 6.764330448185714717e-01 5.540328430962932601e-06 4.147966434001141428e-02 0.000000000000000000e+00 5.720972933556785212e-02 6.372473737668333873e-06 7.182514368473164046e-01 7.072421170620954989e-01 4.563479324741331195e-02 3.096165895136838708e-01 7.797641955849405893e-01 2.045638401269310458e-02 0.000000000000000000e+00 6.454643601008822618e-01 2.194187463587919315e-02 1.000000000000000000e+00 5.769013596561547441e-01 2.964947386605898960e-01 1.546248415359463904e-02 0.000000000000000000e+00 9.707321310018913740e-01 6.473478083693096075e-01 7.492030769321062367e-04 1.729204727752922319e-02 1.933047397788315580e-01 5.671801435416915504e-01 3.650777849846606471e-01 0.000000000000000000e+00 4.722222044786242301e-01 1.280000000000000000e+02 -1.317999999999999972e+01
0.000000000000000000e+00 0.000000000000000000e+00 9.999094475127198178e-01 0.000000000000000000e+00 9.944760900114972546e-02 1.718770092021540963e-01 0.000000000000000000e+00 8.995200255235528963e-02 1.000000000000000000e+00 1.016853127269375101e-02 9.791198259071134391e-01 0.000000000000000000e+00 1.276270120566529997e-01 6.505895524095384186e-02 0.000000000000000000e+00 0.000000000000000000e+00 7.214803145731490952e-02 6.491667088366278593e-01 4.732793728706571335e-01 0.000000000000000000e+00 4.105063922623650857e-02 5.108424040668471111e-01 6.602803087579799390e-01 8.779893653970797240e-01 9.374067351810764226e-01 3.525910008883120783e-01 0.000000000000000000e+00 0.000000000000000000e+00 7.337378392237441371e-01 8.915307816572972666e-01 0.000000000000000000e+00 8.614612693237131413e-01 1.280000000000000000e+02 -1.200666666666666593e+01
3.833413343563182168e-02 0.000000000000000000e+00 3.352442901021263771e-02 8.412662916401031366e-01 0.000000000000000000e+00 3.654220886208654068e-02 0.000000000000000000e+00 0.000000000000000000e+00 0.000000000000000000e+00 8.884988390327850372e-01 9.609372307070080943e-01 0.000000000000000000e+00 0.000000000000000000e+00 2.799461114361058156e-01 0.000000000000000000e+00 0.000000000000000000e+00 6.560107444362231477e-02 6.380021389948865584e-01 1.000000000000000000e+00 0.000000000000000000e+00 2.046452498252576413e-01 0.000000000000000000e+00 1.801605339281050941e-05 4.387005944867717333e-01 0.000000000000000000e+00 8.826355251617690190e-01 0.000000000000000000e+00 7.508319411706348978e-01 4.386535853270193686e-01 9.993144628200287816e-01 0.000000000000000000e+00 3.063858509034415034e-01 1.280000000000000000e+02 -1.529666666666666686e+01
1.619236957881585726e-01 1.109344119317432278e-02 1.895220502610257263e-01 3.101711244303756443e-01 7.460710310262486100e-02 0.000000000000000000e+00 6.093463473180212725e-02 1.542557889195491283e-03 1.637863652892781186e-01 5.076505601312030214e-01 6.634666578831123207e-01 1.000000000000000000e+00 4.141169770274281681e-01 2.626352035199752341e-02 0.000000000000000000e+00 5.004508744545767968e-02 1.974591613463193285e-01 5.138475557564565754e-01 1.000000000000000000e+00 4.764682299606597463e-05 7.753297931470633231e-02 2.383642255790185405e-01 9.998532572740237434e-01 1.193417581559459845e-01 6.633607848473827007e-02 7.050887901009323944e-01 1.000729060449620650e-01 9.293332526952864381e-01 9.407216900718000652e-01 5.820996587152812429e-01 0.000000000000000000e+00 2.761362897307397674e-02 1.280000000000000000e+02 -1.287333333333333307e+01
7.302736315838102888e-08 0.000000000000000000e+00 8.466286703122257729e-01 0.000000000000000000e+00 1.757841538092852762e-01 3.742445294038324044e-01 0.000000000000000000e+00 4.356243329416432247e-02 4.871373725553104772e-02 5.153704851181239305e-02 5.045043134792558392e-01 0.000000000000000000e+00 6.811732978641980019e-01 5.269345012018212815e-01 4.076246045961309577e-04 2.428618961525488146e-02 0.000000000000000000e+00 5.615866172297705357e-04 8.411599364836417347e-01 3.381365438046481375e-01 0.000000000000000000e+00 2.091217132387274569e-04 8.604292718823146613e-01 5.461075042720322514e-01 9.948668457256463205e-01 4.860995026708098687e-01 0.000000000000000000e+00 3.808785133291517910e-01 0.000000000000000000e+00 4.832081708341313120e-01 0.000000000000000000e+00 0.000000000000000000e+00 1.280000000000000000e+02 -1.314000000000000057e+01
0.000000000000000000e+00 0.000000000000000000e+00 2.365749342913224806e-01 5.749890444299297562e-03 0.000000000000000000e+00 0.000000000000000000e+00 0.000000000000000000e+00 7.019938999833781335e-01 0.000000000000000000e+00 0.000000000000000000e+00 2.037399307740811114e-02 4.604321651495720258e-01 0.000000000000000000e+00 3.682742043984274516e-01 0.000000000000000000e+00 0.000000000000000000e+00 0.000000000000000000e+00 0.000000000000000000e+00 5.591999696639043949e-01 2.449829834259315553e-01 0.000000000000000000e+00 9.999999775013554970e-01 4.862259662489450407e-01 1.000000000000000000e+00 3.985763850221127336e-01 0.000000000000000000e+00 0.000000000000000000e+00 9.795404040552742053e-01 0.000000000000000000e+00 6.252925592570151014e-01 0.000000000000000000e+00 8.093338481981954269e-01 1.280000000000000000e+02 -1.416999999999999993e+01
2.736805443601633865e-03 0.000000000000000000e+00 2.832690019267040116e-01 1.984158737362897162e-01 0.000000000000000000e+00 1.000000000000000000e+00 0.000000000000000000e+00 9.999997039606292049e-01 1.396575319419585473e-02 2.661207549299196562e-01 8.438266727135832479e-01 6.623009975931232196e-01 3.583637728019829494e-01 9.449009951356086567e-01 5.206492614159965279e-06 0.000000000000000000e+00 6.868266804495655187e-01 1.302955045385489118e-05 7.809786443751610685e-01 6.611754077179877731e-01 1.363735559467322001e-01 5.587802890645610782e-02 7.393431987423062512e-01 6.540668736222954305e-01 1.293096791031276838e-01 4.963678286880280344e-01 7.333715339621147411e-01 0.000000000000000000e+00 8.199959657417119629e-01 6.603291903682856345e-01 2.291058942689137432e-08 6.195148040320439531e-01 1.280000000000000000e+02 -1.532666666666666799e+01
0.000000000000000000e+00 0.000000000000000000e+00 7.056597019692451012e-01 3.980692034794350298e-01 1.000000000000000000e+00 3.343896707911768462e-02 0.000000000000000000e+00 0.000000000000000000e+00 7.629282259806906552e-01 5.217171400313656004e-01 2.190208623707677604e-01 0.000000000000000000e+00 0.000000000000000000e+00 6.228371345047488683e-01 0.000000000000000000e+00 0.000000000000000000e+00 1.318100222416169476e-01 9.424371314568009972e-02 1.000000000000000000e+00 0.000000000000000000e+00 4.554787162356762620e-01 0.000000000000000000e+00 9.404259616765238139e-01 9.489708727400393284e-01 2.995755811609246183e-04 0.000000000000000000e+00 3.501630760513734231e-01 0.000000000000000000e+00 0.000000000000000000e+00 9.830001510107929663e-01 2.796286132454882389e-02 1.906511664991565949e-02 1.280000000000000000e+02 -1.282666666666666799e+01
0.000000000000000000e+00 1.831183890888689325e-02 9.628185752535795006e-01 1.584140491492330369e-02 0.000000000000000000e+00 1.190931136195161749e-01 0.000000000000000000e+00 0.000000000000000000e+00 1.622522662383374670e-01 2.049203161598332490e-01 5.525916646189962117e-02 2.416726288637570613e-04 0.000000000000000000e+00 9.967139626917181916e-01 0.000000000000000000e+00 0.000000000000000000e+00 1.145613901644543381e-01 9.944749446084802935e-01 0.000000000000000000e+00 0.000000000000000000e+00 2.198514460670414946e-03 7.991518501189289747e-01 1.492599085524431712e-01 0.000000000000000000e+00 0.000000000000000000e+00 0.000000000000000000e+00 9.671286081072425489e-01 0.000000000000000000e+00 1.124550126266175981e-01 1.000000000000000000e+00 0.000000000000000000e+00 0.000000000000000000e+00 1.280000000000000000e+02 -1.361666666666666714e+01
0.000000000000000000e+00 0.000000000000000000e+00 7.294386792842644240e-01 9.994222291068161068e-02 0.000000000000000000e+00 1.957942564493180340e-02 0.000000000000000000e+00 0.000000000000000000e+00 4.505930619642980334e-02 2.703249269694077972e-05 1.623516037101710441e-02 3.652188474833053877e-05 1.142475833187632251e-05 1.000000000000000000e+00 7.194375180151576510e-01 3.874442874844039736e-02 3.859107113650064869e-01 1.713706009340636716e-01 4.537207008979118328e-01 6.726900611335859259e-02 0.000000000000000000e+00 9.524926902694599319e-05 0.000000000000000000e+00 1.000000000000000000e+00 0.000000000000000000e+00 1.108093208876015506e-01 7.516477993257723034e-01 5.305076272844581996e-07 5.174784403984048452e-03 9.998872409811123685e-01 0.000000000000000000e+00 1.767497835217830549e-01 1.280000000000000000e+02 -1.334666666666666579e+01
3.027714151623562763e-02 1.404264189370913463e-01 7.635092369877717333e-01 8.088159956581243426e-01 3.466643045516431543e-01 2.439433396079888627e-01 1.527332854259642103e-07 1.309182898120860306e-01 1.465137894417386171e-08 2.821673597114963683e-01 8.087006325643498750e-01 6.037147646238046894e-01 2.450882983797894859e-04 9.999974153519333164e-01 0.000000000000000000e+00 1.452801088470119170e-02 1.315037228276822734e-01 1.000000000000000000e+00 1.000000000000000000e+00 1.528085261264019445e-01 7.277845466515547868e-02 5.967935005464575227e-01 5.937557146585095008e-02 7.450578435435029068e-01 8.478078140557995246e-01 1.360067925289912549e-01 3.813564053011483379e-01 0.000000000000000000e+00 4.974657308684875545e-01 3.349189110675918069e-01 0.000000000000000000e+00 0.000000000000000000e+00 1.280000000000000000e+02 -1.403333333333333144e+01
2.397005258586615978e-02 0.000000000000000000e+00 1.000000000000000000e+00 0.000000000000000000e+00 5.367947786115786915e-04 9.488989622736913043e-01 0.000000000000000000e+00 5.774871915020736157e-01 7.284927578525004499e-01 7.500367721440774627e-02 1.000000000000000000e+00 9.999886921984743049e-01 2.062709435856154572e-01 5.913097793648267597e-01 2.066723129487752497e-01 5.709053691728891433e-01 2.798163929848375142e-01 5.245516504048246542e-01 1.000000000000000000e+00 5.383087034534161930e-01 9.846556917894097039e-01 9.976610689085578798e-01 1.453780615295057366e-04 2.685298558560245685e-01 9.271467228998546695e-01 7.519501042368837984e-01 2.454095467391322616e-01 0.000000000000000000e+00 1.000000000000000000e+00 7.524834361261412141e-01 0.000000000000000000e+00 7.795601390674247178e-01 1.280000000000000000e+02 -1.346333333333333293e+01
0.000000000000000000e+00 8.356599027793472079e-01 6.354037222122557171e-01 0.000000000000000000e+00 9.490710479367253649e-02 0.000000000000000000e+00 0.000000000000000000e+00 0.000000000000000000e+00 9.993800427426814403e-01 2.696647292595686111e-04 8.512561940293748020e-01 6.378667984919783596e-01 1.000000000000000000e+00 7.154118134907770932e-01 0.000000000000000000e+00 0.000000000000000000e+00 0.000000000000000000e+00 2.229943399689997697e-04 0.000000000000000000e+00 2.607347446908512674e-06 2.498420118717497532e-03 5.169536875008901022e-01 0.000000000000000000e+00 0.000000000000000000e+00 5.414931161234850521e-01 5.439731975175254863e-01 3.625366197973451943e-01 1.000000000000000000e+00 0.000000000000000000e+00 0.000000000000000000e+00 0.000000000000000000e+00 3.454783165796534300e-02 1.280000000000000000e+02 -1.014333333333333442e+01
0.000000000000000000e+00 4.739717782864839857e-04 0.000000000000000000e+00 0.000000000000000000e+00 0.000000000000000000e+00 1.621432034550564505e-01 7.694972419498372356e-05 0.000000000000000000e+00 0.000000000000000000e+00 1.654686256150526239e-04 7.781015391730368158e-01 7.657753120222524634e-01 4.533046444725005730e-02 3.170631303621698760e-01 3.834547979662948636e-02 9.167131543561083395e-01 1.006837940363574102e-01 1.000000000000000000e+00 5.675061515456961136e-02 4.157825759851044856e-01 0.000000000000000000e+00 0.000000000000000000e+00 8.924916121743602382e-01 3.679020257039528619e-01 3.570897407622404818e-01 3.499095385844067790e-02 8.035861457230459859e-01 0.000000000000000000e+00 0.000000000000000000e+00 8.673093885773071055e-01 3.277403195341940426e-05 1.777557136508487734e-01 1.280000000000000000e+02 -1.286000000000000121e+01
8.953304440413982123e-15 0.000000000000000000e+00 1.906716308100792068e-01 1.985727483266099973e-05 3.379274660466416458e-05 9.846052956796408351e-01 0.000000000000000000e+00 1.627910779081196413e-01 2.681013935862963105e-01 0.000000000000000000e+00 0.000000000000000000e+00 0.000000000000000000e+00 1.495597026521563793e-03 0.000000000000000000e+00 6.433243765964974381e-01 3.686477302578253928e-02 7.744604273371957781e-01 3.258852116660728715e-01 7.001251329187690997e-01 3.151918177778478825e-02 9.007982222042653087e-01 3.786931824517336675e-01 1.000000000000000000e+00 7.998145957028275355e-01 1.000000000000000000e+00 0.000000000000000000e+00 9.859414836565161266e-01 9.688073129676616491e-01 5.361557117771655889e-01 9.781537574902112731e-01 7.067268091042536171e-02 9.999999791662035342e-01 1.280000000000000000e+02 -1.138000000000000078e+01
3.996458403657394687e-01 1.181814187712293268e-01 0.000000000000000000e+00 2.153970516973518351e-02 2.468903038517558657e-01 0.000000000000000000e+00 0.000000000000000000e+00 8.959075675514397430e-01 0.000000000000000000e+00 0.000000000000000000e+00 1.000000000000000000e+00 0.000000000000000000e+00 3.248806842209007312e-03 1.000000000000000000e+00 0.000000000000000000e+00 2.825238648895993590e-02 1.385103369935827555e-01 7.243210076744752701e-01 0.000000000000000000e+00 8.944060779635110148e-01 0.000000000000000000e+00 6.138980622197148795e-01 6.267856555889518222e-06 2.671972405334454570e-01 0.000000000000000000e+00 9.087532645487221561e-02 8.393656746998792023e-03 0.000000000000000000e+00 9.543346123399979453e-01 5.521263172555698207e-01 1.090932369924597911e-02 7.011732100685972302e-01 1.280000000000000000e+02 -1.375000000000000000e+01
0.000000000000000000e+00 0.000000000000000000e+00 0.000000000000000000e+00 3.575967914316419138e-02 0.000000000000000000e+00 2.210278064303552482e-03 0.000000000000000000e+00 1.484486163643780332e-01 0.000000000000000000e+00 0.000000000000000000e+00 7.639048020996840327e-01 0.000000000000000000e+00 0.000000000000000000e+00 5.089279168018674415e-01 0.000000000000000000e+00 9.735173862117855181e-01 1.089453150549671845e-01 5.059478534673200745e-01 1.000000000000000000e+00 0.000000000000000000e+00 4.290909836489174844e-02 5.133106781179400113e-02 3.026676895563297220e-01 8.045657959636210999e-01 1.962327647554899606e-06 0.000000000000000000e+00 1.251169962275304817e-02 1.814844186707998963e-01 1.434707699434984232e-04 4.112838114377098675e-01 0.000000000000000000e+00 0.000000000000000000e+00 1.280000000000000000e+02 -1.518666666666666742e+01
0.000000000000000000e+00 0.000000000000000000e+00 4.727886355839140409e-01 1.495171217116041396e-01 0.000000000000000000e+00 1.486217335173516951e-01 0.000000000000000000e+00 5.291193474173668670e-02 6.388596524132157395e-01 6.556533779007364116e-01 8.766599934265192351e-01 1.174735171098003523e-11 5.513805596018181987e-01 7.345440589096000616e-01 0.000000000000000000e+00 9.880967604556998296e-01 7.833114858360250565e-01 9.750748726070911365e-01 0.000000000000000000e+00 0.000000000000000000e+00 6.357927955953992811e-05 2.546472766322060433e-01 2.762485261664835989e-01 1.632142066125048252e-01 9.916909832317000184e-01 6.103475494601842688e-02 2.154035770456401693e-03 6.423840668647122776e-01 3.156586766383820408e-01 1.000000000000000000e+00 0.000000000000000000e+00 9.458511268352731705e-01 1.280000000000000000e+02 -1.334666666666666579e+01
1.791246250979436642e-05 0.000000000000000000e+00 1.080942892178348227e-03 0.000000000000000000e+00 0.000000000000000000e+00 9.732553455728027991e-01 2.334531507619939915e-06 1.978527444073058944e-02 9.995599142522404446e-01 0.000000000000000000e+00 9.536817006307797273e-01 0.000000000000000000e+00 6.306181705552965991e-03 0.000000000000000000e+00 0.000000000000000000e+00 3.379390222031269930e-02 1.278518400295408308e-07 3.643597421573656070e-01 6.286248351460566042e-01 9.696388387221752669e-01 4.410652591446753146e-01 1.212225265989021611e-01 3.403934578643966757e-01 8.140490058406544271e-01 4.624258235416525697e-02 1.155850058794922613e-01 1.607416173050299837e-02 1.686988968893313179e-02 5.367505432764816883e-03 0.000000000000000000e+00 0.000000000000000000e+00 4.925932198126467543e-01 1.280000000000000000e+02 -1.013666666666666671e+01
0.000000000000000000e+00 1.079848117923499495e-01 3.498184606060505408e-01 0.000000000000000000e+00 9.386486411336343316e-01 2.003135627710700417e-01 0.000000000000000000e+00 4.943669914856214653e-01 3.931034659268090037e-01 0.000000000000000000e+00 6.731841340079086633e-01 7.572938341656824772e-03 4.061214491971414375e-01 9.295701939993347152e-01 1.082287498456346268e-07 7.172012617472227347e-02 9.998055622921563357e-01 8.918497332414455636e-01 9.999997156093557438e-01 3.193181892442253922e-02 2.046914744134204628e-02 2.771972531090015693e-02 6.715335997285579728e-01 0.000000000000000000e+00 0.000000000000000000e+00 9.984115800532985530e-01 0.000000000000000000e+00 0.000000000000000000e+00 9.644273507116248867e-01 2.821753322459025770e-01 5.091861421268154572e-06 4.112399296762265788e-01 1.280000000000000000e+02 -1.338000000000000078e+01
3.318877963680658683e-01 8.988942853456062532e-02 9.375404527053248227e-01 7.815216923315614767e-03 2.578459186011406445e-01 4.856762729775659926e-01 7.042962091903554479e-04 2.725158499896353573e-02 9.912995426670008214e-01 9.431007473886023895e-01 8.554531433688251640e-01 7.085429651517469174e-03 9.974212545411528241e-01 2.954733709875206338e-01 1.589392102353763894e-02 5.236265541220682662e-01 5.284579172991805684e-01 5.389965222067489847e-01 1.105049776058677005e-02 1.465512549923676279e-02 3.307593567243020255e-02 1.440558359771755385e-02 2.122493204529444025e-02 4.514666401400300733e-01 2.027714752593322012e-01 6.351052811662097385e-04 4.277147944040386451e-01 9.277825967778419169e-01 1.586072367182675136e-01 9.902760052917354283e-01 1.485912497928256089e-02 4.970098222821932032e-01 1.280000000000000000e+02 -9.876666666666666927e+00
2.727310766445722318e-02 1.363445718304439058e-01 1.823723160849027858e-02 7.461059667453370792e-02 0.000000000000000000e+00 1.000000000000000000e+00 0.000000000000000000e+00 6.710385041003621431e-01 2.601499738447430321e-01 1.054195791361429253e-03 3.759278561245650296e-01 2.552068014555270437e-01 3.857069769732524023e-01 2.129924349726652910e-04 9.976536880578013022e-01 7.515888342467125227e-01 6.382424881330689415e-01 1.857513795783973798e-01 7.138785960083045001e-01 0.000000000000000000e+00 4.174019453341445388e-04 0.000000000000000000e+00 5.199220683027949708e-01 8.621280518401797099e-01 8.992557204838439455e-01 2.578490862468301326e-03 0.000000000000000000e+00 5.175574232243652650e-01 9.501284459282852701e-01 5.186003270622356887e-01 3.490886969997137636e-03 4.192798564055051913e-01 1.280000000000000000e+02 -1.039333333333333265e+01
0.000000000000000000e+00 5.766067181058326385e-01 2.439086512607391462e-03 2.866813288013395078e-01 0.000000000000000000e+00 4.501636781942533125e-03 0.000000000000000000e+00 7.610367195340912438e-01 2.956267080550728510e-01 5.695677931569644893e-03 1.000000000000000000e+00 0.000000000000000000e+00 3.640873383764074434e-01 2.704860847223700820e-02 0.000000000000000000e+00 0.000000000000000000e+00 9.757176181058175857e-01 1.595563064499227676e-02 9.916593673076374849e-01 3.805830025804515238e-01 1.339678028919476412e-02 3.807100975306075830e-01 0.000000000000000000e+00 6.157005337018199922e-04 3.986186901483108058e-01 4.250436952934477652e-01 9.855011303710389248e-01 7.386815384293778930e-01 2.351960382543164807e-01 9.920872522066404020e-01 6.798824470593699178e-05 9.743467472232161253e-01 1.280000000000000000e+02 -1.353333333333333321e+01
0.000000000000000000e+00 0.000000000000000000e+00 1.000000000000000000e+00 0.000000000000000000e+00 1.290554305570959515e-01 1.032334236945296226e-02 0.000000000000000000e+00 0.000000000000000000e+00 1.981936025405109103e-01 0.000000000000000000e+00 3.525779018203050175e-01 0.000000000000000000e+00 0.000000000000000000e+00 2.987999081779777258e-02 0.000000000000000000e+00 0.000000000000000000e+00 1.000000000000000000e+00 0.000000000000000000e+00 9.726539047626208134e-01 0.000000000000000000e+00 1.902336194489883670e-01 0.000000000000000000e+00 1.172082477232194858e-01 2.835306589280153222e-01 6.657495360172964727e-01 0.000000000000000000e+00 1.163900612394767331e-01 0.000000000000000000e+00 4.454038328632197417e-03 1.000000000000000000e+00 0.000000000000000000e+00 0.000000000000000000e+00 1.280000000000000000e+02 -1.236999999999999922e+01
0.000000000000000000e+00 1.062420639322056264e-02 3.339158851380544246e-02 8.150612542044302078e-01 1.466349314197089304e-01 3.612714919833463767e-02 0.000000000000000000e+00 3.091913425120230808e-08 1.631103118529041033e-03 0.000000000000000000e+00 3.552991775947402231e-01 8.001334689501763547e-03 0.000000000000000000e+00 7.281414395108433413e-02 0.000000000000000000e+00 1.997371188127986530e-01 7.602713090358005459e-03 8.994343547067186195e-01 7.190201022082196580e-01 5.158273391714621875e-02 7.425367421107728072e-01 6.483743978486782022e-02 9.194017202613941064e-01 9.333339097570466647e-01 9.713869785005711452e-03 2.708803128985386132e-08 1.749654998483321233e-01 3.849678598575582283e-02 8.202022713871069959e-01 0.000000000000000000e+00 0.000000000000000000e+00 2.928695863167251126e-02 1.280000000000000000e+02 -1.151666666666666750e+01
5.773839102454535882e-02 0.000000000000000000e+00 5.813723286968235371e-01 3.006935515258215078e-02 1.726717966732137927e-02 0.000000000000000000e+00 0.000000000000000000e+00 3.657716935061865269e-03 6.908602757111227399e-01 0.000000000000000000e+00 7.029156750435406886e-01 6.952304400030357989e-01 0.000000000000000000e+00 4.674732078606270158e-01 3.370428963052667926e-01 0.000000000000000000e+00 4.683986777909136534e-01 4.963280749952400095e-01 7.942768058879017268e-01 1.608674116219467043e-01 1.398683547590946659e-05 7.354875772081623797e-01 6.623325798246008089e-01 6.758644556559048056e-01 6.753097670473762193e-01 1.272605603402363617e-01 5.049608269605126987e-01 6.287861782634805996e-01 5.109716491640806657e-01 6.552998955943136750e-01 7.674412056495387609e-03 3.201801427854064075e-01 1.280000000000000000e+02 -1.592333333333333378e+01
0.000000000000000000e+00 0.000000000000000000e+00 9.999929094039242683e-01 0.000000000000000000e+00 3.405658658069565248e-01 0.000000000000000000e+00 0.000000000000000000e+00 8.981271676505028301e-04 9.911075957537711645e-01 0.000000000000000000e+00 9.968644695457640204e-01 0.000000000000000000e+00 1.882479778317230346e-01 9.863470410023231771e-01 0.000000000000000000e+00 2.534677765606025424e-01 1.000000000000000000e+00 2.120268625980631372e-02 5.093010535336442990e-01 1.422904637597828259e-01 0.000000000000000000e+00 2.525462773602357158e-01 7.411375787122113090e-01 6.438209215060600732e-01 9.909927359662387136e-01 0.000000000000000000e+00 1.317076859454750131e-05 2.333921527097055845e-02 0.000000000000000000e+00 2.318650545459354645e-02 4.564271583205316458e-07 1.459358733213917399e-05 1.280000000000000000e+02 -1.534666666666666934e+01
2.827312529970686938e-01 1.438284093636887917e-03 2.847969521985456165e-01 4.517362755321119305e-02 3.415693009720311979e-01 9.723934865674838113e-01 9.668478553468362602e-03 2.355628278731952685e-02 4.149275491678975358e-01 5.967128023137097115e-02 7.243804729795877417e-01 6.431188012559030387e-02 9.996032235681827638e-01 2.782200254212091051e-01 5.831220538894676952e-03 5.883711606542060268e-01 4.773752435740508671e-01 1.561375977409621418e-01 3.107298545675439283e-01 6.221445985943524493e-01 3.411383057259076423e-04 2.477799031687383247e-02 2.883290498284036274e-01 9.378990949114056619e-01 1.185294887095354466e-01 1.883418958442514834e-01 4.159312611992038722e-03 5.961876869841291615e-01 9.251531421497150021e-02 5.733371925004759895e-01 1.707852059088055263e-02 2.197816817194264694e-01 1.280000000000000000e+02 -7.893333333333333535e+00
0.000000000000000000e+00 0.000000000000000000e+00 1.000000000000000000e+00 0.000000000000000000e+00 0.000000000000000000e+00 7.494383768400810775e-01 0.000000000000000000e+00 0.000000000000000000e+00 0.000000000000000000e+00 0.000000000000000000e+00 0.000000000000000000e+00 2.762270548267448111e-01 1.309377023748519581e-02 0.000000000000000000e+00 0.000000000000000000e+00 0.000000000000000000e+00 0.000000000000000000e+00 0.000000000000000000e+00 0.000000000000000000e+00 0.000000000000000000e+00 0.000000000000000000e+00 4.465924356567824161e-01 0.000000000000000000e+00 1.137487067249848549e-01 7.692540616432985701e-02 0.000000000000000000e+00 0.000000000000000000e+00 0.000000000000000000e+00 0.000000000000000000e+00 4.973211499593020446e-01 0.000000000000000000e+00 0.000000000000000000e+00 1.280000000000000000e+02 -8.223333333333334494e+00
0.000000000000000000e+00 0.000000000000000000e+00 4.032143518135609672e-01 2.985768340895140205e-01 0.000000000000000000e+00 0.000000000000000000e+00 3.506761493757531989e-01 0.000000000000000000e+00 0.000000000000000000e+00 0.000000000000000000e+00 5.873117981172356616e-01 9.521963847676551129e-01 1.164919373386381206e-05 9.998285613493328450e-01 1.772060470201131110e-01 0.000000000000000000e+00 7.157291766509658870e-02 8.627976945182078694e-01 3.046275620884932034e-02 0.000000000000000000e+00 1.846027532925742787e-01 0.000000000000000000e+00 8.469633310848511121e-01 2.017218258101690920e-01 1.000000000000000000e+00 0.000000000000000000e+00 9.356131137765394401e-01 0.000000000000000000e+00 2.621076728040021009e-01 7.203838670318635229e-01 0.000000000000000000e+00 5.250177472242456567e-01 1.280000000000000000e+02 -1.500333333333333208e+01
0.000000000000000000e+00 0.000000000000000000e+00 9.698136785840476360e-06 0.000000000000000000e+00 0.000000000000000000e+00 0.000000000000000000e+00 0.000000000000000000e+00 0.000000000000000000e+00 0.000000000000000000e+00 0.000000000000000000e+00 7.122704880763899848e-02 0.000000000000000000e+00 0.000000000000000000e+00 0.000000000000000000e+00 0.000000000000000000e+00 0.000000000000000000e+00 3.552512414572964738e-01 0.000000000000000000e+00 0.000000000000000000e+00 1.311085200055867039e-01 5.437042574876451706e-01 0.000000000000000000e+00 1.545692203434755885e-01 0.000000000000000000e+00 1.925804767771759074e-02 0.000000000000000000e+00 1.000000000000000000e+00 8.409262978363820640e-01 0.000000000000000000e+00 5.160274902956332753e-08 0.000000000000000000e+00 0.000000000000000000e+00 1.280000000000000000e+02 -8.553333333333334565e+00
3.334562146434592725e-07 2.419579269971978419e-01 6.187287501368353704e-01 9.188912531959132490e-01 9.826207204990348165e-01 5.406909604608348824e-02 0.000000000000000000e+00 0.000000000000000000e+00 4.784377216443327918e-01 0.000000000000000000e+00 5.394755306519603000e-01 9.996413345457141331e-01 4.589971695973007722e-04 3.736833164077952435e-02 2.435017092751130818e-02 4.960666405226456938e-02 0.000000000000000000e+00 0.000000000000000000e+00 3.823816191534682440e-01 3.941635985635999484e-01 3.211963163988499348e-01 5.843298579605703535e-01 0.000000000000000000e+00 2.987385720681651757e-01 1.842087186424708478e-01 0.000000000000000000e+00 7.785292020516386413e-02 0.000000000000000000e+00 9.630896110849894720e-01 0.000000000000000000e+00 0.000000000000000000e+00 5.874907694046366258e-01 1.280000000000000000e+02 -1.143666666666666742e+01
2.580594970667205446e-01 0.000000000000000000e+00 5.006224678872068790e-01 2.184716999229016632e-01 0.000000000000000000e+00 3.022950717018288991e-01 0.000000000000000000e+00 0.000000000000000000e+00 1.447739732267182000e-01 0.000000000000000000e+00 1.000000000000000000e+00 9.889739055412247737e-01 5.932934315143290971e-04 1.000000000000000000e+00 0.000000000000000000e+00 0.000000000000000000e+00 6.688941590979737839e-01 1.885749524979732639e-01 3.642243009238089191e-01 0.000000000000000000e+00 1.435725985406838484e-03 4.060079498002099885e-01 0.000000000000000000e+00 1.979260611588850791e-03 5.146072677795502370e-01 1.632838517823096969e-01 1.948047646723201701e-02 1.000000000000000000e+00 9.581701157889423170e-02 9.278616168167999056e-01 0.000000000000000000e+00 9.998984569500556363e-01 1.280000000000000000e+02 -1.388000000000000078e+01
6.923754832917708809e-09 7.899699005799972751e-01 1.482567933982698039e-01 0.000000000000000000e+00 1.685491135450956426e-02 1.199122318913476738e-02 0.000000000000000000e+00 0.000000000000000000e+00 0.000000000000000000e+00 6.073229123616463720e-01 7.892341457598326393e-01 1.871902330920989770e-03 7.420663901541636465e-01 6.356374538842483046e-01 0.000000000000000000e+00 0.000000000000000000e+00 0.000000000000000000e+00 9.563498173592699381e-01 4.783280647985526102e-01 0.000000000000000000e+00 0.000000000000000000e+00 8.655984402909915332e-01 4.901501104262274700e-01 2.595779377098082485e-01 9.446143998706847400e-01 6.655199413972431866e-02 2.324478924250864553e-01 4.417289866472197679e-01 4.841317546022141927e-01 3.003270629284084392e-01 1.805138073378388941e-01 7.208578515606443027e-01 1.280000000000000000e+02 -1.188666666666666494e+01
0.000000000000000000e+00 2.638582661451470135e-01 0.000000000000000000e+00 9.571699915079356913e-01 0.000000000000000000e+00 7.438614921715608341e-01 0.000000000000000000e+00 5.624053087407203666e-01 1.482962720830055363e-02 2.353738400636829209e-01 4.201919650338855616e-01 6.963675904542344641e-01 0.000000000000000000e+00 3.294217678017516372e-04 7.747075291583569445e-01 2.974650045232478809e-06 6.056880036924537809e-03 3.491558107395328903e-02 8.163949157709514681e-01 0.000000000000000000e+00 0.000000000000000000e+00 3.552956974772797372e-01 0.000000000000000000e+00 9.246107857385965634e-01 8.436839740422780195e-07 3.388523843177156797e-02 4.941272433053800484e-01 0.000000000000000000e+00 8.694036573731782624e-01 7.531124890902155533e-01 1.470263460378250786e-01 1.269846371342179536e-01 1.280000000000000000e+02 -9.846666666666665790e+00
3.259522886722941715e-02 6.679296948554457047e-02 6.501397451653173620e-01 4.429319504016100417e-01 8.551287060649587213e-03 1.371784209426842906e-02 0.000000000000000000e+00 3.752223171407457758e-01 0.000000000000000000e+00 3.543214045644272336e-01 1.000000000000000000e+00 0.000000000000000000e+00 8.830694596143785491e-01 7.352080975823163111e-01 2.757250717359372924e-02 0.000000000000000000e+00 4.140472852908036137e-11 5.571914011486964746e-01 1.000000000000000000e+00 8.623746430214296321e-01 1.550964017832428821e-01 9.999958159550614845e-01 8.952435863408931209e-07 9.912855892390021184e-01 8.712120768183985176e-01 3.901486210529674925e-01 5.916747060269398339e-01 5.767264275340164836e-01 3.366817891274093699e-01 9.669798792411898880e-01 0.000000000000000000e+00 8.491541328489031759e-01 1.280000000000000000e+02 -1.123333333333333428e+01
2.732707703421470829e-03 2.490479217048514882e-03 4.178199717473170538e-01 5.634519646889584177e-01 0.000000000000000000e+00 1.000000000000000000e+00 0.000000000000000000e+00 1.578987689919570989e-05 5.328202051414182572e-01 1.112673450632303135e-02 1.757576024131277549e-04 4.394438180259444549e-01 4.190565630224885596e-01 0.000000000000000000e+00 0.000000000000000000e+00 1.685294303436277412e-06 3.037113205307251373e-01 0.000000000000000000e+00 1.000000000000000000e+00 2.326191538375295409e-02 7.491673101458849737e-02 0.000000000000000000e+00 3.504467207671862483e-01 8.747303191850243076e-01 5.453937123412142540e-01 6.774332307659638097e-04 7.128848832264552682e-01 9.656098022045792595e-01 0.000000000000000000e+00 5.447688493895069817e-01 0.000000000000000000e+00 9.883851242798384895e-01 1.280000000000000000e+02 -1.026333333333333364e+01
5.679956482338661683e-01 8.868691654747051442e-03 0.000000000000000000e+00 3.376190049918902925e-01 0.000000000000000000e+00 1.450872084431410617e-03 0.000000000000000000e+00 3.024968433874936579e-04 8.855772151342757859e-01 9.313793753716906006e-05 9.873336745474026177e-01 4.838142100465816359e-04 1.414555318187873112e-01 9.937701477821949680e-01 0.000000000000000000e+00 7.299719942794932193e-01 3.795006769490398088e-08 0.000000000000000000e+00 5.774209816500728558e-07 6.698096697935296273e-01 0.000000000000000000e+00 0.000000000000000000e+00 9.967385886122753780e-01 6.260021054101957451e-03 0.000000000000000000e+00 0.000000000000000000e+00 0.000000000000000000e+00 1.798435216413149518e-01 5.513093619493671937e-01 8.628627531014784191e-01 0.000000000000000000e+00 0.000000000000000000e+00 1.280000000000000000e+02 -1.493999999999999950e+01
0.000000000000000000e+00 0.000000000000000000e+00 3.465260500055155624e-01 7.173521610627888734e-01 0.000000000000000000e+00 1.758386667222305300e-01 0.000000000000000000e+00 0.000000000000000000e+00 1.317860580160348516e-01 1.254787918969902348e-02 4.821859000621270819e-01 2.947665272607981057e-01 0.000000000000000000e+00 8.908278395032703800e-01 0.000000000000000000e+00 0.000000000000000000e+00 9.982431842371637387e-01 2.556655891904930922e-01 2.909535807004499652e-01 4.956422785114087959e-01 3.519441188402735410e-06 0.000000000000000000e+00 1.000000000000000000e+00 9.999447715689055993e-01 3.971523861201900485e-01 3.893569838452202725e-01 6.486000875532813570e-01 9.999479543977595197e-01 2.464667284981648308e-09 3.703496225965030586e-01 0.000000000000000000e+00 1.231716772949913082e-05 1.280000000000000000e+02 -1.429333333333333478e+01
4.185066448484791590e-01 0.000000000000000000e+00 6.343434046402930009e-05 4.423307612013750445e-01 0.000000000000000000e+00 7.091949241478373578e-02 4.450632053364043917e-05 0.000000000000000000e+00 7.149962524569201117e-01 1.486615072019456252e-01 1.000000000000000000e+00 9.041678943328236295e-01 0.000000000000000000e+00 3.971101276099921473e-01 4.435457192472797017e-01 0.000000000000000000e+00 9.581815882990363242e-01 6.098889603920231162e-01 9.301668817299000303e-01 9.536187974838452597e-01 8.874067923001821210e-05 6.660122440544137545e-02 7.085895565329684842e-02 9.501136954924891409e-01 1.000000000000000000e+00 5.527823371127231766e-01 4.397782890910148512e-01 6.247232451593381919e-01 5.545942823715453024e-02 0.000000000000000000e+00 3.254271124339550569e-01 0.000000000000000000e+00 1.280000000000000000e+02 -1.361333333333333506e+01
9.988892190940132365e-02 5.939088486852852622e-01 2.151112287863259087e-01 0.000000000000000000e+00 0.000000000000000000e+00 1.968049896433502347e-05 0.000000000000000000e+00 2.554180412100465918e-04 9.246717488697971110e-02 6.827323833347442861e-01 7.248468269942670572e-01 2.334114662551311213e-04 0.000000000000000000e+00 4.850501341800606547e-01 0.000000000000000000e+00 4.027528090373592717e-01 7.793563403480789908e-01 1.020073179346255542e-04 6.513594655884968887e-02 9.996133077541923262e-01 1.000000000000000000e+00 1.417874917125274553e-03 9.849951322757606598e-02 8.830198243816672621e-01 0.000000000000000000e+00 5.080554016458285749e-02 4.533714001893461576e-02 4.184760329449976335e-01 5.357385139465632440e-01 3.482997787597708061e-01 1.700342204693000686e-05 8.001393279732058605e-01 1.280000000000000000e+02 -1.024333333333333407e+01
2.155414092242021688e-07 0.000000000000000000e+00 3.590156683773021440e-02 2.958418200132537645e-01 2.056453479551637736e-02 5.926930905569388619e-01 0.000000000000000000e+00 9.614390882229221225e-01 0.000000000000000000e+00 1.056205645022565733e-02 9.742876722803927025e-01 7.578856503160951352e-07 0.000000000000000000e+00 4.405486608942510984e-01 0.000000000000000000e+00 4.767363119150450188e-04 3.711462654262341343e-01 5.071634417697509778e-02 9.999984277973997804e-01 0.000000000000000000e+00 0.000000000000000000e+00 1.216463901096964247e-06 8.317439054466388981e-01 0.000000000000000000e+00 2.712625916009943627e-01 1.660458927426549658e-01 0.000000000000000000e+00 2.374725584583096127e-01 1.085984920236701401e-01 3.860114291952385646e-01 0.000000000000000000e+00 4.346249702123723968e-01 1.280000000000000000e+02 -1.340000000000000036e+01
3.604152315846196886e-01 0.000000000000000000e+00 1.286370293433392320e-01 3.888151717509689687e-01 1.168952976170287567e-01 3.513003164112799633e-04 0.000000000000000000e+00 8.002463106799498349e-02 2.358112745002212407e-02 1.097695913584056807e-03 9.023060635104499516e-01 7.964916098375103282e-01 8.263776039641173021e-01 6.074765329391929080e-04 2.864221159317817922e-08 0.000000000000000000e+00 3.011988574436668120e-01 2.412508309297675124e-01 9.904974910332259297e-01 0.000000000000000000e+00 2.984432323369785346e-03 7.346316802981109895e-01 5.575232473543835499e-03 7.029246894516198996e-01 7.436110850519880300e-01 4.194843007287044068e-01 0.000000000000000000e+00 2.931134252779862316e-04 9.671303915494835479e-01 9.512321843351394524e-01 2.247741394061026077e-01 6.899719302202848015e-01 1.280000000000000000e+02 -1.481999999999999851e+01
8.080178059904967736e-01 1.508552243637062140e-01 5.206709415276483677e-01 0.000000000000000000e+00 8.685196673543988943e-01 6.702304661441654127e-03 0.000000000000000000e+00 3.277075303812752582e-01 2.045929022114737969e-02 2.739820044469993277e-01 6.533008344629559483e-01 6.184117933937549952e-03 3.698260855957878346e-01 8.790701710918991107e-01 1.712786649934911008e-03 1.122900134470312603e-02 1.542110420072190791e-01 1.131454246579253337e-01 9.937815457782032125e-01 7.949299560137803589e-01 1.442853341378710907e-01 3.413533842549245634e-01 7.670932260063364483e-01 9.040929687063004039e-01 9.329174545494799409e-01 1.890973838319612021e-01 7.254070706759906118e-02 2.267660994144490294e-01 5.584853628639938061e-02 8.931741482691875067e-01 0.000000000000000000e+00 1.777843552685753614e-01 1.280000000000000000e+02 -1.130333333333333279e+01
4.386301513154848564e-02 1.035268927886151590e-03 1.136058642865997209e-05 0.000000000000000000e+00 5.466607569154542379e-01 3.543134537858030342e-01 0.000000000000000000e+00 9.407664161865859631e-01 0.000000000000000000e+00 4.268013502348215193e-01 8.289296434402552149e-01 5.374876963218779835e-01 2.532531418704402418e-02 6.390168347083508005e-01 0.000000000000000000e+00 1.739561444809577338e-03 1.253739544878752082e-02 9.977944365857013276e-01 6.686014368460960755e-01 5.359340904433362862e-01 0.000000000000000000e+00 6.688829580507709149e-01 4.054809066927583767e-05 4.716221664696403915e-01 6.333674642647514341e-01 0.000000000000000000e+00 8.420688155183742030e-01 7.434723982675235376e-01 9.999990290085696287e-01 9.973430864190897527e-01 4.518835975936897828e-03 3.102294286325920844e-02 1.280000000000000000e+02 -1.425666666666666593e+01
1.980065974974765941e-01 8.727719331272157377e-03 6.549523899322403642e-01 1.282369851329537465e-02 3.047754805080559182e-01 7.911978477248540198e-01 4.337580211501566863e-03 5.159619710151915895e-01 5.872886404007712224e-01 6.342860055384729433e-03 9.180232813222028998e-01 2.985281262295895188e-01 3.519621079392916841e-03 3.826077030091838971e-01 2.736289449921729955e-01 5.717621959535529319e-02 4.600688749629840146e-02 5.844126361570620709e-01 9.890082595242503105e-01 1.123984676905458308e-01 1.037797795865979221e-02 3.229385326806632410e-04 5.016780020902128490e-01 9.876925738383236508e-01 4.340690315245384068e-01 2.929354978188742353e-01 8.435767308773779449e-01 1.172978059660779310e-01 8.659154868630979385e-01 4.085297867779767444e-01 1.363860007073818036e-03 5.086029887924178317e-01 1.280000000000000000e+02 -1.309666666666666579e+01
6.469558685456452407e-01 0.000000000000000000e+00 4.013058856157593612e-01 4.968012977989474943e-01 0.000000000000000000e+00 5.371432167167603522e-01 0.000000000000000000e+00 6.857329540404012436e-01 1.900971222757812107e-01 5.465435337822339371e-05 6.525624261540337034e-01 0.000000000000000000e+00 7.998268110065945846e-01 9.914541225167744498e-01 0.000000000000000000e+00 0.000000000000000000e+00 3.499413248733703186e-01 6.782412173689653656e-01 9.798949604234670485e-03 9.028345714980918757e-01 0.000000000000000000e+00 2.124515909278178383e-07 7.972354875607828850e-01 3.151767020695673271e-01 6.355426603514455763e-01 0.000000000000000000e+00 7.921853807421609384e-01 4.987151937019463910e-01 1.000000000000000000e+00 7.594833424048537396e-02 0.000000000000000000e+00 6.404289864714385327e-01 1.280000000000000000e+02 -1.103666666666666707e+01
1.281955198434598098e-01 0.000000000000000000e+00 4.776972612424549847e-01 9.337370452417973476e-01 0.000000000000000000e+00 0.000000000000000000e+00 0.000000000000000000e+00 2.014086147596180765e-02 9.960713147847388704e-01 0.000000000000000000e+00 5.562775336666226922e-01 9.735094700387214584e-01 7.976693694855699901e-01 1.000000000000000000e+00 0.000000000000000000e+00 2.607750094066188171e-02 8.896772546133367709e-02 7.201252563656066474e-01 9.727697551489314920e-01 0.000000000000000000e+00 5.626599178104486898e-02 9.261771131507906540e-02 4.528157914668481943e-02 1.000000000000000000e+00 1.237145248609779757e-01 5.061352699750063522e-01 2.334427677842616095e-02 8.521850144268249272e-01 1.360763426678834181e-02 3.600719220394991704e-01 7.519482670095140910e-03 1.000000000000000000e+00 1.280000000000000000e+02 -1.219333333333333336e+01
1.895833228006379642e-02 5.539522261354482557e-01 2.379358765072178607e-03 7.736596053189629396e-01 0.000000000000000000e+00 1.290619464239872449e-01 3.384772530601758578e-03 0.000000000000000000e+00 9.284683893398010388e-09 0.000000000000000000e+00 0.000000000000000000e+00 2.996527671182814103e-04 1.982531058009375999e-02 6.533512891691857227e-01 1.195978762357855496e-01 2.731913786460459133e-03 2.728824813812519290e-01 1.000000000000000000e+00 3.464558692832985787e-01 2.845120752113570184e-01 9.251779170966270560e-03 6.678039467956841113e-01 0.000000000000000000e+00 9.953672527993778774e-01 5.049376892139819661e-01 0.000000000000000000e+00 5.346156889855111817e-03 9.920210646037248559e-01 5.035824391134747779e-01 0.000000000000000000e+00 0.000000000000000000e+00 1.530974164884614519e-01 1.280000000000000000e+02 -1.490333333333333421e+01
0.000000000000000000e+00 0.000000000000000000e+00 6.205292604363504827e-01 1.039216276027443431e-01 0.000000000000000000e+00 4.056902623475517333e-01 0.000000000000000000e+00 5.900046374229244578e-02 8.162313963499785718e-02 1.517368839975259824e-07 8.575736176555437407e-01 0.000000000000000000e+00 5.093579845283071825e-03 1.810783339563419303e-01 2.265956858461171120e-01 0.000000000000000000e+00 0.000000000000000000e+00 5.837335760432974530e-01 9.631470561882503612e-01 4.467192796728384346e-02 0.000000000000000000e+00 2.464286626361400501e-01 2.699840554180169550e-01 3.828810622385406814e-01 6.777126912567235650e-02 0.000000000000000000e+00 2.765540815458230606e-01 0.000000000000000000e+00 7.492251401048066750e-01 8.882721888612925970e-03 0.000000000000000000e+00 5.542452056286003431e-02 1.280000000000000000e+02 -1.062666666666666693e+01
0.000000000000000000e+00 3.578581408801018338e-07 8.467061655951634291e-01 1.160271748374635536e-01 6.805175824142104535e-01 4.311492662294674760e-01 0.000000000000000000e+00 0.000000000000000000e+00 1.457019543802155204e-01 8.556340941246648457e-01 1.000000000000000000e+00 2.240537165221363411e-03 0.000000000000000000e+00 6.025220703171116909e-01 0.000000000000000000e+00 0.000000000000000000e+00 7.487829831923926982e-02 6.828593378982478201e-01 5.325725421883274746e-02 1.321130472884080801e-04 1.264671312940005288e-01 6.945687582746019606e-01 2.480793010675539090e-01 9.999911168690689411e-01 8.085619197226401322e-01 6.158522903601543197e-01 1.484624638692786658e-01 0.000000000000000000e+00 6.874953241888246414e-01 9.987496203426521335e-01 3.554138439789496576e-03 7.787458518518856065e-01 1.280000000000000000e+02 -1.374666666666666437e+01
9.161999639999122147e-01 0.000000000000000000e+00 0.000000000000000000e+00 9.497254910157024721e-01 1.756919299582889449e-01 0.000000000000000000e+00 0.000000000000000000e+00 7.018780328879158092e-02 0.000000000000000000e+00 5.354419777165436711e-01 7.522775946059055696e-02 0.000000000000000000e+00 8.604880661200873249e-01 8.237526914161740210e-01 4.607558099727174228e-02 9.966652450119531381e-02 6.375663698741905472e-02 0.000000000000000000e+00 5.282891215898891657e-01 1.000000000000000000e+00 0.000000000000000000e+00 0.000000000000000000e+00 5.178891692423699400e-01 6.607336974690482256e-02 2.167298312756321069e-03 4.993384171697367591e-01 0.000000000000000000e+00 1.791252879271783283e-01 2.281575415617363989e-01 9.999582587189750349e-01 0.000000000000000000e+00 6.140068743088944458e-01 1.280000000000000000e+02 -1.431333333333333258e+01
0.000000000000000000e+00 8.952422181704731141e-01 9.846741512138630359e-01 0.000000000000000000e+00 1.775758820531648597e-03 1.948946053489144395e-08 0.000000000000000000e+00 0.000000000000000000e+00 3.753906353045664140e-02 9.957754787279703423e-01 5.400321412975548352e-01 5.102909251110708533e-02 6.534926508296328151e-01 1.000000000000000000e+00 7.157171823147442935e-04 3.508075297282658951e-05 9.999999999949916729e-01 7.651708153571902260e-01 4.470081427928529949e-04 5.754363519694621898e-02 2.030808118995190703e-03 2.434561674069513071e-02 2.980917988276014507e-01 3.789786246345693832e-01 4.671702205912399153e-01 2.143700461249181330e-02 0.000000000000000000e+00 3.107175598577162348e-08 1.670875355838931653e-01 8.002235686719176844e-01 1.373796016479352650e-02 0.000000000000000000e+00 1.280000000000000000e+02 -1.121666666666666679e+01
5.185727634473948910e-01 0.000000000000000000e+00 1.000000000000000000e+00 0.000000000000000000e+00 5.858896701116194095e-01 3.903190073929053705e-01 0.000000000000000000e+00 5.768243091276511469e-01 3.129432189729769997e-01 1.785623731625096133e-01 4.730653112354265000e-01 8.766548958963973348e-01 9.046987009130313950e-01 5.748505605408280594e-01 0.000000000000000000e+00 3.594206674003260336e-06 0.000000000000000000e+00 9.999995450216800918e-01 7.777466831053427843e-01 0.000000000000000000e+00 0.000000000000000000e+00 3.265475773469179166e-01 2.389069859738015000e-01 6.823850243905538182e-01 5.056775446037967692e-01 2.619241082527559022e-02 6.897882976218094875e-01 1.000000000000000000e+00 7.462633453500699954e-01 1.535834837972102351e-01 8.063355752372722632e-03 1.928345717178532315e-01 1.280000000000000000e+02 -1.292333333333333201e+01
0.000000000000000000e+00 0.000000000000000000e+00 3.588798642607679001e-01 1.453763481820097390e-04 0.000000000000000000e+00 0.000000000000000000e+00 0.000000000000000000e+00 1.279179990231081878e-07 5.055443409370934510e-06 0.000000000000000000e+00 3.884924484789230581e-01 0.000000000000000000e+00 0.000000000000000000e+00 9.835127335876877597e-01 0.000000000000000000e+00 0.000000000000000000e+00 2.572370412638007031e-01 0.000000000000000000e+00 0.000000000000000000e+00 0.000000000000000000e+00 0.000000000000000000e+00 0.000000000000000000e+00 2.567956851748784761e-08 2.640666153317760001e-01 0.000000000000000000e+00 2.313572497137992429e-02 5.326903422304916924e-02 9.953562422266057919e-01 0.000000000000000000e+00 1.227057133796083388e-02 0.000000000000000000e+00 4.960823277265719033e-02 1.280000000000000000e+02 -1.018999999999999950e+01
3.754044839810972950e-07 2.447033236143348733e-03 9.999939071528322065e-01 8.292384832931392058e-01 0.000000000000000000e+00 3.509431200625546809e-01 0.000000000000000000e+00 0.000000000000000000e+00 4.448624800610176400e-02 2.965302794156487454e-01 2.996577496661683715e-01 2.628928824806634965e-02 0.000000000000000000e+00 4.232845955701645642e-05 5.044021551134103554e-01 0.000000000000000000e+00 6.075170736716241082e-01 8.439968060087104512e-03 5.156522148958165852e-01 5.891372362354354575e-01 1.601276657062511172e-04 9.972358325616578201e-01 0.000000000000000000e+00 7.496406381694920018e-01 9.575137698778040107e-01 3.263278076845962244e-02 6.150241137473160761e-04 0.000000000000000000e+00 3.879868441339189880e-07 8.989331243130679308e-05 0.000000000000000000e+00 1.128392706567418052e-03 1.280000000000000000e+02 -6.836666666666666003e+00
5.379254323337366349e-06 0.000000000000000000e+00 9.391071104402034520e-01 9.594121022191337556e-01 1.830453324289111616e-01 2.357326876857155085e-01 0.000000000000000000e+00 3.636086450621721367e-02 0.000000000000000000e+00 0.000000000000000000e+00 5.644804347522790200e-02 9.348590274548960188e-01 9.894117985451099662e-01 1.000000000000000000e+00 1.549831503788659352e-02 0.000000000000000000e+00 4.301935070863401878e-01 9.525304741544315945e-01 3.201243326488148466e-01 9.349163842526897472e-01 2.136411322188477291e-01 5.195159041599414218e-01 5.713781842620526547e-02 1.000000000000000000e+00 7.894751194349256540e-01 6.248686337496762722e-01 2.703198910781708930e-01 3.549156312964741877e-01 3.127827717271556285e-01 5.263834846452711824e-01 1.000000000000000000e+00 2.916258991906470893e-02 1.280000000000000000e+02 -1.374333333333333407e+01
1.026877063752290381e-03 0.000000000000000000e+00 0.000000000000000000e+00 8.808248694574668525e-01 2.787872739391686339e-01 9.042223647034157430e-02 0.000000000000000000e+00 3.896788701909325026e-01 1.153419132750033160e-01 0.000000000000000000e+00 0.000000000000000000e+00 4.835105375451354548e-01 6.669708350775164395e-07 0.000000000000000000e+00 1.636018276951218542e-01 0.000000000000000000e+00 7.261512543082516702e-01 0.000000000000000000e+00 1.000000000000000000e+00 9.698906242657594490e-01 6.875346619344562260e-01 4.182931368528175486e-01 9.039302943719080830e-01 7.493294465882789357e-01 5.747053120685263750e-01 9.804760987453516128e-04 2.462558456552590147e-01 1.754528259617865824e-05 7.147574522644011275e-01 0.000000000000000000e+00 1.406720144811557704e-07 0.000000000000000000e+00 1.280000000000000000e+02 -1.236999999999999922e+01
6.482288439491881715e-02 2.617295845118942643e-01 0.000000000000000000e+00 5.223453171414860468e-04 0.000000000000000000e+00 0.000000000000000000e+00 0.000000000000000000e+00 0.000000000000000000e+00 2.302638068753325596e-03 9.388663270840581082e-03 9.682746766184353593e-01 2.516171829850871733e-01 5.216005795307544490e-01 4.492291665337911494e-02 3.380953877064695190e-01 0.000000000000000000e+00 9.978085613914381424e-01 8.501378148085034225e-02 9.969393078346874271e-01 6.758321272817174874e-01 0.000000000000000000e+00 2.754909852786499025e-01 3.669790823212698561e-01 9.831069587012050137e-01 2.884854616899367175e-01 4.424254374279216195e-01 7.722268377942621831e-02 4.365064668580169172e-01 1.038798054926799996e-01 2.459590733785861627e-01 0.000000000000000000e+00 0.000000000000000000e+00 1.280000000000000000e+02 -1.254666666666666686e+01
0.000000000000000000e+00 0.000000000000000000e+00 8.092046200301986070e-02 7.914046852085792061e-01 0.000000000000000000e+00 9.923114185632812001e-01 1.037059503073146189e-03 1.345394244565600340e-02 5.304503532471422332e-03 4.444926846717386915e-02 9.879318591617285428e-01 5.574181614052901024e-01 2.305120982312348354e-01 3.954072417761890779e-01 1.446833822641090672e-01 4.888885607835244743e-03 4.239524891733337242e-01 2.241801779527158311e-02 2.227642743070790410e-01 1.753405498084870855e-03 2.870308151191769842e-04 2.008554519090850199e-01 2.515501696331462500e-04 7.763770376067459233e-01 9.390535573112722689e-01 4.160436588603858565e-01 1.289423679288924894e-02 9.952846932333103691e-01 4.902377378443276146e-01 6.510019663750109542e-01 1.087169360534982233e-02 9.258938208098076439e-01 1.280000000000000000e+02 -1.102333333333333343e+01
0.000000000000000000e+00 0.000000000000000000e+00 0.000000000000000000e+00 1.065379853039226393e-04 8.063768742756246555e-01 3.898828947464826121e-04 0.000000000000000000e+00 0.000000000000000000e+00 2.327780258133460567e-02 3.058031676681332578e-01 2.020979386363258579e-01 5.611026605330323713e-01 6.767902767385999274e-01 8.428955990242232854e-01 0.000000000000000000e+00 4.410156403167501347e-05 1.665457506190099260e-02 5.194081327422225315e-03 9.936836245550866309e-01 2.249373000389421132e-02 1.446573338015113425e-02 0.000000000000000000e+00 0.000000000000000000e+00 2.598973056759784346e-05 1.466399202768060503e-02 0.000000000000000000e+00 0.000000000000000000e+00 8.489001428464308940e-01 4.450003265491071502e-01 9.999819859971854630e-01 0.000000000000000000e+00 5.195307553442966020e-01 1.280000000000000000e+02 -1.270999999999999908e+01
1.967533823703374318e-01 9.544156931004023695e-03 5.318370827325723527e-01 5.721373273415585325e-01 2.497056855470664374e-02 0.000000000000000000e+00 1.603796390149843419e-03 1.887312298189143013e-03 8.314096260910345260e-01 0.000000000000000000e+00 9.383970604604229271e-01 0.000000000000000000e+00 9.752284524444233549e-01 1.573342061381468628e-03 4.573956208130439648e-03 0.000000000000000000e+00 3.743375727745265613e-01 3.107068308279153368e-01 3.673911441826270829e-01 9.814254866388653076e-01 4.567449778309810166e-03 6.179848016147437839e-01 1.729433526074696664e-02 3.481168470148166688e-02 2.976375508000400627e-02 5.704412436654068136e-02 3.083474811150822004e-01 8.286048790926680008e-01 3.316863466851377451e-02 6.489371757118734818e-01 0.000000000000000000e+00 6.358311178882221359e-02 1.280000000000000000e+02 -1.182333333333333236e+01
9.545331706551489492e-02 1.150816814105568020e-01 0.000000000000000000e+00 8.586272618058279349e-01 2.156738648648874879e-01 1.682279848709657133e-01 0.000000000000000000e+00 1.045725418617465932e-06 1.000000000000000000e+00 3.573919000557770898e-01 9.920352893538461059e-01 0.000000000000000000e+00 0.000000000000000000e+00 2.886853539864630311e-04 0.000000000000000000e+00 0.000000000000000000e+00 7.256747416782717564e-02 4.715124746172420778e-02 6.491725408023822919e-01 0.000000000000000000e+00 8.919195510582889064e-01 3.637777703731939205e-01 1.237921525389720084e-01 5.259876149556845792e-01 9.897526346915936912e-01 3.627608009763772412e-04 9.544569468259136436e-01 0.000000000000000000e+00 6.782851501942093186e-01 4.491871197081229172e-01 0.000000000000000000e+00 2.415360865031070461e-02 1.280000000000000000e+02 -1.290666666666666629e+01
3.664407084820580085e-01 2.533716936783922402e-01 2.469985028679215211e-01 0.000000000000000000e+00 2.493397280085561940e-01 0.000000000000000000e+00 0.000000000000000000e+00 2.785588711742447224e-02 0.000000000000000000e+00 0.000000000000000000e+00 7.526407510126005285e-01 2.444889592608421036e-01 8.021906337401110143e-01 1.000000000000000000e+00 7.870362827540442960e-03 0.000000000000000000e+00 7.865359464172714198e-05 2.595980787771607345e-01 1.887462621992392134e-02 3.018027348847438597e-05 0.000000000000000000e+00 5.448099386819750256e-01 7.874179092854940443e-01 2.427986379314989174e-01 0.000000000000000000e+00 6.087278461067443525e-01 3.300100150837377844e-01 0.000000000000000000e+00 6.800804717007489231e-01 6.386916889705455125e-01 0.000000000000000000e+00 0.000000000000000000e+00 1.280000000000000000e+02 -1.369333333333333336e+01
9.381975666163512306e-01 2.502534890240487377e-05 6.459987775061668547e-01 2.020803089149336984e-01 4.321057083767591012e-01 5.158881348751343660e-02 0.000000000000000000e+00 4.782984285826237525e-02 4.766337098136516626e-01 1.707050824121091460e-06 1.000000000000000000e+00 1.000000000000000000e+00 3.995488109917565422e-01 0.000000000000000000e+00 6.824014819607435722e-01 8.948040668610832138e-02 0.000000000000000000e+00 6.771209245578434510e-01 9.706973075732284739e-01 0.000000000000000000e+00 0.000000000000000000e+00 0.000000000000000000e+00 3.702600506851891349e-02 6.468902441053758778e-01 8.974549080182917526e-01 3.993595013184623732e-01 0.000000000000000000e+00 1.981333708155629814e-01 2.299190820393670620e-01 8.768116309389287766e-01 0.000000000000000000e+00 2.222471639303169599e-01 1.280000000000000000e+02 -1.415000000000000036e+01
7.962059496118253366e-01 1.330734806185977781e-01 0.000000000000000000e+00 1.269098180294220279e-03 8.154679801774842798e-06 1.628092668371846580e-05 0.000000000000000000e+00 5.506257373294414642e-02 0.000000000000000000e+00 4.302384508077272685e-02 8.742095994720925495e-03 1.856912064249701677e-01 9.411498868664193163e-01 0.000000000000000000e+00 2.334531786824365794e-04 8.511161181578438262e-01 8.416844250226979129e-01 7.611486180227075016e-01 3.794860687643438757e-01 1.991882214075760271e-01 6.922900676262624398e-01 6.595444131905303653e-01 7.593344651394950962e-01 9.999127288816734849e-01 9.457717261908454853e-01 2.256341472537758408e-01 4.286874769963849863e-01 9.152572542830579305e-01 1.674567437271407278e-01 6.855793810416394019e-01 0.000000000000000000e+00 0.000000000000000000e+00 1.280000000000000000e+02 -1.274000000000000021e+01
0.000000000000000000e+00 0.000000000000000000e+00 4.445483079780892521e-01 3.575100276755635020e-01 1.060421223185227177e-02 0.000000000000000000e+00 0.000000000000000000e+00 3.349796061282626516e-07 9.359082197152522875e-01 0.000000000000000000e+00 7.303149183450092785e-01 4.025369788204693489e-01 8.854017296594011988e-02 0.000000000000000000e+00 7.213911392096346298e-02 3.792603352489371969e-04 5.017958520775270825e-01 9.788065868331137231e-01 5.228070039464994823e-01 0.000000000000000000e+00 0.000000000000000000e+00 3.263942940040120422e-01 8.480099953226739595e-01 4.253012139992988772e-01 9.917875976356745893e-01 0.000000000000000000e+00 7.085076590419235876e-01 6.454660554579413345e-01 5.066400023592113611e-01 9.024494514708543136e-01 0.000000000000000000e+00 4.767805073409208672e-01 1.280000000000000000e+02 -1.638666666666666671e+01
9.173642210183432372e-03 1.454194470651478705e-06 2.854823644947920847e-01 0.000000000000000000e+00 2.136682472475749106e-01 9.405752449772879220e-02 0.000000000000000000e+00 3.759985179824078538e-01 9.520192801865979826e-01 2.640194479187213049e-06 2.517546701906994144e-01 2.011440552439251866e-06 3.290716786823812412e-01 6.192840996250450480e-01 1.957529077061712919e-01 1.449921296371009527e-01 9.021982735992951641e-01 5.853243823097560306e-01 7.414343686125915434e-02 5.455519588434912803e-01 5.711223051624317315e-03 0.000000000000000000e+00 8.532262025922722204e-01 7.463240746900644540e-01 9.997435398449251442e-01 5.284215342923451741e-01 1.643216144872991780e-01 3.447005773537899155e-05 1.742331571351976305e-01 4.436809337408011422e-01 0.000000000000000000e+00 5.392229046463361541e-01 1.280000000000000000e+02 -1.290999999999999837e+01
4.460941400669482319e-06 0.000000000000000000e+00 6.627698756970873406e-01 6.131966066569306470e-03 7.281807032393877721e-01 0.000000000000000000e+00 1.589381130406048587e-02 0.000000000000000000e+00 6.828357533807295487e-01 4.542819477292716068e-01 6.085618489814367260e-01 8.655079646900409873e-01 2.762147369557363668e-05 5.093008588583139984e-01 0.000000000000000000e+00 4.299586601087972415e-01 3.941103301829492755e-01 2.625685920975200371e-01 0.000000000000000000e+00 5.380559436424272842e-04 0.000000000000000000e+00 0.000000000000000000e+00 5.932291168091899936e-01 0.000000000000000000e+00 9.955781956911953223e-01 3.793534959898785947e-02 0.000000000000000000e+00 3.015301914596389687e-02 3.892027958242827261e-03 4.229792388860129648e-01 0.000000000000000000e+00 9.859641269493517601e-01 1.280000000000000000e+02 -1.412666666666666515e+01
0.000000000000000000e+00 3.386394312554848511e-06 8.187850260675166858e-01 1.773517703878977059e-01 5.456193165491351332e-03 1.487922002045337089e-01 0.000000000000000000e+00 9.989703250299745030e-07 0.000000000000000000e+00 3.630678740226674917e-01 1.000000000000000000e+00 4.767632311526485700e-01 0.000000000000000000e+00 3.895777634289878527e-02 0.000000000000000000e+00 2.863747814624244451e-06 1.469107771484334801e-01 3.040436295952450140e-03 3.629692870695839235e-01 1.435158990799025210e-02 3.536033611777925079e-01 7.288221741021454481e-01 2.151975652811951578e-01 9.958798205689133320e-01 4.285313380274095585e-01 2.607490947131342329e-01 7.977692969515024889e-04 7.572178293912729119e-01 6.033218682507515140e-01 1.000000000000000000e+00 2.278309610299812660e-02 8.424629321936992656e-06 1.280000000000000000e+02 -1.554999999999999893e+01
0.000000000000000000e+00 8.814180713136191773e-05 8.794488866768701563e-01 1.336092084283664778e-02 2.605317780336675534e-02 7.515691457709872125e-01 0.000000000000000000e+00 1.020114298869921471e-01 5.632834912233322111e-01 3.803962503702499887e-01 1.000000000000000000e+00 3.533435879986879247e-01 1.516775280600405895e-01 2.177088049693603755e-01 0.000000000000000000e+00 0.000000000000000000e+00 2.916369285265864031e-01 9.016271221923773949e-01 3.787164441942481585e-01 9.910907679055663833e-01 0.000000000000000000e+00 9.473025893458535129e-02 3.573248043536053631e-01 1.000000000000000000e+00 9.629505250852744558e-01 0.000000000000000000e+00 4.537240303553179144e-02 8.647669680941277859e-01 0.000000000000000000e+00 0.000000000000000000e+00 7.143708860712554029e-06 6.547592973438821629e-01 1.280000000000000000e+02 -1.168666666666666565e+01
0.000000000000000000e+00 2.146074393471029181e-03 4.751693004712381763e-01 0.000000000000000000e+00 4.915380604089514271e-01 3.147281199861699796e-02 0.000000000000000000e+00 0.000000000000000000e+00 9.026085812380268969e-01 8.931087947922019543e-01 5.857088147959268465e-01 0.000000000000000000e+00 9.487146289529883036e-01 1.743779660143192269e-03 0.000000000000000000e+00 7.494822348579007615e-03 5.404254302563144506e-03 2.488051042354921458e-04 1.044771834686811750e-02 4.582157663805740827e-02 1.197740538107573520e-02 1.834549934852633055e-02 6.284248340326697990e-01 8.729520446745815399e-01 3.662344799283746011e-01 0.000000000000000000e+00 0.000000000000000000e+00 1.062140790018687997e-01 9.968258678947768958e-01 3.348966382661861668e-02 0.000000000000000000e+00 0.000000000000000000e+00 1.280000000000000000e+02 -8.743333333333332291e+00
0.000000000000000000e+00 0.000000000000000000e+00 6.187962443434904536e-01 2.585623805066095062e-04 2.568539138631632107e-03 7.166662022202448246e-02 0.000000000000000000e+00 1.899754729489855354e-02 1.673590355924843565e-01 0.000000000000000000e+00 0.000000000000000000e+00 2.439886730544109632e-03 0.000000000000000000e+00 0.000000000000000000e+00 0.000000000000000000e+00 0.000000000000000000e+00 2.324447344982785713e-03 7.154859469693966023e-01 3.231441311340546487e-03 0.000000000000000000e+00 1.067969421060566276e-01 1.000000000000000000e+00 0.000000000000000000e+00 1.369748130073270136e-06 5.820351751703389809e-01 1.213993632579191684e-01 0.000000000000000000e+00 1.524193335322475938e-02 0.000000000000000000e+00 6.026052575207808265e-02 0.000000000000000000e+00 2.520410847438118648e-03 1.280000000000000000e+02 -9.323333333333332362e+00
3.793425392636931015e-01 6.791053678886630526e-04 0.000000000000000000e+00 1.851605397276696440e-03 0.000000000000000000e+00 0.000000000000000000e+00 0.000000000000000000e+00 1.000000000000000000e+00 0.000000000000000000e+00 9.749388449902848253e-01 0.000000000000000000e+00 7.674939573764094636e-01 2.788098013961035765e-02 0.000000000000000000e+00 0.000000000000000000e+00 0.000000000000000000e+00 1.000000000000000000e+00 9.991309841881387266e-01 6.320998639150691156e-01 0.000000000000000000e+00 0.000000000000000000e+00 5.198643852171028756e-01 3.083830210532671479e-01 1.997412422527243958e-08 9.877682286216055152e-01 0.000000000000000000e+00 0.000000000000000000e+00 0.000000000000000000e+00 2.676262754458869630e-01 1.000000000000000000e+00 0.000000000000000000e+00 5.794670410566482577e-01 1.280000000000000000e+02 -1.116333333333333400e+01
1.080335458603755777e-04 0.000000000000000000e+00 0.000000000000000000e+00 4.692926166528925691e-01 7.734530834189387583e-04 0.000000000000000000e+00 0.000000000000000000e+00 0.000000000000000000e+00 3.976433518434888681e-01 7.050253568720228625e-02 1.000000000000000000e+00 9.783849391241460358e-01 0.000000000000000000e+00 2.990899763279963319e-01 0.000000000000000000e+00 0.000000000000000000e+00 5.495997560894421152e-01 8.899954813234913290e-03 6.303498666537014211e-03 0.000000000000000000e+00 1.768585132486314437e-01 7.956117518569384706e-02 6.699529870285486632e-01 1.000000000000000000e+00 1.000000000000000000e+00 0.000000000000000000e+00 7.727543056126502121e-05 3.341931206899750317e-01 3.518938756527282830e-01 7.283725953544477605e-01 6.945929637113691657e-02 1.204479275288467043e-04 1.280000000000000000e+02 -1.300666666666666593e+01
3.717122024971379612e-02 4.644133075924757881e-01 4.981220297841294498e-01 7.404190463660188515e-01 4.995325129184178398e-02 2.774790041026337778e-03 2.909328943944302151e-03 3.612114145421592148e-01 8.568479976033246404e-01 2.974058710409845790e-02 9.480706864540395795e-01 4.785118959356121117e-03 9.637331985182203686e-01 9.086337742454008159e-01 1.691338199591488865e-03 1.329762514302142984e-01 5.714059261021593450e-01 7.620489131743105604e-01 7.453091614700596557e-01 7.786041494375089966e-02 1.040970680188378497e-03 4.139842737980192755e-01 2.545516797758662353e-02 6.890451145760255747e-01 9.962883817648696683e-01 1.540972249289097318e-01 7.002518720936786734e-01 9.749276418764379892e-01 6.795640112465879401e-01 1.348757313986688744e-01 8.787176286255254584e-03 2.020130450262715149e-01 1.280000000000000000e+02 -8.566666666666666430e+00
3.127598438339139197e-01 8.484534278623421383e-03 1.429052312386050981e-02 2.716761104058545984e-01 2.107952393300994569e-05 1.265944367430791861e-01 0.000000000000000000e+00 9.896678507009065706e-01 3.712801021240152988e-01 3.463059884406714806e-02 1.471325979321214950e-01 0.000000000000000000e+00 0.000000000000000000e+00 6.903125746142038111e-01 2.884507888482358839e-01 0.000000000000000000e+00 1.352309644330508265e-01 9.999942932540289986e-01 7.262268878334263711e-01 3.650539687157047242e-01 0.000000000000000000e+00 0.000000000000000000e+00 5.092901252710990007e-02 7.633818073161188211e-01 2.831314236030802456e-01 2.172974899588802841e-02 1.652092251096581377e-04 3.689078324462883862e-01 6.561336880529353710e-01 9.998539206503633814e-01 0.000000000000000000e+00 7.854715073472590126e-01 1.280000000000000000e+02 -1.312333333333333485e+01
3.825029980048943457e-01 5.066157723033604910e-07 4.818121791913478336e-01 0.000000000000000000e+00 8.846228856804677632e-02 0.000000000000000000e+00 0.000000000000000000e+00 0.000000000000000000e+00 2.234690052056212319e-03 0.000000000000000000e+00 7.402088451493611665e-02 9.974169125193760310e-01 4.616618703509625665e-01 4.236985759390040629e-01 5.109071561874353185e-01 0.000000000000000000e+00 7.549763618369169649e-01 1.301082992600830171e-07 9.679266988717514231e-01 3.112141726873030034e-01 9.751708488999490942e-01 4.019399600707103115e-01 9.956378296353048940e-01 4.908672781898609327e-05 5.090784150332609004e-01 8.294386054757942051e-02 5.811042724506979562e-01 3.884067312825020823e-02 0.000000000000000000e+00 0.000000000000000000e+00 0.000000000000000000e+00 1.484629119468018343e-01 1.280000000000000000e+02 -1.103333333333333144e+01
1.942823231958116514e-01 1.455486271582238147e-05 1.000000000000000000e+00 4.664809915713682975e-01 0.000000000000000000e+00 8.760472374913639672e-08 0.000000000000000000e+00 3.473118677238540841e-01 6.560728420778119685e-02 5.409219024715080509e-03 9.935622397774146464e-01 3.568587944826735470e-01 1.165899005765880674e-07 3.011931166278929151e-02 7.467776258277082635e-03 1.577707118335123712e-02 4.917179926082737018e-01 3.812093855873666440e-04 9.879297009709370192e-01 9.956595926090494597e-01 6.978554119770464040e-03 9.617288913756478763e-01 7.255056947795704980e-01 6.934296782215103316e-02 9.999666138157980999e-01 6.177004258548562943e-01 2.833506416734178808e-03 5.266334110274892844e-01 9.999998210067213567e-01 1.738014594103465815e-01 0.000000000000000000e+00 7.963057628041702030e-01 1.280000000000000000e+02 -1.073666666666666458e+01
4.860799283409252269e-01 0.000000000000000000e+00 9.644069312837012520e-01 6.310233974224781738e-03 1.714449340836180294e-02 0.000000000000000000e+00 0.000000000000000000e+00 9.995498193820985255e-01 6.625751909779811419e-03 3.608934354975310010e-02 5.945708342816301561e-01 7.098055628692604424e-01 0.000000000000000000e+00 5.511023282168238113e-01 2.172870640583462933e-03 0.000000000000000000e+00 9.686313385689171440e-01 5.433634833705138778e-01 0.000000000000000000e+00 4.213849863696018105e-01 3.841902622218981017e-02 2.282544629203874520e-01 1.433799269307068913e-01 4.113770945314833456e-03 7.169892205363049831e-01 0.000000000000000000e+00 1.630171772324748650e-02 5.824098872445243602e-01 0.000000000000000000e+00 7.134734664933504167e-01 4.137822837386442507e-04 8.147409590135917812e-01 1.280000000000000000e+02 -1.201333333333333364e+01
1.794758124950138756e-01 3.435988392761356054e-03 7.942979882870822017e-01 0.000000000000000000e+00 0.000000000000000000e+00 4.542978463629128716e-01 0.000000000000000000e+00 6.578442815070082439e-01 8.277668788794678711e-02 5.444008722372748466e-01 8.677616991287713244e-01 5.708190749150776622e-01 8.163450468305283314e-01 9.985571505580548290e-01 1.663828179479071587e-03 0.000000000000000000e+00 6.477713501450190758e-01 5.497059687998882005e-01 9.741641092592836504e-01 9.650715985018152310e-01 0.000000000000000000e+00 1.861206063753368181e-02 3.245996639677953266e-01 1.000000000000000000e+00 6.405837207604526684e-01 6.281704571914143997e-01 3.090044250500222425e-02 9.565538803748970809e-01 9.470392488197193481e-01 4.631244663006724993e-01 2.794299485129549902e-03 2.924950784173416599e-02 1.280000000000000000e+02 -1.599666666666666437e+01
0.000000000000000000e+00 0.000000000000000000e+00 0.000000000000000000e+00 1.589757313439875142e-01 0.000000000000000000e+00 6.281776817078238428e-01 0.000000000000000000e+00 1.905818759591756603e-02 3.485578079246105521e-01 0.000000000000000000e+00 9.951407377897727446e-01 0.000000000000000000e+00 0.000000000000000000e+00 8.528244735742068761e-01 4.404677310468273488e-01 4.832754415375579288e-02 0.000000000000000000e+00 0.000000000000000000e+00 1.923797116473729973e-01 8.095235836812587626e-01 7.675016549798552301e-01 1.186221718027691691e-01 5.556690245567829090e-01 9.304764560322172917e-01 1.793376258337504581e-01 2.159011599899044592e-02 0.000000000000000000e+00 4.224248300414902048e-03 9.141891879219490313e-01 5.580609546478066951e-01 0.000000000000000000e+00 3.812292049508903546e-01 1.280000000000000000e+02 -1.260666666666666735e+01
5.390273242578598190e-01 2.369061459549216542e-01 6.033464005250835926e-01 3.172982909942691498e-01 1.264984878956521275e-07 5.397875601814156044e-01 0.000000000000000000e+00 1.010506326898400059e-01 9.900099924104734939e-01 9.721193139233166977e-06 9.602905586290344520e-01 9.642356076793600073e-01 9.034930695156456748e-01 5.607854145897211984e-01 2.481580097704364288e-03 6.636872801470672378e-02 3.722102822098012909e-01 0.000000000000000000e+00 5.817411793742582882e-01 5.384749640088801748e-01 6.493025710300437403e-01 0.000000000000000000e+00 7.450963041078969706e-07 4.289470001229619411e-01 9.640716993605616750e-03 2.577187571750457762e-01 5.507601932540268682e-05 7.018634660096859657e-01 9.026270328964945966e-01 8.369297935677193490e-01 2.085232370851195714e-05 8.691460282669435378e-01 1.280000000000000000e+02 -1.340666666666666629e+01
9.909585930892995664e-01 0.000000000000000000e+00 6.515850913181300830e-02 0.000000000000000000e+00 6.770330809491974938e-03 0.000000000000000000e+00 0.000000000000000000e+00 2.106664389593086717e-01 4.041207458295819621e-01 3.148008043058221905e-01 9.121849994082995572e-01 3.482783605132216964e-01 9.999015170523204432e-01 9.641745162212145281e-01 0.000000000000000000e+00 0.000000000000000000e+00 0.000000000000000000e+00 1.440835014498940275e-02 1.000000000000000000e+00 9.101320885056317644e-01 0.000000000000000000e+00 3.899117748601360622e-01 5.727921225738089595e-01 7.631009730486458809e-01 7.108209399072998869e-01 0.000000000000000000e+00 5.854664641072223619e-01 5.658897179852407922e-01 7.318222633600509007e-06 9.806898869889311143e-01 7.500541333271099845e-04 0.000000000000000000e+00 1.280000000000000000e+02 -1.582333333333333236e+01
3.971544131538724922e-06 2.596946959805580546e-01 9.899644567019609820e-01 6.132238464823611679e-01 2.716083282099004959e-01 3.524413477311190146e-01 0.000000000000000000e+00 0.000000000000000000e+00 7.848198055469922663e-01 8.940319645364083190e-01 6.928721303542687560e-01 9.352298039123682627e-02 0.000000000000000000e+00 7.852454541602150728e-01 0.000000000000000000e+00 8.351434853570974814e-01 5.941564069837708840e-04 8.095449893877167957e-01 1.000000000000000000e+00 2.560453067147479972e-02 2.356243576603024581e-01 1.989450792570599813e-01 3.861013662249607181e-01 1.281057914011380413e-03 2.574305305540767752e-01 0.000000000000000000e+00 0.000000000000000000e+00 1.598033360593668628e-01 8.692537955572416930e-01 9.091310845664537510e-01 0.000000000000000000e+00 4.721345271917076910e-05 1.280000000000000000e+02 -1.144666666666666721e+01
3.037128083133902156e-04 6.535174569855588924e-06 0.000000000000000000e+00 0.000000000000000000e+00 5.570191660575632975e-01 2.951759833484443943e-02 5.610376094784942300e-03 3.591527092225403487e-04 6.652185563487144071e-01 2.413679921836221764e-02 5.227860143377367053e-05 0.000000000000000000e+00 2.774386678489357827e-01 9.718342602712052303e-01 0.000000000000000000e+00 2.306938147409094420e-01 5.506034260971938432e-02 7.226401601735314983e-01 9.999768667817963141e-01 0.000000000000000000e+00 0.000000000000000000e+00 2.806125509281228882e-05 4.830358666120874722e-01 7.533346614837902466e-01 1.512463290228750236e-02 0.000000000000000000e+00 9.235705523514821103e-01 0.000000000000000000e+00 0.000000000000000000e+00 6.724643181501741354e-03 0.000000000000000000e+00 2.442092609971134864e-01 1.280000000000000000e+02 -1.084333333333333371e+01
0.000000000000000000e+00 0.000000000000000000e+00 9.999992546891225409e-01 9.510216045199974128e-03 1.084529656493642136e-01 0.000000000000000000e+00 0.000000000000000000e+00 5.610529430783901539e-01 1.094868330647506107e-05 1.361412459103672201e-01 8.088674104736401915e-01 0.000000000000000000e+00 9.055651220641205423e-01 0.000000000000000000e+00 0.000000000000000000e+00 0.000000000000000000e+00 2.864361583790650187e-02 9.982030003191774137e-01 0.000000000000000000e+00 0.000000000000000000e+00 0.000000000000000000e+00 5.794268924393239928e-01 1.577764514128733031e-01 1.000000000000000000e+00 8.898018728754272244e-01 0.000000000000000000e+00 0.000000000000000000e+00 0.000000000000000000e+00 1.036006905085460640e-04 5.326921930704000552e-01 0.000000000000000000e+00 6.703655939984309864e-01 1.280000000000000000e+02 -1.099000000000000021e+01
2.222505550894681714e-01 2.491942185697339045e-03 1.000000000000000000e+00 0.000000000000000000e+00 7.898053271628101280e-02 0.000000000000000000e+00 0.000000000000000000e+00 1.384950825915600148e-01 0.000000000000000000e+00 7.290983425348369386e-03 1.000000000000000000e+00 2.521053114592507471e-01 1.908407793523341422e-03 1.000000000000000000e+00 0.000000000000000000e+00 2.064222327449322936e-01 9.355938273471624544e-01 9.426002446915956456e-01 9.553032633445265320e-01 0.000000000000000000e+00 0.000000000000000000e+00 1.841057673229525363e-02 4.253557293174271003e-01 1.000000000000000000e+00 9.898653552711820236e-01 4.982377702900250838e-01 9.319510720763071188e-01 9.610942045811747825e-01 8.079174670795169488e-01 4.721547308397751608e-01 1.086600194522914986e-03 4.927086204583919216e-01 1.280000000000000000e+02 -1.128000000000000114e+01
0.000000000000000000e+00 0.000000000000000000e+00 3.234651584362362997e-01 0.000000000000000000e+00 0.000000000000000000e+00 2.979188444579241590e-01 0.000000000000000000e+00 1.867551840554840942e-02 0.000000000000000000e+00 0.000000000000000000e+00 0.000000000000000000e+00 1.891021781971174293e-02 0.000000000000000000e+00 9.083400288424924029e-02 0.000000000000000000e+00 0.000000000000000000e+00 0.000000000000000000e+00 0.000000000000000000e+00 0.000000000000000000e+00 0.000000000000000000e+00 0.000000000000000000e+00 1.000000000000000000e+00 0.000000000000000000e+00 0.000000000000000000e+00 3.275412668858170284e-01 9.136815472935594373e-02 7.755151691698484173e-01 0.000000000000000000e+00 1.000000000000000000e+00 0.000000000000000000e+00 0.000000000000000000e+00 0.000000000000000000e+00 1.280000000000000000e+02 -7.266666666666665719e+00
8.034694208571760421e-02 0.000000000000000000e+00 5.960756108722592428e-01 8.236383484239072628e-01 2.608714551086682154e-01 5.436009246019075647e-01 0.000000000000000000e+00 2.365014523579821448e-01 1.527951166574916322e-02 3.019400286927283461e-01 4.782925198220074336e-01 8.903842229883111026e-01 5.041689951493781852e-01 3.368951949799381396e-02 0.000000000000000000e+00 1.182192632172963526e-01 3.903640346562541885e-01 5.541546809911119809e-01 6.135247465364368491e-01 0.000000000000000000e+00 1.434723031053750097e-01 4.784494497226538523e-01 7.015612961858461727e-01 7.781994930547475597e-01 9.663377178620221608e-01 3.565906865131815984e-01 0.000000000000000000e+00 3.353512598102057485e-01 6.674098592332868840e-01 9.012061296004598709e-01 0.000000000000000000e+00 9.929859972571939419e-01 1.280000000000000000e+02 -1.295666666666666522e+01
0.000000000000000000e+00 0.000000000000000000e+00 2.831753574787352484e-02 1.546069578726032567e-01 0.000000000000000000e+00 0.000000000000000000e+00 0.000000000000000000e+00 8.721727756490861572e-03 1.663244702751667109e-02 2.419270753263173465e-02 4.144862022277741032e-01 1.908169098709813216e-01 0.000000000000000000e+00 5.460502235631707890e-01 0.000000000000000000e+00 0.000000000000000000e+00 0.000000000000000000e+00 7.422103376735404989e-01 1.050968878837970320e-02 0.000000000000000000e+00 0.000000000000000000e+00 0.000000000000000000e+00 1.066866432634199086e-01 0.000000000000000000e+00 9.496650602769133309e-01 1.000000000000000000e+00 0.000000000000000000e+00 5.978649961252257422e-04 3.911836004958029744e-01 9.552513069395393019e-01 0.000000000000000000e+00 0.000000000000000000e+00 1.280000000000000000e+02 -1.365333333333333066e+01
1.364746029697981762e-02 2.093454950154836902e-02 0.000000000000000000e+00 2.191898686037775934e-01 0.000000000000000000e+00 5.788540505098525024e-01 6.280157897629318198e-02 4.815490307186330208e-05 0.000000000000000000e+00 3.602639245114664379e-01 1.787223578410072622e-01 0.000000000000000000e+00 4.411933396054606993e-01 6.113820201887338879e-01 0.000000000000000000e+00 0.000000000000000000e+00 9.671181564217261606e-01 4.789844748951402886e-01 7.178532298687151370e-01 0.000000000000000000e+00 1.031814583364416490e-03 1.997577309846808313e-01 8.377999102149704669e-01 1.611920708675094183e-01 5.015160065900093889e-01 0.000000000000000000e+00 8.882902013408374429e-05 2.529823179654792226e-02 6.692270759974761063e-01 2.177842011237425893e-02 0.000000000000000000e+00 6.909306832023600631e-01 1.280000000000000000e+02 -1.373666666666666636e+01
