5.000000000000000000e-01 5.000000000000000000e-01 5.000000000000000000e-01 5.000000000000000000e-01 5.000000000000000000e-01 5.000000000000000000e-01 5.000000000000000000e-01 5.000000000000000000e-01 5.000000000000000000e-01 5.000000000000000000e-01 5.000000000000000000e-01 5.000000000000000000e-01 5.000000000000000000e-01 5.000000000000000000e-01 5.000000000000000000e-01 5.000000000000000000e-01 5.000000000000000000e-01 5.000000000000000000e-01 5.000000000000000000e-01 5.000000000000000000e-01 5.000000000000000000e-01 5.000000000000000000e-01 5.000000000000000000e-01 5.000000000000000000e-01 5.000000000000000000e-01 5.000000000000000000e-01 5.000000000000000000e-01 5.000000000000000000e-01 5.000000000000000000e-01 5.000000000000000000e-01 5.000000000000000000e-01 5.000000000000000000e-01 2.560000000000000000e+02 -2.653333333333333144e+01
5.000000000000000278e-02 7.903225806451613655e-02 1.080645161290322565e-01 1.370967741935483764e-01 1.661290322580645240e-01 1.951612903225806162e-01 2.241935483870967638e-01 2.532258064516129115e-01 2.822580645161290036e-01 3.112903225806451513e-01 3.403225806451612434e-01 3.693548387096773911e-01 3.983870967741935387e-01 4.274193548387096309e-01 4.564516129032257785e-01 4.854838709677418707e-01 5.145161290322580738e-01 5.435483870967742215e-01 5.725806451612903691e-01 6.016129032258064058e-01 6.306451612903225534e-01 6.596774193548387011e-01 6.887096774193548487e-01 7.177419354838709964e-01 7.467741935483871440e-01 7.758064516129031807e-01 8.048387096774193283e-01 8.338709677419354760e-01 8.629032258064516236e-01 8.919354838709677713e-01 9.209677419354838079e-01 9.499999999999999556e-01 2.560000000000000000e+02 -2.544999999999999929e+01
9.499999999999999556e-01 9.209677419354838079e-01 8.919354838709677713e-01 8.629032258064516236e-01 8.338709677419354760e-01 8.048387096774193283e-01 7.758064516129031807e-01 7.467741935483871440e-01 7.177419354838709964e-01 6.887096774193548487e-01 6.596774193548387011e-01 6.306451612903225534e-01 6.016129032258064058e-01 5.725806451612903691e-01 5.435483870967742215e-01 5.145161290322580738e-01 4.854838709677418707e-01 4.564516129032257785e-01 4.274193548387096309e-01 3.983870967741935387e-01 3.693548387096773911e-01 3.403225806451612434e-01 3.112903225806451513e-01 2.822580645161290036e-01 2.532258064516129115e-01 2.241935483870967638e-01 1.951612903225806162e-01 1.661290322580645240e-01 1.370967741935483764e-01 1.080645161290322565e-01 7.903225806451613655e-02 5.000000000000000278e-02 2.560000000000000000e+02 -2.638333333333332931e+01
5.000000000000000278e-02 1.099999999999999867e-01 1.699999999999999845e-01 2.299999999999999822e-01 2.899999999999999800e-01 3.499999999999999223e-01 4.099999999999999201e-01 4.699999999999999178e-01 5.299999999999999156e-01 5.899999999999999689e-01 6.499999999999999112e-01 7.099999999999999645e-01 7.699999999999999067e-01 8.299999999999999600e-01 8.899999999999999023e-01 9.499999999999999556e-01 9.499999999999999556e-01 8.900000000000000133e-01 8.299999999999999600e-01 7.700000000000000178e-01 7.099999999999999645e-01 6.500000000000000222e-01 5.900000000000000799e-01 5.300000000000000266e-01 4.700000000000000289e-01 4.100000000000000311e-01 3.500000000000000888e-01 2.900000000000000355e-01 2.300000000000000933e-01 1.700000000000000400e-01 1.100000000000000977e-01 5.000000000000000278e-02 2.560000000000000000e+02 -2.631666666666666643e+01
9.499999999999999556e-01 8.900000000000000133e-01 8.300000000000000711e-01 7.700000000000000178e-01 7.099999999999999645e-01 6.500000000000001332e-01 5.900000000000000799e-01 5.300000000000000266e-01 4.700000000000000844e-01 4.100000000000000311e-01 3.500000000000000888e-01 2.900000000000000355e-01 2.300000000000000933e-01 1.700000000000000400e-01 1.100000000000000977e-01 5.000000000000004441e-02 5.000000000000004441e-02 1.099999999999999867e-01 1.700000000000000400e-01 2.299999999999999822e-01 2.900000000000000355e-01 3.499999999999999778e-01 4.099999999999999201e-01 4.699999999999999734e-01 5.300000000000000266e-01 5.899999999999999689e-01 6.499999999999999112e-01 7.099999999999999645e-01 7.699999999999999067e-01 8.299999999999999600e-01 8.899999999999999023e-01 9.499999999999999556e-01 2.560000000000000000e+02 -2.519333333333333158e+01
1.499999999999999944e-01 8.499999999999999778e-01 1.499999999999999944e-01 8.499999999999999778e-01 1.499999999999999944e-01 8.499999999999999778e-01 1.499999999999999944e-01 8.499999999999999778e-01 1.499999999999999944e-01 8.499999999999999778e-01 1.499999999999999944e-01 8.499999999999999778e-01 1.499999999999999944e-01 8.499999999999999778e-01 1.499999999999999944e-01 8.499999999999999778e-01 1.499999999999999944e-01 8.499999999999999778e-01 1.499999999999999944e-01 8.499999999999999778e-01 1.499999999999999944e-01 8.499999999999999778e-01 1.499999999999999944e-01 8.499999999999999778e-01 1.499999999999999944e-01 8.499999999999999778e-01 1.499999999999999944e-01 8.499999999999999778e-01 1.499999999999999944e-01 8.499999999999999778e-01 1.499999999999999944e-01 8.499999999999999778e-01 2.560000000000000000e+02 -2.641000000000000014e+01
1.062500000000000111e-01 1.062500000000000111e-01 1.062500000000000111e-01 1.062500000000000111e-01 1.062500000000000111e-01 1.062500000000000111e-01 9.500000000000000666e-01 5.000000000000000000e-01 1.062500000000000111e-01 9.500000000000000666e-01 1.625000000000000056e-01 1.625000000000000056e-01 9.500000000000000666e-01 2.750000000000000222e-01 1.062500000000000111e-01 9.500000000000000666e-01 1.625000000000000056e-01 1.625000000000000056e-01 1.062500000000000111e-01 1.062500000000000111e-01 1.625000000000000056e-01 5.000000000000000000e-01 5.000000000000000000e-01 1.062500000000000111e-01 1.062500000000000111e-01 9.500000000000000666e-01 5.000000000000000000e-01 1.062500000000000111e-01 5.000000000000000000e-01 1.062500000000000111e-01 1.625000000000000056e-01 1.062500000000000111e-01 2.560000000000000000e+02 -2.803000000000000114e+01
5.499596620578787176e-01 6.483548188835264181e-01 4.031573756688733856e-01 1.958032880261222908e-01 2.704009991651217804e-01 5.574613117508135929e-01 2.675124162838839470e-01 9.076545228512565844e-01 9.750881068470830249e-01 5.885783967192788069e-01 8.955207968557677978e-01 2.299666373827536359e-01 1.705502977979132806e-01 4.687976438986074523e-01 6.241754460553111672e-01 6.665951276318247132e-01 2.051066005658749858e-01 5.973376488339716683e-01 9.677507933637109483e-01 7.800854691737262314e-01 6.406054641060090482e-01 2.641205845587580869e-01 5.860846633778217241e-01 2.466163523058121088e-01 5.789845308022084636e-01 3.502848306260404332e-01 5.768673578580290062e-01 8.462947572284763575e-01 6.796250054397709461e-02 6.417819552423570384e-02 8.017540475474302930e-01 9.201571036738644960e-01 2.560000000000000000e+02 -2.543000000000000327e+01
2.622698287316063692e-01 9.632098608288813812e-03 5.165716392603276752e-01 5.768566574680376036e-01 6.782206125259221396e-01 5.876394429973132993e-01 7.841409629724142016e-01 2.733712923657345972e-01 5.365866490939278366e-01 6.474857220674236080e-01 2.002105894633453009e-01 5.133235330574751482e-02 4.634996590896091062e-01 3.494233067375930313e-01 8.326469505674507499e-01 7.920917722293130403e-01 9.072141006962872734e-01 2.441623709352906679e-01 9.592898229432198498e-01 4.486929966054843399e-01 5.155760419871965317e-01 1.376924240280757994e-01 4.736147129171294767e-01 2.752941869705160822e-03 9.218405382814913729e-01 5.337959542312068484e-01 8.455907339814657808e-01 2.146798765276285714e-01 3.532994023657911598e-01 3.627727888303389214e-01 9.088807973080816893e-01 2.804788845225503202e-01 2.560000000000000000e+02 -2.566333333333333044e+01
4.568320962797169787e-02 3.051490326569460398e-01 5.339207433116736068e-01 4.231786628204712297e-01 3.714424855602773690e-01 9.655201246498605616e-02 4.539878766960424583e-01 2.543758490909631687e-01 6.154476124719353569e-01 1.424411261214202085e-01 6.197530597665543706e-01 7.428262150917537276e-01 4.766836470389648750e-01 6.195256419179864249e-01 4.627334587545043343e-01 5.718989194723496094e-01 3.964998813585250415e-01 5.528711660013653217e-01 5.634784228254976490e-01 4.273416344066880979e-01 7.323745718622118317e-02 4.824091070515960089e-01 4.993602555629323425e-01 2.859860885000230502e-01 4.088670828404711299e-01 9.259741498757690925e-01 7.381239520014564182e-01 6.623379503475317065e-02 7.603829072103838183e-01 2.873061297674525325e-02 2.757631347469570726e-01 1.188422140819004528e-04 2.560000000000000000e+02 -2.709333333333333371e+01
1.108854236274403327e-01 8.020463280741055856e-01 3.987387679831667919e-02 5.306552448452588333e-01 1.690724823389042342e-01 1.941550058918840027e-01 6.672020152448396857e-01 5.216592544487079763e-01 7.591107242447833192e-01 4.701420981503642293e-01 8.558172067278746464e-01 3.988685335673073165e-03 8.255225304816352638e-01 7.105970043087763699e-01 7.313327842842698434e-01 3.810121596785737697e-01 1.323896065783160547e-01 6.729775322224155198e-01 5.405281456289311171e-02 1.623242265092037506e-01 7.214112177737848075e-01 4.077397317211129413e-01 7.292913618565513012e-01 5.797639820810640554e-01 2.700521845119230879e-01 1.148560871945959599e-01 9.880947779061752811e-01 7.587113989583544882e-01 7.769569427951709961e-02 9.678333997555792212e-02 8.260722142603905693e-01 6.752998455245114995e-01 2.560000000000000000e+02 -2.670999999999999730e+01
8.151219187652072318e-01 5.274273354498268951e-01 8.840089696714226175e-02 8.657577437215348004e-01 8.170489235953045659e-01 1.728997785095600093e-01 8.597376763527200816e-02 2.227300921166591452e-01 8.770181975038766620e-01 5.465238987703550100e-01 5.750227085209668187e-01 9.094837738667342908e-01 1.317190519742365007e-01 5.852766026733757787e-01 2.273624426507550311e-01 8.574141533763554035e-01 3.579277984943725344e-02 1.121044504710683731e-01 1.415271499575850023e-01 1.892827670307735410e-01 5.473626484477503995e-01 5.062048559307512630e-01 4.101598708152049411e-01 7.753632141739409400e-01 6.988066588893979691e-01 9.457684285631901000e-01 1.290091396514009836e-01 7.810694209659609921e-01 3.940694282110827062e-01 7.597551167281091367e-01 5.816296164502789967e-01 3.923331183724804161e-01 2.560000000000000000e+02 -2.612999999999999901e+01
4.591050636143128583e-01 5.092325236331918248e-01 2.282640202322910594e-01 3.966194208457708981e-01 2.589161625682150358e-01 7.217058786508895318e-01 3.099935391692509312e-01 7.753290855763482758e-01 8.911990174349365690e-01 9.267562749265941813e-01 2.555462952511708408e-01 2.562844118703131446e-01 5.775162499642306768e-01 1.235339311124037526e-01 5.381723576332992920e-01 4.190223334924312315e-01 6.097029087312884066e-01 5.776646672445280295e-01 6.041922216319318695e-01 9.509836399139581786e-01 9.180689862103373899e-01 2.561528899969537365e-01 9.149555899959692373e-02 7.996492890330827441e-01 8.595276342541346981e-01 4.840785281536730822e-01 8.927046735326263915e-01 4.184644965511836179e-01 6.290910135439186091e-01 9.596623114712965474e-01 6.257867655703974741e-01 2.529713565020850208e-01 2.560000000000000000e+02 -2.592666666666666586e+01
5.274725378998119663e-01 7.616191857332329507e-01 2.028930162805723039e-02 2.986216385642636029e-01 7.802308647389010199e-01 2.613616069631805594e-01 3.851069579679903820e-01 5.290700983746573494e-01 1.994192987413544449e-01 7.632663812098308131e-01 8.117577287078682202e-01 8.245061376707836232e-01 6.165929718821653305e-01 3.908627545894065580e-01 1.659677523103299801e-01 3.038322632877170082e-01 9.485023691514835043e-02 2.027045215056932914e-01 8.158104423667598137e-01 5.788345350510143428e-01 9.007850183584172887e-01 3.862613233700117887e-01 8.695581238052343398e-01 5.040644540904849064e-02 4.449657619143447262e-01 1.501247579319612557e-01 3.479795007906889004e-01 7.461404974431096182e-01 8.220068722558889762e-01 2.312390010547759056e-01 7.283603697319512849e-01 4.429342594563137614e-01 2.560000000000000000e+02 -2.470333333333333314e+01
4.189622429399909587e-01 5.950156963764934304e-01 1.956232302657928135e-01 1.853508726728327061e-01 9.162194628558604226e-01 2.263358456959838894e-01 8.204072675851288299e-01 8.261320159691749598e-01 6.821706395524205213e-01 7.828700774298109899e-02 9.600408382523322182e-01 6.489578564513183434e-02 2.798285906948690394e-01 8.652596931720982765e-01 3.675755883992327666e-01 5.204239890893941345e-01 2.537738530991504038e-01 3.513587865211981742e-01 7.218897498517069522e-01 4.409262662328875676e-02 9.330890670613490867e-01 2.219636035033515642e-01 7.713446902778234859e-01 1.367199463379012159e-01 6.481300749357711277e-01 2.575097959158744176e-01 2.011896183999300480e-01 8.886939677521368264e-01 2.583794238057737780e-02 2.016263838163233624e-01 1.883998382452828080e-01 9.324144558164088048e-01 2.560000000000000000e+02 -2.549333333333333584e+01
2.033493168497021164e-01 1.367772968492924901e-01 9.902300033160561510e-01 6.738876016602842745e-01 7.087632017192855294e-01 8.820884372451068822e-01 6.242389430282072604e-01 6.635305267853646161e-01 7.380303866130255575e-01 9.009088951725299221e-01 4.187495933504810641e-01 6.806371369888423173e-01 2.560283819722687926e-01 8.841305054449712930e-01 1.230247788887201960e-01 8.379043239914788499e-01 8.296593187569387684e-01 1.240397769920554144e-01 2.914893502972550898e-01 8.297078784287866826e-01 4.708988843131450830e-01 7.996655863084349836e-01 1.176228535993644603e-01 3.091734393095438294e-01 8.019850339046413756e-01 5.649196821878920555e-02 5.339703560304148722e-01 8.105742130606993223e-01 6.601958738374823499e-01 1.871738025522666216e-01 9.592122367777622394e-01 3.641368397159855386e-01 2.560000000000000000e+02 -2.438666666666667027e+01
4.437627262071762724e-01 1.774492498955551334e-01 6.459583429651035713e-01 6.309325319217399253e-01 4.375849279407079684e-01 4.378458333550104831e-01 9.387857175666242115e-01 1.093355197674352186e-01 8.536561434506964030e-01 5.367740063725827682e-01 6.334623706049895553e-01 8.611030000512015503e-01 8.230705444912143065e-01 4.820058703547920598e-02 6.844843189058332777e-01 3.575942349237061068e-03 8.612525724174530106e-01 2.841471215750552282e-01 6.768812800021503095e-01 3.942892585971513042e-01 9.701184254551863395e-01 3.561080283285736336e-01 4.279282931725567063e-02 1.226759771329126725e-01 1.759817769119534081e-01 9.939394156483850606e-01 4.902954384922211251e-01 7.256460920961930183e-01 6.920537742827067573e-01 5.683037754334501201e-01 6.352892578596985862e-01 4.368146075533703709e-01 2.560000000000000000e+02 -2.440000000000000213e+01
2.647319200621682245e-01 6.185398228603294912e-01 2.764628181481790237e-01 9.547906123593250527e-01 4.927554507243903648e-01 7.819693264566618396e-01 5.491820819040201807e-01 7.481353560480412390e-02 9.328702333780570788e-01 5.002658019989347782e-01 3.398625334119712571e-01 4.289634510804754552e-01 5.884857703758888947e-01 6.455670880648022303e-01 6.063019733275017975e-01 9.753243251113445922e-01 2.945245106637151555e-01 5.257567791022991210e-01 9.034835383028569922e-01 9.720860438609830734e-01 1.241691750899000107e-01 5.866164268400831938e-01 2.914473677770725302e-01 4.385575351392258514e-01 1.739005472919854245e-01 8.331456457407028504e-02 2.731258144668745058e-01 9.970005501951479943e-01 8.795403549215820016e-01 4.206310447895825755e-01 1.299919703613315325e-01 5.843073471038912059e-01 2.560000000000000000e+02 -2.545999999999999730e+01
6.787634745238242395e-01 3.234259555056481772e-01 4.085139107148107879e-03 3.787128463808961138e-03 9.442298795054534510e-01 3.205609801659321523e-01 3.348712946042977645e-01 6.299352210309131506e-01 3.623596279068643788e-01 8.793182874708233010e-01 8.732252419850938807e-01 6.457914958855939247e-01 1.945123391905969057e-01 2.333790000019746735e-01 8.706667030031640664e-01 4.922472339020687038e-01 5.818183464855872788e-01 4.637706339447522086e-01 4.418323939684516977e-01 6.036538245257567770e-01 3.583152603648198653e-01 2.404226183586348764e-01 4.279567606169879523e-01 8.242597660536568061e-01 3.379184323630031184e-01 5.648309529363804149e-01 6.810044694839416657e-01 9.069772147783835559e-01 4.171804937470733332e-01 7.187724014706049491e-01 3.273568776219242804e-01 5.188046620285310384e-01 2.560000000000000000e+02 -2.430666666666666131e+01
1.264336078774823402e-01 4.771470828356803584e-01 8.846643645840808201e-01 6.610541140999019738e-02 3.904075622563727976e-01 1.627702681745387195e-02 6.006311782398275900e-01 5.033860875402702550e-01 2.800096184941274500e-04 7.143679900271692196e-01 9.992536689226688695e-02 5.811497851014915117e-01 9.076716538263897016e-01 6.509288796237969743e-01 1.048911241285429841e-01 7.372525635569072699e-01 3.010199153331373223e-01 8.054414850335102349e-02 7.398753363291792340e-01 9.315200952535667156e-01 2.129394084907438034e-01 7.334001316944228632e-01 4.906745770617608748e-01 2.026954607600787439e-01 1.407141795013921726e-01 9.566070180993804239e-01 6.593775516880578946e-01 9.863769892476476064e-02 3.226726339601919125e-01 8.618134244780509823e-01 6.694592960664800252e-01 8.243144920233949069e-01 2.560000000000000000e+02 -2.673000000000000043e+01
7.299929245612041262e-01 8.589274683513994368e-01 7.131475235226892861e-01 7.872909723193435294e-01 4.538258909775414462e-01 7.420616327307834048e-01 1.176283766714723983e-01 7.666608554665192976e-01 7.963804484690204522e-01 5.182793470380585577e-01 1.716294154997294319e-01 1.904264239544951054e-01 5.078441854007085254e-01 3.164448190039126363e-01 4.299321385810017104e-01 2.623271914598369545e-02 1.137290134549213821e-01 7.416955806179367228e-01 8.426680491703343323e-01 7.500141176909516094e-01 8.244373062666401353e-01 5.695934182792948830e-01 5.126691389332018942e-03 5.538315199865220251e-01 3.990320977278534742e-01 7.626843017135810365e-01 1.623852509330939720e-01 4.482081314345378042e-01 4.216199503857900877e-01 3.754611869163148596e-01 6.576131149185083791e-01 5.110274096484745954e-02 2.560000000000000000e+02 -2.720333333333333670e+01
7.974036861647653129e-01 2.088943351341312760e-01 3.672157936894929753e-01 3.836291951941803863e-02 1.991187096741315471e-02 2.719852843016020705e-01 9.252374668904957966e-01 8.203134321550162866e-01 3.999693773897597393e-02 7.366878468475536179e-01 9.363259498184026697e-01 3.254680946219351001e-01 2.820030025341288549e-01 9.165912160998095359e-01 5.547582588204521548e-01 4.118633484972956255e-02 5.767843192721168188e-01 8.058967910859330397e-01 3.933269471763822106e-02 4.103468205285062398e-01 6.783616687458818850e-01 9.527799059218785560e-01 3.880545001249601222e-01 4.175409305491766809e-01 3.597425712892839966e-01 5.595502463285514372e-01 9.597359354782267760e-01 1.706606034036823871e-01 4.640126910889033618e-01 6.522266451141995880e-01 5.427103819643114280e-01 1.874692952120950995e-01 2.560000000000000000e+02 -2.555000000000000071e+01
9.631600605217974786e-01 5.775245184194551795e-01 5.542202998801660785e-01 3.288752146376044405e-01 8.269858628019233215e-01 7.108104566023538684e-01 4.741490552555317761e-02 2.016064943269225695e-01 4.507296422056150109e-01 3.719172239656190482e-01 8.941098881043634261e-01 4.979397244398152678e-01 9.996268829186405469e-01 5.365357993096251388e-01 9.207189083974459676e-01 6.120338637524895820e-01 6.878154892080495797e-01 9.745881899606989585e-02 7.404384454238603641e-02 5.389426122281187892e-01 6.933714399753838631e-01 3.258562511715824839e-02 9.707809027690599279e-01 8.393959662740377858e-01 6.040572968590225411e-01 5.850281062468187798e-01 6.242023380668951793e-01 2.057310425514385574e-02 7.370018373790987454e-01 4.251940481798132110e-01 5.235106407158460762e-01 2.079328121444190547e-01 2.560000000000000000e+02 -2.568333333333333357e+01
3.087034056579238822e-02 2.872877560090278740e-02 8.653284191029075867e-01 5.101779257322749395e-01 9.714207587089285223e-01 7.544634620786730972e-01 1.618899683982257809e-01 9.782091504985472585e-02 5.083786472892806163e-01 8.614113313099289737e-01 2.679388875091015532e-01 2.072390011326689097e-01 9.265875924206051772e-01 7.823679907658038779e-01 3.982009472825043250e-01 1.673217999264210998e-01 9.867401361317509334e-01 6.952082185244291557e-01 1.880341626258696663e-01 5.942563621059696599e-01 5.696286996053845364e-01 6.617476681906518943e-01 5.240573447526793993e-01 3.039831808173886277e-02 6.283174260201278560e-01 8.651321221814183282e-01 8.163472485540137491e-01 7.153570007378906581e-01 9.303968070945785040e-01 7.310350721521610695e-02 4.641959863672019959e-01 7.757245831001920999e-01 2.560000000000000000e+02 -2.519333333333333158e+01
4.764503527984788600e-01 9.434625684076954899e-01 9.510567757770663766e-01 8.844578570197746403e-01 6.126021285304638075e-01 1.916381728693959952e-01 2.499167786318880480e-01 4.156577309560869904e-01 2.831685774052919435e-01 4.440165501352817401e-01 1.405470425991337934e-03 3.412915467332881536e-01 1.412184016351026583e-01 1.927290415515472977e-01 5.142436297848173021e-01 1.340750370422004178e-01 3.599476987385586968e-01 5.342156652031638808e-01 4.798248956649088237e-01 8.497281605670334304e-02 3.421430159577896202e-01 4.026114737921336617e-02 5.408771832531377166e-01 1.568282877060238889e-01 7.223675896523726880e-01 1.873145900980404677e-01 9.431522033800144866e-01 5.039273549098505223e-01 7.204968374209314019e-01 3.923281327188873346e-01 7.731374731434627057e-01 2.842585016229235984e-01 2.560000000000000000e+02 -2.553333333333333144e+01
1.426222035981760672e-01 9.107293232955424589e-01 8.575162235967076496e-02 1.420913427527480122e-01 4.084803527691068803e-01 2.146784028498989472e-02 5.872077383095184455e-01 2.407953273527357607e-01 3.957333458492031664e-01 7.375699114425514624e-01 4.588824055956782222e-01 9.761929492998767666e-01 1.840380727689879814e-01 5.919749100153690741e-02 7.869390922084354423e-02 8.706526442451748560e-01 8.496897922317011576e-01 9.371174017201279183e-01 5.012703536480948019e-01 6.648703629328114317e-01 4.445124258623669444e-01 8.272181602681668577e-01 2.425817592395371203e-01 6.731297749681988130e-01 4.577664489410222803e-02 2.369853330121043655e-01 2.519708584930979711e-01 6.452530787344635810e-01 6.432971911549746347e-01 8.849664156338398202e-01 3.553868716777011660e-01 5.740023974028722886e-01 2.560000000000000000e+02 -2.533333333333333215e+01
7.117445925068711654e-01 7.149799319906910977e-01 6.260389977439805298e-01 9.058725571253682940e-01 5.707586153596052592e-01 6.484032665740800949e-01 4.147940200372667863e-01 6.003708090118342611e-01 6.612586554982764486e-01 4.062959552844211952e-01 1.171564640087661147e-01 6.188608050814712325e-01 3.538111109283441635e-01 4.775801416112860354e-01 2.988370410780637476e-01 2.155483107435836043e-01 6.686816511856124023e-01 9.965090809786660841e-01 6.491606659503577070e-01 8.090583029287906625e-01 5.019131553246904132e-02 9.912688572000777354e-01 9.183224254166925116e-01 9.702240401605439768e-01 2.269755248598592789e-01 8.497518616628524368e-01 9.225486635475894648e-01 2.973816788069763573e-01 5.891145832907237478e-01 6.353312823807475418e-01 5.643203467248755212e-01 2.984884254241708668e-01 2.560000000000000000e+02 -2.326999999999999957e+01
9.770489158995802059e-01 8.940976327494291054e-01 8.302307100645134330e-01 6.033580370372655377e-01 1.552839872778448982e-01 5.323796114399413915e-01 2.885496731632908873e-01 1.676254457099307649e-01 1.523954496584773999e-01 6.732805487773806385e-01 8.361741393347881246e-01 8.595457367141427774e-02 8.628097404122830882e-01 8.655729450573447503e-02 5.436530958484501325e-02 5.392329768179170424e-01 9.693684029101568012e-01 6.555320560837513133e-01 6.480774469431971330e-01 2.816466113710127880e-02 3.750015739436312057e-01 6.871889250059226573e-01 7.859821388458447800e-01 5.103240164121516376e-01 2.392560901474725388e-01 7.235406693152115487e-01 3.324457829373105022e-02 1.060052670255479286e-02 1.079364957860068502e-01 1.311635402501095393e-01 1.620340839570994507e-01 4.908909884112294675e-01 2.560000000000000000e+02 -2.601000000000000156e+01
3.837932107409603999e-01 6.119278119345711309e-01 7.239702591572738655e-01 9.146525176009558944e-01 3.219124712878402295e-01 4.806717823642708137e-02 5.715194209005685089e-01 6.452221310819968858e-01 9.158383587021239336e-01 1.144077582024434769e-01 3.512818897725495382e-01 8.348588263943360621e-01 9.579236282644157940e-01 4.394150637589990804e-01 4.783566160685974178e-01 2.590493746612161918e-01 6.216841439222273724e-01 3.828297171423311052e-01 2.215915744585487401e-01 8.717210232599112985e-01 1.037794630038823690e-01 6.286117407733864404e-01 6.729947799184347046e-01 6.903107287334628861e-01 5.680794590065744165e-01 3.232757149664905461e-02 5.488430509012334202e-01 2.778401755211324931e-01 8.055966039001574153e-01 7.765122365678134297e-01 2.855164506907566513e-01 3.461441302545235077e-01 2.560000000000000000e+02 -2.635666666666666913e+01
5.142135713917879158e-01 9.770104640388650452e-01 1.670243871289153192e-01 5.952987943667192861e-01 7.964628142909122577e-01 1.531906825031855990e-01 7.460529775068489577e-01 9.481684913392105507e-01 1.870201404365442466e-01 2.991864031091354126e-01 9.123961670985805128e-01 3.797803998196378483e-01 2.995677632054147832e-01 5.700135025472022887e-01 5.724688850986507302e-03 1.452444319175493770e-01 7.882317441982142903e-01 1.794464054228040450e-01 9.241493495226799082e-01 9.994490463771545929e-01 4.148217225649831197e-01 6.484331536489440495e-01 9.390271921779380637e-01 8.530397482573065515e-01 9.657504682113330352e-01 6.543399555486469898e-01 2.131410762511257717e-01 9.476316292083297732e-01 8.453633327891511007e-01 9.124815977977784875e-01 2.095268241078662719e-01 9.136710016916439747e-02 2.560000000000000000e+02 -2.449666666666666615e+01
3.649443698758988996e-01 6.742043151886965013e-01 3.404224477438220209e-01 2.477492572910472424e-01 2.049104399421507461e-01 3.069885145215719424e-01 8.466076651821133892e-01 5.672200276021431842e-01 6.377452508144583476e-02 5.731763578380419943e-01 6.218743773052571450e-02 6.557175082269351973e-01 9.774302336709114192e-01 9.753513975154975979e-01 4.567288424712964007e-02 8.130992092749524114e-02 7.493089750192242215e-01 2.810087146382263257e-03 7.996612184136369095e-01 2.380631507163388783e-01 2.930978853182891752e-01 4.570834110861907162e-01 5.639897147865080562e-01 5.411751724952723608e-01 1.074801477029335289e-01 4.479574492341997088e-02 7.865998854174426347e-01 3.173674127395060829e-01 9.690907182598853531e-01 2.541980178032742788e-01 2.358378505953686588e-01 7.702038282574875661e-01 2.560000000000000000e+02 -2.448666666666666458e+01
8.571298068153134775e-01 8.180239372560502709e-01 3.026510040765870158e-01 2.847456015807514618e-01 7.632322080600985048e-01 1.106262682221928195e-01 4.284616429193034426e-01 9.289509409446305988e-01 8.288980075593638253e-01 3.207367226951490236e-01 7.655425375603560623e-01 7.151647518321699870e-01 1.792654339817563447e-02 7.307559132735514940e-01 9.006930459704124425e-01 5.918194297773385903e-01 4.448956950970360813e-01 8.768977138034098617e-01 6.302778774947175311e-01 6.345170804497333172e-01 9.482162281705919238e-01 9.588641541002333735e-02 3.822391529938151677e-01 2.199219436136300998e-01 5.417861041405879208e-01 7.189857065948934700e-01 1.420649524870394309e-01 2.055534216579595341e-01 8.651475387009047724e-01 8.279461073056290088e-01 4.094335501313317582e-01 4.679153694355684401e-01 2.560000000000000000e+02 -2.680666666666667197e+01
6.963538405222606809e-01 5.117881812978071487e-02 3.730969464825299453e-01 7.396338046720719595e-01 7.207610170492794177e-01 6.768541738812886566e-01 9.846819739197474330e-01 4.407886414489996518e-01 7.732333892713098011e-01 2.821697361030753859e-01 2.893132823570122580e-01 4.812862663995464141e-01 6.568783825658701669e-01 9.582797285768708262e-01 9.831301082128168778e-01 3.499689373222513722e-01 6.506026181803753472e-02 4.213292579820231420e-01 1.222474330011736887e-01 1.369255564988660356e-01 1.800653636061397556e-01 5.563225597982903725e-01 7.157271668639443307e-01 7.605623618508902672e-02 8.201745871123128362e-02 8.393210116277776134e-01 6.032027328536609251e-02 1.069005559088493096e-01 4.746914772657855330e-01 6.721319182769343037e-01 5.580442839746075911e-01 6.220823340639876076e-01 2.560000000000000000e+02 -2.654000000000000270e+01
3.255562885427667474e-01 4.154615020174291518e-01 5.957076520969161182e-01 4.674654221402828602e-01 5.238913940186945561e-01 6.662671997724483042e-01 1.408044393770706559e-01 8.421569842386836813e-01 4.711590027408616987e-01 1.666701158186531251e-01 7.065561927880514848e-01 7.313323801513430533e-01 9.403011103883729405e-01 7.411117999791735356e-01 8.441327705303247608e-01 2.697034556951178330e-01 4.092371080498345970e-01 3.262235778753037191e-02 7.100989585813719529e-01 1.518245908925990872e-01 4.303321258295966234e-01 7.853371275069168655e-01 2.680141958163050411e-02 2.766724818941277975e-01 9.602918822858904635e-01 4.086509894079771721e-01 1.911319731661690335e-01 2.578966430275638211e-01 8.359466213542094959e-01 8.570842347580684972e-01 2.251114282908140141e-01 1.143004675059749592e-01 2.560000000000000000e+02 -2.575000000000000000e+01
2.898169631252180412e-01 4.557299707576763503e-01 1.877094245903198622e-01 6.564236891717676325e-01 2.127824380849057673e-01 8.674712166928008061e-01 3.516020656518508702e-01 1.574576248882203489e-01 9.565478408325470694e-01 9.757131382873546199e-01 1.254485035278584126e-01 8.789468338299470940e-01 9.703641767638704341e-02 9.052744471140181659e-01 4.100811441571897698e-01 4.719766887188499016e-01 8.061740471702908417e-01 1.598780476097463321e-01 7.769206407844293505e-01 6.798688981950661292e-01 2.001083663616723685e-01 9.114287617059931845e-01 9.053559167874420943e-01 6.385383812205540632e-01 7.772790491510008781e-01 2.177024058544693164e-01 3.132157216926413912e-01 6.678927106531776792e-01 9.120932972046870424e-02 7.513477618625128418e-01 7.501939079077114547e-01 4.927720367351126063e-01 2.560000000000000000e+02 -2.526333333333333542e+01
2.433128654822614700e-01 1.613572959859432276e-01 7.385003418018025734e-01 3.757697318122791841e-01 2.813799751443606390e-01 4.186762791465121758e-01 2.443775298843667981e-02 3.122466845906058941e-01 5.157554920191022019e-01 2.658431714223401521e-01 9.995851130677085861e-01 4.418222714678428642e-01 4.466435517965173241e-01 6.760108410132015244e-01 1.570655775813974420e-01 1.872295043900369105e-01 5.302494792408581903e-01 7.699424837543551448e-01 9.993369430425915745e-01 3.668919420497809836e-01 2.372527699417436298e-01 5.329509538474809238e-01 6.480376006911093834e-01 9.867559081502325080e-01 8.287583468722762303e-01 3.310557269355941523e-01 3.882239914223497568e-01 5.523495750000572135e-01 7.189648413458219478e-01 8.174730243735159885e-01 9.366330592468573302e-02 5.346839207404562311e-01 2.560000000000000000e+02 -2.517333333333333201e+01
8.831449564362949811e-01 3.499899260358423914e-01 2.832159168948946704e-01 9.345159981836469454e-01 5.693625210524327906e-02 4.411694126899896595e-01 5.196027193407375400e-01 4.652622554495141061e-01 3.507599425483762801e-01 8.390450688605952667e-01 3.747653830389699459e-01 6.916943067838383641e-01 5.202471674109403477e-01 6.064952714159822511e-01 2.672132078377382203e-01 5.483970834290244900e-01 6.573851904572214355e-01 7.262660157683291651e-01 3.350703008479593015e-01 5.083311158775560834e-01 5.726820428074429203e-02 3.188781629054713851e-01 6.854903583359930330e-01 9.895586621195470722e-02 2.907602274202523152e-01 6.733157110590466399e-01 7.989008863621765988e-01 3.597138748507809625e-02 2.585914724858157654e-01 3.154587174877666045e-01 3.392333683790855203e-01 8.432089246874369115e-01 2.560000000000000000e+02 -2.714666666666666472e+01
8.793892795290891851e-02 6.660692807521562120e-01 1.401642583449635437e-01 2.390041117522518077e-01 6.572252248919113748e-01 1.338165372513434037e-01 2.274701337743870733e-01 4.794280197319517600e-01 9.800568229436204537e-02 1.286151810707845400e-01 5.183502124052510179e-02 5.675265506986935105e-01 7.422270561835965230e-01 1.982990352446671600e-02 2.827847125126898842e-01 2.074762961517231108e-01 2.749155668272916242e-01 3.879502587720543572e-01 1.295404812495946079e-01 8.577686050223096714e-01 7.994201299946059880e-01 6.719852342825071156e-01 1.672977511021868369e-01 9.331088666752345162e-01 2.550042852721407516e-01 4.964231455797962766e-01 1.094519677632152937e-01 3.440235219016247181e-01 5.218200890967273908e-01 4.501509775314359585e-01 7.116230049637336519e-01 9.824912874597524493e-01 2.560000000000000000e+02 -2.504666666666666686e+01
4.860923737723970087e-03 3.711873059278132381e-01 1.560699652274759874e-01 5.443488429947286322e-01 3.484424973443274176e-01 9.450115103360626767e-01 4.822517784556946685e-01 9.381946430434502382e-01 1.735364431222491122e-01 2.152442226594092622e-01 6.043929004755010936e-01 2.221356708224664356e-01 3.707371095280264650e-01 3.548509894680801358e-01 3.170932298222906009e-01 6.684412791084336225e-02 3.699531894627944850e-01 8.521155980605739089e-01 8.725883768529506535e-01 8.044082060734314421e-01 7.710864027989234870e-01 3.367316858016956016e-01 8.440200518569174193e-01 1.858182863473492596e-01 3.703920684406904473e-01 5.151608503314911713e-01 6.373848040491786326e-01 6.591411418060552085e-01 9.865030669237601080e-01 3.293455129886693755e-01 9.188532535015514480e-01 3.498149142599676215e-02 2.560000000000000000e+02 -2.576666666666666572e+01
1.866131312660327390e-01 1.022746525159715647e-01 8.963167492831899397e-01 4.936533570851387442e-01 9.908765875371191578e-01 4.992772895540517619e-01 8.246064861170663285e-01 8.946380128494464401e-01 6.941074119135320908e-01 6.509910461311870788e-01 2.122929041369267800e-01 1.355976561626370258e-01 2.330682584036159188e-01 2.869820777680843205e-01 3.404233566168281544e-01 6.413461399691304798e-01 3.112919061296924930e-02 4.084835295569987923e-01 6.923451720566475842e-01 1.721540252863323905e-02 6.023119857726739745e-01 6.109104015303429280e-01 6.248496422884830537e-01 5.059284602741381809e-01 9.120273983720098010e-02 2.934916834509036510e-01 4.160756245747820881e-01 2.428873237667177887e-01 9.564982005641764484e-01 5.052594219825211619e-01 5.885316614504444710e-02 9.743342477373380106e-01 2.560000000000000000e+02 -2.825999999999999446e+01
4.986548659511319537e-01 4.216461830256109100e-01 4.088538398802553653e-01 9.727167791802768804e-01 2.310870681925284442e-01 6.875863251920905084e-02 3.283128587575515622e-01 5.795016361814631090e-01 6.444243279576368222e-01 9.945472823030792053e-01 1.553824788319124461e-01 5.585556967426154040e-01 7.349066726253024040e-01 9.846706548755956856e-01 7.611064053323471912e-01 8.777732159247764177e-01 2.387483436651942348e-01 2.470978721097575326e-01 9.534555174963803975e-03 5.223528974384910040e-01 7.059062362661756573e-01 1.482773013697995246e-01 8.253265304252366263e-01 4.478521032970622096e-01 9.976949421034055909e-01 9.108601041812185439e-01 3.839383211839048626e-01 9.187791214124977346e-01 6.015854450088624628e-01 3.690972469991455479e-02 1.111148067478391205e-01 4.116329735590699146e-01 2.560000000000000000e+02 -2.734000000000000341e+01
9.328207206798069251e-01 3.983632143999884523e-01 7.598337586253975928e-01 4.548424504188546269e-01 1.328908035371182961e-01 3.895820694680035556e-01 8.064923593948807312e-01 6.879615323344836497e-01 2.325102614186061734e-01 8.431435720779033582e-01 7.209390272246655185e-01 1.039982488455781090e-01 4.374869510855326077e-02 8.561499874315098291e-01 6.342289059635138893e-01 3.513410659292451332e-01 5.029857863438711441e-01 7.834827704711265772e-01 5.834813881078568798e-01 6.425982367115046223e-02 2.799609224801076213e-01 6.794439825605698424e-02 1.481525593593761847e-01 7.658987738626810149e-01 1.008091318033584906e-02 7.739285674091903600e-01 3.323101729339706933e-01 5.753945391763897188e-01 1.798859481807259797e-01 4.605622186297387288e-01 2.515924069115623718e-01 5.496115840834083777e-01 2.560000000000000000e+02 -2.505666666666666842e+01
7.516064527458933275e-01 1.411763174098311924e-01 7.945187456630409262e-01 4.202880617089155835e-01 8.775013085342950880e-01 4.658361333209062316e-01 8.843473181128210792e-01 9.941961615479447678e-01 9.103904605921778748e-01 3.475800787208325193e-01 9.726069705110229613e-01 2.315847139941597244e-02 6.004707157735700296e-01 7.994970179794962384e-01 2.166072552878190241e-02 4.492691013475905160e-01 7.338598123592557920e-01 9.046654864132189777e-01 3.185786383847898917e-01 7.320358013281724752e-01 1.572761997792111455e-01 4.265513707995666204e-01 1.932466409448490297e-01 2.285552135135726637e-01 7.030969257609448464e-01 3.855947377961302380e-01 7.171942513673800201e-01 4.787629735213410620e-01 3.586893950787486962e-02 8.014427459639166251e-01 3.108366316556621101e-02 6.936910426007067976e-01 2.560000000000000000e+02 -2.514999999999999503e+01
8.961220308683212066e-01 2.302044814003543494e-01 7.808580961081638128e-01 3.452658675278143519e-01 5.340354991190082723e-01 8.159658425040658969e-01 1.976802800408440364e-01 4.531879003368753656e-02 2.163485724634383045e-01 1.627950606945870182e-02 4.372177807660037607e-01 3.917441423346899043e-01 7.003282401577265448e-01 3.813830214567753285e-01 6.681492841406392325e-01 9.218565758725216774e-02 3.200481827097864107e-01 8.922219307515777409e-01 4.624052310205601923e-01 2.712840521471709954e-01 9.982514824479792326e-01 3.031757514111845797e-01 2.473168577249583722e-01 9.613435743355365215e-01 6.124147282660637875e-02 1.587896386621512057e-01 4.531838119960899802e-01 3.922546243906592789e-01 2.817950378964546587e-01 1.154971058863612510e-01 8.421474737590822768e-01 5.397245467347077524e-02 2.560000000000000000e+02 -2.562000000000000099e+01
6.078625759861870648e-02 7.525096239911059914e-01 4.710874095423872587e-01 7.570220938308950265e-01 6.955947414423530040e-01 9.811214834302308674e-01 7.579505525594691928e-01 2.975873109820783013e-01 4.365819871494521776e-01 2.005462776167296901e-01 6.918115045636455962e-01 3.553189565219497803e-01 5.315024174860715211e-01 9.408839212156788756e-01 5.763535709672236163e-01 9.337941410122859720e-01 7.029854590836819295e-01 5.801488079550197741e-01 8.412076391938052566e-01 3.382745895594168606e-01 8.356603795532866474e-01 6.116062873872866665e-03 2.994966049694606780e-01 7.276712963176517057e-01 8.964834511484387480e-01 6.890929266856967716e-01 4.262445338495414737e-01 6.025229760086594499e-01 2.646316293661457597e-01 5.437583147952340656e-01 3.777026200441148118e-01 6.548104011532988045e-01 2.560000000000000000e+02 -2.563666666666667027e+01
6.635033417392857125e-01 9.638367405288954526e-01 4.418349306435170321e-01 2.647759689802522409e-01 5.929768067801586273e-01 6.875596648435533531e-01 1.780952614957660440e-01 8.689225833502585150e-01 3.234826217056174236e-01 6.302733303634114881e-01 3.989493537942201962e-01 2.984278239319030357e-01 6.472198513668105113e-02 1.201745486392082896e-01 1.197586846189480220e-01 7.882837231714321380e-01 1.453688492578810443e-01 6.916045618257669891e-02 5.344497158953691596e-01 7.618598749186834551e-01 1.116414913009862453e-01 9.686923642450271377e-01 2.242888866497967648e-01 7.486684013412454597e-01 8.651975984312857415e-01 3.930668508301938813e-01 4.719590170061112311e-02 3.840214684195071837e-01 5.440664453584046489e-01 1.552796391867468651e-01 8.912360898334583670e-01 2.176251622625682836e-01 2.560000000000000000e+02 -2.637000000000000099e+01
8.063208885134721948e-02 4.971502973814208026e-01 4.215728032098448042e-01 1.386310303890944395e-01 8.670503246085368154e-01 3.734754833795856377e-01 3.913515708748063759e-01 9.766797557663559060e-01 1.392570146995458502e-01 3.218142810038481655e-02 3.206465831697592472e-01 1.460800165668361683e-01 1.083837275990751081e-01 3.127886501755662296e-01 1.826720786003950270e-01 3.898226499710341075e-01 5.155384270936835822e-01 6.191985525843087812e-01 4.032196434214127545e-01 5.583387942119072411e-01 1.605010790662416420e-01 7.572346263130251831e-01 6.044295300682361177e-02 6.618745129942774641e-01 6.678479437755630022e-01 6.094510145435484867e-03 2.929482434297310811e-01 4.588923173672698197e-01 1.702602143496800557e-01 5.242273377946412571e-01 8.655717350928855414e-01 2.341245546421346913e-01 2.560000000000000000e+02 -2.580666666666666842e+01
4.251633582136700173e-01 5.471223195990178034e-01 5.964071435261403958e-02 9.978816681563322799e-01 8.431126422597166048e-01 6.071379659250832894e-01 8.599416196232185783e-01 7.120925902062232860e-01 7.153025866341174988e-01 3.683431541153699973e-01 5.091122149361664295e-01 5.386573217225846255e-01 6.316779904088828390e-01 1.749924282503850514e-01 8.013119992312076612e-01 3.215646470664447198e-01 5.518296281929691016e-01 4.990494778030216821e-02 2.758265959086782584e-02 3.792281827531998606e-01 3.325784435805860251e-01 8.154674788106470729e-01 8.065101439125029748e-01 6.294761495262527484e-01 3.267193848962834934e-01 2.065869916309487631e-01 9.680288692278150586e-01 4.341470587616515497e-01 5.616048316569866028e-01 9.847909782406653045e-01 4.848648908173932015e-01 7.897388730935053225e-01 2.560000000000000000e+02 -2.475333333333333030e+01
7.596499674414962655e-01 2.805344037415220537e-01 4.943260695950239536e-01 7.925761208773076660e-01 4.758776273572034032e-01 4.747770633085953706e-01 9.780268444679425244e-01 3.654520721828033447e-01 1.170197845392171726e-01 9.627520254048221870e-02 6.690660411572462163e-01 8.051548701475279568e-01 6.677278712863640164e-01 2.248732618211103929e-01 4.957690101910557368e-01 2.807433552267606380e-01 1.883716056206889309e-03 9.476435325708889579e-01 1.659196973842835543e-01 4.829540568517798338e-01 5.272631038496843336e-01 8.808085963830973864e-01 1.350746608836233820e-01 8.711068600380428295e-01 4.245314718979091295e-01 4.609874193646236740e-01 7.713037202028946160e-01 3.010919278652083309e-01 1.310738539059986829e-01 9.804324893087488224e-01 7.676297167267954746e-01 9.075683847663520432e-01 2.560000000000000000e+02 -2.497333333333333272e+01
9.183229704906008539e-01 7.727186595364037291e-01 8.179792738972126998e-01 8.545304724706368482e-01 5.597576013884146828e-01 9.529929176611913189e-01 6.058829377173595432e-02 8.042472632140685862e-01 8.690199334372787632e-02 8.208962205907373022e-01 7.408792754915602963e-01 2.857439904754530691e-01 7.959128474803813802e-01 9.994241121590451138e-02 8.157691148620368482e-01 8.141990358839279462e-01 4.628403437263973741e-01 1.508187988013335867e-01 5.251558543647680821e-01 4.640064976496234839e-01 6.270062786546801714e-01 3.688930115020512268e-01 7.374581210174155355e-02 9.278451294506890878e-01 1.944842395788733969e-01 4.349665325065959487e-01 7.706733343757454779e-02 5.147408614841522123e-01 5.026469662378942882e-01 9.104947093952305837e-01 9.750530572823769004e-01 3.309530925948303004e-01 2.560000000000000000e+02 -2.607333333333333414e+01
3.144650162694963558e-01 8.418219335075720344e-02 2.606406219227276888e-01 3.645659846487200317e-01 3.536439956789932948e-01 8.391076892428716016e-01 5.045387879412417398e-01 4.213407522346939160e-01 4.761885573276997130e-01 6.105781610769737133e-01 1.867817405336510417e-01 6.060727190711906465e-01 4.110832304929319947e-01 5.470270954327235424e-01 7.834061091657259501e-01 7.610525542944810429e-01 1.605604854386858682e-01 9.233884731440219484e-01 8.870091613516152274e-01 3.121338142729187526e-01 8.748306940127319464e-01 8.730214087950955992e-01 9.533644235137108680e-01 9.078749030852608648e-01 5.146085893920703258e-01 3.647263495397309319e-01 8.280757748194433887e-01 7.599075277471283030e-02 4.408032669660422176e-01 5.840238134650489465e-01 3.869691349031748606e-01 1.435303427110387053e-01 2.560000000000000000e+02 -2.667999999999999616e+01
5.909836149829276186e-01 3.618177060220495456e-01 3.198291847607871441e-01 4.822509905285146670e-01 4.566450321675464830e-01 9.226418013348922642e-01 9.073418300015427818e-01 3.379557872451071643e-01 5.992389778499368491e-01 7.876310029565646298e-01 5.056080335367977296e-01 8.560607020833607139e-01 8.261758047964515295e-02 7.596990452504585045e-01 7.073082336913797397e-01 9.608630575330222579e-01 8.118481415966382064e-01 4.738626388231341746e-01 9.433514719803121062e-01 1.951469102429681246e-01 7.863996500856570426e-01 1.075427592607564597e-01 8.797377044749834507e-01 4.756383108817752725e-01 4.670876193959904166e-01 9.812130155055717173e-01 8.301832066625299336e-03 9.318560245868279246e-01 3.092898456762034898e-01 3.497724979566645964e-01 4.965455208103157492e-02 3.707413933805610018e-01 2.560000000000000000e+02 -2.573666666666666458e+01
3.910851199314018811e-01 9.936428898178026881e-01 1.170370898056991293e-01 7.001969954744824420e-01 8.156463078232940866e-02 8.321974005742702185e-02 6.910646259381834078e-01 6.820413259166936415e-01 3.776346852080128547e-01 6.949286831253879138e-01 2.621905186458337034e-02 2.799992064491237387e-01 7.599103663265459607e-01 1.992782779973097662e-01 2.602410516684935948e-01 7.309905422133948782e-01 8.812687072917722020e-01 2.704704984548635394e-01 2.461483652851317039e-01 6.251683495580889760e-01 5.904155054203580333e-01 9.187695911121003256e-01 6.518794441371543735e-01 4.663946374583100574e-01 7.476502542740357526e-01 6.400229721075951783e-01 2.294180973279871527e-01 5.957977024610289218e-01 8.988549137392313204e-01 1.126800205594691816e-02 8.645789529844306875e-02 1.738497013200680508e-01 2.560000000000000000e+02 -2.756666666666666643e+01
6.444606114147723996e-01 8.252276231479276358e-01 9.317562006927690987e-01 8.165031048724490370e-01 1.922405642856993557e-01 5.660866119709030420e-01 4.662733299308450263e-01 5.948801731302798962e-02 3.015187036541535082e-01 4.019314253876717369e-01 2.441967302956957742e-01 4.677431112921191514e-01 7.749897018790491421e-01 4.946037295215932605e-01 9.655389738014822365e-01 9.084229969086196066e-01 6.329948479684626150e-01 8.118869735238135599e-01 3.767587741130327128e-01 6.851253297567183598e-01 4.961704109771364890e-01 2.004570868721098353e-01 3.543056523783481571e-01 3.639298092036022947e-01 9.349536396061511878e-01 8.780692237159583302e-02 6.041980558260755529e-01 5.386563677680620277e-01 2.342800518404263566e-01 7.216307051158203922e-01 9.845926005047220819e-01 9.491724382393209591e-01 2.560000000000000000e+02 -2.717000000000000171e+01
7.814303187906860293e-01 9.123134707315884162e-01 4.801399798270795105e-01 8.304488520320372213e-01 4.899496899165673575e-02 6.299674330952210743e-01 9.557396939177412731e-01 5.584329297899416344e-01 4.076835843296526818e-01 1.905312909503282803e-01 8.203703588430702465e-02 1.186903781047832923e-01 4.264259073883564510e-01 4.102232172175616642e-01 9.566805446445343364e-01 6.792367572873215797e-01 3.455481885242452922e-01 6.352719073327501853e-01 3.052724073635417756e-01 9.245928775784175713e-01 6.605636747324783453e-01 8.563395670543201277e-01 8.194162339392280225e-01 3.984461284721172447e-01 6.574753186914359393e-01 2.666015276687643265e-01 5.095811861990767744e-01 7.935020784388442383e-01 3.780604902388839950e-01 2.255750236547296728e-01 4.947395223794814889e-01 6.134378294744075033e-01 2.560000000000000000e+02 -2.541333333333333044e+01
9.996316778723961516e-01 2.220135170441421002e-01 9.185855743450327404e-01 1.118182405015782643e-01 9.545066100126888831e-01 9.957684054169134713e-01 5.310761929535841031e-01 3.298176369188105528e-01 5.871864727009384888e-01 4.237255803849134250e-01 3.102502060238651049e-01 1.683455569586083944e-01 3.434974320608892295e-01 2.478635234272044408e-01 2.430949037909375665e-01 1.208063185036090115e-01 9.591833817723676159e-01 7.081436645382716000e-01 7.555951328071331963e-01 2.925766907196110100e-01 2.662966279305159500e-02 5.183666535503653749e-01 6.051885282734184024e-01 5.751313088049839761e-01 3.133657085460457292e-01 7.483908196233328702e-01 5.061372031373921887e-01 8.707504805980058604e-01 5.357084230539607139e-01 6.262581103503344071e-01 6.136566513682538693e-01 1.375186306607627806e-01 2.560000000000000000e+02 -2.581666666666666643e+01
1.684790698198213033e-01 2.951779322290873364e-01 6.779006441363465418e-01 6.468619392854433325e-01 1.123383422165388501e-01 9.011937468961636055e-01 8.792768767035419319e-02 7.295725585579553307e-01 5.489717635077120406e-01 2.453347491654359058e-01 7.759381131292240052e-01 5.215485406010523795e-01 5.462522713686184250e-01 8.412782623647587776e-01 9.467259739470926805e-01 4.299973102264427194e-01 9.462176861065321187e-01 2.120211188045501016e-01 4.252368869106189497e-01 1.217702458450081737e-01 2.529338371240369421e-01 1.595293297014397371e-01 4.392972723302308036e-01 8.777452382728317959e-01 7.620974514171690029e-01 1.388011068668683345e-01 8.701743066367004786e-01 7.016402742541506532e-01 1.503343149595549877e-01 2.661762476849339754e-01 4.418004804802738161e-01 7.365949306845879230e-01 2.560000000000000000e+02 -2.625333333333333385e+01
5.677625972885947947e-01 7.353832164176413722e-01 5.988990433904094468e-01 1.582714267986808920e-01 3.131376524664316596e-01 2.833475363001349279e-01 4.344354559348295036e-03 7.526456138222545889e-01 2.694304925173847676e-01 4.886613911692826440e-01 4.867787862713617297e-01 9.836237515479444582e-01 7.037005799512002779e-01 5.109940149228301420e-01 3.717872853682275269e-01 4.830318996813230403e-01 7.571313604739302594e-01 5.010540522055532131e-01 5.486996051983915601e-01 2.464980063547696221e-01 8.524613144381729679e-01 4.443153125267043091e-01 5.469906070611763038e-01 6.081644329543355321e-01 5.474790876861740374e-01 6.178423097483787263e-01 9.178262355488657487e-02 1.870405172709423969e-01 9.237465332262767559e-01 6.886848190786296620e-01 6.887630203109217364e-01 7.499638171900662176e-01 2.560000000000000000e+02 -2.662999999999999901e+01
8.319846719651768918e-01 4.680017184523905249e-01 8.492600890457553398e-01 7.582752932829818493e-02 6.390215621299832893e-01 5.222803194440188701e-01 7.155147075476459007e-01 3.977983832151080756e-01 2.582193795244991930e-01 4.523485314831587195e-02 7.961593478615153208e-01 7.567786017015241118e-01 7.413629876896662627e-03 1.624100701629655266e-02 1.954613042902570430e-01 6.956294588012926772e-01 4.745237933628618232e-01 3.224526822343527499e-01 2.447908235422775469e-01 2.267236740502622805e-01 3.048201221931697291e-01 2.948409861449903802e-01 2.659376673546333114e-01 3.408644362775855585e-01 4.870538756795760871e-01 8.150774489132014411e-01 4.667860431355833062e-01 1.522930164647868234e-01 1.941850757592041843e-01 9.436389109777787443e-01 8.187311601441391584e-01 7.160963453148753155e-01 2.560000000000000000e+02 -2.788999999999999702e+01
3.339058420951572792e-01 8.692259903238231944e-01 5.705836757233948564e-01 7.246628179634858613e-01 8.850234258027610268e-02 3.420283160110568765e-01 6.376748342800485636e-01 1.230566942280022086e-01 7.238437915783949572e-01 9.479539328893965555e-01 5.584629054454868236e-01 4.128764899976202218e-01 4.032367873035138106e-01 2.667361669364349819e-01 4.472668949536806049e-01 6.314668871152125940e-01 9.130760233883454813e-01 4.482933524929355595e-01 9.406386862146833006e-02 8.950623908620548574e-01 7.676610516236494035e-03 7.036990984962069318e-01 9.837594848641051382e-01 3.258803431726211008e-01 8.851731420109862913e-01 8.014142537266276678e-01 7.341081617688298699e-01 3.547227537607257619e-01 2.122256970984313373e-01 4.765223673692907114e-01 1.410288506285675425e-01 8.837516503470774776e-01 2.560000000000000000e+02 -2.594666666666666899e+01
2.165645970845366530e-01 1.088432088665702568e-01 9.730902280033423279e-01 7.189641187041968529e-01 7.383324488723175261e-01 7.962324768027670974e-01 7.275396016446851188e-01 2.379008430727371989e-02 3.350015970045858854e-02 2.576705220224622117e-01 6.636209861914666996e-01 9.218150156505464654e-01 3.203499431005289999e-01 8.239086863117415227e-01 6.554180975243213414e-01 9.283011088691842660e-01 4.219520716445648856e-01 8.366042626727696607e-01 4.110168305246485465e-01 7.163766456329998533e-01 7.499291275313110239e-01 1.841045228316454674e-01 7.423771037628501546e-01 7.184178341687290636e-01 2.359664674881425950e-02 3.150101748001680191e-01 6.850166296952100442e-01 6.244197799178947683e-01 6.821285808355085356e-01 2.914479426887882085e-01 2.989876424504064323e-01 8.670289350650293159e-01 2.560000000000000000e+02 -2.607666666666666444e+01
6.204141686062184524e-01 6.382007416148541279e-02 6.656218353560152678e-01 1.012313196670965032e-01 9.076207591804618113e-01 8.583192223328499626e-01 6.562838398476265045e-01 1.039411286360363007e-02 9.923090234915661334e-01 7.985354186625954753e-01 5.935884247216365317e-01 9.505632413136571035e-01 2.136895296517271337e-01 6.967535570460402505e-01 7.477150337517078915e-01 2.380646887986067328e-01 7.556996667308109317e-02 3.001273924942105542e-01 3.602871209756898785e-01 3.241664926444013384e-01 8.839390180022119736e-01 7.485573275007744165e-01 1.903287548699323928e-01 3.697516212360945631e-01 4.955085685233222015e-01 6.084128238861535865e-01 5.796486891942328468e-01 9.655048353977258024e-01 3.353713419639069437e-01 1.605819759231549848e-01 4.267145113199674600e-01 8.035924569687452612e-02 2.560000000000000000e+02 -2.538666666666666671e+01
6.067486068336142013e-01 2.459695192785833207e-01 2.194953138025858008e-01 2.193224310759793183e-01 6.267228311571892974e-01 3.664350489272648614e-01 1.243296167884743592e-01 1.841607870836682592e-01 5.670351017581913844e-01 6.997020623250817251e-02 5.325502819344305472e-01 9.346499288600171873e-01 8.924976703824477609e-01 1.498854182650385669e-01 8.865087731831892137e-01 7.162537262295282092e-01 1.809849448511639536e-01 3.386554886304384282e-01 2.668171266588583168e-01 1.014882553734476889e-01 4.750350943283873084e-01 7.662701745010071230e-02 3.354661874227030660e-01 6.813156221691502035e-02 8.214017998136846632e-01 4.461921868943182212e-01 3.679200588725864418e-01 1.268144328675609167e-01 1.389956381022823366e-02 5.464449017069644698e-01 1.159826890235171604e-02 8.280022088475852415e-01 2.560000000000000000e+02 -2.632333333333333414e+01
8.733372113310479135e-01 6.894517518780330922e-01 7.009510801783871425e-01 2.928254520332750077e-02 1.055055853697513604e-02 2.305507922165258572e-01 2.347281885602474916e-01 3.852966972627305808e-01 8.155134741790490693e-01 9.397304752053300403e-01 4.540778130675264812e-01 7.845857663895493550e-01 8.534001779329453141e-01 4.322452694603474144e-01 5.929568075991108467e-01 9.878176581424703562e-01 2.270113433828012672e-01 9.801433529925206445e-01 1.944118599132164948e-01 8.893403123037485480e-01 3.914056699775736448e-01 9.328573728437115076e-01 3.208910006161367900e-01 1.709198507599249128e-01 1.293069551040319509e-01 8.847071714111387486e-01 8.957988122493047989e-01 8.416398426082259965e-01 7.821466399792628144e-01 5.975085514851269375e-01 9.392741751810492756e-01 6.317884302205222236e-01 2.560000000000000000e+02 -2.685000000000000497e+01
0.000000000000000000e+00 0.000000000000000000e+00 1.000000000000000000e+00 7.084038661210957377e-01 2.244817785189331394e-01 0.000000000000000000e+00 2.648899916713298164e-01 1.000000000000000000e+00 1.000000000000000000e+00 1.152042084134576906e-02 1.634294769631730593e-01 0.000000000000000000e+00 0.000000000000000000e+00 4.493758106062135660e-01 0.000000000000000000e+00 4.561985335096461005e-05 0.000000000000000000e+00 0.000000000000000000e+00 5.421132859793258429e-01 0.000000000000000000e+00 2.421736742667327247e-01 1.000000000000000000e+00 9.860260841092906015e-01 1.093118194414929162e-01 0.000000000000000000e+00 1.450213760107873714e-02 0.000000000000000000e+00 0.000000000000000000e+00 1.000000000000000000e+00 1.000000000000000000e+00 0.000000000000000000e+00 1.000000000000000000e+00 2.560000000000000000e+02 -2.715000000000000213e+01
3.838817600687620402e-02 0.000000000000000000e+00 2.945807199165886500e-02 3.124466761553964605e-08 5.278034113458903720e-01 9.722498466639728498e-01 7.916747135727597584e-01 1.000000000000000000e+00 0.000000000000000000e+00 5.571174080021440433e-02 0.000000000000000000e+00 0.000000000000000000e+00 0.000000000000000000e+00 0.000000000000000000e+00 0.000000000000000000e+00 0.000000000000000000e+00 0.000000000000000000e+00 0.000000000000000000e+00 9.308614111910472610e-01 5.349304157595582421e-01 7.731432468899637200e-01 7.400473198127186514e-01 0.000000000000000000e+00 7.524771643884767824e-01 0.000000000000000000e+00 3.056685238095270818e-01 0.000000000000000000e+00 0.000000000000000000e+00 9.317245984465093445e-01 0.000000000000000000e+00 0.000000000000000000e+00 9.999839953398237391e-01 2.560000000000000000e+02 -2.470999999999999730e+01
0.000000000000000000e+00 0.000000000000000000e+00 1.000000000000000000e+00 0.000000000000000000e+00 6.203416096460396822e-01 9.053190178415557053e-07 3.557757987378353803e-01 0.000000000000000000e+00 0.000000000000000000e+00 4.352349608727528740e-01 0.000000000000000000e+00 6.063619322354735219e-02 0.000000000000000000e+00 0.000000000000000000e+00 0.000000000000000000e+00 0.000000000000000000e+00 0.000000000000000000e+00 0.000000000000000000e+00 3.935314174341744686e-02 0.000000000000000000e+00 0.000000000000000000e+00 0.000000000000000000e+00 0.000000000000000000e+00 0.000000000000000000e+00 0.000000000000000000e+00 7.993624408877791909e-01 0.000000000000000000e+00 0.000000000000000000e+00 5.314330310800990942e-01 0.000000000000000000e+00 0.000000000000000000e+00 3.485067972486787791e-01 2.560000000000000000e+02 -2.378666666666666529e+01
1.171054048711644424e-01 0.000000000000000000e+00 0.000000000000000000e+00 0.000000000000000000e+00 1.030726729135810066e-01 2.863358952910171618e-01 2.846215383325137504e-04 3.803249679808113314e-03 6.538574183652912097e-01 1.002698341412453648e-01 0.000000000000000000e+00 0.000000000000000000e+00 0.000000000000000000e+00 0.000000000000000000e+00 5.873085784036758961e-01 0.000000000000000000e+00 0.000000000000000000e+00 0.000000000000000000e+00 1.000000000000000000e+00 0.000000000000000000e+00 8.686421102063808242e-01 0.000000000000000000e+00 1.000000000000000000e+00 0.000000000000000000e+00 2.260741756955133436e-02 0.000000000000000000e+00 1.142266650127926331e-01 2.054680801661748768e-01 0.000000000000000000e+00 0.000000000000000000e+00 0.000000000000000000e+00 0.000000000000000000e+00 2.560000000000000000e+02 -2.322333333333332916e+01
2.344115410251274448e-05 0.000000000000000000e+00 0.000000000000000000e+00 7.937814637552769170e-01 1.000000000000000000e+00 0.000000000000000000e+00 8.349356692812539560e-01 0.000000000000000000e+00 7.497244696257344687e-01 5.851559805232102729e-01 0.000000000000000000e+00 0.000000000000000000e+00 0.000000000000000000e+00 0.000000000000000000e+00 0.000000000000000000e+00 6.666182848768109626e-01 0.000000000000000000e+00 8.121488807267619459e-01 0.000000000000000000e+00 0.000000000000000000e+00 6.246269103874195761e-01 2.389585329267517738e-02 1.074448371386699380e-01 3.452125746553670604e-02 0.000000000000000000e+00 0.000000000000000000e+00 0.000000000000000000e+00 6.186524285802296429e-03 9.969288816954798849e-01 0.000000000000000000e+00 0.000000000000000000e+00 0.000000000000000000e+00 2.560000000000000000e+02 -2.322333333333332916e+01
0.000000000000000000e+00 0.000000000000000000e+00 9.875864611432320084e-01 5.310928186235992082e-02 8.398560985343497265e-01 4.707732826751510197e-03 4.265927431705048289e-01 9.530070458215980089e-01 4.267524434184798848e-02 1.868499008282212825e-01 0.000000000000000000e+00 1.701124302993072546e-01 0.000000000000000000e+00 3.610914126262496082e-02 9.199624669627953777e-01 9.890180417784565359e-01 0.000000000000000000e+00 9.427505323424127948e-01 1.565389246167355752e-01 0.000000000000000000e+00 6.806779520485722879e-02 9.977493113917980105e-01 0.000000000000000000e+00 9.222567408384665377e-01 8.404665750455249384e-02 2.579276216501668814e-02 5.811302744634895268e-01 2.466313560441352748e-01 4.165607938887722073e-01 1.000000000000000000e+00 0.000000000000000000e+00 1.000000000000000000e+00 2.560000000000000000e+02 -2.715333333333333599e+01
0.000000000000000000e+00 0.000000000000000000e+00 0.000000000000000000e+00 0.000000000000000000e+00 0.000000000000000000e+00 8.159692342463850112e-01 0.000000000000000000e+00 5.322144524880318972e-01 0.000000000000000000e+00 0.000000000000000000e+00 0.000000000000000000e+00 0.000000000000000000e+00 0.000000000000000000e+00 1.324867011688755092e-01 0.000000000000000000e+00 0.000000000000000000e+00 0.000000000000000000e+00 2.744705043843126413e-01 0.000000000000000000e+00 0.000000000000000000e+00 0.000000000000000000e+00 1.967376610594472885e-01 0.000000000000000000e+00 2.014294717212479491e-01 0.000000000000000000e+00 0.000000000000000000e+00 0.000000000000000000e+00 0.000000000000000000e+00 0.000000000000000000e+00 1.084714724541141762e-01 0.000000000000000000e+00 3.567632001017724264e-01 2.560000000000000000e+02 -2.295333333333333314e+01
0.000000000000000000e+00 0.000000000000000000e+00 1.000000000000000000e+00 1.366636670454863048e-02 9.990611258858748123e-01 0.000000000000000000e+00 5.701570898460573966e-01 6.424094995073473813e-01 5.190645314714391612e-01 9.067324019899821730e-01 1.225236442786650781e-01 0.000000000000000000e+00 2.669285603923666692e-02 0.000000000000000000e+00 7.004980146247986872e-02 4.670424464873546618e-04 0.000000000000000000e+00 1.174214276797598891e-02 1.340115939802338230e-01 0.000000000000000000e+00 6.563593726946166385e-01 9.999172531471683945e-01 1.590653607809618675e-01 8.789518616937315176e-01 0.000000000000000000e+00 4.353075630682131172e-03 2.281011038372123545e-01 1.920230137356345179e-01 7.475941462951856131e-01 0.000000000000000000e+00 0.000000000000000000e+00 2.653657055144788537e-05 2.560000000000000000e+02 -2.546000000000000441e+01
0.000000000000000000e+00 0.000000000000000000e+00 0.000000000000000000e+00 8.568529598032843531e-01 8.789087764250215207e-01 1.000000000000000000e+00 0.000000000000000000e+00 5.529807831002861995e-01 6.440568669777391175e-01 7.991383061932506582e-01 0.000000000000000000e+00 0.000000000000000000e+00 0.000000000000000000e+00 8.680211470484261102e-03 0.000000000000000000e+00 2.738104311303653504e-01 0.000000000000000000e+00 0.000000000000000000e+00 0.000000000000000000e+00 0.000000000000000000e+00 2.451685090308618753e-01 0.000000000000000000e+00 2.192770448346369472e-01 0.000000000000000000e+00 0.000000000000000000e+00 0.000000000000000000e+00 0.000000000000000000e+00 0.000000000000000000e+00 5.141265534763576062e-01 0.000000000000000000e+00 0.000000000000000000e+00 1.000000000000000000e+00 2.560000000000000000e+02 -2.513666666666666671e+01
7.825433075953716067e-01 3.055662520062851426e-02 9.447951940604513155e-01 3.247800855551422616e-01 9.999534347551624069e-01 6.379282394428196926e-04 7.716731080618667304e-01 1.918040717305516396e-02 9.964536040227959246e-01 3.150338841094006970e-01 3.306282501588469480e-01 5.132319678666390911e-02 0.000000000000000000e+00 2.540518850537998308e-01 0.000000000000000000e+00 7.314731535555879516e-02 3.721236871004352382e-05 3.678841866075296951e-01 1.000000000000000000e+00 4.633886210233548186e-02 5.190865834920803668e-01 1.926082930014776373e-01 7.550443995370410555e-01 1.000000000000000000e+00 1.379116983879928038e-01 5.920146732584360416e-01 3.773333775361747411e-01 3.208323817630968217e-02 9.411313087607878769e-01 4.825737755844368947e-03 0.000000000000000000e+00 9.955787840127698907e-01 2.560000000000000000e+02 -2.619999999999999929e+01
0.000000000000000000e+00 0.000000000000000000e+00 1.000000000000000000e+00 6.098762224987258618e-01 1.000000000000000000e+00 1.822365747282275461e-01 9.999999643290771179e-01 1.000000000000000000e+00 4.728209920044033066e-01 4.089828891029069768e-01 0.000000000000000000e+00 0.000000000000000000e+00 2.947138803328213513e-02 4.410857272414248076e-03 5.895847705955638979e-02 8.023626125408296339e-01 0.000000000000000000e+00 6.545740779693642875e-02 1.000000000000000000e+00 0.000000000000000000e+00 2.847282600684334503e-02 0.000000000000000000e+00 6.096349606003791388e-01 1.814067785997019403e-08 0.000000000000000000e+00 0.000000000000000000e+00 4.372522461149384587e-01 0.000000000000000000e+00 1.298247258862547937e-01 1.000000000000000000e+00 1.540320467760087839e-02 0.000000000000000000e+00 2.560000000000000000e+02 -2.795333333333333314e+01
3.257316323937617386e-02 1.239785870580564008e-05 0.000000000000000000e+00 2.372310022156275677e-01 9.094290992687965591e-01 1.775950843784289065e-03 6.544884017323307490e-02 2.167763688168743846e-03 3.962401350974177894e-01 0.000000000000000000e+00 3.662682404008084092e-01 0.000000000000000000e+00 1.032826546440937130e-03 4.885593111345730710e-01 0.000000000000000000e+00 0.000000000000000000e+00 0.000000000000000000e+00 2.846969137115958337e-01 0.000000000000000000e+00 0.000000000000000000e+00 0.000000000000000000e+00 0.000000000000000000e+00 6.644099665667861920e-01 0.000000000000000000e+00 8.811474617253058691e-05 0.000000000000000000e+00 0.000000000000000000e+00 0.000000000000000000e+00 0.000000000000000000e+00 8.537144164162695503e-01 0.000000000000000000e+00 9.107457490400598654e-02 2.560000000000000000e+02 -2.005333333333333456e+01
0.000000000000000000e+00 0.000000000000000000e+00 3.096873387600362904e-01 8.486043156430482515e-02 0.000000000000000000e+00 2.958204709414360978e-01 4.045613010590287315e-03 0.000000000000000000e+00 3.020622704312089790e-01 9.332157705228864009e-01 8.691659288465113098e-02 9.990263730087530769e-01 0.000000000000000000e+00 0.000000000000000000e+00 0.000000000000000000e+00 8.620739867787149188e-07 0.000000000000000000e+00 1.427870900108015213e-02 5.322004491593977926e-01 0.000000000000000000e+00 9.841233894604476395e-01 0.000000000000000000e+00 1.000000000000000000e+00 0.000000000000000000e+00 0.000000000000000000e+00 1.329253477410513584e-02 5.383319273647538816e-01 0.000000000000000000e+00 5.020510690166590101e-02 8.190426030552828696e-01 0.000000000000000000e+00 6.150845367825932275e-01 2.560000000000000000e+02 -2.471333333333333471e+01
1.889437240916437511e-03 5.986508982635191378e-01 1.042037791748678527e-01 3.986833483584492632e-02 0.000000000000000000e+00 0.000000000000000000e+00 1.000000000000000000e+00 0.000000000000000000e+00 0.000000000000000000e+00 0.000000000000000000e+00 2.881373530043858724e-02 0.000000000000000000e+00 9.212614520557155749e-05 0.000000000000000000e+00 9.915854339249486130e-04 9.982668897873688829e-01 0.000000000000000000e+00 0.000000000000000000e+00 2.694979789272103909e-01 8.748709134851382035e-05 3.172715429346789889e-03 0.000000000000000000e+00 7.379183483766732499e-01 1.567552671821664800e-01 0.000000000000000000e+00 1.424046538792279049e-01 0.000000000000000000e+00 3.423024725690118064e-01 1.038876202481899130e-01 4.124654890182725270e-02 0.000000000000000000e+00 0.000000000000000000e+00 2.560000000000000000e+02 -2.508333333333333215e+01
5.294339082047875289e-01 0.000000000000000000e+00 0.000000000000000000e+00 9.720956357659743530e-02 1.160361455730903602e-01 0.000000000000000000e+00 0.000000000000000000e+00 6.407052524102132551e-01 3.207471223775977174e-04 9.118895019749876374e-01 2.593023308053147846e-01 0.000000000000000000e+00 0.000000000000000000e+00 0.000000000000000000e+00 8.770445406110216613e-01 1.446833555589787518e-02 0.000000000000000000e+00 1.756380073397498978e-09 6.981124137570274835e-01 4.499722090363047393e-05 0.000000000000000000e+00 0.000000000000000000e+00 0.000000000000000000e+00 0.000000000000000000e+00 0.000000000000000000e+00 0.000000000000000000e+00 0.000000000000000000e+00 0.000000000000000000e+00 9.999999988231363934e-01 0.000000000000000000e+00 0.000000000000000000e+00 0.000000000000000000e+00 2.560000000000000000e+02 -2.195000000000000284e+01
6.641293581499424503e-01 8.007640807236365843e-02 8.831044075156967432e-01 6.309704450120219299e-01 5.011578851009909075e-01 0.000000000000000000e+00 6.121209556714415356e-01 1.000000000000000000e+00 0.000000000000000000e+00 2.969959812015384171e-01 1.071357094743736723e-03 0.000000000000000000e+00 0.000000000000000000e+00 1.481391176377666596e-02 5.052331146254044336e-01 3.160334238711741683e-01 0.000000000000000000e+00 0.000000000000000000e+00 1.174585846728564420e-01 0.000000000000000000e+00 2.635561158541740445e-01 4.291843668810191859e-01 3.986153371180444216e-01 5.932047029112280656e-01 4.386776843471133086e-02 3.402822413565176687e-03 1.570134069647469710e-01 0.000000000000000000e+00 7.286659011754358373e-01 2.091430228408233394e-01 0.000000000000000000e+00 9.991054196388901021e-01 2.560000000000000000e+02 -2.865666666666666629e+01
9.978884305018334011e-01 2.244925167248934539e-02 9.545326617640540467e-01 1.000000000000000000e+00 1.361775082674892834e-01 0.000000000000000000e+00 1.000000000000000000e+00 1.000000000000000000e+00 0.000000000000000000e+00 0.000000000000000000e+00 0.000000000000000000e+00 6.787933920907263108e-02 0.000000000000000000e+00 0.000000000000000000e+00 1.000000000000000000e+00 9.365302242124147192e-01 0.000000000000000000e+00 0.000000000000000000e+00 0.000000000000000000e+00 0.000000000000000000e+00 0.000000000000000000e+00 5.192752606586649167e-01 1.878790604623919169e-01 4.766526103203300724e-01 0.000000000000000000e+00 0.000000000000000000e+00 6.058299528629712549e-01 2.029139478353961940e-02 1.000000000000000000e+00 0.000000000000000000e+00 0.000000000000000000e+00 1.000000000000000000e+00 2.560000000000000000e+02 -2.384666666666666401e+01
9.294430309708285876e-01 0.000000000000000000e+00 8.089229676758786791e-01 1.000000000000000000e+00 4.840930711079708959e-01 0.000000000000000000e+00 5.401634686162128940e-01 1.000000000000000000e+00 0.000000000000000000e+00 0.000000000000000000e+00 0.000000000000000000e+00 0.000000000000000000e+00 0.000000000000000000e+00 0.000000000000000000e+00 2.147301165768699283e-04 5.066730848147084076e-01 5.594005176598088047e-02 0.000000000000000000e+00 9.075866221418373014e-02 0.000000000000000000e+00 0.000000000000000000e+00 0.000000000000000000e+00 5.472530563963562411e-02 9.872254443425483306e-01 9.789850458993522297e-02 1.573414611377294547e-01 0.000000000000000000e+00 0.000000000000000000e+00 1.000000000000000000e+00 3.984195627897140768e-01 7.233764430468939306e-03 9.994655339504763258e-01 2.560000000000000000e+02 -2.547666666666667012e+01
1.000000000000000000e+00 0.000000000000000000e+00 1.000000000000000000e+00 9.882164840212170898e-01 1.000000000000000000e+00 8.791726918420493878e-03 9.141309616633618296e-01 1.578606876797937209e-01 0.000000000000000000e+00 0.000000000000000000e+00 0.000000000000000000e+00 0.000000000000000000e+00 0.000000000000000000e+00 0.000000000000000000e+00 9.883168536327794351e-01 0.000000000000000000e+00 0.000000000000000000e+00 0.000000000000000000e+00 0.000000000000000000e+00 0.000000000000000000e+00 1.690288122876640462e-08 1.000000000000000000e+00 7.788027487249201686e-01 1.232499447416615795e-01 1.711446764954852335e-05 9.427637201495189800e-02 0.000000000000000000e+00 0.000000000000000000e+00 1.297692035931747881e-07 0.000000000000000000e+00 3.741857270603587970e-02 6.244900593935941435e-01 2.560000000000000000e+02 -2.304000000000000270e+01
7.232227663828086905e-01 0.000000000000000000e+00 9.999232739395182978e-01 7.360276002166916964e-02 0.000000000000000000e+00 0.000000000000000000e+00 9.088790283646295265e-01 4.619594862294880699e-01 0.000000000000000000e+00 0.000000000000000000e+00 0.000000000000000000e+00 9.696490531908350365e-04 0.000000000000000000e+00 0.000000000000000000e+00 1.000000000000000000e+00 2.033125660156960002e-01 4.841431613084885149e-02 0.000000000000000000e+00 1.166915450940257822e-04 0.000000000000000000e+00 0.000000000000000000e+00 0.000000000000000000e+00 0.000000000000000000e+00 8.019363911295762648e-04 0.000000000000000000e+00 0.000000000000000000e+00 0.000000000000000000e+00 0.000000000000000000e+00 4.829186919367831066e-01 0.000000000000000000e+00 0.000000000000000000e+00 5.521839785070153939e-01 2.560000000000000000e+02 -1.963666666666666671e+01
8.003861311462501238e-01 4.196649705033121402e-01 3.584428080156025209e-01 5.756072275495156543e-01 1.402781995107983404e-01 0.000000000000000000e+00 2.398128336110483261e-01 9.996830373964106231e-01 0.000000000000000000e+00 2.365654105327608808e-02 0.000000000000000000e+00 4.169791614249481609e-02 9.792958002900774284e-03 0.000000000000000000e+00 0.000000000000000000e+00 0.000000000000000000e+00 5.951822077600178035e-02 0.000000000000000000e+00 0.000000000000000000e+00 1.537834720733003389e-02 0.000000000000000000e+00 0.000000000000000000e+00 0.000000000000000000e+00 4.884633622411155285e-01 0.000000000000000000e+00 0.000000000000000000e+00 0.000000000000000000e+00 4.767366499357498697e-04 0.000000000000000000e+00 2.593342007071620103e-01 0.000000000000000000e+00 1.000000000000000000e+00 2.560000000000000000e+02 -2.293333333333333357e+01
3.721092531901241673e-01 0.000000000000000000e+00 4.099307890186960068e-01 2.864701181768832261e-01 3.262683894624049397e-02 0.000000000000000000e+00 0.000000000000000000e+00 8.249988711219963244e-01 0.000000000000000000e+00 0.000000000000000000e+00 0.000000000000000000e+00 6.078409029717342371e-02 0.000000000000000000e+00 4.985818397449536671e-02 1.526507917731920738e-01 0.000000000000000000e+00 0.000000000000000000e+00 0.000000000000000000e+00 0.000000000000000000e+00 0.000000000000000000e+00 5.915352899184405343e-03 6.892291691711132096e-01 2.681255153364139540e-02 4.286375118681893803e-01 1.243854185139103147e-02 0.000000000000000000e+00 1.635059481152607876e-08 0.000000000000000000e+00 5.971239970436922340e-01 0.000000000000000000e+00 5.020924792524430929e-08 0.000000000000000000e+00 2.560000000000000000e+02 -2.042999999999999972e+01
2.582509278351617366e-01 0.000000000000000000e+00 1.000000000000000000e+00 3.110151774879835185e-01 0.000000000000000000e+00 0.000000000000000000e+00 9.695580738442781399e-02 0.000000000000000000e+00 0.000000000000000000e+00 1.986300314387381017e-03 6.273612484910519038e-01 0.000000000000000000e+00 0.000000000000000000e+00 3.762484900138713950e-01 0.000000000000000000e+00 0.000000000000000000e+00 0.000000000000000000e+00 0.000000000000000000e+00 0.000000000000000000e+00 0.000000000000000000e+00 0.000000000000000000e+00 4.901582170174092479e-01 0.000000000000000000e+00 3.007194169767940517e-01 0.000000000000000000e+00 0.000000000000000000e+00 0.000000000000000000e+00 0.000000000000000000e+00 1.634413631423437263e-01 0.000000000000000000e+00 0.000000000000000000e+00 9.689635276660121255e-01 2.560000000000000000e+02 -2.140666666666666629e+01
0.000000000000000000e+00 2.108402572051830761e-04 1.534157124904667047e-01 1.000000000000000000e+00 3.109096361188048441e-01 0.000000000000000000e+00 4.696262985691059821e-01 4.649076046133904239e-01 0.000000000000000000e+00 3.706952961001021563e-01 0.000000000000000000e+00 4.165247064096767871e-02 1.316817250948458529e-02 0.000000000000000000e+00 4.092448797279581857e-02 7.536091313498917421e-02 1.990058422959698273e-02 0.000000000000000000e+00 4.165122706042350504e-04 2.805534099679648508e-01 0.000000000000000000e+00 3.549380351037919046e-01 5.940146833376966362e-02 4.676027275885520362e-01 3.679890956034884142e-02 0.000000000000000000e+00 0.000000000000000000e+00 1.900874151767416656e-02 6.854063342008934745e-01 1.147346392896451094e-02 0.000000000000000000e+00 8.983982604541127515e-01 2.560000000000000000e+02 -2.447333333333332916e+01
0.000000000000000000e+00 0.000000000000000000e+00 6.730688139768958855e-01 2.584507090171079824e-01 7.735219072320860534e-02 0.000000000000000000e+00 2.019627192238071522e-01 4.965556561838173621e-01 7.296764887967543967e-02 0.000000000000000000e+00 0.000000000000000000e+00 0.000000000000000000e+00 4.373302056880139232e-02 0.000000000000000000e+00 0.000000000000000000e+00 5.906183979673126361e-01 0.000000000000000000e+00 0.000000000000000000e+00 0.000000000000000000e+00 0.000000000000000000e+00 0.000000000000000000e+00 3.177015197283747372e-02 0.000000000000000000e+00 5.068040738049018890e-01 0.000000000000000000e+00 6.852889445753578215e-08 0.000000000000000000e+00 8.941939759264902129e-03 1.237330616493838437e-01 0.000000000000000000e+00 0.000000000000000000e+00 1.000000000000000000e+00 2.560000000000000000e+02 -2.587999999999999901e+01
8.777441860835101251e-01 0.000000000000000000e+00 9.969773922516519393e-01 2.714370179712138897e-01 3.868047331667673339e-01 0.000000000000000000e+00 4.077957282320579524e-01 9.641690505853470761e-01 0.000000000000000000e+00 0.000000000000000000e+00 0.000000000000000000e+00 0.000000000000000000e+00 4.277558288202428817e-03 0.000000000000000000e+00 1.453191135904863540e-01 0.000000000000000000e+00 0.000000000000000000e+00 0.000000000000000000e+00 0.000000000000000000e+00 0.000000000000000000e+00 4.156364502609323219e-01 0.000000000000000000e+00 9.164410627086251315e-01 8.241036616071367726e-01 0.000000000000000000e+00 0.000000000000000000e+00 1.793806736728601608e-02 0.000000000000000000e+00 6.865287615694483092e-01 1.550566158636755010e-01 0.000000000000000000e+00 1.000000000000000000e+00 2.560000000000000000e+02 -2.637999999999999901e+01
0.000000000000000000e+00 0.000000000000000000e+00 0.000000000000000000e+00 1.443020641497460010e-01 0.000000000000000000e+00 0.000000000000000000e+00 0.000000000000000000e+00 1.226172855944560186e-01 0.000000000000000000e+00 2.961511589288857715e-01 0.000000000000000000e+00 0.000000000000000000e+00 0.000000000000000000e+00 0.000000000000000000e+00 0.000000000000000000e+00 0.000000000000000000e+00 0.000000000000000000e+00 0.000000000000000000e+00 0.000000000000000000e+00 0.000000000000000000e+00 0.000000000000000000e+00 0.000000000000000000e+00 0.000000000000000000e+00 0.000000000000000000e+00 0.000000000000000000e+00 0.000000000000000000e+00 0.000000000000000000e+00 0.000000000000000000e+00 9.459129237808881763e-02 0.000000000000000000e+00 0.000000000000000000e+00 0.000000000000000000e+00 2.560000000000000000e+02 -1.951666666666666572e+01
9.926306267511754156e-01 0.000000000000000000e+00 2.690524436004006481e-01 3.201932031861294825e-01 6.624852174284365236e-02 0.000000000000000000e+00 9.790606202962703897e-02 0.000000000000000000e+00 0.000000000000000000e+00 0.000000000000000000e+00 0.000000000000000000e+00 0.000000000000000000e+00 0.000000000000000000e+00 0.000000000000000000e+00 0.000000000000000000e+00 4.669814444763158434e-01 0.000000000000000000e+00 0.000000000000000000e+00 0.000000000000000000e+00 1.456526965917581034e-03 0.000000000000000000e+00 9.925884549714991678e-01 0.000000000000000000e+00 4.229077781300435435e-01 0.000000000000000000e+00 0.000000000000000000e+00 0.000000000000000000e+00 0.000000000000000000e+00 2.699053872921852171e-01 0.000000000000000000e+00 5.824894695885777553e-03 1.149542998153391463e-03 2.560000000000000000e+02 -2.332333333333333414e+01
1.235915056299055452e-02 0.000000000000000000e+00 3.701219432273501475e-01 3.106713423549348208e-01 0.000000000000000000e+00 0.000000000000000000e+00 9.367747144286313610e-01 0.000000000000000000e+00 0.000000000000000000e+00 7.483556879223474123e-01 0.000000000000000000e+00 0.000000000000000000e+00 0.000000000000000000e+00 0.000000000000000000e+00 2.412991630598194243e-02 0.000000000000000000e+00 0.000000000000000000e+00 4.891154393744549973e-03 2.928908047580158769e-02 0.000000000000000000e+00 0.000000000000000000e+00 3.936378049212261448e-02 8.389905882054750352e-02 2.191243232549535958e-01 0.000000000000000000e+00 0.000000000000000000e+00 1.565410967326008596e-02 0.000000000000000000e+00 8.504192596051982772e-03 0.000000000000000000e+00 0.000000000000000000e+00 9.803580081948206140e-03 2.560000000000000000e+02 -2.295333333333333314e+01
9.020140364325617277e-01 0.000000000000000000e+00 1.676005593354191331e-02 7.642996191635285097e-01 0.000000000000000000e+00 0.000000000000000000e+00 0.000000000000000000e+00 1.000000000000000000e+00 0.000000000000000000e+00 9.382051174888936251e-02 0.000000000000000000e+00 0.000000000000000000e+00 0.000000000000000000e+00 0.000000000000000000e+00 4.632161044088670132e-01 0.000000000000000000e+00 0.000000000000000000e+00 0.000000000000000000e+00 0.000000000000000000e+00 0.000000000000000000e+00 0.000000000000000000e+00 0.000000000000000000e+00 2.442322581810991988e-01 4.846597866221666884e-01 0.000000000000000000e+00 0.000000000000000000e+00 9.461528705249988569e-01 0.000000000000000000e+00 5.704760575181115900e-01 0.000000000000000000e+00 0.000000000000000000e+00 3.428820020077280508e-03 2.560000000000000000e+02 -2.072666666666666302e+01
8.183352424541799619e-02 5.081272613449983044e-01 0.000000000000000000e+00 0.000000000000000000e+00 5.491885942882117344e-02 0.000000000000000000e+00 0.000000000000000000e+00 0.000000000000000000e+00 0.000000000000000000e+00 0.000000000000000000e+00 0.000000000000000000e+00 0.000000000000000000e+00 0.000000000000000000e+00 0.000000000000000000e+00 8.283708237242006778e-01 0.000000000000000000e+00 1.925788905569653375e-01 0.000000000000000000e+00 0.000000000000000000e+00 2.612900500277357541e-01 9.129610319301143528e-01 6.664132283025648862e-01 0.000000000000000000e+00 0.000000000000000000e+00 0.000000000000000000e+00 0.000000000000000000e+00 0.000000000000000000e+00 0.000000000000000000e+00 3.780886522418281936e-01 1.604902742190739418e-01 0.000000000000000000e+00 3.708441605699359100e-01 2.560000000000000000e+02 -2.015000000000000213e+01
7.829093308740490142e-01 0.000000000000000000e+00 2.228960812142756899e-04 1.334579045099581751e-01 2.632918020086903454e-01 0.000000000000000000e+00 1.487866854232498814e-02 5.230786629552527378e-01 9.520632207671395064e-03 0.000000000000000000e+00 0.000000000000000000e+00 0.000000000000000000e+00 0.000000000000000000e+00 0.000000000000000000e+00 1.491987264541614049e-03 2.201869146879253600e-02 8.411713688274755629e-01 0.000000000000000000e+00 0.000000000000000000e+00 1.175074923039727721e-02 0.000000000000000000e+00 0.000000000000000000e+00 3.997065846961834756e-01 0.000000000000000000e+00 8.756822135915953709e-01 4.764635416350335856e-03 1.642292794606665593e-02 0.000000000000000000e+00 2.148336718038974108e-02 5.415052585666522283e-02 3.299899076453476077e-02 9.662476660587560051e-01 2.560000000000000000e+02 -2.290000000000000213e+01
0.000000000000000000e+00 0.000000000000000000e+00 7.611901139992807153e-01 1.222257714427790048e-01 4.244510233442011504e-02 0.000000000000000000e+00 0.000000000000000000e+00 4.515772116623225640e-01 0.000000000000000000e+00 0.000000000000000000e+00 0.000000000000000000e+00 7.536937453850788282e-01 0.000000000000000000e+00 0.000000000000000000e+00 0.000000000000000000e+00 2.499039637006948422e-01 0.000000000000000000e+00 0.000000000000000000e+00 4.424056782987552117e-01 2.763238078889213370e-02 0.000000000000000000e+00 0.000000000000000000e+00 4.059988668809133006e-01 0.000000000000000000e+00 0.000000000000000000e+00 0.000000000000000000e+00 5.354936609350722382e-02 0.000000000000000000e+00 0.000000000000000000e+00 0.000000000000000000e+00 0.000000000000000000e+00 0.000000000000000000e+00 2.560000000000000000e+02 -2.743999999999999773e+01
0.000000000000000000e+00 0.000000000000000000e+00 7.617799271302598818e-01 0.000000000000000000e+00 0.000000000000000000e+00 0.000000000000000000e+00 1.702213719403238568e-01 4.235069659968392353e-01 0.000000000000000000e+00 0.000000000000000000e+00 6.764336951068804227e-02 0.000000000000000000e+00 0.000000000000000000e+00 0.000000000000000000e+00 0.000000000000000000e+00 9.941346987476273878e-01 0.000000000000000000e+00 8.780672808286990594e-02 0.000000000000000000e+00 3.068983480435154565e-01 0.000000000000000000e+00 2.950390674972247496e-02 0.000000000000000000e+00 0.000000000000000000e+00 0.000000000000000000e+00 0.000000000000000000e+00 0.000000000000000000e+00 0.000000000000000000e+00 0.000000000000000000e+00 0.000000000000000000e+00 0.000000000000000000e+00 0.000000000000000000e+00 2.560000000000000000e+02 -2.104333333333333300e+01
0.000000000000000000e+00 0.000000000000000000e+00 7.840905651951540767e-01 0.000000000000000000e+00 3.814213766869470335e-01 0.000000000000000000e+00 0.000000000000000000e+00 7.400632828470127267e-02 0.000000000000000000e+00 0.000000000000000000e+00 0.000000000000000000e+00 0.000000000000000000e+00 0.000000000000000000e+00 0.000000000000000000e+00 6.248956030935415989e-02 0.000000000000000000e+00 0.000000000000000000e+00 0.000000000000000000e+00 4.237016684898307212e-02 0.000000000000000000e+00 3.694763429817085054e-01 0.000000000000000000e+00 5.400453580924845509e-01 0.000000000000000000e+00 0.000000000000000000e+00 0.000000000000000000e+00 1.524168144905822808e-01 0.000000000000000000e+00 1.000000000000000000e+00 3.333478283721158508e-02 0.000000000000000000e+00 4.842112590006246442e-02 2.560000000000000000e+02 -2.597666666666667012e+01
4.385978930589050084e-01 0.000000000000000000e+00 6.978728178395219306e-01 2.994703767022136587e-01 2.295654332669302411e-01 0.000000000000000000e+00 5.259077716115836409e-01 5.964636095635341695e-01 0.000000000000000000e+00 0.000000000000000000e+00 0.000000000000000000e+00 0.000000000000000000e+00 0.000000000000000000e+00 0.000000000000000000e+00 5.570066873907237870e-01 0.000000000000000000e+00 0.000000000000000000e+00 1.250256985607211581e-02 0.000000000000000000e+00 0.000000000000000000e+00 0.000000000000000000e+00 3.441291189817402563e-01 6.025776919103038587e-01 1.860638809437450691e-01 0.000000000000000000e+00 0.000000000000000000e+00 0.000000000000000000e+00 6.172367705171923902e-01 0.000000000000000000e+00 0.000000000000000000e+00 0.000000000000000000e+00 1.904767834129305337e-01 2.560000000000000000e+02 -2.206000000000000227e+01
0.000000000000000000e+00 3.832686679524168749e-01 8.726893782951729295e-02 0.000000000000000000e+00 0.000000000000000000e+00 0.000000000000000000e+00 3.783240163814119428e-02 3.997372279323447436e-02 1.145628118549800872e-01 2.563642732655501688e-01 0.000000000000000000e+00 0.000000000000000000e+00 0.000000000000000000e+00 0.000000000000000000e+00 9.423687707542663938e-01 0.000000000000000000e+00 0.000000000000000000e+00 2.290881301752066557e-02 4.544220722340395688e-03 0.000000000000000000e+00 0.000000000000000000e+00 0.000000000000000000e+00 0.000000000000000000e+00 0.000000000000000000e+00 4.571331712190225827e-01 0.000000000000000000e+00 0.000000000000000000e+00 0.000000000000000000e+00 0.000000000000000000e+00 1.671362948601219089e-01 2.384120926648579906e-03 0.000000000000000000e+00 2.560000000000000000e+02 -2.031333333333333258e+01
4.676761536891889115e-01 0.000000000000000000e+00 1.752492962505822031e-03 0.000000000000000000e+00 1.556286487838670907e-01 8.726008214718253356e-07 2.461771997991059613e-01 1.689856044791982759e-01 0.000000000000000000e+00 0.000000000000000000e+00 0.000000000000000000e+00 0.000000000000000000e+00 0.000000000000000000e+00 0.000000000000000000e+00 1.734803054162058409e-05 0.000000000000000000e+00 0.000000000000000000e+00 4.888765061817890722e-01 0.000000000000000000e+00 0.000000000000000000e+00 1.000000000000000000e+00 0.000000000000000000e+00 0.000000000000000000e+00 0.000000000000000000e+00 0.000000000000000000e+00 0.000000000000000000e+00 0.000000000000000000e+00 0.000000000000000000e+00 0.000000000000000000e+00 0.000000000000000000e+00 0.000000000000000000e+00 4.981796758007248638e-01 2.560000000000000000e+02 -2.178000000000000114e+01
8.987299166033397846e-01 2.017765261555961587e-01 7.488073366636865957e-01 0.000000000000000000e+00 7.908030041992467618e-01 0.000000000000000000e+00 8.313337276014953758e-02 6.745216707184202853e-01 2.177200353227204399e-01 0.000000000000000000e+00 0.000000000000000000e+00 0.000000000000000000e+00 0.000000000000000000e+00 0.000000000000000000e+00 1.123902124006660314e-01 1.489110479595470368e-02 0.000000000000000000e+00 0.000000000000000000e+00 6.686631046483286767e-01 0.000000000000000000e+00 5.505960826029124289e-02 0.000000000000000000e+00 6.158104753655858632e-01 4.201842705564189789e-02 0.000000000000000000e+00 3.636473153152535720e-01 5.916434636612403208e-01 0.000000000000000000e+00 7.128816129995155237e-02 0.000000000000000000e+00 3.940497578546621579e-04 9.570750963331412509e-01 2.560000000000000000e+02 -2.584333333333333371e+01
0.000000000000000000e+00 0.000000000000000000e+00 0.000000000000000000e+00 2.562297382626312070e-02 7.706502047406300626e-01 0.000000000000000000e+00 0.000000000000000000e+00 8.076655678009880823e-02 0.000000000000000000e+00 2.137388531118823431e-01 0.000000000000000000e+00 0.000000000000000000e+00 7.249307076865289280e-03 0.000000000000000000e+00 1.555582254330090397e-01 7.032272340198786331e-01 0.000000000000000000e+00 0.000000000000000000e+00 0.000000000000000000e+00 0.000000000000000000e+00 4.908238996516706143e-02 0.000000000000000000e+00 3.008873286920607168e-02 2.243118925355043480e-01 0.000000000000000000e+00 0.000000000000000000e+00 3.076077019026976500e-02 0.000000000000000000e+00 9.762438147007698186e-01 0.000000000000000000e+00 0.000000000000000000e+00 1.814185696331179209e-01 2.560000000000000000e+02 -2.490333333333333243e+01
8.701840959652921981e-02 0.000000000000000000e+00 6.762878559377172305e-01 0.000000000000000000e+00 1.000000000000000000e+00 0.000000000000000000e+00 0.000000000000000000e+00 0.000000000000000000e+00 0.000000000000000000e+00 9.696831685918234633e-01 0.000000000000000000e+00 0.000000000000000000e+00 0.000000000000000000e+00 0.000000000000000000e+00 0.000000000000000000e+00 0.000000000000000000e+00 1.975603091155035407e-01 0.000000000000000000e+00 0.000000000000000000e+00 0.000000000000000000e+00 0.000000000000000000e+00 0.000000000000000000e+00 0.000000000000000000e+00 9.812873959175645311e-01 3.504353401609889640e-04 2.216449817793934574e-01 0.000000000000000000e+00 0.000000000000000000e+00 0.000000000000000000e+00 0.000000000000000000e+00 1.389478287596241923e-01 0.000000000000000000e+00 2.560000000000000000e+02 -2.266666666666666785e+01
6.566406645058789696e-03 0.000000000000000000e+00 7.962607328800018758e-01 0.000000000000000000e+00 7.620317246993541654e-05 0.000000000000000000e+00 9.029599091059905547e-01 1.623164819663087399e-01 0.000000000000000000e+00 0.000000000000000000e+00 0.000000000000000000e+00 0.000000000000000000e+00 0.000000000000000000e+00 2.843036094141083714e-01 3.135181634049068466e-01 0.000000000000000000e+00 2.208234138275749769e-02 0.000000000000000000e+00 0.000000000000000000e+00 0.000000000000000000e+00 0.000000000000000000e+00 0.000000000000000000e+00 2.912305262405002759e-01 1.000000000000000000e+00 1.000000000000000000e+00 0.000000000000000000e+00 0.000000000000000000e+00 0.000000000000000000e+00 0.000000000000000000e+00 9.033550049266959869e-02 0.000000000000000000e+00 6.088963238267938172e-01 2.560000000000000000e+02 -2.223666666666666458e+01
0.000000000000000000e+00 0.000000000000000000e+00 4.134324813562161305e-01 0.000000000000000000e+00 2.929836211077955777e-01 0.000000000000000000e+00 4.012930969920668889e-01 7.563320589851310061e-01 0.000000000000000000e+00 0.000000000000000000e+00 0.000000000000000000e+00 0.000000000000000000e+00 0.000000000000000000e+00 0.000000000000000000e+00 6.441550665683157782e-03 2.994860720637224638e-01 0.000000000000000000e+00 0.000000000000000000e+00 0.000000000000000000e+00 0.000000000000000000e+00 1.473871443027087435e-14 1.562033833862777332e-01 1.476624772572520949e-01 8.683824023772200321e-06 0.000000000000000000e+00 0.000000000000000000e+00 1.938586468578106792e-01 0.000000000000000000e+00 4.190755534863004894e-01 3.071180998569902343e-01 0.000000000000000000e+00 1.000000000000000000e+00 2.560000000000000000e+02 -2.581999999999999673e+01
4.085628398338166933e-01 0.000000000000000000e+00 0.000000000000000000e+00 6.524692157925693348e-01 0.000000000000000000e+00 0.000000000000000000e+00 1.007881766016754742e-04 0.000000000000000000e+00 0.000000000000000000e+00 0.000000000000000000e+00 0.000000000000000000e+00 2.780798014436768745e-03 0.000000000000000000e+00 0.000000000000000000e+00 0.000000000000000000e+00 0.000000000000000000e+00 0.000000000000000000e+00 0.000000000000000000e+00 0.000000000000000000e+00 0.000000000000000000e+00 0.000000000000000000e+00 7.000432380478405735e-03 1.217304462092388848e-04 2.841685820267272899e-01 0.000000000000000000e+00 4.184064790888126217e-01 2.471363860505879362e-01 0.000000000000000000e+00 2.070071529220023420e-07 0.000000000000000000e+00 0.000000000000000000e+00 1.382728424364691407e-06 2.560000000000000000e+02 -1.839000000000000057e+01
8.421027738372081073e-01 9.799901133015508081e-03 6.969310745418321446e-06 3.756644204739557902e-02 0.000000000000000000e+00 0.000000000000000000e+00 1.432541847114817551e-02 0.000000000000000000e+00 0.000000000000000000e+00 9.492480759456968231e-01 0.000000000000000000e+00 0.000000000000000000e+00 2.340314100320674967e-02 0.000000000000000000e+00 3.043875727890582221e-06 0.000000000000000000e+00 0.000000000000000000e+00 2.011415860230931218e-01 5.646046133203717066e-01 0.000000000000000000e+00 1.000000000000000000e+00 0.000000000000000000e+00 0.000000000000000000e+00 0.000000000000000000e+00 0.000000000000000000e+00 0.000000000000000000e+00 0.000000000000000000e+00 0.000000000000000000e+00 0.000000000000000000e+00 0.000000000000000000e+00 0.000000000000000000e+00 9.640698748059707279e-01 2.560000000000000000e+02 -2.317000000000000171e+01
3.436287049053201037e-01 3.292933914531783607e-02 5.926243021701242952e-01 1.176007401040319311e-01 6.200287194922132669e-07 0.000000000000000000e+00 1.000000000000000000e+00 5.325175498486369730e-01 0.000000000000000000e+00 1.134857234488652507e-02 0.000000000000000000e+00 0.000000000000000000e+00 9.988431730083263682e-02 0.000000000000000000e+00 3.947940471831969389e-01 0.000000000000000000e+00 0.000000000000000000e+00 0.000000000000000000e+00 0.000000000000000000e+00 0.000000000000000000e+00 0.000000000000000000e+00 0.000000000000000000e+00 2.917267278380504258e-01 1.350942530742451075e-01 0.000000000000000000e+00 0.000000000000000000e+00 0.000000000000000000e+00 0.000000000000000000e+00 4.727207558310611013e-01 0.000000000000000000e+00 0.000000000000000000e+00 1.561619418046808580e-05 2.560000000000000000e+02 -2.077666666666666728e+01
0.000000000000000000e+00 0.000000000000000000e+00 0.000000000000000000e+00 1.300469841260576687e-01 0.000000000000000000e+00 0.000000000000000000e+00 0.000000000000000000e+00 0.000000000000000000e+00 0.000000000000000000e+00 6.531027819551700198e-01 0.000000000000000000e+00 2.942567633732697252e-01 3.631691177132592707e-01 0.000000000000000000e+00 6.088928235168748759e-02 0.000000000000000000e+00 0.000000000000000000e+00 0.000000000000000000e+00 2.481468627006104544e-01 2.707353561960202173e-02 0.000000000000000000e+00 0.000000000000000000e+00 0.000000000000000000e+00 3.465201170249257445e-02 0.000000000000000000e+00 0.000000000000000000e+00 1.918901777071148618e-01 1.500010615943267716e-03 0.000000000000000000e+00 0.000000000000000000e+00 0.000000000000000000e+00 9.717607440036858391e-01 2.560000000000000000e+02 -2.493333333333333712e+01
0.000000000000000000e+00 0.000000000000000000e+00 0.000000000000000000e+00 0.000000000000000000e+00 1.043409443584839141e-01 2.151455824064589795e-01 1.099842593536021346e-01 0.000000000000000000e+00 0.000000000000000000e+00 0.000000000000000000e+00 1.089754944083640292e-01 0.000000000000000000e+00 0.000000000000000000e+00 0.000000000000000000e+00 1.399166238759835534e-01 0.000000000000000000e+00 0.000000000000000000e+00 0.000000000000000000e+00 0.000000000000000000e+00 9.810762673073836898e-03 0.000000000000000000e+00 4.799153365708960783e-02 5.673936696548503855e-01 8.097126226231346653e-04 1.000000000000000000e+00 0.000000000000000000e+00 1.735036517242567466e-01 0.000000000000000000e+00 4.728989518424104310e-01 7.387031157225371070e-02 0.000000000000000000e+00 5.260945682356878983e-01 2.560000000000000000e+02 -2.073666666666666458e+01
4.563733581242920834e-02 5.325713265066968072e-01 0.000000000000000000e+00 0.000000000000000000e+00 0.000000000000000000e+00 1.355977871527978308e-02 9.169926551892871869e-01 6.566393599483787424e-01 0.000000000000000000e+00 7.858657153909230642e-02 0.000000000000000000e+00 0.000000000000000000e+00 0.000000000000000000e+00 0.000000000000000000e+00 9.646884629703279812e-02 1.049935740056647526e-01 0.000000000000000000e+00 0.000000000000000000e+00 0.000000000000000000e+00 0.000000000000000000e+00 0.000000000000000000e+00 1.184614939031350790e-03 0.000000000000000000e+00 8.284210969898180010e-02 0.000000000000000000e+00 0.000000000000000000e+00 0.000000000000000000e+00 0.000000000000000000e+00 8.978762464688967437e-01 0.000000000000000000e+00 0.000000000000000000e+00 0.000000000000000000e+00 2.560000000000000000e+02 -1.994666666666666899e+01
0.000000000000000000e+00 0.000000000000000000e+00 2.210119603542015990e-02 0.000000000000000000e+00 0.000000000000000000e+00 0.000000000000000000e+00 0.000000000000000000e+00 5.036268371865846305e-01 0.000000000000000000e+00 0.000000000000000000e+00 0.000000000000000000e+00 0.000000000000000000e+00 0.000000000000000000e+00 0.000000000000000000e+00 2.355436285046956513e-01 0.000000000000000000e+00 0.000000000000000000e+00 0.000000000000000000e+00 0.000000000000000000e+00 0.000000000000000000e+00 3.162756604469046384e-01 1.656844776517107098e-01 0.000000000000000000e+00 0.000000000000000000e+00 0.000000000000000000e+00 0.000000000000000000e+00 1.174506510261909414e-01 0.000000000000000000e+00 0.000000000000000000e+00 0.000000000000000000e+00 0.000000000000000000e+00 2.440368648466220702e-01 2.560000000000000000e+02 -2.376000000000000156e+01
0.000000000000000000e+00 0.000000000000000000e+00 1.000000000000000000e+00 0.000000000000000000e+00 0.000000000000000000e+00 0.000000000000000000e+00 0.000000000000000000e+00 8.517096437555103303e-03 0.000000000000000000e+00 0.000000000000000000e+00 0.000000000000000000e+00 0.000000000000000000e+00 0.000000000000000000e+00 0.000000000000000000e+00 0.000000000000000000e+00 4.350697549819624673e-06 0.000000000000000000e+00 0.000000000000000000e+00 8.701912604285566566e-01 0.000000000000000000e+00 5.518174071319230656e-01 1.876502147279293931e-01 0.000000000000000000e+00 9.039577354369501272e-01 0.000000000000000000e+00 0.000000000000000000e+00 0.000000000000000000e+00 0.000000000000000000e+00 0.000000000000000000e+00 0.000000000000000000e+00 4.119455376957027459e-01 0.000000000000000000e+00 2.560000000000000000e+02 -2.421000000000000441e+01
2.582166590408053186e-01 0.000000000000000000e+00 3.157730360280525117e-01 6.284157193316094459e-01 0.000000000000000000e+00 0.000000000000000000e+00 5.809421758148712867e-01 0.000000000000000000e+00 1.115563661660973066e-01 0.000000000000000000e+00 0.000000000000000000e+00 0.000000000000000000e+00 0.000000000000000000e+00 0.000000000000000000e+00 2.451616598678069484e-02 0.000000000000000000e+00 0.000000000000000000e+00 0.000000000000000000e+00 0.000000000000000000e+00 0.000000000000000000e+00 4.627683950089487297e-01 0.000000000000000000e+00 0.000000000000000000e+00 4.769145085504312709e-01 0.000000000000000000e+00 6.483714171749181965e-01 0.000000000000000000e+00 0.000000000000000000e+00 0.000000000000000000e+00 0.000000000000000000e+00 0.000000000000000000e+00 6.781253398103281871e-01 2.560000000000000000e+02 -2.347666666666667012e+01
4.090512678547838371e-02 9.451924453086570088e-02 0.000000000000000000e+00 1.000000000000000000e+00 0.000000000000000000e+00 0.000000000000000000e+00 0.000000000000000000e+00 1.000000000000000000e+00 0.000000000000000000e+00 0.000000000000000000e+00 0.000000000000000000e+00 0.000000000000000000e+00 0.000000000000000000e+00 0.000000000000000000e+00 0.000000000000000000e+00 0.000000000000000000e+00 0.000000000000000000e+00 0.000000000000000000e+00 4.374743534641450382e-01 5.098946564290599698e-02 2.113679637007155609e-01 0.000000000000000000e+00 0.000000000000000000e+00 1.715480590723180918e-02 0.000000000000000000e+00 0.000000000000000000e+00 0.000000000000000000e+00 0.000000000000000000e+00 6.271652745731715051e-01 0.000000000000000000e+00 0.000000000000000000e+00 4.868952555065819698e-01 2.560000000000000000e+02 -2.408333333333333215e+01
1.000000000000000000e+00 0.000000000000000000e+00 5.604925753529366173e-01 3.754705346149719847e-01 8.572999652786418290e-01 0.000000000000000000e+00 4.852209219372216054e-01 3.713472025545009325e-01 3.649685090817479383e-01 0.000000000000000000e+00 0.000000000000000000e+00 0.000000000000000000e+00 0.000000000000000000e+00 0.000000000000000000e+00 8.561049492668867944e-02 0.000000000000000000e+00 1.494010879974188022e-01 0.000000000000000000e+00 0.000000000000000000e+00 0.000000000000000000e+00 6.257682563886145764e-03 2.606535019765368263e-02 9.431969251697138734e-01 1.336415756678272504e-01 4.242237952050231797e-02 0.000000000000000000e+00 0.000000000000000000e+00 0.000000000000000000e+00 6.210279773222111555e-01 0.000000000000000000e+00 0.000000000000000000e+00 8.502203309093475658e-02 2.560000000000000000e+02 -2.181333333333333258e+01
8.569932820776671178e-01 0.000000000000000000e+00 0.000000000000000000e+00 0.000000000000000000e+00 0.000000000000000000e+00 0.000000000000000000e+00 1.453628541106445904e-01 4.454820583519417121e-01 0.000000000000000000e+00 0.000000000000000000e+00 0.000000000000000000e+00 1.363514659207067936e-01 0.000000000000000000e+00 0.000000000000000000e+00 0.000000000000000000e+00 0.000000000000000000e+00 0.000000000000000000e+00 0.000000000000000000e+00 0.000000000000000000e+00 0.000000000000000000e+00 0.000000000000000000e+00 4.337787399373774222e-01 1.000000000000000000e+00 0.000000000000000000e+00 0.000000000000000000e+00 0.000000000000000000e+00 0.000000000000000000e+00 0.000000000000000000e+00 0.000000000000000000e+00 3.685599464890690347e-02 0.000000000000000000e+00 8.256146091770361940e-05 2.560000000000000000e+02 -1.970333333333333314e+01
2.529638119845784572e-01 9.188893105235391712e-01 0.000000000000000000e+00 3.789697064483894540e-01 6.886826641636043522e-01 0.000000000000000000e+00 2.085101637755399501e-02 2.017802444363622771e-01 6.759899629359773787e-02 0.000000000000000000e+00 2.015643467798273469e-01 0.000000000000000000e+00 1.917451875418587359e-01 1.330030627682335419e-03 7.546558547787160509e-02 0.000000000000000000e+00 0.000000000000000000e+00 0.000000000000000000e+00 6.817501554846289169e-02 0.000000000000000000e+00 0.000000000000000000e+00 4.325238161469420195e-01 0.000000000000000000e+00 0.000000000000000000e+00 0.000000000000000000e+00 0.000000000000000000e+00 0.000000000000000000e+00 0.000000000000000000e+00 0.000000000000000000e+00 0.000000000000000000e+00 0.000000000000000000e+00 0.000000000000000000e+00 2.560000000000000000e+02 -2.337000000000000099e+01
0.000000000000000000e+00 0.000000000000000000e+00 0.000000000000000000e+00 2.150914293280136169e-01 0.000000000000000000e+00 0.000000000000000000e+00 0.000000000000000000e+00 1.296305019292413041e-01 0.000000000000000000e+00 0.000000000000000000e+00 0.000000000000000000e+00 0.000000000000000000e+00 0.000000000000000000e+00 0.000000000000000000e+00 0.000000000000000000e+00 0.000000000000000000e+00 0.000000000000000000e+00 0.000000000000000000e+00 6.691101929945793281e-02 0.000000000000000000e+00 0.000000000000000000e+00 0.000000000000000000e+00 0.000000000000000000e+00 9.026239559275170410e-02 0.000000000000000000e+00 0.000000000000000000e+00 3.175734336054600870e-01 0.000000000000000000e+00 2.871863198321709665e-01 0.000000000000000000e+00 0.000000000000000000e+00 6.546171379458962658e-01 2.560000000000000000e+02 -2.392666666666666586e+01
2.034405075227907131e-02 0.000000000000000000e+00 0.000000000000000000e+00 3.185246526612935392e-01 0.000000000000000000e+00 0.000000000000000000e+00 0.000000000000000000e+00 7.825081162280931313e-01 0.000000000000000000e+00 0.000000000000000000e+00 0.000000000000000000e+00 0.000000000000000000e+00 0.000000000000000000e+00 0.000000000000000000e+00 9.686330821728382778e-01 4.976991658639280947e-01 1.048552404562713312e-03 0.000000000000000000e+00 0.000000000000000000e+00 3.122838060997570452e-04 6.126877418811739195e-01 4.652367064582570849e-02 0.000000000000000000e+00 0.000000000000000000e+00 0.000000000000000000e+00 0.000000000000000000e+00 0.000000000000000000e+00 0.000000000000000000e+00 2.525242524859047100e-01 0.000000000000000000e+00 0.000000000000000000e+00 3.783866119846767545e-02 2.560000000000000000e+02 -2.513333333333332931e+01
0.000000000000000000e+00 0.000000000000000000e+00 3.459056853074106153e-01 2.109062956487104887e-03 1.140658572911238365e-02 0.000000000000000000e+00 4.220162374508621556e-03 2.865119726713302728e-01 0.000000000000000000e+00 0.000000000000000000e+00 0.000000000000000000e+00 0.000000000000000000e+00 0.000000000000000000e+00 0.000000000000000000e+00 2.523092221356588172e-01 1.020270277158601482e-19 0.000000000000000000e+00 0.000000000000000000e+00 0.000000000000000000e+00 9.619733015099519724e-01 0.000000000000000000e+00 3.510789035195372443e-01 0.000000000000000000e+00 0.000000000000000000e+00 0.000000000000000000e+00 0.000000000000000000e+00 0.000000000000000000e+00 0.000000000000000000e+00 0.000000000000000000e+00 0.000000000000000000e+00 0.000000000000000000e+00 0.000000000000000000e+00 2.560000000000000000e+02 -1.923000000000000043e+01
0.000000000000000000e+00 0.000000000000000000e+00 1.303246384840933692e-02 1.541483905250085329e-01 0.000000000000000000e+00 0.000000000000000000e+00 2.549797979045612673e-01 1.047612748299229929e-01 0.000000000000000000e+00 0.000000000000000000e+00 0.000000000000000000e+00 0.000000000000000000e+00 0.000000000000000000e+00 9.073182799248983299e-01 7.782048370105295598e-01 6.639863071669107608e-01 0.000000000000000000e+00 0.000000000000000000e+00 0.000000000000000000e+00 0.000000000000000000e+00 0.000000000000000000e+00 0.000000000000000000e+00 1.206892626194970980e-01 0.000000000000000000e+00 0.000000000000000000e+00 6.921953859589675961e-02 0.000000000000000000e+00 0.000000000000000000e+00 0.000000000000000000e+00 9.062651169450471056e-02 0.000000000000000000e+00 4.601339486426489489e-02 2.560000000000000000e+02 -1.948333333333333428e+01
1.432015941456235286e-01 0.000000000000000000e+00 3.490634013426502924e-01 0.000000000000000000e+00 5.564398247989991164e-01 0.000000000000000000e+00 0.000000000000000000e+00 0.000000000000000000e+00 0.000000000000000000e+00 0.000000000000000000e+00 0.000000000000000000e+00 0.000000000000000000e+00 0.000000000000000000e+00 0.000000000000000000e+00 0.000000000000000000e+00 0.000000000000000000e+00 0.000000000000000000e+00 4.024809278337141416e-01 0.000000000000000000e+00 0.000000000000000000e+00 0.000000000000000000e+00 0.000000000000000000e+00 0.000000000000000000e+00 0.000000000000000000e+00 0.000000000000000000e+00 0.000000000000000000e+00 9.883472448246640729e-01 0.000000000000000000e+00 0.000000000000000000e+00 0.000000000000000000e+00 0.000000000000000000e+00 2.088402943514518358e-04 2.560000000000000000e+02 -2.025666666666666771e+01
0.000000000000000000e+00 0.000000000000000000e+00 1.568291156187586466e-01 0.000000000000000000e+00 0.000000000000000000e+00 0.000000000000000000e+00 0.000000000000000000e+00 0.000000000000000000e+00 0.000000000000000000e+00 0.000000000000000000e+00 0.000000000000000000e+00 0.000000000000000000e+00 0.000000000000000000e+00 0.000000000000000000e+00 0.000000000000000000e+00 0.000000000000000000e+00 0.000000000000000000e+00 0.000000000000000000e+00 0.000000000000000000e+00 0.000000000000000000e+00 0.000000000000000000e+00 0.000000000000000000e+00 0.000000000000000000e+00 0.000000000000000000e+00 0.000000000000000000e+00 0.000000000000000000e+00 0.000000000000000000e+00 0.000000000000000000e+00 0.000000000000000000e+00 0.000000000000000000e+00 0.000000000000000000e+00 0.000000000000000000e+00 2.560000000000000000e+02 -2.575000000000000000e+01
0.000000000000000000e+00 0.000000000000000000e+00 0.000000000000000000e+00 0.000000000000000000e+00 7.963207162234683945e-02 0.000000000000000000e+00 4.615237433846147708e-01 1.000000000000000000e+00 0.000000000000000000e+00 0.000000000000000000e+00 0.000000000000000000e+00 2.258232626616435423e-01 8.972731851515657053e-02 0.000000000000000000e+00 2.352903856749502254e-01 0.000000000000000000e+00 0.000000000000000000e+00 0.000000000000000000e+00 0.000000000000000000e+00 4.156243793549973392e-02 2.831030326538652581e-05 1.424226962269403707e-01 0.000000000000000000e+00 9.537927351913071394e-01 0.000000000000000000e+00 0.000000000000000000e+00 0.000000000000000000e+00 0.000000000000000000e+00 0.000000000000000000e+00 0.000000000000000000e+00 0.000000000000000000e+00 0.000000000000000000e+00 2.560000000000000000e+02 -2.089666666666666472e+01
0.000000000000000000e+00 0.000000000000000000e+00 1.000000000000000000e+00 9.232762879195633987e-01 5.598573358037144988e-03 0.000000000000000000e+00 3.474133403124766151e-01 9.599791915540670240e-02 0.000000000000000000e+00 6.670198884302944720e-01 0.000000000000000000e+00 2.367238685796863723e-02 1.304879386869967431e-04 1.332877403794127114e-01 2.768069749390008050e-01 0.000000000000000000e+00 0.000000000000000000e+00 0.000000000000000000e+00 0.000000000000000000e+00 1.350928145677413430e-04 0.000000000000000000e+00 1.271836192718558327e-04 0.000000000000000000e+00 3.597066519747045832e-01 1.503849420840427768e-02 0.000000000000000000e+00 5.877800014727155853e-01 0.000000000000000000e+00 2.421910858247986464e-01 8.414182002389597459e-01 1.000000000000000000e+00 6.244980992374156159e-01 2.560000000000000000e+02 -2.657666666666666799e+01
0.000000000000000000e+00 1.223556031925571164e-01 2.335750236591671858e-01 9.805734644540222700e-01 8.229949633642091866e-02 5.970305344355273380e-01 7.003601562641813272e-02 9.827782154368303047e-01 0.000000000000000000e+00 0.000000000000000000e+00 0.000000000000000000e+00 0.000000000000000000e+00 4.280816441902982050e-02 0.000000000000000000e+00 0.000000000000000000e+00 0.000000000000000000e+00 0.000000000000000000e+00 0.000000000000000000e+00 1.266680853383814476e-01 0.000000000000000000e+00 0.000000000000000000e+00 2.034292429491421986e-02 0.000000000000000000e+00 1.264313849433314034e-03 0.000000000000000000e+00 0.000000000000000000e+00 0.000000000000000000e+00 0.000000000000000000e+00 0.000000000000000000e+00 1.179967688123790825e-01 0.000000000000000000e+00 3.248598914337301469e-02 2.560000000000000000e+02 -2.499666666666666970e+01
0.000000000000000000e+00 0.000000000000000000e+00 0.000000000000000000e+00 6.981071190944839744e-01 0.000000000000000000e+00 0.000000000000000000e+00 0.000000000000000000e+00 6.386193076900557042e-01 0.000000000000000000e+00 0.000000000000000000e+00 0.000000000000000000e+00 0.000000000000000000e+00 3.882537210210588174e-01 0.000000000000000000e+00 7.556149831139065132e-01 2.732474820349689582e-01 0.000000000000000000e+00 6.075677083979057896e-02 0.000000000000000000e+00 0.000000000000000000e+00 0.000000000000000000e+00 1.000000000000000000e+00 5.233191220856590054e-01 2.796778583618588776e-01 0.000000000000000000e+00 0.000000000000000000e+00 0.000000000000000000e+00 0.000000000000000000e+00 1.137374778506589753e-06 4.948886827438169628e-02 4.685488146799291487e-01 3.412961297761150665e-07 2.560000000000000000e+02 -2.564666666666666472e+01
0.000000000000000000e+00 0.000000000000000000e+00 0.000000000000000000e+00 3.735676702109071434e-01 0.000000000000000000e+00 0.000000000000000000e+00 0.000000000000000000e+00 0.000000000000000000e+00 0.000000000000000000e+00 0.000000000000000000e+00 0.000000000000000000e+00 0.000000000000000000e+00 0.000000000000000000e+00 0.000000000000000000e+00 0.000000000000000000e+00 0.000000000000000000e+00 0.000000000000000000e+00 0.000000000000000000e+00 0.000000000000000000e+00 0.000000000000000000e+00 0.000000000000000000e+00 0.000000000000000000e+00 0.000000000000000000e+00 0.000000000000000000e+00 0.000000000000000000e+00 0.000000000000000000e+00 0.000000000000000000e+00 0.000000000000000000e+00 0.000000000000000000e+00 0.000000000000000000e+00 0.000000000000000000e+00 0.000000000000000000e+00 2.560000000000000000e+02 -2.417666666666666586e+01
1.527057584637494525e-01 9.918000000976864156e-03 1.123189476464268033e-01 0.000000000000000000e+00 2.075256450139494613e-01 0.000000000000000000e+00 0.000000000000000000e+00 7.644716491031875449e-01 0.000000000000000000e+00 1.642653353538547217e-02 0.000000000000000000e+00 2.021375828368616318e-02 9.327072363264770098e-04 0.000000000000000000e+00 5.154032757639095408e-01 2.247856169673257895e-02 0.000000000000000000e+00 0.000000000000000000e+00 0.000000000000000000e+00 0.000000000000000000e+00 8.878438260017563685e-03 2.801271364775652084e-01 5.559792119727430260e-01 4.049546508867309380e-01 0.000000000000000000e+00 0.000000000000000000e+00 0.000000000000000000e+00 0.000000000000000000e+00 2.035607050903607412e-02 9.268229594147140427e-01 0.000000000000000000e+00 1.000000000000000000e+00 2.560000000000000000e+02 -2.288333333333333641e+01
6.648814925571010503e-01 0.000000000000000000e+00 1.038908065231068101e-01 1.333202901125881412e-01 0.000000000000000000e+00 0.000000000000000000e+00 0.000000000000000000e+00 9.890209770210309781e-01 0.000000000000000000e+00 0.000000000000000000e+00 0.000000000000000000e+00 0.000000000000000000e+00 0.000000000000000000e+00 0.000000000000000000e+00 8.903260873000115594e-02 0.000000000000000000e+00 0.000000000000000000e+00 0.000000000000000000e+00 0.000000000000000000e+00 0.000000000000000000e+00 0.000000000000000000e+00 4.674325028857216346e-01 1.029061414368222238e-02 0.000000000000000000e+00 8.228924951950281064e-02 0.000000000000000000e+00 0.000000000000000000e+00 0.000000000000000000e+00 5.345844945723756680e-01 9.745967979096696598e-02 0.000000000000000000e+00 2.501969907138931748e-01 2.560000000000000000e+02 -2.353000000000000114e+01
0.000000000000000000e+00 4.713384132988574296e-03 4.438633444943014261e-01 1.481160140796065616e-01 0.000000000000000000e+00 0.000000000000000000e+00 0.000000000000000000e+00 0.000000000000000000e+00 1.261089207574458415e-01 0.000000000000000000e+00 0.000000000000000000e+00 0.000000000000000000e+00 0.000000000000000000e+00 0.000000000000000000e+00 7.032907075362797300e-02 0.000000000000000000e+00 0.000000000000000000e+00 0.000000000000000000e+00 0.000000000000000000e+00 0.000000000000000000e+00 0.000000000000000000e+00 0.000000000000000000e+00 0.000000000000000000e+00 3.466678404238952016e-01 0.000000000000000000e+00 0.000000000000000000e+00 0.000000000000000000e+00 0.000000000000000000e+00 7.342568729490720481e-01 0.000000000000000000e+00 0.000000000000000000e+00 4.272715824234683546e-01 2.560000000000000000e+02 -2.150333333333333030e+01
1.157162695996338253e-01 0.000000000000000000e+00 9.465616830047983710e-01 1.318160507889877819e-01 3.765560042904207427e-01 0.000000000000000000e+00 0.000000000000000000e+00 1.000000000000000000e+00 0.000000000000000000e+00 2.712375348612003356e-01 6.888147380949588561e-02 0.000000000000000000e+00 0.000000000000000000e+00 0.000000000000000000e+00 1.581687041184187958e-01 0.000000000000000000e+00 0.000000000000000000e+00 0.000000000000000000e+00 3.756551519269794581e-01 0.000000000000000000e+00 0.000000000000000000e+00 2.768113233710920440e-01 6.244085533560611296e-05 0.000000000000000000e+00 0.000000000000000000e+00 0.000000000000000000e+00 0.000000000000000000e+00 0.000000000000000000e+00 3.701258687486637666e-01 0.000000000000000000e+00 0.000000000000000000e+00 9.561480878893736657e-01 2.560000000000000000e+02 -2.551999999999999957e+01
0.000000000000000000e+00 0.000000000000000000e+00 5.872087089289332873e-01 0.000000000000000000e+00 0.000000000000000000e+00 1.896550072807345107e-03 0.000000000000000000e+00 8.030025349137365209e-01 0.000000000000000000e+00 2.557014369334710633e-04 0.000000000000000000e+00 0.000000000000000000e+00 0.000000000000000000e+00 0.000000000000000000e+00 0.000000000000000000e+00 2.058985619697895639e-04 0.000000000000000000e+00 0.000000000000000000e+00 0.000000000000000000e+00 0.000000000000000000e+00 1.082558658071666388e-02 0.000000000000000000e+00 0.000000000000000000e+00 0.000000000000000000e+00 0.000000000000000000e+00 0.000000000000000000e+00 0.000000000000000000e+00 0.000000000000000000e+00 4.612648320081559616e-02 2.649059968536457421e-02 0.000000000000000000e+00 1.140271735061965499e-03 2.560000000000000000e+02 -2.158333333333333215e+01
8.213426357582680193e-02 0.000000000000000000e+00 9.297133347210686377e-03 0.000000000000000000e+00 2.404761844014270677e-01 5.009775114942641161e-02 2.405526303329523496e-02 5.925222202428555990e-02 0.000000000000000000e+00 0.000000000000000000e+00 0.000000000000000000e+00 0.000000000000000000e+00 0.000000000000000000e+00 0.000000000000000000e+00 0.000000000000000000e+00 7.305647601162553739e-01 0.000000000000000000e+00 0.000000000000000000e+00 0.000000000000000000e+00 0.000000000000000000e+00 1.071391862663639005e-01 0.000000000000000000e+00 0.000000000000000000e+00 1.000000000000000000e+00 0.000000000000000000e+00 1.623939922092586599e-02 0.000000000000000000e+00 0.000000000000000000e+00 1.884231689033138979e-02 8.949584448917878576e-02 0.000000000000000000e+00 0.000000000000000000e+00 2.560000000000000000e+02 -2.625000000000000000e+01
1.000000000000000000e+00 0.000000000000000000e+00 2.468283882388370432e-01 0.000000000000000000e+00 5.018448107834905247e-01 0.000000000000000000e+00 0.000000000000000000e+00 2.701924563932919243e-01 0.000000000000000000e+00 0.000000000000000000e+00 0.000000000000000000e+00 0.000000000000000000e+00 5.254036457993707110e-01 0.000000000000000000e+00 0.000000000000000000e+00 0.000000000000000000e+00 0.000000000000000000e+00 0.000000000000000000e+00 0.000000000000000000e+00 0.000000000000000000e+00 0.000000000000000000e+00 0.000000000000000000e+00 0.000000000000000000e+00 2.233411811022934304e-02 0.000000000000000000e+00 0.000000000000000000e+00 4.640346347002860528e-01 0.000000000000000000e+00 7.537410680023145515e-01 0.000000000000000000e+00 6.158124321303706239e-01 0.000000000000000000e+00 2.560000000000000000e+02 -2.462999999999999901e+01
1.036586326212136644e-01 6.418250493487167585e-01 7.505924061311328600e-04 0.000000000000000000e+00 3.456516214600634934e-02 0.000000000000000000e+00 4.003463605139691572e-01 9.359388058822674106e-01 0.000000000000000000e+00 1.366769007074028208e-01 1.209474620447706927e-01 0.000000000000000000e+00 1.928733840038992023e-02 0.000000000000000000e+00 2.706618569031725707e-01 0.000000000000000000e+00 2.436355838593999221e-02 0.000000000000000000e+00 0.000000000000000000e+00 6.881238575203607426e-03 0.000000000000000000e+00 8.598040756372489213e-01 0.000000000000000000e+00 0.000000000000000000e+00 0.000000000000000000e+00 0.000000000000000000e+00 1.005497089225980828e-01 0.000000000000000000e+00 7.737852681812209532e-01 3.973456127416091777e-01 6.752634554343737994e-02 1.557961849371081453e-01 2.560000000000000000e+02 -2.334666666666666401e+01
1.237277892495010911e-01 0.000000000000000000e+00 4.917801340959354573e-04 3.624982662597129451e-02 1.514210193465347250e-02 0.000000000000000000e+00 0.000000000000000000e+00 0.000000000000000000e+00 0.000000000000000000e+00 0.000000000000000000e+00 0.000000000000000000e+00 0.000000000000000000e+00 0.000000000000000000e+00 0.000000000000000000e+00 0.000000000000000000e+00 4.992007281868393043e-01 2.225463007089912848e-01 0.000000000000000000e+00 0.000000000000000000e+00 0.000000000000000000e+00 0.000000000000000000e+00 5.751105549539859974e-01 0.000000000000000000e+00 1.417676547112216023e-01 0.000000000000000000e+00 0.000000000000000000e+00 0.000000000000000000e+00 0.000000000000000000e+00 9.864768307168599870e-01 0.000000000000000000e+00 0.000000000000000000e+00 6.331387040661295984e-01 2.560000000000000000e+02 -2.201333333333333542e+01
0.000000000000000000e+00 0.000000000000000000e+00 0.000000000000000000e+00 0.000000000000000000e+00 6.789411776011377794e-05 0.000000000000000000e+00 4.788145314563909127e-01 2.152717361360545478e-01 0.000000000000000000e+00 0.000000000000000000e+00 0.000000000000000000e+00 0.000000000000000000e+00 0.000000000000000000e+00 0.000000000000000000e+00 1.257883208564858454e-06 0.000000000000000000e+00 0.000000000000000000e+00 0.000000000000000000e+00 9.936007711456315006e-01 0.000000000000000000e+00 4.664509002450361458e-02 0.000000000000000000e+00 8.772999031899707534e-01 8.528888177923856784e-01 0.000000000000000000e+00 0.000000000000000000e+00 0.000000000000000000e+00 8.065672900221462771e-02 5.589626560075084934e-04 4.626997523380310522e-06 0.000000000000000000e+00 4.788965607559534376e-01 2.560000000000000000e+02 -2.325666666666667126e+01
0.000000000000000000e+00 0.000000000000000000e+00 1.000000000000000000e+00 1.000000000000000000e+00 2.426736768983740189e-01 0.000000000000000000e+00 1.144065759454195724e-01 0.000000000000000000e+00 0.000000000000000000e+00 9.994127017075394859e-01 3.222914668526439402e-03 0.000000000000000000e+00 0.000000000000000000e+00 0.000000000000000000e+00 0.000000000000000000e+00 1.386047680151919204e-01 1.768784046439814961e-01 0.000000000000000000e+00 0.000000000000000000e+00 0.000000000000000000e+00 0.000000000000000000e+00 0.000000000000000000e+00 1.201057552915892751e-02 0.000000000000000000e+00 0.000000000000000000e+00 0.000000000000000000e+00 0.000000000000000000e+00 0.000000000000000000e+00 5.503915033658104278e-02 8.051905912901738405e-02 0.000000000000000000e+00 0.000000000000000000e+00 2.560000000000000000e+02 -2.087000000000000099e+01
0.000000000000000000e+00 0.000000000000000000e+00 0.000000000000000000e+00 0.000000000000000000e+00 0.000000000000000000e+00 0.000000000000000000e+00 0.000000000000000000e+00 0.000000000000000000e+00 0.000000000000000000e+00 0.000000000000000000e+00 0.000000000000000000e+00 0.000000000000000000e+00 0.000000000000000000e+00 0.000000000000000000e+00 0.000000000000000000e+00 0.000000000000000000e+00 0.000000000000000000e+00 0.000000000000000000e+00 0.000000000000000000e+00 0.000000000000000000e+00 0.000000000000000000e+00 0.000000000000000000e+00 0.000000000000000000e+00 0.000000000000000000e+00 0.000000000000000000e+00 0.000000000000000000e+00 0.000000000000000000e+00 0.000000000000000000e+00 0.000000000000000000e+00 3.347733932937123624e-01 0.000000000000000000e+00 0.000000000000000000e+00 2.560000000000000000e+02 -2.517666666666666586e+01
0.000000000000000000e+00 8.644106390368139214e-02 0.000000000000000000e+00 0.000000000000000000e+00 0.000000000000000000e+00 0.000000000000000000e+00 4.802871486141150892e-01 0.000000000000000000e+00 0.000000000000000000e+00 0.000000000000000000e+00 0.000000000000000000e+00 0.000000000000000000e+00 0.000000000000000000e+00 0.000000000000000000e+00 0.000000000000000000e+00 0.000000000000000000e+00 0.000000000000000000e+00 0.000000000000000000e+00 0.000000000000000000e+00 9.385929381344618183e-02 0.000000000000000000e+00 0.000000000000000000e+00 1.582842306376230218e-02 1.682370369134123245e-01 0.000000000000000000e+00 0.000000000000000000e+00 0.000000000000000000e+00 0.000000000000000000e+00 6.976380031812791892e-03 0.000000000000000000e+00 0.000000000000000000e+00 0.000000000000000000e+00 2.560000000000000000e+02 -1.992666666666666586e+01
0.000000000000000000e+00 0.000000000000000000e+00 0.000000000000000000e+00 0.000000000000000000e+00 0.000000000000000000e+00 0.000000000000000000e+00 0.000000000000000000e+00 3.147328655817731580e-01 0.000000000000000000e+00 0.000000000000000000e+00 0.000000000000000000e+00 0.000000000000000000e+00 0.000000000000000000e+00 5.023853101028201429e-02 0.000000000000000000e+00 0.000000000000000000e+00 0.000000000000000000e+00 0.000000000000000000e+00 2.122689162710972993e-02 0.000000000000000000e+00 0.000000000000000000e+00 0.000000000000000000e+00 0.000000000000000000e+00 3.439724379913273733e-01 0.000000000000000000e+00 0.000000000000000000e+00 0.000000000000000000e+00 0.000000000000000000e+00 0.000000000000000000e+00 6.364758083125574006e-02 0.000000000000000000e+00 7.787295404260456966e-01 2.560000000000000000e+02 -2.311666666666667069e+01
3.110123711696299170e-02 0.000000000000000000e+00 9.417968859992850161e-01 0.000000000000000000e+00 5.447280603397400833e-01 0.000000000000000000e+00 5.205026603283191555e-01 9.539212380001117486e-01 0.000000000000000000e+00 0.000000000000000000e+00 0.000000000000000000e+00 0.000000000000000000e+00 1.706545860032006684e-07 3.761146407971999173e-02 0.000000000000000000e+00 0.000000000000000000e+00 7.281187453142410026e-08 3.771215079902497380e-01 0.000000000000000000e+00 0.000000000000000000e+00 9.405208778279702253e-01 1.000000000000000000e+00 2.292161129690093446e-01 0.000000000000000000e+00 0.000000000000000000e+00 0.000000000000000000e+00 4.052215417643971196e-01 2.518388874369865277e-02 2.728942301348765212e-02 0.000000000000000000e+00 1.521278455470831681e-01 5.567324662227606247e-01 2.560000000000000000e+02 -2.703000000000000114e+01
0.000000000000000000e+00 0.000000000000000000e+00 0.000000000000000000e+00 2.956015230369999866e-04 0.000000000000000000e+00 0.000000000000000000e+00 9.440639276080009523e-01 0.000000000000000000e+00 5.085979053542581674e-02 0.000000000000000000e+00 7.509345707456407393e-01 0.000000000000000000e+00 0.000000000000000000e+00 0.000000000000000000e+00 0.000000000000000000e+00 0.000000000000000000e+00 0.000000000000000000e+00 0.000000000000000000e+00 0.000000000000000000e+00 0.000000000000000000e+00 0.000000000000000000e+00 9.672562453676143424e-01 4.172831070416317956e-01 0.000000000000000000e+00 0.000000000000000000e+00 0.000000000000000000e+00 1.217716721646835487e-11 0.000000000000000000e+00 7.706308510852115656e-01 0.000000000000000000e+00 0.000000000000000000e+00 0.000000000000000000e+00 2.560000000000000000e+02 -1.941000000000000014e+01
1.000000000000000000e+00 0.000000000000000000e+00 5.448666119035954214e-01 0.000000000000000000e+00 5.867037750992104561e-01 0.000000000000000000e+00 0.000000000000000000e+00 0.000000000000000000e+00 2.891823316687651135e-01 0.000000000000000000e+00 0.000000000000000000e+00 0.000000000000000000e+00 0.000000000000000000e+00 0.000000000000000000e+00 0.000000000000000000e+00 0.000000000000000000e+00 0.000000000000000000e+00 0.000000000000000000e+00 0.000000000000000000e+00 0.000000000000000000e+00 3.808787883317239775e-02 0.000000000000000000e+00 0.000000000000000000e+00 0.000000000000000000e+00 0.000000000000000000e+00 0.000000000000000000e+00 0.000000000000000000e+00 3.868983842265520390e-01 0.000000000000000000e+00 0.000000000000000000e+00 0.000000000000000000e+00 2.825904149632607262e-02 2.560000000000000000e+02 -2.258999999999999986e+01
7.494598341935831964e-01 0.000000000000000000e+00 7.106163798731356396e-01 0.000000000000000000e+00 1.000000000000000000e+00 6.286076419692858686e-01 9.993751749955910313e-01 2.800983084354668473e-01 0.000000000000000000e+00 0.000000000000000000e+00 0.000000000000000000e+00 0.000000000000000000e+00 0.000000000000000000e+00 0.000000000000000000e+00 0.000000000000000000e+00 0.000000000000000000e+00 0.000000000000000000e+00 3.542022532390167681e-03 0.000000000000000000e+00 0.000000000000000000e+00 0.000000000000000000e+00 0.000000000000000000e+00 0.000000000000000000e+00 0.000000000000000000e+00 0.000000000000000000e+00 0.000000000000000000e+00 0.000000000000000000e+00 0.000000000000000000e+00 3.725201345358641891e-01 0.000000000000000000e+00 0.000000000000000000e+00 1.000000000000000000e+00 2.560000000000000000e+02 -2.195666666666666700e+01
3.198427734107977399e-02 0.000000000000000000e+00 5.248147984128620491e-01 0.000000000000000000e+00 0.000000000000000000e+00 0.000000000000000000e+00 7.213727794798074217e-03 0.000000000000000000e+00 0.000000000000000000e+00 0.000000000000000000e+00 0.000000000000000000e+00 0.000000000000000000e+00 0.000000000000000000e+00 0.000000000000000000e+00 9.999886634741500524e-01 0.000000000000000000e+00 8.697545755344360252e-02 0.000000000000000000e+00 0.000000000000000000e+00 0.000000000000000000e+00 0.000000000000000000e+00 1.469474188643989931e-01 2.197299811217607104e-02 0.000000000000000000e+00 0.000000000000000000e+00 0.000000000000000000e+00 3.771409584722820035e-02 0.000000000000000000e+00 8.485871483737290610e-01 2.095843498298277374e-01 8.791547359350625895e-03 0.000000000000000000e+00 2.560000000000000000e+02 -1.973000000000000043e+01
