5.000000000000000000e-01 5.000000000000000000e-01 5.000000000000000000e-01 5.000000000000000000e-01 5.000000000000000000e-01 5.000000000000000000e-01 5.000000000000000000e-01 5.000000000000000000e-01 5.000000000000000000e-01 5.000000000000000000e-01 5.000000000000000000e-01 5.000000000000000000e-01 5.000000000000000000e-01 5.000000000000000000e-01 5.000000000000000000e-01 5.000000000000000000e-01 5.000000000000000000e-01 5.000000000000000000e-01 5.000000000000000000e-01 5.000000000000000000e-01 5.000000000000000000e-01 5.000000000000000000e-01 5.000000000000000000e-01 5.000000000000000000e-01 5.000000000000000000e-01 5.000000000000000000e-01 5.000000000000000000e-01 5.000000000000000000e-01 5.000000000000000000e-01 5.000000000000000000e-01 5.000000000000000000e-01 5.000000000000000000e-01 5.120000000000000000e+02 -3.904666666666665975e+01
5.000000000000000278e-02 7.903225806451613655e-02 1.080645161290322565e-01 1.370967741935483764e-01 1.661290322580645240e-01 1.951612903225806162e-01 2.241935483870967638e-01 2.532258064516129115e-01 2.822580645161290036e-01 3.112903225806451513e-01 3.403225806451612434e-01 3.693548387096773911e-01 3.983870967741935387e-01 4.274193548387096309e-01 4.564516129032257785e-01 4.854838709677418707e-01 5.145161290322580738e-01 5.435483870967742215e-01 5.725806451612903691e-01 6.016129032258064058e-01 6.306451612903225534e-01 6.596774193548387011e-01 6.887096774193548487e-01 7.177419354838709964e-01 7.467741935483871440e-01 7.758064516129031807e-01 8.048387096774193283e-01 8.338709677419354760e-01 8.629032258064516236e-01 8.919354838709677713e-01 9.209677419354838079e-01 9.499999999999999556e-01 5.120000000000000000e+02 -3.891333333333333400e+01
9.499999999999999556e-01 9.209677419354838079e-01 8.919354838709677713e-01 8.629032258064516236e-01 8.338709677419354760e-01 8.048387096774193283e-01 7.758064516129031807e-01 7.467741935483871440e-01 7.177419354838709964e-01 6.887096774193548487e-01 6.596774193548387011e-01 6.306451612903225534e-01 6.016129032258064058e-01 5.725806451612903691e-01 5.435483870967742215e-01 5.145161290322580738e-01 4.854838709677418707e-01 4.564516129032257785e-01 4.274193548387096309e-01 3.983870967741935387e-01 3.693548387096773911e-01 3.403225806451612434e-01 3.112903225806451513e-01 2.822580645161290036e-01 2.532258064516129115e-01 2.241935483870967638e-01 1.951612903225806162e-01 1.661290322580645240e-01 1.370967741935483764e-01 1.080645161290322565e-01 7.903225806451613655e-02 5.000000000000000278e-02 5.120000000000000000e+02 -3.857999999999999829e+01
5.000000000000000278e-02 1.099999999999999867e-01 1.699999999999999845e-01 2.299999999999999822e-01 2.899999999999999800e-01 3.499999999999999223e-01 4.099999999999999201e-01 4.699999999999999178e-01 5.299999999999999156e-01 5.899999999999999689e-01 6.499999999999999112e-01 7.099999999999999645e-01 7.699999999999999067e-01 8.299999999999999600e-01 8.899999999999999023e-01 9.499999999999999556e-01 9.499999999999999556e-01 8.900000000000000133e-01 8.299999999999999600e-01 7.700000000000000178e-01 7.099999999999999645e-01 6.500000000000000222e-01 5.900000000000000799e-01 5.300000000000000266e-01 4.700000000000000289e-01 4.100000000000000311e-01 3.500000000000000888e-01 2.900000000000000355e-01 2.300000000000000933e-01 1.700000000000000400e-01 1.100000000000000977e-01 5.000000000000000278e-02 5.120000000000000000e+02 -3.764999999999999858e+01
9.499999999999999556e-01 8.900000000000000133e-01 8.300000000000000711e-01 7.700000000000000178e-01 7.099999999999999645e-01 6.500000000000001332e-01 5.900000000000000799e-01 5.300000000000000266e-01 4.700000000000000844e-01 4.100000000000000311e-01 3.500000000000000888e-01 2.900000000000000355e-01 2.300000000000000933e-01 1.700000000000000400e-01 1.100000000000000977e-01 5.000000000000004441e-02 5.000000000000004441e-02 1.099999999999999867e-01 1.700000000000000400e-01 2.299999999999999822e-01 2.900000000000000355e-01 3.499999999999999778e-01 4.099999999999999201e-01 4.699999999999999734e-01 5.300000000000000266e-01 5.899999999999999689e-01 6.499999999999999112e-01 7.099999999999999645e-01 7.699999999999999067e-01 8.299999999999999600e-01 8.899999999999999023e-01 9.499999999999999556e-01 5.120000000000000000e+02 -3.764999999999999858e+01
1.499999999999999944e-01 8.499999999999999778e-01 1.499999999999999944e-01 8.499999999999999778e-01 1.499999999999999944e-01 8.499999999999999778e-01 1.499999999999999944e-01 8.499999999999999778e-01 1.499999999999999944e-01 8.499999999999999778e-01 1.499999999999999944e-01 8.499999999999999778e-01 1.499999999999999944e-01 8.499999999999999778e-01 1.499999999999999944e-01 8.499999999999999778e-01 1.499999999999999944e-01 8.499999999999999778e-01 1.499999999999999944e-01 8.499999999999999778e-01 1.499999999999999944e-01 8.499999999999999778e-01 1.499999999999999944e-01 8.499999999999999778e-01 1.499999999999999944e-01 8.499999999999999778e-01 1.499999999999999944e-01 8.499999999999999778e-01 1.499999999999999944e-01 8.499999999999999778e-01 1.499999999999999944e-01 8.499999999999999778e-01 5.120000000000000000e+02 -3.662666666666666515e+01
9.500000000000000666e-01 9.500000000000000666e-01 9.500000000000000666e-01 1.062500000000000111e-01 9.500000000000000666e-01 1.062500000000000111e-01 1.062500000000000111e-01 1.062500000000000111e-01 5.000000000000000000e-01 5.000000000000000000e-01 9.500000000000000666e-01 1.625000000000000056e-01 1.062500000000000111e-01 9.500000000000000666e-01 9.500000000000000666e-01 9.500000000000000666e-01 9.500000000000000666e-01 2.750000000000000222e-01 9.500000000000000666e-01 1.062500000000000111e-01 1.062500000000000111e-01 1.062500000000000111e-01 1.062500000000000111e-01 1.062500000000000111e-01 1.062500000000000111e-01 9.500000000000000666e-01 1.062500000000000111e-01 1.625000000000000056e-01 5.000000000000000000e-01 9.500000000000000666e-01 9.500000000000000666e-01 1.062500000000000111e-01 5.120000000000000000e+02 -3.976333333333333542e+01
5.499596620578787176e-01 6.483548188835264181e-01 4.031573756688733856e-01 1.958032880261222908e-01 2.704009991651217804e-01 5.574613117508135929e-01 2.675124162838839470e-01 9.076545228512565844e-01 9.750881068470830249e-01 5.885783967192788069e-01 8.955207968557677978e-01 2.299666373827536359e-01 1.705502977979132806e-01 4.687976438986074523e-01 6.241754460553111672e-01 6.665951276318247132e-01 2.051066005658749858e-01 5.973376488339716683e-01 9.677507933637109483e-01 7.800854691737262314e-01 6.406054641060090482e-01 2.641205845587580869e-01 5.860846633778217241e-01 2.466163523058121088e-01 5.789845308022084636e-01 3.502848306260404332e-01 5.768673578580290062e-01 8.462947572284763575e-01 6.796250054397709461e-02 6.417819552423570384e-02 8.017540475474302930e-01 9.201571036738644960e-01 5.120000000000000000e+02 -3.861666666666666714e+01
2.622698287316063692e-01 9.632098608288813812e-03 5.165716392603276752e-01 5.768566574680376036e-01 6.782206125259221396e-01 5.876394429973132993e-01 7.841409629724142016e-01 2.733712923657345972e-01 5.365866490939278366e-01 6.474857220674236080e-01 2.002105894633453009e-01 5.133235330574751482e-02 4.634996590896091062e-01 3.494233067375930313e-01 8.326469505674507499e-01 7.920917722293130403e-01 9.072141006962872734e-01 2.441623709352906679e-01 9.592898229432198498e-01 4.486929966054843399e-01 5.155760419871965317e-01 1.376924240280757994e-01 4.736147129171294767e-01 2.752941869705160822e-03 9.218405382814913729e-01 5.337959542312068484e-01 8.455907339814657808e-01 2.146798765276285714e-01 3.532994023657911598e-01 3.627727888303389214e-01 9.088807973080816893e-01 2.804788845225503202e-01 5.120000000000000000e+02 -3.937000000000000455e+01
4.568320962797169787e-02 3.051490326569460398e-01 5.339207433116736068e-01 4.231786628204712297e-01 3.714424855602773690e-01 9.655201246498605616e-02 4.539878766960424583e-01 2.543758490909631687e-01 6.154476124719353569e-01 1.424411261214202085e-01 6.197530597665543706e-01 7.428262150917537276e-01 4.766836470389648750e-01 6.195256419179864249e-01 4.627334587545043343e-01 5.718989194723496094e-01 3.964998813585250415e-01 5.528711660013653217e-01 5.634784228254976490e-01 4.273416344066880979e-01 7.323745718622118317e-02 4.824091070515960089e-01 4.993602555629323425e-01 2.859860885000230502e-01 4.088670828404711299e-01 9.259741498757690925e-01 7.381239520014564182e-01 6.623379503475317065e-02 7.603829072103838183e-01 2.873061297674525325e-02 2.757631347469570726e-01 1.188422140819004528e-04 5.120000000000000000e+02 -3.980333333333333456e+01
1.108854236274403327e-01 8.020463280741055856e-01 3.987387679831667919e-02 5.306552448452588333e-01 1.690724823389042342e-01 1.941550058918840027e-01 6.672020152448396857e-01 5.216592544487079763e-01 7.591107242447833192e-01 4.701420981503642293e-01 8.558172067278746464e-01 3.988685335673073165e-03 8.255225304816352638e-01 7.105970043087763699e-01 7.313327842842698434e-01 3.810121596785737697e-01 1.323896065783160547e-01 6.729775322224155198e-01 5.405281456289311171e-02 1.623242265092037506e-01 7.214112177737848075e-01 4.077397317211129413e-01 7.292913618565513012e-01 5.797639820810640554e-01 2.700521845119230879e-01 1.148560871945959599e-01 9.880947779061752811e-01 7.587113989583544882e-01 7.769569427951709961e-02 9.678333997555792212e-02 8.260722142603905693e-01 6.752998455245114995e-01 5.120000000000000000e+02 -3.855333333333333456e+01
8.151219187652072318e-01 5.274273354498268951e-01 8.840089696714226175e-02 8.657577437215348004e-01 8.170489235953045659e-01 1.728997785095600093e-01 8.597376763527200816e-02 2.227300921166591452e-01 8.770181975038766620e-01 5.465238987703550100e-01 5.750227085209668187e-01 9.094837738667342908e-01 1.317190519742365007e-01 5.852766026733757787e-01 2.273624426507550311e-01 8.574141533763554035e-01 3.579277984943725344e-02 1.121044504710683731e-01 1.415271499575850023e-01 1.892827670307735410e-01 5.473626484477503995e-01 5.062048559307512630e-01 4.101598708152049411e-01 7.753632141739409400e-01 6.988066588893979691e-01 9.457684285631901000e-01 1.290091396514009836e-01 7.810694209659609921e-01 3.940694282110827062e-01 7.597551167281091367e-01 5.816296164502789967e-01 3.923331183724804161e-01 5.120000000000000000e+02 -3.871666666666666856e+01
4.591050636143128583e-01 5.092325236331918248e-01 2.282640202322910594e-01 3.966194208457708981e-01 2.589161625682150358e-01 7.217058786508895318e-01 3.099935391692509312e-01 7.753290855763482758e-01 8.911990174349365690e-01 9.267562749265941813e-01 2.555462952511708408e-01 2.562844118703131446e-01 5.775162499642306768e-01 1.235339311124037526e-01 5.381723576332992920e-01 4.190223334924312315e-01 6.097029087312884066e-01 5.776646672445280295e-01 6.041922216319318695e-01 9.509836399139581786e-01 9.180689862103373899e-01 2.561528899969537365e-01 9.149555899959692373e-02 7.996492890330827441e-01 8.595276342541346981e-01 4.840785281536730822e-01 8.927046735326263915e-01 4.184644965511836179e-01 6.290910135439186091e-01 9.596623114712965474e-01 6.257867655703974741e-01 2.529713565020850208e-01 5.120000000000000000e+02 -3.917666666666666941e+01
5.274725378998119663e-01 7.616191857332329507e-01 2.028930162805723039e-02 2.986216385642636029e-01 7.802308647389010199e-01 2.613616069631805594e-01 3.851069579679903820e-01 5.290700983746573494e-01 1.994192987413544449e-01 7.632663812098308131e-01 8.117577287078682202e-01 8.245061376707836232e-01 6.165929718821653305e-01 3.908627545894065580e-01 1.659677523103299801e-01 3.038322632877170082e-01 9.485023691514835043e-02 2.027045215056932914e-01 8.158104423667598137e-01 5.788345350510143428e-01 9.007850183584172887e-01 3.862613233700117887e-01 8.695581238052343398e-01 5.040644540904849064e-02 4.449657619143447262e-01 1.501247579319612557e-01 3.479795007906889004e-01 7.461404974431096182e-01 8.220068722558889762e-01 2.312390010547759056e-01 7.283603697319512849e-01 4.429342594563137614e-01 5.120000000000000000e+02 -3.911999999999999744e+01
4.189622429399909587e-01 5.950156963764934304e-01 1.956232302657928135e-01 1.853508726728327061e-01 9.162194628558604226e-01 2.263358456959838894e-01 8.204072675851288299e-01 8.261320159691749598e-01 6.821706395524205213e-01 7.828700774298109899e-02 9.600408382523322182e-01 6.489578564513183434e-02 2.798285906948690394e-01 8.652596931720982765e-01 3.675755883992327666e-01 5.204239890893941345e-01 2.537738530991504038e-01 3.513587865211981742e-01 7.218897498517069522e-01 4.409262662328875676e-02 9.330890670613490867e-01 2.219636035033515642e-01 7.713446902778234859e-01 1.367199463379012159e-01 6.481300749357711277e-01 2.575097959158744176e-01 2.011896183999300480e-01 8.886939677521368264e-01 2.583794238057737780e-02 2.016263838163233624e-01 1.883998382452828080e-01 9.324144558164088048e-01 5.120000000000000000e+02 -3.800999999999999801e+01
2.033493168497021164e-01 1.367772968492924901e-01 9.902300033160561510e-01 6.738876016602842745e-01 7.087632017192855294e-01 8.820884372451068822e-01 6.242389430282072604e-01 6.635305267853646161e-01 7.380303866130255575e-01 9.009088951725299221e-01 4.187495933504810641e-01 6.806371369888423173e-01 2.560283819722687926e-01 8.841305054449712930e-01 1.230247788887201960e-01 8.379043239914788499e-01 8.296593187569387684e-01 1.240397769920554144e-01 2.914893502972550898e-01 8.297078784287866826e-01 4.708988843131450830e-01 7.996655863084349836e-01 1.176228535993644603e-01 3.091734393095438294e-01 8.019850339046413756e-01 5.649196821878920555e-02 5.339703560304148722e-01 8.105742130606993223e-01 6.601958738374823499e-01 1.871738025522666216e-01 9.592122367777622394e-01 3.641368397159855386e-01 5.120000000000000000e+02 -3.939999999999999858e+01
4.437627262071762724e-01 1.774492498955551334e-01 6.459583429651035713e-01 6.309325319217399253e-01 4.375849279407079684e-01 4.378458333550104831e-01 9.387857175666242115e-01 1.093355197674352186e-01 8.536561434506964030e-01 5.367740063725827682e-01 6.334623706049895553e-01 8.611030000512015503e-01 8.230705444912143065e-01 4.820058703547920598e-02 6.844843189058332777e-01 3.575942349237061068e-03 8.612525724174530106e-01 2.841471215750552282e-01 6.768812800021503095e-01 3.942892585971513042e-01 9.701184254551863395e-01 3.561080283285736336e-01 4.279282931725567063e-02 1.226759771329126725e-01 1.759817769119534081e-01 9.939394156483850606e-01 4.902954384922211251e-01 7.256460920961930183e-01 6.920537742827067573e-01 5.683037754334501201e-01 6.352892578596985862e-01 4.368146075533703709e-01 5.120000000000000000e+02 -3.950999999999999801e+01
2.647319200621682245e-01 6.185398228603294912e-01 2.764628181481790237e-01 9.547906123593250527e-01 4.927554507243903648e-01 7.819693264566618396e-01 5.491820819040201807e-01 7.481353560480412390e-02 9.328702333780570788e-01 5.002658019989347782e-01 3.398625334119712571e-01 4.289634510804754552e-01 5.884857703758888947e-01 6.455670880648022303e-01 6.063019733275017975e-01 9.753243251113445922e-01 2.945245106637151555e-01 5.257567791022991210e-01 9.034835383028569922e-01 9.720860438609830734e-01 1.241691750899000107e-01 5.866164268400831938e-01 2.914473677770725302e-01 4.385575351392258514e-01 1.739005472919854245e-01 8.331456457407028504e-02 2.731258144668745058e-01 9.970005501951479943e-01 8.795403549215820016e-01 4.206310447895825755e-01 1.299919703613315325e-01 5.843073471038912059e-01 5.120000000000000000e+02 -4.045333333333333314e+01
6.787634745238242395e-01 3.234259555056481772e-01 4.085139107148107879e-03 3.787128463808961138e-03 9.442298795054534510e-01 3.205609801659321523e-01 3.348712946042977645e-01 6.299352210309131506e-01 3.623596279068643788e-01 8.793182874708233010e-01 8.732252419850938807e-01 6.457914958855939247e-01 1.945123391905969057e-01 2.333790000019746735e-01 8.706667030031640664e-01 4.922472339020687038e-01 5.818183464855872788e-01 4.637706339447522086e-01 4.418323939684516977e-01 6.036538245257567770e-01 3.583152603648198653e-01 2.404226183586348764e-01 4.279567606169879523e-01 8.242597660536568061e-01 3.379184323630031184e-01 5.648309529363804149e-01 6.810044694839416657e-01 9.069772147783835559e-01 4.171804937470733332e-01 7.187724014706049491e-01 3.273568776219242804e-01 5.188046620285310384e-01 5.120000000000000000e+02 -3.835666666666666202e+01
1.264336078774823402e-01 4.771470828356803584e-01 8.846643645840808201e-01 6.610541140999019738e-02 3.904075622563727976e-01 1.627702681745387195e-02 6.006311782398275900e-01 5.033860875402702550e-01 2.800096184941274500e-04 7.143679900271692196e-01 9.992536689226688695e-02 5.811497851014915117e-01 9.076716538263897016e-01 6.509288796237969743e-01 1.048911241285429841e-01 7.372525635569072699e-01 3.010199153331373223e-01 8.054414850335102349e-02 7.398753363291792340e-01 9.315200952535667156e-01 2.129394084907438034e-01 7.334001316944228632e-01 4.906745770617608748e-01 2.026954607600787439e-01 1.407141795013921726e-01 9.566070180993804239e-01 6.593775516880578946e-01 9.863769892476476064e-02 3.226726339601919125e-01 8.618134244780509823e-01 6.694592960664800252e-01 8.243144920233949069e-01 5.120000000000000000e+02 -3.849000000000000199e+01
7.299929245612041262e-01 8.589274683513994368e-01 7.131475235226892861e-01 7.872909723193435294e-01 4.538258909775414462e-01 7.420616327307834048e-01 1.176283766714723983e-01 7.666608554665192976e-01 7.963804484690204522e-01 5.182793470380585577e-01 1.716294154997294319e-01 1.904264239544951054e-01 5.078441854007085254e-01 3.164448190039126363e-01 4.299321385810017104e-01 2.623271914598369545e-02 1.137290134549213821e-01 7.416955806179367228e-01 8.426680491703343323e-01 7.500141176909516094e-01 8.244373062666401353e-01 5.695934182792948830e-01 5.126691389332018942e-03 5.538315199865220251e-01 3.990320977278534742e-01 7.626843017135810365e-01 1.623852509330939720e-01 4.482081314345378042e-01 4.216199503857900877e-01 3.754611869163148596e-01 6.576131149185083791e-01 5.110274096484745954e-02 5.120000000000000000e+02 -3.785333333333333172e+01
7.974036861647653129e-01 2.088943351341312760e-01 3.672157936894929753e-01 3.836291951941803863e-02 1.991187096741315471e-02 2.719852843016020705e-01 9.252374668904957966e-01 8.203134321550162866e-01 3.999693773897597393e-02 7.366878468475536179e-01 9.363259498184026697e-01 3.254680946219351001e-01 2.820030025341288549e-01 9.165912160998095359e-01 5.547582588204521548e-01 4.118633484972956255e-02 5.767843192721168188e-01 8.058967910859330397e-01 3.933269471763822106e-02 4.103468205285062398e-01 6.783616687458818850e-01 9.527799059218785560e-01 3.880545001249601222e-01 4.175409305491766809e-01 3.597425712892839966e-01 5.595502463285514372e-01 9.597359354782267760e-01 1.706606034036823871e-01 4.640126910889033618e-01 6.522266451141995880e-01 5.427103819643114280e-01 1.874692952120950995e-01 5.120000000000000000e+02 -3.777999999999999403e+01
9.631600605217974786e-01 5.775245184194551795e-01 5.542202998801660785e-01 3.288752146376044405e-01 8.269858628019233215e-01 7.108104566023538684e-01 4.741490552555317761e-02 2.016064943269225695e-01 4.507296422056150109e-01 3.719172239656190482e-01 8.941098881043634261e-01 4.979397244398152678e-01 9.996268829186405469e-01 5.365357993096251388e-01 9.207189083974459676e-01 6.120338637524895820e-01 6.878154892080495797e-01 9.745881899606989585e-02 7.404384454238603641e-02 5.389426122281187892e-01 6.933714399753838631e-01 3.258562511715824839e-02 9.707809027690599279e-01 8.393959662740377858e-01 6.040572968590225411e-01 5.850281062468187798e-01 6.242023380668951793e-01 2.057310425514385574e-02 7.370018373790987454e-01 4.251940481798132110e-01 5.235106407158460762e-01 2.079328121444190547e-01 5.120000000000000000e+02 -3.754333333333332945e+01
3.087034056579238822e-02 2.872877560090278740e-02 8.653284191029075867e-01 5.101779257322749395e-01 9.714207587089285223e-01 7.544634620786730972e-01 1.618899683982257809e-01 9.782091504985472585e-02 5.083786472892806163e-01 8.614113313099289737e-01 2.679388875091015532e-01 2.072390011326689097e-01 9.265875924206051772e-01 7.823679907658038779e-01 3.982009472825043250e-01 1.673217999264210998e-01 9.867401361317509334e-01 6.952082185244291557e-01 1.880341626258696663e-01 5.942563621059696599e-01 5.696286996053845364e-01 6.617476681906518943e-01 5.240573447526793993e-01 3.039831808173886277e-02 6.283174260201278560e-01 8.651321221814183282e-01 8.163472485540137491e-01 7.153570007378906581e-01 9.303968070945785040e-01 7.310350721521610695e-02 4.641959863672019959e-01 7.757245831001920999e-01 5.120000000000000000e+02 -4.031000000000000227e+01
4.764503527984788600e-01 9.434625684076954899e-01 9.510567757770663766e-01 8.844578570197746403e-01 6.126021285304638075e-01 1.916381728693959952e-01 2.499167786318880480e-01 4.156577309560869904e-01 2.831685774052919435e-01 4.440165501352817401e-01 1.405470425991337934e-03 3.412915467332881536e-01 1.412184016351026583e-01 1.927290415515472977e-01 5.142436297848173021e-01 1.340750370422004178e-01 3.599476987385586968e-01 5.342156652031638808e-01 4.798248956649088237e-01 8.497281605670334304e-02 3.421430159577896202e-01 4.026114737921336617e-02 5.408771832531377166e-01 1.568282877060238889e-01 7.223675896523726880e-01 1.873145900980404677e-01 9.431522033800144866e-01 5.039273549098505223e-01 7.204968374209314019e-01 3.923281327188873346e-01 7.731374731434627057e-01 2.842585016229235984e-01 5.120000000000000000e+02 -3.725666666666666771e+01
1.426222035981760672e-01 9.107293232955424589e-01 8.575162235967076496e-02 1.420913427527480122e-01 4.084803527691068803e-01 2.146784028498989472e-02 5.872077383095184455e-01 2.407953273527357607e-01 3.957333458492031664e-01 7.375699114425514624e-01 4.588824055956782222e-01 9.761929492998767666e-01 1.840380727689879814e-01 5.919749100153690741e-02 7.869390922084354423e-02 8.706526442451748560e-01 8.496897922317011576e-01 9.371174017201279183e-01 5.012703536480948019e-01 6.648703629328114317e-01 4.445124258623669444e-01 8.272181602681668577e-01 2.425817592395371203e-01 6.731297749681988130e-01 4.577664489410222803e-02 2.369853330121043655e-01 2.519708584930979711e-01 6.452530787344635810e-01 6.432971911549746347e-01 8.849664156338398202e-01 3.553868716777011660e-01 5.740023974028722886e-01 5.120000000000000000e+02 -3.684666666666666401e+01
7.117445925068711654e-01 7.149799319906910977e-01 6.260389977439805298e-01 9.058725571253682940e-01 5.707586153596052592e-01 6.484032665740800949e-01 4.147940200372667863e-01 6.003708090118342611e-01 6.612586554982764486e-01 4.062959552844211952e-01 1.171564640087661147e-01 6.188608050814712325e-01 3.538111109283441635e-01 4.775801416112860354e-01 2.988370410780637476e-01 2.155483107435836043e-01 6.686816511856124023e-01 9.965090809786660841e-01 6.491606659503577070e-01 8.090583029287906625e-01 5.019131553246904132e-02 9.912688572000777354e-01 9.183224254166925116e-01 9.702240401605439768e-01 2.269755248598592789e-01 8.497518616628524368e-01 9.225486635475894648e-01 2.973816788069763573e-01 5.891145832907237478e-01 6.353312823807475418e-01 5.643203467248755212e-01 2.984884254241708668e-01 5.120000000000000000e+02 -3.874666666666666970e+01
9.770489158995802059e-01 8.940976327494291054e-01 8.302307100645134330e-01 6.033580370372655377e-01 1.552839872778448982e-01 5.323796114399413915e-01 2.885496731632908873e-01 1.676254457099307649e-01 1.523954496584773999e-01 6.732805487773806385e-01 8.361741393347881246e-01 8.595457367141427774e-02 8.628097404122830882e-01 8.655729450573447503e-02 5.436530958484501325e-02 5.392329768179170424e-01 9.693684029101568012e-01 6.555320560837513133e-01 6.480774469431971330e-01 2.816466113710127880e-02 3.750015739436312057e-01 6.871889250059226573e-01 7.859821388458447800e-01 5.103240164121516376e-01 2.392560901474725388e-01 7.235406693152115487e-01 3.324457829373105022e-02 1.060052670255479286e-02 1.079364957860068502e-01 1.311635402501095393e-01 1.620340839570994507e-01 4.908909884112294675e-01 5.120000000000000000e+02 -3.853000000000000114e+01
3.837932107409603999e-01 6.119278119345711309e-01 7.239702591572738655e-01 9.146525176009558944e-01 3.219124712878402295e-01 4.806717823642708137e-02 5.715194209005685089e-01 6.452221310819968858e-01 9.158383587021239336e-01 1.144077582024434769e-01 3.512818897725495382e-01 8.348588263943360621e-01 9.579236282644157940e-01 4.394150637589990804e-01 4.783566160685974178e-01 2.590493746612161918e-01 6.216841439222273724e-01 3.828297171423311052e-01 2.215915744585487401e-01 8.717210232599112985e-01 1.037794630038823690e-01 6.286117407733864404e-01 6.729947799184347046e-01 6.903107287334628861e-01 5.680794590065744165e-01 3.232757149664905461e-02 5.488430509012334202e-01 2.778401755211324931e-01 8.055966039001574153e-01 7.765122365678134297e-01 2.855164506907566513e-01 3.461441302545235077e-01 5.120000000000000000e+02 -4.064999999999999858e+01
5.142135713917879158e-01 9.770104640388650452e-01 1.670243871289153192e-01 5.952987943667192861e-01 7.964628142909122577e-01 1.531906825031855990e-01 7.460529775068489577e-01 9.481684913392105507e-01 1.870201404365442466e-01 2.991864031091354126e-01 9.123961670985805128e-01 3.797803998196378483e-01 2.995677632054147832e-01 5.700135025472022887e-01 5.724688850986507302e-03 1.452444319175493770e-01 7.882317441982142903e-01 1.794464054228040450e-01 9.241493495226799082e-01 9.994490463771545929e-01 4.148217225649831197e-01 6.484331536489440495e-01 9.390271921779380637e-01 8.530397482573065515e-01 9.657504682113330352e-01 6.543399555486469898e-01 2.131410762511257717e-01 9.476316292083297732e-01 8.453633327891511007e-01 9.124815977977784875e-01 2.095268241078662719e-01 9.136710016916439747e-02 5.120000000000000000e+02 -3.830000000000000426e+01
3.649443698758988996e-01 6.742043151886965013e-01 3.404224477438220209e-01 2.477492572910472424e-01 2.049104399421507461e-01 3.069885145215719424e-01 8.466076651821133892e-01 5.672200276021431842e-01 6.377452508144583476e-02 5.731763578380419943e-01 6.218743773052571450e-02 6.557175082269351973e-01 9.774302336709114192e-01 9.753513975154975979e-01 4.567288424712964007e-02 8.130992092749524114e-02 7.493089750192242215e-01 2.810087146382263257e-03 7.996612184136369095e-01 2.380631507163388783e-01 2.930978853182891752e-01 4.570834110861907162e-01 5.639897147865080562e-01 5.411751724952723608e-01 1.074801477029335289e-01 4.479574492341997088e-02 7.865998854174426347e-01 3.173674127395060829e-01 9.690907182598853531e-01 2.541980178032742788e-01 2.358378505953686588e-01 7.702038282574875661e-01 5.120000000000000000e+02 -3.726333333333332831e+01
8.571298068153134775e-01 8.180239372560502709e-01 3.026510040765870158e-01 2.847456015807514618e-01 7.632322080600985048e-01 1.106262682221928195e-01 4.284616429193034426e-01 9.289509409446305988e-01 8.288980075593638253e-01 3.207367226951490236e-01 7.655425375603560623e-01 7.151647518321699870e-01 1.792654339817563447e-02 7.307559132735514940e-01 9.006930459704124425e-01 5.918194297773385903e-01 4.448956950970360813e-01 8.768977138034098617e-01 6.302778774947175311e-01 6.345170804497333172e-01 9.482162281705919238e-01 9.588641541002333735e-02 3.822391529938151677e-01 2.199219436136300998e-01 5.417861041405879208e-01 7.189857065948934700e-01 1.420649524870394309e-01 2.055534216579595341e-01 8.651475387009047724e-01 8.279461073056290088e-01 4.094335501313317582e-01 4.679153694355684401e-01 5.120000000000000000e+02 -3.911999999999999744e+01
6.963538405222606809e-01 5.117881812978071487e-02 3.730969464825299453e-01 7.396338046720719595e-01 7.207610170492794177e-01 6.768541738812886566e-01 9.846819739197474330e-01 4.407886414489996518e-01 7.732333892713098011e-01 2.821697361030753859e-01 2.893132823570122580e-01 4.812862663995464141e-01 6.568783825658701669e-01 9.582797285768708262e-01 9.831301082128168778e-01 3.499689373222513722e-01 6.506026181803753472e-02 4.213292579820231420e-01 1.222474330011736887e-01 1.369255564988660356e-01 1.800653636061397556e-01 5.563225597982903725e-01 7.157271668639443307e-01 7.605623618508902672e-02 8.201745871123128362e-02 8.393210116277776134e-01 6.032027328536609251e-02 1.069005559088493096e-01 4.746914772657855330e-01 6.721319182769343037e-01 5.580442839746075911e-01 6.220823340639876076e-01 5.120000000000000000e+02 -3.803333333333333144e+01
3.255562885427667474e-01 4.154615020174291518e-01 5.957076520969161182e-01 4.674654221402828602e-01 5.238913940186945561e-01 6.662671997724483042e-01 1.408044393770706559e-01 8.421569842386836813e-01 4.711590027408616987e-01 1.666701158186531251e-01 7.065561927880514848e-01 7.313323801513430533e-01 9.403011103883729405e-01 7.411117999791735356e-01 8.441327705303247608e-01 2.697034556951178330e-01 4.092371080498345970e-01 3.262235778753037191e-02 7.100989585813719529e-01 1.518245908925990872e-01 4.303321258295966234e-01 7.853371275069168655e-01 2.680141958163050411e-02 2.766724818941277975e-01 9.602918822858904635e-01 4.086509894079771721e-01 1.911319731661690335e-01 2.578966430275638211e-01 8.359466213542094959e-01 8.570842347580684972e-01 2.251114282908140141e-01 1.143004675059749592e-01 5.120000000000000000e+02 -3.809333333333333371e+01
2.898169631252180412e-01 4.557299707576763503e-01 1.877094245903198622e-01 6.564236891717676325e-01 2.127824380849057673e-01 8.674712166928008061e-01 3.516020656518508702e-01 1.574576248882203489e-01 9.565478408325470694e-01 9.757131382873546199e-01 1.254485035278584126e-01 8.789468338299470940e-01 9.703641767638704341e-02 9.052744471140181659e-01 4.100811441571897698e-01 4.719766887188499016e-01 8.061740471702908417e-01 1.598780476097463321e-01 7.769206407844293505e-01 6.798688981950661292e-01 2.001083663616723685e-01 9.114287617059931845e-01 9.053559167874420943e-01 6.385383812205540632e-01 7.772790491510008781e-01 2.177024058544693164e-01 3.132157216926413912e-01 6.678927106531776792e-01 9.120932972046870424e-02 7.513477618625128418e-01 7.501939079077114547e-01 4.927720367351126063e-01 5.120000000000000000e+02 -3.938000000000000256e+01
2.433128654822614700e-01 1.613572959859432276e-01 7.385003418018025734e-01 3.757697318122791841e-01 2.813799751443606390e-01 4.186762791465121758e-01 2.443775298843667981e-02 3.122466845906058941e-01 5.157554920191022019e-01 2.658431714223401521e-01 9.995851130677085861e-01 4.418222714678428642e-01 4.466435517965173241e-01 6.760108410132015244e-01 1.570655775813974420e-01 1.872295043900369105e-01 5.302494792408581903e-01 7.699424837543551448e-01 9.993369430425915745e-01 3.668919420497809836e-01 2.372527699417436298e-01 5.329509538474809238e-01 6.480376006911093834e-01 9.867559081502325080e-01 8.287583468722762303e-01 3.310557269355941523e-01 3.882239914223497568e-01 5.523495750000572135e-01 7.189648413458219478e-01 8.174730243735159885e-01 9.366330592468573302e-02 5.346839207404562311e-01 5.120000000000000000e+02 -3.841333333333333400e+01
8.831449564362949811e-01 3.499899260358423914e-01 2.832159168948946704e-01 9.345159981836469454e-01 5.693625210524327906e-02 4.411694126899896595e-01 5.196027193407375400e-01 4.652622554495141061e-01 3.507599425483762801e-01 8.390450688605952667e-01 3.747653830389699459e-01 6.916943067838383641e-01 5.202471674109403477e-01 6.064952714159822511e-01 2.672132078377382203e-01 5.483970834290244900e-01 6.573851904572214355e-01 7.262660157683291651e-01 3.350703008479593015e-01 5.083311158775560834e-01 5.726820428074429203e-02 3.188781629054713851e-01 6.854903583359930330e-01 9.895586621195470722e-02 2.907602274202523152e-01 6.733157110590466399e-01 7.989008863621765988e-01 3.597138748507809625e-02 2.585914724858157654e-01 3.154587174877666045e-01 3.392333683790855203e-01 8.432089246874369115e-01 5.120000000000000000e+02 -3.832666666666666089e+01
8.793892795290891851e-02 6.660692807521562120e-01 1.401642583449635437e-01 2.390041117522518077e-01 6.572252248919113748e-01 1.338165372513434037e-01 2.274701337743870733e-01 4.794280197319517600e-01 9.800568229436204537e-02 1.286151810707845400e-01 5.183502124052510179e-02 5.675265506986935105e-01 7.422270561835965230e-01 1.982990352446671600e-02 2.827847125126898842e-01 2.074762961517231108e-01 2.749155668272916242e-01 3.879502587720543572e-01 1.295404812495946079e-01 8.577686050223096714e-01 7.994201299946059880e-01 6.719852342825071156e-01 1.672977511021868369e-01 9.331088666752345162e-01 2.550042852721407516e-01 4.964231455797962766e-01 1.094519677632152937e-01 3.440235219016247181e-01 5.218200890967273908e-01 4.501509775314359585e-01 7.116230049637336519e-01 9.824912874597524493e-01 5.120000000000000000e+02 -3.607000000000000028e+01
4.860923737723970087e-03 3.711873059278132381e-01 1.560699652274759874e-01 5.443488429947286322e-01 3.484424973443274176e-01 9.450115103360626767e-01 4.822517784556946685e-01 9.381946430434502382e-01 1.735364431222491122e-01 2.152442226594092622e-01 6.043929004755010936e-01 2.221356708224664356e-01 3.707371095280264650e-01 3.548509894680801358e-01 3.170932298222906009e-01 6.684412791084336225e-02 3.699531894627944850e-01 8.521155980605739089e-01 8.725883768529506535e-01 8.044082060734314421e-01 7.710864027989234870e-01 3.367316858016956016e-01 8.440200518569174193e-01 1.858182863473492596e-01 3.703920684406904473e-01 5.151608503314911713e-01 6.373848040491786326e-01 6.591411418060552085e-01 9.865030669237601080e-01 3.293455129886693755e-01 9.188532535015514480e-01 3.498149142599676215e-02 5.120000000000000000e+02 -3.765999999999999659e+01
1.866131312660327390e-01 1.022746525159715647e-01 8.963167492831899397e-01 4.936533570851387442e-01 9.908765875371191578e-01 4.992772895540517619e-01 8.246064861170663285e-01 8.946380128494464401e-01 6.941074119135320908e-01 6.509910461311870788e-01 2.122929041369267800e-01 1.355976561626370258e-01 2.330682584036159188e-01 2.869820777680843205e-01 3.404233566168281544e-01 6.413461399691304798e-01 3.112919061296924930e-02 4.084835295569987923e-01 6.923451720566475842e-01 1.721540252863323905e-02 6.023119857726739745e-01 6.109104015303429280e-01 6.248496422884830537e-01 5.059284602741381809e-01 9.120273983720098010e-02 2.934916834509036510e-01 4.160756245747820881e-01 2.428873237667177887e-01 9.564982005641764484e-01 5.052594219825211619e-01 5.885316614504444710e-02 9.743342477373380106e-01 5.120000000000000000e+02 -3.812999999999999545e+01
4.986548659511319537e-01 4.216461830256109100e-01 4.088538398802553653e-01 9.727167791802768804e-01 2.310870681925284442e-01 6.875863251920905084e-02 3.283128587575515622e-01 5.795016361814631090e-01 6.444243279576368222e-01 9.945472823030792053e-01 1.553824788319124461e-01 5.585556967426154040e-01 7.349066726253024040e-01 9.846706548755956856e-01 7.611064053323471912e-01 8.777732159247764177e-01 2.387483436651942348e-01 2.470978721097575326e-01 9.534555174963803975e-03 5.223528974384910040e-01 7.059062362661756573e-01 1.482773013697995246e-01 8.253265304252366263e-01 4.478521032970622096e-01 9.976949421034055909e-01 9.108601041812185439e-01 3.839383211839048626e-01 9.187791214124977346e-01 6.015854450088624628e-01 3.690972469991455479e-02 1.111148067478391205e-01 4.116329735590699146e-01 5.120000000000000000e+02 -3.813999999999999346e+01
9.328207206798069251e-01 3.983632143999884523e-01 7.598337586253975928e-01 4.548424504188546269e-01 1.328908035371182961e-01 3.895820694680035556e-01 8.064923593948807312e-01 6.879615323344836497e-01 2.325102614186061734e-01 8.431435720779033582e-01 7.209390272246655185e-01 1.039982488455781090e-01 4.374869510855326077e-02 8.561499874315098291e-01 6.342289059635138893e-01 3.513410659292451332e-01 5.029857863438711441e-01 7.834827704711265772e-01 5.834813881078568798e-01 6.425982367115046223e-02 2.799609224801076213e-01 6.794439825605698424e-02 1.481525593593761847e-01 7.658987738626810149e-01 1.008091318033584906e-02 7.739285674091903600e-01 3.323101729339706933e-01 5.753945391763897188e-01 1.798859481807259797e-01 4.605622186297387288e-01 2.515924069115623718e-01 5.496115840834083777e-01 5.120000000000000000e+02 -3.826333333333333542e+01
7.516064527458933275e-01 1.411763174098311924e-01 7.945187456630409262e-01 4.202880617089155835e-01 8.775013085342950880e-01 4.658361333209062316e-01 8.843473181128210792e-01 9.941961615479447678e-01 9.103904605921778748e-01 3.475800787208325193e-01 9.726069705110229613e-01 2.315847139941597244e-02 6.004707157735700296e-01 7.994970179794962384e-01 2.166072552878190241e-02 4.492691013475905160e-01 7.338598123592557920e-01 9.046654864132189777e-01 3.185786383847898917e-01 7.320358013281724752e-01 1.572761997792111455e-01 4.265513707995666204e-01 1.932466409448490297e-01 2.285552135135726637e-01 7.030969257609448464e-01 3.855947377961302380e-01 7.171942513673800201e-01 4.787629735213410620e-01 3.586893950787486962e-02 8.014427459639166251e-01 3.108366316556621101e-02 6.936910426007067976e-01 5.120000000000000000e+02 -3.654333333333332945e+01
8.961220308683212066e-01 2.302044814003543494e-01 7.808580961081638128e-01 3.452658675278143519e-01 5.340354991190082723e-01 8.159658425040658969e-01 1.976802800408440364e-01 4.531879003368753656e-02 2.163485724634383045e-01 1.627950606945870182e-02 4.372177807660037607e-01 3.917441423346899043e-01 7.003282401577265448e-01 3.813830214567753285e-01 6.681492841406392325e-01 9.218565758725216774e-02 3.200481827097864107e-01 8.922219307515777409e-01 4.624052310205601923e-01 2.712840521471709954e-01 9.982514824479792326e-01 3.031757514111845797e-01 2.473168577249583722e-01 9.613435743355365215e-01 6.124147282660637875e-02 1.587896386621512057e-01 4.531838119960899802e-01 3.922546243906592789e-01 2.817950378964546587e-01 1.154971058863612510e-01 8.421474737590822768e-01 5.397245467347077524e-02 5.120000000000000000e+02 -3.816333333333333400e+01
6.078625759861870648e-02 7.525096239911059914e-01 4.710874095423872587e-01 7.570220938308950265e-01 6.955947414423530040e-01 9.811214834302308674e-01 7.579505525594691928e-01 2.975873109820783013e-01 4.365819871494521776e-01 2.005462776167296901e-01 6.918115045636455962e-01 3.553189565219497803e-01 5.315024174860715211e-01 9.408839212156788756e-01 5.763535709672236163e-01 9.337941410122859720e-01 7.029854590836819295e-01 5.801488079550197741e-01 8.412076391938052566e-01 3.382745895594168606e-01 8.356603795532866474e-01 6.116062873872866665e-03 2.994966049694606780e-01 7.276712963176517057e-01 8.964834511484387480e-01 6.890929266856967716e-01 4.262445338495414737e-01 6.025229760086594499e-01 2.646316293661457597e-01 5.437583147952340656e-01 3.777026200441148118e-01 6.548104011532988045e-01 5.120000000000000000e+02 -3.900666666666666771e+01
6.635033417392857125e-01 9.638367405288954526e-01 4.418349306435170321e-01 2.647759689802522409e-01 5.929768067801586273e-01 6.875596648435533531e-01 1.780952614957660440e-01 8.689225833502585150e-01 3.234826217056174236e-01 6.302733303634114881e-01 3.989493537942201962e-01 2.984278239319030357e-01 6.472198513668105113e-02 1.201745486392082896e-01 1.197586846189480220e-01 7.882837231714321380e-01 1.453688492578810443e-01 6.916045618257669891e-02 5.344497158953691596e-01 7.618598749186834551e-01 1.116414913009862453e-01 9.686923642450271377e-01 2.242888866497967648e-01 7.486684013412454597e-01 8.651975984312857415e-01 3.930668508301938813e-01 4.719590170061112311e-02 3.840214684195071837e-01 5.440664453584046489e-01 1.552796391867468651e-01 8.912360898334583670e-01 2.176251622625682836e-01 5.120000000000000000e+02 -3.667333333333333201e+01
8.063208885134721948e-02 4.971502973814208026e-01 4.215728032098448042e-01 1.386310303890944395e-01 8.670503246085368154e-01 3.734754833795856377e-01 3.913515708748063759e-01 9.766797557663559060e-01 1.392570146995458502e-01 3.218142810038481655e-02 3.206465831697592472e-01 1.460800165668361683e-01 1.083837275990751081e-01 3.127886501755662296e-01 1.826720786003950270e-01 3.898226499710341075e-01 5.155384270936835822e-01 6.191985525843087812e-01 4.032196434214127545e-01 5.583387942119072411e-01 1.605010790662416420e-01 7.572346263130251831e-01 6.044295300682361177e-02 6.618745129942774641e-01 6.678479437755630022e-01 6.094510145435484867e-03 2.929482434297310811e-01 4.588923173672698197e-01 1.702602143496800557e-01 5.242273377946412571e-01 8.655717350928855414e-01 2.341245546421346913e-01 5.120000000000000000e+02 -3.768999999999999773e+01
4.251633582136700173e-01 5.471223195990178034e-01 5.964071435261403958e-02 9.978816681563322799e-01 8.431126422597166048e-01 6.071379659250832894e-01 8.599416196232185783e-01 7.120925902062232860e-01 7.153025866341174988e-01 3.683431541153699973e-01 5.091122149361664295e-01 5.386573217225846255e-01 6.316779904088828390e-01 1.749924282503850514e-01 8.013119992312076612e-01 3.215646470664447198e-01 5.518296281929691016e-01 4.990494778030216821e-02 2.758265959086782584e-02 3.792281827531998606e-01 3.325784435805860251e-01 8.154674788106470729e-01 8.065101439125029748e-01 6.294761495262527484e-01 3.267193848962834934e-01 2.065869916309487631e-01 9.680288692278150586e-01 4.341470587616515497e-01 5.616048316569866028e-01 9.847909782406653045e-01 4.848648908173932015e-01 7.897388730935053225e-01 5.120000000000000000e+02 -3.795666666666667055e+01
7.596499674414962655e-01 2.805344037415220537e-01 4.943260695950239536e-01 7.925761208773076660e-01 4.758776273572034032e-01 4.747770633085953706e-01 9.780268444679425244e-01 3.654520721828033447e-01 1.170197845392171726e-01 9.627520254048221870e-02 6.690660411572462163e-01 8.051548701475279568e-01 6.677278712863640164e-01 2.248732618211103929e-01 4.957690101910557368e-01 2.807433552267606380e-01 1.883716056206889309e-03 9.476435325708889579e-01 1.659196973842835543e-01 4.829540568517798338e-01 5.272631038496843336e-01 8.808085963830973864e-01 1.350746608836233820e-01 8.711068600380428295e-01 4.245314718979091295e-01 4.609874193646236740e-01 7.713037202028946160e-01 3.010919278652083309e-01 1.310738539059986829e-01 9.804324893087488224e-01 7.676297167267954746e-01 9.075683847663520432e-01 5.120000000000000000e+02 -3.697666666666666657e+01
9.183229704906008539e-01 7.727186595364037291e-01 8.179792738972126998e-01 8.545304724706368482e-01 5.597576013884146828e-01 9.529929176611913189e-01 6.058829377173595432e-02 8.042472632140685862e-01 8.690199334372787632e-02 8.208962205907373022e-01 7.408792754915602963e-01 2.857439904754530691e-01 7.959128474803813802e-01 9.994241121590451138e-02 8.157691148620368482e-01 8.141990358839279462e-01 4.628403437263973741e-01 1.508187988013335867e-01 5.251558543647680821e-01 4.640064976496234839e-01 6.270062786546801714e-01 3.688930115020512268e-01 7.374581210174155355e-02 9.278451294506890878e-01 1.944842395788733969e-01 4.349665325065959487e-01 7.706733343757454779e-02 5.147408614841522123e-01 5.026469662378942882e-01 9.104947093952305837e-01 9.750530572823769004e-01 3.309530925948303004e-01 5.120000000000000000e+02 -3.776333333333332831e+01
3.144650162694963558e-01 8.418219335075720344e-02 2.606406219227276888e-01 3.645659846487200317e-01 3.536439956789932948e-01 8.391076892428716016e-01 5.045387879412417398e-01 4.213407522346939160e-01 4.761885573276997130e-01 6.105781610769737133e-01 1.867817405336510417e-01 6.060727190711906465e-01 4.110832304929319947e-01 5.470270954327235424e-01 7.834061091657259501e-01 7.610525542944810429e-01 1.605604854386858682e-01 9.233884731440219484e-01 8.870091613516152274e-01 3.121338142729187526e-01 8.748306940127319464e-01 8.730214087950955992e-01 9.533644235137108680e-01 9.078749030852608648e-01 5.146085893920703258e-01 3.647263495397309319e-01 8.280757748194433887e-01 7.599075277471283030e-02 4.408032669660422176e-01 5.840238134650489465e-01 3.869691349031748606e-01 1.435303427110387053e-01 5.120000000000000000e+02 -3.770666666666667055e+01
5.909836149829276186e-01 3.618177060220495456e-01 3.198291847607871441e-01 4.822509905285146670e-01 4.566450321675464830e-01 9.226418013348922642e-01 9.073418300015427818e-01 3.379557872451071643e-01 5.992389778499368491e-01 7.876310029565646298e-01 5.056080335367977296e-01 8.560607020833607139e-01 8.261758047964515295e-02 7.596990452504585045e-01 7.073082336913797397e-01 9.608630575330222579e-01 8.118481415966382064e-01 4.738626388231341746e-01 9.433514719803121062e-01 1.951469102429681246e-01 7.863996500856570426e-01 1.075427592607564597e-01 8.797377044749834507e-01 4.756383108817752725e-01 4.670876193959904166e-01 9.812130155055717173e-01 8.301832066625299336e-03 9.318560245868279246e-01 3.092898456762034898e-01 3.497724979566645964e-01 4.965455208103157492e-02 3.707413933805610018e-01 5.120000000000000000e+02 -3.885999999999999233e+01
3.910851199314018811e-01 9.936428898178026881e-01 1.170370898056991293e-01 7.001969954744824420e-01 8.156463078232940866e-02 8.321974005742702185e-02 6.910646259381834078e-01 6.820413259166936415e-01 3.776346852080128547e-01 6.949286831253879138e-01 2.621905186458337034e-02 2.799992064491237387e-01 7.599103663265459607e-01 1.992782779973097662e-01 2.602410516684935948e-01 7.309905422133948782e-01 8.812687072917722020e-01 2.704704984548635394e-01 2.461483652851317039e-01 6.251683495580889760e-01 5.904155054203580333e-01 9.187695911121003256e-01 6.518794441371543735e-01 4.663946374583100574e-01 7.476502542740357526e-01 6.400229721075951783e-01 2.294180973279871527e-01 5.957977024610289218e-01 8.988549137392313204e-01 1.126800205594691816e-02 8.645789529844306875e-02 1.738497013200680508e-01 5.120000000000000000e+02 -3.790333333333333599e+01
6.444606114147723996e-01 8.252276231479276358e-01 9.317562006927690987e-01 8.165031048724490370e-01 1.922405642856993557e-01 5.660866119709030420e-01 4.662733299308450263e-01 5.948801731302798962e-02 3.015187036541535082e-01 4.019314253876717369e-01 2.441967302956957742e-01 4.677431112921191514e-01 7.749897018790491421e-01 4.946037295215932605e-01 9.655389738014822365e-01 9.084229969086196066e-01 6.329948479684626150e-01 8.118869735238135599e-01 3.767587741130327128e-01 6.851253297567183598e-01 4.961704109771364890e-01 2.004570868721098353e-01 3.543056523783481571e-01 3.639298092036022947e-01 9.349536396061511878e-01 8.780692237159583302e-02 6.041980558260755529e-01 5.386563677680620277e-01 2.342800518404263566e-01 7.216307051158203922e-01 9.845926005047220819e-01 9.491724382393209591e-01 5.120000000000000000e+02 -4.052666666666666373e+01
7.814303187906860293e-01 9.123134707315884162e-01 4.801399798270795105e-01 8.304488520320372213e-01 4.899496899165673575e-02 6.299674330952210743e-01 9.557396939177412731e-01 5.584329297899416344e-01 4.076835843296526818e-01 1.905312909503282803e-01 8.203703588430702465e-02 1.186903781047832923e-01 4.264259073883564510e-01 4.102232172175616642e-01 9.566805446445343364e-01 6.792367572873215797e-01 3.455481885242452922e-01 6.352719073327501853e-01 3.052724073635417756e-01 9.245928775784175713e-01 6.605636747324783453e-01 8.563395670543201277e-01 8.194162339392280225e-01 3.984461284721172447e-01 6.574753186914359393e-01 2.666015276687643265e-01 5.095811861990767744e-01 7.935020784388442383e-01 3.780604902388839950e-01 2.255750236547296728e-01 4.947395223794814889e-01 6.134378294744075033e-01 5.120000000000000000e+02 -3.824333333333333229e+01
9.996316778723961516e-01 2.220135170441421002e-01 9.185855743450327404e-01 1.118182405015782643e-01 9.545066100126888831e-01 9.957684054169134713e-01 5.310761929535841031e-01 3.298176369188105528e-01 5.871864727009384888e-01 4.237255803849134250e-01 3.102502060238651049e-01 1.683455569586083944e-01 3.434974320608892295e-01 2.478635234272044408e-01 2.430949037909375665e-01 1.208063185036090115e-01 9.591833817723676159e-01 7.081436645382716000e-01 7.555951328071331963e-01 2.925766907196110100e-01 2.662966279305159500e-02 5.183666535503653749e-01 6.051885282734184024e-01 5.751313088049839761e-01 3.133657085460457292e-01 7.483908196233328702e-01 5.061372031373921887e-01 8.707504805980058604e-01 5.357084230539607139e-01 6.262581103503344071e-01 6.136566513682538693e-01 1.375186306607627806e-01 5.120000000000000000e+02 -3.929333333333332945e+01
1.684790698198213033e-01 2.951779322290873364e-01 6.779006441363465418e-01 6.468619392854433325e-01 1.123383422165388501e-01 9.011937468961636055e-01 8.792768767035419319e-02 7.295725585579553307e-01 5.489717635077120406e-01 2.453347491654359058e-01 7.759381131292240052e-01 5.215485406010523795e-01 5.462522713686184250e-01 8.412782623647587776e-01 9.467259739470926805e-01 4.299973102264427194e-01 9.462176861065321187e-01 2.120211188045501016e-01 4.252368869106189497e-01 1.217702458450081737e-01 2.529338371240369421e-01 1.595293297014397371e-01 4.392972723302308036e-01 8.777452382728317959e-01 7.620974514171690029e-01 1.388011068668683345e-01 8.701743066367004786e-01 7.016402742541506532e-01 1.503343149595549877e-01 2.661762476849339754e-01 4.418004804802738161e-01 7.365949306845879230e-01 5.120000000000000000e+02 -3.831000000000000227e+01
5.677625972885947947e-01 7.353832164176413722e-01 5.988990433904094468e-01 1.582714267986808920e-01 3.131376524664316596e-01 2.833475363001349279e-01 4.344354559348295036e-03 7.526456138222545889e-01 2.694304925173847676e-01 4.886613911692826440e-01 4.867787862713617297e-01 9.836237515479444582e-01 7.037005799512002779e-01 5.109940149228301420e-01 3.717872853682275269e-01 4.830318996813230403e-01 7.571313604739302594e-01 5.010540522055532131e-01 5.486996051983915601e-01 2.464980063547696221e-01 8.524613144381729679e-01 4.443153125267043091e-01 5.469906070611763038e-01 6.081644329543355321e-01 5.474790876861740374e-01 6.178423097483787263e-01 9.178262355488657487e-02 1.870405172709423969e-01 9.237465332262767559e-01 6.886848190786296620e-01 6.887630203109217364e-01 7.499638171900662176e-01 5.120000000000000000e+02 -3.795666666666667055e+01
8.319846719651768918e-01 4.680017184523905249e-01 8.492600890457553398e-01 7.582752932829818493e-02 6.390215621299832893e-01 5.222803194440188701e-01 7.155147075476459007e-01 3.977983832151080756e-01 2.582193795244991930e-01 4.523485314831587195e-02 7.961593478615153208e-01 7.567786017015241118e-01 7.413629876896662627e-03 1.624100701629655266e-02 1.954613042902570430e-01 6.956294588012926772e-01 4.745237933628618232e-01 3.224526822343527499e-01 2.447908235422775469e-01 2.267236740502622805e-01 3.048201221931697291e-01 2.948409861449903802e-01 2.659376673546333114e-01 3.408644362775855585e-01 4.870538756795760871e-01 8.150774489132014411e-01 4.667860431355833062e-01 1.522930164647868234e-01 1.941850757592041843e-01 9.436389109777787443e-01 8.187311601441391584e-01 7.160963453148753155e-01 5.120000000000000000e+02 -3.841333333333333400e+01
3.339058420951572792e-01 8.692259903238231944e-01 5.705836757233948564e-01 7.246628179634858613e-01 8.850234258027610268e-02 3.420283160110568765e-01 6.376748342800485636e-01 1.230566942280022086e-01 7.238437915783949572e-01 9.479539328893965555e-01 5.584629054454868236e-01 4.128764899976202218e-01 4.032367873035138106e-01 2.667361669364349819e-01 4.472668949536806049e-01 6.314668871152125940e-01 9.130760233883454813e-01 4.482933524929355595e-01 9.406386862146833006e-02 8.950623908620548574e-01 7.676610516236494035e-03 7.036990984962069318e-01 9.837594848641051382e-01 3.258803431726211008e-01 8.851731420109862913e-01 8.014142537266276678e-01 7.341081617688298699e-01 3.547227537607257619e-01 2.122256970984313373e-01 4.765223673692907114e-01 1.410288506285675425e-01 8.837516503470774776e-01 5.120000000000000000e+02 -3.873333333333332718e+01
2.165645970845366530e-01 1.088432088665702568e-01 9.730902280033423279e-01 7.189641187041968529e-01 7.383324488723175261e-01 7.962324768027670974e-01 7.275396016446851188e-01 2.379008430727371989e-02 3.350015970045858854e-02 2.576705220224622117e-01 6.636209861914666996e-01 9.218150156505464654e-01 3.203499431005289999e-01 8.239086863117415227e-01 6.554180975243213414e-01 9.283011088691842660e-01 4.219520716445648856e-01 8.366042626727696607e-01 4.110168305246485465e-01 7.163766456329998533e-01 7.499291275313110239e-01 1.841045228316454674e-01 7.423771037628501546e-01 7.184178341687290636e-01 2.359664674881425950e-02 3.150101748001680191e-01 6.850166296952100442e-01 6.244197799178947683e-01 6.821285808355085356e-01 2.914479426887882085e-01 2.989876424504064323e-01 8.670289350650293159e-01 5.120000000000000000e+02 -3.939333333333333798e+01
6.204141686062184524e-01 6.382007416148541279e-02 6.656218353560152678e-01 1.012313196670965032e-01 9.076207591804618113e-01 8.583192223328499626e-01 6.562838398476265045e-01 1.039411286360363007e-02 9.923090234915661334e-01 7.985354186625954753e-01 5.935884247216365317e-01 9.505632413136571035e-01 2.136895296517271337e-01 6.967535570460402505e-01 7.477150337517078915e-01 2.380646887986067328e-01 7.556996667308109317e-02 3.001273924942105542e-01 3.602871209756898785e-01 3.241664926444013384e-01 8.839390180022119736e-01 7.485573275007744165e-01 1.903287548699323928e-01 3.697516212360945631e-01 4.955085685233222015e-01 6.084128238861535865e-01 5.796486891942328468e-01 9.655048353977258024e-01 3.353713419639069437e-01 1.605819759231549848e-01 4.267145113199674600e-01 8.035924569687452612e-02 5.120000000000000000e+02 -3.762333333333333485e+01
6.067486068336142013e-01 2.459695192785833207e-01 2.194953138025858008e-01 2.193224310759793183e-01 6.267228311571892974e-01 3.664350489272648614e-01 1.243296167884743592e-01 1.841607870836682592e-01 5.670351017581913844e-01 6.997020623250817251e-02 5.325502819344305472e-01 9.346499288600171873e-01 8.924976703824477609e-01 1.498854182650385669e-01 8.865087731831892137e-01 7.162537262295282092e-01 1.809849448511639536e-01 3.386554886304384282e-01 2.668171266588583168e-01 1.014882553734476889e-01 4.750350943283873084e-01 7.662701745010071230e-02 3.354661874227030660e-01 6.813156221691502035e-02 8.214017998136846632e-01 4.461921868943182212e-01 3.679200588725864418e-01 1.268144328675609167e-01 1.389956381022823366e-02 5.464449017069644698e-01 1.159826890235171604e-02 8.280022088475852415e-01 5.120000000000000000e+02 -3.860000000000000142e+01
8.733372113310479135e-01 6.894517518780330922e-01 7.009510801783871425e-01 2.928254520332750077e-02 1.055055853697513604e-02 2.305507922165258572e-01 2.347281885602474916e-01 3.852966972627305808e-01 8.155134741790490693e-01 9.397304752053300403e-01 4.540778130675264812e-01 7.845857663895493550e-01 8.534001779329453141e-01 4.322452694603474144e-01 5.929568075991108467e-01 9.878176581424703562e-01 2.270113433828012672e-01 9.801433529925206445e-01 1.944118599132164948e-01 8.893403123037485480e-01 3.914056699775736448e-01 9.328573728437115076e-01 3.208910006161367900e-01 1.709198507599249128e-01 1.293069551040319509e-01 8.847071714111387486e-01 8.957988122493047989e-01 8.416398426082259965e-01 7.821466399792628144e-01 5.975085514851269375e-01 9.392741751810492756e-01 6.317884302205222236e-01 5.120000000000000000e+02 -3.867000000000000171e+01
0.000000000000000000e+00 4.159899850968268309e-01 9.805588689734984209e-01 1.221956931431720280e-04 0.000000000000000000e+00 0.000000000000000000e+00 5.824554401483505311e-02 0.000000000000000000e+00 8.394643330040437575e-09 0.000000000000000000e+00 0.000000000000000000e+00 7.960128068491056919e-01 1.000000000000000000e+00 4.749510976523491079e-01 3.573660357953007960e-01 6.359970447184568054e-02 9.653990296629131643e-09 9.773101857865776898e-01 0.000000000000000000e+00 1.000000000000000000e+00 0.000000000000000000e+00 0.000000000000000000e+00 1.000000000000000000e+00 8.225026740798384584e-01 9.814291606086636977e-01 0.000000000000000000e+00 1.236981189175652834e-01 5.133159729287213313e-01 1.646147022098781219e-05 0.000000000000000000e+00 5.246824997856658346e-01 0.000000000000000000e+00 5.120000000000000000e+02 -3.655999999999999517e+01
1.000000000000000000e+00 1.000000000000000000e+00 1.000000000000000000e+00 1.000000000000000000e+00 0.000000000000000000e+00 0.000000000000000000e+00 9.991960989192626430e-01 1.000000000000000000e+00 1.000000000000000000e+00 0.000000000000000000e+00 9.485929404630509820e-01 0.000000000000000000e+00 1.000000000000000000e+00 0.000000000000000000e+00 0.000000000000000000e+00 0.000000000000000000e+00 5.835673724075995938e-01 0.000000000000000000e+00 0.000000000000000000e+00 8.403889063745992871e-01 0.000000000000000000e+00 1.000000000000000000e+00 0.000000000000000000e+00 5.795009297753802580e-01 1.000000000000000000e+00 1.455885414106242171e-01 9.931212748952476452e-03 2.461128875158325943e-02 1.000000000000000000e+00 1.000000000000000000e+00 8.104782437917035145e-04 1.000000000000000000e+00 5.120000000000000000e+02 -3.644666666666666544e+01
0.000000000000000000e+00 0.000000000000000000e+00 0.000000000000000000e+00 6.156462459546279131e-01 0.000000000000000000e+00 0.000000000000000000e+00 0.000000000000000000e+00 1.254717263449984820e-10 7.786769505593335583e-02 0.000000000000000000e+00 4.600397501991254547e-05 5.485543338658926221e-11 0.000000000000000000e+00 0.000000000000000000e+00 9.458088148696398856e-03 0.000000000000000000e+00 0.000000000000000000e+00 0.000000000000000000e+00 4.248725103137873105e-01 2.671738017996094228e-01 0.000000000000000000e+00 5.855026038312973607e-02 0.000000000000000000e+00 1.051911510353898127e-01 7.728240933992139294e-02 0.000000000000000000e+00 1.209462942812574576e-01 0.000000000000000000e+00 6.916719128669943596e-11 0.000000000000000000e+00 1.353345693856460562e-04 0.000000000000000000e+00 5.120000000000000000e+02 -3.162333333333333485e+01
0.000000000000000000e+00 6.664491510608155922e-01 3.078543843950024267e-06 7.551399967052367657e-02 2.748748076390615802e-01 0.000000000000000000e+00 0.000000000000000000e+00 4.033718956980958947e-01 7.272745733617053121e-01 0.000000000000000000e+00 0.000000000000000000e+00 0.000000000000000000e+00 1.000000000000000000e+00 0.000000000000000000e+00 0.000000000000000000e+00 2.359627690815062004e-02 0.000000000000000000e+00 0.000000000000000000e+00 0.000000000000000000e+00 1.084442859637591711e-03 0.000000000000000000e+00 4.871521745114362756e-01 9.604808140262091065e-01 0.000000000000000000e+00 0.000000000000000000e+00 5.488525392141901937e-01 0.000000000000000000e+00 0.000000000000000000e+00 7.411854563021813558e-01 7.327115566939557123e-01 0.000000000000000000e+00 0.000000000000000000e+00 5.120000000000000000e+02 -3.331666666666666998e+01
0.000000000000000000e+00 0.000000000000000000e+00 0.000000000000000000e+00 1.000000000000000000e+00 0.000000000000000000e+00 1.722271326703544991e-01 6.065011887739829577e-01 0.000000000000000000e+00 0.000000000000000000e+00 2.631112203911318836e-01 5.757328356786390461e-02 7.213717270430969851e-03 0.000000000000000000e+00 0.000000000000000000e+00 0.000000000000000000e+00 0.000000000000000000e+00 2.041848315045979856e-02 3.312671304357326929e-01 0.000000000000000000e+00 0.000000000000000000e+00 9.982268065135549984e-01 0.000000000000000000e+00 4.539459533121349977e-01 4.427252630666835276e-01 0.000000000000000000e+00 4.691025879734607136e-04 1.132204723178718148e-01 0.000000000000000000e+00 0.000000000000000000e+00 8.468974906796887525e-02 2.254489653954644401e-02 8.272054660762766243e-02 5.120000000000000000e+02 -3.381333333333333258e+01
0.000000000000000000e+00 0.000000000000000000e+00 2.648079762494118805e-01 3.945308891227790604e-01 0.000000000000000000e+00 0.000000000000000000e+00 0.000000000000000000e+00 8.747906179887036828e-07 8.888718389928706998e-01 0.000000000000000000e+00 0.000000000000000000e+00 6.857695551414936252e-01 8.312652680335785860e-01 4.080183499775845157e-01 5.999317871182098250e-01 0.000000000000000000e+00 0.000000000000000000e+00 0.000000000000000000e+00 0.000000000000000000e+00 4.399174498417470214e-01 0.000000000000000000e+00 9.209002206234443433e-01 1.650382902141005748e-01 0.000000000000000000e+00 0.000000000000000000e+00 0.000000000000000000e+00 0.000000000000000000e+00 0.000000000000000000e+00 0.000000000000000000e+00 9.995737981870848055e-01 0.000000000000000000e+00 0.000000000000000000e+00 5.120000000000000000e+02 -3.594333333333332803e+01
0.000000000000000000e+00 7.759347909595663006e-01 8.432965265495119267e-01 8.887077384811862234e-04 0.000000000000000000e+00 0.000000000000000000e+00 9.018275170018034137e-01 2.805997071286641109e-01 8.370266513645867601e-01 0.000000000000000000e+00 7.255305617351352765e-02 1.323794398061640398e-01 0.000000000000000000e+00 1.907945846941262174e-08 2.191079394471363156e-02 0.000000000000000000e+00 0.000000000000000000e+00 2.803143729766030198e-02 0.000000000000000000e+00 0.000000000000000000e+00 0.000000000000000000e+00 7.332567002330082628e-01 6.519843783870752363e-01 1.309858210490051911e-01 0.000000000000000000e+00 0.000000000000000000e+00 0.000000000000000000e+00 1.150333046231692170e-02 0.000000000000000000e+00 5.322290643241104346e-01 1.005631767009946553e-01 0.000000000000000000e+00 5.120000000000000000e+02 -3.718666666666666742e+01
0.000000000000000000e+00 0.000000000000000000e+00 8.249951963363005847e-01 1.161311284914592068e-01 0.000000000000000000e+00 0.000000000000000000e+00 2.904992066811928897e-01 0.000000000000000000e+00 0.000000000000000000e+00 1.493764061666683352e-01 2.483881089915140547e-02 9.100641319787323713e-01 7.198442520209115125e-01 7.637761803510986214e-01 3.654897975332255938e-02 0.000000000000000000e+00 0.000000000000000000e+00 1.794357486591140541e-02 4.028857834966538820e-01 1.000000000000000000e+00 0.000000000000000000e+00 4.505026736630503986e-02 0.000000000000000000e+00 2.752685879888771593e-03 0.000000000000000000e+00 8.331677673067605649e-02 1.559224666066456322e-01 1.586739320228805483e-02 1.000000000000000000e+00 2.602447877981904911e-01 0.000000000000000000e+00 0.000000000000000000e+00 5.120000000000000000e+02 -3.523333333333332718e+01
4.039495757951033217e-01 4.478234228800774819e-01 1.000000000000000000e+00 1.000000000000000000e+00 9.389985774658758944e-01 0.000000000000000000e+00 9.116837020073847997e-01 8.588654961568260582e-01 1.000000000000000000e+00 0.000000000000000000e+00 0.000000000000000000e+00 1.000000000000000000e+00 1.000000000000000000e+00 0.000000000000000000e+00 9.761771157413182687e-01 0.000000000000000000e+00 1.000000000000000000e+00 3.285004846748384444e-01 0.000000000000000000e+00 3.961023635514241414e-01 0.000000000000000000e+00 0.000000000000000000e+00 0.000000000000000000e+00 1.000000000000000000e+00 4.321815156136200181e-02 0.000000000000000000e+00 1.000000000000000000e+00 3.467170195132098232e-01 1.000000000000000000e+00 1.000000000000000000e+00 1.931831416484683372e-01 0.000000000000000000e+00 5.120000000000000000e+02 -3.575000000000000000e+01
0.000000000000000000e+00 1.656685238612469468e-02 0.000000000000000000e+00 6.998647598214972065e-01 0.000000000000000000e+00 0.000000000000000000e+00 1.423357809456531620e-01 1.000000000000000000e+00 5.314598222581212728e-01 0.000000000000000000e+00 0.000000000000000000e+00 9.982298829584123068e-01 1.000000000000000000e+00 0.000000000000000000e+00 0.000000000000000000e+00 0.000000000000000000e+00 3.665663644673570198e-01 3.669696786169252545e-01 0.000000000000000000e+00 0.000000000000000000e+00 0.000000000000000000e+00 1.403307126300906704e-01 5.996280145612460366e-01 4.140666883628854600e-01 0.000000000000000000e+00 0.000000000000000000e+00 0.000000000000000000e+00 2.927179947772559632e-01 6.169224043043240041e-02 0.000000000000000000e+00 0.000000000000000000e+00 0.000000000000000000e+00 5.120000000000000000e+02 -3.534000000000000341e+01
0.000000000000000000e+00 0.000000000000000000e+00 2.648488019725801501e-01 4.145703225413936016e-02 7.356714538915147749e-10 0.000000000000000000e+00 8.678792025568424773e-01 1.105957242611403657e-01 6.176562314220653827e-01 0.000000000000000000e+00 0.000000000000000000e+00 9.287994700812509663e-01 5.273626414534976492e-01 6.288263894498813227e-03 1.125692647512816225e-01 0.000000000000000000e+00 1.000000000000000000e+00 3.002638504285891630e-01 8.080970056745090391e-01 3.819833661400125480e-01 1.658393305567074788e-02 0.000000000000000000e+00 9.571865172198696925e-01 0.000000000000000000e+00 9.803001153607248108e-01 0.000000000000000000e+00 1.873854665997574942e-02 5.919235693892749966e-09 0.000000000000000000e+00 8.987862152634273905e-01 0.000000000000000000e+00 0.000000000000000000e+00 5.120000000000000000e+02 -3.668333333333333002e+01
9.189453689879706344e-01 2.390876397607060166e-01 1.863203822763751516e-01 1.246359528974267938e-01 5.626259734586574329e-02 1.135465305916793209e-07 4.703782673332481540e-02 3.234113464228514402e-03 0.000000000000000000e+00 0.000000000000000000e+00 1.000000000000000000e+00 4.471223611870537296e-01 6.259198313205940334e-01 0.000000000000000000e+00 0.000000000000000000e+00 0.000000000000000000e+00 9.892925785118876769e-01 0.000000000000000000e+00 0.000000000000000000e+00 5.685205448631416303e-01 0.000000000000000000e+00 0.000000000000000000e+00 6.079209906262312418e-02 5.012090482865968338e-02 6.292701046638046192e-01 0.000000000000000000e+00 9.447527839241810499e-01 3.553617574706684490e-01 0.000000000000000000e+00 1.107578321154515655e-01 0.000000000000000000e+00 3.259288090997094350e-02 5.120000000000000000e+02 -3.607666666666666799e+01
8.188807569060289893e-02 6.483646582039949424e-02 5.639074934978967057e-01 0.000000000000000000e+00 2.681046925558323098e-04 0.000000000000000000e+00 9.983451015332893419e-02 3.647909044469191397e-01 7.478948245245309323e-01 0.000000000000000000e+00 6.995760923489259542e-02 9.554198773641419118e-01 6.541998106122053968e-06 1.348607883869518687e-01 6.273029315089559965e-01 0.000000000000000000e+00 1.035624643329009039e-05 0.000000000000000000e+00 0.000000000000000000e+00 6.491905500283600139e-01 0.000000000000000000e+00 3.269001291117559771e-02 9.238139548282857660e-01 2.105162464143717563e-02 9.577156315198254166e-01 0.000000000000000000e+00 8.791502982549136147e-02 1.027126210002142492e-01 1.956070216650878657e-01 9.794224085566817228e-01 0.000000000000000000e+00 3.811477196991499006e-01 5.120000000000000000e+02 -3.699000000000000199e+01
1.374027395353468167e-03 5.397609369588324268e-01 2.868298896055215819e-01 8.924001343297217614e-01 5.790220839196335012e-01 8.308395066368208124e-04 6.610412272302029768e-01 1.951569919495300433e-04 3.172245229079992401e-01 0.000000000000000000e+00 4.082314578553425388e-01 6.367841422608578883e-01 2.038357470552343564e-01 2.149541469174346131e-01 8.705518676989112969e-02 6.679065650602640861e-03 1.901585711118880181e-02 4.808051426074810841e-02 2.395196280693173176e-03 3.023397803416266183e-01 5.060125523854030636e-04 8.733439218218878031e-01 6.705361843383589315e-02 9.975433713873060881e-01 7.794789569171791666e-01 1.364479291820555878e-04 2.251036442239383040e-01 0.000000000000000000e+00 8.293805213966751744e-01 2.672814513333810482e-01 0.000000000000000000e+00 1.000000000000000000e+00 5.120000000000000000e+02 -3.613333333333333286e+01
4.695926342171369283e-02 7.683965100733347597e-02 4.636671331295441068e-01 4.689497114210232076e-01 4.389460642681441982e-01 0.000000000000000000e+00 6.497348992778535553e-05 4.300937330683015647e-01 0.000000000000000000e+00 7.649570833115033885e-02 0.000000000000000000e+00 4.774967431024034759e-01 4.891971859863241123e-01 4.985818953067898684e-01 1.000000000000000000e+00 1.995459345730344336e-01 3.804067332434532545e-01 9.070246278204627810e-01 0.000000000000000000e+00 8.473798466009792030e-01 0.000000000000000000e+00 6.685285156348383417e-05 1.371145234504075883e-01 2.807017502874702419e-01 1.750264013059295853e-01 0.000000000000000000e+00 1.210808021264519509e-03 0.000000000000000000e+00 1.000000000000000000e+00 6.078539646085918680e-01 0.000000000000000000e+00 0.000000000000000000e+00 5.120000000000000000e+02 -3.644999999999999574e+01
1.000000000000000000e+00 9.850853913978041554e-01 0.000000000000000000e+00 9.799807853184906437e-01 1.000000000000000000e+00 0.000000000000000000e+00 3.820820869503691042e-02 9.999738402457173381e-01 8.331370900529807555e-01 0.000000000000000000e+00 0.000000000000000000e+00 1.195930897945072929e-01 9.999876142635560905e-01 5.381247805805676743e-01 0.000000000000000000e+00 8.887935291638883184e-01 8.690007283909687574e-01 1.351489963757911694e-01 0.000000000000000000e+00 9.748886937429342980e-01 0.000000000000000000e+00 5.078668799834930303e-02 1.000000000000000000e+00 2.986484062541464035e-01 0.000000000000000000e+00 0.000000000000000000e+00 6.208079769211334309e-01 0.000000000000000000e+00 9.080030315377642935e-01 7.198470759952210196e-01 2.150254851376491305e-01 3.282361609492825405e-01 5.120000000000000000e+02 -3.730333333333333456e+01
4.178932295566882282e-01 0.000000000000000000e+00 0.000000000000000000e+00 1.000000000000000000e+00 0.000000000000000000e+00 0.000000000000000000e+00 5.781415395027737075e-02 6.712707799832220434e-01 0.000000000000000000e+00 0.000000000000000000e+00 0.000000000000000000e+00 9.316599086330333845e-01 2.563914572572273090e-07 1.993554856780507811e-01 0.000000000000000000e+00 0.000000000000000000e+00 0.000000000000000000e+00 0.000000000000000000e+00 0.000000000000000000e+00 5.338948869524743346e-01 0.000000000000000000e+00 0.000000000000000000e+00 0.000000000000000000e+00 3.577166299071690148e-01 1.000000000000000000e+00 0.000000000000000000e+00 0.000000000000000000e+00 4.963460343776273124e-04 0.000000000000000000e+00 3.045441987244739135e-01 9.774285367082397036e-01 0.000000000000000000e+00 5.120000000000000000e+02 -3.465666666666666629e+01
0.000000000000000000e+00 1.535854908363982335e-02 1.914051677050085387e-01 0.000000000000000000e+00 1.668250986075691944e-01 0.000000000000000000e+00 0.000000000000000000e+00 0.000000000000000000e+00 1.000000000000000000e+00 0.000000000000000000e+00 3.824084166037238219e-01 1.234562101409950041e-01 4.085646488142616328e-01 0.000000000000000000e+00 0.000000000000000000e+00 5.317917127911082897e-02 6.357155365939603131e-05 0.000000000000000000e+00 8.172778268920970202e-02 5.789009808398258849e-01 0.000000000000000000e+00 0.000000000000000000e+00 0.000000000000000000e+00 4.753304933975635027e-01 9.552335598997531152e-01 0.000000000000000000e+00 1.388776473158519209e-01 3.950114856756634096e-02 8.810901482598362255e-01 8.539018198821402700e-03 0.000000000000000000e+00 0.000000000000000000e+00 5.120000000000000000e+02 -3.494999999999999574e+01
1.199123474051176641e-02 7.063633322654745738e-04 8.816595184033789723e-01 9.348837254902967464e-01 0.000000000000000000e+00 0.000000000000000000e+00 7.691127933874259250e-04 1.816134767901108788e-11 0.000000000000000000e+00 0.000000000000000000e+00 1.009924491896751000e-02 0.000000000000000000e+00 3.458003940919595620e-01 3.571820665385856946e-03 3.030437829455428500e-01 1.631225309794817613e-02 2.101125765305264514e-01 9.267901319220372969e-02 0.000000000000000000e+00 5.216928532107016903e-01 0.000000000000000000e+00 7.947158205804851772e-01 1.000000000000000000e+00 1.264702844908797141e-01 0.000000000000000000e+00 1.728262541056061752e-01 1.932360209097734594e-01 8.842938226854338835e-01 0.000000000000000000e+00 0.000000000000000000e+00 0.000000000000000000e+00 9.751553433301467233e-03 5.120000000000000000e+02 -3.467333333333333911e+01
1.487512094329019041e-01 0.000000000000000000e+00 4.830513918478622215e-01 6.913990637594190636e-01 0.000000000000000000e+00 0.000000000000000000e+00 3.347857673007122170e-02 0.000000000000000000e+00 5.185338451051010322e-01 0.000000000000000000e+00 0.000000000000000000e+00 0.000000000000000000e+00 6.981576033194503150e-01 0.000000000000000000e+00 9.059669315106783083e-02 1.416685382968236595e-01 9.718036306128945423e-01 1.138487838611117490e-03 0.000000000000000000e+00 6.762020355858868736e-01 0.000000000000000000e+00 2.292852209207061785e-04 0.000000000000000000e+00 6.685865524283785000e-01 0.000000000000000000e+00 0.000000000000000000e+00 1.793956548723292244e-01 0.000000000000000000e+00 1.073144160104331883e-02 0.000000000000000000e+00 7.540785526570208813e-03 9.214167542456448354e-03 5.120000000000000000e+02 -3.496999999999999886e+01
9.357853872976492626e-01 0.000000000000000000e+00 0.000000000000000000e+00 6.134074972205978693e-03 0.000000000000000000e+00 7.744156730279201130e-03 0.000000000000000000e+00 2.206163834699088888e-01 0.000000000000000000e+00 5.029435148579703557e-02 0.000000000000000000e+00 0.000000000000000000e+00 9.830615499523936984e-01 8.115853855989723087e-01 0.000000000000000000e+00 0.000000000000000000e+00 0.000000000000000000e+00 0.000000000000000000e+00 0.000000000000000000e+00 3.462280053274217201e-02 0.000000000000000000e+00 1.000000000000000000e+00 1.307530914769329256e-01 3.872235161746695464e-01 5.077622224487379210e-01 0.000000000000000000e+00 4.036261773940690717e-02 9.582570893592625132e-05 3.327302255452876945e-01 0.000000000000000000e+00 0.000000000000000000e+00 0.000000000000000000e+00 5.120000000000000000e+02 -3.387666666666666515e+01
3.653243574470129706e-01 2.578046913944255780e-01 5.715645174667717265e-01 9.999896780016713782e-01 0.000000000000000000e+00 5.336820166981407799e-03 3.570962916865988990e-01 8.107469948420716888e-01 7.765396976400141815e-01 0.000000000000000000e+00 0.000000000000000000e+00 3.854715684840878120e-01 2.544133560066452193e-01 9.664625547653647730e-02 2.079353586376884305e-02 0.000000000000000000e+00 0.000000000000000000e+00 7.218019432356704256e-03 7.704992509340928553e-02 0.000000000000000000e+00 2.047222646635349884e-03 1.624523415145882888e-01 1.216320307358027463e-06 5.507990336504857698e-01 0.000000000000000000e+00 0.000000000000000000e+00 7.806056361492937912e-01 0.000000000000000000e+00 8.891118159236204299e-01 5.581159831687838579e-01 0.000000000000000000e+00 0.000000000000000000e+00 5.120000000000000000e+02 -3.433333333333333570e+01
0.000000000000000000e+00 2.680198813936583990e-01 1.074056157047676844e-06 0.000000000000000000e+00 0.000000000000000000e+00 0.000000000000000000e+00 0.000000000000000000e+00 1.000000000000000000e+00 0.000000000000000000e+00 1.969048545543355955e-02 1.415056873540457560e-01 0.000000000000000000e+00 6.190495846344630237e-01 0.000000000000000000e+00 5.427172603521608629e-03 0.000000000000000000e+00 9.107244806506077373e-01 1.473825422311106175e-06 0.000000000000000000e+00 8.980695445407797795e-02 0.000000000000000000e+00 4.371159037114930646e-06 7.335759979345325421e-01 3.049744916344298683e-03 3.068367466782453423e-01 0.000000000000000000e+00 1.834261844522966367e-01 1.998346653832256225e-07 1.168315361439527895e-03 0.000000000000000000e+00 6.113036784192082706e-06 4.404101084565460456e-01 5.120000000000000000e+02 -3.422999999999999687e+01
0.000000000000000000e+00 0.000000000000000000e+00 1.395947495026344035e-02 0.000000000000000000e+00 1.542298711160857956e-03 0.000000000000000000e+00 0.000000000000000000e+00 0.000000000000000000e+00 0.000000000000000000e+00 0.000000000000000000e+00 0.000000000000000000e+00 0.000000000000000000e+00 0.000000000000000000e+00 2.084380894342356405e-01 0.000000000000000000e+00 2.319286254556272575e-01 5.418177709956093491e-01 0.000000000000000000e+00 7.358452441967432422e-01 2.197897056956916312e-02 2.081212666720701210e-01 0.000000000000000000e+00 0.000000000000000000e+00 0.000000000000000000e+00 1.000000000000000000e+00 0.000000000000000000e+00 1.104064757124473013e-03 4.216386617504461598e-08 2.266794744737683429e-02 0.000000000000000000e+00 0.000000000000000000e+00 0.000000000000000000e+00 5.120000000000000000e+02 -3.588333333333333286e+01
0.000000000000000000e+00 7.842954390052786148e-03 0.000000000000000000e+00 6.452560880977903368e-01 2.777788519458530470e-10 0.000000000000000000e+00 9.713872605733462340e-01 0.000000000000000000e+00 7.342392165113769131e-01 0.000000000000000000e+00 2.956630940797164094e-10 0.000000000000000000e+00 0.000000000000000000e+00 3.121916376534807358e-01 0.000000000000000000e+00 2.423924316336518447e-01 0.000000000000000000e+00 2.167771664020168918e-10 0.000000000000000000e+00 0.000000000000000000e+00 0.000000000000000000e+00 6.224646405785038512e-04 0.000000000000000000e+00 0.000000000000000000e+00 1.866000005020753971e-01 0.000000000000000000e+00 9.647701252859572918e-01 0.000000000000000000e+00 9.211940474904901921e-02 3.211705820575525561e-01 0.000000000000000000e+00 0.000000000000000000e+00 5.120000000000000000e+02 -3.609333333333333371e+01
1.556870277888601321e-02 2.201089061783766815e-02 0.000000000000000000e+00 9.299689088669793602e-01 2.150477969883729987e-05 0.000000000000000000e+00 4.756510237117280160e-01 3.014346714777167979e-01 6.607057528049849193e-02 0.000000000000000000e+00 4.826749622962376862e-01 9.392082982183251882e-01 3.359178323197812427e-02 5.108660258997004266e-01 1.000000000000000000e+00 0.000000000000000000e+00 3.136406890903564171e-01 2.895866306853500660e-01 0.000000000000000000e+00 9.530130265364248343e-01 8.316924122705118827e-02 2.081977284426416441e-01 5.463505885771565568e-02 0.000000000000000000e+00 0.000000000000000000e+00 0.000000000000000000e+00 2.996217466115470018e-01 0.000000000000000000e+00 1.628472370641241285e-01 0.000000000000000000e+00 0.000000000000000000e+00 0.000000000000000000e+00 5.120000000000000000e+02 -3.781666666666666998e+01
0.000000000000000000e+00 0.000000000000000000e+00 9.676692782487011923e-01 1.307545666461865652e-01 0.000000000000000000e+00 0.000000000000000000e+00 0.000000000000000000e+00 8.714907455335823769e-03 3.106518730734053046e-01 0.000000000000000000e+00 7.908218442179891722e-06 3.145275770415100758e-01 0.000000000000000000e+00 0.000000000000000000e+00 4.048677923260944611e-02 1.180254076271166214e-01 0.000000000000000000e+00 2.456417311457334274e-01 0.000000000000000000e+00 7.089350149426291159e-01 0.000000000000000000e+00 2.366896146070309012e-04 3.657051625632000147e-01 4.122630893161252086e-01 7.084798707598568071e-03 0.000000000000000000e+00 0.000000000000000000e+00 2.687076986968431336e-01 3.364583719131337691e-01 0.000000000000000000e+00 1.928806066947107711e-01 0.000000000000000000e+00 5.120000000000000000e+02 -3.574000000000000199e+01
0.000000000000000000e+00 3.583631793166547341e-01 8.461040962034757085e-01 2.926038325149479813e-01 8.684805334137096766e-01 0.000000000000000000e+00 7.168483525746360829e-01 0.000000000000000000e+00 9.999999964909381811e-01 0.000000000000000000e+00 0.000000000000000000e+00 4.590178485948919751e-01 8.783895040239254604e-01 9.927469732277027781e-01 9.056942086679673105e-04 5.835246321362630315e-05 2.069072151583098151e-01 3.878538207660399140e-01 0.000000000000000000e+00 1.727148086172005936e-01 2.827757006168998277e-01 3.110570624235788929e-04 1.022657514196842893e-01 4.844657119847939342e-01 6.839686335622201518e-01 0.000000000000000000e+00 9.624463236973556865e-03 0.000000000000000000e+00 1.000000000000000000e+00 4.748020965961821105e-01 8.711583400864291171e-01 0.000000000000000000e+00 5.120000000000000000e+02 -3.707333333333333059e+01
4.851885594213553032e-01 1.727910242498599059e-06 1.170758783359014954e-01 0.000000000000000000e+00 1.295212541315396974e-07 6.419038222267647658e-05 2.189250395522006898e-01 1.365793751630063344e-05 6.900916142156899857e-01 1.223235866567415758e-01 2.029270621118427209e-02 7.285381760547133823e-01 5.105696371594164552e-06 1.498501693703878270e-06 1.103221357810046566e-06 0.000000000000000000e+00 7.868689859359636607e-01 9.420362755857386583e-02 0.000000000000000000e+00 1.000000000000000000e+00 0.000000000000000000e+00 1.045892180569890917e-01 4.755814367160037803e-01 1.201106675243725044e-06 3.706760275257018050e-03 0.000000000000000000e+00 7.343802015184692251e-06 1.682253936889172786e-06 2.574867648029843803e-01 1.000000000000000000e+00 3.280531990791372282e-02 0.000000000000000000e+00 5.120000000000000000e+02 -3.546333333333333826e+01
0.000000000000000000e+00 2.184334828453206034e-01 0.000000000000000000e+00 0.000000000000000000e+00 0.000000000000000000e+00 0.000000000000000000e+00 0.000000000000000000e+00 7.640294389265619990e-02 0.000000000000000000e+00 0.000000000000000000e+00 0.000000000000000000e+00 0.000000000000000000e+00 1.237241777745051868e-01 3.464853382235157375e-01 0.000000000000000000e+00 2.469379061780123952e-01 0.000000000000000000e+00 4.306222055986813069e-01 0.000000000000000000e+00 3.970478998697785089e-01 0.000000000000000000e+00 0.000000000000000000e+00 0.000000000000000000e+00 0.000000000000000000e+00 0.000000000000000000e+00 9.177796711930279183e-02 0.000000000000000000e+00 7.109522723143504308e-01 3.116383929911586415e-01 6.204111375126959427e-01 4.405009973643843613e-01 5.303940092633855352e-01 5.120000000000000000e+02 -3.671000000000000085e+01
1.455579340757877649e-01 1.028266463619800222e-03 0.000000000000000000e+00 6.071726266048748100e-01 9.083573949919890311e-02 4.947808706539488961e-03 2.531772926088093206e-02 7.524202041412758613e-01 7.682930655914211870e-01 2.744035728744572786e-05 1.291821580483910326e-01 0.000000000000000000e+00 9.688764067792495771e-01 2.815920341963639162e-01 8.594496788763079237e-03 0.000000000000000000e+00 0.000000000000000000e+00 2.787876774516583888e-05 1.937203746598013809e-01 9.150755505228233422e-06 4.041186368988773647e-02 3.009537482074454984e-02 3.438843862818785069e-01 4.151116768172493643e-01 0.000000000000000000e+00 0.000000000000000000e+00 3.180366624636327133e-01 0.000000000000000000e+00 0.000000000000000000e+00 1.061659292638796829e-05 1.617656262412763002e-01 0.000000000000000000e+00 5.120000000000000000e+02 -3.632333333333333059e+01
0.000000000000000000e+00 1.000000000000000000e+00 0.000000000000000000e+00 0.000000000000000000e+00 1.907999418466383920e-02 0.000000000000000000e+00 2.546437206899586705e-02 7.565719331649504165e-01 1.867432701657628369e-01 0.000000000000000000e+00 0.000000000000000000e+00 1.000000000000000000e+00 0.000000000000000000e+00 0.000000000000000000e+00 2.021936223728731385e-01 2.802491975215960496e-01 5.734093261317557699e-01 0.000000000000000000e+00 0.000000000000000000e+00 0.000000000000000000e+00 5.995361844121015193e-02 2.444181401230083039e-01 2.578988968913819776e-02 0.000000000000000000e+00 0.000000000000000000e+00 0.000000000000000000e+00 0.000000000000000000e+00 0.000000000000000000e+00 2.840471777602724957e-01 6.279109386629050556e-03 0.000000000000000000e+00 0.000000000000000000e+00 5.120000000000000000e+02 -3.677333333333333343e+01
1.000000000000000000e+00 1.215963170398916575e-03 0.000000000000000000e+00 2.634976557895714611e-01 0.000000000000000000e+00 4.226345553786665932e-02 8.342313313001974151e-02 0.000000000000000000e+00 2.441699517244638046e-02 0.000000000000000000e+00 5.523095578870340281e-06 5.483648434876008393e-01 2.808775525541190587e-02 4.772688084531545583e-04 0.000000000000000000e+00 0.000000000000000000e+00 0.000000000000000000e+00 5.991347114295322851e-02 2.690452274302040925e-01 9.847288289454644294e-01 0.000000000000000000e+00 5.462696688982221493e-01 4.069260072225107661e-01 9.895691453352533085e-01 9.162795582264404715e-03 0.000000000000000000e+00 0.000000000000000000e+00 1.551192528988186436e-01 7.041372427263464795e-02 1.097249064539181224e-01 5.435973558730287925e-03 4.289946043104210793e-01 5.120000000000000000e+02 -3.462333333333333485e+01
1.493710944535031615e-01 9.358597895363426344e-01 4.831323098756627465e-01 0.000000000000000000e+00 5.076479147983272711e-01 7.372461018160217545e-03 9.339724674133618176e-01 2.043918652826360038e-01 4.152065466292541029e-01 0.000000000000000000e+00 0.000000000000000000e+00 3.172781872312160911e-01 6.178200929360887911e-02 8.402424052068016014e-01 0.000000000000000000e+00 1.032533786900345803e-04 7.647127142906712249e-01 0.000000000000000000e+00 2.048997472411708265e-01 1.955931955608471995e-01 0.000000000000000000e+00 3.164746357505873742e-01 1.762289527866220951e-01 7.381118013589747784e-02 3.927113747857279881e-03 0.000000000000000000e+00 5.402905172952094937e-01 0.000000000000000000e+00 4.603538682397090992e-03 7.381839321073461191e-01 2.339108050134441202e-02 3.154956539008782479e-01 5.120000000000000000e+02 -3.784666666666666401e+01
0.000000000000000000e+00 1.603750885622957645e-01 6.521255537322474538e-01 7.485904920862870293e-01 2.870033116945089335e-01 4.666622301037560289e-02 8.605273899369250690e-02 9.036453509752130631e-02 0.000000000000000000e+00 5.473767475921000880e-01 3.610986977768704947e-02 0.000000000000000000e+00 3.963507802479309117e-01 0.000000000000000000e+00 0.000000000000000000e+00 0.000000000000000000e+00 4.746149046347852840e-02 8.523947808134159365e-02 1.789531785530536212e-02 8.674354938912774982e-01 8.726485900629235223e-03 9.922060906089863463e-01 0.000000000000000000e+00 9.764655610573510502e-01 4.241151132013278868e-01 0.000000000000000000e+00 3.390866988986072916e-02 0.000000000000000000e+00 0.000000000000000000e+00 3.475355321170114364e-01 0.000000000000000000e+00 8.433203803796150699e-02 5.120000000000000000e+02 -3.393666666666666742e+01
3.177519320982998829e-01 2.456102143681376249e-01 0.000000000000000000e+00 0.000000000000000000e+00 9.912792668228735948e-01 0.000000000000000000e+00 0.000000000000000000e+00 3.251265760923190834e-02 0.000000000000000000e+00 1.033587907769957818e-03 0.000000000000000000e+00 0.000000000000000000e+00 7.587764140691306558e-01 0.000000000000000000e+00 6.056909396028333781e-01 0.000000000000000000e+00 0.000000000000000000e+00 9.760106959744316857e-01 0.000000000000000000e+00 1.711355812126838238e-01 0.000000000000000000e+00 0.000000000000000000e+00 0.000000000000000000e+00 0.000000000000000000e+00 0.000000000000000000e+00 0.000000000000000000e+00 2.152606760726789026e-01 5.661767205413530124e-02 0.000000000000000000e+00 0.000000000000000000e+00 0.000000000000000000e+00 0.000000000000000000e+00 5.120000000000000000e+02 -3.242333333333333201e+01
1.000000000000000000e+00 4.272016617995100934e-02 7.426801284524291447e-01 4.100058475674402958e-01 0.000000000000000000e+00 0.000000000000000000e+00 0.000000000000000000e+00 4.134196765861250511e-01 4.124253608490557339e-06 0.000000000000000000e+00 3.136973447330153597e-01 5.067105204454740441e-01 1.957429683415617722e-04 0.000000000000000000e+00 3.908287711539042975e-01 8.857625766012644855e-03 0.000000000000000000e+00 0.000000000000000000e+00 0.000000000000000000e+00 0.000000000000000000e+00 0.000000000000000000e+00 0.000000000000000000e+00 1.905618851360904933e-02 8.346904624886013202e-02 0.000000000000000000e+00 2.009000167369966866e-02 0.000000000000000000e+00 0.000000000000000000e+00 9.349076744460290689e-01 2.382481198793531818e-01 0.000000000000000000e+00 0.000000000000000000e+00 5.120000000000000000e+02 -3.722999999999999687e+01
3.343920270550809759e-01 3.308847717983608994e-01 1.971329149672079728e-01 3.925353752729546786e-01 0.000000000000000000e+00 0.000000000000000000e+00 3.503231946737376257e-01 9.493470645837505106e-01 5.908098341384432350e-02 0.000000000000000000e+00 4.658978437027543745e-02 4.481315575014058750e-01 3.820297198191915933e-02 7.018744480589463562e-03 0.000000000000000000e+00 4.495108097890443966e-01 2.668007309232154900e-01 1.591564819482655380e-01 9.897294583013109825e-01 5.307260749273958744e-01 2.956043040256174301e-02 2.187103133011426229e-03 3.862233987658370005e-01 3.718429760572437015e-01 1.223773963374002148e-02 1.159818682204359614e-04 9.563071153936755220e-01 0.000000000000000000e+00 1.000000000000000000e+00 5.724372984669905406e-01 3.011805227360868191e-03 0.000000000000000000e+00 5.120000000000000000e+02 -3.591666666666666430e+01
1.040004809942364911e-01 8.892239790346918582e-01 0.000000000000000000e+00 8.206124091110442720e-01 4.985235639889085829e-02 7.231886885191894047e-05 2.452912352317129438e-02 1.532851741924491362e-01 7.490417380735234776e-01 9.804684760821736483e-03 4.659302887703585805e-01 1.000000000000000000e+00 5.823767097689743766e-01 4.679444133410567974e-02 1.111016365237863790e-01 3.443056931096096229e-01 0.000000000000000000e+00 8.970543635776027092e-01 1.678293413607712670e-01 4.878281957135038871e-01 1.021383525921182589e-01 6.714120441853038690e-01 6.363594280800070058e-01 1.000000000000000000e+00 0.000000000000000000e+00 1.183736603538193012e-04 3.986883414920319169e-01 1.641210786355314089e-01 4.134067125904571371e-01 4.413198055587071872e-02 6.992598992468836983e-01 0.000000000000000000e+00 5.120000000000000000e+02 -3.675666666666666771e+01
0.000000000000000000e+00 2.426601050616756794e-01 0.000000000000000000e+00 9.742965723721530580e-01 0.000000000000000000e+00 0.000000000000000000e+00 0.000000000000000000e+00 0.000000000000000000e+00 3.536933419681457802e-01 0.000000000000000000e+00 0.000000000000000000e+00 1.000000000000000000e+00 2.918838703761689746e-01 0.000000000000000000e+00 1.876681477505946494e-01 0.000000000000000000e+00 0.000000000000000000e+00 1.000000000000000000e+00 5.430603059219795137e-01 0.000000000000000000e+00 0.000000000000000000e+00 0.000000000000000000e+00 9.385517758297882984e-02 0.000000000000000000e+00 0.000000000000000000e+00 1.277633321858392956e-01 9.538281547201599153e-01 6.349762376083648574e-01 7.900495580424177211e-02 1.000000000000000000e+00 0.000000000000000000e+00 1.664765270428827243e-02 5.120000000000000000e+02 -3.459333333333333371e+01
0.000000000000000000e+00 0.000000000000000000e+00 0.000000000000000000e+00 0.000000000000000000e+00 2.138472136220244055e-02 5.498744255245033991e-02 0.000000000000000000e+00 0.000000000000000000e+00 1.579245757201082068e-01 2.138081604016660586e-01 0.000000000000000000e+00 0.000000000000000000e+00 7.016342836086872327e-04 1.506793192476288054e-02 0.000000000000000000e+00 0.000000000000000000e+00 0.000000000000000000e+00 0.000000000000000000e+00 0.000000000000000000e+00 0.000000000000000000e+00 0.000000000000000000e+00 7.799473215097684799e-05 3.813738776194874544e-04 0.000000000000000000e+00 0.000000000000000000e+00 0.000000000000000000e+00 2.526573667112717581e-01 0.000000000000000000e+00 0.000000000000000000e+00 7.033776814577824449e-08 6.009609884075357150e-02 8.432381997012758923e-01 5.120000000000000000e+02 -3.595666666666667055e+01
0.000000000000000000e+00 6.875759061407195061e-01 0.000000000000000000e+00 3.658124683735175520e-02 7.649421499099405899e-05 0.000000000000000000e+00 4.606136625877657598e-02 1.690274910474486580e-01 1.760165412736560964e-01 0.000000000000000000e+00 0.000000000000000000e+00 0.000000000000000000e+00 2.080185073534959184e-01 0.000000000000000000e+00 0.000000000000000000e+00 8.851960834073890894e-02 0.000000000000000000e+00 0.000000000000000000e+00 0.000000000000000000e+00 0.000000000000000000e+00 0.000000000000000000e+00 0.000000000000000000e+00 0.000000000000000000e+00 0.000000000000000000e+00 6.343823920062779953e-02 0.000000000000000000e+00 1.046896838328496698e-01 0.000000000000000000e+00 0.000000000000000000e+00 0.000000000000000000e+00 0.000000000000000000e+00 0.000000000000000000e+00 5.120000000000000000e+02 -3.484333333333333371e+01
2.828589286031409425e-02 0.000000000000000000e+00 4.955792480870171296e-02 4.831486813945830017e-01 6.812411984165088752e-01 9.294291769631804478e-02 4.038052063593575713e-01 1.731457868562683855e-01 5.056969027564757191e-01 1.000592458774872823e-01 0.000000000000000000e+00 8.353112038418356380e-03 9.808275218784291427e-01 0.000000000000000000e+00 9.196030578556472213e-01 0.000000000000000000e+00 1.947640690939767827e-01 4.243769268431878405e-01 5.741110159750130448e-03 8.218389564640840028e-01 2.044765460507487823e-02 0.000000000000000000e+00 6.142574159014787538e-01 8.737578804509728986e-03 3.139734871317942377e-02 0.000000000000000000e+00 0.000000000000000000e+00 0.000000000000000000e+00 3.428639735111655984e-01 8.181693072051458016e-01 0.000000000000000000e+00 0.000000000000000000e+00 5.120000000000000000e+02 -3.459000000000000341e+01
0.000000000000000000e+00 0.000000000000000000e+00 0.000000000000000000e+00 0.000000000000000000e+00 1.000000000000000000e+00 0.000000000000000000e+00 9.990860430316558238e-01 2.438652754609719753e-01 3.120767147753462090e-01 0.000000000000000000e+00 0.000000000000000000e+00 0.000000000000000000e+00 3.623094005017960528e-01 0.000000000000000000e+00 0.000000000000000000e+00 7.797223286408926368e-01 0.000000000000000000e+00 0.000000000000000000e+00 0.000000000000000000e+00 2.067716207096122194e-01 0.000000000000000000e+00 0.000000000000000000e+00 2.697666563658542849e-01 0.000000000000000000e+00 0.000000000000000000e+00 0.000000000000000000e+00 1.894089961138083200e-02 6.293571786239725643e-03 0.000000000000000000e+00 0.000000000000000000e+00 1.667339348980978742e-01 0.000000000000000000e+00 5.120000000000000000e+02 -3.612333333333333485e+01
5.835930372300840137e-04 2.692877318609278592e-01 1.771555426791731058e-01 9.932240971562301679e-01 1.292017634067836596e-01 1.614152432987179739e-03 3.022456698192668012e-05 0.000000000000000000e+00 5.234213361777833029e-01 0.000000000000000000e+00 4.474264434209134222e-01 2.526220491691392178e-01 8.638832634923035991e-01 5.245396566361011370e-01 0.000000000000000000e+00 1.020011778442232869e-01 6.066222088262263057e-01 9.200615908532469635e-06 0.000000000000000000e+00 3.619692763192288720e-01 0.000000000000000000e+00 8.960585537593639127e-02 1.740642796445735462e-03 0.000000000000000000e+00 6.240181215686149848e-05 0.000000000000000000e+00 0.000000000000000000e+00 0.000000000000000000e+00 4.827922800136916215e-01 4.016881137439048399e-01 0.000000000000000000e+00 0.000000000000000000e+00 5.120000000000000000e+02 -3.725000000000000000e+01
0.000000000000000000e+00 0.000000000000000000e+00 2.710923639460110710e-02 0.000000000000000000e+00 0.000000000000000000e+00 0.000000000000000000e+00 5.393391036429535657e-01 5.382069358516987367e-02 0.000000000000000000e+00 1.094157341187283987e-09 2.903980945996144920e-05 1.407809584841979156e-02 5.930595115463283343e-03 0.000000000000000000e+00 4.641409903858511460e-02 0.000000000000000000e+00 0.000000000000000000e+00 0.000000000000000000e+00 2.990331106654069138e-05 9.134047831411474805e-01 0.000000000000000000e+00 4.981631001289041905e-01 0.000000000000000000e+00 4.550336473496636724e-01 1.841069778377178168e-01 0.000000000000000000e+00 8.415890379011101707e-01 0.000000000000000000e+00 1.621971176358232847e-01 2.254294550306027434e-01 0.000000000000000000e+00 0.000000000000000000e+00 5.120000000000000000e+02 -3.332333333333333059e+01
6.634046809859261984e-02 2.547450453528150582e-01 2.969929448921499460e-01 7.968127158529195730e-01 0.000000000000000000e+00 0.000000000000000000e+00 0.000000000000000000e+00 3.487102109923968102e-03 1.662293358972115054e-01 7.342449922429061977e-03 0.000000000000000000e+00 1.357362010984314027e-01 7.066625409465149277e-01 4.019302168221088878e-01 4.119029098990253379e-01 0.000000000000000000e+00 9.838413756454058093e-03 0.000000000000000000e+00 0.000000000000000000e+00 1.102279863056216183e-02 0.000000000000000000e+00 2.168758585649076809e-01 9.347322511574198689e-01 1.531407139488941416e-01 0.000000000000000000e+00 0.000000000000000000e+00 9.059016228191167919e-01 4.117153364437184382e-01 9.966184289003592323e-01 3.815102369254793624e-01 2.983288961584703025e-01 1.000000000000000000e+00 5.120000000000000000e+02 -3.627000000000000313e+01
5.746905623930145257e-01 0.000000000000000000e+00 4.996614034622006706e-01 1.000000000000000000e+00 1.156827185171289130e-01 0.000000000000000000e+00 9.718145864067742057e-01 2.909351686189092789e-01 0.000000000000000000e+00 0.000000000000000000e+00 9.261435255939507449e-01 2.257989896523470430e-01 0.000000000000000000e+00 1.000000000000000000e+00 6.689723584880416518e-02 7.012388684798473992e-01 4.597060909431150422e-01 4.584615389502313260e-02 0.000000000000000000e+00 0.000000000000000000e+00 0.000000000000000000e+00 8.733564613558409961e-01 0.000000000000000000e+00 0.000000000000000000e+00 0.000000000000000000e+00 0.000000000000000000e+00 6.733585851386949539e-01 0.000000000000000000e+00 9.256156423814390632e-02 0.000000000000000000e+00 4.768908939757976473e-02 1.535506242081147166e-02 5.120000000000000000e+02 -3.820666666666667055e+01
0.000000000000000000e+00 0.000000000000000000e+00 8.419354250535927564e-01 0.000000000000000000e+00 0.000000000000000000e+00 0.000000000000000000e+00 6.522628846724350948e-01 0.000000000000000000e+00 0.000000000000000000e+00 0.000000000000000000e+00 0.000000000000000000e+00 3.549957150419700419e-02 0.000000000000000000e+00 0.000000000000000000e+00 0.000000000000000000e+00 5.132256634431554554e-01 0.000000000000000000e+00 0.000000000000000000e+00 0.000000000000000000e+00 0.000000000000000000e+00 0.000000000000000000e+00 0.000000000000000000e+00 1.758607181314807144e-01 0.000000000000000000e+00 0.000000000000000000e+00 4.793938512028156906e-01 0.000000000000000000e+00 0.000000000000000000e+00 0.000000000000000000e+00 0.000000000000000000e+00 0.000000000000000000e+00 0.000000000000000000e+00 5.120000000000000000e+02 -3.457000000000000028e+01
4.149808587022324469e-01 0.000000000000000000e+00 0.000000000000000000e+00 0.000000000000000000e+00 0.000000000000000000e+00 0.000000000000000000e+00 1.359866499741291812e-01 4.536725369620551312e-02 0.000000000000000000e+00 0.000000000000000000e+00 4.466418586857638928e-01 3.462543256061268448e-01 4.163974837397011464e-01 8.114872622109462398e-08 0.000000000000000000e+00 4.147977779468376980e-01 3.341999853488645655e-03 0.000000000000000000e+00 3.317805500645910867e-07 8.274394142781988926e-01 2.610099008052920583e-02 1.114408229810012890e-01 2.462325909759537985e-05 1.320384963222454673e-03 7.395541233787513713e-01 0.000000000000000000e+00 0.000000000000000000e+00 0.000000000000000000e+00 0.000000000000000000e+00 5.327497507414794553e-01 0.000000000000000000e+00 0.000000000000000000e+00 5.120000000000000000e+02 -3.571666666666666856e+01
0.000000000000000000e+00 1.666734915522973259e-01 1.410416005967891906e-01 4.648685696508313980e-01 0.000000000000000000e+00 0.000000000000000000e+00 0.000000000000000000e+00 8.134988353470776201e-02 1.922752319267507781e-01 0.000000000000000000e+00 0.000000000000000000e+00 9.817187989967147976e-03 0.000000000000000000e+00 3.475685051511199775e-01 9.625686267575778166e-01 0.000000000000000000e+00 9.424946041405289632e-02 0.000000000000000000e+00 0.000000000000000000e+00 4.806874180708120003e-01 0.000000000000000000e+00 3.846308157989803966e-01 1.000000000000000000e+00 8.957454871324955770e-01 0.000000000000000000e+00 6.579027190085456585e-04 1.004586593634865105e-01 0.000000000000000000e+00 1.957471485136369482e-01 8.144497007932953447e-03 3.954750870637551707e-01 0.000000000000000000e+00 5.120000000000000000e+02 -3.685666666666666202e+01
0.000000000000000000e+00 1.011565159525817104e-01 5.064185405025403153e-01 4.166524178593855599e-02 1.541310806481368569e-02 8.670675408373360038e-02 0.000000000000000000e+00 0.000000000000000000e+00 1.219928690289772486e-05 0.000000000000000000e+00 0.000000000000000000e+00 0.000000000000000000e+00 9.881557381948097296e-01 0.000000000000000000e+00 5.885154731187337562e-01 5.055220100899590632e-09 0.000000000000000000e+00 0.000000000000000000e+00 1.543114018064172532e-01 9.454679241322370975e-02 3.646727522408743649e-02 1.278371587859640501e-02 1.786037924141180566e-01 0.000000000000000000e+00 3.064432913490012112e-03 0.000000000000000000e+00 0.000000000000000000e+00 0.000000000000000000e+00 0.000000000000000000e+00 3.735215036580288861e-01 4.788521206112917455e-02 8.505831257599096862e-01 5.120000000000000000e+02 -3.681000000000000227e+01
8.558925456342986182e-03 4.030069544456267860e-01 0.000000000000000000e+00 0.000000000000000000e+00 0.000000000000000000e+00 4.055046275102750647e-02 0.000000000000000000e+00 4.165027811633733451e-02 4.487091628669165888e-01 7.098738858353765835e-01 3.328199593650102983e-01 9.688229492993452041e-01 7.805423218792819501e-03 0.000000000000000000e+00 0.000000000000000000e+00 0.000000000000000000e+00 9.909407109870160824e-01 0.000000000000000000e+00 0.000000000000000000e+00 0.000000000000000000e+00 0.000000000000000000e+00 0.000000000000000000e+00 0.000000000000000000e+00 7.994607130520074989e-01 0.000000000000000000e+00 0.000000000000000000e+00 0.000000000000000000e+00 1.971700894081411248e-01 0.000000000000000000e+00 0.000000000000000000e+00 9.149075993488499370e-02 4.425713600563032149e-07 5.120000000000000000e+02 -3.651666666666666572e+01
0.000000000000000000e+00 1.000000000000000000e+00 0.000000000000000000e+00 0.000000000000000000e+00 0.000000000000000000e+00 0.000000000000000000e+00 0.000000000000000000e+00 0.000000000000000000e+00 2.794510389269512785e-01 1.044214080222141858e-05 3.602589545254020198e-02 0.000000000000000000e+00 0.000000000000000000e+00 0.000000000000000000e+00 0.000000000000000000e+00 7.341762747532996902e-02 0.000000000000000000e+00 2.691336535174989608e-01 0.000000000000000000e+00 2.971669437851466589e-02 0.000000000000000000e+00 2.519715361428105926e-01 0.000000000000000000e+00 1.672218632241973812e-01 4.933033455699746828e-01 0.000000000000000000e+00 0.000000000000000000e+00 1.872174559998171506e-01 8.690976897939732826e-01 0.000000000000000000e+00 1.827441729170458870e-02 0.000000000000000000e+00 5.120000000000000000e+02 -3.223333333333333428e+01
0.000000000000000000e+00 0.000000000000000000e+00 3.958683774599739356e-07 4.258734184111880872e-01 5.624145720208242327e-01 0.000000000000000000e+00 1.286385679026293694e-01 8.520532433972582975e-01 3.240885965917841283e-01 0.000000000000000000e+00 0.000000000000000000e+00 0.000000000000000000e+00 0.000000000000000000e+00 0.000000000000000000e+00 1.912396319467634664e-01 0.000000000000000000e+00 1.011717179418859108e-01 8.640186760345780481e-01 2.607943829404042995e-03 6.926346970223689059e-01 0.000000000000000000e+00 0.000000000000000000e+00 0.000000000000000000e+00 1.202847809310205740e-01 0.000000000000000000e+00 0.000000000000000000e+00 0.000000000000000000e+00 0.000000000000000000e+00 8.192252413985757764e-01 0.000000000000000000e+00 7.548231672743186405e-01 5.600350797382106990e-03 5.120000000000000000e+02 -3.535000000000000142e+01
0.000000000000000000e+00 0.000000000000000000e+00 0.000000000000000000e+00 0.000000000000000000e+00 5.243048409613761951e-01 0.000000000000000000e+00 0.000000000000000000e+00 0.000000000000000000e+00 0.000000000000000000e+00 0.000000000000000000e+00 1.000000000000000000e+00 0.000000000000000000e+00 0.000000000000000000e+00 2.050982106779448422e-01 0.000000000000000000e+00 0.000000000000000000e+00 7.884498968872890590e-01 0.000000000000000000e+00 0.000000000000000000e+00 1.879032266782927063e-01 0.000000000000000000e+00 0.000000000000000000e+00 4.632323208707844198e-01 0.000000000000000000e+00 0.000000000000000000e+00 0.000000000000000000e+00 0.000000000000000000e+00 0.000000000000000000e+00 0.000000000000000000e+00 1.342494917900847462e-01 4.559212751477224601e-01 2.375105636521759600e-01 5.120000000000000000e+02 -3.660000000000000142e+01
4.264365569713422094e-02 0.000000000000000000e+00 0.000000000000000000e+00 0.000000000000000000e+00 0.000000000000000000e+00 5.326816778703872268e-01 0.000000000000000000e+00 0.000000000000000000e+00 0.000000000000000000e+00 0.000000000000000000e+00 0.000000000000000000e+00 1.000000000000000000e+00 3.830195463482913287e-01 0.000000000000000000e+00 0.000000000000000000e+00 6.281267534553692210e-03 3.599447555433165080e-01 0.000000000000000000e+00 0.000000000000000000e+00 2.647138779436901124e-01 0.000000000000000000e+00 9.846869282683978764e-01 5.229566945706566328e-01 1.531625542730522687e-04 3.858161908606799317e-03 0.000000000000000000e+00 9.662842675017271343e-01 5.684870990446546646e-01 2.618526716215452410e-01 3.461607191633386815e-01 0.000000000000000000e+00 0.000000000000000000e+00 5.120000000000000000e+02 -3.479333333333333655e+01
0.000000000000000000e+00 0.000000000000000000e+00 1.622527440916760322e-01 7.988478857116655674e-02 0.000000000000000000e+00 0.000000000000000000e+00 5.213156995039264219e-01 0.000000000000000000e+00 1.099166815818561627e-01 0.000000000000000000e+00 0.000000000000000000e+00 3.202759145615688974e-01 1.194918453441271596e-10 0.000000000000000000e+00 0.000000000000000000e+00 4.355970349293239105e-03 4.073805438234897602e-01 0.000000000000000000e+00 0.000000000000000000e+00 7.675327550318887804e-01 0.000000000000000000e+00 0.000000000000000000e+00 6.811964328192505747e-01 0.000000000000000000e+00 0.000000000000000000e+00 0.000000000000000000e+00 9.927815952135818911e-01 0.000000000000000000e+00 0.000000000000000000e+00 0.000000000000000000e+00 0.000000000000000000e+00 0.000000000000000000e+00 5.120000000000000000e+02 -3.531666666666666998e+01
5.000145003079091433e-02 6.342009780855549783e-01 0.000000000000000000e+00 0.000000000000000000e+00 1.412882877444033402e-05 0.000000000000000000e+00 1.340992985318738458e-02 2.820921817596857561e-01 8.009228634584090178e-01 5.452084281420513934e-01 2.221285836100998778e-01 3.844625982791704533e-01 6.866724124663783901e-02 0.000000000000000000e+00 2.962904992934561332e-01 0.000000000000000000e+00 0.000000000000000000e+00 2.211921915890952858e-07 3.026733507133441692e-01 6.244053646374302796e-02 0.000000000000000000e+00 7.538739815396753403e-04 0.000000000000000000e+00 3.944715937522804694e-01 7.920967032014546508e-03 0.000000000000000000e+00 0.000000000000000000e+00 5.456777720708529816e-02 1.522492262116564576e-01 8.506275354292262003e-01 0.000000000000000000e+00 0.000000000000000000e+00 5.120000000000000000e+02 -3.761666666666666714e+01
2.617942427310546161e-02 3.568619637040431058e-01 9.814688741172042930e-01 2.150265782728318781e-02 0.000000000000000000e+00 0.000000000000000000e+00 9.157112816313377479e-01 0.000000000000000000e+00 6.040728969834799900e-01 0.000000000000000000e+00 1.138082484933995719e-01 4.872096682297493153e-01 6.477809879817100214e-01 8.351748219643712057e-01 0.000000000000000000e+00 0.000000000000000000e+00 3.814822078712072906e-01 1.374802793068242257e-08 2.923625624543395090e-04 6.081386460306845709e-01 1.156064325512912708e-04 9.263265212098621415e-01 2.162019577295122563e-01 6.623722999840439551e-02 2.941539666722007857e-03 0.000000000000000000e+00 0.000000000000000000e+00 9.946365574295487066e-01 9.179769680754871208e-01 6.104761309342719988e-01 1.787362034553032775e-01 6.080071737889204686e-02 5.120000000000000000e+02 -3.785999999999999233e+01
8.590121454437812942e-06 1.099620093247819695e-05 4.975516156210626484e-01 8.183156707773003857e-01 0.000000000000000000e+00 0.000000000000000000e+00 2.381395190582492405e-04 1.000000000000000000e+00 9.774261995874995446e-01 0.000000000000000000e+00 0.000000000000000000e+00 4.402038390498341225e-01 3.757980767456993165e-01 3.635593759983062334e-01 0.000000000000000000e+00 0.000000000000000000e+00 1.509342148914642480e-07 0.000000000000000000e+00 7.383301834365901817e-02 9.306067886667112043e-01 0.000000000000000000e+00 8.210163188812762414e-01 8.365006866039978797e-03 0.000000000000000000e+00 1.500444434218631551e-01 0.000000000000000000e+00 3.098877469334293880e-02 5.121989748259061885e-03 4.047113533073966041e-01 1.348302730531206750e-01 9.987332983413806931e-01 5.037405433166360080e-02 5.120000000000000000e+02 -3.659666666666666401e+01
9.861989640791021250e-01 4.980116552812233199e-01 5.843577651025031461e-01 0.000000000000000000e+00 9.020666545464457453e-01 0.000000000000000000e+00 7.126210937759047681e-02 0.000000000000000000e+00 0.000000000000000000e+00 0.000000000000000000e+00 1.052946113139027751e-01 4.985306775025815096e-01 0.000000000000000000e+00 1.454222202597806324e-01 0.000000000000000000e+00 0.000000000000000000e+00 9.180508907281291486e-02 2.451031917559318152e-01 0.000000000000000000e+00 4.224278645289799433e-02 0.000000000000000000e+00 6.973414328086852132e-01 5.065647772050796416e-02 0.000000000000000000e+00 5.096641942102900780e-01 0.000000000000000000e+00 0.000000000000000000e+00 0.000000000000000000e+00 0.000000000000000000e+00 5.102717629367026220e-01 0.000000000000000000e+00 0.000000000000000000e+00 5.120000000000000000e+02 -3.708333333333333570e+01
0.000000000000000000e+00 0.000000000000000000e+00 1.000000000000000000e+00 5.792807443993346350e-01 0.000000000000000000e+00 8.161486836881981510e-02 0.000000000000000000e+00 2.408150948344600639e-01 3.708610030024395710e-01 0.000000000000000000e+00 4.502959790099575130e-03 0.000000000000000000e+00 0.000000000000000000e+00 8.491350309655158746e-02 1.294715479267310454e-01 3.130890453245192134e-04 0.000000000000000000e+00 0.000000000000000000e+00 0.000000000000000000e+00 0.000000000000000000e+00 2.271362384942330476e-02 8.125090524623469757e-02 0.000000000000000000e+00 2.522022594889670725e-05 6.521143251436316290e-02 0.000000000000000000e+00 0.000000000000000000e+00 9.426563629675137335e-03 1.000000000000000000e+00 9.814695143400060939e-02 4.763904865800311882e-05 0.000000000000000000e+00 5.120000000000000000e+02 -3.499333333333333229e+01
0.000000000000000000e+00 9.599190700033257773e-04 5.448130797723080843e-01 1.191334431052169240e-01 2.314155813382462457e-01 0.000000000000000000e+00 0.000000000000000000e+00 9.257353892504166515e-01 9.531925455645019474e-01 0.000000000000000000e+00 1.000000000000000000e+00 2.134748787543730986e-01 5.080284506304839631e-01 2.283769441506553963e-02 0.000000000000000000e+00 0.000000000000000000e+00 8.837550089291892896e-02 0.000000000000000000e+00 0.000000000000000000e+00 3.440892164892609961e-01 0.000000000000000000e+00 3.836292071008827187e-01 2.177349204746769351e-01 5.960281252406056662e-01 0.000000000000000000e+00 0.000000000000000000e+00 0.000000000000000000e+00 0.000000000000000000e+00 1.897687796922073733e-01 2.198196121704968758e-09 6.024168665191060867e-01 1.843291394839892683e-01 5.120000000000000000e+02 -3.705000000000000426e+01
9.197288099769006242e-02 7.857170727191025161e-01 9.569090899613378332e-01 0.000000000000000000e+00 0.000000000000000000e+00 3.720829528584928408e-02 0.000000000000000000e+00 0.000000000000000000e+00 3.958409362739946646e-02 0.000000000000000000e+00 0.000000000000000000e+00 0.000000000000000000e+00 4.038261668273229188e-01 7.765939204384098016e-02 9.603484038536104217e-01 0.000000000000000000e+00 4.683686602344375172e-01 0.000000000000000000e+00 0.000000000000000000e+00 9.540146433990262520e-02 2.437026598734764737e-01 6.552584353180852528e-01 1.803830839126509544e-01 0.000000000000000000e+00 6.279110767451302477e-01 0.000000000000000000e+00 0.000000000000000000e+00 2.770742471180982491e-01 0.000000000000000000e+00 0.000000000000000000e+00 5.448872296283306660e-02 0.000000000000000000e+00 5.120000000000000000e+02 -3.730666666666666487e+01
2.546717224295256821e-01 0.000000000000000000e+00 0.000000000000000000e+00 0.000000000000000000e+00 0.000000000000000000e+00 1.084273438286353225e-01 9.067085114915929278e-02 6.805846060021950583e-01 0.000000000000000000e+00 9.547957657891929795e-02 3.790958086906069391e-01 0.000000000000000000e+00 0.000000000000000000e+00 0.000000000000000000e+00 1.815928740745182957e-01 2.252134910888091337e-03 0.000000000000000000e+00 0.000000000000000000e+00 1.986297350491190040e-03 0.000000000000000000e+00 0.000000000000000000e+00 0.000000000000000000e+00 9.162854258801203522e-02 5.981480825023441014e-03 0.000000000000000000e+00 0.000000000000000000e+00 7.767552554371182083e-02 6.334245491599405087e-01 2.467823445208891520e-02 0.000000000000000000e+00 0.000000000000000000e+00 0.000000000000000000e+00 5.120000000000000000e+02 -3.569666666666666544e+01
0.000000000000000000e+00 7.206722565259897351e-02 0.000000000000000000e+00 1.743352794041943266e-01 0.000000000000000000e+00 0.000000000000000000e+00 1.978714936089374758e-03 0.000000000000000000e+00 9.687688282819109098e-01 0.000000000000000000e+00 2.163879059929399440e-01 0.000000000000000000e+00 0.000000000000000000e+00 0.000000000000000000e+00 0.000000000000000000e+00 0.000000000000000000e+00 1.262197078973312514e-01 8.683313150260297056e-03 0.000000000000000000e+00 9.789014245506408862e-01 0.000000000000000000e+00 0.000000000000000000e+00 0.000000000000000000e+00 0.000000000000000000e+00 0.000000000000000000e+00 0.000000000000000000e+00 7.927181602822104545e-02 0.000000000000000000e+00 0.000000000000000000e+00 0.000000000000000000e+00 0.000000000000000000e+00 0.000000000000000000e+00 5.120000000000000000e+02 -3.571333333333333115e+01
1.145838232693692851e-02 2.463068841752778793e-02 0.000000000000000000e+00 0.000000000000000000e+00 0.000000000000000000e+00 0.000000000000000000e+00 0.000000000000000000e+00 0.000000000000000000e+00 0.000000000000000000e+00 0.000000000000000000e+00 0.000000000000000000e+00 0.000000000000000000e+00 3.793944419537547547e-02 1.192298912844771790e-02 0.000000000000000000e+00 0.000000000000000000e+00 0.000000000000000000e+00 2.113672681687425170e-01 0.000000000000000000e+00 0.000000000000000000e+00 0.000000000000000000e+00 0.000000000000000000e+00 0.000000000000000000e+00 0.000000000000000000e+00 7.883689598718178482e-02 0.000000000000000000e+00 2.590600243519932885e-02 0.000000000000000000e+00 1.459715640906892875e-01 0.000000000000000000e+00 0.000000000000000000e+00 0.000000000000000000e+00 5.120000000000000000e+02 -3.167333333333333556e+01
0.000000000000000000e+00 0.000000000000000000e+00 0.000000000000000000e+00 9.311615448704343989e-02 0.000000000000000000e+00 0.000000000000000000e+00 1.761422564236015884e-02 0.000000000000000000e+00 0.000000000000000000e+00 0.000000000000000000e+00 0.000000000000000000e+00 0.000000000000000000e+00 9.140126048882321053e-01 0.000000000000000000e+00 3.463800332009292298e-04 0.000000000000000000e+00 8.812925588721022552e-03 5.791343578061193542e-03 8.930065608069163163e-01 0.000000000000000000e+00 8.974947265629787951e-01 9.459739096146934090e-01 8.382889782098120746e-01 0.000000000000000000e+00 0.000000000000000000e+00 0.000000000000000000e+00 4.118466820005273199e-02 2.453412165266075431e-02 4.341514792253974020e-02 4.054694367980321568e-01 3.618489770029174185e-02 2.315266603240502541e-01 5.120000000000000000e+02 -3.328666666666666885e+01
0.000000000000000000e+00 3.648331638617391959e-01 0.000000000000000000e+00 7.342510991214806770e-02 8.147321373190586913e-01 0.000000000000000000e+00 0.000000000000000000e+00 0.000000000000000000e+00 6.949815991368185619e-01 0.000000000000000000e+00 3.240727003233794812e-01 0.000000000000000000e+00 9.262420918881605347e-01 1.286481319666204527e-02 0.000000000000000000e+00 0.000000000000000000e+00 2.897868404661371050e-02 0.000000000000000000e+00 0.000000000000000000e+00 0.000000000000000000e+00 0.000000000000000000e+00 9.468299290701488458e-01 9.357001428827596001e-01 9.647120883261197655e-01 0.000000000000000000e+00 0.000000000000000000e+00 5.365010161903491781e-01 0.000000000000000000e+00 1.639509772267293553e-01 4.434475518192903531e-01 0.000000000000000000e+00 9.999999920549762500e-01 5.120000000000000000e+02 -3.596333333333333115e+01
0.000000000000000000e+00 0.000000000000000000e+00 4.940803056724654696e-02 0.000000000000000000e+00 0.000000000000000000e+00 0.000000000000000000e+00 0.000000000000000000e+00 2.134054365566571410e-01 8.698425088488035417e-01 4.983633769189399487e-01 0.000000000000000000e+00 9.148006938464628979e-01 0.000000000000000000e+00 2.943378674766874981e-01 3.318695018096507886e-04 1.363404658568248204e-02 9.979290843629654573e-01 0.000000000000000000e+00 0.000000000000000000e+00 5.233815681025181382e-02 0.000000000000000000e+00 2.126438361229235352e-02 9.704292647946554107e-01 3.863082319216764593e-01 3.801743106342270889e-02 1.000000000000000000e+00 1.545431139692484690e-01 0.000000000000000000e+00 0.000000000000000000e+00 4.180840228720784620e-04 7.503813580935353444e-04 0.000000000000000000e+00 5.120000000000000000e+02 -3.583999999999999631e+01
1.160680167611016778e-01 9.689723783412677307e-04 5.012758322118929938e-02 9.761712850353931881e-01 4.953902908479362183e-02 0.000000000000000000e+00 5.346745521552381808e-01 8.158798189764898678e-01 0.000000000000000000e+00 0.000000000000000000e+00 2.979032915360663725e-01 0.000000000000000000e+00 9.742398922685046037e-01 0.000000000000000000e+00 7.063090788224779537e-02 8.708140356311534378e-04 4.771266930639311843e-01 0.000000000000000000e+00 0.000000000000000000e+00 0.000000000000000000e+00 8.135432521725268762e-01 1.026653530036986811e-01 6.580775686386995948e-01 0.000000000000000000e+00 9.395765359334599109e-01 3.320823074768264327e-02 0.000000000000000000e+00 0.000000000000000000e+00 9.826108157152634304e-01 0.000000000000000000e+00 0.000000000000000000e+00 0.000000000000000000e+00 5.120000000000000000e+02 -3.450999999999999801e+01
5.664651061909441454e-01 4.888197476468282565e-02 0.000000000000000000e+00 0.000000000000000000e+00 3.990262351338928065e-02 0.000000000000000000e+00 6.310303043001791456e-01 0.000000000000000000e+00 7.189071334430314764e-01 0.000000000000000000e+00 0.000000000000000000e+00 1.585082934288994938e-01 9.553321247260374571e-01 0.000000000000000000e+00 6.515744016437003960e-01 0.000000000000000000e+00 5.783526722999475789e-01 0.000000000000000000e+00 1.434144619271622567e-01 0.000000000000000000e+00 0.000000000000000000e+00 8.570695082610717552e-01 2.767388868632607579e-01 6.289708423233661416e-02 2.837339702346638459e-01 4.375525220039939989e-02 0.000000000000000000e+00 6.570776959233792791e-01 2.431765795560165144e-01 0.000000000000000000e+00 6.425238342155875637e-01 0.000000000000000000e+00 5.120000000000000000e+02 -3.431000000000000227e+01
4.130941110882876971e-05 0.000000000000000000e+00 2.225903543477367741e-01 3.590002779794890936e-02 2.534054000294847994e-02 0.000000000000000000e+00 5.686996849234644547e-01 1.450440723441549611e-03 0.000000000000000000e+00 1.784821545423348477e-02 0.000000000000000000e+00 1.000000000000000000e+00 5.853923435514635232e-01 2.459381431042129834e-02 0.000000000000000000e+00 1.786846069196733680e-02 4.657544118001302191e-01 0.000000000000000000e+00 0.000000000000000000e+00 2.171071550237578529e-01 0.000000000000000000e+00 9.650049010081712762e-04 0.000000000000000000e+00 5.604708772095204350e-02 7.203718252245301656e-02 0.000000000000000000e+00 6.922253108166189063e-06 0.000000000000000000e+00 4.420590779044034080e-01 0.000000000000000000e+00 0.000000000000000000e+00 0.000000000000000000e+00 5.120000000000000000e+02 -3.520666666666667055e+01
2.736583899135854731e-02 4.176707059271007050e-01 3.871991519266686915e-02 1.639952752256127744e-01 0.000000000000000000e+00 0.000000000000000000e+00 2.395058423715226426e-01 0.000000000000000000e+00 3.652154951570226599e-02 4.949690754891530008e-03 1.267470680860168508e-01 5.327548350577140379e-01 1.600757907136858560e-01 1.000000000000000000e+00 0.000000000000000000e+00 0.000000000000000000e+00 7.327294857375539205e-01 1.679321846007065079e-03 0.000000000000000000e+00 1.346960959278073744e-01 4.547448969477780462e-02 0.000000000000000000e+00 0.000000000000000000e+00 0.000000000000000000e+00 3.928938586961266410e-01 1.256916193753607124e-05 4.848584386938171731e-01 0.000000000000000000e+00 1.665659339410976991e-01 7.344064604201060442e-01 0.000000000000000000e+00 3.605803062938186532e-01 5.120000000000000000e+02 -3.523333333333332718e+01
0.000000000000000000e+00 0.000000000000000000e+00 0.000000000000000000e+00 2.402816751436339382e-01 9.677763451506216780e-03 0.000000000000000000e+00 0.000000000000000000e+00 0.000000000000000000e+00 0.000000000000000000e+00 3.804622963111725480e-03 0.000000000000000000e+00 7.045397074009940308e-02 9.604459961576710114e-01 0.000000000000000000e+00 0.000000000000000000e+00 0.000000000000000000e+00 0.000000000000000000e+00 0.000000000000000000e+00 0.000000000000000000e+00 0.000000000000000000e+00 0.000000000000000000e+00 0.000000000000000000e+00 0.000000000000000000e+00 1.521803113622988424e-01 5.528199950097814792e-03 6.092747779770303351e-01 0.000000000000000000e+00 0.000000000000000000e+00 2.434539297771637634e-01 4.043455645648273977e-01 0.000000000000000000e+00 0.000000000000000000e+00 5.120000000000000000e+02 -3.279666666666666686e+01
0.000000000000000000e+00 6.635524788691462561e-01 4.273514101234854659e-03 4.888323374840344848e-01 4.704851520709977001e-04 1.478853423483345308e-01 3.850841745120728993e-02 2.682302401377680834e-01 0.000000000000000000e+00 6.675973788142344423e-07 7.428988933676048401e-01 2.523006878645558254e-02 6.986863271304903922e-01 8.770929496195509873e-05 9.875161858110206303e-01 7.788785338866006935e-02 8.864474320183814982e-01 2.457456038714029289e-01 0.000000000000000000e+00 0.000000000000000000e+00 1.201180229191754767e-02 0.000000000000000000e+00 9.097105895429719383e-05 1.048174059516324974e-01 5.618912954097526197e-02 0.000000000000000000e+00 1.952918639900919464e-03 0.000000000000000000e+00 5.953360886474855507e-01 7.697325166260376994e-01 5.347870599664513586e-02 0.000000000000000000e+00 5.120000000000000000e+02 -3.725666666666666771e+01
3.340450247642742232e-01 3.416148397731307296e-01 0.000000000000000000e+00 0.000000000000000000e+00 3.198776052463716033e-05 0.000000000000000000e+00 0.000000000000000000e+00 0.000000000000000000e+00 9.326602022888613730e-01 0.000000000000000000e+00 0.000000000000000000e+00 3.457342002677186721e-01 1.000000000000000000e+00 0.000000000000000000e+00 1.015936006029791519e-02 1.269554989327617289e-01 0.000000000000000000e+00 0.000000000000000000e+00 3.303911182940061919e-01 5.149721895826807339e-02 0.000000000000000000e+00 0.000000000000000000e+00 0.000000000000000000e+00 0.000000000000000000e+00 8.641160182039041293e-02 0.000000000000000000e+00 2.326239789959028831e-02 5.686553219213682508e-01 3.838284974193356680e-01 1.000000000000000000e+00 0.000000000000000000e+00 8.140073212015209482e-04 5.120000000000000000e+02 -3.406666666666666998e+01
0.000000000000000000e+00 0.000000000000000000e+00 2.006887486251648089e-01 4.555281025693909136e-01 0.000000000000000000e+00 0.000000000000000000e+00 5.018980410533211423e-01 0.000000000000000000e+00 0.000000000000000000e+00 0.000000000000000000e+00 1.667164635526491578e-01 0.000000000000000000e+00 6.349329622027778208e-05 0.000000000000000000e+00 3.251500699046825371e-01 0.000000000000000000e+00 8.641400542612143187e-01 7.137301304127625645e-01 9.880356988496134591e-11 8.357135525512771057e-02 7.427680473412253681e-01 1.804063023285780807e-08 0.000000000000000000e+00 0.000000000000000000e+00 3.730792366480382705e-01 1.064511522219397932e-01 0.000000000000000000e+00 0.000000000000000000e+00 0.000000000000000000e+00 0.000000000000000000e+00 0.000000000000000000e+00 1.938738059353694865e-01 5.120000000000000000e+02 -3.626333333333332831e+01
0.000000000000000000e+00 4.663705621298738224e-01 0.000000000000000000e+00 0.000000000000000000e+00 0.000000000000000000e+00 0.000000000000000000e+00 1.100446319353002578e-01 6.977108789171901915e-01 7.470730103653654142e-02 0.000000000000000000e+00 0.000000000000000000e+00 0.000000000000000000e+00 9.968344962198365522e-01 0.000000000000000000e+00 0.000000000000000000e+00 9.427510756329079283e-03 2.727571823572479959e-01 0.000000000000000000e+00 0.000000000000000000e+00 0.000000000000000000e+00 0.000000000000000000e+00 0.000000000000000000e+00 0.000000000000000000e+00 1.000000000000000000e+00 7.211223266305674673e-03 0.000000000000000000e+00 0.000000000000000000e+00 0.000000000000000000e+00 0.000000000000000000e+00 0.000000000000000000e+00 0.000000000000000000e+00 0.000000000000000000e+00 5.120000000000000000e+02 -3.411666666666666714e+01
0.000000000000000000e+00 6.207536924685150281e-02 1.600943479648941903e-02 9.562338539749096755e-01 1.674113520682538577e-07 0.000000000000000000e+00 1.603603386828702723e-02 3.457714700140696734e-02 9.852081210812653478e-02 0.000000000000000000e+00 5.547415648946739664e-01 7.613891803228556299e-01 1.911880206082798572e-01 1.995077745805489550e-02 2.006893636094120303e-02 0.000000000000000000e+00 0.000000000000000000e+00 2.095597063535509785e-01 3.683418588456499176e-03 1.900638921770138878e-01 3.813915284699881947e-01 3.871941419685664409e-01 1.728349335204078241e-01 0.000000000000000000e+00 0.000000000000000000e+00 0.000000000000000000e+00 0.000000000000000000e+00 0.000000000000000000e+00 6.551362888512237692e-01 0.000000000000000000e+00 0.000000000000000000e+00 0.000000000000000000e+00 5.120000000000000000e+02 -3.290333333333333599e+01
8.093437130404915747e-01 1.000000000000000000e+00 5.740014418315462358e-02 0.000000000000000000e+00 5.476982646735591154e-02 0.000000000000000000e+00 0.000000000000000000e+00 0.000000000000000000e+00 0.000000000000000000e+00 1.000000000000000000e+00 6.603760481499691866e-03 9.804448608570164314e-01 0.000000000000000000e+00 0.000000000000000000e+00 4.124641962253765559e-01 0.000000000000000000e+00 0.000000000000000000e+00 0.000000000000000000e+00 0.000000000000000000e+00 0.000000000000000000e+00 0.000000000000000000e+00 0.000000000000000000e+00 3.077081768195089606e-01 0.000000000000000000e+00 0.000000000000000000e+00 0.000000000000000000e+00 0.000000000000000000e+00 0.000000000000000000e+00 0.000000000000000000e+00 0.000000000000000000e+00 1.565180653005271982e-01 4.995520231684828089e-02 5.120000000000000000e+02 -3.688666666666666316e+01
0.000000000000000000e+00 2.245732090454352903e-01 6.586687050169129920e-01 0.000000000000000000e+00 7.189680953186498153e-05 0.000000000000000000e+00 0.000000000000000000e+00 2.374886630033166135e-01 2.983845658131174527e-01 0.000000000000000000e+00 9.757633789274691161e-01 7.441788855027194893e-01 0.000000000000000000e+00 3.027084865286741588e-01 2.911117090463777313e-01 0.000000000000000000e+00 3.084033749144247591e-02 1.022581403407813311e-01 0.000000000000000000e+00 6.153905928283325277e-01 4.870858587348169677e-01 7.232943109920261238e-01 2.058842560973879075e-05 9.511604178930840314e-01 7.846991350431032908e-01 0.000000000000000000e+00 0.000000000000000000e+00 2.496417359189953227e-05 2.832610325683257435e-03 7.455385134804786151e-01 6.612101238620913257e-01 1.730393641610255065e-02 5.120000000000000000e+02 -3.748666666666667169e+01
5.468484229074643790e-12 0.000000000000000000e+00 7.841921829446009450e-04 4.430696878525546833e-01 2.663245933386031855e-02 6.576993375820212745e-11 3.969852848023742758e-10 1.383066217336064441e-01 4.778230324331464440e-01 1.592585864027146406e-05 3.576639807265723225e-02 2.401538888648439285e-01 6.998333428915415322e-02 2.797320304357871490e-01 0.000000000000000000e+00 2.569149500428039213e-05 1.989410282357851334e-01 4.307510866846868915e-07 4.101891582586190688e-01 3.840513302224730094e-04 7.827842361425964898e-04 5.410757884810842855e-01 0.000000000000000000e+00 9.297863638889563020e-01 6.959422816473727347e-02 1.230140883959956240e-03 2.557401632090100518e-01 0.000000000000000000e+00 7.225357837706759545e-01 3.962097859717539361e-01 2.619918894513329488e-01 0.000000000000000000e+00 5.120000000000000000e+02 -3.607666666666666089e+01
0.000000000000000000e+00 0.000000000000000000e+00 5.456252900592353274e-03 0.000000000000000000e+00 2.254144408619454532e-01 0.000000000000000000e+00 2.102214185416569348e-01 0.000000000000000000e+00 0.000000000000000000e+00 0.000000000000000000e+00 0.000000000000000000e+00 4.353111426337968881e-01 0.000000000000000000e+00 0.000000000000000000e+00 1.208577926435818184e-01 0.000000000000000000e+00 0.000000000000000000e+00 8.857533501246576124e-01 0.000000000000000000e+00 8.516208803264163581e-13 0.000000000000000000e+00 9.962484008813823344e-01 1.316682661945560223e-03 2.105132737913840979e-02 1.654167451626252679e-03 0.000000000000000000e+00 0.000000000000000000e+00 2.628085120091729343e-01 0.000000000000000000e+00 8.928747406885675364e-01 0.000000000000000000e+00 4.588694094852200367e-01 5.120000000000000000e+02 -3.386666666666666714e+01
0.000000000000000000e+00 3.141017446151012082e-01 5.110551014050680463e-01 2.154683895794836102e-01 5.599577491046951044e-03 0.000000000000000000e+00 0.000000000000000000e+00 8.422513635863212179e-07 4.262500883470057737e-06 6.710986008244854140e-02 0.000000000000000000e+00 0.000000000000000000e+00 3.492156907005847244e-02 9.984140463745749816e-01 2.240248115966041731e-01 2.657740603750672892e-01 0.000000000000000000e+00 0.000000000000000000e+00 2.628341691333636876e-02 6.740007836278281150e-01 2.560786475101394788e-01 0.000000000000000000e+00 5.664403803145038330e-01 4.004039838324431068e-04 0.000000000000000000e+00 6.427780225581303762e-03 4.048035970008343138e-05 0.000000000000000000e+00 2.970789023671230877e-01 1.537587459993384198e-01 9.745587922931768510e-02 0.000000000000000000e+00 5.120000000000000000e+02 -3.772999999999999687e+01
0.000000000000000000e+00 0.000000000000000000e+00 0.000000000000000000e+00 0.000000000000000000e+00 0.000000000000000000e+00 0.000000000000000000e+00 0.000000000000000000e+00 0.000000000000000000e+00 0.000000000000000000e+00 0.000000000000000000e+00 0.000000000000000000e+00 0.000000000000000000e+00 0.000000000000000000e+00 1.193333612632359840e-02 0.000000000000000000e+00 0.000000000000000000e+00 0.000000000000000000e+00 0.000000000000000000e+00 0.000000000000000000e+00 0.000000000000000000e+00 0.000000000000000000e+00 9.469073623799591222e-02 0.000000000000000000e+00 0.000000000000000000e+00 0.000000000000000000e+00 0.000000000000000000e+00 3.970013103050930581e-01 0.000000000000000000e+00 8.597879641900085801e-02 0.000000000000000000e+00 0.000000000000000000e+00 0.000000000000000000e+00 5.120000000000000000e+02 -3.213333333333333286e+01
0.000000000000000000e+00 0.000000000000000000e+00 1.718733299199345921e-02 1.211511394675010220e-02 0.000000000000000000e+00 0.000000000000000000e+00 0.000000000000000000e+00 4.007467728570620058e-01 0.000000000000000000e+00 0.000000000000000000e+00 2.313048160214626614e-01 1.000000000000000000e+00 7.739502994168992456e-02 7.598244756676582334e-02 5.942432897261621522e-02 1.254530277749463241e-01 0.000000000000000000e+00 5.215322671682741662e-01 0.000000000000000000e+00 0.000000000000000000e+00 0.000000000000000000e+00 0.000000000000000000e+00 0.000000000000000000e+00 7.643010861962952485e-02 0.000000000000000000e+00 0.000000000000000000e+00 0.000000000000000000e+00 0.000000000000000000e+00 0.000000000000000000e+00 4.585180193437983776e-01 0.000000000000000000e+00 0.000000000000000000e+00 5.120000000000000000e+02 -3.764999999999999858e+01
