5.000000000000000000e-01 5.000000000000000000e-01 5.000000000000000000e-01 5.000000000000000000e-01 5.000000000000000000e-01 5.000000000000000000e-01 5.000000000000000000e-01 5.000000000000000000e-01 5.000000000000000000e-01 5.000000000000000000e-01 5.000000000000000000e-01 5.000000000000000000e-01 5.000000000000000000e-01 5.000000000000000000e-01 5.000000000000000000e-01 5.000000000000000000e-01 5.000000000000000000e-01 5.000000000000000000e-01 5.000000000000000000e-01 5.000000000000000000e-01 5.000000000000000000e-01 5.000000000000000000e-01 5.000000000000000000e-01 5.000000000000000000e-01 5.000000000000000000e-01 5.000000000000000000e-01 5.000000000000000000e-01 5.000000000000000000e-01 5.000000000000000000e-01 5.000000000000000000e-01 5.000000000000000000e-01 5.000000000000000000e-01 1.280000000000000000e+02 -4.919500000000000028e+01
5.000000000000000278e-02 7.903225806451613655e-02 1.080645161290322565e-01 1.370967741935483764e-01 1.661290322580645240e-01 1.951612903225806162e-01 2.241935483870967638e-01 2.532258064516129115e-01 2.822580645161290036e-01 3.112903225806451513e-01 3.403225806451612434e-01 3.693548387096773911e-01 3.983870967741935387e-01 4.274193548387096309e-01 4.564516129032257785e-01 4.854838709677418707e-01 5.145161290322580738e-01 5.435483870967742215e-01 5.725806451612903691e-01 6.016129032258064058e-01 6.306451612903225534e-01 6.596774193548387011e-01 6.887096774193548487e-01 7.177419354838709964e-01 7.467741935483871440e-01 7.758064516129031807e-01 8.048387096774193283e-01 8.338709677419354760e-01 8.629032258064516236e-01 8.919354838709677713e-01 9.209677419354838079e-01 9.499999999999999556e-01 1.280000000000000000e+02 -4.759000000000000341e+01
9.499999999999999556e-01 9.209677419354838079e-01 8.919354838709677713e-01 8.629032258064516236e-01 8.338709677419354760e-01 8.048387096774193283e-01 7.758064516129031807e-01 7.467741935483871440e-01 7.177419354838709964e-01 6.887096774193548487e-01 6.596774193548387011e-01 6.306451612903225534e-01 6.016129032258064058e-01 5.725806451612903691e-01 5.435483870967742215e-01 5.145161290322580738e-01 4.854838709677418707e-01 4.564516129032257785e-01 4.274193548387096309e-01 3.983870967741935387e-01 3.693548387096773911e-01 3.403225806451612434e-01 3.112903225806451513e-01 2.822580645161290036e-01 2.532258064516129115e-01 2.241935483870967638e-01 1.951612903225806162e-01 1.661290322580645240e-01 1.370967741935483764e-01 1.080645161290322565e-01 7.903225806451613655e-02 5.000000000000000278e-02 1.280000000000000000e+02 -4.699499999999999744e+01
5.000000000000000278e-02 1.099999999999999867e-01 1.699999999999999845e-01 2.299999999999999822e-01 2.899999999999999800e-01 3.499999999999999223e-01 4.099999999999999201e-01 4.699999999999999178e-01 5.299999999999999156e-01 5.899999999999999689e-01 6.499999999999999112e-01 7.099999999999999645e-01 7.699999999999999067e-01 8.299999999999999600e-01 8.899999999999999023e-01 9.499999999999999556e-01 9.499999999999999556e-01 8.900000000000000133e-01 8.299999999999999600e-01 7.700000000000000178e-01 7.099999999999999645e-01 6.500000000000000222e-01 5.900000000000000799e-01 5.300000000000000266e-01 4.700000000000000289e-01 4.100000000000000311e-01 3.500000000000000888e-01 2.900000000000000355e-01 2.300000000000000933e-01 1.700000000000000400e-01 1.100000000000000977e-01 5.000000000000000278e-02 1.280000000000000000e+02 -4.828499999999999659e+01
9.499999999999999556e-01 8.900000000000000133e-01 8.300000000000000711e-01 7.700000000000000178e-01 7.099999999999999645e-01 6.500000000000001332e-01 5.900000000000000799e-01 5.300000000000000266e-01 4.700000000000000844e-01 4.100000000000000311e-01 3.500000000000000888e-01 2.900000000000000355e-01 2.300000000000000933e-01 1.700000000000000400e-01 1.100000000000000977e-01 5.000000000000004441e-02 5.000000000000004441e-02 1.099999999999999867e-01 1.700000000000000400e-01 2.299999999999999822e-01 2.900000000000000355e-01 3.499999999999999778e-01 4.099999999999999201e-01 4.699999999999999734e-01 5.300000000000000266e-01 5.899999999999999689e-01 6.499999999999999112e-01 7.099999999999999645e-01 7.699999999999999067e-01 8.299999999999999600e-01 8.899999999999999023e-01 9.499999999999999556e-01 1.280000000000000000e+02 -4.629500000000000171e+01
1.499999999999999944e-01 8.499999999999999778e-01 1.499999999999999944e-01 8.499999999999999778e-01 1.499999999999999944e-01 8.499999999999999778e-01 1.499999999999999944e-01 8.499999999999999778e-01 1.499999999999999944e-01 8.499999999999999778e-01 1.499999999999999944e-01 8.499999999999999778e-01 1.499999999999999944e-01 8.499999999999999778e-01 1.499999999999999944e-01 8.499999999999999778e-01 1.499999999999999944e-01 8.499999999999999778e-01 1.499999999999999944e-01 8.499999999999999778e-01 1.499999999999999944e-01 8.499999999999999778e-01 1.499999999999999944e-01 8.499999999999999778e-01 1.499999999999999944e-01 8.499999999999999778e-01 1.499999999999999944e-01 8.499999999999999778e-01 1.499999999999999944e-01 8.499999999999999778e-01 1.499999999999999944e-01 8.499999999999999778e-01 1.280000000000000000e+02 -4.732999999999999829e+01
1.062500000000000111e-01 9.500000000000000666e-01 1.062500000000000111e-01 1.062500000000000111e-01 2.750000000000000222e-01 1.062500000000000111e-01 9.500000000000000666e-01 9.500000000000000666e-01 1.062500000000000111e-01 2.750000000000000222e-01 1.625000000000000056e-01 9.500000000000000666e-01 9.500000000000000666e-01 1.062500000000000111e-01 1.062500000000000111e-01 9.500000000000000666e-01 1.625000000000000056e-01 2.750000000000000222e-01 9.500000000000000666e-01 9.500000000000000666e-01 1.062500000000000111e-01 9.500000000000000666e-01 2.750000000000000222e-01 9.500000000000000666e-01 1.625000000000000056e-01 9.500000000000000666e-01 1.062500000000000111e-01 2.750000000000000222e-01 2.750000000000000222e-01 2.750000000000000222e-01 2.750000000000000222e-01 1.062500000000000111e-01 1.280000000000000000e+02 -4.911500000000000199e+01
5.499596620578787176e-01 6.483548188835264181e-01 4.031573756688733856e-01 1.958032880261222908e-01 2.704009991651217804e-01 5.574613117508135929e-01 2.675124162838839470e-01 9.076545228512565844e-01 9.750881068470830249e-01 5.885783967192788069e-01 8.955207968557677978e-01 2.299666373827536359e-01 1.705502977979132806e-01 4.687976438986074523e-01 6.241754460553111672e-01 6.665951276318247132e-01 2.051066005658749858e-01 5.973376488339716683e-01 9.677507933637109483e-01 7.800854691737262314e-01 6.406054641060090482e-01 2.641205845587580869e-01 5.860846633778217241e-01 2.466163523058121088e-01 5.789845308022084636e-01 3.502848306260404332e-01 5.768673578580290062e-01 8.462947572284763575e-01 6.796250054397709461e-02 6.417819552423570384e-02 8.017540475474302930e-01 9.201571036738644960e-01 1.280000000000000000e+02 -4.819500000000000028e+01
2.622698287316063692e-01 9.632098608288813812e-03 5.165716392603276752e-01 5.768566574680376036e-01 6.782206125259221396e-01 5.876394429973132993e-01 7.841409629724142016e-01 2.733712923657345972e-01 5.365866490939278366e-01 6.474857220674236080e-01 2.002105894633453009e-01 5.133235330574751482e-02 4.634996590896091062e-01 3.494233067375930313e-01 8.326469505674507499e-01 7.920917722293130403e-01 9.072141006962872734e-01 2.441623709352906679e-01 9.592898229432198498e-01 4.486929966054843399e-01 5.155760419871965317e-01 1.376924240280757994e-01 4.736147129171294767e-01 2.752941869705160822e-03 9.218405382814913729e-01 5.337959542312068484e-01 8.455907339814657808e-01 2.146798765276285714e-01 3.532994023657911598e-01 3.627727888303389214e-01 9.088807973080816893e-01 2.804788845225503202e-01 1.280000000000000000e+02 -4.808500000000000085e+01
4.568320962797169787e-02 3.051490326569460398e-01 5.339207433116736068e-01 4.231786628204712297e-01 3.714424855602773690e-01 9.655201246498605616e-02 4.539878766960424583e-01 2.543758490909631687e-01 6.154476124719353569e-01 1.424411261214202085e-01 6.197530597665543706e-01 7.428262150917537276e-01 4.766836470389648750e-01 6.195256419179864249e-01 4.627334587545043343e-01 5.718989194723496094e-01 3.964998813585250415e-01 5.528711660013653217e-01 5.634784228254976490e-01 4.273416344066880979e-01 7.323745718622118317e-02 4.824091070515960089e-01 4.993602555629323425e-01 2.859860885000230502e-01 4.088670828404711299e-01 9.259741498757690925e-01 7.381239520014564182e-01 6.623379503475317065e-02 7.603829072103838183e-01 2.873061297674525325e-02 2.757631347469570726e-01 1.188422140819004528e-04 1.280000000000000000e+02 -4.810000000000000142e+01
1.108854236274403327e-01 8.020463280741055856e-01 3.987387679831667919e-02 5.306552448452588333e-01 1.690724823389042342e-01 1.941550058918840027e-01 6.672020152448396857e-01 5.216592544487079763e-01 7.591107242447833192e-01 4.701420981503642293e-01 8.558172067278746464e-01 3.988685335673073165e-03 8.255225304816352638e-01 7.105970043087763699e-01 7.313327842842698434e-01 3.810121596785737697e-01 1.323896065783160547e-01 6.729775322224155198e-01 5.405281456289311171e-02 1.623242265092037506e-01 7.214112177737848075e-01 4.077397317211129413e-01 7.292913618565513012e-01 5.797639820810640554e-01 2.700521845119230879e-01 1.148560871945959599e-01 9.880947779061752811e-01 7.587113989583544882e-01 7.769569427951709961e-02 9.678333997555792212e-02 8.260722142603905693e-01 6.752998455245114995e-01 1.280000000000000000e+02 -4.559000000000000341e+01
8.151219187652072318e-01 5.274273354498268951e-01 8.840089696714226175e-02 8.657577437215348004e-01 8.170489235953045659e-01 1.728997785095600093e-01 8.597376763527200816e-02 2.227300921166591452e-01 8.770181975038766620e-01 5.465238987703550100e-01 5.750227085209668187e-01 9.094837738667342908e-01 1.317190519742365007e-01 5.852766026733757787e-01 2.273624426507550311e-01 8.574141533763554035e-01 3.579277984943725344e-02 1.121044504710683731e-01 1.415271499575850023e-01 1.892827670307735410e-01 5.473626484477503995e-01 5.062048559307512630e-01 4.101598708152049411e-01 7.753632141739409400e-01 6.988066588893979691e-01 9.457684285631901000e-01 1.290091396514009836e-01 7.810694209659609921e-01 3.940694282110827062e-01 7.597551167281091367e-01 5.816296164502789967e-01 3.923331183724804161e-01 1.280000000000000000e+02 -4.550500000000000256e+01
4.591050636143128583e-01 5.092325236331918248e-01 2.282640202322910594e-01 3.966194208457708981e-01 2.589161625682150358e-01 7.217058786508895318e-01 3.099935391692509312e-01 7.753290855763482758e-01 8.911990174349365690e-01 9.267562749265941813e-01 2.555462952511708408e-01 2.562844118703131446e-01 5.775162499642306768e-01 1.235339311124037526e-01 5.381723576332992920e-01 4.190223334924312315e-01 6.097029087312884066e-01 5.776646672445280295e-01 6.041922216319318695e-01 9.509836399139581786e-01 9.180689862103373899e-01 2.561528899969537365e-01 9.149555899959692373e-02 7.996492890330827441e-01 8.595276342541346981e-01 4.840785281536730822e-01 8.927046735326263915e-01 4.184644965511836179e-01 6.290910135439186091e-01 9.596623114712965474e-01 6.257867655703974741e-01 2.529713565020850208e-01 1.280000000000000000e+02 -4.915999999999999659e+01
5.274725378998119663e-01 7.616191857332329507e-01 2.028930162805723039e-02 2.986216385642636029e-01 7.802308647389010199e-01 2.613616069631805594e-01 3.851069579679903820e-01 5.290700983746573494e-01 1.994192987413544449e-01 7.632663812098308131e-01 8.117577287078682202e-01 8.245061376707836232e-01 6.165929718821653305e-01 3.908627545894065580e-01 1.659677523103299801e-01 3.038322632877170082e-01 9.485023691514835043e-02 2.027045215056932914e-01 8.158104423667598137e-01 5.788345350510143428e-01 9.007850183584172887e-01 3.862613233700117887e-01 8.695581238052343398e-01 5.040644540904849064e-02 4.449657619143447262e-01 1.501247579319612557e-01 3.479795007906889004e-01 7.461404974431096182e-01 8.220068722558889762e-01 2.312390010547759056e-01 7.283603697319512849e-01 4.429342594563137614e-01 1.280000000000000000e+02 -4.707500000000000284e+01
4.189622429399909587e-01 5.950156963764934304e-01 1.956232302657928135e-01 1.853508726728327061e-01 9.162194628558604226e-01 2.263358456959838894e-01 8.204072675851288299e-01 8.261320159691749598e-01 6.821706395524205213e-01 7.828700774298109899e-02 9.600408382523322182e-01 6.489578564513183434e-02 2.798285906948690394e-01 8.652596931720982765e-01 3.675755883992327666e-01 5.204239890893941345e-01 2.537738530991504038e-01 3.513587865211981742e-01 7.218897498517069522e-01 4.409262662328875676e-02 9.330890670613490867e-01 2.219636035033515642e-01 7.713446902778234859e-01 1.367199463379012159e-01 6.481300749357711277e-01 2.575097959158744176e-01 2.011896183999300480e-01 8.886939677521368264e-01 2.583794238057737780e-02 2.016263838163233624e-01 1.883998382452828080e-01 9.324144558164088048e-01 1.280000000000000000e+02 -4.898499999999999943e+01
2.033493168497021164e-01 1.367772968492924901e-01 9.902300033160561510e-01 6.738876016602842745e-01 7.087632017192855294e-01 8.820884372451068822e-01 6.242389430282072604e-01 6.635305267853646161e-01 7.380303866130255575e-01 9.009088951725299221e-01 4.187495933504810641e-01 6.806371369888423173e-01 2.560283819722687926e-01 8.841305054449712930e-01 1.230247788887201960e-01 8.379043239914788499e-01 8.296593187569387684e-01 1.240397769920554144e-01 2.914893502972550898e-01 8.297078784287866826e-01 4.708988843131450830e-01 7.996655863084349836e-01 1.176228535993644603e-01 3.091734393095438294e-01 8.019850339046413756e-01 5.649196821878920555e-02 5.339703560304148722e-01 8.105742130606993223e-01 6.601958738374823499e-01 1.871738025522666216e-01 9.592122367777622394e-01 3.641368397159855386e-01 1.280000000000000000e+02 -4.923499999999999943e+01
4.437627262071762724e-01 1.774492498955551334e-01 6.459583429651035713e-01 6.309325319217399253e-01 4.375849279407079684e-01 4.378458333550104831e-01 9.387857175666242115e-01 1.093355197674352186e-01 8.536561434506964030e-01 5.367740063725827682e-01 6.334623706049895553e-01 8.611030000512015503e-01 8.230705444912143065e-01 4.820058703547920598e-02 6.844843189058332777e-01 3.575942349237061068e-03 8.612525724174530106e-01 2.841471215750552282e-01 6.768812800021503095e-01 3.942892585971513042e-01 9.701184254551863395e-01 3.561080283285736336e-01 4.279282931725567063e-02 1.226759771329126725e-01 1.759817769119534081e-01 9.939394156483850606e-01 4.902954384922211251e-01 7.256460920961930183e-01 6.920537742827067573e-01 5.683037754334501201e-01 6.352892578596985862e-01 4.368146075533703709e-01 1.280000000000000000e+02 -4.929999999999999716e+01
2.647319200621682245e-01 6.185398228603294912e-01 2.764628181481790237e-01 9.547906123593250527e-01 4.927554507243903648e-01 7.819693264566618396e-01 5.491820819040201807e-01 7.481353560480412390e-02 9.328702333780570788e-01 5.002658019989347782e-01 3.398625334119712571e-01 4.289634510804754552e-01 5.884857703758888947e-01 6.455670880648022303e-01 6.063019733275017975e-01 9.753243251113445922e-01 2.945245106637151555e-01 5.257567791022991210e-01 9.034835383028569922e-01 9.720860438609830734e-01 1.241691750899000107e-01 5.866164268400831938e-01 2.914473677770725302e-01 4.385575351392258514e-01 1.739005472919854245e-01 8.331456457407028504e-02 2.731258144668745058e-01 9.970005501951479943e-01 8.795403549215820016e-01 4.206310447895825755e-01 1.299919703613315325e-01 5.843073471038912059e-01 1.280000000000000000e+02 -4.818999999999999773e+01
6.787634745238242395e-01 3.234259555056481772e-01 4.085139107148107879e-03 3.787128463808961138e-03 9.442298795054534510e-01 3.205609801659321523e-01 3.348712946042977645e-01 6.299352210309131506e-01 3.623596279068643788e-01 8.793182874708233010e-01 8.732252419850938807e-01 6.457914958855939247e-01 1.945123391905969057e-01 2.333790000019746735e-01 8.706667030031640664e-01 4.922472339020687038e-01 5.818183464855872788e-01 4.637706339447522086e-01 4.418323939684516977e-01 6.036538245257567770e-01 3.583152603648198653e-01 2.404226183586348764e-01 4.279567606169879523e-01 8.242597660536568061e-01 3.379184323630031184e-01 5.648309529363804149e-01 6.810044694839416657e-01 9.069772147783835559e-01 4.171804937470733332e-01 7.187724014706049491e-01 3.273568776219242804e-01 5.188046620285310384e-01 1.280000000000000000e+02 -4.671999999999999886e+01
1.264336078774823402e-01 4.771470828356803584e-01 8.846643645840808201e-01 6.610541140999019738e-02 3.904075622563727976e-01 1.627702681745387195e-02 6.006311782398275900e-01 5.033860875402702550e-01 2.800096184941274500e-04 7.143679900271692196e-01 9.992536689226688695e-02 5.811497851014915117e-01 9.076716538263897016e-01 6.509288796237969743e-01 1.048911241285429841e-01 7.372525635569072699e-01 3.010199153331373223e-01 8.054414850335102349e-02 7.398753363291792340e-01 9.315200952535667156e-01 2.129394084907438034e-01 7.334001316944228632e-01 4.906745770617608748e-01 2.026954607600787439e-01 1.407141795013921726e-01 9.566070180993804239e-01 6.593775516880578946e-01 9.863769892476476064e-02 3.226726339601919125e-01 8.618134244780509823e-01 6.694592960664800252e-01 8.243144920233949069e-01 1.280000000000000000e+02 -4.973499999999999943e+01
7.299929245612041262e-01 8.589274683513994368e-01 7.131475235226892861e-01 7.872909723193435294e-01 4.538258909775414462e-01 7.420616327307834048e-01 1.176283766714723983e-01 7.666608554665192976e-01 7.963804484690204522e-01 5.182793470380585577e-01 1.716294154997294319e-01 1.904264239544951054e-01 5.078441854007085254e-01 3.164448190039126363e-01 4.299321385810017104e-01 2.623271914598369545e-02 1.137290134549213821e-01 7.416955806179367228e-01 8.426680491703343323e-01 7.500141176909516094e-01 8.244373062666401353e-01 5.695934182792948830e-01 5.126691389332018942e-03 5.538315199865220251e-01 3.990320977278534742e-01 7.626843017135810365e-01 1.623852509330939720e-01 4.482081314345378042e-01 4.216199503857900877e-01 3.754611869163148596e-01 6.576131149185083791e-01 5.110274096484745954e-02 1.280000000000000000e+02 -4.878999999999999915e+01
7.974036861647653129e-01 2.088943351341312760e-01 3.672157936894929753e-01 3.836291951941803863e-02 1.991187096741315471e-02 2.719852843016020705e-01 9.252374668904957966e-01 8.203134321550162866e-01 3.999693773897597393e-02 7.366878468475536179e-01 9.363259498184026697e-01 3.254680946219351001e-01 2.820030025341288549e-01 9.165912160998095359e-01 5.547582588204521548e-01 4.118633484972956255e-02 5.767843192721168188e-01 8.058967910859330397e-01 3.933269471763822106e-02 4.103468205285062398e-01 6.783616687458818850e-01 9.527799059218785560e-01 3.880545001249601222e-01 4.175409305491766809e-01 3.597425712892839966e-01 5.595502463285514372e-01 9.597359354782267760e-01 1.706606034036823871e-01 4.640126910889033618e-01 6.522266451141995880e-01 5.427103819643114280e-01 1.874692952120950995e-01 1.280000000000000000e+02 -4.574000000000000199e+01
9.631600605217974786e-01 5.775245184194551795e-01 5.542202998801660785e-01 3.288752146376044405e-01 8.269858628019233215e-01 7.108104566023538684e-01 4.741490552555317761e-02 2.016064943269225695e-01 4.507296422056150109e-01 3.719172239656190482e-01 8.941098881043634261e-01 4.979397244398152678e-01 9.996268829186405469e-01 5.365357993096251388e-01 9.207189083974459676e-01 6.120338637524895820e-01 6.878154892080495797e-01 9.745881899606989585e-02 7.404384454238603641e-02 5.389426122281187892e-01 6.933714399753838631e-01 3.258562511715824839e-02 9.707809027690599279e-01 8.393959662740377858e-01 6.040572968590225411e-01 5.850281062468187798e-01 6.242023380668951793e-01 2.057310425514385574e-02 7.370018373790987454e-01 4.251940481798132110e-01 5.235106407158460762e-01 2.079328121444190547e-01 1.280000000000000000e+02 -4.817499999999999716e+01
3.087034056579238822e-02 2.872877560090278740e-02 8.653284191029075867e-01 5.101779257322749395e-01 9.714207587089285223e-01 7.544634620786730972e-01 1.618899683982257809e-01 9.782091504985472585e-02 5.083786472892806163e-01 8.614113313099289737e-01 2.679388875091015532e-01 2.072390011326689097e-01 9.265875924206051772e-01 7.823679907658038779e-01 3.982009472825043250e-01 1.673217999264210998e-01 9.867401361317509334e-01 6.952082185244291557e-01 1.880341626258696663e-01 5.942563621059696599e-01 5.696286996053845364e-01 6.617476681906518943e-01 5.240573447526793993e-01 3.039831808173886277e-02 6.283174260201278560e-01 8.651321221814183282e-01 8.163472485540137491e-01 7.153570007378906581e-01 9.303968070945785040e-01 7.310350721521610695e-02 4.641959863672019959e-01 7.757245831001920999e-01 1.280000000000000000e+02 -4.792499999999999716e+01
4.764503527984788600e-01 9.434625684076954899e-01 9.510567757770663766e-01 8.844578570197746403e-01 6.126021285304638075e-01 1.916381728693959952e-01 2.499167786318880480e-01 4.156577309560869904e-01 2.831685774052919435e-01 4.440165501352817401e-01 1.405470425991337934e-03 3.412915467332881536e-01 1.412184016351026583e-01 1.927290415515472977e-01 5.142436297848173021e-01 1.340750370422004178e-01 3.599476987385586968e-01 5.342156652031638808e-01 4.798248956649088237e-01 8.497281605670334304e-02 3.421430159577896202e-01 4.026114737921336617e-02 5.408771832531377166e-01 1.568282877060238889e-01 7.223675896523726880e-01 1.873145900980404677e-01 9.431522033800144866e-01 5.039273549098505223e-01 7.204968374209314019e-01 3.923281327188873346e-01 7.731374731434627057e-01 2.842585016229235984e-01 1.280000000000000000e+02 -4.684000000000000341e+01
1.426222035981760672e-01 9.107293232955424589e-01 8.575162235967076496e-02 1.420913427527480122e-01 4.084803527691068803e-01 2.146784028498989472e-02 5.872077383095184455e-01 2.407953273527357607e-01 3.957333458492031664e-01 7.375699114425514624e-01 4.588824055956782222e-01 9.761929492998767666e-01 1.840380727689879814e-01 5.919749100153690741e-02 7.869390922084354423e-02 8.706526442451748560e-01 8.496897922317011576e-01 9.371174017201279183e-01 5.012703536480948019e-01 6.648703629328114317e-01 4.445124258623669444e-01 8.272181602681668577e-01 2.425817592395371203e-01 6.731297749681988130e-01 4.577664489410222803e-02 2.369853330121043655e-01 2.519708584930979711e-01 6.452530787344635810e-01 6.432971911549746347e-01 8.849664156338398202e-01 3.553868716777011660e-01 5.740023974028722886e-01 1.280000000000000000e+02 -4.584000000000000341e+01
7.117445925068711654e-01 7.149799319906910977e-01 6.260389977439805298e-01 9.058725571253682940e-01 5.707586153596052592e-01 6.484032665740800949e-01 4.147940200372667863e-01 6.003708090118342611e-01 6.612586554982764486e-01 4.062959552844211952e-01 1.171564640087661147e-01 6.188608050814712325e-01 3.538111109283441635e-01 4.775801416112860354e-01 2.988370410780637476e-01 2.155483107435836043e-01 6.686816511856124023e-01 9.965090809786660841e-01 6.491606659503577070e-01 8.090583029287906625e-01 5.019131553246904132e-02 9.912688572000777354e-01 9.183224254166925116e-01 9.702240401605439768e-01 2.269755248598592789e-01 8.497518616628524368e-01 9.225486635475894648e-01 2.973816788069763573e-01 5.891145832907237478e-01 6.353312823807475418e-01 5.643203467248755212e-01 2.984884254241708668e-01 1.280000000000000000e+02 -4.874500000000000455e+01
9.770489158995802059e-01 8.940976327494291054e-01 8.302307100645134330e-01 6.033580370372655377e-01 1.552839872778448982e-01 5.323796114399413915e-01 2.885496731632908873e-01 1.676254457099307649e-01 1.523954496584773999e-01 6.732805487773806385e-01 8.361741393347881246e-01 8.595457367141427774e-02 8.628097404122830882e-01 8.655729450573447503e-02 5.436530958484501325e-02 5.392329768179170424e-01 9.693684029101568012e-01 6.555320560837513133e-01 6.480774469431971330e-01 2.816466113710127880e-02 3.750015739436312057e-01 6.871889250059226573e-01 7.859821388458447800e-01 5.103240164121516376e-01 2.392560901474725388e-01 7.235406693152115487e-01 3.324457829373105022e-02 1.060052670255479286e-02 1.079364957860068502e-01 1.311635402501095393e-01 1.620340839570994507e-01 4.908909884112294675e-01 1.280000000000000000e+02 -4.863500000000000512e+01
3.837932107409603999e-01 6.119278119345711309e-01 7.239702591572738655e-01 9.146525176009558944e-01 3.219124712878402295e-01 4.806717823642708137e-02 5.715194209005685089e-01 6.452221310819968858e-01 9.158383587021239336e-01 1.144077582024434769e-01 3.512818897725495382e-01 8.348588263943360621e-01 9.579236282644157940e-01 4.394150637589990804e-01 4.783566160685974178e-01 2.590493746612161918e-01 6.216841439222273724e-01 3.828297171423311052e-01 2.215915744585487401e-01 8.717210232599112985e-01 1.037794630038823690e-01 6.286117407733864404e-01 6.729947799184347046e-01 6.903107287334628861e-01 5.680794590065744165e-01 3.232757149664905461e-02 5.488430509012334202e-01 2.778401755211324931e-01 8.055966039001574153e-01 7.765122365678134297e-01 2.855164506907566513e-01 3.461441302545235077e-01 1.280000000000000000e+02 -4.977499999999999858e+01
5.142135713917879158e-01 9.770104640388650452e-01 1.670243871289153192e-01 5.952987943667192861e-01 7.964628142909122577e-01 1.531906825031855990e-01 7.460529775068489577e-01 9.481684913392105507e-01 1.870201404365442466e-01 2.991864031091354126e-01 9.123961670985805128e-01 3.797803998196378483e-01 2.995677632054147832e-01 5.700135025472022887e-01 5.724688850986507302e-03 1.452444319175493770e-01 7.882317441982142903e-01 1.794464054228040450e-01 9.241493495226799082e-01 9.994490463771545929e-01 4.148217225649831197e-01 6.484331536489440495e-01 9.390271921779380637e-01 8.530397482573065515e-01 9.657504682113330352e-01 6.543399555486469898e-01 2.131410762511257717e-01 9.476316292083297732e-01 8.453633327891511007e-01 9.124815977977784875e-01 2.095268241078662719e-01 9.136710016916439747e-02 1.280000000000000000e+02 -4.791499999999999915e+01
3.649443698758988996e-01 6.742043151886965013e-01 3.404224477438220209e-01 2.477492572910472424e-01 2.049104399421507461e-01 3.069885145215719424e-01 8.466076651821133892e-01 5.672200276021431842e-01 6.377452508144583476e-02 5.731763578380419943e-01 6.218743773052571450e-02 6.557175082269351973e-01 9.774302336709114192e-01 9.753513975154975979e-01 4.567288424712964007e-02 8.130992092749524114e-02 7.493089750192242215e-01 2.810087146382263257e-03 7.996612184136369095e-01 2.380631507163388783e-01 2.930978853182891752e-01 4.570834110861907162e-01 5.639897147865080562e-01 5.411751724952723608e-01 1.074801477029335289e-01 4.479574492341997088e-02 7.865998854174426347e-01 3.173674127395060829e-01 9.690907182598853531e-01 2.541980178032742788e-01 2.358378505953686588e-01 7.702038282574875661e-01 1.280000000000000000e+02 -4.968999999999999773e+01
8.571298068153134775e-01 8.180239372560502709e-01 3.026510040765870158e-01 2.847456015807514618e-01 7.632322080600985048e-01 1.106262682221928195e-01 4.284616429193034426e-01 9.289509409446305988e-01 8.288980075593638253e-01 3.207367226951490236e-01 7.655425375603560623e-01 7.151647518321699870e-01 1.792654339817563447e-02 7.307559132735514940e-01 9.006930459704124425e-01 5.918194297773385903e-01 4.448956950970360813e-01 8.768977138034098617e-01 6.302778774947175311e-01 6.345170804497333172e-01 9.482162281705919238e-01 9.588641541002333735e-02 3.822391529938151677e-01 2.199219436136300998e-01 5.417861041405879208e-01 7.189857065948934700e-01 1.420649524870394309e-01 2.055534216579595341e-01 8.651475387009047724e-01 8.279461073056290088e-01 4.094335501313317582e-01 4.679153694355684401e-01 1.280000000000000000e+02 -4.766499999999999915e+01
6.963538405222606809e-01 5.117881812978071487e-02 3.730969464825299453e-01 7.396338046720719595e-01 7.207610170492794177e-01 6.768541738812886566e-01 9.846819739197474330e-01 4.407886414489996518e-01 7.732333892713098011e-01 2.821697361030753859e-01 2.893132823570122580e-01 4.812862663995464141e-01 6.568783825658701669e-01 9.582797285768708262e-01 9.831301082128168778e-01 3.499689373222513722e-01 6.506026181803753472e-02 4.213292579820231420e-01 1.222474330011736887e-01 1.369255564988660356e-01 1.800653636061397556e-01 5.563225597982903725e-01 7.157271668639443307e-01 7.605623618508902672e-02 8.201745871123128362e-02 8.393210116277776134e-01 6.032027328536609251e-02 1.069005559088493096e-01 4.746914772657855330e-01 6.721319182769343037e-01 5.580442839746075911e-01 6.220823340639876076e-01 1.280000000000000000e+02 -4.545000000000000284e+01
3.255562885427667474e-01 4.154615020174291518e-01 5.957076520969161182e-01 4.674654221402828602e-01 5.238913940186945561e-01 6.662671997724483042e-01 1.408044393770706559e-01 8.421569842386836813e-01 4.711590027408616987e-01 1.666701158186531251e-01 7.065561927880514848e-01 7.313323801513430533e-01 9.403011103883729405e-01 7.411117999791735356e-01 8.441327705303247608e-01 2.697034556951178330e-01 4.092371080498345970e-01 3.262235778753037191e-02 7.100989585813719529e-01 1.518245908925990872e-01 4.303321258295966234e-01 7.853371275069168655e-01 2.680141958163050411e-02 2.766724818941277975e-01 9.602918822858904635e-01 4.086509894079771721e-01 1.911319731661690335e-01 2.578966430275638211e-01 8.359466213542094959e-01 8.570842347580684972e-01 2.251114282908140141e-01 1.143004675059749592e-01 1.280000000000000000e+02 -4.902000000000000313e+01
2.898169631252180412e-01 4.557299707576763503e-01 1.877094245903198622e-01 6.564236891717676325e-01 2.127824380849057673e-01 8.674712166928008061e-01 3.516020656518508702e-01 1.574576248882203489e-01 9.565478408325470694e-01 9.757131382873546199e-01 1.254485035278584126e-01 8.789468338299470940e-01 9.703641767638704341e-02 9.052744471140181659e-01 4.100811441571897698e-01 4.719766887188499016e-01 8.061740471702908417e-01 1.598780476097463321e-01 7.769206407844293505e-01 6.798688981950661292e-01 2.001083663616723685e-01 9.114287617059931845e-01 9.053559167874420943e-01 6.385383812205540632e-01 7.772790491510008781e-01 2.177024058544693164e-01 3.132157216926413912e-01 6.678927106531776792e-01 9.120932972046870424e-02 7.513477618625128418e-01 7.501939079077114547e-01 4.927720367351126063e-01 1.280000000000000000e+02 -4.824500000000000455e+01
2.433128654822614700e-01 1.613572959859432276e-01 7.385003418018025734e-01 3.757697318122791841e-01 2.813799751443606390e-01 4.186762791465121758e-01 2.443775298843667981e-02 3.122466845906058941e-01 5.157554920191022019e-01 2.658431714223401521e-01 9.995851130677085861e-01 4.418222714678428642e-01 4.466435517965173241e-01 6.760108410132015244e-01 1.570655775813974420e-01 1.872295043900369105e-01 5.302494792408581903e-01 7.699424837543551448e-01 9.993369430425915745e-01 3.668919420497809836e-01 2.372527699417436298e-01 5.329509538474809238e-01 6.480376006911093834e-01 9.867559081502325080e-01 8.287583468722762303e-01 3.310557269355941523e-01 3.882239914223497568e-01 5.523495750000572135e-01 7.189648413458219478e-01 8.174730243735159885e-01 9.366330592468573302e-02 5.346839207404562311e-01 1.280000000000000000e+02 -4.853499999999999659e+01
8.831449564362949811e-01 3.499899260358423914e-01 2.832159168948946704e-01 9.345159981836469454e-01 5.693625210524327906e-02 4.411694126899896595e-01 5.196027193407375400e-01 4.652622554495141061e-01 3.507599425483762801e-01 8.390450688605952667e-01 3.747653830389699459e-01 6.916943067838383641e-01 5.202471674109403477e-01 6.064952714159822511e-01 2.672132078377382203e-01 5.483970834290244900e-01 6.573851904572214355e-01 7.262660157683291651e-01 3.350703008479593015e-01 5.083311158775560834e-01 5.726820428074429203e-02 3.188781629054713851e-01 6.854903583359930330e-01 9.895586621195470722e-02 2.907602274202523152e-01 6.733157110590466399e-01 7.989008863621765988e-01 3.597138748507809625e-02 2.585914724858157654e-01 3.154587174877666045e-01 3.392333683790855203e-01 8.432089246874369115e-01 1.280000000000000000e+02 -4.865500000000000114e+01
8.793892795290891851e-02 6.660692807521562120e-01 1.401642583449635437e-01 2.390041117522518077e-01 6.572252248919113748e-01 1.338165372513434037e-01 2.274701337743870733e-01 4.794280197319517600e-01 9.800568229436204537e-02 1.286151810707845400e-01 5.183502124052510179e-02 5.675265506986935105e-01 7.422270561835965230e-01 1.982990352446671600e-02 2.827847125126898842e-01 2.074762961517231108e-01 2.749155668272916242e-01 3.879502587720543572e-01 1.295404812495946079e-01 8.577686050223096714e-01 7.994201299946059880e-01 6.719852342825071156e-01 1.672977511021868369e-01 9.331088666752345162e-01 2.550042852721407516e-01 4.964231455797962766e-01 1.094519677632152937e-01 3.440235219016247181e-01 5.218200890967273908e-01 4.501509775314359585e-01 7.116230049637336519e-01 9.824912874597524493e-01 1.280000000000000000e+02 -4.864000000000000057e+01
4.860923737723970087e-03 3.711873059278132381e-01 1.560699652274759874e-01 5.443488429947286322e-01 3.484424973443274176e-01 9.450115103360626767e-01 4.822517784556946685e-01 9.381946430434502382e-01 1.735364431222491122e-01 2.152442226594092622e-01 6.043929004755010936e-01 2.221356708224664356e-01 3.707371095280264650e-01 3.548509894680801358e-01 3.170932298222906009e-01 6.684412791084336225e-02 3.699531894627944850e-01 8.521155980605739089e-01 8.725883768529506535e-01 8.044082060734314421e-01 7.710864027989234870e-01 3.367316858016956016e-01 8.440200518569174193e-01 1.858182863473492596e-01 3.703920684406904473e-01 5.151608503314911713e-01 6.373848040491786326e-01 6.591411418060552085e-01 9.865030669237601080e-01 3.293455129886693755e-01 9.188532535015514480e-01 3.498149142599676215e-02 1.280000000000000000e+02 -4.768000000000000682e+01
1.866131312660327390e-01 1.022746525159715647e-01 8.963167492831899397e-01 4.936533570851387442e-01 9.908765875371191578e-01 4.992772895540517619e-01 8.246064861170663285e-01 8.946380128494464401e-01 6.941074119135320908e-01 6.509910461311870788e-01 2.122929041369267800e-01 1.355976561626370258e-01 2.330682584036159188e-01 2.869820777680843205e-01 3.404233566168281544e-01 6.413461399691304798e-01 3.112919061296924930e-02 4.084835295569987923e-01 6.923451720566475842e-01 1.721540252863323905e-02 6.023119857726739745e-01 6.109104015303429280e-01 6.248496422884830537e-01 5.059284602741381809e-01 9.120273983720098010e-02 2.934916834509036510e-01 4.160756245747820881e-01 2.428873237667177887e-01 9.564982005641764484e-01 5.052594219825211619e-01 5.885316614504444710e-02 9.743342477373380106e-01 1.280000000000000000e+02 -4.872500000000000142e+01
4.986548659511319537e-01 4.216461830256109100e-01 4.088538398802553653e-01 9.727167791802768804e-01 2.310870681925284442e-01 6.875863251920905084e-02 3.283128587575515622e-01 5.795016361814631090e-01 6.444243279576368222e-01 9.945472823030792053e-01 1.553824788319124461e-01 5.585556967426154040e-01 7.349066726253024040e-01 9.846706548755956856e-01 7.611064053323471912e-01 8.777732159247764177e-01 2.387483436651942348e-01 2.470978721097575326e-01 9.534555174963803975e-03 5.223528974384910040e-01 7.059062362661756573e-01 1.482773013697995246e-01 8.253265304252366263e-01 4.478521032970622096e-01 9.976949421034055909e-01 9.108601041812185439e-01 3.839383211839048626e-01 9.187791214124977346e-01 6.015854450088624628e-01 3.690972469991455479e-02 1.111148067478391205e-01 4.116329735590699146e-01 1.280000000000000000e+02 -4.701500000000000057e+01
9.328207206798069251e-01 3.983632143999884523e-01 7.598337586253975928e-01 4.548424504188546269e-01 1.328908035371182961e-01 3.895820694680035556e-01 8.064923593948807312e-01 6.879615323344836497e-01 2.325102614186061734e-01 8.431435720779033582e-01 7.209390272246655185e-01 1.039982488455781090e-01 4.374869510855326077e-02 8.561499874315098291e-01 6.342289059635138893e-01 3.513410659292451332e-01 5.029857863438711441e-01 7.834827704711265772e-01 5.834813881078568798e-01 6.425982367115046223e-02 2.799609224801076213e-01 6.794439825605698424e-02 1.481525593593761847e-01 7.658987738626810149e-01 1.008091318033584906e-02 7.739285674091903600e-01 3.323101729339706933e-01 5.753945391763897188e-01 1.798859481807259797e-01 4.605622186297387288e-01 2.515924069115623718e-01 5.496115840834083777e-01 1.280000000000000000e+02 -4.657999999999999829e+01
7.516064527458933275e-01 1.411763174098311924e-01 7.945187456630409262e-01 4.202880617089155835e-01 8.775013085342950880e-01 4.658361333209062316e-01 8.843473181128210792e-01 9.941961615479447678e-01 9.103904605921778748e-01 3.475800787208325193e-01 9.726069705110229613e-01 2.315847139941597244e-02 6.004707157735700296e-01 7.994970179794962384e-01 2.166072552878190241e-02 4.492691013475905160e-01 7.338598123592557920e-01 9.046654864132189777e-01 3.185786383847898917e-01 7.320358013281724752e-01 1.572761997792111455e-01 4.265513707995666204e-01 1.932466409448490297e-01 2.285552135135726637e-01 7.030969257609448464e-01 3.855947377961302380e-01 7.171942513673800201e-01 4.787629735213410620e-01 3.586893950787486962e-02 8.014427459639166251e-01 3.108366316556621101e-02 6.936910426007067976e-01 1.280000000000000000e+02 -4.903000000000000114e+01
8.961220308683212066e-01 2.302044814003543494e-01 7.808580961081638128e-01 3.452658675278143519e-01 5.340354991190082723e-01 8.159658425040658969e-01 1.976802800408440364e-01 4.531879003368753656e-02 2.163485724634383045e-01 1.627950606945870182e-02 4.372177807660037607e-01 3.917441423346899043e-01 7.003282401577265448e-01 3.813830214567753285e-01 6.681492841406392325e-01 9.218565758725216774e-02 3.200481827097864107e-01 8.922219307515777409e-01 4.624052310205601923e-01 2.712840521471709954e-01 9.982514824479792326e-01 3.031757514111845797e-01 2.473168577249583722e-01 9.613435743355365215e-01 6.124147282660637875e-02 1.587896386621512057e-01 4.531838119960899802e-01 3.922546243906592789e-01 2.817950378964546587e-01 1.154971058863612510e-01 8.421474737590822768e-01 5.397245467347077524e-02 1.280000000000000000e+02 -4.817499999999999716e+01
6.078625759861870648e-02 7.525096239911059914e-01 4.710874095423872587e-01 7.570220938308950265e-01 6.955947414423530040e-01 9.811214834302308674e-01 7.579505525594691928e-01 2.975873109820783013e-01 4.365819871494521776e-01 2.005462776167296901e-01 6.918115045636455962e-01 3.553189565219497803e-01 5.315024174860715211e-01 9.408839212156788756e-01 5.763535709672236163e-01 9.337941410122859720e-01 7.029854590836819295e-01 5.801488079550197741e-01 8.412076391938052566e-01 3.382745895594168606e-01 8.356603795532866474e-01 6.116062873872866665e-03 2.994966049694606780e-01 7.276712963176517057e-01 8.964834511484387480e-01 6.890929266856967716e-01 4.262445338495414737e-01 6.025229760086594499e-01 2.646316293661457597e-01 5.437583147952340656e-01 3.777026200441148118e-01 6.548104011532988045e-01 1.280000000000000000e+02 -4.892000000000000171e+01
6.635033417392857125e-01 9.638367405288954526e-01 4.418349306435170321e-01 2.647759689802522409e-01 5.929768067801586273e-01 6.875596648435533531e-01 1.780952614957660440e-01 8.689225833502585150e-01 3.234826217056174236e-01 6.302733303634114881e-01 3.989493537942201962e-01 2.984278239319030357e-01 6.472198513668105113e-02 1.201745486392082896e-01 1.197586846189480220e-01 7.882837231714321380e-01 1.453688492578810443e-01 6.916045618257669891e-02 5.344497158953691596e-01 7.618598749186834551e-01 1.116414913009862453e-01 9.686923642450271377e-01 2.242888866497967648e-01 7.486684013412454597e-01 8.651975984312857415e-01 3.930668508301938813e-01 4.719590170061112311e-02 3.840214684195071837e-01 5.440664453584046489e-01 1.552796391867468651e-01 8.912360898334583670e-01 2.176251622625682836e-01 1.280000000000000000e+02 -4.781499999999999773e+01
8.063208885134721948e-02 4.971502973814208026e-01 4.215728032098448042e-01 1.386310303890944395e-01 8.670503246085368154e-01 3.734754833795856377e-01 3.913515708748063759e-01 9.766797557663559060e-01 1.392570146995458502e-01 3.218142810038481655e-02 3.206465831697592472e-01 1.460800165668361683e-01 1.083837275990751081e-01 3.127886501755662296e-01 1.826720786003950270e-01 3.898226499710341075e-01 5.155384270936835822e-01 6.191985525843087812e-01 4.032196434214127545e-01 5.583387942119072411e-01 1.605010790662416420e-01 7.572346263130251831e-01 6.044295300682361177e-02 6.618745129942774641e-01 6.678479437755630022e-01 6.094510145435484867e-03 2.929482434297310811e-01 4.588923173672698197e-01 1.702602143496800557e-01 5.242273377946412571e-01 8.655717350928855414e-01 2.341245546421346913e-01 1.280000000000000000e+02 -5.000999999999999801e+01
4.251633582136700173e-01 5.471223195990178034e-01 5.964071435261403958e-02 9.978816681563322799e-01 8.431126422597166048e-01 6.071379659250832894e-01 8.599416196232185783e-01 7.120925902062232860e-01 7.153025866341174988e-01 3.683431541153699973e-01 5.091122149361664295e-01 5.386573217225846255e-01 6.316779904088828390e-01 1.749924282503850514e-01 8.013119992312076612e-01 3.215646470664447198e-01 5.518296281929691016e-01 4.990494778030216821e-02 2.758265959086782584e-02 3.792281827531998606e-01 3.325784435805860251e-01 8.154674788106470729e-01 8.065101439125029748e-01 6.294761495262527484e-01 3.267193848962834934e-01 2.065869916309487631e-01 9.680288692278150586e-01 4.341470587616515497e-01 5.616048316569866028e-01 9.847909782406653045e-01 4.848648908173932015e-01 7.897388730935053225e-01 1.280000000000000000e+02 -4.631000000000000227e+01
7.596499674414962655e-01 2.805344037415220537e-01 4.943260695950239536e-01 7.925761208773076660e-01 4.758776273572034032e-01 4.747770633085953706e-01 9.780268444679425244e-01 3.654520721828033447e-01 1.170197845392171726e-01 9.627520254048221870e-02 6.690660411572462163e-01 8.051548701475279568e-01 6.677278712863640164e-01 2.248732618211103929e-01 4.957690101910557368e-01 2.807433552267606380e-01 1.883716056206889309e-03 9.476435325708889579e-01 1.659196973842835543e-01 4.829540568517798338e-01 5.272631038496843336e-01 8.808085963830973864e-01 1.350746608836233820e-01 8.711068600380428295e-01 4.245314718979091295e-01 4.609874193646236740e-01 7.713037202028946160e-01 3.010919278652083309e-01 1.310738539059986829e-01 9.804324893087488224e-01 7.676297167267954746e-01 9.075683847663520432e-01 1.280000000000000000e+02 -4.834499999999999886e+01
9.183229704906008539e-01 7.727186595364037291e-01 8.179792738972126998e-01 8.545304724706368482e-01 5.597576013884146828e-01 9.529929176611913189e-01 6.058829377173595432e-02 8.042472632140685862e-01 8.690199334372787632e-02 8.208962205907373022e-01 7.408792754915602963e-01 2.857439904754530691e-01 7.959128474803813802e-01 9.994241121590451138e-02 8.157691148620368482e-01 8.141990358839279462e-01 4.628403437263973741e-01 1.508187988013335867e-01 5.251558543647680821e-01 4.640064976496234839e-01 6.270062786546801714e-01 3.688930115020512268e-01 7.374581210174155355e-02 9.278451294506890878e-01 1.944842395788733969e-01 4.349665325065959487e-01 7.706733343757454779e-02 5.147408614841522123e-01 5.026469662378942882e-01 9.104947093952305837e-01 9.750530572823769004e-01 3.309530925948303004e-01 1.280000000000000000e+02 -4.808500000000000085e+01
3.144650162694963558e-01 8.418219335075720344e-02 2.606406219227276888e-01 3.645659846487200317e-01 3.536439956789932948e-01 8.391076892428716016e-01 5.045387879412417398e-01 4.213407522346939160e-01 4.761885573276997130e-01 6.105781610769737133e-01 1.867817405336510417e-01 6.060727190711906465e-01 4.110832304929319947e-01 5.470270954327235424e-01 7.834061091657259501e-01 7.610525542944810429e-01 1.605604854386858682e-01 9.233884731440219484e-01 8.870091613516152274e-01 3.121338142729187526e-01 8.748306940127319464e-01 8.730214087950955992e-01 9.533644235137108680e-01 9.078749030852608648e-01 5.146085893920703258e-01 3.647263495397309319e-01 8.280757748194433887e-01 7.599075277471283030e-02 4.408032669660422176e-01 5.840238134650489465e-01 3.869691349031748606e-01 1.435303427110387053e-01 1.280000000000000000e+02 -4.827499999999999858e+01
5.909836149829276186e-01 3.618177060220495456e-01 3.198291847607871441e-01 4.822509905285146670e-01 4.566450321675464830e-01 9.226418013348922642e-01 9.073418300015427818e-01 3.379557872451071643e-01 5.992389778499368491e-01 7.876310029565646298e-01 5.056080335367977296e-01 8.560607020833607139e-01 8.261758047964515295e-02 7.596990452504585045e-01 7.073082336913797397e-01 9.608630575330222579e-01 8.118481415966382064e-01 4.738626388231341746e-01 9.433514719803121062e-01 1.951469102429681246e-01 7.863996500856570426e-01 1.075427592607564597e-01 8.797377044749834507e-01 4.756383108817752725e-01 4.670876193959904166e-01 9.812130155055717173e-01 8.301832066625299336e-03 9.318560245868279246e-01 3.092898456762034898e-01 3.497724979566645964e-01 4.965455208103157492e-02 3.707413933805610018e-01 1.280000000000000000e+02 -4.632999999999999829e+01
3.910851199314018811e-01 9.936428898178026881e-01 1.170370898056991293e-01 7.001969954744824420e-01 8.156463078232940866e-02 8.321974005742702185e-02 6.910646259381834078e-01 6.820413259166936415e-01 3.776346852080128547e-01 6.949286831253879138e-01 2.621905186458337034e-02 2.799992064491237387e-01 7.599103663265459607e-01 1.992782779973097662e-01 2.602410516684935948e-01 7.309905422133948782e-01 8.812687072917722020e-01 2.704704984548635394e-01 2.461483652851317039e-01 6.251683495580889760e-01 5.904155054203580333e-01 9.187695911121003256e-01 6.518794441371543735e-01 4.663946374583100574e-01 7.476502542740357526e-01 6.400229721075951783e-01 2.294180973279871527e-01 5.957977024610289218e-01 8.988549137392313204e-01 1.126800205594691816e-02 8.645789529844306875e-02 1.738497013200680508e-01 1.280000000000000000e+02 -4.857000000000000028e+01
6.444606114147723996e-01 8.252276231479276358e-01 9.317562006927690987e-01 8.165031048724490370e-01 1.922405642856993557e-01 5.660866119709030420e-01 4.662733299308450263e-01 5.948801731302798962e-02 3.015187036541535082e-01 4.019314253876717369e-01 2.441967302956957742e-01 4.677431112921191514e-01 7.749897018790491421e-01 4.946037295215932605e-01 9.655389738014822365e-01 9.084229969086196066e-01 6.329948479684626150e-01 8.118869735238135599e-01 3.767587741130327128e-01 6.851253297567183598e-01 4.961704109771364890e-01 2.004570868721098353e-01 3.543056523783481571e-01 3.639298092036022947e-01 9.349536396061511878e-01 8.780692237159583302e-02 6.041980558260755529e-01 5.386563677680620277e-01 2.342800518404263566e-01 7.216307051158203922e-01 9.845926005047220819e-01 9.491724382393209591e-01 1.280000000000000000e+02 -4.888000000000000256e+01
7.814303187906860293e-01 9.123134707315884162e-01 4.801399798270795105e-01 8.304488520320372213e-01 4.899496899165673575e-02 6.299674330952210743e-01 9.557396939177412731e-01 5.584329297899416344e-01 4.076835843296526818e-01 1.905312909503282803e-01 8.203703588430702465e-02 1.186903781047832923e-01 4.264259073883564510e-01 4.102232172175616642e-01 9.566805446445343364e-01 6.792367572873215797e-01 3.455481885242452922e-01 6.352719073327501853e-01 3.052724073635417756e-01 9.245928775784175713e-01 6.605636747324783453e-01 8.563395670543201277e-01 8.194162339392280225e-01 3.984461284721172447e-01 6.574753186914359393e-01 2.666015276687643265e-01 5.095811861990767744e-01 7.935020784388442383e-01 3.780604902388839950e-01 2.255750236547296728e-01 4.947395223794814889e-01 6.134378294744075033e-01 1.280000000000000000e+02 -4.899499999999999744e+01
9.996316778723961516e-01 2.220135170441421002e-01 9.185855743450327404e-01 1.118182405015782643e-01 9.545066100126888831e-01 9.957684054169134713e-01 5.310761929535841031e-01 3.298176369188105528e-01 5.871864727009384888e-01 4.237255803849134250e-01 3.102502060238651049e-01 1.683455569586083944e-01 3.434974320608892295e-01 2.478635234272044408e-01 2.430949037909375665e-01 1.208063185036090115e-01 9.591833817723676159e-01 7.081436645382716000e-01 7.555951328071331963e-01 2.925766907196110100e-01 2.662966279305159500e-02 5.183666535503653749e-01 6.051885282734184024e-01 5.751313088049839761e-01 3.133657085460457292e-01 7.483908196233328702e-01 5.061372031373921887e-01 8.707504805980058604e-01 5.357084230539607139e-01 6.262581103503344071e-01 6.136566513682538693e-01 1.375186306607627806e-01 1.280000000000000000e+02 -4.841499999999999915e+01
1.684790698198213033e-01 2.951779322290873364e-01 6.779006441363465418e-01 6.468619392854433325e-01 1.123383422165388501e-01 9.011937468961636055e-01 8.792768767035419319e-02 7.295725585579553307e-01 5.489717635077120406e-01 2.453347491654359058e-01 7.759381131292240052e-01 5.215485406010523795e-01 5.462522713686184250e-01 8.412782623647587776e-01 9.467259739470926805e-01 4.299973102264427194e-01 9.462176861065321187e-01 2.120211188045501016e-01 4.252368869106189497e-01 1.217702458450081737e-01 2.529338371240369421e-01 1.595293297014397371e-01 4.392972723302308036e-01 8.777452382728317959e-01 7.620974514171690029e-01 1.388011068668683345e-01 8.701743066367004786e-01 7.016402742541506532e-01 1.503343149595549877e-01 2.661762476849339754e-01 4.418004804802738161e-01 7.365949306845879230e-01 1.280000000000000000e+02 -4.759000000000000341e+01
5.677625972885947947e-01 7.353832164176413722e-01 5.988990433904094468e-01 1.582714267986808920e-01 3.131376524664316596e-01 2.833475363001349279e-01 4.344354559348295036e-03 7.526456138222545889e-01 2.694304925173847676e-01 4.886613911692826440e-01 4.867787862713617297e-01 9.836237515479444582e-01 7.037005799512002779e-01 5.109940149228301420e-01 3.717872853682275269e-01 4.830318996813230403e-01 7.571313604739302594e-01 5.010540522055532131e-01 5.486996051983915601e-01 2.464980063547696221e-01 8.524613144381729679e-01 4.443153125267043091e-01 5.469906070611763038e-01 6.081644329543355321e-01 5.474790876861740374e-01 6.178423097483787263e-01 9.178262355488657487e-02 1.870405172709423969e-01 9.237465332262767559e-01 6.886848190786296620e-01 6.887630203109217364e-01 7.499638171900662176e-01 1.280000000000000000e+02 -4.954999999999999716e+01
8.319846719651768918e-01 4.680017184523905249e-01 8.492600890457553398e-01 7.582752932829818493e-02 6.390215621299832893e-01 5.222803194440188701e-01 7.155147075476459007e-01 3.977983832151080756e-01 2.582193795244991930e-01 4.523485314831587195e-02 7.961593478615153208e-01 7.567786017015241118e-01 7.413629876896662627e-03 1.624100701629655266e-02 1.954613042902570430e-01 6.956294588012926772e-01 4.745237933628618232e-01 3.224526822343527499e-01 2.447908235422775469e-01 2.267236740502622805e-01 3.048201221931697291e-01 2.948409861449903802e-01 2.659376673546333114e-01 3.408644362775855585e-01 4.870538756795760871e-01 8.150774489132014411e-01 4.667860431355833062e-01 1.522930164647868234e-01 1.941850757592041843e-01 9.436389109777787443e-01 8.187311601441391584e-01 7.160963453148753155e-01 1.280000000000000000e+02 -4.738000000000000256e+01
3.339058420951572792e-01 8.692259903238231944e-01 5.705836757233948564e-01 7.246628179634858613e-01 8.850234258027610268e-02 3.420283160110568765e-01 6.376748342800485636e-01 1.230566942280022086e-01 7.238437915783949572e-01 9.479539328893965555e-01 5.584629054454868236e-01 4.128764899976202218e-01 4.032367873035138106e-01 2.667361669364349819e-01 4.472668949536806049e-01 6.314668871152125940e-01 9.130760233883454813e-01 4.482933524929355595e-01 9.406386862146833006e-02 8.950623908620548574e-01 7.676610516236494035e-03 7.036990984962069318e-01 9.837594848641051382e-01 3.258803431726211008e-01 8.851731420109862913e-01 8.014142537266276678e-01 7.341081617688298699e-01 3.547227537607257619e-01 2.122256970984313373e-01 4.765223673692907114e-01 1.410288506285675425e-01 8.837516503470774776e-01 1.280000000000000000e+02 -4.778499999999999659e+01
2.165645970845366530e-01 1.088432088665702568e-01 9.730902280033423279e-01 7.189641187041968529e-01 7.383324488723175261e-01 7.962324768027670974e-01 7.275396016446851188e-01 2.379008430727371989e-02 3.350015970045858854e-02 2.576705220224622117e-01 6.636209861914666996e-01 9.218150156505464654e-01 3.203499431005289999e-01 8.239086863117415227e-01 6.554180975243213414e-01 9.283011088691842660e-01 4.219520716445648856e-01 8.366042626727696607e-01 4.110168305246485465e-01 7.163766456329998533e-01 7.499291275313110239e-01 1.841045228316454674e-01 7.423771037628501546e-01 7.184178341687290636e-01 2.359664674881425950e-02 3.150101748001680191e-01 6.850166296952100442e-01 6.244197799178947683e-01 6.821285808355085356e-01 2.914479426887882085e-01 2.989876424504064323e-01 8.670289350650293159e-01 1.280000000000000000e+02 -4.859000000000000341e+01
6.204141686062184524e-01 6.382007416148541279e-02 6.656218353560152678e-01 1.012313196670965032e-01 9.076207591804618113e-01 8.583192223328499626e-01 6.562838398476265045e-01 1.039411286360363007e-02 9.923090234915661334e-01 7.985354186625954753e-01 5.935884247216365317e-01 9.505632413136571035e-01 2.136895296517271337e-01 6.967535570460402505e-01 7.477150337517078915e-01 2.380646887986067328e-01 7.556996667308109317e-02 3.001273924942105542e-01 3.602871209756898785e-01 3.241664926444013384e-01 8.839390180022119736e-01 7.485573275007744165e-01 1.903287548699323928e-01 3.697516212360945631e-01 4.955085685233222015e-01 6.084128238861535865e-01 5.796486891942328468e-01 9.655048353977258024e-01 3.353713419639069437e-01 1.605819759231549848e-01 4.267145113199674600e-01 8.035924569687452612e-02 1.280000000000000000e+02 -4.578999999999999915e+01
6.067486068336142013e-01 2.459695192785833207e-01 2.194953138025858008e-01 2.193224310759793183e-01 6.267228311571892974e-01 3.664350489272648614e-01 1.243296167884743592e-01 1.841607870836682592e-01 5.670351017581913844e-01 6.997020623250817251e-02 5.325502819344305472e-01 9.346499288600171873e-01 8.924976703824477609e-01 1.498854182650385669e-01 8.865087731831892137e-01 7.162537262295282092e-01 1.809849448511639536e-01 3.386554886304384282e-01 2.668171266588583168e-01 1.014882553734476889e-01 4.750350943283873084e-01 7.662701745010071230e-02 3.354661874227030660e-01 6.813156221691502035e-02 8.214017998136846632e-01 4.461921868943182212e-01 3.679200588725864418e-01 1.268144328675609167e-01 1.389956381022823366e-02 5.464449017069644698e-01 1.159826890235171604e-02 8.280022088475852415e-01 1.280000000000000000e+02 -4.792000000000000171e+01
8.733372113310479135e-01 6.894517518780330922e-01 7.009510801783871425e-01 2.928254520332750077e-02 1.055055853697513604e-02 2.305507922165258572e-01 2.347281885602474916e-01 3.852966972627305808e-01 8.155134741790490693e-01 9.397304752053300403e-01 4.540778130675264812e-01 7.845857663895493550e-01 8.534001779329453141e-01 4.322452694603474144e-01 5.929568075991108467e-01 9.878176581424703562e-01 2.270113433828012672e-01 9.801433529925206445e-01 1.944118599132164948e-01 8.893403123037485480e-01 3.914056699775736448e-01 9.328573728437115076e-01 3.208910006161367900e-01 1.709198507599249128e-01 1.293069551040319509e-01 8.847071714111387486e-01 8.957988122493047989e-01 8.416398426082259965e-01 7.821466399792628144e-01 5.975085514851269375e-01 9.392741751810492756e-01 6.317884302205222236e-01 1.280000000000000000e+02 -4.840500000000000114e+01
0.000000000000000000e+00 1.000000000000000000e+00 0.000000000000000000e+00 1.000000000000000000e+00 1.000000000000000000e+00 2.137424381334753209e-01 9.318201773127716969e-02 1.000000000000000000e+00 0.000000000000000000e+00 0.000000000000000000e+00 1.735111878105478710e-08 0.000000000000000000e+00 6.664532239398039128e-05 0.000000000000000000e+00 0.000000000000000000e+00 0.000000000000000000e+00 7.110191837435882178e-02 1.000000000000000000e+00 0.000000000000000000e+00 7.216145406210543456e-01 9.540053499666254488e-01 9.614939951686376496e-01 0.000000000000000000e+00 8.829327195198590772e-01 7.355375847726995930e-01 0.000000000000000000e+00 0.000000000000000000e+00 1.000000000000000000e+00 0.000000000000000000e+00 1.000000000000000000e+00 1.000000000000000000e+00 2.436563612604991380e-01 1.280000000000000000e+02 -4.125999999999999801e+01
0.000000000000000000e+00 5.698415680133805949e-01 1.000000000000000000e+00 0.000000000000000000e+00 1.000000000000000000e+00 0.000000000000000000e+00 0.000000000000000000e+00 1.000000000000000000e+00 2.690311967261855425e-02 0.000000000000000000e+00 4.668450882728690798e-01 8.681562157454177087e-02 0.000000000000000000e+00 1.000000000000000000e+00 5.575288785083383492e-02 1.000000000000000000e+00 9.949036613460607859e-01 1.000000000000000000e+00 6.484410634269587304e-01 3.894630870722491124e-03 0.000000000000000000e+00 1.000000000000000000e+00 1.030277933230964171e-01 9.380697297845049798e-01 1.000000000000000000e+00 0.000000000000000000e+00 1.000000000000000000e+00 8.865388608908854051e-01 0.000000000000000000e+00 8.575249651932285166e-01 1.000000000000000000e+00 1.055404048586488508e-01 1.280000000000000000e+02 -4.568500000000000227e+01
1.005852975567387564e-01 0.000000000000000000e+00 0.000000000000000000e+00 0.000000000000000000e+00 1.000000000000000000e+00 0.000000000000000000e+00 1.000000000000000000e+00 1.000000000000000000e+00 0.000000000000000000e+00 0.000000000000000000e+00 0.000000000000000000e+00 0.000000000000000000e+00 0.000000000000000000e+00 0.000000000000000000e+00 4.494494078198466025e-01 6.099683530284018967e-02 6.071212948727289227e-01 9.776968017329186727e-04 8.151327288136289706e-01 1.000000000000000000e+00 0.000000000000000000e+00 7.380880387587994695e-01 9.350445629102539791e-03 0.000000000000000000e+00 8.921789266206330282e-01 0.000000000000000000e+00 0.000000000000000000e+00 8.740990359640523621e-01 4.203198973676367401e-04 0.000000000000000000e+00 9.798144646708660810e-01 4.800913793431065280e-01 1.280000000000000000e+02 -4.268500000000000227e+01
0.000000000000000000e+00 6.359166538277303271e-01 0.000000000000000000e+00 0.000000000000000000e+00 0.000000000000000000e+00 0.000000000000000000e+00 4.931944249588824936e-01 0.000000000000000000e+00 0.000000000000000000e+00 0.000000000000000000e+00 0.000000000000000000e+00 0.000000000000000000e+00 1.356994464749344820e-01 0.000000000000000000e+00 5.590536101443465723e-03 1.938123181157592745e-01 4.043824656565304167e-05 0.000000000000000000e+00 0.000000000000000000e+00 4.643400075606780031e-01 0.000000000000000000e+00 0.000000000000000000e+00 0.000000000000000000e+00 1.554538085258614921e-01 1.297478708530336311e-01 0.000000000000000000e+00 0.000000000000000000e+00 2.142474687841463832e-01 0.000000000000000000e+00 0.000000000000000000e+00 0.000000000000000000e+00 0.000000000000000000e+00 1.280000000000000000e+02 -3.883499999999999375e+01
0.000000000000000000e+00 0.000000000000000000e+00 2.892728721713370144e-01 0.000000000000000000e+00 1.982741129040144212e-01 0.000000000000000000e+00 9.804179998365292192e-01 8.137000583621515834e-04 0.000000000000000000e+00 0.000000000000000000e+00 0.000000000000000000e+00 0.000000000000000000e+00 4.646826973874313566e-02 2.014682549433071401e-01 1.513369365460398575e-01 0.000000000000000000e+00 3.350566591148144025e-04 8.506880460889827411e-01 0.000000000000000000e+00 6.250547863489860356e-01 7.520700894930722191e-02 0.000000000000000000e+00 0.000000000000000000e+00 7.438507625955824432e-02 0.000000000000000000e+00 1.299840096425106950e-01 6.771199567077815784e-01 2.055254398814598260e-01 0.000000000000000000e+00 6.276673452109449158e-01 0.000000000000000000e+00 1.824605280061263324e-01 1.280000000000000000e+02 -4.212000000000000455e+01
0.000000000000000000e+00 4.092863972989008725e-01 0.000000000000000000e+00 0.000000000000000000e+00 0.000000000000000000e+00 1.651235186062054161e-01 0.000000000000000000e+00 5.820605414526075494e-01 1.329464339697890203e-06 0.000000000000000000e+00 1.144623763489011764e-02 1.368239222502878605e-01 0.000000000000000000e+00 0.000000000000000000e+00 1.002479795621651903e-01 2.587969816695648295e-01 1.241781627336527583e-01 8.952935601911574670e-01 2.002162173483322538e-01 0.000000000000000000e+00 0.000000000000000000e+00 7.876139891494302603e-01 0.000000000000000000e+00 1.249574571310814182e-04 2.467340616336816950e-01 0.000000000000000000e+00 0.000000000000000000e+00 0.000000000000000000e+00 0.000000000000000000e+00 4.446795347344983940e-02 1.000000000000000000e+00 0.000000000000000000e+00 1.280000000000000000e+02 -4.142999999999999972e+01
7.697752000966062713e-02 6.282778112998385622e-02 8.260693201002127228e-01 0.000000000000000000e+00 8.893910694091788915e-01 0.000000000000000000e+00 3.776435271623975604e-02 1.000000000000000000e+00 4.616824930832024720e-01 1.017021103772851320e-02 1.000000000000000000e+00 0.000000000000000000e+00 0.000000000000000000e+00 2.190531562522500530e-01 2.619271988004667762e-01 1.000000000000000000e+00 0.000000000000000000e+00 2.448607646733772999e-02 0.000000000000000000e+00 1.438527489451074497e-03 0.000000000000000000e+00 6.109707336110904441e-01 1.248528314845380044e-01 3.689160118591433557e-01 0.000000000000000000e+00 0.000000000000000000e+00 5.891534482690376738e-03 6.313459358632358409e-01 0.000000000000000000e+00 5.717833640591765132e-01 7.853678021709978307e-02 0.000000000000000000e+00 1.280000000000000000e+02 -4.267499999999999716e+01
0.000000000000000000e+00 1.149410741631559929e-01 0.000000000000000000e+00 0.000000000000000000e+00 3.282744575102975459e-01 0.000000000000000000e+00 1.343642033872598780e-06 9.150575922308447074e-01 0.000000000000000000e+00 0.000000000000000000e+00 8.206869629804138810e-01 0.000000000000000000e+00 0.000000000000000000e+00 1.382430241681771588e-01 0.000000000000000000e+00 3.790794452252246177e-02 1.084458377553937508e-01 3.334556398744829009e-01 0.000000000000000000e+00 5.354510927020634803e-01 0.000000000000000000e+00 2.284209620177122813e-01 0.000000000000000000e+00 0.000000000000000000e+00 0.000000000000000000e+00 0.000000000000000000e+00 2.072710579584121082e-01 7.671108347899985302e-02 1.034566851633911405e-01 0.000000000000000000e+00 0.000000000000000000e+00 0.000000000000000000e+00 1.280000000000000000e+02 -3.971000000000000085e+01
0.000000000000000000e+00 7.646764508392986937e-01 8.757674335332591570e-03 7.344692205837778654e-02 1.000000000000000000e+00 1.075973446582223214e-01 0.000000000000000000e+00 2.555965873994553439e-01 5.244459541220637400e-01 0.000000000000000000e+00 1.312752942186370952e-01 0.000000000000000000e+00 1.000000000000000000e+00 9.865202174193287155e-01 0.000000000000000000e+00 1.000000000000000000e+00 0.000000000000000000e+00 9.733769852039050319e-01 1.664994412780983479e-01 5.032576269055565737e-02 0.000000000000000000e+00 0.000000000000000000e+00 0.000000000000000000e+00 8.757611371304442338e-01 9.092771079238735066e-01 0.000000000000000000e+00 0.000000000000000000e+00 0.000000000000000000e+00 1.013996142368581675e-02 0.000000000000000000e+00 8.917835970562769665e-01 1.628666505041986290e-01 1.280000000000000000e+02 -4.153499999999999659e+01
0.000000000000000000e+00 9.138938287667290258e-03 2.933685251577529129e-01 1.529573063376170883e-01 0.000000000000000000e+00 5.890467007067138466e-02 8.325462702200905896e-02 9.999999999623520042e-01 1.691283763381905975e-02 0.000000000000000000e+00 0.000000000000000000e+00 1.952529398933426918e-01 0.000000000000000000e+00 8.213592765647728111e-01 3.688715360356896734e-11 0.000000000000000000e+00 3.345217321722525079e-03 0.000000000000000000e+00 2.307745849658916131e-05 4.396312956267742211e-01 1.768606604954386236e-02 0.000000000000000000e+00 0.000000000000000000e+00 3.312371112711487986e-01 6.265060669851045816e-01 5.387326873697399765e-02 3.726435453387322849e-01 9.125187506967687213e-11 1.689109040785497784e-01 2.966264643088368236e-01 1.000000000000000000e+00 8.531798033501878376e-01 1.280000000000000000e+02 -4.245000000000000284e+01
0.000000000000000000e+00 0.000000000000000000e+00 0.000000000000000000e+00 0.000000000000000000e+00 1.000000000000000000e+00 0.000000000000000000e+00 0.000000000000000000e+00 0.000000000000000000e+00 0.000000000000000000e+00 9.961307657660037340e-02 0.000000000000000000e+00 3.619397715777337154e-01 0.000000000000000000e+00 0.000000000000000000e+00 0.000000000000000000e+00 0.000000000000000000e+00 2.276682866542954070e-02 2.635949044561873844e-01 0.000000000000000000e+00 3.049250828708413574e-01 0.000000000000000000e+00 5.282053287098000816e-01 0.000000000000000000e+00 9.597064856402540700e-01 0.000000000000000000e+00 0.000000000000000000e+00 0.000000000000000000e+00 7.399024893431983482e-03 2.042077454746226220e-02 6.189578113799441006e-01 0.000000000000000000e+00 3.560194821190065806e-01 1.280000000000000000e+02 -3.810500000000000398e+01
7.882794418255043567e-01 6.675074654122632170e-04 0.000000000000000000e+00 0.000000000000000000e+00 8.527650050956293581e-01 5.815886044568731039e-01 0.000000000000000000e+00 8.977476794249118486e-01 1.844392456704092853e-01 2.671703002820701237e-02 0.000000000000000000e+00 1.066348683114380358e-01 0.000000000000000000e+00 2.129906352639316658e-01 0.000000000000000000e+00 9.337675500315005817e-01 9.803328481135002992e-01 8.114402558791904184e-04 0.000000000000000000e+00 0.000000000000000000e+00 2.553081444146115264e-01 2.143336943613011469e-01 0.000000000000000000e+00 6.560264367225205895e-01 5.972359183185524945e-01 0.000000000000000000e+00 0.000000000000000000e+00 9.231158963109372673e-01 4.748902788568852562e-02 2.351544598664584151e-01 1.000000000000000000e+00 0.000000000000000000e+00 1.280000000000000000e+02 -4.168500000000000227e+01
0.000000000000000000e+00 2.902150277259913924e-01 0.000000000000000000e+00 5.784466652629447481e-01 4.583547245914552232e-02 4.591451663443263942e-01 3.889118422365910044e-02 5.030346379138114221e-01 0.000000000000000000e+00 0.000000000000000000e+00 4.297460143521085740e-01 1.897498295923236433e-01 0.000000000000000000e+00 0.000000000000000000e+00 0.000000000000000000e+00 0.000000000000000000e+00 6.954080934425199700e-01 3.804566194787433742e-01 7.857495522677819810e-01 0.000000000000000000e+00 4.800153227800645676e-07 3.660338617457408093e-07 0.000000000000000000e+00 0.000000000000000000e+00 3.280547353014321987e-01 0.000000000000000000e+00 0.000000000000000000e+00 5.784651522316940769e-02 0.000000000000000000e+00 2.483366582675174822e-02 0.000000000000000000e+00 0.000000000000000000e+00 1.280000000000000000e+02 -3.921000000000000085e+01
3.402254572725859072e-01 1.849226910301728921e-01 2.713170222256377495e-01 0.000000000000000000e+00 0.000000000000000000e+00 0.000000000000000000e+00 0.000000000000000000e+00 1.698733502922115945e-02 0.000000000000000000e+00 0.000000000000000000e+00 0.000000000000000000e+00 0.000000000000000000e+00 0.000000000000000000e+00 0.000000000000000000e+00 0.000000000000000000e+00 0.000000000000000000e+00 0.000000000000000000e+00 0.000000000000000000e+00 0.000000000000000000e+00 4.241640554487222659e-01 1.530360083023387524e-02 0.000000000000000000e+00 2.494327183356090383e-01 0.000000000000000000e+00 1.000000000000000000e+00 1.361332562120932412e-05 0.000000000000000000e+00 0.000000000000000000e+00 0.000000000000000000e+00 3.924923505321951250e-02 0.000000000000000000e+00 0.000000000000000000e+00 1.280000000000000000e+02 -3.985499999999999687e+01
0.000000000000000000e+00 0.000000000000000000e+00 5.603003194077068594e-01 9.192661872126153821e-02 0.000000000000000000e+00 2.553212151632378579e-01 0.000000000000000000e+00 3.751188768568072818e-01 0.000000000000000000e+00 1.000000000000000000e+00 0.000000000000000000e+00 1.000000000000000000e+00 0.000000000000000000e+00 0.000000000000000000e+00 4.056988294133578310e-01 0.000000000000000000e+00 0.000000000000000000e+00 0.000000000000000000e+00 8.704617445893489402e-02 0.000000000000000000e+00 7.194424956626305212e-02 0.000000000000000000e+00 2.239511270917520502e-01 0.000000000000000000e+00 5.560949462374051855e-01 0.000000000000000000e+00 2.087295592228554653e-01 0.000000000000000000e+00 6.083402594829290244e-01 0.000000000000000000e+00 1.801639735129018094e-01 0.000000000000000000e+00 1.280000000000000000e+02 -4.250999999999999801e+01
0.000000000000000000e+00 1.662951233284174445e-04 0.000000000000000000e+00 4.456331891834421077e-02 9.567103588274934456e-01 0.000000000000000000e+00 0.000000000000000000e+00 1.746140660030561786e-01 0.000000000000000000e+00 0.000000000000000000e+00 0.000000000000000000e+00 1.420480932908420660e-02 1.532396441070615345e-01 6.208510572912000897e-02 8.095304950520378073e-02 0.000000000000000000e+00 6.082520253282046319e-02 9.656391332536660155e-01 6.590822265077969644e-02 8.903019881874446595e-03 5.950972691812681615e-05 2.384120163625506883e-01 0.000000000000000000e+00 1.035453254370349331e-02 3.754738340655102147e-01 0.000000000000000000e+00 3.322641068154915940e-04 8.245930793675497750e-01 3.920052880764991160e-06 1.905280523562817921e-02 2.602760417945280957e-02 0.000000000000000000e+00 1.280000000000000000e+02 -4.046999999999999886e+01
2.789201111359737931e-02 0.000000000000000000e+00 5.154742387170560287e-04 0.000000000000000000e+00 0.000000000000000000e+00 6.220108102194004118e-01 2.874681444273030628e-01 0.000000000000000000e+00 3.102743315334298146e-01 4.749010004360934567e-02 2.777712554000015565e-04 2.102492899870763294e-05 0.000000000000000000e+00 0.000000000000000000e+00 0.000000000000000000e+00 9.397919600980012556e-01 1.000000000000000000e+00 0.000000000000000000e+00 0.000000000000000000e+00 1.341054920005957547e-15 9.990882432551617676e-01 0.000000000000000000e+00 0.000000000000000000e+00 6.675383668773257062e-01 2.694833241279270819e-01 0.000000000000000000e+00 7.900404691584617112e-01 7.554400900786632095e-03 0.000000000000000000e+00 0.000000000000000000e+00 1.000000000000000000e+00 0.000000000000000000e+00 1.280000000000000000e+02 -3.939999999999999858e+01
0.000000000000000000e+00 7.936456310888201360e-02 0.000000000000000000e+00 6.687818622573722671e-02 5.203914305433389176e-01 3.473159520595496097e-05 2.002398653794486283e-01 0.000000000000000000e+00 0.000000000000000000e+00 7.253430434123618598e-02 0.000000000000000000e+00 0.000000000000000000e+00 0.000000000000000000e+00 5.180629718736639022e-01 0.000000000000000000e+00 0.000000000000000000e+00 1.682212326770098632e-01 0.000000000000000000e+00 0.000000000000000000e+00 0.000000000000000000e+00 2.538053063387357700e-01 1.761106505760142715e-01 0.000000000000000000e+00 0.000000000000000000e+00 0.000000000000000000e+00 0.000000000000000000e+00 0.000000000000000000e+00 0.000000000000000000e+00 0.000000000000000000e+00 5.802863236465822805e-01 9.309509106992778227e-01 0.000000000000000000e+00 1.280000000000000000e+02 -3.870000000000000284e+01
0.000000000000000000e+00 4.759317903007669326e-01 9.002482182758796136e-02 0.000000000000000000e+00 8.574973242614092328e-01 1.447870083313167744e-01 2.610592081006111731e-01 9.999997244494834847e-01 3.435554670210202999e-01 1.406578042461617247e-04 0.000000000000000000e+00 0.000000000000000000e+00 5.267556867674351440e-02 6.227599559562756919e-05 0.000000000000000000e+00 8.314178809642260859e-01 9.268114851716316993e-01 3.429912473947422935e-01 0.000000000000000000e+00 6.170076431409190487e-01 0.000000000000000000e+00 9.247233997433182973e-01 0.000000000000000000e+00 9.581718665953822267e-01 8.046566816106728859e-02 0.000000000000000000e+00 0.000000000000000000e+00 5.572158817256378516e-01 4.251752706737001453e-01 0.000000000000000000e+00 8.257431132930042050e-01 0.000000000000000000e+00 1.280000000000000000e+02 -4.307999999999999829e+01
0.000000000000000000e+00 0.000000000000000000e+00 0.000000000000000000e+00 9.603968060603399956e-03 1.490764358106235199e-01 9.710148012505055715e-02 1.039936702562824083e-01 2.309423403151854412e-04 0.000000000000000000e+00 0.000000000000000000e+00 0.000000000000000000e+00 1.417161331727783379e-02 0.000000000000000000e+00 0.000000000000000000e+00 0.000000000000000000e+00 9.042409689945155593e-01 4.170103296663690839e-02 0.000000000000000000e+00 0.000000000000000000e+00 3.442019075867969735e-01 0.000000000000000000e+00 6.708922820290513789e-02 4.254985070049945028e-02 5.329476870572097402e-01 3.331596617645078001e-02 0.000000000000000000e+00 1.147010565725994392e-02 1.153700228927145438e-01 0.000000000000000000e+00 0.000000000000000000e+00 1.419550434024167418e-01 1.622860718763101395e-02 1.280000000000000000e+02 -3.884499999999999886e+01
7.340517766069956673e-05 3.408611322423384382e-01 6.391891962018637907e-02 0.000000000000000000e+00 1.000000000000000000e+00 4.303722871956280338e-01 2.866289298583983292e-01 0.000000000000000000e+00 0.000000000000000000e+00 0.000000000000000000e+00 0.000000000000000000e+00 0.000000000000000000e+00 0.000000000000000000e+00 4.028474514864312933e-02 9.819740855414483827e-01 0.000000000000000000e+00 3.374816144089030304e-04 7.280260299373779720e-01 5.578494733188976706e-01 1.121000348489912309e-03 2.819687985984489220e-01 3.590245609593936248e-03 0.000000000000000000e+00 0.000000000000000000e+00 0.000000000000000000e+00 0.000000000000000000e+00 0.000000000000000000e+00 0.000000000000000000e+00 4.215173599068429422e-02 4.052371749217555386e-01 8.722141502169239446e-01 0.000000000000000000e+00 1.280000000000000000e+02 -4.070000000000000284e+01
0.000000000000000000e+00 0.000000000000000000e+00 0.000000000000000000e+00 0.000000000000000000e+00 9.842483393080048160e-01 4.731528151059992976e-11 0.000000000000000000e+00 8.400913905412416005e-01 0.000000000000000000e+00 0.000000000000000000e+00 3.864778087268321005e-02 3.025783397718805334e-01 9.415077484506460814e-02 0.000000000000000000e+00 1.490222173546524274e-02 2.837376219554200163e-01 7.552330366511131876e-01 0.000000000000000000e+00 2.868337635936598143e-02 0.000000000000000000e+00 0.000000000000000000e+00 1.165052052765522816e-01 0.000000000000000000e+00 0.000000000000000000e+00 4.179184283703343827e-01 0.000000000000000000e+00 3.266474326997890337e-02 3.737970139123463764e-01 0.000000000000000000e+00 0.000000000000000000e+00 4.726775674212045641e-02 0.000000000000000000e+00 1.280000000000000000e+02 -4.086499999999999488e+01
0.000000000000000000e+00 0.000000000000000000e+00 0.000000000000000000e+00 1.000000000000000000e+00 0.000000000000000000e+00 2.088854349912386554e-01 0.000000000000000000e+00 0.000000000000000000e+00 0.000000000000000000e+00 0.000000000000000000e+00 0.000000000000000000e+00 0.000000000000000000e+00 0.000000000000000000e+00 0.000000000000000000e+00 0.000000000000000000e+00 0.000000000000000000e+00 1.623263765372724432e-01 0.000000000000000000e+00 0.000000000000000000e+00 0.000000000000000000e+00 0.000000000000000000e+00 4.182324262188067548e-02 0.000000000000000000e+00 0.000000000000000000e+00 0.000000000000000000e+00 0.000000000000000000e+00 0.000000000000000000e+00 0.000000000000000000e+00 0.000000000000000000e+00 0.000000000000000000e+00 0.000000000000000000e+00 0.000000000000000000e+00 1.280000000000000000e+02 -3.714000000000000057e+01
0.000000000000000000e+00 4.012056348781014069e-06 2.443831237351472979e-02 1.145846176311778215e-02 3.671176564824786270e-01 1.453676590511757127e-01 5.606608985429469838e-01 7.271723458285898056e-01 3.554702494264091973e-05 3.962942676804879182e-03 0.000000000000000000e+00 2.238047412833510386e-03 0.000000000000000000e+00 0.000000000000000000e+00 0.000000000000000000e+00 1.319679927645752426e-01 0.000000000000000000e+00 5.967997983199702268e-03 0.000000000000000000e+00 4.160998329676071362e-05 0.000000000000000000e+00 1.000000000000000000e+00 7.507111916866661058e-03 3.396518772234133343e-01 0.000000000000000000e+00 0.000000000000000000e+00 0.000000000000000000e+00 6.670447852303285075e-01 0.000000000000000000e+00 8.395871034240062203e-01 7.536366050716911680e-01 0.000000000000000000e+00 1.280000000000000000e+02 -3.734499999999999886e+01
0.000000000000000000e+00 0.000000000000000000e+00 8.223373839832543997e-01 0.000000000000000000e+00 9.998274826722945985e-01 0.000000000000000000e+00 0.000000000000000000e+00 3.683035594118397316e-01 1.421824444463531401e-01 4.624256224192993536e-01 1.123725613293242998e-01 0.000000000000000000e+00 0.000000000000000000e+00 2.111544745218338001e-02 0.000000000000000000e+00 0.000000000000000000e+00 5.575293794757905097e-01 6.972360195988843712e-01 2.162124056676406336e-01 0.000000000000000000e+00 0.000000000000000000e+00 0.000000000000000000e+00 7.669706256510010201e-02 6.660227258644590975e-01 0.000000000000000000e+00 0.000000000000000000e+00 0.000000000000000000e+00 0.000000000000000000e+00 6.019013077933269562e-01 7.904251061487219121e-02 1.000000000000000000e+00 0.000000000000000000e+00 1.280000000000000000e+02 -4.224499999999999744e+01
2.867241221685165597e-01 9.988737657990485186e-01 1.950748073909558400e-02 0.000000000000000000e+00 3.613901012322984913e-02 3.815298960031137665e-01 1.590404905129069735e-01 2.794327924844587363e-01 0.000000000000000000e+00 7.832145560237532139e-03 6.414476583118122483e-04 1.683590332274950474e-05 4.315343573016253154e-02 1.593463586683426803e-01 1.526895350587022856e-03 4.474197764853501957e-01 1.626677601597764991e-02 1.552603653928211983e-03 2.301125201966668365e-01 7.902905493835371683e-04 0.000000000000000000e+00 6.797169621757164215e-01 4.184197258162333788e-01 6.107493200523544941e-01 9.939898308865827703e-01 0.000000000000000000e+00 4.983845432251499119e-02 0.000000000000000000e+00 6.252580682569657683e-03 1.180385066217798709e-04 6.830256933300081490e-02 1.866393583580945037e-01 1.280000000000000000e+02 -4.200499999999999545e+01
0.000000000000000000e+00 0.000000000000000000e+00 9.097248611709134458e-01 0.000000000000000000e+00 7.469232649562182469e-02 1.026179775764094895e-07 0.000000000000000000e+00 8.309177730868458345e-02 0.000000000000000000e+00 0.000000000000000000e+00 0.000000000000000000e+00 0.000000000000000000e+00 0.000000000000000000e+00 3.429308875570425351e-04 0.000000000000000000e+00 0.000000000000000000e+00 5.666179357886222956e-01 0.000000000000000000e+00 0.000000000000000000e+00 0.000000000000000000e+00 0.000000000000000000e+00 0.000000000000000000e+00 0.000000000000000000e+00 4.697575605478434557e-01 0.000000000000000000e+00 0.000000000000000000e+00 1.640639215342149793e-01 0.000000000000000000e+00 0.000000000000000000e+00 0.000000000000000000e+00 7.285804967114543895e-02 0.000000000000000000e+00 1.280000000000000000e+02 -3.916499999999999915e+01
0.000000000000000000e+00 8.739922176760440697e-01 0.000000000000000000e+00 5.746760953283132356e-02 0.000000000000000000e+00 5.189626476711547108e-03 0.000000000000000000e+00 6.950380362695487424e-01 7.611865272473987698e-01 0.000000000000000000e+00 0.000000000000000000e+00 0.000000000000000000e+00 1.801768489319600583e-02 0.000000000000000000e+00 0.000000000000000000e+00 0.000000000000000000e+00 2.506816379997368616e-01 0.000000000000000000e+00 1.000000000000000000e+00 5.655039460677137655e-03 0.000000000000000000e+00 9.999575682007160182e-01 0.000000000000000000e+00 1.003660776701537222e-01 6.338940021400047975e-01 0.000000000000000000e+00 0.000000000000000000e+00 4.142209154783493275e-01 1.535590617735212862e-06 8.777734039500897367e-01 3.316202198384717303e-01 0.000000000000000000e+00 1.280000000000000000e+02 -4.084000000000000341e+01
0.000000000000000000e+00 5.545776004493061517e-01 4.400152994683432794e-01 0.000000000000000000e+00 4.476663654840426498e-01 6.658257114297140289e-01 0.000000000000000000e+00 5.513157336695119204e-01 0.000000000000000000e+00 0.000000000000000000e+00 0.000000000000000000e+00 0.000000000000000000e+00 0.000000000000000000e+00 0.000000000000000000e+00 0.000000000000000000e+00 4.981959706079840541e-06 0.000000000000000000e+00 5.882657822742692194e-02 0.000000000000000000e+00 8.745612366282457971e-05 0.000000000000000000e+00 0.000000000000000000e+00 0.000000000000000000e+00 9.948198034830902925e-01 0.000000000000000000e+00 2.700003924329290594e-01 0.000000000000000000e+00 8.320237831299003295e-01 1.830459852386657760e-01 4.049779116588467232e-01 4.770157740107228705e-01 5.609135136590668314e-01 1.280000000000000000e+02 -4.016499999999999915e+01
0.000000000000000000e+00 0.000000000000000000e+00 1.470970501607668166e-02 0.000000000000000000e+00 0.000000000000000000e+00 4.637626521543379288e-01 1.305816211507628277e-01 8.866792999275977527e-01 0.000000000000000000e+00 0.000000000000000000e+00 0.000000000000000000e+00 0.000000000000000000e+00 5.729905654474754320e-03 2.774762154436357653e-01 0.000000000000000000e+00 0.000000000000000000e+00 4.401747915395350097e-02 2.479020340109895637e-01 7.533385377164596441e-01 2.436123119351759347e-01 2.781813161619354213e-01 0.000000000000000000e+00 0.000000000000000000e+00 2.622058198517564394e-03 2.439610606607145807e-02 4.800178740108593245e-02 0.000000000000000000e+00 0.000000000000000000e+00 2.035427089546736155e-03 1.442392429938000875e-01 7.682337407480908098e-01 4.787834641675552949e-01 1.280000000000000000e+02 -4.271000000000000085e+01
0.000000000000000000e+00 3.132265688027156749e-05 0.000000000000000000e+00 0.000000000000000000e+00 0.000000000000000000e+00 2.443994184934459137e-04 3.038486575573641213e-01 4.007047070253157151e-02 4.298736361910860532e-02 0.000000000000000000e+00 1.948627397055728017e-01 1.324873047770440959e-01 0.000000000000000000e+00 4.465263750369172779e-01 0.000000000000000000e+00 6.246437249841325645e-01 3.225248780602862353e-01 4.346270508059271731e-01 3.638326538715476177e-01 3.657323224143018692e-01 0.000000000000000000e+00 0.000000000000000000e+00 0.000000000000000000e+00 4.154093046966977898e-01 2.655069724110072915e-01 1.272108099598629194e-01 6.219585170228671966e-01 5.626771595777937396e-01 5.407900312410649502e-01 0.000000000000000000e+00 5.981148558216912159e-01 0.000000000000000000e+00 1.280000000000000000e+02 -4.405500000000000682e+01
3.604964366581337593e-02 4.298562834055616455e-02 0.000000000000000000e+00 0.000000000000000000e+00 1.523814661443858853e-01 4.118153957129542381e-02 1.538339915826047177e-01 0.000000000000000000e+00 0.000000000000000000e+00 0.000000000000000000e+00 4.830032073628953704e-01 0.000000000000000000e+00 0.000000000000000000e+00 1.000000000000000000e+00 2.141696218401701896e-03 0.000000000000000000e+00 2.875189159200769104e-03 0.000000000000000000e+00 0.000000000000000000e+00 0.000000000000000000e+00 0.000000000000000000e+00 3.491046842618167334e-01 0.000000000000000000e+00 7.387960862207568202e-03 0.000000000000000000e+00 0.000000000000000000e+00 6.505500598026445758e-01 0.000000000000000000e+00 0.000000000000000000e+00 1.000000000000000000e+00 0.000000000000000000e+00 0.000000000000000000e+00 1.280000000000000000e+02 -3.682999999999999829e+01
8.894116730771569612e-01 9.938795562258094796e-01 0.000000000000000000e+00 0.000000000000000000e+00 0.000000000000000000e+00 0.000000000000000000e+00 1.980469136137076869e-01 2.162599754343783737e-02 0.000000000000000000e+00 0.000000000000000000e+00 0.000000000000000000e+00 0.000000000000000000e+00 0.000000000000000000e+00 0.000000000000000000e+00 0.000000000000000000e+00 0.000000000000000000e+00 1.759334991155154237e-01 7.253999647335931389e-01 0.000000000000000000e+00 0.000000000000000000e+00 3.701982666518081611e-01 5.121565418548000848e-01 0.000000000000000000e+00 0.000000000000000000e+00 0.000000000000000000e+00 2.469269282638424795e-02 0.000000000000000000e+00 0.000000000000000000e+00 8.268634119845940647e-05 3.170610869996083325e-01 1.707610711800209083e-02 0.000000000000000000e+00 1.280000000000000000e+02 -3.840999999999999659e+01
5.644827563631830969e-02 2.966975047880971439e-01 3.330089695065955313e-01 0.000000000000000000e+00 9.810312234053173430e-01 6.110008568784257993e-02 2.599165966151280038e-01 9.144600918284037094e-01 1.020970073529567923e-01 1.829675175546957230e-02 3.335523048004648827e-02 9.417970564618545481e-02 4.756626214526333239e-03 5.309604667805848388e-01 9.272501855384987501e-02 2.301701907149783510e-01 2.060534819212586077e-01 3.309855536611904236e-01 8.053578988283128792e-01 8.010892580042383582e-01 2.537444983813403332e-01 9.203106503156585072e-01 1.027958179208956213e-01 8.984535720203746800e-01 6.160328133517064542e-01 7.346698825038727038e-03 8.079144046351964537e-02 4.404757316864413852e-01 1.405232176775542963e-01 6.987840472870596731e-01 7.866491242995969912e-01 7.096466933123396492e-01 1.280000000000000000e+02 -4.855499999999999972e+01
0.000000000000000000e+00 1.591226302864576045e-09 0.000000000000000000e+00 0.000000000000000000e+00 0.000000000000000000e+00 3.813677648869687187e-01 0.000000000000000000e+00 7.188253270223763369e-01 7.164913149013001264e-10 0.000000000000000000e+00 6.198271901799153882e-01 6.908286308539521303e-02 3.704793324201269833e-01 0.000000000000000000e+00 1.000000000000000000e+00 0.000000000000000000e+00 3.109264986420115506e-02 0.000000000000000000e+00 1.892790215201760329e-01 0.000000000000000000e+00 0.000000000000000000e+00 1.963375319415950337e-01 0.000000000000000000e+00 0.000000000000000000e+00 0.000000000000000000e+00 3.423439812256971471e-01 5.292314185748664065e-03 7.262547291301101327e-01 0.000000000000000000e+00 0.000000000000000000e+00 1.586441972939526143e-09 5.330283466287161903e-02 1.280000000000000000e+02 -4.187999999999999545e+01
0.000000000000000000e+00 3.036828227343551620e-05 0.000000000000000000e+00 1.501511546028672442e-04 1.747834090970022958e-01 4.376973019656266728e-01 0.000000000000000000e+00 0.000000000000000000e+00 0.000000000000000000e+00 0.000000000000000000e+00 0.000000000000000000e+00 0.000000000000000000e+00 0.000000000000000000e+00 0.000000000000000000e+00 0.000000000000000000e+00 0.000000000000000000e+00 0.000000000000000000e+00 0.000000000000000000e+00 0.000000000000000000e+00 3.812930628093670338e-01 0.000000000000000000e+00 0.000000000000000000e+00 1.609823201581093294e-02 0.000000000000000000e+00 1.574170567528323239e-01 1.448317720125417984e-01 1.529411192863106353e-02 0.000000000000000000e+00 2.268728482635852806e-01 4.289629594045693550e-02 0.000000000000000000e+00 0.000000000000000000e+00 1.280000000000000000e+02 -3.795499999999999829e+01
0.000000000000000000e+00 0.000000000000000000e+00 2.496693652497774737e-02 0.000000000000000000e+00 4.970133073015893799e-01 6.036676095025370910e-08 0.000000000000000000e+00 9.372891827738826231e-01 0.000000000000000000e+00 2.313354130163240152e-01 0.000000000000000000e+00 0.000000000000000000e+00 0.000000000000000000e+00 0.000000000000000000e+00 0.000000000000000000e+00 0.000000000000000000e+00 1.000000000000000000e+00 5.781002851410134147e-01 0.000000000000000000e+00 0.000000000000000000e+00 0.000000000000000000e+00 6.892906338442690295e-01 0.000000000000000000e+00 5.736108660759392519e-01 0.000000000000000000e+00 0.000000000000000000e+00 3.417485941510645803e-02 2.188828600529713342e-01 0.000000000000000000e+00 0.000000000000000000e+00 4.175840171704260917e-01 8.221186981410744110e-01 1.280000000000000000e+02 -3.885000000000000142e+01
0.000000000000000000e+00 5.137062319403854493e-01 1.572495338722674774e-01 2.810569545921427492e-01 1.000000000000000000e+00 0.000000000000000000e+00 0.000000000000000000e+00 6.873720931205330453e-01 1.286107266241260372e-01 0.000000000000000000e+00 7.198693064167933642e-01 0.000000000000000000e+00 3.716204657726544791e-02 0.000000000000000000e+00 1.709200058060731872e-02 0.000000000000000000e+00 0.000000000000000000e+00 8.438924293671645760e-01 0.000000000000000000e+00 9.935609658481643347e-01 7.070438933092956270e-03 4.426709730909848539e-01 0.000000000000000000e+00 0.000000000000000000e+00 3.609327118953269964e-01 0.000000000000000000e+00 6.488550170896303371e-01 0.000000000000000000e+00 5.470474143956687019e-02 4.651957461271719746e-02 0.000000000000000000e+00 3.562300388235416920e-03 1.280000000000000000e+02 -4.069500000000000028e+01
0.000000000000000000e+00 7.725862548636082405e-02 4.291906055118067248e-02 0.000000000000000000e+00 0.000000000000000000e+00 9.174771512861784606e-01 4.764299134253622836e-01 3.793970058142848156e-02 6.384741950599305549e-02 0.000000000000000000e+00 5.138317571321679988e-01 1.362256738458554259e-02 0.000000000000000000e+00 0.000000000000000000e+00 0.000000000000000000e+00 0.000000000000000000e+00 5.320379080863433252e-01 2.052777109803806399e-02 0.000000000000000000e+00 7.729444994823406745e-01 1.509320104399160811e-01 8.786998183393374129e-02 4.317043076998944851e-01 2.657078670553645883e-01 6.761435640443856920e-01 1.008022897676443933e-05 0.000000000000000000e+00 4.855486154669971105e-02 4.340978925015102213e-02 9.202587413955313211e-01 3.002068440861735965e-01 0.000000000000000000e+00 1.280000000000000000e+02 -4.170499999999999829e+01
0.000000000000000000e+00 4.249527146023678870e-01 3.329641018344568493e-01 0.000000000000000000e+00 0.000000000000000000e+00 0.000000000000000000e+00 2.129770279023991317e-05 0.000000000000000000e+00 0.000000000000000000e+00 0.000000000000000000e+00 4.235464627062692777e-01 1.480800543834766281e-01 3.970759907652826604e-01 0.000000000000000000e+00 3.517368552664785781e-03 5.444413651607858950e-01 9.241902628745296555e-02 0.000000000000000000e+00 3.858579318662040958e-01 4.312750350549561795e-01 0.000000000000000000e+00 9.999998601112408680e-01 0.000000000000000000e+00 1.000000000000000000e+00 9.987707557701505090e-01 0.000000000000000000e+00 6.619104914677273684e-08 5.047668018933941791e-01 9.999993455773105167e-01 8.661381341369006615e-01 8.681335843642394579e-02 3.164135703692522172e-02 1.280000000000000000e+02 -4.726500000000000057e+01
0.000000000000000000e+00 0.000000000000000000e+00 5.331032031966825846e-01 0.000000000000000000e+00 0.000000000000000000e+00 3.914838477813300521e-01 9.754520378114680534e-01 5.795410896845125670e-01 1.090955438037354702e-01 0.000000000000000000e+00 2.469065296511497448e-02 0.000000000000000000e+00 8.080641130354590529e-02 6.482921390489913838e-03 2.377575072800564848e-01 2.166481834389368810e-01 1.909557009574556208e-01 5.759613832551275792e-01 2.040819374967145494e-02 1.175935364238420711e-01 0.000000000000000000e+00 0.000000000000000000e+00 0.000000000000000000e+00 9.941361596195330552e-01 0.000000000000000000e+00 1.000000000000000000e+00 0.000000000000000000e+00 0.000000000000000000e+00 0.000000000000000000e+00 0.000000000000000000e+00 0.000000000000000000e+00 5.740338388168903959e-15 1.280000000000000000e+02 -4.114499999999999602e+01
0.000000000000000000e+00 8.124020628306594105e-01 0.000000000000000000e+00 0.000000000000000000e+00 1.409239272267331367e-01 0.000000000000000000e+00 0.000000000000000000e+00 3.111864155846762528e-02 9.063613819264638646e-03 0.000000000000000000e+00 0.000000000000000000e+00 0.000000000000000000e+00 0.000000000000000000e+00 1.238231851379785614e-01 0.000000000000000000e+00 3.789310013605730609e-01 0.000000000000000000e+00 0.000000000000000000e+00 2.059015925534323985e-02 1.610971121544683970e-01 1.248173201257948423e-01 7.982601846768674658e-10 2.456891029890149493e-03 4.240277748590175477e-01 4.295889970105278011e-02 0.000000000000000000e+00 0.000000000000000000e+00 2.978171825755825397e-01 2.569014720138329544e-01 0.000000000000000000e+00 9.818402623708044619e-01 0.000000000000000000e+00 1.280000000000000000e+02 -3.960500000000000398e+01
0.000000000000000000e+00 4.290789140927092071e-01 3.797933139901921162e-01 0.000000000000000000e+00 0.000000000000000000e+00 1.525388729367371451e-02 0.000000000000000000e+00 7.829066024030494342e-01 0.000000000000000000e+00 0.000000000000000000e+00 0.000000000000000000e+00 0.000000000000000000e+00 0.000000000000000000e+00 4.465280455159044148e-01 6.261493902100931375e-02 0.000000000000000000e+00 1.000000000000000000e+00 0.000000000000000000e+00 3.677165274442121268e-01 4.480381734824946845e-03 9.298148053745952657e-01 0.000000000000000000e+00 3.489561871147314198e-01 0.000000000000000000e+00 4.374879278334056765e-01 0.000000000000000000e+00 0.000000000000000000e+00 0.000000000000000000e+00 0.000000000000000000e+00 7.350798500463820995e-01 9.888515829698442394e-02 8.234391579753350121e-02 1.280000000000000000e+02 -4.585999999999999943e+01
0.000000000000000000e+00 2.052654550448840577e-06 0.000000000000000000e+00 0.000000000000000000e+00 2.096152394035165623e-01 6.386685897244386290e-01 3.879293755495625273e-01 5.204817001696057099e-01 7.833928732009358686e-01 0.000000000000000000e+00 4.363199062376826309e-01 0.000000000000000000e+00 2.561670899656847116e-03 0.000000000000000000e+00 0.000000000000000000e+00 0.000000000000000000e+00 0.000000000000000000e+00 2.019170852746428879e-01 3.347180233286098927e-01 0.000000000000000000e+00 0.000000000000000000e+00 1.799217928369901661e-03 0.000000000000000000e+00 1.060284341268964425e-01 0.000000000000000000e+00 0.000000000000000000e+00 0.000000000000000000e+00 0.000000000000000000e+00 0.000000000000000000e+00 8.785866169027397587e-01 2.694041874552825788e-02 0.000000000000000000e+00 1.280000000000000000e+02 -3.764000000000000057e+01
0.000000000000000000e+00 0.000000000000000000e+00 6.055767899755467587e-01 0.000000000000000000e+00 0.000000000000000000e+00 0.000000000000000000e+00 0.000000000000000000e+00 6.259723084442428420e-02 0.000000000000000000e+00 0.000000000000000000e+00 2.051999414934998730e-04 0.000000000000000000e+00 0.000000000000000000e+00 0.000000000000000000e+00 5.358573204634892173e-02 0.000000000000000000e+00 0.000000000000000000e+00 7.642836640603308807e-01 0.000000000000000000e+00 0.000000000000000000e+00 0.000000000000000000e+00 0.000000000000000000e+00 0.000000000000000000e+00 0.000000000000000000e+00 9.993567942802373816e-01 0.000000000000000000e+00 0.000000000000000000e+00 3.844539709227849655e-02 0.000000000000000000e+00 0.000000000000000000e+00 3.148406311873331274e-04 0.000000000000000000e+00 1.280000000000000000e+02 -3.821500000000000341e+01
0.000000000000000000e+00 0.000000000000000000e+00 4.655258304523224311e-01 0.000000000000000000e+00 8.418871580805167021e-11 1.974207331318263703e-01 0.000000000000000000e+00 0.000000000000000000e+00 5.801001857524954453e-01 0.000000000000000000e+00 8.500711310291129141e-01 0.000000000000000000e+00 0.000000000000000000e+00 0.000000000000000000e+00 5.381969941430200105e-02 6.488914850307976080e-03 4.518048801584213098e-02 0.000000000000000000e+00 0.000000000000000000e+00 3.163690748874639636e-01 3.416530999738292551e-01 3.405829214227131807e-01 0.000000000000000000e+00 0.000000000000000000e+00 3.795065303567895509e-01 0.000000000000000000e+00 2.781294911367525671e-02 0.000000000000000000e+00 0.000000000000000000e+00 2.802401885395566089e-02 7.329004262150771165e-01 0.000000000000000000e+00 1.280000000000000000e+02 -4.265999999999999659e+01
1.000000000000000000e+00 0.000000000000000000e+00 0.000000000000000000e+00 0.000000000000000000e+00 0.000000000000000000e+00 9.514519383854750378e-01 0.000000000000000000e+00 0.000000000000000000e+00 0.000000000000000000e+00 0.000000000000000000e+00 0.000000000000000000e+00 0.000000000000000000e+00 0.000000000000000000e+00 0.000000000000000000e+00 0.000000000000000000e+00 0.000000000000000000e+00 3.083638771103633935e-01 0.000000000000000000e+00 8.127882491711970747e-01 7.288158980589236335e-02 0.000000000000000000e+00 0.000000000000000000e+00 0.000000000000000000e+00 2.975202043057388265e-02 0.000000000000000000e+00 0.000000000000000000e+00 1.483864105607226036e-01 0.000000000000000000e+00 0.000000000000000000e+00 0.000000000000000000e+00 4.991477950816407549e-01 4.799329561378112038e-04 1.280000000000000000e+02 -3.791499999999999915e+01
0.000000000000000000e+00 5.504023320968834954e-01 5.048561279646609362e-02 4.067246162133152376e-01 9.893217560501954555e-02 0.000000000000000000e+00 0.000000000000000000e+00 6.621501927123881748e-01 1.152289087653870364e-01 0.000000000000000000e+00 0.000000000000000000e+00 0.000000000000000000e+00 4.949570846289677029e-01 0.000000000000000000e+00 1.425496137270261254e-01 5.007013918421346910e-01 0.000000000000000000e+00 1.213850847565776242e-01 9.430865131738219720e-01 1.000000000000000000e+00 0.000000000000000000e+00 8.175414191538021846e-01 0.000000000000000000e+00 7.152908811506617504e-01 2.383384237839290582e-04 7.435387761278150487e-02 6.341554795082652296e-01 0.000000000000000000e+00 0.000000000000000000e+00 3.397866749851593399e-03 0.000000000000000000e+00 7.385314112184389046e-01 1.280000000000000000e+02 -4.709000000000000341e+01
0.000000000000000000e+00 4.798106817269116170e-02 9.512773671399142872e-01 0.000000000000000000e+00 7.587359068539715201e-01 0.000000000000000000e+00 0.000000000000000000e+00 1.091121404175578180e-01 8.410042032935138856e-01 8.723703301908575583e-03 0.000000000000000000e+00 0.000000000000000000e+00 0.000000000000000000e+00 0.000000000000000000e+00 0.000000000000000000e+00 0.000000000000000000e+00 6.277899995422233648e-01 7.056134268049361058e-01 3.343652558262362740e-01 4.276228869139893363e-02 0.000000000000000000e+00 1.847893059124081083e-01 5.088542127483930422e-02 0.000000000000000000e+00 6.883609605312028812e-01 0.000000000000000000e+00 7.408966754782855269e-01 0.000000000000000000e+00 0.000000000000000000e+00 1.485275883515697337e-01 0.000000000000000000e+00 5.333892468496306133e-02 1.280000000000000000e+02 -4.355499999999999972e+01
0.000000000000000000e+00 0.000000000000000000e+00 0.000000000000000000e+00 0.000000000000000000e+00 5.962716508689518413e-01 0.000000000000000000e+00 2.926949467342014648e-05 0.000000000000000000e+00 7.060662172093216948e-02 2.296685708439523965e-01 5.628533879211699426e-02 0.000000000000000000e+00 0.000000000000000000e+00 0.000000000000000000e+00 1.377573716782589663e-01 2.065687881973902462e-01 8.835036805966134388e-01 0.000000000000000000e+00 0.000000000000000000e+00 0.000000000000000000e+00 0.000000000000000000e+00 5.489592066685743399e-01 1.930501346557533110e-02 0.000000000000000000e+00 1.807381043158992964e-02 0.000000000000000000e+00 2.264906594177507615e-01 1.000000000000000000e+00 0.000000000000000000e+00 1.603362609258031091e-01 0.000000000000000000e+00 0.000000000000000000e+00 1.280000000000000000e+02 -3.807000000000000028e+01
0.000000000000000000e+00 0.000000000000000000e+00 0.000000000000000000e+00 0.000000000000000000e+00 0.000000000000000000e+00 0.000000000000000000e+00 0.000000000000000000e+00 8.847326573859807738e-03 0.000000000000000000e+00 0.000000000000000000e+00 0.000000000000000000e+00 2.076390444339954247e-02 0.000000000000000000e+00 0.000000000000000000e+00 0.000000000000000000e+00 0.000000000000000000e+00 0.000000000000000000e+00 0.000000000000000000e+00 0.000000000000000000e+00 0.000000000000000000e+00 0.000000000000000000e+00 3.698757149344233386e-01 0.000000000000000000e+00 3.747820107451329750e-08 0.000000000000000000e+00 5.467085428528383195e-01 0.000000000000000000e+00 4.025273937272744740e-01 0.000000000000000000e+00 6.317688490901686611e-03 2.639776204736619947e-02 0.000000000000000000e+00 1.280000000000000000e+02 -3.548999999999999488e+01
3.159071694494441362e-01 4.085052364691532927e-05 5.887075904428036299e-01 0.000000000000000000e+00 6.843028746812873653e-01 0.000000000000000000e+00 6.694263682151993054e-06 9.999975076927641870e-01 0.000000000000000000e+00 0.000000000000000000e+00 3.699007953317164366e-01 0.000000000000000000e+00 0.000000000000000000e+00 1.054011140344707359e-01 0.000000000000000000e+00 6.034968064830269485e-01 3.208726194252943253e-01 6.415366001934983409e-01 0.000000000000000000e+00 3.894003226634270010e-01 0.000000000000000000e+00 6.212695332833546534e-07 0.000000000000000000e+00 1.484279615076667669e-01 6.750855350170618108e-01 0.000000000000000000e+00 3.295373840276552644e-03 2.052644950975309468e-01 0.000000000000000000e+00 9.999999999925855976e-01 2.198936296611248564e-01 0.000000000000000000e+00 1.280000000000000000e+02 -4.309000000000000341e+01
0.000000000000000000e+00 2.695028816125862314e-01 3.700103469357884367e-01 0.000000000000000000e+00 5.176671832550090446e-01 0.000000000000000000e+00 0.000000000000000000e+00 1.735555706899022665e-01 0.000000000000000000e+00 0.000000000000000000e+00 9.863146748833965249e-01 1.061890349393964511e-03 0.000000000000000000e+00 0.000000000000000000e+00 6.217125185623582906e-02 0.000000000000000000e+00 0.000000000000000000e+00 6.426643827406137710e-01 0.000000000000000000e+00 1.233386013269378856e-01 0.000000000000000000e+00 2.822030977778798855e-01 0.000000000000000000e+00 3.791532173400395389e-01 5.875279477393667849e-01 8.394464659569918566e-03 0.000000000000000000e+00 0.000000000000000000e+00 0.000000000000000000e+00 9.059670643029223980e-01 1.961228017030045012e-01 1.175750035545459343e-01 1.280000000000000000e+02 -4.282999999999999829e+01
0.000000000000000000e+00 1.761364642520308514e-03 2.447898703544089047e-02 0.000000000000000000e+00 1.026912850970316815e-01 0.000000000000000000e+00 6.085679193525751485e-01 8.366429049521456607e-01 3.110999618424847152e-02 0.000000000000000000e+00 0.000000000000000000e+00 1.917699952796467489e-01 8.355742889524846451e-01 3.586969791170138699e-01 4.924412706761066572e-01 5.066074402450374548e-01 9.158800018699038148e-01 4.380490985963585437e-01 1.042386759939267910e-01 1.000000000000000000e+00 0.000000000000000000e+00 2.722024932555510146e-01 3.244659488530796625e-05 1.247366421426365085e-01 1.736371129678665926e-04 2.162998588583702961e-02 0.000000000000000000e+00 0.000000000000000000e+00 1.119348699511620721e-01 0.000000000000000000e+00 8.248406149734359705e-01 0.000000000000000000e+00 1.280000000000000000e+02 -4.473000000000000398e+01
0.000000000000000000e+00 1.972675589571781796e-02 6.441945332120947634e-04 0.000000000000000000e+00 6.694648586573750393e-01 0.000000000000000000e+00 9.270354350920406716e-01 4.284089531178838475e-04 0.000000000000000000e+00 0.000000000000000000e+00 0.000000000000000000e+00 1.738318717603507257e-01 0.000000000000000000e+00 7.061638791460629339e-01 0.000000000000000000e+00 0.000000000000000000e+00 0.000000000000000000e+00 0.000000000000000000e+00 2.321317490913961112e-01 2.989562936548326721e-01 0.000000000000000000e+00 0.000000000000000000e+00 0.000000000000000000e+00 0.000000000000000000e+00 3.123069883852961914e-01 0.000000000000000000e+00 0.000000000000000000e+00 0.000000000000000000e+00 0.000000000000000000e+00 0.000000000000000000e+00 0.000000000000000000e+00 0.000000000000000000e+00 1.280000000000000000e+02 -3.913500000000000512e+01
0.000000000000000000e+00 0.000000000000000000e+00 0.000000000000000000e+00 0.000000000000000000e+00 0.000000000000000000e+00 0.000000000000000000e+00 0.000000000000000000e+00 3.477279308100115762e-01 0.000000000000000000e+00 2.842472696430803358e-01 0.000000000000000000e+00 0.000000000000000000e+00 1.431768603865087308e-01 0.000000000000000000e+00 0.000000000000000000e+00 0.000000000000000000e+00 0.000000000000000000e+00 0.000000000000000000e+00 3.375219860750852674e-01 0.000000000000000000e+00 0.000000000000000000e+00 0.000000000000000000e+00 6.119364973716089062e-02 8.679203496621620273e-01 0.000000000000000000e+00 0.000000000000000000e+00 0.000000000000000000e+00 0.000000000000000000e+00 0.000000000000000000e+00 0.000000000000000000e+00 4.466176214528731481e-01 0.000000000000000000e+00 1.280000000000000000e+02 -4.025000000000000000e+01
0.000000000000000000e+00 2.741159760654691504e-06 3.196178582728556594e-02 0.000000000000000000e+00 1.709884072000980859e-01 0.000000000000000000e+00 0.000000000000000000e+00 2.369298393549240933e-01 3.042377440012889456e-01 0.000000000000000000e+00 0.000000000000000000e+00 5.154947334897511668e-01 5.039273066216836128e-01 0.000000000000000000e+00 3.455648264409611481e-01 0.000000000000000000e+00 4.384246847215543252e-01 0.000000000000000000e+00 0.000000000000000000e+00 8.792185615195886594e-01 1.875720706897820653e-02 1.887171947677545314e-01 0.000000000000000000e+00 0.000000000000000000e+00 0.000000000000000000e+00 0.000000000000000000e+00 0.000000000000000000e+00 0.000000000000000000e+00 0.000000000000000000e+00 2.422972963847731809e-01 0.000000000000000000e+00 0.000000000000000000e+00 1.280000000000000000e+02 -4.136500000000000199e+01
0.000000000000000000e+00 3.495345305298570154e-02 1.483451866358871662e-01 0.000000000000000000e+00 0.000000000000000000e+00 5.832499576352576653e-01 3.237541021493656190e-01 1.377826768930676404e-01 0.000000000000000000e+00 0.000000000000000000e+00 0.000000000000000000e+00 0.000000000000000000e+00 5.848353387255678104e-01 1.152860257343464034e-01 0.000000000000000000e+00 4.312492722665361988e-01 3.521882232081614134e-02 2.415794820993958768e-03 0.000000000000000000e+00 0.000000000000000000e+00 1.010412011533346442e-02 6.274489051954275087e-01 1.644883171907035938e-02 4.791385639896824596e-06 5.461097679572347596e-01 0.000000000000000000e+00 0.000000000000000000e+00 5.730124955080689864e-02 1.318317342942676440e-02 0.000000000000000000e+00 5.932414008398587679e-01 6.352280105687976852e-02 1.280000000000000000e+02 -4.260000000000000142e+01
1.300828138755027175e-01 4.117282973963751203e-01 2.394361868618606268e-02 0.000000000000000000e+00 0.000000000000000000e+00 0.000000000000000000e+00 0.000000000000000000e+00 3.669263060004296917e-01 0.000000000000000000e+00 0.000000000000000000e+00 5.584729136407010630e-01 0.000000000000000000e+00 0.000000000000000000e+00 3.918090114400832324e-02 0.000000000000000000e+00 0.000000000000000000e+00 6.064271237027386158e-02 0.000000000000000000e+00 0.000000000000000000e+00 6.349670515437448592e-02 0.000000000000000000e+00 0.000000000000000000e+00 0.000000000000000000e+00 8.009872298796841261e-02 4.468950206826380334e-02 0.000000000000000000e+00 1.686351735463849644e-01 0.000000000000000000e+00 0.000000000000000000e+00 0.000000000000000000e+00 1.411326553043697174e-06 2.400286175345382744e-01 1.280000000000000000e+02 -4.179999999999999716e+01
0.000000000000000000e+00 1.246003891752900938e-01 4.116214983555336326e-01 0.000000000000000000e+00 0.000000000000000000e+00 1.844060274591539580e-02 3.345580791619507388e-01 0.000000000000000000e+00 0.000000000000000000e+00 0.000000000000000000e+00 6.397443340144675084e-01 0.000000000000000000e+00 2.732677151842643481e-01 0.000000000000000000e+00 0.000000000000000000e+00 0.000000000000000000e+00 2.032694178160698861e-01 0.000000000000000000e+00 0.000000000000000000e+00 6.251078035104902231e-01 0.000000000000000000e+00 5.621513731642696632e-01 0.000000000000000000e+00 0.000000000000000000e+00 0.000000000000000000e+00 0.000000000000000000e+00 0.000000000000000000e+00 3.897284611392604070e-01 0.000000000000000000e+00 0.000000000000000000e+00 9.120467764036765956e-02 0.000000000000000000e+00 1.280000000000000000e+02 -4.253999999999999915e+01
0.000000000000000000e+00 1.238187417114558790e-03 0.000000000000000000e+00 0.000000000000000000e+00 0.000000000000000000e+00 0.000000000000000000e+00 0.000000000000000000e+00 4.649482477276190018e-02 0.000000000000000000e+00 0.000000000000000000e+00 6.545169863740014395e-03 0.000000000000000000e+00 0.000000000000000000e+00 0.000000000000000000e+00 0.000000000000000000e+00 0.000000000000000000e+00 0.000000000000000000e+00 1.751569863767344637e-01 0.000000000000000000e+00 0.000000000000000000e+00 0.000000000000000000e+00 2.307380984988641540e-02 0.000000000000000000e+00 2.952758879347882823e-02 0.000000000000000000e+00 0.000000000000000000e+00 8.623093792368378974e-02 0.000000000000000000e+00 0.000000000000000000e+00 0.000000000000000000e+00 0.000000000000000000e+00 3.144237922216019387e-01 1.280000000000000000e+02 -3.645499999999999829e+01
0.000000000000000000e+00 9.964404312083683379e-01 1.131772257648418351e-01 0.000000000000000000e+00 1.000000000000000000e+00 0.000000000000000000e+00 0.000000000000000000e+00 0.000000000000000000e+00 0.000000000000000000e+00 0.000000000000000000e+00 4.503937579245168715e-02 3.327144505395350782e-01 1.528064840280954073e-01 5.530201441590643086e-01 1.000000000000000000e+00 4.771172053577663746e-04 5.829638100445052457e-02 0.000000000000000000e+00 0.000000000000000000e+00 0.000000000000000000e+00 0.000000000000000000e+00 0.000000000000000000e+00 0.000000000000000000e+00 3.785494525038430313e-01 0.000000000000000000e+00 0.000000000000000000e+00 0.000000000000000000e+00 6.368034615219370087e-03 3.928671347562681104e-01 0.000000000000000000e+00 0.000000000000000000e+00 0.000000000000000000e+00 1.280000000000000000e+02 -3.715000000000000568e+01
0.000000000000000000e+00 1.914411867301066550e-01 2.953405617552315454e-01 0.000000000000000000e+00 4.610444897813735787e-01 0.000000000000000000e+00 0.000000000000000000e+00 0.000000000000000000e+00 0.000000000000000000e+00 0.000000000000000000e+00 0.000000000000000000e+00 5.561923595586516500e-01 0.000000000000000000e+00 8.849554277363930188e-01 0.000000000000000000e+00 5.555818421925851069e-02 0.000000000000000000e+00 2.190533964211585291e-03 2.841877107904249300e-01 0.000000000000000000e+00 3.752386635795270098e-01 7.792318546252705591e-01 0.000000000000000000e+00 3.530142286514925676e-01 0.000000000000000000e+00 0.000000000000000000e+00 1.049256278986834079e-07 0.000000000000000000e+00 0.000000000000000000e+00 0.000000000000000000e+00 0.000000000000000000e+00 0.000000000000000000e+00 1.280000000000000000e+02 -4.301999999999999602e+01
0.000000000000000000e+00 0.000000000000000000e+00 0.000000000000000000e+00 0.000000000000000000e+00 9.580558004732913080e-01 2.142270698010650398e-01 0.000000000000000000e+00 1.765249307764180653e-01 0.000000000000000000e+00 0.000000000000000000e+00 0.000000000000000000e+00 0.000000000000000000e+00 5.456045654577484916e-01 0.000000000000000000e+00 0.000000000000000000e+00 6.305587986294197700e-01 0.000000000000000000e+00 0.000000000000000000e+00 1.056209415520830419e-01 1.875086892255662940e-01 0.000000000000000000e+00 0.000000000000000000e+00 0.000000000000000000e+00 4.237566523518947886e-02 0.000000000000000000e+00 0.000000000000000000e+00 8.106809887251965607e-01 0.000000000000000000e+00 7.493639451418679931e-01 0.000000000000000000e+00 2.006862574045267245e-01 0.000000000000000000e+00 1.280000000000000000e+02 -4.281499999999999773e+01
0.000000000000000000e+00 8.559538848311464276e-01 0.000000000000000000e+00 0.000000000000000000e+00 3.713896944755053497e-01 0.000000000000000000e+00 0.000000000000000000e+00 9.341857495458515404e-01 9.988714912872126428e-01 0.000000000000000000e+00 1.025196076232223058e-02 0.000000000000000000e+00 0.000000000000000000e+00 5.354478335602723682e-01 0.000000000000000000e+00 1.000000000000000000e+00 0.000000000000000000e+00 3.526701494326075353e-02 1.017160427140264753e-04 0.000000000000000000e+00 0.000000000000000000e+00 0.000000000000000000e+00 4.065296503650504801e-04 9.755124071162006860e-01 1.124890596700529738e-01 0.000000000000000000e+00 0.000000000000000000e+00 0.000000000000000000e+00 0.000000000000000000e+00 2.363053321610461277e-01 4.717236257207208516e-01 2.400336928875316560e-05 1.280000000000000000e+02 -3.870000000000000284e+01
0.000000000000000000e+00 0.000000000000000000e+00 0.000000000000000000e+00 5.608282530286746725e-01 9.589056554733609294e-01 2.261390811349914612e-03 0.000000000000000000e+00 7.521553897370217845e-01 0.000000000000000000e+00 0.000000000000000000e+00 0.000000000000000000e+00 6.583565083620166132e-09 0.000000000000000000e+00 4.195915285286009322e-01 0.000000000000000000e+00 0.000000000000000000e+00 0.000000000000000000e+00 3.927137778514622757e-01 2.089452889706553684e-01 1.249193336244623365e-01 0.000000000000000000e+00 2.052651880547949337e-01 0.000000000000000000e+00 1.020568162436689963e-02 3.324305144410225621e-01 0.000000000000000000e+00 0.000000000000000000e+00 3.519030667389212996e-01 0.000000000000000000e+00 0.000000000000000000e+00 9.570723773449060223e-01 0.000000000000000000e+00 1.280000000000000000e+02 -4.042000000000000171e+01
0.000000000000000000e+00 3.315455410136689540e-01 4.367512490430021099e-01 0.000000000000000000e+00 3.227119187991663862e-01 4.906791092042587787e-01 0.000000000000000000e+00 2.834988587790912562e-01 0.000000000000000000e+00 7.483645165213666998e-05 0.000000000000000000e+00 0.000000000000000000e+00 0.000000000000000000e+00 3.350307580784644274e-02 4.432120247715951055e-04 4.312525346360537859e-01 0.000000000000000000e+00 5.904445884353532598e-02 2.520330477313039164e-01 8.814755944690764178e-01 3.128760755029375562e-01 3.983551206661033461e-01 0.000000000000000000e+00 8.195502318006869791e-01 1.253689979355533494e-02 0.000000000000000000e+00 0.000000000000000000e+00 9.873554314857891923e-01 0.000000000000000000e+00 1.579596647117338104e-01 1.788724150880955863e-02 9.459803258036999507e-01 1.280000000000000000e+02 -4.573499999999999943e+01
8.027000938761843507e-01 0.000000000000000000e+00 1.003514516063602584e-02 0.000000000000000000e+00 0.000000000000000000e+00 0.000000000000000000e+00 0.000000000000000000e+00 4.593894136324784827e-01 3.100357964603523558e-02 0.000000000000000000e+00 0.000000000000000000e+00 0.000000000000000000e+00 0.000000000000000000e+00 0.000000000000000000e+00 6.422790766250779677e-06 0.000000000000000000e+00 0.000000000000000000e+00 5.176865386050925888e-02 0.000000000000000000e+00 2.429623328830608775e-01 1.205190051589141026e-02 5.502808558870758704e-01 0.000000000000000000e+00 1.611187311666224808e-01 0.000000000000000000e+00 3.257700598427933913e-01 0.000000000000000000e+00 0.000000000000000000e+00 1.000000000000000000e+00 3.527460576674766868e-01 7.958668675432689632e-01 0.000000000000000000e+00 1.280000000000000000e+02 -3.859000000000000341e+01
6.938293651400587181e-02 0.000000000000000000e+00 0.000000000000000000e+00 0.000000000000000000e+00 1.509216972052012957e-03 0.000000000000000000e+00 0.000000000000000000e+00 1.517155077175288448e-02 0.000000000000000000e+00 0.000000000000000000e+00 0.000000000000000000e+00 0.000000000000000000e+00 0.000000000000000000e+00 0.000000000000000000e+00 0.000000000000000000e+00 4.396282949043197816e-03 0.000000000000000000e+00 0.000000000000000000e+00 0.000000000000000000e+00 0.000000000000000000e+00 4.063009841765247848e-02 1.811312055736002402e-01 0.000000000000000000e+00 7.068815417765082765e-02 0.000000000000000000e+00 0.000000000000000000e+00 2.627620970391934541e-01 0.000000000000000000e+00 0.000000000000000000e+00 0.000000000000000000e+00 2.871736264588935911e-02 0.000000000000000000e+00 1.280000000000000000e+02 -3.789499999999999602e+01
0.000000000000000000e+00 0.000000000000000000e+00 2.198357902842479616e-01 0.000000000000000000e+00 3.909575600202563078e-06 1.451318014661218125e-01 1.274621113894991442e-01 9.907705327174074483e-01 0.000000000000000000e+00 0.000000000000000000e+00 4.545916249497251470e-06 0.000000000000000000e+00 0.000000000000000000e+00 1.399682668368109738e-03 9.999987492927336907e-01 4.424896640123255898e-01 3.334149260360788122e-06 9.828618351886680982e-01 1.416235539844520330e-01 1.410962822485727075e-01 1.535684432110876255e-02 8.197989042712050534e-02 1.719302822931126351e-01 6.613291426647721627e-01 7.954521920629975887e-03 0.000000000000000000e+00 1.606347918190805595e-05 6.572817916884025630e-04 1.139286064202923651e-02 9.042387274444260159e-01 0.000000000000000000e+00 1.182184478389166765e-01 1.280000000000000000e+02 -4.453499999999999659e+01
0.000000000000000000e+00 3.731483989619448910e-02 2.042022568137631222e-06 3.914897110899285930e-03 3.694846886748072434e-02 2.327312406007482973e-02 1.013078943414631033e-02 6.730851883195767549e-01 3.920469117466645129e-03 0.000000000000000000e+00 0.000000000000000000e+00 0.000000000000000000e+00 5.266962912454281652e-04 9.044545640240539419e-02 0.000000000000000000e+00 0.000000000000000000e+00 0.000000000000000000e+00 1.501792395331485452e-01 0.000000000000000000e+00 0.000000000000000000e+00 0.000000000000000000e+00 6.741263347235973424e-02 0.000000000000000000e+00 2.238146942905016867e-01 2.916159821261707363e-02 0.000000000000000000e+00 0.000000000000000000e+00 0.000000000000000000e+00 4.636034500814980447e-02 0.000000000000000000e+00 4.218535921860972139e-09 4.080529320226779222e-02 1.280000000000000000e+02 -3.721999999999999886e+01
7.666117149003815650e-04 0.000000000000000000e+00 0.000000000000000000e+00 4.698699451616184658e-02 0.000000000000000000e+00 9.502632333330006398e-03 7.376102002290635395e-01 2.560712506881340222e-01 0.000000000000000000e+00 2.633517490619718959e-01 2.998951895455691519e-01 0.000000000000000000e+00 0.000000000000000000e+00 1.131241463703025723e-06 2.026037389502821917e-01 0.000000000000000000e+00 2.136550952977950973e-03 0.000000000000000000e+00 0.000000000000000000e+00 0.000000000000000000e+00 4.681481434930271357e-01 7.976508539588167412e-01 0.000000000000000000e+00 0.000000000000000000e+00 6.037880937688786670e-02 2.460385845172909369e-01 0.000000000000000000e+00 0.000000000000000000e+00 0.000000000000000000e+00 1.680820640040935898e-01 2.695046973754237074e-01 0.000000000000000000e+00 1.280000000000000000e+02 -3.954999999999999716e+01
0.000000000000000000e+00 0.000000000000000000e+00 0.000000000000000000e+00 6.781874181203302321e-01 0.000000000000000000e+00 0.000000000000000000e+00 1.358865642900149336e-02 7.792151201157934137e-01 0.000000000000000000e+00 7.152887156679129665e-01 0.000000000000000000e+00 7.937924729396027557e-01 0.000000000000000000e+00 3.069243569046417597e-01 0.000000000000000000e+00 0.000000000000000000e+00 0.000000000000000000e+00 7.098048755952321986e-01 3.485698585578683728e-01 0.000000000000000000e+00 0.000000000000000000e+00 7.118817684618844455e-02 0.000000000000000000e+00 0.000000000000000000e+00 0.000000000000000000e+00 0.000000000000000000e+00 3.789394023600255179e-02 0.000000000000000000e+00 2.706217935556189946e-01 0.000000000000000000e+00 7.148296830141008806e-01 0.000000000000000000e+00 1.280000000000000000e+02 -3.954500000000000171e+01
0.000000000000000000e+00 0.000000000000000000e+00 0.000000000000000000e+00 0.000000000000000000e+00 1.066960915256800731e-03 0.000000000000000000e+00 6.469539207566239458e-01 1.000000000000000000e+00 1.652791541536779429e-01 0.000000000000000000e+00 0.000000000000000000e+00 0.000000000000000000e+00 2.317425671726394132e-01 0.000000000000000000e+00 3.105996214593585714e-02 0.000000000000000000e+00 0.000000000000000000e+00 3.512907329576455129e-01 0.000000000000000000e+00 0.000000000000000000e+00 3.430972054894745882e-01 0.000000000000000000e+00 0.000000000000000000e+00 3.165519453501882130e-01 9.895369247538888802e-01 0.000000000000000000e+00 9.720576612816185236e-01 0.000000000000000000e+00 0.000000000000000000e+00 0.000000000000000000e+00 8.747868175512559796e-01 0.000000000000000000e+00 1.280000000000000000e+02 -4.023499999999999943e+01
0.000000000000000000e+00 1.761810814303141626e-01 1.384481686310851944e-01 0.000000000000000000e+00 7.123948120816643303e-01 4.009907993926442593e-02 2.215791919483996175e-01 2.776426259157432352e-01 0.000000000000000000e+00 0.000000000000000000e+00 0.000000000000000000e+00 0.000000000000000000e+00 0.000000000000000000e+00 0.000000000000000000e+00 0.000000000000000000e+00 7.273692647816868417e-01 0.000000000000000000e+00 7.822272757787969433e-03 8.889838200178087346e-01 6.909916554859655280e-01 0.000000000000000000e+00 2.382944439678674937e-04 0.000000000000000000e+00 2.174467176969856544e-04 3.566308220174145838e-01 0.000000000000000000e+00 8.391158042840773934e-02 0.000000000000000000e+00 0.000000000000000000e+00 3.319030035766298292e-01 6.827328919040686062e-01 0.000000000000000000e+00 1.280000000000000000e+02 -4.363000000000000256e+01
1.455818621092243859e-01 0.000000000000000000e+00 0.000000000000000000e+00 0.000000000000000000e+00 1.854720773526107591e-01 7.777201902130742583e-01 4.296086311631945875e-01 2.123909871541684036e-01 6.731633353533236219e-01 0.000000000000000000e+00 0.000000000000000000e+00 4.799995672266170743e-01 0.000000000000000000e+00 5.921772997098592951e-13 0.000000000000000000e+00 4.167359299164753450e-01 0.000000000000000000e+00 6.890972650341735742e-03 0.000000000000000000e+00 0.000000000000000000e+00 1.956597656420413500e-01 0.000000000000000000e+00 0.000000000000000000e+00 0.000000000000000000e+00 4.606188421260398180e-01 0.000000000000000000e+00 0.000000000000000000e+00 0.000000000000000000e+00 0.000000000000000000e+00 0.000000000000000000e+00 0.000000000000000000e+00 0.000000000000000000e+00 1.280000000000000000e+02 -3.975000000000000000e+01
0.000000000000000000e+00 0.000000000000000000e+00 0.000000000000000000e+00 0.000000000000000000e+00 2.694143779859459187e-02 0.000000000000000000e+00 0.000000000000000000e+00 3.805492474690666538e-02 0.000000000000000000e+00 0.000000000000000000e+00 0.000000000000000000e+00 0.000000000000000000e+00 0.000000000000000000e+00 0.000000000000000000e+00 0.000000000000000000e+00 0.000000000000000000e+00 8.454404440166902734e-01 0.000000000000000000e+00 0.000000000000000000e+00 0.000000000000000000e+00 0.000000000000000000e+00 2.898617729972651769e-01 0.000000000000000000e+00 0.000000000000000000e+00 9.430350546223151831e-01 0.000000000000000000e+00 0.000000000000000000e+00 0.000000000000000000e+00 0.000000000000000000e+00 0.000000000000000000e+00 0.000000000000000000e+00 0.000000000000000000e+00 1.280000000000000000e+02 -3.661499999999999488e+01
0.000000000000000000e+00 0.000000000000000000e+00 5.962113295968322069e-01 0.000000000000000000e+00 0.000000000000000000e+00 0.000000000000000000e+00 0.000000000000000000e+00 0.000000000000000000e+00 0.000000000000000000e+00 0.000000000000000000e+00 0.000000000000000000e+00 0.000000000000000000e+00 0.000000000000000000e+00 0.000000000000000000e+00 0.000000000000000000e+00 0.000000000000000000e+00 1.532113502327767107e-01 0.000000000000000000e+00 0.000000000000000000e+00 0.000000000000000000e+00 0.000000000000000000e+00 0.000000000000000000e+00 5.606109666978716100e-02 7.064601049415675238e-02 0.000000000000000000e+00 0.000000000000000000e+00 0.000000000000000000e+00 0.000000000000000000e+00 0.000000000000000000e+00 0.000000000000000000e+00 0.000000000000000000e+00 1.000000000000000000e+00 1.280000000000000000e+02 -3.845000000000000284e+01
0.000000000000000000e+00 3.386145734801706553e-01 0.000000000000000000e+00 4.159292778418512415e-01 0.000000000000000000e+00 0.000000000000000000e+00 0.000000000000000000e+00 0.000000000000000000e+00 0.000000000000000000e+00 0.000000000000000000e+00 0.000000000000000000e+00 0.000000000000000000e+00 0.000000000000000000e+00 0.000000000000000000e+00 0.000000000000000000e+00 2.994719039333736399e-01 0.000000000000000000e+00 0.000000000000000000e+00 0.000000000000000000e+00 0.000000000000000000e+00 0.000000000000000000e+00 6.495375010418883432e-01 1.820218888056761575e-01 0.000000000000000000e+00 0.000000000000000000e+00 0.000000000000000000e+00 0.000000000000000000e+00 0.000000000000000000e+00 1.176374918237519801e-01 0.000000000000000000e+00 0.000000000000000000e+00 0.000000000000000000e+00 1.280000000000000000e+02 -3.695000000000000284e+01
0.000000000000000000e+00 7.290004878409771516e-01 0.000000000000000000e+00 0.000000000000000000e+00 0.000000000000000000e+00 0.000000000000000000e+00 0.000000000000000000e+00 1.302129305260577852e-01 0.000000000000000000e+00 0.000000000000000000e+00 7.240281100820669669e-02 3.176685410448509828e-01 0.000000000000000000e+00 0.000000000000000000e+00 1.986868493922583356e-01 2.139688516277270802e-01 0.000000000000000000e+00 6.450160884888720414e-01 0.000000000000000000e+00 4.177810243330114942e-02 0.000000000000000000e+00 0.000000000000000000e+00 0.000000000000000000e+00 0.000000000000000000e+00 0.000000000000000000e+00 0.000000000000000000e+00 0.000000000000000000e+00 0.000000000000000000e+00 0.000000000000000000e+00 0.000000000000000000e+00 1.368644211600746757e-02 0.000000000000000000e+00 1.280000000000000000e+02 -3.619500000000000028e+01
0.000000000000000000e+00 0.000000000000000000e+00 0.000000000000000000e+00 0.000000000000000000e+00 1.000000000000000000e+00 2.914438535535502847e-02 0.000000000000000000e+00 3.847849789918362795e-01 0.000000000000000000e+00 0.000000000000000000e+00 0.000000000000000000e+00 1.000000000000000000e+00 0.000000000000000000e+00 0.000000000000000000e+00 0.000000000000000000e+00 0.000000000000000000e+00 2.743025189135986450e-03 1.538012549748075898e-03 9.848061257881174368e-01 1.349920599421713767e-02 0.000000000000000000e+00 0.000000000000000000e+00 0.000000000000000000e+00 2.942760456763958699e-01 5.366485597355156179e-01 0.000000000000000000e+00 0.000000000000000000e+00 2.954830461903082753e-02 0.000000000000000000e+00 0.000000000000000000e+00 3.228455104700213019e-01 0.000000000000000000e+00 1.280000000000000000e+02 -3.785499999999999687e+01
0.000000000000000000e+00 4.696344404730373734e-01 7.783255350418923551e-06 0.000000000000000000e+00 1.000000000000000000e+00 0.000000000000000000e+00 4.436223485305357738e-04 5.034465410447755973e-01 0.000000000000000000e+00 8.380489521525888441e-02 2.770583892309731733e-02 0.000000000000000000e+00 0.000000000000000000e+00 0.000000000000000000e+00 8.454590859256417845e-01 6.280201738843338433e-02 1.321477724505042660e-02 0.000000000000000000e+00 0.000000000000000000e+00 0.000000000000000000e+00 0.000000000000000000e+00 0.000000000000000000e+00 8.202472389162135391e-01 0.000000000000000000e+00 0.000000000000000000e+00 5.920096373823068026e-02 0.000000000000000000e+00 9.498407550942569721e-02 0.000000000000000000e+00 0.000000000000000000e+00 7.887236904248402444e-03 0.000000000000000000e+00 1.280000000000000000e+02 -3.699000000000000199e+01
0.000000000000000000e+00 0.000000000000000000e+00 0.000000000000000000e+00 0.000000000000000000e+00 1.000000000000000000e+00 0.000000000000000000e+00 0.000000000000000000e+00 0.000000000000000000e+00 0.000000000000000000e+00 0.000000000000000000e+00 1.386191828727418585e-01 0.000000000000000000e+00 3.005332078853270236e-02 0.000000000000000000e+00 0.000000000000000000e+00 0.000000000000000000e+00 1.956813956054555825e-01 0.000000000000000000e+00 5.231133452744243240e-01 0.000000000000000000e+00 4.863372046636246782e-01 0.000000000000000000e+00 0.000000000000000000e+00 0.000000000000000000e+00 0.000000000000000000e+00 4.883419797102138415e-02 1.000000000000000000e+00 0.000000000000000000e+00 0.000000000000000000e+00 0.000000000000000000e+00 0.000000000000000000e+00 0.000000000000000000e+00 1.280000000000000000e+02 -4.059999999999999432e+01
0.000000000000000000e+00 7.227741199652936690e-05 9.472332610724515378e-01 0.000000000000000000e+00 1.174642744194923927e-01 0.000000000000000000e+00 0.000000000000000000e+00 7.116802441093705855e-01 3.049257736830313648e-01 0.000000000000000000e+00 2.933220219048102845e-02 0.000000000000000000e+00 0.000000000000000000e+00 0.000000000000000000e+00 0.000000000000000000e+00 0.000000000000000000e+00 0.000000000000000000e+00 9.738903179205289362e-01 4.961041614129607646e-01 0.000000000000000000e+00 1.740799275981185501e-01 0.000000000000000000e+00 0.000000000000000000e+00 1.000000000000000000e+00 0.000000000000000000e+00 0.000000000000000000e+00 5.149496056978015712e-01 9.030108413384262400e-01 0.000000000000000000e+00 3.520098926349991136e-02 0.000000000000000000e+00 1.949915061868024520e-05 1.280000000000000000e+02 -4.136500000000000199e+01
0.000000000000000000e+00 0.000000000000000000e+00 0.000000000000000000e+00 0.000000000000000000e+00 0.000000000000000000e+00 0.000000000000000000e+00 1.331823999924804658e-01 0.000000000000000000e+00 0.000000000000000000e+00 0.000000000000000000e+00 0.000000000000000000e+00 0.000000000000000000e+00 0.000000000000000000e+00 0.000000000000000000e+00 4.022328530344256720e-03 0.000000000000000000e+00 0.000000000000000000e+00 0.000000000000000000e+00 2.657394638760410613e-02 5.462059211370182688e-01 0.000000000000000000e+00 0.000000000000000000e+00 0.000000000000000000e+00 4.757075967137240902e-01 0.000000000000000000e+00 0.000000000000000000e+00 0.000000000000000000e+00 6.588298514955735416e-03 0.000000000000000000e+00 6.657355985451672564e-02 0.000000000000000000e+00 0.000000000000000000e+00 1.280000000000000000e+02 -3.764499999999999602e+01
0.000000000000000000e+00 4.849306034414095912e-01 2.605541991508037447e-01 0.000000000000000000e+00 8.815334242569622392e-01 0.000000000000000000e+00 7.886615502269847533e-02 6.267305615196884505e-02 0.000000000000000000e+00 0.000000000000000000e+00 0.000000000000000000e+00 0.000000000000000000e+00 0.000000000000000000e+00 0.000000000000000000e+00 0.000000000000000000e+00 4.639660761392483401e-01 9.812645958794493500e-03 1.118096175290610589e-01 0.000000000000000000e+00 0.000000000000000000e+00 0.000000000000000000e+00 2.381833021740843714e-01 0.000000000000000000e+00 0.000000000000000000e+00 5.101688538676616425e-01 9.400788607411864062e-03 0.000000000000000000e+00 1.989170872996790310e-02 0.000000000000000000e+00 0.000000000000000000e+00 3.542424702617527066e-01 1.423821891161248798e-01 1.280000000000000000e+02 -3.995000000000000284e+01
