5.000000000000000000e-01 5.000000000000000000e-01 5.000000000000000000e-01 5.000000000000000000e-01 5.000000000000000000e-01 5.000000000000000000e-01 5.000000000000000000e-01 5.000000000000000000e-01 5.000000000000000000e-01 5.000000000000000000e-01 5.000000000000000000e-01 5.000000000000000000e-01 5.000000000000000000e-01 5.000000000000000000e-01 5.000000000000000000e-01 5.000000000000000000e-01 5.000000000000000000e-01 5.000000000000000000e-01 5.000000000000000000e-01 5.000000000000000000e-01 5.000000000000000000e-01 5.000000000000000000e-01 5.000000000000000000e-01 5.000000000000000000e-01 5.000000000000000000e-01 5.000000000000000000e-01 5.000000000000000000e-01 5.000000000000000000e-01 5.000000000000000000e-01 5.000000000000000000e-01 5.000000000000000000e-01 5.000000000000000000e-01 2.560000000000000000e+02 -5.237999999999999545e+01
5.000000000000000278e-02 7.903225806451613655e-02 1.080645161290322565e-01 1.370967741935483764e-01 1.661290322580645240e-01 1.951612903225806162e-01 2.241935483870967638e-01 2.532258064516129115e-01 2.822580645161290036e-01 3.112903225806451513e-01 3.403225806451612434e-01 3.693548387096773911e-01 3.983870967741935387e-01 4.274193548387096309e-01 4.564516129032257785e-01 4.854838709677418707e-01 5.145161290322580738e-01 5.435483870967742215e-01 5.725806451612903691e-01 6.016129032258064058e-01 6.306451612903225534e-01 6.596774193548387011e-01 6.887096774193548487e-01 7.177419354838709964e-01 7.467741935483871440e-01 7.758064516129031807e-01 8.048387096774193283e-01 8.338709677419354760e-01 8.629032258064516236e-01 8.919354838709677713e-01 9.209677419354838079e-01 9.499999999999999556e-01 2.560000000000000000e+02 -5.152499999999999858e+01
9.499999999999999556e-01 9.209677419354838079e-01 8.919354838709677713e-01 8.629032258064516236e-01 8.338709677419354760e-01 8.048387096774193283e-01 7.758064516129031807e-01 7.467741935483871440e-01 7.177419354838709964e-01 6.887096774193548487e-01 6.596774193548387011e-01 6.306451612903225534e-01 6.016129032258064058e-01 5.725806451612903691e-01 5.435483870967742215e-01 5.145161290322580738e-01 4.854838709677418707e-01 4.564516129032257785e-01 4.274193548387096309e-01 3.983870967741935387e-01 3.693548387096773911e-01 3.403225806451612434e-01 3.112903225806451513e-01 2.822580645161290036e-01 2.532258064516129115e-01 2.241935483870967638e-01 1.951612903225806162e-01 1.661290322580645240e-01 1.370967741935483764e-01 1.080645161290322565e-01 7.903225806451613655e-02 5.000000000000000278e-02 2.560000000000000000e+02 -5.117999999999999972e+01
5.000000000000000278e-02 1.099999999999999867e-01 1.699999999999999845e-01 2.299999999999999822e-01 2.899999999999999800e-01 3.499999999999999223e-01 4.099999999999999201e-01 4.699999999999999178e-01 5.299999999999999156e-01 5.899999999999999689e-01 6.499999999999999112e-01 7.099999999999999645e-01 7.699999999999999067e-01 8.299999999999999600e-01 8.899999999999999023e-01 9.499999999999999556e-01 9.499999999999999556e-01 8.900000000000000133e-01 8.299999999999999600e-01 7.700000000000000178e-01 7.099999999999999645e-01 6.500000000000000222e-01 5.900000000000000799e-01 5.300000000000000266e-01 4.700000000000000289e-01 4.100000000000000311e-01 3.500000000000000888e-01 2.900000000000000355e-01 2.300000000000000933e-01 1.700000000000000400e-01 1.100000000000000977e-01 5.000000000000000278e-02 2.560000000000000000e+02 -5.182500000000000284e+01
9.499999999999999556e-01 8.900000000000000133e-01 8.300000000000000711e-01 7.700000000000000178e-01 7.099999999999999645e-01 6.500000000000001332e-01 5.900000000000000799e-01 5.300000000000000266e-01 4.700000000000000844e-01 4.100000000000000311e-01 3.500000000000000888e-01 2.900000000000000355e-01 2.300000000000000933e-01 1.700000000000000400e-01 1.100000000000000977e-01 5.000000000000004441e-02 5.000000000000004441e-02 1.099999999999999867e-01 1.700000000000000400e-01 2.299999999999999822e-01 2.900000000000000355e-01 3.499999999999999778e-01 4.099999999999999201e-01 4.699999999999999734e-01 5.300000000000000266e-01 5.899999999999999689e-01 6.499999999999999112e-01 7.099999999999999645e-01 7.699999999999999067e-01 8.299999999999999600e-01 8.899999999999999023e-01 9.499999999999999556e-01 2.560000000000000000e+02 -5.045499999999999829e+01
1.499999999999999944e-01 8.499999999999999778e-01 1.499999999999999944e-01 8.499999999999999778e-01 1.499999999999999944e-01 8.499999999999999778e-01 1.499999999999999944e-01 8.499999999999999778e-01 1.499999999999999944e-01 8.499999999999999778e-01 1.499999999999999944e-01 8.499999999999999778e-01 1.499999999999999944e-01 8.499999999999999778e-01 1.499999999999999944e-01 8.499999999999999778e-01 1.499999999999999944e-01 8.499999999999999778e-01 1.499999999999999944e-01 8.499999999999999778e-01 1.499999999999999944e-01 8.499999999999999778e-01 1.499999999999999944e-01 8.499999999999999778e-01 1.499999999999999944e-01 8.499999999999999778e-01 1.499999999999999944e-01 8.499999999999999778e-01 1.499999999999999944e-01 8.499999999999999778e-01 1.499999999999999944e-01 8.499999999999999778e-01 2.560000000000000000e+02 -4.975499999999999545e+01
6.406250000000000833e-02 5.000000000000000000e-01 6.406250000000000833e-02 9.500000000000000666e-01 7.812500000000000000e-02 6.406250000000000833e-02 7.812500000000000000e-02 7.812500000000000000e-02 6.406250000000000833e-02 6.406250000000000833e-02 7.812500000000000000e-02 5.000000000000000000e-01 9.500000000000000666e-01 9.500000000000000666e-01 6.406250000000000833e-02 9.500000000000000666e-01 6.406250000000000833e-02 9.500000000000000666e-01 5.000000000000000000e-01 9.500000000000000666e-01 7.812500000000000000e-02 9.500000000000000666e-01 6.406250000000000833e-02 1.625000000000000056e-01 6.406250000000000833e-02 6.406250000000000833e-02 9.500000000000000666e-01 6.406250000000000833e-02 6.406250000000000833e-02 9.500000000000000666e-01 6.406250000000000833e-02 6.406250000000000833e-02 2.560000000000000000e+02 -5.132999999999999829e+01
5.499596620578787176e-01 6.483548188835264181e-01 4.031573756688733856e-01 1.958032880261222908e-01 2.704009991651217804e-01 5.574613117508135929e-01 2.675124162838839470e-01 9.076545228512565844e-01 9.750881068470830249e-01 5.885783967192788069e-01 8.955207968557677978e-01 2.299666373827536359e-01 1.705502977979132806e-01 4.687976438986074523e-01 6.241754460553111672e-01 6.665951276318247132e-01 2.051066005658749858e-01 5.973376488339716683e-01 9.677507933637109483e-01 7.800854691737262314e-01 6.406054641060090482e-01 2.641205845587580869e-01 5.860846633778217241e-01 2.466163523058121088e-01 5.789845308022084636e-01 3.502848306260404332e-01 5.768673578580290062e-01 8.462947572284763575e-01 6.796250054397709461e-02 6.417819552423570384e-02 8.017540475474302930e-01 9.201571036738644960e-01 2.560000000000000000e+02 -5.230499999999999972e+01
2.622698287316063692e-01 9.632098608288813812e-03 5.165716392603276752e-01 5.768566574680376036e-01 6.782206125259221396e-01 5.876394429973132993e-01 7.841409629724142016e-01 2.733712923657345972e-01 5.365866490939278366e-01 6.474857220674236080e-01 2.002105894633453009e-01 5.133235330574751482e-02 4.634996590896091062e-01 3.494233067375930313e-01 8.326469505674507499e-01 7.920917722293130403e-01 9.072141006962872734e-01 2.441623709352906679e-01 9.592898229432198498e-01 4.486929966054843399e-01 5.155760419871965317e-01 1.376924240280757994e-01 4.736147129171294767e-01 2.752941869705160822e-03 9.218405382814913729e-01 5.337959542312068484e-01 8.455907339814657808e-01 2.146798765276285714e-01 3.532994023657911598e-01 3.627727888303389214e-01 9.088807973080816893e-01 2.804788845225503202e-01 2.560000000000000000e+02 -5.271999999999999886e+01
4.568320962797169787e-02 3.051490326569460398e-01 5.339207433116736068e-01 4.231786628204712297e-01 3.714424855602773690e-01 9.655201246498605616e-02 4.539878766960424583e-01 2.543758490909631687e-01 6.154476124719353569e-01 1.424411261214202085e-01 6.197530597665543706e-01 7.428262150917537276e-01 4.766836470389648750e-01 6.195256419179864249e-01 4.627334587545043343e-01 5.718989194723496094e-01 3.964998813585250415e-01 5.528711660013653217e-01 5.634784228254976490e-01 4.273416344066880979e-01 7.323745718622118317e-02 4.824091070515960089e-01 4.993602555629323425e-01 2.859860885000230502e-01 4.088670828404711299e-01 9.259741498757690925e-01 7.381239520014564182e-01 6.623379503475317065e-02 7.603829072103838183e-01 2.873061297674525325e-02 2.757631347469570726e-01 1.188422140819004528e-04 2.560000000000000000e+02 -5.229500000000000171e+01
1.108854236274403327e-01 8.020463280741055856e-01 3.987387679831667919e-02 5.306552448452588333e-01 1.690724823389042342e-01 1.941550058918840027e-01 6.672020152448396857e-01 5.216592544487079763e-01 7.591107242447833192e-01 4.701420981503642293e-01 8.558172067278746464e-01 3.988685335673073165e-03 8.255225304816352638e-01 7.105970043087763699e-01 7.313327842842698434e-01 3.810121596785737697e-01 1.323896065783160547e-01 6.729775322224155198e-01 5.405281456289311171e-02 1.623242265092037506e-01 7.214112177737848075e-01 4.077397317211129413e-01 7.292913618565513012e-01 5.797639820810640554e-01 2.700521845119230879e-01 1.148560871945959599e-01 9.880947779061752811e-01 7.587113989583544882e-01 7.769569427951709961e-02 9.678333997555792212e-02 8.260722142603905693e-01 6.752998455245114995e-01 2.560000000000000000e+02 -5.011999999999999744e+01
8.151219187652072318e-01 5.274273354498268951e-01 8.840089696714226175e-02 8.657577437215348004e-01 8.170489235953045659e-01 1.728997785095600093e-01 8.597376763527200816e-02 2.227300921166591452e-01 8.770181975038766620e-01 5.465238987703550100e-01 5.750227085209668187e-01 9.094837738667342908e-01 1.317190519742365007e-01 5.852766026733757787e-01 2.273624426507550311e-01 8.574141533763554035e-01 3.579277984943725344e-02 1.121044504710683731e-01 1.415271499575850023e-01 1.892827670307735410e-01 5.473626484477503995e-01 5.062048559307512630e-01 4.101598708152049411e-01 7.753632141739409400e-01 6.988066588893979691e-01 9.457684285631901000e-01 1.290091396514009836e-01 7.810694209659609921e-01 3.940694282110827062e-01 7.597551167281091367e-01 5.816296164502789967e-01 3.923331183724804161e-01 2.560000000000000000e+02 -4.998999999999999488e+01
4.591050636143128583e-01 5.092325236331918248e-01 2.282640202322910594e-01 3.966194208457708981e-01 2.589161625682150358e-01 7.217058786508895318e-01 3.099935391692509312e-01 7.753290855763482758e-01 8.911990174349365690e-01 9.267562749265941813e-01 2.555462952511708408e-01 2.562844118703131446e-01 5.775162499642306768e-01 1.235339311124037526e-01 5.381723576332992920e-01 4.190223334924312315e-01 6.097029087312884066e-01 5.776646672445280295e-01 6.041922216319318695e-01 9.509836399139581786e-01 9.180689862103373899e-01 2.561528899969537365e-01 9.149555899959692373e-02 7.996492890330827441e-01 8.595276342541346981e-01 4.840785281536730822e-01 8.927046735326263915e-01 4.184644965511836179e-01 6.290910135439186091e-01 9.596623114712965474e-01 6.257867655703974741e-01 2.529713565020850208e-01 2.560000000000000000e+02 -5.112999999999999545e+01
5.274725378998119663e-01 7.616191857332329507e-01 2.028930162805723039e-02 2.986216385642636029e-01 7.802308647389010199e-01 2.613616069631805594e-01 3.851069579679903820e-01 5.290700983746573494e-01 1.994192987413544449e-01 7.632663812098308131e-01 8.117577287078682202e-01 8.245061376707836232e-01 6.165929718821653305e-01 3.908627545894065580e-01 1.659677523103299801e-01 3.038322632877170082e-01 9.485023691514835043e-02 2.027045215056932914e-01 8.158104423667598137e-01 5.788345350510143428e-01 9.007850183584172887e-01 3.862613233700117887e-01 8.695581238052343398e-01 5.040644540904849064e-02 4.449657619143447262e-01 1.501247579319612557e-01 3.479795007906889004e-01 7.461404974431096182e-01 8.220068722558889762e-01 2.312390010547759056e-01 7.283603697319512849e-01 4.429342594563137614e-01 2.560000000000000000e+02 -5.187500000000000000e+01
4.189622429399909587e-01 5.950156963764934304e-01 1.956232302657928135e-01 1.853508726728327061e-01 9.162194628558604226e-01 2.263358456959838894e-01 8.204072675851288299e-01 8.261320159691749598e-01 6.821706395524205213e-01 7.828700774298109899e-02 9.600408382523322182e-01 6.489578564513183434e-02 2.798285906948690394e-01 8.652596931720982765e-01 3.675755883992327666e-01 5.204239890893941345e-01 2.537738530991504038e-01 3.513587865211981742e-01 7.218897498517069522e-01 4.409262662328875676e-02 9.330890670613490867e-01 2.219636035033515642e-01 7.713446902778234859e-01 1.367199463379012159e-01 6.481300749357711277e-01 2.575097959158744176e-01 2.011896183999300480e-01 8.886939677521368264e-01 2.583794238057737780e-02 2.016263838163233624e-01 1.883998382452828080e-01 9.324144558164088048e-01 2.560000000000000000e+02 -5.041499999999999915e+01
2.033493168497021164e-01 1.367772968492924901e-01 9.902300033160561510e-01 6.738876016602842745e-01 7.087632017192855294e-01 8.820884372451068822e-01 6.242389430282072604e-01 6.635305267853646161e-01 7.380303866130255575e-01 9.009088951725299221e-01 4.187495933504810641e-01 6.806371369888423173e-01 2.560283819722687926e-01 8.841305054449712930e-01 1.230247788887201960e-01 8.379043239914788499e-01 8.296593187569387684e-01 1.240397769920554144e-01 2.914893502972550898e-01 8.297078784287866826e-01 4.708988843131450830e-01 7.996655863084349836e-01 1.176228535993644603e-01 3.091734393095438294e-01 8.019850339046413756e-01 5.649196821878920555e-02 5.339703560304148722e-01 8.105742130606993223e-01 6.601958738374823499e-01 1.871738025522666216e-01 9.592122367777622394e-01 3.641368397159855386e-01 2.560000000000000000e+02 -5.163500000000000512e+01
4.437627262071762724e-01 1.774492498955551334e-01 6.459583429651035713e-01 6.309325319217399253e-01 4.375849279407079684e-01 4.378458333550104831e-01 9.387857175666242115e-01 1.093355197674352186e-01 8.536561434506964030e-01 5.367740063725827682e-01 6.334623706049895553e-01 8.611030000512015503e-01 8.230705444912143065e-01 4.820058703547920598e-02 6.844843189058332777e-01 3.575942349237061068e-03 8.612525724174530106e-01 2.841471215750552282e-01 6.768812800021503095e-01 3.942892585971513042e-01 9.701184254551863395e-01 3.561080283285736336e-01 4.279282931725567063e-02 1.226759771329126725e-01 1.759817769119534081e-01 9.939394156483850606e-01 4.902954384922211251e-01 7.256460920961930183e-01 6.920537742827067573e-01 5.683037754334501201e-01 6.352892578596985862e-01 4.368146075533703709e-01 2.560000000000000000e+02 -5.120499999999999829e+01
2.647319200621682245e-01 6.185398228603294912e-01 2.764628181481790237e-01 9.547906123593250527e-01 4.927554507243903648e-01 7.819693264566618396e-01 5.491820819040201807e-01 7.481353560480412390e-02 9.328702333780570788e-01 5.002658019989347782e-01 3.398625334119712571e-01 4.289634510804754552e-01 5.884857703758888947e-01 6.455670880648022303e-01 6.063019733275017975e-01 9.753243251113445922e-01 2.945245106637151555e-01 5.257567791022991210e-01 9.034835383028569922e-01 9.720860438609830734e-01 1.241691750899000107e-01 5.866164268400831938e-01 2.914473677770725302e-01 4.385575351392258514e-01 1.739005472919854245e-01 8.331456457407028504e-02 2.731258144668745058e-01 9.970005501951479943e-01 8.795403549215820016e-01 4.206310447895825755e-01 1.299919703613315325e-01 5.843073471038912059e-01 2.560000000000000000e+02 -5.134000000000000341e+01
6.787634745238242395e-01 3.234259555056481772e-01 4.085139107148107879e-03 3.787128463808961138e-03 9.442298795054534510e-01 3.205609801659321523e-01 3.348712946042977645e-01 6.299352210309131506e-01 3.623596279068643788e-01 8.793182874708233010e-01 8.732252419850938807e-01 6.457914958855939247e-01 1.945123391905969057e-01 2.333790000019746735e-01 8.706667030031640664e-01 4.922472339020687038e-01 5.818183464855872788e-01 4.637706339447522086e-01 4.418323939684516977e-01 6.036538245257567770e-01 3.583152603648198653e-01 2.404226183586348764e-01 4.279567606169879523e-01 8.242597660536568061e-01 3.379184323630031184e-01 5.648309529363804149e-01 6.810044694839416657e-01 9.069772147783835559e-01 4.171804937470733332e-01 7.187724014706049491e-01 3.273568776219242804e-01 5.188046620285310384e-01 2.560000000000000000e+02 -5.067499999999999716e+01
1.264336078774823402e-01 4.771470828356803584e-01 8.846643645840808201e-01 6.610541140999019738e-02 3.904075622563727976e-01 1.627702681745387195e-02 6.006311782398275900e-01 5.033860875402702550e-01 2.800096184941274500e-04 7.143679900271692196e-01 9.992536689226688695e-02 5.811497851014915117e-01 9.076716538263897016e-01 6.509288796237969743e-01 1.048911241285429841e-01 7.372525635569072699e-01 3.010199153331373223e-01 8.054414850335102349e-02 7.398753363291792340e-01 9.315200952535667156e-01 2.129394084907438034e-01 7.334001316944228632e-01 4.906745770617608748e-01 2.026954607600787439e-01 1.407141795013921726e-01 9.566070180993804239e-01 6.593775516880578946e-01 9.863769892476476064e-02 3.226726339601919125e-01 8.618134244780509823e-01 6.694592960664800252e-01 8.243144920233949069e-01 2.560000000000000000e+02 -5.325500000000000256e+01
7.299929245612041262e-01 8.589274683513994368e-01 7.131475235226892861e-01 7.872909723193435294e-01 4.538258909775414462e-01 7.420616327307834048e-01 1.176283766714723983e-01 7.666608554665192976e-01 7.963804484690204522e-01 5.182793470380585577e-01 1.716294154997294319e-01 1.904264239544951054e-01 5.078441854007085254e-01 3.164448190039126363e-01 4.299321385810017104e-01 2.623271914598369545e-02 1.137290134549213821e-01 7.416955806179367228e-01 8.426680491703343323e-01 7.500141176909516094e-01 8.244373062666401353e-01 5.695934182792948830e-01 5.126691389332018942e-03 5.538315199865220251e-01 3.990320977278534742e-01 7.626843017135810365e-01 1.623852509330939720e-01 4.482081314345378042e-01 4.216199503857900877e-01 3.754611869163148596e-01 6.576131149185083791e-01 5.110274096484745954e-02 2.560000000000000000e+02 -5.153999999999999915e+01
7.974036861647653129e-01 2.088943351341312760e-01 3.672157936894929753e-01 3.836291951941803863e-02 1.991187096741315471e-02 2.719852843016020705e-01 9.252374668904957966e-01 8.203134321550162866e-01 3.999693773897597393e-02 7.366878468475536179e-01 9.363259498184026697e-01 3.254680946219351001e-01 2.820030025341288549e-01 9.165912160998095359e-01 5.547582588204521548e-01 4.118633484972956255e-02 5.767843192721168188e-01 8.058967910859330397e-01 3.933269471763822106e-02 4.103468205285062398e-01 6.783616687458818850e-01 9.527799059218785560e-01 3.880545001249601222e-01 4.175409305491766809e-01 3.597425712892839966e-01 5.595502463285514372e-01 9.597359354782267760e-01 1.706606034036823871e-01 4.640126910889033618e-01 6.522266451141995880e-01 5.427103819643114280e-01 1.874692952120950995e-01 2.560000000000000000e+02 -4.927499999999999858e+01
9.631600605217974786e-01 5.775245184194551795e-01 5.542202998801660785e-01 3.288752146376044405e-01 8.269858628019233215e-01 7.108104566023538684e-01 4.741490552555317761e-02 2.016064943269225695e-01 4.507296422056150109e-01 3.719172239656190482e-01 8.941098881043634261e-01 4.979397244398152678e-01 9.996268829186405469e-01 5.365357993096251388e-01 9.207189083974459676e-01 6.120338637524895820e-01 6.878154892080495797e-01 9.745881899606989585e-02 7.404384454238603641e-02 5.389426122281187892e-01 6.933714399753838631e-01 3.258562511715824839e-02 9.707809027690599279e-01 8.393959662740377858e-01 6.040572968590225411e-01 5.850281062468187798e-01 6.242023380668951793e-01 2.057310425514385574e-02 7.370018373790987454e-01 4.251940481798132110e-01 5.235106407158460762e-01 2.079328121444190547e-01 2.560000000000000000e+02 -5.103999999999999915e+01
3.087034056579238822e-02 2.872877560090278740e-02 8.653284191029075867e-01 5.101779257322749395e-01 9.714207587089285223e-01 7.544634620786730972e-01 1.618899683982257809e-01 9.782091504985472585e-02 5.083786472892806163e-01 8.614113313099289737e-01 2.679388875091015532e-01 2.072390011326689097e-01 9.265875924206051772e-01 7.823679907658038779e-01 3.982009472825043250e-01 1.673217999264210998e-01 9.867401361317509334e-01 6.952082185244291557e-01 1.880341626258696663e-01 5.942563621059696599e-01 5.696286996053845364e-01 6.617476681906518943e-01 5.240573447526793993e-01 3.039831808173886277e-02 6.283174260201278560e-01 8.651321221814183282e-01 8.163472485540137491e-01 7.153570007378906581e-01 9.303968070945785040e-01 7.310350721521610695e-02 4.641959863672019959e-01 7.757245831001920999e-01 2.560000000000000000e+02 -5.046500000000000341e+01
4.764503527984788600e-01 9.434625684076954899e-01 9.510567757770663766e-01 8.844578570197746403e-01 6.126021285304638075e-01 1.916381728693959952e-01 2.499167786318880480e-01 4.156577309560869904e-01 2.831685774052919435e-01 4.440165501352817401e-01 1.405470425991337934e-03 3.412915467332881536e-01 1.412184016351026583e-01 1.927290415515472977e-01 5.142436297848173021e-01 1.340750370422004178e-01 3.599476987385586968e-01 5.342156652031638808e-01 4.798248956649088237e-01 8.497281605670334304e-02 3.421430159577896202e-01 4.026114737921336617e-02 5.408771832531377166e-01 1.568282877060238889e-01 7.223675896523726880e-01 1.873145900980404677e-01 9.431522033800144866e-01 5.039273549098505223e-01 7.204968374209314019e-01 3.923281327188873346e-01 7.731374731434627057e-01 2.842585016229235984e-01 2.560000000000000000e+02 -5.070499999999999829e+01
1.426222035981760672e-01 9.107293232955424589e-01 8.575162235967076496e-02 1.420913427527480122e-01 4.084803527691068803e-01 2.146784028498989472e-02 5.872077383095184455e-01 2.407953273527357607e-01 3.957333458492031664e-01 7.375699114425514624e-01 4.588824055956782222e-01 9.761929492998767666e-01 1.840380727689879814e-01 5.919749100153690741e-02 7.869390922084354423e-02 8.706526442451748560e-01 8.496897922317011576e-01 9.371174017201279183e-01 5.012703536480948019e-01 6.648703629328114317e-01 4.445124258623669444e-01 8.272181602681668577e-01 2.425817592395371203e-01 6.731297749681988130e-01 4.577664489410222803e-02 2.369853330121043655e-01 2.519708584930979711e-01 6.452530787344635810e-01 6.432971911549746347e-01 8.849664156338398202e-01 3.553868716777011660e-01 5.740023974028722886e-01 2.560000000000000000e+02 -5.173000000000000398e+01
7.117445925068711654e-01 7.149799319906910977e-01 6.260389977439805298e-01 9.058725571253682940e-01 5.707586153596052592e-01 6.484032665740800949e-01 4.147940200372667863e-01 6.003708090118342611e-01 6.612586554982764486e-01 4.062959552844211952e-01 1.171564640087661147e-01 6.188608050814712325e-01 3.538111109283441635e-01 4.775801416112860354e-01 2.988370410780637476e-01 2.155483107435836043e-01 6.686816511856124023e-01 9.965090809786660841e-01 6.491606659503577070e-01 8.090583029287906625e-01 5.019131553246904132e-02 9.912688572000777354e-01 9.183224254166925116e-01 9.702240401605439768e-01 2.269755248598592789e-01 8.497518616628524368e-01 9.225486635475894648e-01 2.973816788069763573e-01 5.891145832907237478e-01 6.353312823807475418e-01 5.643203467248755212e-01 2.984884254241708668e-01 2.560000000000000000e+02 -5.130500000000000682e+01
9.770489158995802059e-01 8.940976327494291054e-01 8.302307100645134330e-01 6.033580370372655377e-01 1.552839872778448982e-01 5.323796114399413915e-01 2.885496731632908873e-01 1.676254457099307649e-01 1.523954496584773999e-01 6.732805487773806385e-01 8.361741393347881246e-01 8.595457367141427774e-02 8.628097404122830882e-01 8.655729450573447503e-02 5.436530958484501325e-02 5.392329768179170424e-01 9.693684029101568012e-01 6.555320560837513133e-01 6.480774469431971330e-01 2.816466113710127880e-02 3.750015739436312057e-01 6.871889250059226573e-01 7.859821388458447800e-01 5.103240164121516376e-01 2.392560901474725388e-01 7.235406693152115487e-01 3.324457829373105022e-02 1.060052670255479286e-02 1.079364957860068502e-01 1.311635402501095393e-01 1.620340839570994507e-01 4.908909884112294675e-01 2.560000000000000000e+02 -5.146000000000000085e+01
3.837932107409603999e-01 6.119278119345711309e-01 7.239702591572738655e-01 9.146525176009558944e-01 3.219124712878402295e-01 4.806717823642708137e-02 5.715194209005685089e-01 6.452221310819968858e-01 9.158383587021239336e-01 1.144077582024434769e-01 3.512818897725495382e-01 8.348588263943360621e-01 9.579236282644157940e-01 4.394150637589990804e-01 4.783566160685974178e-01 2.590493746612161918e-01 6.216841439222273724e-01 3.828297171423311052e-01 2.215915744585487401e-01 8.717210232599112985e-01 1.037794630038823690e-01 6.286117407733864404e-01 6.729947799184347046e-01 6.903107287334628861e-01 5.680794590065744165e-01 3.232757149664905461e-02 5.488430509012334202e-01 2.778401755211324931e-01 8.055966039001574153e-01 7.765122365678134297e-01 2.855164506907566513e-01 3.461441302545235077e-01 2.560000000000000000e+02 -5.238500000000000512e+01
5.142135713917879158e-01 9.770104640388650452e-01 1.670243871289153192e-01 5.952987943667192861e-01 7.964628142909122577e-01 1.531906825031855990e-01 7.460529775068489577e-01 9.481684913392105507e-01 1.870201404365442466e-01 2.991864031091354126e-01 9.123961670985805128e-01 3.797803998196378483e-01 2.995677632054147832e-01 5.700135025472022887e-01 5.724688850986507302e-03 1.452444319175493770e-01 7.882317441982142903e-01 1.794464054228040450e-01 9.241493495226799082e-01 9.994490463771545929e-01 4.148217225649831197e-01 6.484331536489440495e-01 9.390271921779380637e-01 8.530397482573065515e-01 9.657504682113330352e-01 6.543399555486469898e-01 2.131410762511257717e-01 9.476316292083297732e-01 8.453633327891511007e-01 9.124815977977784875e-01 2.095268241078662719e-01 9.136710016916439747e-02 2.560000000000000000e+02 -5.117999999999999972e+01
3.649443698758988996e-01 6.742043151886965013e-01 3.404224477438220209e-01 2.477492572910472424e-01 2.049104399421507461e-01 3.069885145215719424e-01 8.466076651821133892e-01 5.672200276021431842e-01 6.377452508144583476e-02 5.731763578380419943e-01 6.218743773052571450e-02 6.557175082269351973e-01 9.774302336709114192e-01 9.753513975154975979e-01 4.567288424712964007e-02 8.130992092749524114e-02 7.493089750192242215e-01 2.810087146382263257e-03 7.996612184136369095e-01 2.380631507163388783e-01 2.930978853182891752e-01 4.570834110861907162e-01 5.639897147865080562e-01 5.411751724952723608e-01 1.074801477029335289e-01 4.479574492341997088e-02 7.865998854174426347e-01 3.173674127395060829e-01 9.690907182598853531e-01 2.541980178032742788e-01 2.358378505953686588e-01 7.702038282574875661e-01 2.560000000000000000e+02 -5.246500000000000341e+01
8.571298068153134775e-01 8.180239372560502709e-01 3.026510040765870158e-01 2.847456015807514618e-01 7.632322080600985048e-01 1.106262682221928195e-01 4.284616429193034426e-01 9.289509409446305988e-01 8.288980075593638253e-01 3.207367226951490236e-01 7.655425375603560623e-01 7.151647518321699870e-01 1.792654339817563447e-02 7.307559132735514940e-01 9.006930459704124425e-01 5.918194297773385903e-01 4.448956950970360813e-01 8.768977138034098617e-01 6.302778774947175311e-01 6.345170804497333172e-01 9.482162281705919238e-01 9.588641541002333735e-02 3.822391529938151677e-01 2.199219436136300998e-01 5.417861041405879208e-01 7.189857065948934700e-01 1.420649524870394309e-01 2.055534216579595341e-01 8.651475387009047724e-01 8.279461073056290088e-01 4.094335501313317582e-01 4.679153694355684401e-01 2.560000000000000000e+02 -5.071500000000000341e+01
6.963538405222606809e-01 5.117881812978071487e-02 3.730969464825299453e-01 7.396338046720719595e-01 7.207610170492794177e-01 6.768541738812886566e-01 9.846819739197474330e-01 4.407886414489996518e-01 7.732333892713098011e-01 2.821697361030753859e-01 2.893132823570122580e-01 4.812862663995464141e-01 6.568783825658701669e-01 9.582797285768708262e-01 9.831301082128168778e-01 3.499689373222513722e-01 6.506026181803753472e-02 4.213292579820231420e-01 1.222474330011736887e-01 1.369255564988660356e-01 1.800653636061397556e-01 5.563225597982903725e-01 7.157271668639443307e-01 7.605623618508902672e-02 8.201745871123128362e-02 8.393210116277776134e-01 6.032027328536609251e-02 1.069005559088493096e-01 4.746914772657855330e-01 6.721319182769343037e-01 5.580442839746075911e-01 6.220823340639876076e-01 2.560000000000000000e+02 -4.989000000000000057e+01
3.255562885427667474e-01 4.154615020174291518e-01 5.957076520969161182e-01 4.674654221402828602e-01 5.238913940186945561e-01 6.662671997724483042e-01 1.408044393770706559e-01 8.421569842386836813e-01 4.711590027408616987e-01 1.666701158186531251e-01 7.065561927880514848e-01 7.313323801513430533e-01 9.403011103883729405e-01 7.411117999791735356e-01 8.441327705303247608e-01 2.697034556951178330e-01 4.092371080498345970e-01 3.262235778753037191e-02 7.100989585813719529e-01 1.518245908925990872e-01 4.303321258295966234e-01 7.853371275069168655e-01 2.680141958163050411e-02 2.766724818941277975e-01 9.602918822858904635e-01 4.086509894079771721e-01 1.911319731661690335e-01 2.578966430275638211e-01 8.359466213542094959e-01 8.570842347580684972e-01 2.251114282908140141e-01 1.143004675059749592e-01 2.560000000000000000e+02 -5.162500000000000000e+01
2.898169631252180412e-01 4.557299707576763503e-01 1.877094245903198622e-01 6.564236891717676325e-01 2.127824380849057673e-01 8.674712166928008061e-01 3.516020656518508702e-01 1.574576248882203489e-01 9.565478408325470694e-01 9.757131382873546199e-01 1.254485035278584126e-01 8.789468338299470940e-01 9.703641767638704341e-02 9.052744471140181659e-01 4.100811441571897698e-01 4.719766887188499016e-01 8.061740471702908417e-01 1.598780476097463321e-01 7.769206407844293505e-01 6.798688981950661292e-01 2.001083663616723685e-01 9.114287617059931845e-01 9.053559167874420943e-01 6.385383812205540632e-01 7.772790491510008781e-01 2.177024058544693164e-01 3.132157216926413912e-01 6.678927106531776792e-01 9.120932972046870424e-02 7.513477618625128418e-01 7.501939079077114547e-01 4.927720367351126063e-01 2.560000000000000000e+02 -5.061499999999999488e+01
2.433128654822614700e-01 1.613572959859432276e-01 7.385003418018025734e-01 3.757697318122791841e-01 2.813799751443606390e-01 4.186762791465121758e-01 2.443775298843667981e-02 3.122466845906058941e-01 5.157554920191022019e-01 2.658431714223401521e-01 9.995851130677085861e-01 4.418222714678428642e-01 4.466435517965173241e-01 6.760108410132015244e-01 1.570655775813974420e-01 1.872295043900369105e-01 5.302494792408581903e-01 7.699424837543551448e-01 9.993369430425915745e-01 3.668919420497809836e-01 2.372527699417436298e-01 5.329509538474809238e-01 6.480376006911093834e-01 9.867559081502325080e-01 8.287583468722762303e-01 3.310557269355941523e-01 3.882239914223497568e-01 5.523495750000572135e-01 7.189648413458219478e-01 8.174730243735159885e-01 9.366330592468573302e-02 5.346839207404562311e-01 2.560000000000000000e+02 -5.364999999999999858e+01
8.831449564362949811e-01 3.499899260358423914e-01 2.832159168948946704e-01 9.345159981836469454e-01 5.693625210524327906e-02 4.411694126899896595e-01 5.196027193407375400e-01 4.652622554495141061e-01 3.507599425483762801e-01 8.390450688605952667e-01 3.747653830389699459e-01 6.916943067838383641e-01 5.202471674109403477e-01 6.064952714159822511e-01 2.672132078377382203e-01 5.483970834290244900e-01 6.573851904572214355e-01 7.262660157683291651e-01 3.350703008479593015e-01 5.083311158775560834e-01 5.726820428074429203e-02 3.188781629054713851e-01 6.854903583359930330e-01 9.895586621195470722e-02 2.907602274202523152e-01 6.733157110590466399e-01 7.989008863621765988e-01 3.597138748507809625e-02 2.585914724858157654e-01 3.154587174877666045e-01 3.392333683790855203e-01 8.432089246874369115e-01 2.560000000000000000e+02 -5.253000000000000114e+01
8.793892795290891851e-02 6.660692807521562120e-01 1.401642583449635437e-01 2.390041117522518077e-01 6.572252248919113748e-01 1.338165372513434037e-01 2.274701337743870733e-01 4.794280197319517600e-01 9.800568229436204537e-02 1.286151810707845400e-01 5.183502124052510179e-02 5.675265506986935105e-01 7.422270561835965230e-01 1.982990352446671600e-02 2.827847125126898842e-01 2.074762961517231108e-01 2.749155668272916242e-01 3.879502587720543572e-01 1.295404812495946079e-01 8.577686050223096714e-01 7.994201299946059880e-01 6.719852342825071156e-01 1.672977511021868369e-01 9.331088666752345162e-01 2.550042852721407516e-01 4.964231455797962766e-01 1.094519677632152937e-01 3.440235219016247181e-01 5.218200890967273908e-01 4.501509775314359585e-01 7.116230049637336519e-01 9.824912874597524493e-01 2.560000000000000000e+02 -5.021500000000000341e+01
4.860923737723970087e-03 3.711873059278132381e-01 1.560699652274759874e-01 5.443488429947286322e-01 3.484424973443274176e-01 9.450115103360626767e-01 4.822517784556946685e-01 9.381946430434502382e-01 1.735364431222491122e-01 2.152442226594092622e-01 6.043929004755010936e-01 2.221356708224664356e-01 3.707371095280264650e-01 3.548509894680801358e-01 3.170932298222906009e-01 6.684412791084336225e-02 3.699531894627944850e-01 8.521155980605739089e-01 8.725883768529506535e-01 8.044082060734314421e-01 7.710864027989234870e-01 3.367316858016956016e-01 8.440200518569174193e-01 1.858182863473492596e-01 3.703920684406904473e-01 5.151608503314911713e-01 6.373848040491786326e-01 6.591411418060552085e-01 9.865030669237601080e-01 3.293455129886693755e-01 9.188532535015514480e-01 3.498149142599676215e-02 2.560000000000000000e+02 -5.084000000000000341e+01
1.866131312660327390e-01 1.022746525159715647e-01 8.963167492831899397e-01 4.936533570851387442e-01 9.908765875371191578e-01 4.992772895540517619e-01 8.246064861170663285e-01 8.946380128494464401e-01 6.941074119135320908e-01 6.509910461311870788e-01 2.122929041369267800e-01 1.355976561626370258e-01 2.330682584036159188e-01 2.869820777680843205e-01 3.404233566168281544e-01 6.413461399691304798e-01 3.112919061296924930e-02 4.084835295569987923e-01 6.923451720566475842e-01 1.721540252863323905e-02 6.023119857726739745e-01 6.109104015303429280e-01 6.248496422884830537e-01 5.059284602741381809e-01 9.120273983720098010e-02 2.934916834509036510e-01 4.160756245747820881e-01 2.428873237667177887e-01 9.564982005641764484e-01 5.052594219825211619e-01 5.885316614504444710e-02 9.743342477373380106e-01 2.560000000000000000e+02 -5.043500000000000227e+01
4.986548659511319537e-01 4.216461830256109100e-01 4.088538398802553653e-01 9.727167791802768804e-01 2.310870681925284442e-01 6.875863251920905084e-02 3.283128587575515622e-01 5.795016361814631090e-01 6.444243279576368222e-01 9.945472823030792053e-01 1.553824788319124461e-01 5.585556967426154040e-01 7.349066726253024040e-01 9.846706548755956856e-01 7.611064053323471912e-01 8.777732159247764177e-01 2.387483436651942348e-01 2.470978721097575326e-01 9.534555174963803975e-03 5.223528974384910040e-01 7.059062362661756573e-01 1.482773013697995246e-01 8.253265304252366263e-01 4.478521032970622096e-01 9.976949421034055909e-01 9.108601041812185439e-01 3.839383211839048626e-01 9.187791214124977346e-01 6.015854450088624628e-01 3.690972469991455479e-02 1.111148067478391205e-01 4.116329735590699146e-01 2.560000000000000000e+02 -5.086500000000000199e+01
9.328207206798069251e-01 3.983632143999884523e-01 7.598337586253975928e-01 4.548424504188546269e-01 1.328908035371182961e-01 3.895820694680035556e-01 8.064923593948807312e-01 6.879615323344836497e-01 2.325102614186061734e-01 8.431435720779033582e-01 7.209390272246655185e-01 1.039982488455781090e-01 4.374869510855326077e-02 8.561499874315098291e-01 6.342289059635138893e-01 3.513410659292451332e-01 5.029857863438711441e-01 7.834827704711265772e-01 5.834813881078568798e-01 6.425982367115046223e-02 2.799609224801076213e-01 6.794439825605698424e-02 1.481525593593761847e-01 7.658987738626810149e-01 1.008091318033584906e-02 7.739285674091903600e-01 3.323101729339706933e-01 5.753945391763897188e-01 1.798859481807259797e-01 4.605622186297387288e-01 2.515924069115623718e-01 5.496115840834083777e-01 2.560000000000000000e+02 -5.144500000000000028e+01
7.516064527458933275e-01 1.411763174098311924e-01 7.945187456630409262e-01 4.202880617089155835e-01 8.775013085342950880e-01 4.658361333209062316e-01 8.843473181128210792e-01 9.941961615479447678e-01 9.103904605921778748e-01 3.475800787208325193e-01 9.726069705110229613e-01 2.315847139941597244e-02 6.004707157735700296e-01 7.994970179794962384e-01 2.166072552878190241e-02 4.492691013475905160e-01 7.338598123592557920e-01 9.046654864132189777e-01 3.185786383847898917e-01 7.320358013281724752e-01 1.572761997792111455e-01 4.265513707995666204e-01 1.932466409448490297e-01 2.285552135135726637e-01 7.030969257609448464e-01 3.855947377961302380e-01 7.171942513673800201e-01 4.787629735213410620e-01 3.586893950787486962e-02 8.014427459639166251e-01 3.108366316556621101e-02 6.936910426007067976e-01 2.560000000000000000e+02 -5.157999999999999829e+01
8.961220308683212066e-01 2.302044814003543494e-01 7.808580961081638128e-01 3.452658675278143519e-01 5.340354991190082723e-01 8.159658425040658969e-01 1.976802800408440364e-01 4.531879003368753656e-02 2.163485724634383045e-01 1.627950606945870182e-02 4.372177807660037607e-01 3.917441423346899043e-01 7.003282401577265448e-01 3.813830214567753285e-01 6.681492841406392325e-01 9.218565758725216774e-02 3.200481827097864107e-01 8.922219307515777409e-01 4.624052310205601923e-01 2.712840521471709954e-01 9.982514824479792326e-01 3.031757514111845797e-01 2.473168577249583722e-01 9.613435743355365215e-01 6.124147282660637875e-02 1.587896386621512057e-01 4.531838119960899802e-01 3.922546243906592789e-01 2.817950378964546587e-01 1.154971058863612510e-01 8.421474737590822768e-01 5.397245467347077524e-02 2.560000000000000000e+02 -5.054000000000000625e+01
6.078625759861870648e-02 7.525096239911059914e-01 4.710874095423872587e-01 7.570220938308950265e-01 6.955947414423530040e-01 9.811214834302308674e-01 7.579505525594691928e-01 2.975873109820783013e-01 4.365819871494521776e-01 2.005462776167296901e-01 6.918115045636455962e-01 3.553189565219497803e-01 5.315024174860715211e-01 9.408839212156788756e-01 5.763535709672236163e-01 9.337941410122859720e-01 7.029854590836819295e-01 5.801488079550197741e-01 8.412076391938052566e-01 3.382745895594168606e-01 8.356603795532866474e-01 6.116062873872866665e-03 2.994966049694606780e-01 7.276712963176517057e-01 8.964834511484387480e-01 6.890929266856967716e-01 4.262445338495414737e-01 6.025229760086594499e-01 2.646316293661457597e-01 5.437583147952340656e-01 3.777026200441148118e-01 6.548104011532988045e-01 2.560000000000000000e+02 -5.201000000000000512e+01
6.635033417392857125e-01 9.638367405288954526e-01 4.418349306435170321e-01 2.647759689802522409e-01 5.929768067801586273e-01 6.875596648435533531e-01 1.780952614957660440e-01 8.689225833502585150e-01 3.234826217056174236e-01 6.302733303634114881e-01 3.989493537942201962e-01 2.984278239319030357e-01 6.472198513668105113e-02 1.201745486392082896e-01 1.197586846189480220e-01 7.882837231714321380e-01 1.453688492578810443e-01 6.916045618257669891e-02 5.344497158953691596e-01 7.618598749186834551e-01 1.116414913009862453e-01 9.686923642450271377e-01 2.242888866497967648e-01 7.486684013412454597e-01 8.651975984312857415e-01 3.930668508301938813e-01 4.719590170061112311e-02 3.840214684195071837e-01 5.440664453584046489e-01 1.552796391867468651e-01 8.912360898334583670e-01 2.176251622625682836e-01 2.560000000000000000e+02 -5.164499999999999602e+01
8.063208885134721948e-02 4.971502973814208026e-01 4.215728032098448042e-01 1.386310303890944395e-01 8.670503246085368154e-01 3.734754833795856377e-01 3.913515708748063759e-01 9.766797557663559060e-01 1.392570146995458502e-01 3.218142810038481655e-02 3.206465831697592472e-01 1.460800165668361683e-01 1.083837275990751081e-01 3.127886501755662296e-01 1.826720786003950270e-01 3.898226499710341075e-01 5.155384270936835822e-01 6.191985525843087812e-01 4.032196434214127545e-01 5.583387942119072411e-01 1.605010790662416420e-01 7.572346263130251831e-01 6.044295300682361177e-02 6.618745129942774641e-01 6.678479437755630022e-01 6.094510145435484867e-03 2.929482434297310811e-01 4.588923173672698197e-01 1.702602143496800557e-01 5.242273377946412571e-01 8.655717350928855414e-01 2.341245546421346913e-01 2.560000000000000000e+02 -5.102000000000000313e+01
4.251633582136700173e-01 5.471223195990178034e-01 5.964071435261403958e-02 9.978816681563322799e-01 8.431126422597166048e-01 6.071379659250832894e-01 8.599416196232185783e-01 7.120925902062232860e-01 7.153025866341174988e-01 3.683431541153699973e-01 5.091122149361664295e-01 5.386573217225846255e-01 6.316779904088828390e-01 1.749924282503850514e-01 8.013119992312076612e-01 3.215646470664447198e-01 5.518296281929691016e-01 4.990494778030216821e-02 2.758265959086782584e-02 3.792281827531998606e-01 3.325784435805860251e-01 8.154674788106470729e-01 8.065101439125029748e-01 6.294761495262527484e-01 3.267193848962834934e-01 2.065869916309487631e-01 9.680288692278150586e-01 4.341470587616515497e-01 5.616048316569866028e-01 9.847909782406653045e-01 4.848648908173932015e-01 7.897388730935053225e-01 2.560000000000000000e+02 -4.990999999999999659e+01
7.596499674414962655e-01 2.805344037415220537e-01 4.943260695950239536e-01 7.925761208773076660e-01 4.758776273572034032e-01 4.747770633085953706e-01 9.780268444679425244e-01 3.654520721828033447e-01 1.170197845392171726e-01 9.627520254048221870e-02 6.690660411572462163e-01 8.051548701475279568e-01 6.677278712863640164e-01 2.248732618211103929e-01 4.957690101910557368e-01 2.807433552267606380e-01 1.883716056206889309e-03 9.476435325708889579e-01 1.659196973842835543e-01 4.829540568517798338e-01 5.272631038496843336e-01 8.808085963830973864e-01 1.350746608836233820e-01 8.711068600380428295e-01 4.245314718979091295e-01 4.609874193646236740e-01 7.713037202028946160e-01 3.010919278652083309e-01 1.310738539059986829e-01 9.804324893087488224e-01 7.676297167267954746e-01 9.075683847663520432e-01 2.560000000000000000e+02 -5.039999999999999858e+01
9.183229704906008539e-01 7.727186595364037291e-01 8.179792738972126998e-01 8.545304724706368482e-01 5.597576013884146828e-01 9.529929176611913189e-01 6.058829377173595432e-02 8.042472632140685862e-01 8.690199334372787632e-02 8.208962205907373022e-01 7.408792754915602963e-01 2.857439904754530691e-01 7.959128474803813802e-01 9.994241121590451138e-02 8.157691148620368482e-01 8.141990358839279462e-01 4.628403437263973741e-01 1.508187988013335867e-01 5.251558543647680821e-01 4.640064976496234839e-01 6.270062786546801714e-01 3.688930115020512268e-01 7.374581210174155355e-02 9.278451294506890878e-01 1.944842395788733969e-01 4.349665325065959487e-01 7.706733343757454779e-02 5.147408614841522123e-01 5.026469662378942882e-01 9.104947093952305837e-01 9.750530572823769004e-01 3.309530925948303004e-01 2.560000000000000000e+02 -5.103999999999999915e+01
3.144650162694963558e-01 8.418219335075720344e-02 2.606406219227276888e-01 3.645659846487200317e-01 3.536439956789932948e-01 8.391076892428716016e-01 5.045387879412417398e-01 4.213407522346939160e-01 4.761885573276997130e-01 6.105781610769737133e-01 1.867817405336510417e-01 6.060727190711906465e-01 4.110832304929319947e-01 5.470270954327235424e-01 7.834061091657259501e-01 7.610525542944810429e-01 1.605604854386858682e-01 9.233884731440219484e-01 8.870091613516152274e-01 3.121338142729187526e-01 8.748306940127319464e-01 8.730214087950955992e-01 9.533644235137108680e-01 9.078749030852608648e-01 5.146085893920703258e-01 3.647263495397309319e-01 8.280757748194433887e-01 7.599075277471283030e-02 4.408032669660422176e-01 5.840238134650489465e-01 3.869691349031748606e-01 1.435303427110387053e-01 2.560000000000000000e+02 -5.234000000000000341e+01
5.909836149829276186e-01 3.618177060220495456e-01 3.198291847607871441e-01 4.822509905285146670e-01 4.566450321675464830e-01 9.226418013348922642e-01 9.073418300015427818e-01 3.379557872451071643e-01 5.992389778499368491e-01 7.876310029565646298e-01 5.056080335367977296e-01 8.560607020833607139e-01 8.261758047964515295e-02 7.596990452504585045e-01 7.073082336913797397e-01 9.608630575330222579e-01 8.118481415966382064e-01 4.738626388231341746e-01 9.433514719803121062e-01 1.951469102429681246e-01 7.863996500856570426e-01 1.075427592607564597e-01 8.797377044749834507e-01 4.756383108817752725e-01 4.670876193959904166e-01 9.812130155055717173e-01 8.301832066625299336e-03 9.318560245868279246e-01 3.092898456762034898e-01 3.497724979566645964e-01 4.965455208103157492e-02 3.707413933805610018e-01 2.560000000000000000e+02 -5.073000000000000398e+01
3.910851199314018811e-01 9.936428898178026881e-01 1.170370898056991293e-01 7.001969954744824420e-01 8.156463078232940866e-02 8.321974005742702185e-02 6.910646259381834078e-01 6.820413259166936415e-01 3.776346852080128547e-01 6.949286831253879138e-01 2.621905186458337034e-02 2.799992064491237387e-01 7.599103663265459607e-01 1.992782779973097662e-01 2.602410516684935948e-01 7.309905422133948782e-01 8.812687072917722020e-01 2.704704984548635394e-01 2.461483652851317039e-01 6.251683495580889760e-01 5.904155054203580333e-01 9.187695911121003256e-01 6.518794441371543735e-01 4.663946374583100574e-01 7.476502542740357526e-01 6.400229721075951783e-01 2.294180973279871527e-01 5.957977024610289218e-01 8.988549137392313204e-01 1.126800205594691816e-02 8.645789529844306875e-02 1.738497013200680508e-01 2.560000000000000000e+02 -5.208500000000000085e+01
6.444606114147723996e-01 8.252276231479276358e-01 9.317562006927690987e-01 8.165031048724490370e-01 1.922405642856993557e-01 5.660866119709030420e-01 4.662733299308450263e-01 5.948801731302798962e-02 3.015187036541535082e-01 4.019314253876717369e-01 2.441967302956957742e-01 4.677431112921191514e-01 7.749897018790491421e-01 4.946037295215932605e-01 9.655389738014822365e-01 9.084229969086196066e-01 6.329948479684626150e-01 8.118869735238135599e-01 3.767587741130327128e-01 6.851253297567183598e-01 4.961704109771364890e-01 2.004570868721098353e-01 3.543056523783481571e-01 3.639298092036022947e-01 9.349536396061511878e-01 8.780692237159583302e-02 6.041980558260755529e-01 5.386563677680620277e-01 2.342800518404263566e-01 7.216307051158203922e-01 9.845926005047220819e-01 9.491724382393209591e-01 2.560000000000000000e+02 -5.125000000000000000e+01
7.814303187906860293e-01 9.123134707315884162e-01 4.801399798270795105e-01 8.304488520320372213e-01 4.899496899165673575e-02 6.299674330952210743e-01 9.557396939177412731e-01 5.584329297899416344e-01 4.076835843296526818e-01 1.905312909503282803e-01 8.203703588430702465e-02 1.186903781047832923e-01 4.264259073883564510e-01 4.102232172175616642e-01 9.566805446445343364e-01 6.792367572873215797e-01 3.455481885242452922e-01 6.352719073327501853e-01 3.052724073635417756e-01 9.245928775784175713e-01 6.605636747324783453e-01 8.563395670543201277e-01 8.194162339392280225e-01 3.984461284721172447e-01 6.574753186914359393e-01 2.666015276687643265e-01 5.095811861990767744e-01 7.935020784388442383e-01 3.780604902388839950e-01 2.255750236547296728e-01 4.947395223794814889e-01 6.134378294744075033e-01 2.560000000000000000e+02 -5.050499999999999545e+01
9.996316778723961516e-01 2.220135170441421002e-01 9.185855743450327404e-01 1.118182405015782643e-01 9.545066100126888831e-01 9.957684054169134713e-01 5.310761929535841031e-01 3.298176369188105528e-01 5.871864727009384888e-01 4.237255803849134250e-01 3.102502060238651049e-01 1.683455569586083944e-01 3.434974320608892295e-01 2.478635234272044408e-01 2.430949037909375665e-01 1.208063185036090115e-01 9.591833817723676159e-01 7.081436645382716000e-01 7.555951328071331963e-01 2.925766907196110100e-01 2.662966279305159500e-02 5.183666535503653749e-01 6.051885282734184024e-01 5.751313088049839761e-01 3.133657085460457292e-01 7.483908196233328702e-01 5.061372031373921887e-01 8.707504805980058604e-01 5.357084230539607139e-01 6.262581103503344071e-01 6.136566513682538693e-01 1.375186306607627806e-01 2.560000000000000000e+02 -5.094500000000000028e+01
1.684790698198213033e-01 2.951779322290873364e-01 6.779006441363465418e-01 6.468619392854433325e-01 1.123383422165388501e-01 9.011937468961636055e-01 8.792768767035419319e-02 7.295725585579553307e-01 5.489717635077120406e-01 2.453347491654359058e-01 7.759381131292240052e-01 5.215485406010523795e-01 5.462522713686184250e-01 8.412782623647587776e-01 9.467259739470926805e-01 4.299973102264427194e-01 9.462176861065321187e-01 2.120211188045501016e-01 4.252368869106189497e-01 1.217702458450081737e-01 2.529338371240369421e-01 1.595293297014397371e-01 4.392972723302308036e-01 8.777452382728317959e-01 7.620974514171690029e-01 1.388011068668683345e-01 8.701743066367004786e-01 7.016402742541506532e-01 1.503343149595549877e-01 2.661762476849339754e-01 4.418004804802738161e-01 7.365949306845879230e-01 2.560000000000000000e+02 -5.198999999999999488e+01
5.677625972885947947e-01 7.353832164176413722e-01 5.988990433904094468e-01 1.582714267986808920e-01 3.131376524664316596e-01 2.833475363001349279e-01 4.344354559348295036e-03 7.526456138222545889e-01 2.694304925173847676e-01 4.886613911692826440e-01 4.867787862713617297e-01 9.836237515479444582e-01 7.037005799512002779e-01 5.109940149228301420e-01 3.717872853682275269e-01 4.830318996813230403e-01 7.571313604739302594e-01 5.010540522055532131e-01 5.486996051983915601e-01 2.464980063547696221e-01 8.524613144381729679e-01 4.443153125267043091e-01 5.469906070611763038e-01 6.081644329543355321e-01 5.474790876861740374e-01 6.178423097483787263e-01 9.178262355488657487e-02 1.870405172709423969e-01 9.237465332262767559e-01 6.886848190786296620e-01 6.887630203109217364e-01 7.499638171900662176e-01 2.560000000000000000e+02 -5.247500000000000142e+01
8.319846719651768918e-01 4.680017184523905249e-01 8.492600890457553398e-01 7.582752932829818493e-02 6.390215621299832893e-01 5.222803194440188701e-01 7.155147075476459007e-01 3.977983832151080756e-01 2.582193795244991930e-01 4.523485314831587195e-02 7.961593478615153208e-01 7.567786017015241118e-01 7.413629876896662627e-03 1.624100701629655266e-02 1.954613042902570430e-01 6.956294588012926772e-01 4.745237933628618232e-01 3.224526822343527499e-01 2.447908235422775469e-01 2.267236740502622805e-01 3.048201221931697291e-01 2.948409861449903802e-01 2.659376673546333114e-01 3.408644362775855585e-01 4.870538756795760871e-01 8.150774489132014411e-01 4.667860431355833062e-01 1.522930164647868234e-01 1.941850757592041843e-01 9.436389109777787443e-01 8.187311601441391584e-01 7.160963453148753155e-01 2.560000000000000000e+02 -5.009499999999999886e+01
3.339058420951572792e-01 8.692259903238231944e-01 5.705836757233948564e-01 7.246628179634858613e-01 8.850234258027610268e-02 3.420283160110568765e-01 6.376748342800485636e-01 1.230566942280022086e-01 7.238437915783949572e-01 9.479539328893965555e-01 5.584629054454868236e-01 4.128764899976202218e-01 4.032367873035138106e-01 2.667361669364349819e-01 4.472668949536806049e-01 6.314668871152125940e-01 9.130760233883454813e-01 4.482933524929355595e-01 9.406386862146833006e-02 8.950623908620548574e-01 7.676610516236494035e-03 7.036990984962069318e-01 9.837594848641051382e-01 3.258803431726211008e-01 8.851731420109862913e-01 8.014142537266276678e-01 7.341081617688298699e-01 3.547227537607257619e-01 2.122256970984313373e-01 4.765223673692907114e-01 1.410288506285675425e-01 8.837516503470774776e-01 2.560000000000000000e+02 -5.124000000000000199e+01
2.165645970845366530e-01 1.088432088665702568e-01 9.730902280033423279e-01 7.189641187041968529e-01 7.383324488723175261e-01 7.962324768027670974e-01 7.275396016446851188e-01 2.379008430727371989e-02 3.350015970045858854e-02 2.576705220224622117e-01 6.636209861914666996e-01 9.218150156505464654e-01 3.203499431005289999e-01 8.239086863117415227e-01 6.554180975243213414e-01 9.283011088691842660e-01 4.219520716445648856e-01 8.366042626727696607e-01 4.110168305246485465e-01 7.163766456329998533e-01 7.499291275313110239e-01 1.841045228316454674e-01 7.423771037628501546e-01 7.184178341687290636e-01 2.359664674881425950e-02 3.150101748001680191e-01 6.850166296952100442e-01 6.244197799178947683e-01 6.821285808355085356e-01 2.914479426887882085e-01 2.989876424504064323e-01 8.670289350650293159e-01 2.560000000000000000e+02 -5.139499999999999602e+01
6.204141686062184524e-01 6.382007416148541279e-02 6.656218353560152678e-01 1.012313196670965032e-01 9.076207591804618113e-01 8.583192223328499626e-01 6.562838398476265045e-01 1.039411286360363007e-02 9.923090234915661334e-01 7.985354186625954753e-01 5.935884247216365317e-01 9.505632413136571035e-01 2.136895296517271337e-01 6.967535570460402505e-01 7.477150337517078915e-01 2.380646887986067328e-01 7.556996667308109317e-02 3.001273924942105542e-01 3.602871209756898785e-01 3.241664926444013384e-01 8.839390180022119736e-01 7.485573275007744165e-01 1.903287548699323928e-01 3.697516212360945631e-01 4.955085685233222015e-01 6.084128238861535865e-01 5.796486891942328468e-01 9.655048353977258024e-01 3.353713419639069437e-01 1.605819759231549848e-01 4.267145113199674600e-01 8.035924569687452612e-02 2.560000000000000000e+02 -5.050000000000000000e+01
6.067486068336142013e-01 2.459695192785833207e-01 2.194953138025858008e-01 2.193224310759793183e-01 6.267228311571892974e-01 3.664350489272648614e-01 1.243296167884743592e-01 1.841607870836682592e-01 5.670351017581913844e-01 6.997020623250817251e-02 5.325502819344305472e-01 9.346499288600171873e-01 8.924976703824477609e-01 1.498854182650385669e-01 8.865087731831892137e-01 7.162537262295282092e-01 1.809849448511639536e-01 3.386554886304384282e-01 2.668171266588583168e-01 1.014882553734476889e-01 4.750350943283873084e-01 7.662701745010071230e-02 3.354661874227030660e-01 6.813156221691502035e-02 8.214017998136846632e-01 4.461921868943182212e-01 3.679200588725864418e-01 1.268144328675609167e-01 1.389956381022823366e-02 5.464449017069644698e-01 1.159826890235171604e-02 8.280022088475852415e-01 2.560000000000000000e+02 -5.134000000000000341e+01
8.733372113310479135e-01 6.894517518780330922e-01 7.009510801783871425e-01 2.928254520332750077e-02 1.055055853697513604e-02 2.305507922165258572e-01 2.347281885602474916e-01 3.852966972627305808e-01 8.155134741790490693e-01 9.397304752053300403e-01 4.540778130675264812e-01 7.845857663895493550e-01 8.534001779329453141e-01 4.322452694603474144e-01 5.929568075991108467e-01 9.878176581424703562e-01 2.270113433828012672e-01 9.801433529925206445e-01 1.944118599132164948e-01 8.893403123037485480e-01 3.914056699775736448e-01 9.328573728437115076e-01 3.208910006161367900e-01 1.709198507599249128e-01 1.293069551040319509e-01 8.847071714111387486e-01 8.957988122493047989e-01 8.416398426082259965e-01 7.821466399792628144e-01 5.975085514851269375e-01 9.392741751810492756e-01 6.317884302205222236e-01 2.560000000000000000e+02 -5.012000000000000455e+01
0.000000000000000000e+00 0.000000000000000000e+00 4.086757003846801429e-05 0.000000000000000000e+00 5.703322046726457817e-01 2.913462949953334880e-01 0.000000000000000000e+00 0.000000000000000000e+00 7.379666349987770158e-01 0.000000000000000000e+00 1.000000000000000000e+00 2.039046167786954245e-01 0.000000000000000000e+00 0.000000000000000000e+00 0.000000000000000000e+00 0.000000000000000000e+00 9.943337462691196338e-01 0.000000000000000000e+00 0.000000000000000000e+00 2.648300921296793328e-02 7.845093429545490842e-05 0.000000000000000000e+00 1.000000000000000000e+00 2.828370771712698795e-01 3.612444889494765686e-05 7.704846673998282380e-01 0.000000000000000000e+00 3.122665561695866510e-01 2.203780230156096673e-03 1.000000000000000000e+00 0.000000000000000000e+00 0.000000000000000000e+00 2.560000000000000000e+02 -3.971999999999999886e+01
4.802875251131955708e-02 0.000000000000000000e+00 1.000000000000000000e+00 2.318582926070680561e-01 4.317061365145651855e-04 1.941382357802024406e-04 0.000000000000000000e+00 1.626971094815163887e-01 9.149860709554030747e-01 2.622885010146810969e-01 1.000000000000000000e+00 2.017800210156075677e-02 1.554658225802765803e-01 5.522365871539578613e-02 0.000000000000000000e+00 3.940082581001950329e-02 0.000000000000000000e+00 1.000000000000000000e+00 9.998612873009251611e-01 0.000000000000000000e+00 2.577612362517382391e-04 5.273268190944162548e-01 3.159919001883900180e-01 9.998196664869862804e-01 1.000000000000000000e+00 0.000000000000000000e+00 6.667712042391406024e-01 5.377454549509668169e-01 1.970311814893777325e-01 5.458268107846918626e-01 3.117816838238991750e-02 8.661619634557493619e-02 2.560000000000000000e+02 -4.674500000000000455e+01
0.000000000000000000e+00 2.230066597928357514e-02 1.000000000000000000e+00 1.000000000000000000e+00 0.000000000000000000e+00 0.000000000000000000e+00 0.000000000000000000e+00 0.000000000000000000e+00 6.208831345588247119e-01 0.000000000000000000e+00 0.000000000000000000e+00 0.000000000000000000e+00 0.000000000000000000e+00 3.045969554715729499e-01 4.894107731641409754e-03 0.000000000000000000e+00 4.650378111135235470e-01 3.673385816449150632e-01 1.000000000000000000e+00 9.154485156380958166e-01 9.999999638556740233e-01 0.000000000000000000e+00 9.826468008871929172e-01 8.920819009594588289e-01 6.761836807991200571e-01 0.000000000000000000e+00 7.250836766080790419e-01 4.895076090548958897e-02 4.988817424699582004e-01 0.000000000000000000e+00 0.000000000000000000e+00 3.114442545108664362e-01 2.560000000000000000e+02 -4.447500000000000142e+01
1.176460663015150565e-01 0.000000000000000000e+00 5.331464075703103989e-01 0.000000000000000000e+00 0.000000000000000000e+00 3.459872900258360862e-02 0.000000000000000000e+00 0.000000000000000000e+00 7.945897597497159764e-03 0.000000000000000000e+00 4.114204693111537803e-01 9.530941342467963082e-03 2.808919536313316239e-03 0.000000000000000000e+00 0.000000000000000000e+00 0.000000000000000000e+00 0.000000000000000000e+00 2.056698468368678423e-01 6.385562703992412326e-01 3.672978534958846186e-01 7.033014419367583647e-02 0.000000000000000000e+00 0.000000000000000000e+00 7.355581904984415109e-01 0.000000000000000000e+00 0.000000000000000000e+00 0.000000000000000000e+00 0.000000000000000000e+00 4.342626499441690768e-01 3.009767323762268295e-04 0.000000000000000000e+00 0.000000000000000000e+00 2.560000000000000000e+02 -4.028999999999999915e+01
4.069501216018080875e-02 1.152282789832972942e-01 9.675553344330509731e-01 1.254568709966183138e-01 0.000000000000000000e+00 4.567516126129437248e-01 0.000000000000000000e+00 4.116593166183870472e-02 2.629535599776821053e-01 8.032149470917230921e-04 6.289708053417418787e-01 0.000000000000000000e+00 0.000000000000000000e+00 1.000000000000000000e+00 0.000000000000000000e+00 0.000000000000000000e+00 6.419451089124093013e-01 0.000000000000000000e+00 4.406960827437091943e-01 0.000000000000000000e+00 0.000000000000000000e+00 3.338218817252995851e-01 0.000000000000000000e+00 1.000000000000000000e+00 0.000000000000000000e+00 5.043913111571819707e-02 0.000000000000000000e+00 4.759940145926848665e-01 9.097591419983195316e-01 8.409018199272442207e-01 0.000000000000000000e+00 0.000000000000000000e+00 2.560000000000000000e+02 -4.644500000000000028e+01
0.000000000000000000e+00 0.000000000000000000e+00 7.019527971995164276e-03 8.191501712583115768e-02 2.420929579106224638e-01 5.294757976350421558e-01 0.000000000000000000e+00 1.972652508825798942e-02 3.450160089169353461e-01 0.000000000000000000e+00 9.451734353976769532e-01 0.000000000000000000e+00 3.494375786302616419e-03 5.424433044959718897e-01 2.232502473161302459e-01 6.819584040065657105e-01 5.786884880184714475e-02 4.487954651164008935e-01 9.815176070098670102e-01 0.000000000000000000e+00 1.960475582928621063e-01 2.261529022749316498e-01 1.000000000000000000e+00 1.000000000000000000e+00 8.525093538125012582e-01 5.762475874548570604e-02 4.718190738571569343e-01 1.358806619712886465e-01 4.341488961476676622e-01 8.375985499399121181e-01 0.000000000000000000e+00 6.848953169589522272e-01 2.560000000000000000e+02 -4.635999999999999943e+01
0.000000000000000000e+00 0.000000000000000000e+00 1.000000000000000000e+00 2.468448780536584841e-03 3.546975924418929726e-01 2.308940462272276312e-02 2.362476911882645584e-04 0.000000000000000000e+00 3.116080517213417056e-01 3.410379087154442046e-01 1.277089505235049994e-05 2.741894320123456491e-02 1.770962294535615789e-03 7.270608377441148962e-01 4.464163220120593722e-09 0.000000000000000000e+00 2.143715240638654693e-02 1.000000000000000000e+00 1.000000000000000000e+00 1.314414925479343577e-01 0.000000000000000000e+00 7.393296111365148526e-01 4.936725359580976802e-01 1.000000000000000000e+00 9.996691241380309956e-01 0.000000000000000000e+00 0.000000000000000000e+00 5.621908405799744823e-01 9.187707978979251511e-01 7.169567833078520636e-01 0.000000000000000000e+00 4.727156394252678417e-01 2.560000000000000000e+02 -4.509000000000000341e+01
0.000000000000000000e+00 0.000000000000000000e+00 1.834870211160098408e-01 4.689989493954569988e-01 0.000000000000000000e+00 0.000000000000000000e+00 0.000000000000000000e+00 0.000000000000000000e+00 1.000000000000000000e+00 0.000000000000000000e+00 1.340512976425272673e-01 6.314460938946584584e-03 0.000000000000000000e+00 2.369959316175041311e-02 0.000000000000000000e+00 0.000000000000000000e+00 1.270305577790746265e-01 2.623635144475621184e-01 8.816715279800368954e-01 3.125311033779762816e-03 0.000000000000000000e+00 2.687660676689799244e-01 0.000000000000000000e+00 0.000000000000000000e+00 2.205773387054301149e-01 0.000000000000000000e+00 0.000000000000000000e+00 0.000000000000000000e+00 3.344877859478712079e-02 3.690386244818775197e-01 0.000000000000000000e+00 3.305096646307836838e-01 2.560000000000000000e+02 -4.472499999999999432e+01
3.689036512489747288e-01 0.000000000000000000e+00 4.160736268784308023e-01 6.385333867895062222e-03 9.400556692722439323e-03 5.265624734674551950e-09 0.000000000000000000e+00 0.000000000000000000e+00 1.159556223419492965e-01 0.000000000000000000e+00 5.292006626026019012e-01 1.910944145379198447e-02 8.933574531241934569e-01 9.241106776235487041e-01 0.000000000000000000e+00 0.000000000000000000e+00 4.052350409298230982e-01 5.120398984559004774e-01 1.000000000000000000e+00 0.000000000000000000e+00 8.186037336203568771e-01 3.467162937694027449e-08 3.057561246150456991e-01 1.399659689170744126e-01 1.000000000000000000e+00 1.378154585361051065e-01 0.000000000000000000e+00 7.558812846589988421e-01 5.890321572836441089e-01 9.892613201835123160e-01 0.000000000000000000e+00 3.970078935806326537e-01 2.560000000000000000e+02 -4.995000000000000284e+01
0.000000000000000000e+00 0.000000000000000000e+00 0.000000000000000000e+00 0.000000000000000000e+00 0.000000000000000000e+00 0.000000000000000000e+00 6.298808390935211055e-01 0.000000000000000000e+00 0.000000000000000000e+00 2.664185384403957788e-02 2.423427940270395098e-02 0.000000000000000000e+00 0.000000000000000000e+00 1.800659310932665735e-01 0.000000000000000000e+00 2.649469296834588983e-01 0.000000000000000000e+00 2.791031952800392957e-01 1.000000000000000000e+00 8.192483318355711641e-02 0.000000000000000000e+00 0.000000000000000000e+00 2.980116749773435991e-01 9.734675183559696743e-01 0.000000000000000000e+00 7.268860504633640751e-01 0.000000000000000000e+00 4.183203132782420397e-02 0.000000000000000000e+00 3.395386373050887641e-01 0.000000000000000000e+00 0.000000000000000000e+00 2.560000000000000000e+02 -4.043500000000000227e+01
7.861582708270405950e-01 0.000000000000000000e+00 0.000000000000000000e+00 0.000000000000000000e+00 4.166187345130362152e-02 3.803389341995918032e-03 1.020828307123006712e-05 2.004511203667449018e-02 0.000000000000000000e+00 0.000000000000000000e+00 0.000000000000000000e+00 0.000000000000000000e+00 0.000000000000000000e+00 5.278174440809692003e-01 0.000000000000000000e+00 0.000000000000000000e+00 7.102044382207952644e-01 9.845648242203522971e-01 9.877149314653762557e-01 6.248242594509001435e-01 0.000000000000000000e+00 0.000000000000000000e+00 8.337595614518511500e-01 0.000000000000000000e+00 9.759349263723141599e-01 0.000000000000000000e+00 6.272566063392839286e-01 9.997171337561246984e-01 3.288949141437619295e-02 0.000000000000000000e+00 0.000000000000000000e+00 0.000000000000000000e+00 2.560000000000000000e+02 -3.939000000000000057e+01
2.823533385213117079e-03 3.205993833625904177e-01 9.595290867310029004e-01 0.000000000000000000e+00 0.000000000000000000e+00 4.213289733073286025e-01 0.000000000000000000e+00 3.776453562046178190e-03 7.496354890824391895e-03 2.510247546119898933e-04 7.174433813307736774e-01 6.448863930470581929e-01 0.000000000000000000e+00 6.174388206317715788e-01 0.000000000000000000e+00 1.542469340348599505e-01 0.000000000000000000e+00 3.034428534199737348e-01 0.000000000000000000e+00 0.000000000000000000e+00 0.000000000000000000e+00 0.000000000000000000e+00 7.280640703332525998e-01 5.535641610556912839e-01 4.179162450243475990e-01 0.000000000000000000e+00 0.000000000000000000e+00 0.000000000000000000e+00 0.000000000000000000e+00 0.000000000000000000e+00 0.000000000000000000e+00 0.000000000000000000e+00 2.560000000000000000e+02 -3.935999999999999943e+01
0.000000000000000000e+00 0.000000000000000000e+00 9.105908260900547058e-01 0.000000000000000000e+00 0.000000000000000000e+00 4.256924844057595747e-01 2.934100233686339765e-01 4.835928063269246402e-01 4.846936878557717154e-02 0.000000000000000000e+00 1.000000000000000000e+00 6.820133768316397060e-02 0.000000000000000000e+00 0.000000000000000000e+00 0.000000000000000000e+00 0.000000000000000000e+00 8.005370183228134318e-01 1.350548666629625416e-01 7.414050410218094855e-01 0.000000000000000000e+00 0.000000000000000000e+00 0.000000000000000000e+00 2.260502126492252017e-01 0.000000000000000000e+00 8.165012797476860484e-01 5.090178164976191799e-02 0.000000000000000000e+00 0.000000000000000000e+00 0.000000000000000000e+00 5.468397474295897398e-01 4.259879090848043767e-03 7.432558219960988533e-01 2.560000000000000000e+02 -4.645499999999999829e+01
4.501462071680266130e-01 0.000000000000000000e+00 6.712475556594892090e-02 0.000000000000000000e+00 1.426448885828893176e-01 0.000000000000000000e+00 0.000000000000000000e+00 0.000000000000000000e+00 0.000000000000000000e+00 0.000000000000000000e+00 2.026126801668017563e-01 0.000000000000000000e+00 0.000000000000000000e+00 0.000000000000000000e+00 0.000000000000000000e+00 0.000000000000000000e+00 0.000000000000000000e+00 2.946392234601312166e-01 5.710899607421187074e-01 0.000000000000000000e+00 0.000000000000000000e+00 0.000000000000000000e+00 3.618292946181595471e-01 0.000000000000000000e+00 1.319742618766210074e-01 0.000000000000000000e+00 0.000000000000000000e+00 2.213496400936157751e-02 7.436841253986506972e-01 3.252899992353469865e-03 0.000000000000000000e+00 1.000000000000000000e+00 2.560000000000000000e+02 -4.051999999999999602e+01
0.000000000000000000e+00 0.000000000000000000e+00 0.000000000000000000e+00 0.000000000000000000e+00 0.000000000000000000e+00 1.306426198372184419e-03 0.000000000000000000e+00 4.739254377201841950e-01 0.000000000000000000e+00 0.000000000000000000e+00 4.522207285581455460e-01 3.180965630230558339e-01 0.000000000000000000e+00 8.354520853304308048e-01 5.420417429649028451e-02 1.000000000000000000e+00 0.000000000000000000e+00 8.532448926729886418e-01 0.000000000000000000e+00 0.000000000000000000e+00 0.000000000000000000e+00 1.479874922363555922e-03 7.756577306106160127e-03 4.259118371770962419e-01 6.201780386826832858e-01 0.000000000000000000e+00 0.000000000000000000e+00 0.000000000000000000e+00 3.882458070453458920e-01 7.472107164629411269e-01 3.089188912620489946e-02 0.000000000000000000e+00 2.560000000000000000e+02 -3.717999999999999972e+01
0.000000000000000000e+00 5.258026069897420163e-01 9.203901304801389571e-01 3.158903069194895497e-01 0.000000000000000000e+00 0.000000000000000000e+00 0.000000000000000000e+00 2.472735739398145005e-02 7.223873322669990271e-01 4.290491441098177178e-02 0.000000000000000000e+00 7.449115269286539220e-01 9.422822924214954710e-02 0.000000000000000000e+00 4.671938459392189699e-03 4.085741856388754034e-02 0.000000000000000000e+00 1.272494866647100667e-02 9.591511410963720063e-01 1.711250713761257390e-04 9.309667624795205793e-04 3.872432046871079891e-01 1.178248163292823364e-01 3.688932974737374471e-01 7.861500182999309194e-02 1.031437784681716676e-05 0.000000000000000000e+00 4.651794811536366092e-01 2.838569108048597314e-02 2.671667566093141044e-01 6.728418615160110250e-03 7.721574969821773937e-01 2.560000000000000000e+02 -4.720499999999999829e+01
1.277781665709544212e-01 0.000000000000000000e+00 0.000000000000000000e+00 2.842823921822422439e-02 1.861163082433197474e-02 0.000000000000000000e+00 0.000000000000000000e+00 0.000000000000000000e+00 4.187648251621264861e-01 2.223930677528663039e-02 1.000000000000000000e+00 0.000000000000000000e+00 5.901469274562260413e-03 2.711628943406385606e-01 0.000000000000000000e+00 0.000000000000000000e+00 9.814432153830942446e-03 0.000000000000000000e+00 4.627425404741050685e-03 1.317396347800792178e-01 0.000000000000000000e+00 7.285192188241582274e-03 0.000000000000000000e+00 0.000000000000000000e+00 1.363208548531080234e-02 2.486153011410516811e-01 5.798602819081529955e-03 7.198311386001021717e-01 0.000000000000000000e+00 3.796717522114889665e-01 2.759197768259871730e-01 0.000000000000000000e+00 2.560000000000000000e+02 -3.891499999999999915e+01
0.000000000000000000e+00 0.000000000000000000e+00 8.386597687831899486e-04 0.000000000000000000e+00 7.080197051782256557e-01 0.000000000000000000e+00 0.000000000000000000e+00 0.000000000000000000e+00 0.000000000000000000e+00 0.000000000000000000e+00 2.592762518004805214e-02 9.993253212260723162e-01 2.361156284519574510e-05 1.188445874751423992e-01 1.577768537966435861e-02 0.000000000000000000e+00 6.161913489073961303e-01 4.599757622480647430e-04 9.049362875774481507e-01 0.000000000000000000e+00 0.000000000000000000e+00 2.410135727635983813e-02 4.065287021234731883e-07 1.000000000000000000e+00 1.406596438692100199e-03 0.000000000000000000e+00 4.216177741213416597e-01 3.378777577718846681e-01 1.325412340903430186e-01 1.375158496917081030e-02 1.842037798388131463e-07 0.000000000000000000e+00 2.560000000000000000e+02 -4.025000000000000000e+01
0.000000000000000000e+00 0.000000000000000000e+00 0.000000000000000000e+00 0.000000000000000000e+00 0.000000000000000000e+00 9.650784959540212316e-02 0.000000000000000000e+00 0.000000000000000000e+00 0.000000000000000000e+00 1.035308156710136734e-01 0.000000000000000000e+00 0.000000000000000000e+00 0.000000000000000000e+00 4.319018679775295522e-01 0.000000000000000000e+00 0.000000000000000000e+00 0.000000000000000000e+00 0.000000000000000000e+00 4.305510126947124927e-02 0.000000000000000000e+00 0.000000000000000000e+00 0.000000000000000000e+00 9.999658307909802257e-01 2.081412556916027376e-02 2.244092333267660444e-01 3.029096809577726535e-01 5.598468213148475314e-01 0.000000000000000000e+00 0.000000000000000000e+00 1.377858291644195876e-01 0.000000000000000000e+00 9.696660782209073903e-02 2.560000000000000000e+02 -3.800499999999999545e+01
8.502966697902791804e-01 7.272272654897140587e-01 0.000000000000000000e+00 2.221762256255320755e-01 6.326704997126577634e-01 8.208541185401434515e-01 0.000000000000000000e+00 0.000000000000000000e+00 0.000000000000000000e+00 0.000000000000000000e+00 1.943915751300882150e-02 9.957897743685381053e-01 4.814197697903212919e-02 5.451476476234776158e-02 0.000000000000000000e+00 0.000000000000000000e+00 1.197590088597083255e-02 0.000000000000000000e+00 0.000000000000000000e+00 0.000000000000000000e+00 0.000000000000000000e+00 3.532912104376338680e-02 0.000000000000000000e+00 7.293186270916619529e-01 9.280666849701077470e-02 0.000000000000000000e+00 5.823128498862645318e-04 4.569899818999849372e-03 9.982082951323741904e-01 5.278677834860288076e-01 0.000000000000000000e+00 5.541317947067031513e-02 2.560000000000000000e+02 -3.916499999999999915e+01
0.000000000000000000e+00 4.975330886184290563e-02 2.184879928376262659e-01 0.000000000000000000e+00 6.413845342730717380e-01 8.132984688987029420e-01 8.865325807454071949e-01 3.046346690989026190e-02 0.000000000000000000e+00 0.000000000000000000e+00 6.598432877062891944e-01 0.000000000000000000e+00 1.408176687564354768e-01 0.000000000000000000e+00 1.599166186407431911e-01 2.970645689165717779e-02 0.000000000000000000e+00 0.000000000000000000e+00 0.000000000000000000e+00 4.833731959396858797e-03 0.000000000000000000e+00 0.000000000000000000e+00 9.740532464631670474e-04 8.737344225118948843e-03 0.000000000000000000e+00 0.000000000000000000e+00 8.239000409759161814e-01 1.968162960278956319e-01 7.472512547761306356e-01 6.277248854453609805e-01 0.000000000000000000e+00 0.000000000000000000e+00 2.560000000000000000e+02 -3.987500000000000000e+01
7.688748876392271780e-01 9.216747241688203265e-04 2.550934891915868641e-01 3.098304979388016075e-03 1.602767288293137915e-01 8.902913880641082356e-01 0.000000000000000000e+00 3.726526765490774384e-02 5.495779930147248749e-01 1.829274673950049418e-02 8.545690508611533120e-01 3.684976255266229640e-05 2.268739120398429940e-02 3.271024277006785996e-01 1.155647603207573676e-01 1.078880569231697589e-01 8.861813518440929682e-01 4.469984841253442642e-01 9.881361891760108707e-01 1.908256008997273045e-01 4.425855999181225846e-03 6.085139466311297873e-01 9.451649082635643628e-01 9.631337624822337018e-01 9.482197781600386621e-01 0.000000000000000000e+00 3.377523302030087382e-02 2.778133705205849957e-02 9.208063959250748498e-01 1.341259524492612347e-03 6.624381855203256841e-02 1.531262194688318146e-01 2.560000000000000000e+02 -4.899000000000000199e+01
0.000000000000000000e+00 0.000000000000000000e+00 6.749238092925402555e-01 0.000000000000000000e+00 2.179356413668477599e-01 1.797381414864316351e-01 0.000000000000000000e+00 3.256655655654180914e-01 5.233259878464970732e-02 0.000000000000000000e+00 1.000000000000000000e+00 3.761015672571320079e-01 1.000000000000000000e+00 6.194005098130432874e-01 2.809873432116181680e-01 0.000000000000000000e+00 1.652622859673729960e-01 4.481210350463044612e-01 4.940405231560822119e-01 0.000000000000000000e+00 1.033664637461390312e-01 8.875185183862879246e-01 5.483747810202764805e-01 1.000000000000000000e+00 0.000000000000000000e+00 6.237682057987392614e-01 0.000000000000000000e+00 2.754290456026352585e-01 7.152991204849080964e-02 6.415859958508005612e-01 0.000000000000000000e+00 0.000000000000000000e+00 2.560000000000000000e+02 -4.978499999999999659e+01
2.089062740379841743e-01 0.000000000000000000e+00 0.000000000000000000e+00 9.862841321113102744e-01 9.888125656805453467e-02 3.573144402644129962e-10 0.000000000000000000e+00 9.612972701276373266e-01 0.000000000000000000e+00 0.000000000000000000e+00 6.123825528445639987e-01 0.000000000000000000e+00 7.083578405363269992e-01 2.973013865407269928e-11 0.000000000000000000e+00 1.953159278929472720e-02 3.634547044988090669e-01 0.000000000000000000e+00 0.000000000000000000e+00 3.891536615665562859e-01 0.000000000000000000e+00 9.771698559233200909e-02 2.455710125193796833e-02 9.393575506142873843e-01 0.000000000000000000e+00 0.000000000000000000e+00 0.000000000000000000e+00 9.948059275762624054e-01 4.850626103746585316e-01 7.867034375901236221e-01 4.482656983299637687e-02 0.000000000000000000e+00 2.560000000000000000e+02 -4.582000000000000028e+01
3.786186440397358577e-02 3.132150111915129286e-04 0.000000000000000000e+00 5.420381913419644038e-01 0.000000000000000000e+00 4.056255674221246471e-02 0.000000000000000000e+00 7.025172717063991185e-03 4.556255447386664548e-01 0.000000000000000000e+00 3.297146602956091410e-01 0.000000000000000000e+00 3.011588768731315313e-01 9.814534158632783889e-01 6.032906730887169569e-04 2.355373958138817780e-02 1.594393881480418371e-02 4.366184820724823279e-01 0.000000000000000000e+00 1.361901940300006691e-02 0.000000000000000000e+00 0.000000000000000000e+00 0.000000000000000000e+00 9.998852074790692823e-02 9.978540360530406828e-01 1.852616905247733980e-01 0.000000000000000000e+00 4.659626576123797603e-01 7.353193754736139232e-01 7.073004805244840348e-03 3.105498447820039237e-03 2.605661340042088603e-01 2.560000000000000000e+02 -4.054500000000000171e+01
0.000000000000000000e+00 0.000000000000000000e+00 5.883444582980860149e-01 6.098196444647339259e-02 4.240275625670751158e-04 0.000000000000000000e+00 0.000000000000000000e+00 9.306546345662093378e-01 7.197816111239827563e-01 0.000000000000000000e+00 6.468023733341988200e-05 8.590681273649468179e-05 1.149702924061671849e-01 1.929597510926412546e-02 2.724674833153548168e-03 0.000000000000000000e+00 9.473373241971418945e-01 8.359177965632273999e-01 1.771459040599515922e-01 1.269796974249830723e-04 3.294434365641358275e-01 7.853712573566214994e-01 5.007662986197605054e-02 3.729241859126405570e-05 5.273559866439703203e-01 5.521368179534103665e-02 1.871842062495351552e-02 5.855826058533507572e-01 1.613608599128812660e-01 0.000000000000000000e+00 0.000000000000000000e+00 0.000000000000000000e+00 2.560000000000000000e+02 -4.575999999999999801e+01
0.000000000000000000e+00 0.000000000000000000e+00 1.768107524480220637e-03 0.000000000000000000e+00 2.231595355121300117e-08 0.000000000000000000e+00 0.000000000000000000e+00 0.000000000000000000e+00 0.000000000000000000e+00 5.907738598931476515e-02 0.000000000000000000e+00 1.242608760423874331e-01 2.677107338831469785e-01 3.413705602649534931e-01 3.690138686971297915e-03 0.000000000000000000e+00 0.000000000000000000e+00 5.950133652771335546e-01 9.243232596572504844e-01 5.499706519215719069e-01 1.262668696770454532e-04 8.204194128818731446e-01 1.387229158963112878e-02 0.000000000000000000e+00 0.000000000000000000e+00 2.438707515933456749e-01 0.000000000000000000e+00 4.863015702985209153e-03 0.000000000000000000e+00 9.092970169611630515e-01 0.000000000000000000e+00 0.000000000000000000e+00 2.560000000000000000e+02 -3.976999999999999602e+01
3.688830468126568039e-05 6.113678927340010505e-01 4.422725768710229488e-01 0.000000000000000000e+00 6.887820452943134164e-01 0.000000000000000000e+00 6.238040369579982770e-07 0.000000000000000000e+00 9.999636871357941992e-01 9.877235004573223787e-01 8.124565840122756066e-01 1.651102505035182966e-01 8.804098504418378379e-01 5.844925577654204174e-01 6.238265618217833652e-02 0.000000000000000000e+00 1.103913262837644647e-02 9.967699904176529069e-01 9.393163428433218831e-01 7.685304087641772752e-02 0.000000000000000000e+00 4.714861788191384434e-02 3.140870343942178677e-01 1.743873240199466934e-01 4.698378589688102513e-01 0.000000000000000000e+00 3.642701623388630762e-05 5.488541456568286771e-07 0.000000000000000000e+00 3.834777325569964090e-01 8.804667522347403412e-05 0.000000000000000000e+00 2.560000000000000000e+02 -4.763000000000000256e+01
0.000000000000000000e+00 0.000000000000000000e+00 0.000000000000000000e+00 2.129327621778029107e-03 0.000000000000000000e+00 3.911134365462152207e-01 0.000000000000000000e+00 3.046870958263950824e-01 3.636321175254225158e-01 4.804750719055910640e-02 2.014716466208580636e-01 0.000000000000000000e+00 8.287611684549233138e-01 0.000000000000000000e+00 0.000000000000000000e+00 0.000000000000000000e+00 0.000000000000000000e+00 0.000000000000000000e+00 0.000000000000000000e+00 9.213045521431868501e-01 2.460255807927308469e-01 0.000000000000000000e+00 0.000000000000000000e+00 0.000000000000000000e+00 0.000000000000000000e+00 6.858160305854970121e-03 0.000000000000000000e+00 4.192260803140745451e-01 5.527115880577934126e-01 0.000000000000000000e+00 0.000000000000000000e+00 0.000000000000000000e+00 2.560000000000000000e+02 -4.012999999999999545e+01
0.000000000000000000e+00 0.000000000000000000e+00 0.000000000000000000e+00 0.000000000000000000e+00 0.000000000000000000e+00 6.274936627292689029e-02 0.000000000000000000e+00 0.000000000000000000e+00 0.000000000000000000e+00 0.000000000000000000e+00 0.000000000000000000e+00 0.000000000000000000e+00 0.000000000000000000e+00 0.000000000000000000e+00 3.334447225251465086e-01 2.582817215615785256e-01 1.191538642040446128e-01 0.000000000000000000e+00 0.000000000000000000e+00 1.000000000000000000e+00 8.461282093842968921e-01 0.000000000000000000e+00 3.978758698680352063e-02 7.268160444571001300e-01 3.267456675048524550e-01 0.000000000000000000e+00 0.000000000000000000e+00 0.000000000000000000e+00 1.000000000000000000e+00 0.000000000000000000e+00 0.000000000000000000e+00 0.000000000000000000e+00 2.560000000000000000e+02 -3.860000000000000142e+01
4.123729833593028221e-02 0.000000000000000000e+00 0.000000000000000000e+00 0.000000000000000000e+00 0.000000000000000000e+00 0.000000000000000000e+00 0.000000000000000000e+00 0.000000000000000000e+00 0.000000000000000000e+00 0.000000000000000000e+00 1.201646556670987465e-01 4.396886529995154558e-02 8.331368236010343667e-03 6.254123221889347217e-01 0.000000000000000000e+00 0.000000000000000000e+00 0.000000000000000000e+00 0.000000000000000000e+00 0.000000000000000000e+00 0.000000000000000000e+00 0.000000000000000000e+00 0.000000000000000000e+00 0.000000000000000000e+00 0.000000000000000000e+00 2.720755884510944397e-02 0.000000000000000000e+00 0.000000000000000000e+00 0.000000000000000000e+00 4.197740038655566885e-01 0.000000000000000000e+00 0.000000000000000000e+00 3.049665283463167884e-02 2.560000000000000000e+02 -3.563500000000000512e+01
0.000000000000000000e+00 2.116476104671607683e-01 7.859946718931185017e-03 1.926285244155139520e-01 0.000000000000000000e+00 6.008570947343652158e-01 0.000000000000000000e+00 5.787267790763857972e-02 0.000000000000000000e+00 2.109392758694145567e-03 1.000000000000000000e+00 1.417916488431434918e-01 1.935022460949856471e-01 2.617910634597908071e-01 1.372836771868259954e-02 8.779912723962397803e-02 6.537851466845897574e-01 1.300106690887387617e-01 0.000000000000000000e+00 7.016435064317858884e-03 2.097397961240520248e-01 1.538430988983927050e-01 2.388019676878444797e-01 8.415117863832014544e-01 5.520875058199762320e-01 0.000000000000000000e+00 1.440168844744696419e-01 0.000000000000000000e+00 0.000000000000000000e+00 9.048067023930580488e-01 0.000000000000000000e+00 5.962506104163420861e-01 2.560000000000000000e+02 -4.553000000000000114e+01
8.749264497665121265e-02 0.000000000000000000e+00 0.000000000000000000e+00 7.117417804341393851e-03 8.369730218195087224e-01 2.526615773583337863e-03 0.000000000000000000e+00 0.000000000000000000e+00 0.000000000000000000e+00 3.590561930350962827e-01 8.767345196753332237e-01 0.000000000000000000e+00 0.000000000000000000e+00 1.696054261868907009e-01 0.000000000000000000e+00 7.007289590190006121e-03 2.904858930971552233e-01 9.597066534389208092e-01 1.000000000000000000e+00 8.498334412305150742e-01 4.163092337272357793e-03 5.070014633308962404e-01 1.657953267713667689e-01 9.789321985661300074e-01 5.066622040423498508e-01 2.637277392680641985e-01 2.183079692809590799e-01 8.691708354543811188e-01 1.831018353491474862e-02 0.000000000000000000e+00 0.000000000000000000e+00 2.413744019492248538e-01 2.560000000000000000e+02 -4.345499999999999829e+01
4.608751137010473897e-01 0.000000000000000000e+00 8.259635302851929817e-01 7.731200922919583274e-01 0.000000000000000000e+00 7.955810645715126125e-03 1.365145858414715675e-04 0.000000000000000000e+00 8.812227470918253258e-02 5.333076700057624020e-01 0.000000000000000000e+00 7.570465907512136106e-01 0.000000000000000000e+00 3.570872338871532853e-02 0.000000000000000000e+00 0.000000000000000000e+00 6.713299476172630564e-01 0.000000000000000000e+00 3.561654257238839882e-01 1.535485481036398883e-02 4.232428074610629642e-01 1.000000000000000000e+00 0.000000000000000000e+00 8.128817735303426328e-01 6.650614355847963566e-01 1.990725909253775877e-02 0.000000000000000000e+00 6.164043860573714673e-01 0.000000000000000000e+00 9.433902103546585316e-01 3.607695224094380204e-02 4.626009093794832272e-01 2.560000000000000000e+02 -4.668999999999999773e+01
3.042827665437909668e-02 0.000000000000000000e+00 4.761625854728530590e-04 0.000000000000000000e+00 0.000000000000000000e+00 5.297739878905095064e-04 0.000000000000000000e+00 0.000000000000000000e+00 1.728629828188989193e-01 9.766195335839381597e-01 5.257461765206601356e-01 0.000000000000000000e+00 8.970057318109498912e-01 0.000000000000000000e+00 9.298633189967495660e-01 3.688816547818160596e-02 3.293155868342370063e-01 1.091260064263785759e-02 0.000000000000000000e+00 0.000000000000000000e+00 0.000000000000000000e+00 9.845928162442397769e-01 1.347549294442002554e-01 3.704148277193389238e-01 1.062182455168647066e-01 0.000000000000000000e+00 5.070744790449823736e-01 5.004414114498901833e-01 3.360750634327509812e-03 0.000000000000000000e+00 0.000000000000000000e+00 9.981122180691436307e-01 2.560000000000000000e+02 -4.102499999999999858e+01
0.000000000000000000e+00 0.000000000000000000e+00 9.396200877103948468e-01 3.301549035485454309e-02 0.000000000000000000e+00 3.780433883430334846e-02 0.000000000000000000e+00 0.000000000000000000e+00 1.035900169750017114e-01 0.000000000000000000e+00 0.000000000000000000e+00 9.491793521539797218e-02 0.000000000000000000e+00 0.000000000000000000e+00 0.000000000000000000e+00 0.000000000000000000e+00 9.372510172361786518e-01 0.000000000000000000e+00 0.000000000000000000e+00 0.000000000000000000e+00 0.000000000000000000e+00 9.979574128116922571e-01 9.709571587061947007e-01 8.243300542127983688e-01 4.876029129861080280e-01 0.000000000000000000e+00 9.747733078386817962e-02 0.000000000000000000e+00 0.000000000000000000e+00 9.923302313933883845e-01 0.000000000000000000e+00 7.782715324564113378e-03 2.560000000000000000e+02 -4.034000000000000341e+01
1.806502773230554970e-01 0.000000000000000000e+00 3.715535027246215094e-01 0.000000000000000000e+00 0.000000000000000000e+00 1.337498487022109259e-02 0.000000000000000000e+00 0.000000000000000000e+00 4.566396878616080929e-02 2.921173719525848589e-01 1.000000000000000000e+00 1.000000000000000000e+00 0.000000000000000000e+00 0.000000000000000000e+00 0.000000000000000000e+00 9.470590710976810322e-02 0.000000000000000000e+00 1.000000000000000000e+00 2.178949450760510609e-01 0.000000000000000000e+00 0.000000000000000000e+00 0.000000000000000000e+00 0.000000000000000000e+00 1.218336789064192183e-01 0.000000000000000000e+00 5.806917088281043221e-02 0.000000000000000000e+00 1.191392738825980679e-01 9.141771509954111849e-03 1.955635076810279677e-02 0.000000000000000000e+00 9.401679222491537979e-01 2.560000000000000000e+02 -4.190500000000000114e+01
7.569579913527342274e-01 2.699294845264013643e-02 1.939578347671078451e-01 0.000000000000000000e+00 0.000000000000000000e+00 5.140181569739624146e-03 0.000000000000000000e+00 0.000000000000000000e+00 0.000000000000000000e+00 5.209257061556421542e-02 6.549620796689176573e-05 1.699844709717577007e-01 5.162447364234238334e-01 8.349067412898636409e-02 4.620527281296378241e-01 0.000000000000000000e+00 0.000000000000000000e+00 0.000000000000000000e+00 0.000000000000000000e+00 0.000000000000000000e+00 0.000000000000000000e+00 1.906389812614675550e-02 0.000000000000000000e+00 5.067459026897053881e-02 5.470268879470896461e-01 0.000000000000000000e+00 0.000000000000000000e+00 3.744224856719627711e-05 0.000000000000000000e+00 8.809689262201098048e-01 0.000000000000000000e+00 0.000000000000000000e+00 2.560000000000000000e+02 -3.932999999999999829e+01
0.000000000000000000e+00 0.000000000000000000e+00 1.578361390710681100e-01 4.426139610951573267e-01 0.000000000000000000e+00 0.000000000000000000e+00 8.385729521507418599e-03 0.000000000000000000e+00 1.078441636429891633e-05 0.000000000000000000e+00 0.000000000000000000e+00 0.000000000000000000e+00 0.000000000000000000e+00 0.000000000000000000e+00 0.000000000000000000e+00 0.000000000000000000e+00 1.364682304717430572e-01 1.456314260338591703e-02 3.987174171687387844e-03 0.000000000000000000e+00 2.805770644820079762e-02 0.000000000000000000e+00 0.000000000000000000e+00 5.758751558739432230e-01 0.000000000000000000e+00 0.000000000000000000e+00 7.878264529701314300e-01 1.362448721957961080e-02 3.236703899344556823e-01 0.000000000000000000e+00 2.991565523836010598e-01 0.000000000000000000e+00 2.560000000000000000e+02 -4.073000000000000398e+01
0.000000000000000000e+00 0.000000000000000000e+00 0.000000000000000000e+00 0.000000000000000000e+00 6.004247007282076387e-01 0.000000000000000000e+00 0.000000000000000000e+00 0.000000000000000000e+00 4.746214318446010938e-01 2.497666285291710864e-02 0.000000000000000000e+00 0.000000000000000000e+00 0.000000000000000000e+00 7.950270365336321865e-02 0.000000000000000000e+00 0.000000000000000000e+00 0.000000000000000000e+00 0.000000000000000000e+00 0.000000000000000000e+00 0.000000000000000000e+00 8.232986678973811499e-04 1.062869889365963549e-01 0.000000000000000000e+00 0.000000000000000000e+00 9.167786402938270240e-03 0.000000000000000000e+00 0.000000000000000000e+00 0.000000000000000000e+00 0.000000000000000000e+00 0.000000000000000000e+00 0.000000000000000000e+00 0.000000000000000000e+00 2.560000000000000000e+02 -3.462500000000000000e+01
1.849646376773927126e-01 0.000000000000000000e+00 9.186529996659213992e-01 6.269697553735320561e-01 0.000000000000000000e+00 7.691608401663952987e-01 0.000000000000000000e+00 9.998813125390918488e-01 6.077344903621891004e-02 0.000000000000000000e+00 0.000000000000000000e+00 3.310302679003965798e-01 4.952289447801128119e-02 2.161608826849508447e-01 6.036732044119281770e-01 4.683826114762985188e-02 1.204586769335173018e-04 1.306094383060143983e-03 7.985820350329925210e-01 1.000000000000000000e+00 6.696550323991910803e-02 0.000000000000000000e+00 3.101737721214894439e-01 1.306598529778346951e-01 4.775901439611867754e-05 6.318905958444004378e-01 0.000000000000000000e+00 7.830286714962990391e-02 0.000000000000000000e+00 2.564675797470306051e-01 0.000000000000000000e+00 1.420862050856287447e-04 2.560000000000000000e+02 -4.589000000000000057e+01
0.000000000000000000e+00 4.218912420165465971e-02 3.960246096169794394e-01 9.998059507725366446e-01 0.000000000000000000e+00 2.362338096294132606e-01 3.210108212047192711e-02 0.000000000000000000e+00 0.000000000000000000e+00 2.633161283409616487e-04 9.594344710444202562e-01 7.497453880811657534e-01 0.000000000000000000e+00 0.000000000000000000e+00 1.091535414487312672e-01 0.000000000000000000e+00 1.330737966415549977e-05 9.877326370429631019e-01 6.716388775250353715e-03 2.059156871102276929e-04 0.000000000000000000e+00 1.319298252673548610e-01 2.586058553521732029e-02 1.000000000000000000e+00 8.270541377861996279e-01 6.360639432095801515e-01 4.528488340336950773e-08 3.180773714555821252e-01 3.853207282030815528e-01 5.029082460831155732e-01 6.146915316511265132e-02 7.415832904816489490e-01 2.560000000000000000e+02 -4.282000000000000028e+01
6.173576488854509020e-02 3.350195944818231686e-01 3.237417388492224712e-01 0.000000000000000000e+00 1.138364536543035911e-02 5.766521547981252604e-01 0.000000000000000000e+00 1.000000000000000000e+00 0.000000000000000000e+00 5.281701439941928200e-01 9.746147922313496137e-01 0.000000000000000000e+00 1.277058717847741331e-02 4.031217889522807907e-01 6.089298518826717910e-01 0.000000000000000000e+00 0.000000000000000000e+00 5.225278213758006718e-01 9.363381277993871876e-01 0.000000000000000000e+00 1.309637312069560078e-01 9.304685509404945210e-01 1.000000000000000000e+00 8.765740436258404600e-01 1.000000000000000000e+00 0.000000000000000000e+00 0.000000000000000000e+00 1.335761686616476485e-01 1.922714731436978020e-02 6.137097564376018388e-01 0.000000000000000000e+00 0.000000000000000000e+00 2.560000000000000000e+02 -4.579999999999999716e+01
0.000000000000000000e+00 0.000000000000000000e+00 0.000000000000000000e+00 1.254597993963887104e-01 0.000000000000000000e+00 0.000000000000000000e+00 0.000000000000000000e+00 0.000000000000000000e+00 0.000000000000000000e+00 2.846284981626076571e-01 0.000000000000000000e+00 4.743656694015441211e-02 0.000000000000000000e+00 1.836557321742785520e-01 8.185245715758376298e-05 4.652179961527600494e-01 8.348026444621100550e-01 1.715072632328608522e-04 1.669604302018933525e-07 8.864964901767352634e-01 8.027141765844767463e-01 9.715156371876451091e-01 8.731777565464268198e-01 3.701488836820525652e-01 1.006170546784989073e-01 6.649497403900834769e-01 0.000000000000000000e+00 0.000000000000000000e+00 0.000000000000000000e+00 2.123254870750935098e-03 0.000000000000000000e+00 1.234696313788124361e-02 2.560000000000000000e+02 -3.970999999999999375e+01
0.000000000000000000e+00 0.000000000000000000e+00 0.000000000000000000e+00 1.742635795318803471e-01 0.000000000000000000e+00 3.088252150352122083e-01 0.000000000000000000e+00 5.123367066181346852e-01 0.000000000000000000e+00 0.000000000000000000e+00 2.184608315540696385e-02 0.000000000000000000e+00 6.553859467517653484e-03 0.000000000000000000e+00 8.263739135848720274e-03 5.799416443074056557e-03 0.000000000000000000e+00 1.871450245060437834e-01 0.000000000000000000e+00 0.000000000000000000e+00 0.000000000000000000e+00 0.000000000000000000e+00 9.930340603788193610e-01 1.835955764548006519e-01 2.135833039626971463e-01 1.487277940558678901e-01 0.000000000000000000e+00 4.568369358460239171e-01 0.000000000000000000e+00 7.442562541694464073e-02 0.000000000000000000e+00 2.363534226956473250e-01 2.560000000000000000e+02 -3.851999999999999602e+01
0.000000000000000000e+00 1.276476473236287116e-06 9.710220164252325592e-01 7.101093724527944850e-01 1.835972052548111022e-01 9.503720220418015660e-03 0.000000000000000000e+00 1.291999312536876629e-05 6.683734904079521311e-01 3.782308374523293826e-01 1.000000000000000000e+00 0.000000000000000000e+00 4.304502381348822293e-03 3.083775259742873032e-01 4.749277371379247992e-01 1.190206962920410394e-01 6.855526288250162192e-01 4.376997802620146705e-01 1.794679354774611768e-01 2.159311228610800715e-01 7.945050110051292414e-02 0.000000000000000000e+00 0.000000000000000000e+00 5.449429200265334394e-01 5.522572809718488962e-01 0.000000000000000000e+00 5.234687021964956316e-06 0.000000000000000000e+00 8.177867163060618116e-01 4.604913640078125980e-01 0.000000000000000000e+00 8.340166697806969953e-01 2.560000000000000000e+02 -4.701999999999999602e+01
0.000000000000000000e+00 5.057764511340765434e-01 2.091795442062102444e-04 2.492968463378047173e-01 0.000000000000000000e+00 2.456091032105750527e-01 0.000000000000000000e+00 0.000000000000000000e+00 5.236981258331754319e-01 0.000000000000000000e+00 3.686757999885957315e-01 3.437843941669480596e-01 2.295169475939382725e-02 6.633767102731899512e-02 0.000000000000000000e+00 0.000000000000000000e+00 0.000000000000000000e+00 0.000000000000000000e+00 1.897249374106304307e-04 0.000000000000000000e+00 1.438845676239677296e-01 0.000000000000000000e+00 2.542493771247275602e-01 0.000000000000000000e+00 3.344982037098566396e-02 5.566086126553726476e-01 4.541669994987540537e-01 0.000000000000000000e+00 0.000000000000000000e+00 0.000000000000000000e+00 0.000000000000000000e+00 0.000000000000000000e+00 2.560000000000000000e+02 -3.995499999999999829e+01
1.099965571018932248e-01 0.000000000000000000e+00 0.000000000000000000e+00 0.000000000000000000e+00 0.000000000000000000e+00 0.000000000000000000e+00 0.000000000000000000e+00 0.000000000000000000e+00 0.000000000000000000e+00 0.000000000000000000e+00 1.534925461948407344e-01 8.167126120440151293e-01 0.000000000000000000e+00 5.057766259916905982e-01 1.000000000000000000e+00 0.000000000000000000e+00 0.000000000000000000e+00 5.745726360966657564e-01 6.330912589965351778e-01 0.000000000000000000e+00 0.000000000000000000e+00 0.000000000000000000e+00 2.118127831406303174e-01 1.120070578243224707e-03 5.997605112388429971e-01 0.000000000000000000e+00 0.000000000000000000e+00 2.240704888446223564e-01 2.338630802038368928e-02 0.000000000000000000e+00 0.000000000000000000e+00 0.000000000000000000e+00 2.560000000000000000e+02 -3.543500000000000227e+01
0.000000000000000000e+00 0.000000000000000000e+00 1.255088778437270756e-02 2.730624585901471058e-01 0.000000000000000000e+00 0.000000000000000000e+00 0.000000000000000000e+00 3.034669159007994874e-02 0.000000000000000000e+00 0.000000000000000000e+00 3.914422756872686787e-02 0.000000000000000000e+00 4.501508944438093601e-02 4.884652779358444330e-01 5.474608453877417569e-01 0.000000000000000000e+00 9.547630449848616419e-01 4.645079161067964396e-03 5.168600761737870684e-08 0.000000000000000000e+00 0.000000000000000000e+00 1.075355798989774264e-01 0.000000000000000000e+00 0.000000000000000000e+00 0.000000000000000000e+00 1.207144571656693088e-02 0.000000000000000000e+00 7.641035428035912735e-01 2.689715357604225560e-02 7.410367142796124573e-02 0.000000000000000000e+00 3.702248696217002775e-04 2.560000000000000000e+02 -4.017000000000000171e+01
0.000000000000000000e+00 0.000000000000000000e+00 0.000000000000000000e+00 0.000000000000000000e+00 1.012977940090613593e-01 0.000000000000000000e+00 0.000000000000000000e+00 0.000000000000000000e+00 5.342778446516970037e-02 0.000000000000000000e+00 0.000000000000000000e+00 0.000000000000000000e+00 9.992304421662776548e-01 7.023097467443420623e-03 0.000000000000000000e+00 8.525429646127012928e-01 0.000000000000000000e+00 5.529399167065506687e-02 3.355899696712607433e-02 0.000000000000000000e+00 2.356353260340710298e-01 0.000000000000000000e+00 2.062487558585927860e-01 0.000000000000000000e+00 0.000000000000000000e+00 0.000000000000000000e+00 0.000000000000000000e+00 0.000000000000000000e+00 0.000000000000000000e+00 0.000000000000000000e+00 0.000000000000000000e+00 9.764133060456458013e-01 2.560000000000000000e+02 -4.170499999999999829e+01
0.000000000000000000e+00 0.000000000000000000e+00 5.745493882026387888e-01 3.696548978970446570e-02 0.000000000000000000e+00 0.000000000000000000e+00 0.000000000000000000e+00 6.484250731999612327e-01 0.000000000000000000e+00 9.749260793135962333e-02 6.551489655267201950e-01 0.000000000000000000e+00 0.000000000000000000e+00 6.126860607631510698e-09 0.000000000000000000e+00 0.000000000000000000e+00 2.530559311156083679e-01 0.000000000000000000e+00 6.524304962133847807e-01 1.739074865950422308e-02 2.865935413147245592e-02 0.000000000000000000e+00 7.073013413731954468e-01 9.057261858871370475e-01 2.444379899711834614e-01 0.000000000000000000e+00 0.000000000000000000e+00 2.829976726791546757e-03 0.000000000000000000e+00 7.333278713216750955e-01 9.294851298458346386e-03 4.521727311450601805e-01 2.560000000000000000e+02 -4.635000000000000142e+01
6.851127996538406849e-05 0.000000000000000000e+00 4.147424278371320550e-01 0.000000000000000000e+00 3.700134938198324134e-06 9.601016914898518051e-01 0.000000000000000000e+00 0.000000000000000000e+00 0.000000000000000000e+00 2.501941285942695342e-04 5.962554795668757457e-01 5.447387692261506514e-02 0.000000000000000000e+00 1.000000000000000000e+00 0.000000000000000000e+00 6.518457075254216471e-02 0.000000000000000000e+00 9.492291315105264582e-01 5.380710274920174063e-01 0.000000000000000000e+00 3.273304915695249839e-01 9.998706297908240836e-01 0.000000000000000000e+00 3.524650935804395611e-03 5.934040345409623274e-02 0.000000000000000000e+00 0.000000000000000000e+00 0.000000000000000000e+00 9.864954950187826421e-01 0.000000000000000000e+00 3.772527140535771317e-01 0.000000000000000000e+00 2.560000000000000000e+02 -4.517000000000000171e+01
0.000000000000000000e+00 4.693057141659188330e-02 1.544745993191785904e-01 4.174337328446643403e-01 0.000000000000000000e+00 0.000000000000000000e+00 0.000000000000000000e+00 0.000000000000000000e+00 0.000000000000000000e+00 5.964233420197500024e-01 0.000000000000000000e+00 3.007584022161837492e-05 1.516689271435312236e-01 8.532641007040754344e-01 0.000000000000000000e+00 0.000000000000000000e+00 0.000000000000000000e+00 6.044003649562665892e-01 1.212467579986185222e-03 0.000000000000000000e+00 0.000000000000000000e+00 2.584193009912283401e-01 8.987709802493128348e-04 7.500708877956038800e-02 2.712986875851314816e-01 4.504108129639637914e-01 0.000000000000000000e+00 7.520889188219553878e-02 5.121621182162340302e-01 1.826878105166579169e-01 9.755381708961290144e-02 0.000000000000000000e+00 2.560000000000000000e+02 -4.193500000000000227e+01
0.000000000000000000e+00 1.385093122782064428e-07 9.378434312261215711e-01 5.487741197431945245e-02 1.684197175311017147e-01 3.669743630787627442e-01 0.000000000000000000e+00 0.000000000000000000e+00 3.190830201623700409e-07 8.579800774847151645e-01 9.519946901733521427e-01 0.000000000000000000e+00 3.522306817313153871e-01 2.912058760217055634e-02 1.686731551122536512e-04 0.000000000000000000e+00 3.409786301654061380e-01 9.353437827701244212e-01 0.000000000000000000e+00 5.920781039066452130e-08 1.314420454407583995e-08 7.154172568631669837e-02 9.786486743266441524e-01 8.736329769108706553e-03 1.762910587496069881e-01 0.000000000000000000e+00 3.772075412660201577e-02 3.465655379521174195e-01 2.947121104163993865e-01 7.790623691654278149e-01 0.000000000000000000e+00 1.506331968782071462e-09 2.560000000000000000e+02 -4.265500000000000114e+01
0.000000000000000000e+00 5.995007037790408069e-03 2.234081536541073464e-03 3.588740761732538836e-02 0.000000000000000000e+00 3.255481424342824941e-03 0.000000000000000000e+00 0.000000000000000000e+00 0.000000000000000000e+00 0.000000000000000000e+00 0.000000000000000000e+00 0.000000000000000000e+00 0.000000000000000000e+00 0.000000000000000000e+00 0.000000000000000000e+00 0.000000000000000000e+00 0.000000000000000000e+00 0.000000000000000000e+00 1.415300237378204762e-01 0.000000000000000000e+00 0.000000000000000000e+00 2.975872128342747780e-02 1.000000000000000000e+00 9.992126720723282229e-01 6.409495524487140994e-02 3.934534327998246983e-01 5.564789566403308685e-01 6.103326390920700562e-02 6.516486918809683004e-01 5.004354865236271960e-02 0.000000000000000000e+00 9.613453854113918062e-02 2.560000000000000000e+02 -3.864999999999999858e+01
0.000000000000000000e+00 0.000000000000000000e+00 0.000000000000000000e+00 0.000000000000000000e+00 0.000000000000000000e+00 3.370504215395129233e-01 0.000000000000000000e+00 0.000000000000000000e+00 0.000000000000000000e+00 9.550924639427322838e-01 0.000000000000000000e+00 5.797701751154896166e-02 0.000000000000000000e+00 0.000000000000000000e+00 2.031061476023908741e-01 0.000000000000000000e+00 4.224509307479455966e-01 3.287670242549944333e-01 3.253370238300204442e-01 0.000000000000000000e+00 2.583224998096571995e-02 0.000000000000000000e+00 0.000000000000000000e+00 0.000000000000000000e+00 9.914154077470015425e-01 2.008163798965836942e-03 0.000000000000000000e+00 2.562423335745379546e-02 0.000000000000000000e+00 1.910748415796099942e-02 0.000000000000000000e+00 0.000000000000000000e+00 2.560000000000000000e+02 -3.746500000000000341e+01
1.554324759201213824e-01 6.619789762039159087e-02 9.658022804379750026e-01 0.000000000000000000e+00 0.000000000000000000e+00 7.121715668848644931e-01 0.000000000000000000e+00 3.478429079853397887e-01 9.158443323337644992e-02 3.214470196799334295e-02 4.571075078491914495e-02 0.000000000000000000e+00 8.540268297076594392e-03 0.000000000000000000e+00 0.000000000000000000e+00 0.000000000000000000e+00 9.763842834467970078e-02 5.062084569797328237e-01 5.441882978436219931e-01 0.000000000000000000e+00 7.451678299557706886e-02 0.000000000000000000e+00 0.000000000000000000e+00 4.155367046486914406e-02 8.966185525163165027e-01 0.000000000000000000e+00 0.000000000000000000e+00 5.150237379427140098e-03 1.766945828645719030e-01 0.000000000000000000e+00 0.000000000000000000e+00 3.536324966033622119e-01 2.560000000000000000e+02 -4.578000000000000114e+01
7.255722709037535356e-01 0.000000000000000000e+00 1.248019455792907240e-01 2.757364104055174324e-06 0.000000000000000000e+00 0.000000000000000000e+00 0.000000000000000000e+00 9.322675135923450540e-01 0.000000000000000000e+00 0.000000000000000000e+00 0.000000000000000000e+00 0.000000000000000000e+00 1.330453140424431356e-08 3.942092873846085310e-01 0.000000000000000000e+00 2.754951336726755851e-01 0.000000000000000000e+00 0.000000000000000000e+00 9.381393930417295524e-01 0.000000000000000000e+00 2.339428183137531314e-01 6.342443113640065799e-02 0.000000000000000000e+00 5.327054295032648268e-01 2.860941326977179955e-01 0.000000000000000000e+00 1.710961258637591909e-01 0.000000000000000000e+00 0.000000000000000000e+00 4.430360763349504641e-03 0.000000000000000000e+00 0.000000000000000000e+00 2.560000000000000000e+02 -4.525499999999999545e+01
1.909569266238466539e-02 0.000000000000000000e+00 3.691615493232580896e-05 9.966169103340605240e-01 3.816967559663094617e-02 1.041275235207226972e-02 0.000000000000000000e+00 1.554147358200322904e-01 0.000000000000000000e+00 6.018956736511448663e-02 2.553709277118028087e-01 0.000000000000000000e+00 3.371866959341039693e-02 2.183848138018704976e-01 2.391253320424708076e-02 0.000000000000000000e+00 3.984790709874095477e-02 2.591473539437171847e-01 1.949124093116979817e-01 1.914747926143331169e-01 0.000000000000000000e+00 1.465594939507145478e-01 3.875170203198697871e-01 0.000000000000000000e+00 0.000000000000000000e+00 4.064238616064934362e-02 1.271209440445122953e-06 8.885085076007934735e-01 0.000000000000000000e+00 8.623718074233406305e-01 9.596702133786644542e-06 4.431516181903489282e-01 2.560000000000000000e+02 -4.629999999999999716e+01
0.000000000000000000e+00 0.000000000000000000e+00 0.000000000000000000e+00 0.000000000000000000e+00 0.000000000000000000e+00 4.622474694848855981e-01 0.000000000000000000e+00 0.000000000000000000e+00 1.592276163978335324e-01 2.564203651758214519e-01 0.000000000000000000e+00 0.000000000000000000e+00 0.000000000000000000e+00 0.000000000000000000e+00 0.000000000000000000e+00 1.416671071099778745e-01 0.000000000000000000e+00 0.000000000000000000e+00 0.000000000000000000e+00 0.000000000000000000e+00 2.862874339072812302e-01 0.000000000000000000e+00 0.000000000000000000e+00 0.000000000000000000e+00 0.000000000000000000e+00 0.000000000000000000e+00 0.000000000000000000e+00 0.000000000000000000e+00 5.497073689127246476e-01 8.523593214833072862e-01 0.000000000000000000e+00 0.000000000000000000e+00 2.560000000000000000e+02 -3.672499999999999432e+01
9.105545180775406200e-01 0.000000000000000000e+00 2.868634905855986239e-01 1.808651388533264468e-03 1.086974185536971824e-02 0.000000000000000000e+00 0.000000000000000000e+00 3.799498546859459737e-03 0.000000000000000000e+00 0.000000000000000000e+00 0.000000000000000000e+00 1.040549372191058725e-01 1.266423448696712625e-02 7.097915603462041922e-02 0.000000000000000000e+00 3.663800180691930142e-01 1.333134982319974030e-02 2.383313444695930059e-04 3.235874410296532555e-01 5.293239159958321727e-01 4.826765025797369324e-02 0.000000000000000000e+00 1.035619727256420226e-03 2.101956655712239053e-01 0.000000000000000000e+00 5.010677056973450103e-03 9.689846163484270303e-01 0.000000000000000000e+00 8.755281739032966248e-02 0.000000000000000000e+00 1.694922164486027167e-05 7.197845299902416727e-01 2.560000000000000000e+02 -4.453999999999999915e+01
5.312427741436942519e-01 0.000000000000000000e+00 4.349345942947740844e-03 9.460055874974408752e-02 2.712628755258434943e-01 5.044921557795716271e-01 0.000000000000000000e+00 0.000000000000000000e+00 2.967907844346148760e-04 2.406541389435835898e-02 3.372543828386158626e-01 0.000000000000000000e+00 2.629514303217135862e-01 0.000000000000000000e+00 2.236465374513194289e-08 0.000000000000000000e+00 0.000000000000000000e+00 0.000000000000000000e+00 9.615819134773664345e-01 0.000000000000000000e+00 0.000000000000000000e+00 1.000000000000000000e+00 9.574644299703057027e-02 9.961795250777804034e-01 2.994641138724302154e-01 4.260862772847192059e-01 0.000000000000000000e+00 2.620266444899445046e-01 8.423864857989319874e-04 0.000000000000000000e+00 0.000000000000000000e+00 6.680387529477632702e-01 2.560000000000000000e+02 -4.378000000000000114e+01
0.000000000000000000e+00 0.000000000000000000e+00 8.475830199793968900e-01 0.000000000000000000e+00 0.000000000000000000e+00 0.000000000000000000e+00 0.000000000000000000e+00 0.000000000000000000e+00 4.280055916002112881e-01 0.000000000000000000e+00 6.821667224769711879e-01 0.000000000000000000e+00 0.000000000000000000e+00 6.731386231149481293e-03 7.274952893759777384e-01 0.000000000000000000e+00 9.889789826772576100e-06 0.000000000000000000e+00 8.231503355220844975e-01 0.000000000000000000e+00 8.536241833358193185e-03 3.548364463267735837e-03 4.041489495766461355e-05 0.000000000000000000e+00 0.000000000000000000e+00 2.722459622640842070e-01 1.461557932352392508e-01 6.655253047134526700e-02 0.000000000000000000e+00 1.000000000000000000e+00 1.437442904819647982e-01 0.000000000000000000e+00 2.560000000000000000e+02 -4.146500000000000341e+01
0.000000000000000000e+00 2.596211595383763338e-01 9.349818352697575330e-01 0.000000000000000000e+00 0.000000000000000000e+00 0.000000000000000000e+00 0.000000000000000000e+00 2.247081254922211335e-01 5.966924595744416647e-10 4.975560692719803446e-02 7.850444318485786388e-01 1.529744871768352887e-01 9.999999990338266365e-01 1.295342873562352337e-02 1.164440362113539415e-04 0.000000000000000000e+00 0.000000000000000000e+00 2.903567856353078257e-09 7.223789565593654594e-01 0.000000000000000000e+00 4.364943495710451454e-02 4.457179593464171696e-01 5.273181342463196808e-01 5.649315140328393658e-01 2.024436281380201930e-01 0.000000000000000000e+00 0.000000000000000000e+00 1.271916118959520899e-02 5.466480351349296829e-02 0.000000000000000000e+00 0.000000000000000000e+00 0.000000000000000000e+00 2.560000000000000000e+02 -4.636500000000000199e+01
0.000000000000000000e+00 0.000000000000000000e+00 0.000000000000000000e+00 0.000000000000000000e+00 1.843541265636253756e-01 0.000000000000000000e+00 6.081433872744656730e-03 3.604443828061901778e-01 1.381896653296473820e-01 0.000000000000000000e+00 1.238191705620380473e-01 9.999660274834295537e-01 4.336296560839308367e-01 3.960097855454274285e-01 3.194159704438582215e-01 3.339224885344203586e-01 8.175469031533855180e-01 6.248445762075784948e-01 7.680619431604747138e-01 4.134916567364119722e-01 6.751845317658076995e-02 0.000000000000000000e+00 1.450499555427257337e-01 6.108158107176331342e-01 8.459636430342757363e-01 3.258560254046895255e-02 1.308532396812663035e-01 0.000000000000000000e+00 5.036317659051715856e-02 1.182929096877662654e-05 3.141257351786765906e-01 0.000000000000000000e+00 2.560000000000000000e+02 -4.663000000000000256e+01
0.000000000000000000e+00 0.000000000000000000e+00 0.000000000000000000e+00 0.000000000000000000e+00 1.575806117375360138e-01 1.618364917334977615e-01 0.000000000000000000e+00 7.814463990007582128e-02 0.000000000000000000e+00 9.999998241878104155e-01 0.000000000000000000e+00 0.000000000000000000e+00 0.000000000000000000e+00 0.000000000000000000e+00 0.000000000000000000e+00 0.000000000000000000e+00 8.519174445784123435e-07 0.000000000000000000e+00 8.583230677936694031e-01 0.000000000000000000e+00 1.564274769210181586e-05 2.026188124191398038e-07 0.000000000000000000e+00 0.000000000000000000e+00 7.312107704379114947e-01 0.000000000000000000e+00 5.874821513195353818e-07 0.000000000000000000e+00 4.205068579983105570e-01 0.000000000000000000e+00 0.000000000000000000e+00 0.000000000000000000e+00 2.560000000000000000e+02 -3.690500000000000114e+01
0.000000000000000000e+00 0.000000000000000000e+00 0.000000000000000000e+00 0.000000000000000000e+00 0.000000000000000000e+00 0.000000000000000000e+00 0.000000000000000000e+00 0.000000000000000000e+00 0.000000000000000000e+00 5.651262598750614874e-01 0.000000000000000000e+00 0.000000000000000000e+00 0.000000000000000000e+00 8.090687540324357085e-07 7.474580205065016469e-02 0.000000000000000000e+00 1.972395043676143100e-01 7.091997079778750157e-01 5.269134735672273417e-02 1.978646800761791891e-01 0.000000000000000000e+00 0.000000000000000000e+00 0.000000000000000000e+00 2.749461811336821881e-01 1.333072285084331843e-01 0.000000000000000000e+00 0.000000000000000000e+00 1.544286098262737106e-01 0.000000000000000000e+00 0.000000000000000000e+00 7.725541283092958178e-01 0.000000000000000000e+00 2.560000000000000000e+02 -3.705499999999999972e+01
3.356308052044132406e-02 2.026831562669373643e-01 7.317288141244997490e-01 1.018160352830263168e-02 0.000000000000000000e+00 0.000000000000000000e+00 0.000000000000000000e+00 0.000000000000000000e+00 0.000000000000000000e+00 0.000000000000000000e+00 7.171502609643224391e-01 6.673372111947790952e-02 0.000000000000000000e+00 0.000000000000000000e+00 1.260545404531766278e-01 2.596584784364337088e-13 0.000000000000000000e+00 9.149825721580742144e-01 9.421877669976710390e-01 5.857978393376989112e-01 0.000000000000000000e+00 3.215929422052549724e-01 2.336913553972292668e-01 0.000000000000000000e+00 0.000000000000000000e+00 0.000000000000000000e+00 0.000000000000000000e+00 0.000000000000000000e+00 9.999487165965056379e-01 6.842136557647796602e-01 0.000000000000000000e+00 9.362495620919587599e-06 2.560000000000000000e+02 -4.393500000000000227e+01
0.000000000000000000e+00 0.000000000000000000e+00 7.561883445763349643e-02 0.000000000000000000e+00 0.000000000000000000e+00 0.000000000000000000e+00 9.470603423976728386e-02 1.417489488845571632e-01 0.000000000000000000e+00 0.000000000000000000e+00 0.000000000000000000e+00 2.646643026349313477e-01 0.000000000000000000e+00 0.000000000000000000e+00 0.000000000000000000e+00 0.000000000000000000e+00 6.003685659924890700e-02 0.000000000000000000e+00 3.450300781177140230e-01 0.000000000000000000e+00 9.863072398272930696e-01 2.405340808566047428e-01 0.000000000000000000e+00 0.000000000000000000e+00 1.916419122940992426e-01 0.000000000000000000e+00 9.665428709967444076e-01 0.000000000000000000e+00 0.000000000000000000e+00 0.000000000000000000e+00 0.000000000000000000e+00 0.000000000000000000e+00 2.560000000000000000e+02 -4.643500000000000227e+01
6.121912203122838875e-02 0.000000000000000000e+00 0.000000000000000000e+00 7.826953510915764245e-02 0.000000000000000000e+00 1.912357279475096483e-02 0.000000000000000000e+00 4.442893661022277452e-01 1.157614597653013576e-02 0.000000000000000000e+00 1.943363437901729149e-02 0.000000000000000000e+00 0.000000000000000000e+00 4.218169824187865437e-03 0.000000000000000000e+00 0.000000000000000000e+00 2.539807813842376860e-01 0.000000000000000000e+00 0.000000000000000000e+00 0.000000000000000000e+00 0.000000000000000000e+00 0.000000000000000000e+00 0.000000000000000000e+00 0.000000000000000000e+00 8.613787745293586262e-01 0.000000000000000000e+00 0.000000000000000000e+00 0.000000000000000000e+00 1.315923672926912480e-01 1.730998000813613047e-01 1.449493444814568821e-01 9.536139577369259213e-01 2.560000000000000000e+02 -3.800000000000000000e+01
6.999273987899763405e-01 0.000000000000000000e+00 0.000000000000000000e+00 0.000000000000000000e+00 6.861935086943284912e-01 0.000000000000000000e+00 0.000000000000000000e+00 8.323692197501277867e-01 2.040051157324197506e-01 3.966638189205944354e-01 0.000000000000000000e+00 0.000000000000000000e+00 0.000000000000000000e+00 1.000000000000000000e+00 1.078597956591190038e-01 0.000000000000000000e+00 4.778876666738171020e-01 1.000000000000000000e+00 1.578193579781189959e-01 0.000000000000000000e+00 0.000000000000000000e+00 0.000000000000000000e+00 1.000000000000000000e+00 4.223623268842234268e-01 0.000000000000000000e+00 0.000000000000000000e+00 0.000000000000000000e+00 0.000000000000000000e+00 0.000000000000000000e+00 2.046462818690014118e-01 0.000000000000000000e+00 1.514275777142596591e-01 2.560000000000000000e+02 -4.031000000000000227e+01
0.000000000000000000e+00 0.000000000000000000e+00 6.857460798598637997e-01 7.456811902244092627e-01 4.117227936463856435e-04 2.265883886782100315e-02 0.000000000000000000e+00 0.000000000000000000e+00 1.007300622192042592e-11 0.000000000000000000e+00 4.618288138358974670e-01 3.898901808793791002e-01 4.404652722568953849e-02 2.064711249043231847e-02 0.000000000000000000e+00 0.000000000000000000e+00 5.762135841210964948e-02 1.173756795191370787e-04 5.564485398403565819e-01 3.233310052286158393e-02 1.972420729115714538e-04 0.000000000000000000e+00 0.000000000000000000e+00 5.429001034001661452e-01 5.565820529436575903e-01 8.262068883222783988e-01 4.793120003273180419e-12 8.673427186135891365e-01 9.913005091120424828e-01 2.908776071556310461e-01 0.000000000000000000e+00 2.962686005756271293e-03 2.560000000000000000e+02 -4.428000000000000114e+01
0.000000000000000000e+00 0.000000000000000000e+00 7.767991660318335212e-01 0.000000000000000000e+00 0.000000000000000000e+00 4.357775679023116744e-02 4.703815040184392698e-02 0.000000000000000000e+00 1.206285151786749832e-02 0.000000000000000000e+00 0.000000000000000000e+00 6.930949711950955550e-01 7.708465367839529847e-01 9.419094720015404043e-01 0.000000000000000000e+00 0.000000000000000000e+00 0.000000000000000000e+00 2.100983191272201220e-02 8.288083305562535807e-01 9.250927714375103972e-02 0.000000000000000000e+00 3.034617602936768299e-01 3.133403384875728826e-03 0.000000000000000000e+00 0.000000000000000000e+00 1.390394613155624126e-01 7.749346723322876620e-08 3.146288574746101130e-01 5.019037025074618574e-01 1.657724717967971606e-01 0.000000000000000000e+00 3.230789418675831387e-02 2.560000000000000000e+02 -4.737999999999999545e+01
0.000000000000000000e+00 0.000000000000000000e+00 4.308126642151600960e-02 0.000000000000000000e+00 1.144986496036825840e-01 7.529401434433303786e-01 0.000000000000000000e+00 0.000000000000000000e+00 4.939425552680311131e-03 0.000000000000000000e+00 3.990390789316537457e-01 8.302671322639334495e-01 0.000000000000000000e+00 0.000000000000000000e+00 0.000000000000000000e+00 0.000000000000000000e+00 2.530921294625712581e-02 4.346568324120737015e-01 1.359829005956363340e-03 0.000000000000000000e+00 0.000000000000000000e+00 0.000000000000000000e+00 3.210279169252783227e-01 9.809509504329029170e-03 0.000000000000000000e+00 0.000000000000000000e+00 0.000000000000000000e+00 0.000000000000000000e+00 0.000000000000000000e+00 9.636628634834736307e-01 0.000000000000000000e+00 0.000000000000000000e+00 2.560000000000000000e+02 -3.851500000000000057e+01
1.272833702704033974e-02 0.000000000000000000e+00 0.000000000000000000e+00 0.000000000000000000e+00 0.000000000000000000e+00 9.195983017056864623e-05 1.026416153180691598e-01 0.000000000000000000e+00 0.000000000000000000e+00 0.000000000000000000e+00 0.000000000000000000e+00 0.000000000000000000e+00 0.000000000000000000e+00 2.211649745851604620e-01 0.000000000000000000e+00 0.000000000000000000e+00 0.000000000000000000e+00 0.000000000000000000e+00 0.000000000000000000e+00 0.000000000000000000e+00 0.000000000000000000e+00 0.000000000000000000e+00 1.604073619322650066e-02 6.517263130871002730e-01 3.324712780098731946e-01 0.000000000000000000e+00 0.000000000000000000e+00 0.000000000000000000e+00 7.224716529058107517e-02 0.000000000000000000e+00 0.000000000000000000e+00 2.478205278609305409e-02 2.560000000000000000e+02 -3.522500000000000142e+01
1.951896160966119231e-01 0.000000000000000000e+00 9.959084099099851928e-01 1.966237106918594102e-01 1.417771530139672574e-02 0.000000000000000000e+00 0.000000000000000000e+00 0.000000000000000000e+00 0.000000000000000000e+00 0.000000000000000000e+00 0.000000000000000000e+00 4.749052370581923789e-03 9.999713330657709065e-01 0.000000000000000000e+00 0.000000000000000000e+00 1.039770122414670761e-01 8.328462970869358883e-03 9.746970938414712959e-01 0.000000000000000000e+00 6.986011919146462024e-01 0.000000000000000000e+00 0.000000000000000000e+00 3.359744125950426263e-01 0.000000000000000000e+00 6.283117348759491294e-02 0.000000000000000000e+00 6.170323222337609388e-04 0.000000000000000000e+00 4.627090641461279463e-01 0.000000000000000000e+00 0.000000000000000000e+00 8.381733493766840848e-01 2.560000000000000000e+02 -4.322499999999999432e+01
1.273084279220391135e-01 1.294394591886688373e-01 2.528931809045105727e-01 0.000000000000000000e+00 2.239158682436497602e-05 3.111084921850728116e-02 0.000000000000000000e+00 0.000000000000000000e+00 7.320965936808374597e-01 2.344290544127769317e-05 7.454763021156523006e-01 1.126034006543042004e-01 0.000000000000000000e+00 4.676297412064471248e-01 6.136185596724402780e-01 0.000000000000000000e+00 7.231496402704667981e-01 6.797769051651074098e-05 3.163349704563082621e-01 4.726971419448204592e-02 0.000000000000000000e+00 5.741899458758752406e-01 8.326383434201060085e-01 0.000000000000000000e+00 7.659259384671066595e-01 0.000000000000000000e+00 0.000000000000000000e+00 0.000000000000000000e+00 1.978534385109128324e-01 0.000000000000000000e+00 0.000000000000000000e+00 1.321617874616201556e-07 2.560000000000000000e+02 -4.435000000000000142e+01
0.000000000000000000e+00 3.136963278157121615e-01 1.315658759541928761e-05 4.052208069937199286e-01 3.539963722124755408e-01 0.000000000000000000e+00 1.427415942336242305e-01 0.000000000000000000e+00 0.000000000000000000e+00 0.000000000000000000e+00 7.139927635041050102e-01 0.000000000000000000e+00 0.000000000000000000e+00 0.000000000000000000e+00 0.000000000000000000e+00 0.000000000000000000e+00 2.408115033559925233e-02 0.000000000000000000e+00 0.000000000000000000e+00 0.000000000000000000e+00 0.000000000000000000e+00 6.353934729815088334e-01 0.000000000000000000e+00 0.000000000000000000e+00 0.000000000000000000e+00 0.000000000000000000e+00 9.960675023657392657e-01 6.278485068385057932e-01 0.000000000000000000e+00 0.000000000000000000e+00 0.000000000000000000e+00 4.363089687966105468e-02 2.560000000000000000e+02 -3.940999999999999659e+01
0.000000000000000000e+00 0.000000000000000000e+00 1.850972391620492319e-01 4.289479004985551902e-01 0.000000000000000000e+00 5.263357060068445392e-01 0.000000000000000000e+00 0.000000000000000000e+00 4.066312626715215539e-01 0.000000000000000000e+00 0.000000000000000000e+00 0.000000000000000000e+00 5.168232667093549532e-02 2.015541193567562117e-01 0.000000000000000000e+00 0.000000000000000000e+00 0.000000000000000000e+00 1.000000000000000000e+00 8.990949248334968447e-01 8.278979545650153593e-01 0.000000000000000000e+00 0.000000000000000000e+00 1.000000000000000000e+00 3.904172551616935105e-01 1.000000000000000000e+00 0.000000000000000000e+00 0.000000000000000000e+00 7.761310624833627761e-04 0.000000000000000000e+00 7.868471794058086166e-01 6.518688009455939070e-02 2.727872109210364993e-02 2.560000000000000000e+02 -4.383499999999999375e+01
0.000000000000000000e+00 0.000000000000000000e+00 3.912497666536968004e-03 0.000000000000000000e+00 3.637324524537023929e-01 0.000000000000000000e+00 0.000000000000000000e+00 0.000000000000000000e+00 0.000000000000000000e+00 0.000000000000000000e+00 3.679251069603361457e-01 0.000000000000000000e+00 0.000000000000000000e+00 0.000000000000000000e+00 0.000000000000000000e+00 0.000000000000000000e+00 0.000000000000000000e+00 0.000000000000000000e+00 3.237116741613059734e-01 0.000000000000000000e+00 0.000000000000000000e+00 6.287746404469524153e-01 3.592837254844732757e-03 0.000000000000000000e+00 3.376988109112871034e-02 0.000000000000000000e+00 0.000000000000000000e+00 0.000000000000000000e+00 1.874158897421323300e-01 1.730864310298592390e-01 0.000000000000000000e+00 1.069362685571558502e-01 2.560000000000000000e+02 -3.859499999999999886e+01
0.000000000000000000e+00 0.000000000000000000e+00 1.365378084370821032e-01 1.000000000000000000e+00 5.806791031083495813e-01 0.000000000000000000e+00 0.000000000000000000e+00 9.384081760782145287e-02 1.101222097893439639e-01 1.172951595170825673e-02 4.574265918608358961e-01 2.343725270587853349e-01 0.000000000000000000e+00 1.695822126814726383e-01 0.000000000000000000e+00 0.000000000000000000e+00 1.000000000000000000e+00 0.000000000000000000e+00 1.668396881288938035e-03 0.000000000000000000e+00 0.000000000000000000e+00 4.118330124412503124e-02 0.000000000000000000e+00 1.760771789233942231e-01 3.614279254434653034e-06 0.000000000000000000e+00 0.000000000000000000e+00 0.000000000000000000e+00 6.908533572941347178e-02 4.327086513445356220e-01 0.000000000000000000e+00 0.000000000000000000e+00 2.560000000000000000e+02 -4.098499999999999943e+01
5.624239875857615228e-03 2.711032076378668276e-01 0.000000000000000000e+00 0.000000000000000000e+00 0.000000000000000000e+00 1.655672687611291494e-01 0.000000000000000000e+00 0.000000000000000000e+00 2.320416103653520357e-01 0.000000000000000000e+00 8.875371451055543703e-01 8.636038918323836466e-02 1.621114055006002697e-01 0.000000000000000000e+00 1.493940550821926116e-01 0.000000000000000000e+00 3.044670214896811472e-02 7.374735101280506869e-03 8.976525788367990533e-01 9.459551751548235243e-01 0.000000000000000000e+00 0.000000000000000000e+00 2.939518733619479463e-01 5.679900098570882239e-02 2.021734739859710545e-05 0.000000000000000000e+00 0.000000000000000000e+00 0.000000000000000000e+00 0.000000000000000000e+00 6.993753374676506818e-01 0.000000000000000000e+00 0.000000000000000000e+00 2.560000000000000000e+02 -4.262500000000000000e+01
0.000000000000000000e+00 2.722566964090276653e-01 3.703770762294560370e-01 0.000000000000000000e+00 0.000000000000000000e+00 6.432859267746671161e-02 0.000000000000000000e+00 0.000000000000000000e+00 0.000000000000000000e+00 0.000000000000000000e+00 5.877029421696916556e-01 2.275797952498567756e-01 0.000000000000000000e+00 3.057115398763979863e-01 0.000000000000000000e+00 7.213831864513657599e-02 0.000000000000000000e+00 9.791647389415072955e-02 3.768961598047039785e-01 0.000000000000000000e+00 0.000000000000000000e+00 1.282479957139276081e-02 0.000000000000000000e+00 8.433304746013650099e-01 0.000000000000000000e+00 2.869230430851610891e-01 1.904562685463555977e-02 6.366045927586189146e-01 7.917532531586276266e-05 0.000000000000000000e+00 0.000000000000000000e+00 0.000000000000000000e+00 2.560000000000000000e+02 -4.228000000000000114e+01
0.000000000000000000e+00 0.000000000000000000e+00 0.000000000000000000e+00 0.000000000000000000e+00 3.320501678655931644e-05 1.416418880437883034e-02 0.000000000000000000e+00 1.000000000000000000e+00 0.000000000000000000e+00 1.000000000000000000e+00 0.000000000000000000e+00 0.000000000000000000e+00 0.000000000000000000e+00 0.000000000000000000e+00 0.000000000000000000e+00 0.000000000000000000e+00 7.863973408832805045e-01 0.000000000000000000e+00 8.465527134673100917e-01 0.000000000000000000e+00 0.000000000000000000e+00 0.000000000000000000e+00 2.662554069320838823e-01 5.880613157503096211e-01 0.000000000000000000e+00 9.085226194616516926e-01 0.000000000000000000e+00 1.550018736039521228e-02 8.896836450946641328e-01 1.103562371629467076e-01 0.000000000000000000e+00 0.000000000000000000e+00 2.560000000000000000e+02 -4.006000000000000227e+01
6.634396904245927207e-01 0.000000000000000000e+00 5.313976397740349106e-02 1.562495692804684033e-01 0.000000000000000000e+00 0.000000000000000000e+00 0.000000000000000000e+00 5.158311448449320880e-02 1.845973823721169527e-01 9.712811069124909213e-01 3.013992385937081520e-01 1.000000000000000000e+00 6.797909248379930824e-01 0.000000000000000000e+00 1.177738623189361900e-01 1.044708735340740685e-01 1.277389304279608062e-01 7.371248245854075121e-01 3.874234843544018259e-01 0.000000000000000000e+00 0.000000000000000000e+00 4.749741185355099149e-01 3.795508302557664693e-01 9.465442356184584627e-01 3.610738070147120893e-02 0.000000000000000000e+00 4.406772791471640603e-03 1.407137107807538978e-01 5.272202678346596949e-01 2.933448229829184184e-01 0.000000000000000000e+00 5.300922303051501874e-04 2.560000000000000000e+02 -4.612500000000000000e+01
1.219130285837070199e-01 0.000000000000000000e+00 7.398187209661522164e-03 2.088164115190251635e-01 0.000000000000000000e+00 1.238327806440669282e-01 0.000000000000000000e+00 0.000000000000000000e+00 0.000000000000000000e+00 0.000000000000000000e+00 0.000000000000000000e+00 0.000000000000000000e+00 0.000000000000000000e+00 0.000000000000000000e+00 0.000000000000000000e+00 0.000000000000000000e+00 5.405587648271754902e-06 0.000000000000000000e+00 0.000000000000000000e+00 0.000000000000000000e+00 1.255017240743779294e-01 6.950871059718868048e-04 0.000000000000000000e+00 0.000000000000000000e+00 4.247443365501440797e-03 0.000000000000000000e+00 0.000000000000000000e+00 0.000000000000000000e+00 0.000000000000000000e+00 4.700053162452381278e-02 0.000000000000000000e+00 3.217873372765306383e-01 2.560000000000000000e+02 -3.802499999999999858e+01
